threshold_set,threshold,image,idx,cls,conf,type,ref_gt,size,n_obj,x1,y1,x2,y2,brightness,size_bin,objects_bin,brightness_bin,fp
conf0.25,0.25,1181.png,0,Truck w/Box,0.6869722604751587,TP,22,38.4931203062513,33,466.0283203125,345.8824462890625,515.0386962890625,376.115234375,52.75,"[32, 48)","[31, 76)","[45, 59)",False
conf0.25,0.25,1181.png,1,Truck w/Box,0.6673003435134888,both,17,34.450100909724256,33,536.68798828125,202.10125732421875,585.7933349609375,226.2698974609375,59.41600036621094,"[32, 48)","[31, 76)","[59, 82)",True
conf0.25,0.25,1181.png,2,Cargo Truck,0.6352745890617371,bkg,-1,17.637416589606218,33,135.83474731445312,807.1233711242676,151.77365112304688,826.6403007507324,62.38823699951172,"[16, 24)","[31, 76)","[59, 82)",True
conf0.25,0.25,1181.png,3,Truck w/Box,0.5872371196746826,bkg,-1,32.880854321970226,33,627.415283203125,416.3917846679688,672.90234375,440.16009521484375,53.21913146972656,"[32, 48)","[31, 76)","[45, 59)",True
conf0.25,0.25,1181.png,4,Truck w/Box,0.5838216543197632,bkg,-1,40.0817438474433,33,392.2107543945313,118.94625854492188,423.8204956054688,169.77066040039062,49.69651412963867,"[32, 48)","[31, 76)","[45, 59)",True
conf0.25,0.25,1181.png,5,Truck w/Box,0.5222674012184143,bkg,-1,35.721280152276464,33,616.2064208984375,396.9053955078125,669.6871337890625,420.7646484375,57.746665954589844,"[32, 48)","[31, 76)","[45, 59)",True
conf0.25,0.25,1181.png,6,Truck w/Box,0.5147669315338135,TP,20,32.626710157223314,33,456.7804565429688,313.8498229980469,502.26507568359375,337.2533874511719,60.933616638183594,"[32, 48)","[31, 76)","[59, 82)",False
conf0.25,0.25,1181.png,7,Truck w/Box,0.5131186246871948,TP,24,31.763695151083525,33,483.8327026367188,377.3246765136719,530.281005859375,399.0462951660156,51.7717399597168,"[24, 32)","[31, 76)","[45, 59)",False
conf0.25,0.25,1181.png,8,Cargo Truck,0.5081660747528076,cls,32,34.06356553772864,33,67.29560852050781,614.9263916015625,113.0806884765625,640.269287109375,56.57368087768555,"[32, 48)","[31, 76)","[45, 59)",True
conf0.25,0.25,1181.png,9,Truck w/Box,0.5044349431991577,TP,19,35.056062582551824,33,437.03759765625,284.19854736328125,490.115966796875,307.35162353515625,62.761573791503906,"[32, 48)","[31, 76)","[59, 82)",False
conf0.25,0.25,1181.png,10,Truck w/Box,0.4889634549617767,TP,18,32.81284481049064,33,431.2950744628906,264.7464599609375,483.8556213378906,285.2310791015625,58.06861114501953,"[32, 48)","[31, 76)","[45, 59)",False
conf0.25,0.25,1181.png,11,Truck Tractor,0.4530744254589081,bkg,-1,36.37526434133769,33,536.8819580078125,365.8694458007813,566.4058837890625,410.68597412109375,48.673912048339844,"[32, 48)","[31, 76)","[45, 59)",True
conf0.25,0.25,1181.png,12,Cargo Truck,0.4060038030147552,both,32,39.958646902640105,33,71.99031066894531,624.4266357421875,119.64134216308594,657.9346923828125,45.6890754699707,"[32, 48)","[31, 76)","[45, 59)",True
conf0.25,0.25,1181.png,13,Truck w/Box,0.3591382801532745,bkg,-1,35.77202896757521,33,627.3382568359375,428.1340942382813,680.3228759765625,452.28521728515625,50.461483001708984,"[32, 48)","[31, 76)","[45, 59)",True
conf0.25,0.25,1181.png,14,Truck w/Box,0.3349913954734802,bkg,-1,21.62675822885111,33,276.7203063964844,335.00439453125,300.8567199707031,354.3824462890625,57.49599838256836,"[16, 24)","[31, 76)","[45, 59)",True
conf0.25,0.25,1181.png,15,Cargo Truck,0.3262689113616943,bkg,-1,23.804781897294784,33,314.251953125,398.69091796875,343.9227294921875,417.7894287109375,53.72833251953125,"[16, 24)","[31, 76)","[45, 59)",True
conf0.25,0.25,1181.png,16,Truck w/Flatbed,0.3222472369670868,both,14,34.19346469791675,33,503.0916137695313,141.298583984375,546.7987670898438,168.0491943359375,49.844966888427734,"[32, 48)","[31, 76)","[45, 59)",True
conf0.25,0.25,1181.png,17,Cargo Truck,0.2940202355384826,bkg,-1,19.72812272652973,33,326.3048095703125,408.7801513671875,349.4031982421875,425.6297607421875,51.53703689575195,"[16, 24)","[31, 76)","[45, 59)",True
conf0.25,0.25,1181.png,18,Truck w/Flatbed,0.2936564087867737,both,14,35.91745911133445,33,513.08544921875,160.8206787109375,560.531494140625,188.01080322265625,43.93893814086914,"[32, 48)","[31, 76)","[-inf, 45)",True
conf0.25,0.25,1181.png,19,Truck w/Box,0.2856427729129791,loc,24,31.45428433155392,33,488.1032104492188,393.4232177734375,530.4483032226562,416.7877197265625,55.437984466552734,"[24, 32)","[31, 76)","[45, 59)",True
conf0.25,0.25,1181.png,20,Truck w/Box,0.2597409188747406,bkg,-1,33.41633855967,33,359.7846069335937,220.70523071289065,404.96820068359375,245.41888427734372,50.237457275390625,"[32, 48)","[31, 76)","[45, 59)",True
conf0.25,0.25,1181.png,21,Truck w/Flatbed,0.2570421099662781,bkg,-1,37.46064049421041,33,537.3199462890625,366.058837890625,568.1788330078125,411.5335693359375,49.16372299194336,"[32, 48)","[31, 76)","[45, 59)",True
conf0.25,0.25,1206.png,0,Truck w/Box,0.8512219190597534,bkg,-1,39.23534966355415,97,2165.1993408203125,1811.961669921875,2217.5294189453125,1841.3790283203125,57.86305618286133,"[32, 48)","[97, inf)","[45, 59)",True
conf0.25,0.25,1206.png,1,Truck w/Box,0.8172340393066406,bkg,-1,27.841871369207695,97,1510.6563720703125,2155.180450439453,1546.2337646484375,2176.968719482422,80.42506408691406,"[24, 32)","[97, inf)","[59, 82)",True
conf0.25,0.25,1206.png,2,Truck w/Box,0.8056721687316895,cls,33,28.437476491394385,97,1539.3756103515625,2165.810333251953,1575.8951416015625,2187.954376220703,108.19624328613281,"[24, 32)","[97, inf)","[82, inf)",True
conf0.25,0.25,1206.png,3,Truck w/Box,0.7857750654220581,bkg,-1,39.122558117263964,97,1478.61328125,2513.88720703125,1528.454345703125,2544.5963134765625,82.72794342041016,"[32, 48)","[97, inf)","[82, inf)",True
conf0.25,0.25,1206.png,4,Truck w/Box,0.7812700271606445,bkg,-1,40.22967143028685,97,1824.4832763671875,1984.311134338379,1873.159912109375,2017.5596618652344,75.61529541015625,"[32, 48)","[97, inf)","[59, 82)",True
conf0.25,0.25,1206.png,5,Truck w/Box,0.7804936170578003,bkg,-1,35.909358051931115,97,2520.19775390625,2054.7334899902344,2560.0,2087.1307067871094,73.77867889404297,"[32, 48)","[97, inf)","[59, 82)",True
conf0.25,0.25,1206.png,6,Truck w/Box,0.7727474570274353,cls,57,39.46183616609538,97,1109.8055419921875,2733.2807006835938,1158.7766723632812,2765.0797729492188,75.38363647460938,"[32, 48)","[97, inf)","[59, 82)",True
conf0.25,0.25,1206.png,7,Cargo Truck,0.7667700052261353,bkg,-1,19.38014180189846,97,1084.4385375976562,2655.326416015625,1100.7418823242188,2678.364013671875,86.125,"[16, 24)","[97, inf)","[82, inf)",True
conf0.25,0.25,1206.png,8,Truck w/Box,0.7642715573310852,cls,32,29.69980610371134,97,2276.332763671875,1784.374969482422,2313.697509765625,1807.982208251953,77.90351104736328,"[24, 32)","[97, inf)","[59, 82)",True
conf0.25,0.25,1206.png,9,Truck w/Box,0.7638944387435913,cls,69,40.029848568556275,97,2391.4129638671875,2051.629150390625,2443.3048095703125,2082.508544921875,61.78950500488281,"[32, 48)","[97, inf)","[59, 82)",True
conf0.25,0.25,1206.png,10,Truck w/Box,0.761357307434082,bkg,-1,37.655259860938465,97,1456.0264892578125,2326.4776611328125,1484.9732666015625,2375.461303710937,90.6806869506836,"[32, 48)","[97, inf)","[82, inf)",True
conf0.25,0.25,1206.png,11,Truck w/Box,0.7524512410163879,cls,84,37.458846040801745,97,1395.873046875,2307.3165283203125,1427.275634765625,2351.9996337890625,91.41683197021484,"[32, 48)","[97, inf)","[82, inf)",True
conf0.25,0.25,1206.png,12,Truck w/Box,0.7454030513763428,both,76,38.70307169584501,97,1192.4676208496094,2662.351623535156,1245.4412536621094,2690.6284790039062,79.27586364746094,"[32, 48)","[97, inf)","[59, 82)",True
conf0.25,0.25,1206.png,13,Truck w/Box,0.7403489351272583,cls,62,35.261075480188104,97,2140.559814453125,2181.347595214844,2186.821655273437,2208.2238159179688,70.1086654663086,"[32, 48)","[97, inf)","[59, 82)",True
conf0.25,0.25,1206.png,14,Cargo Truck,0.7329160571098328,TP,1,18.99606394309471,97,1284.2413330078125,1547.11328125,1301.2196044921875,1568.366943359375,77.87625885009766,"[16, 24)","[97, inf)","[59, 82)",False
conf0.25,0.25,1206.png,15,Cargo Truck,0.725242555141449,TP,34,39.160993989655076,97,2294.059936523437,772.9388427734375,2324.5615234375,823.2176513671875,71.38213348388672,"[32, 48)","[97, inf)","[59, 82)",False
conf0.25,0.25,1206.png,16,Truck w/Box,0.7166704535484314,bkg,-1,37.30311559213895,97,1769.454360961914,2014.4342651367188,1816.0296630859373,2044.3110961914065,69.26948547363281,"[32, 48)","[97, inf)","[59, 82)",True
conf0.25,0.25,1206.png,17,Truck w/Box,0.7025882601737976,cls,76,26.087916173206295,97,1209.208740234375,2677.115966796875,1238.9278564453125,2700.016357421875,84.66944122314453,"[24, 32)","[97, inf)","[82, inf)",True
conf0.25,0.25,1206.png,18,Truck w/Box,0.7016737461090088,cls,80,34.4273821296367,97,1972.6956481933596,2071.741180419922,1997.116241455078,2120.2758178710938,68.30076599121094,"[32, 48)","[97, inf)","[59, 82)",True
conf0.25,0.25,1206.png,19,Truck w/Box,0.6953584551811218,cls,71,39.13488710113008,97,2018.4444580078125,1966.4000244140625,2053.8709716796875,2009.6314697265625,84.44949340820312,"[32, 48)","[97, inf)","[82, inf)",True
conf0.25,0.25,1206.png,20,Cargo Truck,0.6951042413711548,bkg,-1,17.623421622850117,97,1741.889404296875,1410.9487915039062,1758.2666015625,1429.9132690429688,57.849998474121094,"[16, 24)","[97, inf)","[45, 59)",True
conf0.25,0.25,1206.png,21,Truck w/Box,0.6925916075706482,cls,46,38.42906456938969,97,1363.2867431640625,2303.6273803710938,1394.251708984375,2351.3197631835938,83.22129821777344,"[32, 48)","[97, inf)","[82, inf)",True
conf0.25,0.25,1206.png,22,Truck w/Box,0.6900591850280762,bkg,-1,34.516300903038506,97,2428.335327148437,2029.8005981445312,2470.673828125,2057.9398803710938,69.9903793334961,"[32, 48)","[97, inf)","[59, 82)",True
conf0.25,0.25,1206.png,23,Truck w/Box,0.6888912320137024,cls,77,35.410343936816226,97,1987.237548828125,1808.5259399414065,2014.2369995117188,1854.9673461914065,61.471885681152344,"[32, 48)","[97, inf)","[59, 82)",True
conf0.25,0.25,1206.png,24,Truck w/Box,0.6735895276069641,cls,51,33.66004027995443,97,2518.942138671875,1991.989921569824,2560.0,2019.5850830078125,65.59359741210938,"[32, 48)","[97, inf)","[59, 82)",True
conf0.25,0.25,1206.png,25,Truck w/Box,0.6721819043159485,both,95,39.68803789382533,97,1363.204345703125,2219.579345703125,1412.92919921875,2251.2564697265625,96.99151611328125,"[32, 48)","[97, inf)","[82, inf)",True
conf0.25,0.25,1206.png,26,Truck w/Box,0.666395902633667,bkg,-1,35.96764853446829,97,13.988906860351562,0.4318485260009765,62.30632781982422,27.20628547668457,60.52642822265625,"[32, 48)","[97, inf)","[59, 82)",True
conf0.25,0.25,1206.png,27,Truck w/Box,0.6615484952926636,cls,58,40.234662461596464,97,1677.3847045898438,1941.888458251953,1712.6250610351562,1987.825225830078,67.93144226074219,"[32, 48)","[97, inf)","[59, 82)",True
conf0.25,0.25,1206.png,28,Truck w/Box,0.6587622761726379,bkg,-1,38.29030318294236,97,2289.169647216797,901.0372009277344,2318.5188903808594,950.9924011230468,48.9119987487793,"[32, 48)","[97, inf)","[45, 59)",True
conf0.25,0.25,1206.png,29,Truck w/Box,0.6391028165817261,bkg,-1,36.13555609447377,97,1879.6539611816409,1877.4263916015625,1908.3942565917969,1922.860107421875,71.84782409667969,"[32, 48)","[97, inf)","[59, 82)",True
conf0.25,0.25,1206.png,30,Truck w/Box,0.6295726895332336,both,63,24.9033028810583,97,2247.1630859375,1801.5494995117188,2278.81591796875,1821.142517089844,79.98809814453125,"[24, 32)","[97, inf)","[59, 82)",True
conf0.25,0.25,1206.png,31,Truck w/Box,0.6135916113853455,cls,65,36.12155508739107,97,2597.227294921875,1948.703186035156,2643.87939453125,1976.6712036132808,64.3572998046875,"[32, 48)","[97, inf)","[59, 82)",True
conf0.25,0.25,1206.png,32,Truck w/Box,0.6097928285598755,cls,75,38.508689012108,97,1703.109130859375,2081.10205078125,1754.7003173828125,2109.845703125,74.21418762207031,"[32, 48)","[97, inf)","[59, 82)",True
conf0.25,0.25,1206.png,33,Truck w/Box,0.6083207726478577,bkg,-1,23.944873672222705,97,1801.2064819335938,787.0130424499512,1832.5220336914065,805.3220596313477,91.53453826904297,"[16, 24)","[97, inf)","[82, inf)",True
conf0.25,0.25,1206.png,34,Truck w/Box,0.5996680855751038,bkg,-1,23.899696692507895,97,1868.0,1832.819274902344,1881.8405284881592,1874.0890502929688,97.56810760498047,"[16, 24)","[97, inf)","[82, inf)",True
conf0.25,0.25,1206.png,35,Truck w/Box,0.5892321467399597,bkg,-1,43.25663103075962,97,1674.2327270507812,2061.2046661376958,1726.4931030273438,2097.008773803711,64.7878646850586,"[32, 48)","[97, inf)","[59, 82)",True
conf0.25,0.25,1206.png,36,Cargo Truck,0.5802368521690369,TP,87,29.060012595572864,97,1221.8958435058594,2689.42138671875,1246.9049377441406,2723.1884765625,61.17582321166992,"[24, 32)","[97, inf)","[59, 82)",False
conf0.25,0.25,1206.png,37,Cargo Truck,0.5787976384162903,bkg,-1,18.82174000724123,97,730.4818725585938,2846.858764648437,748.5121459960938,2866.5067138671875,59.51378631591797,"[16, 24)","[97, inf)","[59, 82)",True
conf0.25,0.25,1206.png,38,Truck w/Box,0.576471209526062,both,84,47.706585072950084,97,1397.9906616210938,2280.8599243164062,1440.9469604492188,2333.842102050781,85.27525329589844,"[32, 48)","[97, inf)","[82, inf)",True
conf0.25,0.25,1206.png,39,Truck w/Box,0.5633193254470825,bkg,-1,36.97561673644116,97,793.2167434692383,1143.64697265625,844.3912200927734,1170.3633422851562,75.301513671875,"[32, 48)","[97, inf)","[59, 82)",True
conf0.25,0.25,1206.png,40,Cargo Truck,0.5618067383766174,bkg,-1,29.840802646471566,97,240.43589782714844,334.51129150390625,276.6221923828125,359.11932373046875,51.49896240234375,"[24, 32)","[97, inf)","[45, 59)",True
conf0.25,0.25,1206.png,41,Truck w/Box,0.5604453682899475,bkg,-1,20.72553314459679,97,1751.262939453125,2182.491271972656,1774.65771484375,2200.8521118164062,76.80482482910156,"[16, 24)","[97, inf)","[59, 82)",True
conf0.25,0.25,1206.png,42,Cargo Truck,0.548412024974823,bkg,-1,17.786672941805627,97,1729.1953125,1419.175537109375,1745.7491455078125,1438.286865234375,59.52647018432617,"[16, 24)","[97, inf)","[59, 82)",True
conf0.25,0.25,1206.png,43,Truck w/Box,0.5477820634841919,bkg,-1,24.427846083427948,97,1512.0008544921875,2180.0194396972656,1541.8148193359375,2200.034210205078,108.03809356689453,"[24, 32)","[97, inf)","[82, inf)",True
conf0.25,0.25,1206.png,44,Truck w/Box,0.5445729494094849,cls,42,30.888333258761055,97,2310.6629638671875,990.3384399414062,2344.553771972656,1018.4902954101562,59.108375549316406,"[24, 32)","[97, inf)","[45, 59)",True
conf0.25,0.25,1206.png,45,Truck w/Box,0.5421122312545776,bkg,-1,33.342212019230814,97,934.1491394042968,1167.6073608398438,955.4185485839844,1219.8750610351562,46.59090805053711,"[32, 48)","[97, inf)","[45, 59)",True
conf0.25,0.25,1206.png,46,Cargo Truck,0.5401214361190796,TP,30,35.135859748556506,97,2230.5860595703125,708.67041015625,2255.0653076171875,759.10205078125,73.41123962402344,"[32, 48)","[97, inf)","[59, 82)",False
conf0.25,0.25,1206.png,47,Cargo Truck,0.5320979356765747,bkg,-1,20.95254562737545,97,2619.5810546875,2237.061767578125,2650.55908203125,2251.2333984375,81.47083282470703,"[16, 24)","[97, inf)","[59, 82)",True
conf0.25,0.25,1206.png,48,Truck w/Box,0.5281184911727905,both,90,38.62956219346832,97,1930.7813720703125,1983.7454223632808,1958.8090209960935,2036.987243652344,62.446998596191406,"[32, 48)","[97, inf)","[59, 82)",True
conf0.25,0.25,1206.png,49,Truck w/Box,0.5241715908050537,both,49,39.256574575919274,97,2420.8111572265625,1705.9618530273438,2470.9937744140625,1736.6712646484375,57.2469367980957,"[32, 48)","[97, inf)","[45, 59)",True
conf0.25,0.25,1206.png,50,Truck w/Box,0.5188896059989929,both,82,49.04152715745044,97,1335.2575073242188,2262.9384765625,1400.7327270507812,2299.6710205078125,80.15510559082031,"[48, 96)","[97, inf)","[59, 82)",True
conf0.25,0.25,1206.png,51,Truck w/Flatbed,0.5162644386291504,both,72,42.1916966576193,97,2469.82763671875,1679.017578125,2520.23291015625,1714.3341064453125,56.45085525512695,"[32, 48)","[97, inf)","[45, 59)",True
conf0.25,0.25,1206.png,52,Truck w/Box,0.5133618116378784,bkg,-1,23.629659093800512,97,1670.7744140625,2084.692337036133,1699.378173828125,2104.212875366211,45.24761962890625,"[16, 24)","[97, inf)","[-inf, 45)",True
conf0.25,0.25,1206.png,53,Cargo Truck,0.5085138082504272,bkg,-1,14.955484090562853,97,2611.6119384765625,2220.189453125,2623.492553710937,2239.015625,107.95769500732422,"[8, 16)","[97, inf)","[82, inf)",True
conf0.25,0.25,1206.png,54,Truck w/Box,0.5058267116546631,bkg,-1,30.196452099563622,97,923.5953826904296,1169.9407958984375,941.2519378662108,1221.5831298828125,52.18272018432617,"[24, 32)","[97, inf)","[45, 59)",True
conf0.25,0.25,1206.png,55,Cargo Truck,0.5020368099212646,TP,88,29.822883059746953,97,2262.1143798828125,769.5184516906738,2286.843994140625,805.4836044311523,74.06702423095703,"[24, 32)","[97, inf)","[59, 82)",False
conf0.25,0.25,1206.png,56,Cargo Truck,0.5011107921600342,bkg,-1,18.597451644720227,97,2672.9259643554688,1938.0429306030276,2695.1091918945312,1953.6342239379885,64.7578125,"[16, 24)","[97, inf)","[59, 82)",True
conf0.25,0.25,1206.png,57,Truck w/Box,0.4961331784725189,bkg,-1,36.391477865164745,97,1399.8709106445312,2239.7822265625,1447.9437866210938,2267.330810546875,67.40042114257812,"[32, 48)","[97, inf)","[59, 82)",True
conf0.25,0.25,1206.png,58,Truck w/Box,0.4921476244926452,bkg,-1,39.94640355361294,97,1062.3214721679688,2726.551025390625,1114.2783813476562,2757.2633056640625,65.0630874633789,"[32, 48)","[97, inf)","[59, 82)",True
conf0.25,0.25,1206.png,59,Truck w/Flatbed,0.4913806021213531,cls,45,36.77368433751765,97,2640.882080078125,1817.197998046875,2668.2470703125,1866.615295410156,28.878620147705078,"[32, 48)","[97, inf)","[-inf, 45)",True
conf0.25,0.25,1206.png,60,Truck w/Box,0.4908767342567444,bkg,-1,25.751795601968773,97,1351.1588134765625,2246.9139404296875,1380.7008056640625,2269.36181640625,85.82083129882812,"[24, 32)","[97, inf)","[82, inf)",True
conf0.25,0.25,1206.png,61,Cargo Truck,0.4817557036876678,TP,61,20.268975432731335,97,2514.983764648437,1536.0,2536.1883544921875,1555.3746433258057,55.752174377441406,"[16, 24)","[97, inf)","[45, 59)",False
conf0.25,0.25,1206.png,62,Cargo Truck,0.4756966531276703,TP,14,17.523343932734896,97,1673.9334716796875,185.90110778808597,1694.9439697265625,200.5160675048828,98.74431610107422,"[16, 24)","[97, inf)","[82, inf)",False
conf0.25,0.25,1206.png,63,Cargo Truck,0.4748868346214294,bkg,-1,15.70817071879409,97,1260.9163208007812,2605.865478515625,1273.2639770507812,2625.8487548828125,110.0544204711914,"[8, 16)","[97, inf)","[82, inf)",True
conf0.25,0.25,1206.png,64,Truck w/Liquid,0.4730661809444427,bkg,-1,28.659518193055643,97,1857.2290649414065,1840.61181640625,1881.9943237304688,1873.7779541015625,88.14470672607422,"[24, 32)","[97, inf)","[82, inf)",True
conf0.25,0.25,1206.png,65,Cargo Truck,0.4712999761104584,bkg,-1,20.9215730398895,97,1755.097412109375,2360.3214721679688,1777.4326171875,2379.918884277344,67.954345703125,"[16, 24)","[97, inf)","[59, 82)",True
conf0.25,0.25,1206.png,66,Cargo Truck,0.4693411588668823,TP,47,30.438979087469747,97,2247.129150390625,823.98193359375,2269.650634765625,865.121826171875,64.10313415527344,"[24, 32)","[97, inf)","[59, 82)",False
conf0.25,0.25,1206.png,67,Cargo Truck,0.4687689840793609,bkg,-1,22.14328695597899,97,40.12175750732422,25.830781936645508,66.99922943115234,44.073760986328125,75.29814910888672,"[16, 24)","[97, inf)","[59, 82)",True
conf0.25,0.25,1206.png,68,Truck w/Flatbed,0.4634242951869964,bkg,-1,36.53912986121535,97,2368.3944091796875,1736.7048950195312,2409.0791015625,1769.5208740234375,65.97759246826172,"[32, 48)","[97, inf)","[59, 82)",True
conf0.25,0.25,1206.png,69,Cargo Truck,0.4603090584278106,bkg,-1,14.86161015348609,97,1574.8587646484375,1694.8665161132812,1592.6573486328125,1707.2757873535156,102.30075073242188,"[8, 16)","[97, inf)","[82, inf)",True
conf0.25,0.25,1206.png,70,Cargo Truck,0.4548656046390533,TP,5,17.268534421895527,97,1940.211296081543,1193.9762573242188,1955.8358840942385,1213.0617065429688,100.83036041259766,"[16, 24)","[97, inf)","[82, inf)",False
conf0.25,0.25,1206.png,71,Truck w/Box,0.4511264562606811,bkg,-1,34.61695371233339,97,1407.5286865234375,2207.0177612304688,1454.1749267578125,2232.7075805664062,70.1522445678711,"[32, 48)","[97, inf)","[59, 82)",True
conf0.25,0.25,1206.png,72,Cargo Truck,0.4510946273803711,dupe,30,33.491403978533945,97,2239.789123535156,705.7742919921875,2264.0728149414062,751.9647216796875,71.3756103515625,"[32, 48)","[97, inf)","[59, 82)",True
conf0.25,0.25,1206.png,73,Cargo Truck,0.4346733391284942,TP,8,17.527474606295335,97,1930.9122314453125,834.1209106445312,1947.485061645508,852.6580200195312,120.9356689453125,"[16, 24)","[97, inf)","[82, inf)",False
conf0.25,0.25,1206.png,74,Cargo Truck,0.4330589473247528,TP,26,29.020260276911,97,2219.033569335937,768.095043182373,2243.368896484375,802.7021598815918,63.64228439331055,"[24, 32)","[97, inf)","[59, 82)",False
conf0.25,0.25,1206.png,75,Truck w/Flatbed,0.4205515086650848,bkg,-1,26.248551027293114,97,2360.9451904296875,1722.6265869140625,2396.320678710937,1742.1029663085938,67.82110595703125,"[24, 32)","[97, inf)","[59, 82)",True
conf0.25,0.25,1206.png,76,Cargo Truck,0.4151007235050201,bkg,-1,13.81024870390798,97,2437.663818359375,483.372802734375,2453.75,495.2291259765625,109.42533874511719,"[8, 16)","[97, inf)","[82, inf)",True
conf0.25,0.25,1206.png,77,Cargo Truck,0.4083923995494842,TP,70,35.026474983720995,97,2252.2055053710938,756.8720703125,2276.7474975585938,806.862060546875,72.6313705444336,"[32, 48)","[97, inf)","[59, 82)",False
conf0.25,0.25,1206.png,78,Cargo Truck,0.4076497554779053,TP,11,19.23667444480333,97,1864.073181152344,793.333984375,1881.3312377929688,814.776123046875,137.53282165527344,"[16, 24)","[97, inf)","[82, inf)",False
conf0.25,0.25,1206.png,79,Truck w/Box,0.4051408469676971,cls,61,28.46477619151085,97,2512.3016357421875,1522.8782958984375,2537.005615234375,1555.6763916015625,55.79072570800781,"[24, 32)","[97, inf)","[45, 59)",True
conf0.25,0.25,1206.png,80,Cargo Truck,0.3996754884719848,loc,42,22.822975695446804,97,2301.8605346679688,985.8145446777344,2329.0250854492188,1004.9898376464844,54.27069091796875,"[16, 24)","[97, inf)","[45, 59)",True
conf0.25,0.25,1206.png,81,Truck w/Box,0.3980883359909057,both,48,20.499997191312644,97,1278.808837890625,2767.8355712890625,1306.493408203125,2783.0155029296875,52.229209899902344,"[16, 24)","[97, inf)","[45, 59)",True
conf0.25,0.25,1206.png,82,Truck w/Box,0.3903363645076751,bkg,-1,35.69631013834917,97,1315.550537109375,2247.3117065429688,1356.119140625,2278.7208862304688,84.296875,"[32, 48)","[97, inf)","[82, inf)",True
conf0.25,0.25,1206.png,83,Cargo Truck,0.3838208019733429,TP,83,36.78185984738748,97,2249.999755859375,698.051025390625,2277.607177734375,747.05615234375,72.44000244140625,"[32, 48)","[97, inf)","[59, 82)",False
conf0.25,0.25,1206.png,84,Cargo Truck,0.3761065006256103,loc,88,26.990440270698663,97,2271.829162597656,753.1182250976562,2292.3790893554688,788.5676879882812,65.8522720336914,"[24, 32)","[97, inf)","[59, 82)",True
conf0.25,0.25,1206.png,85,Truck w/Box,0.3629394471645355,cls,47,31.380013848600015,97,2246.56396484375,820.4944496154785,2268.881591796875,864.6167602539062,64.08019256591797,"[24, 32)","[97, inf)","[59, 82)",True
conf0.25,0.25,1206.png,86,Truck w/Flatbed,0.3572829961776733,bkg,-1,35.52532518659644,97,1321.4833984375,2031.6033325195312,1349.9114990234375,2075.9977416992188,61.45900344848633,"[32, 48)","[97, inf)","[59, 82)",True
conf0.25,0.25,1206.png,87,Cargo Truck,0.3519972860813141,TP,2,18.48038298805284,97,1302.8416748046875,1606.8251342773438,1318.8125,1628.2094116210938,112.0434799194336,"[16, 24)","[97, inf)","[82, inf)",False
conf0.25,0.25,1206.png,88,Truck w/Box,0.3512041568756103,bkg,-1,33.24638230879024,97,2054.3878173828125,1898.473388671875,2106.926147460937,1919.511779785156,56.99828338623047,"[32, 48)","[97, inf)","[45, 59)",True
conf0.25,0.25,1206.png,89,Truck w/Box,0.3502707481384277,bkg,-1,35.816754279966446,97,804.3224182128906,1163.8172607421875,853.5530853271484,1189.875,78.21111297607422,"[32, 48)","[97, inf)","[59, 82)",True
conf0.25,0.25,1206.png,90,Cargo Truck,0.3479268848896026,bkg,-1,16.364823455149644,97,2618.77783203125,2215.2467041015625,2632.831787109375,2234.3023681640625,85.913330078125,"[16, 24)","[97, inf)","[82, inf)",True
conf0.25,0.25,1206.png,91,Cargo Truck,0.3412194848060608,TP,3,17.60336313718097,97,1330.3633422851562,1635.025146484375,1346.4061889648438,1654.3408203125,91.58235168457031,"[16, 24)","[97, inf)","[82, inf)",False
conf0.25,0.25,1206.png,92,Truck w/Liquid,0.3406496942043304,bkg,-1,40.17894240364745,97,1478.1468505859375,2512.382080078125,1528.81982421875,2544.240234375,81.6464614868164,"[32, 48)","[97, inf)","[59, 82)",True
conf0.25,0.25,1206.png,93,Cargo Truck,0.3383527100086212,TP,12,14.884055360577326,97,1858.952606201172,799.0760498046875,1871.262115478516,817.0731201171875,134.9511260986328,"[8, 16)","[97, inf)","[82, inf)",False
conf0.25,0.25,1206.png,94,Truck w/Flatbed,0.3383126854896545,TP,62,35.43305571968428,97,2139.613800048828,2181.7954711914062,2186.626739501953,2208.500915527344,70.37127685546875,"[32, 48)","[97, inf)","[59, 82)",False
conf0.25,0.25,1206.png,95,Cargo Truck,0.3348251581192016,TP,17,14.910391991580122,97,2425.2646484375,277.8479309082031,2443.396850585937,290.1089782714844,106.90225219726562,"[8, 16)","[97, inf)","[82, inf)",False
conf0.25,0.25,1206.png,96,Cargo Truck,0.3328154683113098,bkg,-1,20.029004354958698,97,1588.6480712890625,600.1824340820312,1616.9337158203125,614.3649291992188,99.78620910644531,"[16, 24)","[97, inf)","[82, inf)",True
conf0.25,0.25,1206.png,97,Truck w/Flatbed,0.3296496272087097,bkg,-1,28.374626654710386,97,1873.5624084472656,255.5110321044922,1895.6372985839844,291.98321533203125,61.05522918701172,"[24, 32)","[97, inf)","[59, 82)",True
conf0.25,0.25,1206.png,98,Truck w/Flatbed,0.3227770030498504,bkg,-1,28.23998057869194,97,1752.3550415039062,815.9951171875,1789.6754760742188,837.364013671875,86.35469055175781,"[24, 32)","[97, inf)","[82, inf)",True
conf0.25,0.25,1206.png,99,Truck w/Box,0.3216718137264251,cls,41,39.685066088438425,97,1347.4781494140625,2352.4923095703125,1406.8909912109375,2379.0001220703125,79.072021484375,"[32, 48)","[97, inf)","[59, 82)",True
conf0.25,0.25,1206.png,100,Cargo Truck,0.3166258931159973,TP,9,18.304472442125583,97,1878.988037109375,788.114013671875,1897.1676635742188,806.544189453125,136.59474182128906,"[16, 24)","[97, inf)","[82, inf)",False
conf0.25,0.25,1206.png,101,Truck w/Flatbed,0.3158587515354156,cls,68,27.799203797375707,97,1701.2652740478516,2440.126342773437,1736.0503387451172,2462.3426513671875,59.0785026550293,"[24, 32)","[97, inf)","[45, 59)",True
conf0.25,0.25,1206.png,102,Cargo Truck,0.3029939532279968,loc,36,35.450189239416524,97,2238.6616821289062,764.9896240234375,2266.1931762695312,810.6361083984375,73.11959075927734,"[32, 48)","[97, inf)","[59, 82)",True
conf0.25,0.25,1206.png,103,Truck w/Box,0.3022271692752838,bkg,-1,24.653087482270923,97,2362.9672241210938,1722.8863983154297,2396.7007446289062,1740.903335571289,67.17744445800781,"[24, 32)","[97, inf)","[59, 82)",True
conf0.25,0.25,1206.png,104,Truck w/Box,0.3006426990032196,bkg,-1,20.917033158366415,97,80.31558227539062,32.54328918457031,102.59780883789062,52.17877197265625,64.63561248779297,"[16, 24)","[97, inf)","[59, 82)",True
conf0.25,0.25,1206.png,105,Truck w/Box,0.2998490631580353,both,20,29.996943499270724,97,2763.1414184570312,1891.48917388916,2804.245056152344,1913.3805847167969,56.723602294921875,"[24, 32)","[97, inf)","[45, 59)",True
conf0.25,0.25,1206.png,106,Cargo Truck,0.2984407544136047,bkg,-1,16.0692573853771,97,943.6170654296876,2284.685791015625,962.3419189453124,2298.47607421875,74.59333038330078,"[16, 24)","[97, inf)","[59, 82)",True
conf0.25,0.25,1206.png,107,Truck w/Box,0.2958446145057678,bkg,-1,24.20044903341058,97,1664.80322265625,2433.1544189453125,1692.7337646484375,2454.1229248046875,51.543888092041016,"[24, 32)","[97, inf)","[45, 59)",True
conf0.25,0.25,1206.png,108,Cargo Truck,0.2939983606338501,bkg,-1,16.65345915905375,97,0.0,203.52854919433597,16.830228805541992,220.0070953369141,76.57516479492188,"[16, 24)","[97, inf)","[59, 82)",True
conf0.25,0.25,1206.png,109,Cargo Truck,0.2938249111175537,bkg,-1,23.243383703001154,97,31.975717544555664,34.43842697143555,59.18318939208984,54.29528427124024,60.095237731933594,"[16, 24)","[97, inf)","[59, 82)",True
conf0.25,0.25,1206.png,110,Cargo Truck,0.2913676500320434,bkg,-1,14.44417622869754,97,157.79148864746094,2436.416259765625,177.65541076660156,2446.91943359375,77.22943878173828,"[8, 16)","[97, inf)","[59, 82)",True
conf0.25,0.25,1206.png,111,Cargo Truck,0.2883833348751068,TP,16,14.731264141462367,97,2418.002990722656,265.6058044433594,2435.217712402344,278.2118835449219,113.37301635742188,"[8, 16)","[97, inf)","[82, inf)",False
conf0.25,0.25,1206.png,112,Truck w/Box,0.280553251504898,both,72,41.85289207284876,97,2469.6998291015625,1678.7953033447266,2517.8951416015625,1715.1404266357422,56.76530456542969,"[32, 48)","[97, inf)","[45, 59)",True
conf0.25,0.25,1206.png,113,Cargo Truck,0.2780497074127197,bkg,-1,23.15465450581834,97,1801.350067138672,786.849365234375,1830.170379638672,805.4521484375,88.95833587646484,"[16, 24)","[97, inf)","[82, inf)",True
conf0.25,0.25,1206.png,114,Truck w/Flatbed,0.2778226137161255,cls,65,33.60901466914766,97,2598.0609741210938,1951.4633102416992,2643.4526977539062,1976.3481521606443,61.403011322021484,"[32, 48)","[97, inf)","[59, 82)",True
conf0.25,0.25,1206.png,115,Cargo Truck,0.2778058648109436,bkg,-1,13.257569185495862,97,918.698760986328,2713.981689453125,933.5086975097656,2725.849609375,100.67308044433594,"[8, 16)","[97, inf)","[82, inf)",True
conf0.25,0.25,1206.png,116,Truck w/Box,0.2772500813007355,bkg,-1,39.53492627464717,97,1399.9411010742188,1543.32124710083,1433.1193237304688,1590.4307746887207,75.74702453613281,"[32, 48)","[97, inf)","[59, 82)",True
conf0.25,0.25,1206.png,117,Cargo Truck,0.2734557390213012,loc,81,23.0832447908579,97,1262.6948852539062,2745.8355712890625,1292.9020385742188,2763.474975585937,49.62648391723633,"[16, 24)","[97, inf)","[45, 59)",True
conf0.25,0.25,1206.png,118,Cargo Truck,0.2706018686294555,loc,47,27.017396222921523,97,2257.1090393066406,818.0828857421875,2278.1900329589844,852.7083740234375,62.48441696166992,"[24, 32)","[97, inf)","[59, 82)",True
conf0.25,0.25,1206.png,119,Truck w/Flatbed,0.2688628733158111,bkg,-1,21.451592706690565,97,886.7570190429688,1106.7323608398438,916.8805541992188,1122.0084838867188,30.667932510375977,"[16, 24)","[97, inf)","[-inf, 45)",True
conf0.25,0.25,1206.png,120,Truck w/Flatbed,0.2666923105716705,bkg,-1,32.98693561180913,97,883.9105834960938,1086.765625,937.0361938476562,1107.2479858398438,33.51239776611328,"[32, 48)","[97, inf)","[-inf, 45)",True
conf0.25,0.25,1206.png,121,Cargo Truck,0.2618470788002014,bkg,-1,16.861321115553384,97,937.1494140625,2271.017944335937,956.4544677734376,2285.744873046875,86.30999755859375,"[16, 24)","[97, inf)","[82, inf)",True
conf0.25,0.25,1206.png,122,Truck w/Box,0.2582357227802276,cls,87,29.627289439114534,97,1221.357177734375,2689.332763671875,1247.2369384765625,2723.250244140625,61.36190414428711,"[24, 32)","[97, inf)","[59, 82)",True
conf0.25,0.25,1206.png,123,Cargo Truck,0.2564067244529724,TP,13,15.628699871703798,97,1843.1796875,811.5673217773438,1857.966796875,828.0855102539062,127.96666717529297,"[8, 16)","[97, inf)","[82, inf)",False
conf0.25,0.25,1206.png,124,Cargo Truck,0.2515112161636352,TP,4,14.479072754277077,97,1957.56298828125,1224.9541931152344,1970.011749267578,1241.7947082519531,111.04762268066406,"[8, 16)","[97, inf)","[82, inf)",False
conf0.25,0.25,1206.png,125,Cargo Truck,0.2501959502696991,TP,0,19.125292280245077,97,1266.7323608398438,1516.3614501953125,1284.1917114257812,1537.3116455078125,41.67942428588867,"[16, 24)","[97, inf)","[-inf, 45)",False
conf0.25,0.25,1211.png,0,Truck w/Box,0.7137923836708069,cls,45,32.86374225902946,167,855.16357421875,2713.5639038085938,880.0404052734375,2756.978820800781,91.7010498046875,"[32, 48)","[97, inf)","[82, inf)",True
conf0.25,0.25,1211.png,1,Cargo Truck,0.6984323263168335,TP,67,28.1911848148605,167,1425.02392578125,2696.7000732421875,1460.830322265625,2718.8956298828125,74.65338134765625,"[24, 32)","[97, inf)","[59, 82)",False
conf0.25,0.25,1211.png,2,Truck w/Box,0.6911143064498901,cls,18,19.86149734998364,167,1547.3324584960938,1577.165615081787,1583.1613159179688,1588.175708770752,91.56756591796875,"[16, 24)","[97, inf)","[82, inf)",True
conf0.25,0.25,1211.png,3,Cargo Truck,0.6747951507568359,bkg,-1,16.116572126547684,167,1871.9918518066409,707.894287109375,1883.750762939453,729.9833984375,93.75251007080078,"[16, 24)","[97, inf)","[82, inf)",True
conf0.25,0.25,1211.png,4,Truck w/Box,0.669799268245697,cls,160,35.86776527449619,167,1806.5231323242188,1856.2230834960935,1860.3849487304688,1880.1082153320312,63.04800033569336,"[32, 48)","[97, inf)","[59, 82)",True
conf0.25,0.25,1211.png,5,Truck w/Box,0.6499028205871582,bkg,-1,22.918240169191176,167,2284.3416137695312,1552.990104675293,2315.480407714844,1569.8579940795898,68.02603912353516,"[16, 24)","[97, inf)","[59, 82)",True
conf0.25,0.25,1211.png,6,Cargo Truck,0.6339192390441895,TP,154,20.37317913825455,167,1092.13525390625,2016.9434967041016,1128.475830078125,2028.3650665283203,73.13721466064453,"[16, 24)","[97, inf)","[59, 82)",False
conf0.25,0.25,1211.png,7,Truck w/Box,0.5976700186729431,cls,30,36.747109844457476,167,950.1492309570312,2159.0859375,1002.0046997070312,2185.1265869140625,75.2005615234375,"[32, 48)","[97, inf)","[59, 82)",True
conf0.25,0.25,1211.png,8,Truck w/Box,0.5922226309776306,both,18,20.333655019748726,167,1515.745361328125,1573.3949737548828,1551.2552490234375,1585.0384216308594,45.602909088134766,"[16, 24)","[97, inf)","[45, 59)",True
conf0.25,0.25,1211.png,9,Cargo Truck,0.5840488076210022,bkg,-1,12.218599562438234,167,1803.710876464844,1999.3516845703125,1812.736572265625,2015.8927001953125,105.14117431640625,"[8, 16)","[97, inf)","[82, inf)",True
conf0.25,0.25,1211.png,10,Cargo Truck,0.5719627141952515,TP,90,17.940945968853175,167,2241.650756835937,451.769775390625,2257.289428710937,472.3519287109375,70.64973449707031,"[16, 24)","[97, inf)","[59, 82)",False
conf0.25,0.25,1211.png,11,Truck w/Box,0.5668218731880188,both,157,27.642100087926202,167,753.3764038085938,1940.2194213867188,792.8944702148438,1959.5545196533203,91.27375030517578,"[24, 32)","[97, inf)","[82, inf)",True
conf0.25,0.25,1211.png,12,Cargo Truck,0.5617071986198425,bkg,-1,13.240917043591558,167,2450.5362548828125,2499.646850585937,2460.1573486328125,2517.869506835937,71.2200927734375,"[8, 16)","[97, inf)","[59, 82)",True
conf0.25,0.25,1211.png,13,Truck w/Box,0.5540826320648193,cls,46,37.3094948368335,167,622.4163818359375,2811.236083984375,663.2689208984375,2845.309814453125,51.404083251953125,"[32, 48)","[97, inf)","[45, 59)",True
conf0.25,0.25,1211.png,14,Cargo Truck,0.5466029644012451,TP,60,18.771795971232926,167,1437.864501953125,1943.2647018432615,1460.9805908203125,1958.508644104004,84.97135162353516,"[16, 24)","[97, inf)","[82, inf)",False
conf0.25,0.25,1211.png,15,Truck w/Box,0.5450031161308289,bkg,-1,20.569615503122886,167,1599.42333984375,1590.922752380371,1636.1787109375,1602.4342422485352,87.67206573486328,"[16, 24)","[97, inf)","[82, inf)",True
conf0.25,0.25,1211.png,16,Truck Tractor,0.5398861765861511,bkg,-1,12.637034657227877,167,1325.0029296875,1959.8677673339844,1342.6044921875,1968.9405212402344,58.43888854980469,"[8, 16)","[97, inf)","[45, 59)",True
conf0.25,0.25,1211.png,17,Cargo Truck,0.537996768951416,bkg,-1,21.096260595589147,167,1066.5030517578125,1915.9014320373533,1101.3492431640625,1928.6733360290527,93.9206314086914,"[16, 24)","[97, inf)","[82, inf)",True
conf0.25,0.25,1211.png,18,Truck w/Box,0.5311222076416016,cls,153,28.16459957462541,167,1242.7409362792969,2066.6548461914062,1258.0013732910156,2118.6353149414062,55.461708068847656,"[24, 32)","[97, inf)","[45, 59)",True
conf0.25,0.25,1211.png,19,Truck w/Box,0.5291075110435486,cls,140,32.32503443175717,167,891.44873046875,1017.5117645263672,921.698974609375,1052.0538940429688,57.04659652709961,"[32, 48)","[97, inf)","[45, 59)",True
conf0.25,0.25,1211.png,20,Cargo Truck,0.52872234582901,bkg,-1,17.481337743715567,167,1083.7562255859375,2641.5963134765625,1097.86669921875,2663.2537841796875,93.17681121826172,"[16, 24)","[97, inf)","[82, inf)",True
conf0.25,0.25,1211.png,21,Truck w/Box,0.527547299861908,bkg,-1,30.130818384842065,167,908.2514038085938,2803.955993652344,933.7654418945312,2839.539001464844,112.48129272460938,"[24, 32)","[97, inf)","[82, inf)",True
conf0.25,0.25,1211.png,22,Truck w/Box,0.5237041115760803,cls,156,27.082356216459576,167,1199.7442016601562,1892.6568298339844,1215.6145629882812,1938.8721618652344,60.29912567138672,"[24, 32)","[97, inf)","[59, 82)",True
conf0.25,0.25,1211.png,23,Truck w/Box,0.5182433128356934,bkg,-1,23.82173389000222,167,2274.7950439453125,1570.7763710021973,2309.800170898437,1586.987567901611,67.36111450195312,"[16, 24)","[97, inf)","[59, 82)",True
conf0.25,0.25,1211.png,24,Truck w/Box,0.5109283328056335,bkg,-1,30.910860926418486,167,884.3160400390625,2842.732666015625,907.762451171875,2883.484375,84.2420654296875,"[24, 32)","[97, inf)","[82, inf)",True
conf0.25,0.25,1211.png,25,Truck w/Box,0.5016946792602539,bkg,-1,24.2420733157489,167,920.83447265625,2843.488525390625,940.467041015625,2873.42236328125,146.8694305419922,"[24, 32)","[97, inf)","[82, inf)",True
conf0.25,0.25,1211.png,26,Cargo Truck,0.4948119223117828,TP,130,20.381070525716527,167,537.7388916015625,1538.6060791015625,558.2479248046875,1558.8599853515625,78.97835540771484,"[16, 24)","[97, inf)","[59, 82)",False
conf0.25,0.25,1211.png,27,Cargo Truck,0.4945366084575653,TP,54,26.11609223100621,167,884.9093017578125,2775.470947265625,907.0089111328124,2806.33349609375,88.38932037353516,"[24, 32)","[97, inf)","[82, inf)",False
conf0.25,0.25,1211.png,28,Truck w/Box,0.4930514693260193,bkg,-1,26.90528217041521,167,799.642333984375,2833.5869140625,830.977294921875,2856.688720703125,56.56119918823242,"[24, 32)","[97, inf)","[45, 59)",True
conf0.25,0.25,1211.png,29,Truck w/Box,0.4926958382129669,bkg,-1,22.109270710749712,167,1053.2471923828125,2006.4147338867188,1088.097412109375,2020.4410400390625,63.53703689575195,"[16, 24)","[97, inf)","[59, 82)",True
conf0.25,0.25,1211.png,30,Truck w/Box,0.490439623594284,cls,155,29.108797843174962,167,1166.0000610351562,2060.304077148437,1184.444580078125,2106.2430419921875,67.38633728027344,"[24, 32)","[97, inf)","[59, 82)",True
conf0.25,0.25,1211.png,31,Truck w/Box,0.4898943603038788,cls,11,14.328095612735076,167,2022.5226135253904,1554.3931884765625,2044.4970703125,1563.735595703125,76.46086883544922,"[8, 16)","[97, inf)","[59, 82)",True
conf0.25,0.25,1211.png,32,Cargo Truck,0.4888939261436462,TP,66,18.634678782910534,167,1559.0726318359375,1017.1927337646484,1581.972412109375,1032.356689453125,83.20923614501953,"[16, 24)","[97, inf)","[82, inf)",False
conf0.25,0.25,1211.png,33,Truck w/Box,0.4877515733242035,bkg,-1,24.773312865189915,167,909.4329833984376,2847.62451171875,929.3775634765624,2878.3956298828125,150.875,"[24, 32)","[97, inf)","[82, inf)",True
conf0.25,0.25,1211.png,34,Truck w/Box,0.4829587042331695,cls,157,28.20378502776167,167,753.8028564453125,1951.1549682617188,791.0653076171875,1972.5022888183596,67.20979309082031,"[24, 32)","[97, inf)","[59, 82)",True
conf0.25,0.25,1211.png,35,Cargo Truck,0.4740307927131653,bkg,-1,20.449200419041528,167,212.71511840820312,445.8580932617188,237.17459106445312,462.95452880859375,91.91666412353516,"[16, 24)","[97, inf)","[82, inf)",True
conf0.25,0.25,1211.png,36,Truck w/Box,0.4679417312145233,bkg,-1,24.665786815805095,167,1621.3694458007812,1535.1390380859375,1639.8569946289062,1568.0477294921875,56.747676849365234,"[24, 32)","[97, inf)","[45, 59)",True
conf0.25,0.25,1211.png,37,Cargo Truck,0.4622117877006531,bkg,-1,14.406895771597677,167,1789.7364044189453,1998.664794921875,1800.9945678710938,2017.10107421875,107.51249694824219,"[8, 16)","[97, inf)","[82, inf)",True
conf0.25,0.25,1211.png,38,Truck w/Box,0.4596448242664337,both,49,24.95480255048806,167,640.995361328125,2836.2240600585938,678.292236328125,2852.920959472656,46.16741943359375,"[24, 32)","[97, inf)","[45, 59)",True
conf0.25,0.25,1211.png,39,Truck w/Box,0.4591597616672516,bkg,-1,24.848044512503613,167,901.4918212890624,2850.546936035156,920.7843017578124,2882.5503540039062,123.5772705078125,"[24, 32)","[97, inf)","[82, inf)",True
conf0.25,0.25,1211.png,40,Cargo Truck,0.4581469893455505,bkg,-1,19.285966624726502,167,2437.4412231445312,2437.074951171875,2451.2047729492188,2464.09912109375,70.0857162475586,"[16, 24)","[97, inf)","[59, 82)",True
conf0.25,0.25,1211.png,41,Cargo Truck,0.4550110697746277,bkg,-1,17.831958737178912,167,1749.3697662353516,2015.3657836914065,1776.264144897461,2027.1890258789065,108.46703338623047,"[16, 24)","[97, inf)","[82, inf)",True
conf0.25,0.25,1211.png,42,Cargo Truck,0.4493515491485595,bkg,-1,9.898036313375927,167,2337.279541015625,396.2947387695313,2346.305908203125,407.1486206054688,89.375,"[8, 16)","[97, inf)","[82, inf)",True
conf0.25,0.25,1211.png,43,Cargo Truck,0.4390701055526733,TP,56,21.146109120777822,167,889.5611419677734,2824.547607421875,907.7456207275392,2849.1376953125,68.1882553100586,"[16, 24)","[97, inf)","[59, 82)",False
conf0.25,0.25,1211.png,44,Truck w/Box,0.4295649230480194,cls,21,35.04392033544636,167,2156.269836425781,2160.719116210937,2217.5173950195312,2180.7701416015625,61.77035140991211,"[32, 48)","[97, inf)","[59, 82)",True
conf0.25,0.25,1211.png,45,Cargo Truck,0.4281154870986938,bkg,-1,17.589567329150185,167,960.0990295410156,2129.480712890625,976.2613220214844,2148.6235961914062,62.911766052246094,"[16, 24)","[97, inf)","[59, 82)",True
conf0.25,0.25,1211.png,46,Truck w/Box,0.4260223805904388,bkg,-1,23.56229974777986,167,928.5201416015624,2844.231689453125,948.4642333984376,2872.068603515625,114.95073699951172,"[16, 24)","[97, inf)","[82, inf)",True
conf0.25,0.25,1211.png,47,Cargo Truck,0.4253816604614258,TP,65,14.254351614959123,167,1205.4767456054688,1377.6586303710938,1218.7786254882812,1392.9336547851562,74.01338958740234,"[8, 16)","[97, inf)","[59, 82)",False
conf0.25,0.25,1211.png,48,Truck w/Box,0.4228904843330383,cls,154,20.73392245180391,167,1091.1568603515625,2017.9083862304688,1128.7662353515625,2029.338928222656,72.451416015625,"[16, 24)","[97, inf)","[59, 82)",True
conf0.25,0.25,1211.png,49,Truck w/Box,0.4065448641777038,cls,159,28.244358722239607,167,1155.8424072265625,2067.873748779297,1173.3518676757812,2113.4344787597656,59.87234115600586,"[24, 32)","[97, inf)","[59, 82)",True
conf0.25,0.25,1211.png,50,Truck Tractor,0.4048913717269897,bkg,-1,16.077999891623097,167,1283.8629150390625,1977.0186004638672,1306.968994140625,1988.20622253418,76.05208587646484,"[16, 24)","[97, inf)","[59, 82)",True
conf0.25,0.25,1211.png,51,Truck w/Box,0.4011557102203369,cls,55,22.013702955741017,167,826.4420166015625,2818.9789428710938,852.2359619140625,2837.7664184570312,84.35740661621094,"[16, 24)","[97, inf)","[82, inf)",True
conf0.25,0.25,1211.png,52,Cargo Truck,0.3993375599384308,TP,43,27.06211093827753,167,905.0837707519532,2300.8775634765625,938.596649169922,2322.7305908203125,63.08567810058594,"[24, 32)","[97, inf)","[59, 82)",False
conf0.25,0.25,1211.png,53,Cargo Truck,0.3971499800682068,bkg,-1,13.3548033899455,167,1796.4884948730469,1999.147521972656,1806.2532043457031,2017.412353515625,115.62679290771484,"[8, 16)","[97, inf)","[82, inf)",True
conf0.25,0.25,1211.png,54,Cargo Truck,0.395079493522644,bkg,-1,18.918559558062373,167,2431.50048828125,2406.3817138671875,2444.76416015625,2433.3660888671875,47.42346954345703,"[16, 24)","[97, inf)","[45, 59)",True
conf0.25,0.25,1211.png,55,Cargo Truck,0.3828897476196289,bkg,-1,13.957567803468047,167,1749.7174682617188,2008.8443603515625,1771.2767333984375,2017.8805541992188,101.82608795166016,"[8, 16)","[97, inf)","[82, inf)",True
conf0.25,0.25,1211.png,56,Cargo Truck,0.3653032183647156,TP,23,18.16872273764748,167,1617.5796356201172,2291.36083984375,1640.1074981689453,2306.013916015625,102.51822662353516,"[16, 24)","[97, inf)","[82, inf)",False
conf0.25,0.25,1211.png,57,Cargo Truck,0.3631528913974762,bkg,-1,12.978105419441592,167,1747.1696166992188,2002.1463623046875,1767.6960754394531,2010.3519287109373,108.06349182128906,"[8, 16)","[97, inf)","[82, inf)",True
conf0.25,0.25,1211.png,58,Truck w/Liquid,0.3618240058422088,cls,163,29.261182054449275,167,1162.2261962890625,1894.2649536132808,1179.2510986328125,1944.5569763183596,57.445533752441406,"[24, 32)","[97, inf)","[45, 59)",True
conf0.25,0.25,1211.png,59,Cargo Truck,0.3598697185516357,bkg,-1,19.104888338036538,167,966.652587890625,2123.1341247558594,984.4948120117188,2143.591033935547,62.979949951171875,"[16, 24)","[97, inf)","[59, 82)",True
conf0.25,0.25,1211.png,60,Truck Tractor,0.3594906032085418,bkg,-1,29.395431862401708,167,2840.441772460937,2153.1635131835938,2888.6051025390625,2171.1043701171875,77.43071746826172,"[24, 32)","[97, inf)","[59, 82)",True
conf0.25,0.25,1211.png,61,Cargo Truck,0.3516034185886383,loc,56,17.16321592973579,167,898.5548095703125,2823.533264160156,913.3207397460938,2843.4829711914062,74.27678680419922,"[16, 24)","[97, inf)","[59, 82)",True
conf0.25,0.25,1211.png,62,Truck w/Box,0.3502396941184997,both,53,22.09039611125811,167,659.431884765625,2875.33251953125,691.37060546875,2890.611328125,46.39204406738281,"[16, 24)","[97, inf)","[45, 59)",True
conf0.25,0.25,1211.png,63,Truck w/Liquid,0.3500971496105194,cls,71,17.232142448591837,167,2119.6439056396484,630.518310546875,2136.623779296875,648.0064697265625,97.41227722167969,"[16, 24)","[97, inf)","[82, inf)",True
conf0.25,0.25,1211.png,64,Truck w/Box,0.3490510880947113,bkg,-1,23.394953682307253,167,2294.6002197265625,1540.6498413085938,2325.423217773437,1558.406837463379,66.4276351928711,"[16, 24)","[97, inf)","[59, 82)",True
conf0.25,0.25,1211.png,65,Truck w/Liquid,0.3412385582923889,cls,151,33.0634693119041,167,1173.0684204101562,1888.223388671875,1193.8633422851562,1940.7935791015625,57.49415969848633,"[32, 48)","[97, inf)","[45, 59)",True
conf0.25,0.25,1211.png,66,Cargo Truck,0.3329177498817444,loc,20,32.5916629755819,167,2151.6962890625,2198.9996337890625,2205.3203125,2218.8082275390625,44.86233901977539,"[32, 48)","[97, inf)","[-inf, 45)",True
conf0.25,0.25,1211.png,67,Cargo Truck,0.3324682712554931,bkg,-1,14.819729852673147,167,2031.4532775878904,1150.9530639648438,2044.257751464844,1168.105224609375,97.93608856201172,"[8, 16)","[97, inf)","[82, inf)",True
conf0.25,0.25,1211.png,68,Truck w/Box,0.3308466970920563,cls,151,34.65819571616706,167,1171.4669189453125,1887.8777465820312,1193.7677001953125,1941.7409057617188,58.57391357421875,"[32, 48)","[97, inf)","[45, 59)",True
conf0.25,0.25,1211.png,69,Truck w/Box,0.3273937702178955,cls,52,25.45695546168047,167,651.62744140625,2858.33935546875,684.389404296875,2878.1201171875,46.12604904174805,"[24, 32)","[97, inf)","[45, 59)",True
conf0.25,0.25,1211.png,70,Truck w/Box,0.3217073678970337,cls,48,22.950708119214102,167,683.920654296875,2852.793029785156,703.530517578125,2879.6537475585938,59.867347717285156,"[16, 24)","[97, inf)","[59, 82)",True
conf0.25,0.25,1211.png,71,Truck w/Box,0.3186304569244385,bkg,-1,29.520605867055117,167,859.89453125,2855.0762939453125,883.496337890625,2892.0,75.78486633300781,"[24, 32)","[97, inf)","[59, 82)",True
conf0.25,0.25,1211.png,72,Truck w/Box,0.3180133998394012,bkg,-1,27.220043058590814,167,845.8785400390625,2860.9517822265625,869.8616943359375,2891.8455810546875,90.06500244140625,"[24, 32)","[97, inf)","[82, inf)",True
conf0.25,0.25,1211.png,73,Truck w/Box,0.3118700981140136,bkg,-1,19.20882803732587,167,685.5975341796875,625.4608764648438,698.9078369140625,653.1821899414062,98.68965148925781,"[16, 24)","[97, inf)","[82, inf)",True
conf0.25,0.25,1211.png,74,Cargo Truck,0.3046663999557495,bkg,-1,23.719316420652273,167,2423.5968017578125,2369.176544189453,2439.3563232421875,2404.8759765625,59.00490188598633,"[16, 24)","[97, inf)","[45, 59)",True
conf0.25,0.25,1211.png,75,Truck w/Box,0.303585410118103,cls,54,25.73786436314447,167,885.2982177734375,2775.650634765625,906.760986328125,2806.51513671875,89.9758529663086,"[24, 32)","[97, inf)","[82, inf)",True
conf0.25,0.25,1211.png,76,Truck w/Box,0.2972559332847595,cls,29,29.061133786360074,167,1235.1475219726562,2117.0548400878906,1251.8501586914062,2167.618682861328,68.22029876708984,"[24, 32)","[97, inf)","[59, 82)",True
conf0.25,0.25,1211.png,77,Truck w/Box,0.2903594970703125,bkg,-1,20.74182643975797,167,1066.6494140625,1916.2798919677732,1100.8089599609375,1928.874420166016,96.52088165283203,"[16, 24)","[97, inf)","[82, inf)",True
conf0.25,0.25,1211.png,78,Truck Tractor,0.2800549566745758,bkg,-1,35.02591230665173,167,936.2938690185548,2206.140686035156,963.4995880126952,2251.234680175781,69.11801147460938,"[32, 48)","[97, inf)","[59, 82)",True
conf0.25,0.25,1211.png,79,Cargo Truck,0.2787113189697265,bkg,-1,21.278591023502827,167,1052.9229125976562,2007.224548339844,1087.6958618164062,2020.2455444335935,63.10118865966797,"[16, 24)","[97, inf)","[59, 82)",True
conf0.25,0.25,1211.png,80,Cargo Truck,0.2774960994720459,TP,20,35.890829568162836,167,2156.0386962890625,2181.999267578125,2208.7281494140625,2206.447265625,52.81204605102539,"[32, 48)","[97, inf)","[45, 59)",False
conf0.25,0.25,1211.png,81,Cargo Truck,0.2705059051513672,bkg,-1,15.395835216512083,167,1540.7639751434326,1031.6339111328125,1560.134351730347,1043.8707275390625,78.15384674072266,"[8, 16)","[97, inf)","[59, 82)",True
conf0.25,0.25,1211.png,82,Cargo Truck,0.2680853903293609,bkg,-1,16.677452108467453,167,1668.8057556152344,2316.4047241210938,1688.7648620605469,2330.340087890625,102.28571319580078,"[16, 24)","[97, inf)","[82, inf)",True
conf0.25,0.25,1211.png,83,Cargo Truck,0.267714112997055,TP,92,20.223530539524305,167,2379.87451171875,381.6803588867188,2403.017333984375,399.3528442382813,62.35578918457031,"[16, 24)","[97, inf)","[59, 82)",False
conf0.25,0.25,1211.png,84,Cargo Truck,0.267309159040451,bkg,-1,14.182273498628112,167,126.04901123046876,537.9703369140625,137.67095947265625,555.2769775390625,74.1885986328125,"[8, 16)","[97, inf)","[59, 82)",True
conf0.25,0.25,1211.png,85,Cargo Truck,0.2654010653495788,bkg,-1,29.914883298714404,167,907.8131408691406,2804.184631347656,933.4032287597656,2839.155212402344,113.26954650878906,"[24, 32)","[97, inf)","[82, inf)",True
conf0.25,0.25,1211.png,86,Cargo Truck,0.2636473476886749,TP,26,11.651339384395612,167,1530.2887573242188,2122.014953613281,1539.5429077148438,2136.6844482421875,95.50666809082031,"[8, 16)","[97, inf)","[82, inf)",False
conf0.25,0.25,1211.png,87,Cargo Truck,0.2587592601776123,bkg,-1,10.942948848547756,167,2082.847595214844,1470.3482666015625,2091.6834716796875,1483.9007568359375,95.88571166992188,"[8, 16)","[97, inf)","[82, inf)",True
conf0.25,0.25,1211.png,88,Truck w/Flatbed,0.2578995525836944,bkg,-1,24.696829466251113,167,406.6236572265625,991.0297241210938,433.8079833984375,1013.4666748046876,65.75776672363281,"[24, 32)","[97, inf)","[59, 82)",True
conf0.25,0.25,1211.png,89,Cargo Truck,0.2571234405040741,loc,60,17.902793221072148,167,1439.2833251953125,1931.1785202026367,1457.6754150390625,1948.605033874512,94.6871337890625,"[16, 24)","[97, inf)","[82, inf)",True
conf0.25,0.25,1211.png,90,Cargo Truck,0.2558043301105499,TP,86,11.266432893225698,167,1647.396728515625,145.52151489257812,1660.963134765625,154.87789916992188,94.18571472167969,"[8, 16)","[97, inf)","[82, inf)",False
conf0.25,0.25,1211.png,91,Truck w/Flatbed,0.2508583068847656,bkg,-1,35.36768251612574,167,935.5645141601562,2206.156036376953,962.8465270996094,2252.0057678222656,68.52051544189453,"[32, 48)","[97, inf)","[59, 82)",True
conf0.25,0.25,1211.png,92,Truck w/Box,0.2502496242523193,cls,166,22.21040378047381,167,1231.2272338867188,2070.8255462646484,1242.2188110351562,2115.705551147461,51.385868072509766,"[16, 24)","[97, inf)","[45, 59)",True
conf0.25,0.25,1362.png,0,Truck w/Flatbed,0.7710174918174744,cls,10,29.10511235853565,16,1745.598663330078,2680.916748046875,1785.564483642578,2702.112548828125,54.320255279541016,"[24, 32)","[-inf, 31)","[45, 59)",True
conf0.25,0.25,1362.png,1,Truck w/Box,0.74043869972229,cls,5,39.599845335759504,16,1403.95703125,2384.92626953125,1458.4605712890625,2413.69775390625,91.57083129882812,"[32, 48)","[-inf, 31)","[82, inf)",True
conf0.25,0.25,1362.png,2,Truck w/Box,0.7312700152397156,cls,8,28.36355988781068,16,931.60986328125,1052.5861206054688,974.3150634765624,1071.4243774414062,95.6500015258789,"[24, 32)","[-inf, 31)","[82, inf)",True
conf0.25,0.25,1362.png,3,Truck w/Box,0.6237614750862122,bkg,-1,31.156910332594816,16,2118.111328125,2781.933349609375,2153.26708984375,2809.546264648437,126.43678283691406,"[24, 32)","[-inf, 31)","[82, inf)",True
conf0.25,0.25,1362.png,4,Cargo Truck,0.6094278693199158,bkg,-1,27.2187343722188,16,1232.8009643554688,1209.9683227539062,1261.5831909179688,1235.70849609375,116.86419677734375,"[24, 32)","[-inf, 31)","[82, inf)",True
conf0.25,0.25,1362.png,5,Truck w/Box,0.6091189384460449,bkg,-1,28.531533748818116,16,939.26904296875,1069.388916015625,984.7000732421876,1087.3072509765625,92.0434799194336,"[24, 32)","[-inf, 31)","[82, inf)",True
conf0.25,0.25,1362.png,6,Cargo Truck,0.5439777374267578,bkg,-1,16.087558493839225,16,1617.8965759277344,1247.9591064453125,1644.6587677001953,1257.6298217773438,119.93181610107422,"[16, 24)","[-inf, 31)","[82, inf)",True
conf0.25,0.25,1362.png,7,Cargo Truck,0.5080499649047852,TP,12,16.621680806749165,16,2928.09130859375,643.1339111328125,2942.236328125,662.6658935546875,70.55000305175781,"[16, 24)","[-inf, 31)","[59, 82)",False
conf0.25,0.25,1362.png,8,Truck w/Box,0.4580518305301666,cls,14,27.903765425230546,16,930.9840240478516,1041.509246826172,974.2879791259766,1059.4895935058594,97.80935668945312,"[24, 32)","[-inf, 31)","[82, inf)",True
conf0.25,0.25,1362.png,9,Truck w/Box,0.387719988822937,bkg,-1,28.106598710732413,16,2762.76579284668,1367.635009765625,2784.8762969970703,1403.36376953125,115.90129089355469,"[24, 32)","[-inf, 31)","[82, inf)",True
conf0.25,0.25,1362.png,10,Truck w/Box,0.3678739666938782,cls,13,25.372323290227104,16,941.638153076172,1083.8296508789062,978.833953857422,1101.1368408203125,74.09972381591797,"[24, 32)","[-inf, 31)","[59, 82)",True
conf0.25,0.25,1362.png,11,Cargo Truck,0.3603749573230743,TP,7,16.336900014082772,16,2782.0164794921875,1003.5794677734376,2795.7042236328125,1023.0782470703124,61.5272102355957,"[16, 24)","[-inf, 31)","[59, 82)",False
conf0.25,0.25,1362.png,12,Cargo Truck,0.3501845896244049,bkg,-1,17.54720874377269,16,2138.6171875,2828.8701171875,2156.79736328125,2845.806396484375,115.7631607055664,"[16, 24)","[-inf, 31)","[82, inf)",True
conf0.25,0.25,1362.png,13,Truck w/Box,0.2961248159408569,cls,1,49.054386099715536,16,1287.6319580078125,2257.8006591796875,1341.5093994140625,2302.4637451171875,92.07431030273438,"[48, 96)","[-inf, 31)","[82, inf)",True
conf0.25,0.25,1362.png,14,Truck w/Box,0.2704828381538391,cls,15,27.95336334079995,16,1409.8798828125,2467.5476684570312,1427.65478515625,2511.5079956054688,108.37193298339844,"[24, 32)","[-inf, 31)","[82, inf)",True
conf0.25,0.25,1362.png,15,Truck w/Box,0.2688724398612976,bkg,-1,28.727517352096438,16,2322.7462310791016,1228.1286315917969,2344.9810333251958,1265.2447814941406,93.92448425292969,"[24, 32)","[-inf, 31)","[82, inf)",True
conf0.25,0.25,1399.png,0,Truck w/Flatbed,0.8204213976860046,cls,14,45.16572598998534,28,2432.783432006836,884.3316650390625,2488.1268157958984,921.19140625,26.50554084777832,"[32, 48)","[-inf, 31)","[-inf, 45)",True
conf0.25,0.25,1399.png,1,Truck w/Box,0.7728064060211182,TP,20,42.17895514825193,28,2860.6842651367188,1383.9758911132812,2913.6118774414062,1417.5890502929688,26.39312171936035,"[32, 48)","[-inf, 31)","[-inf, 45)",False
conf0.25,0.25,1399.png,2,Truck w/Flatbed,0.6988049745559692,cls,15,48.00589340508604,28,2124.118408203125,767.4525146484375,2173.421142578125,814.1956787109375,32.20249938964844,"[48, 96)","[-inf, 31)","[-inf, 45)",True
conf0.25,0.25,1399.png,3,Cargo Truck,0.4905611872673034,bkg,-1,42.474858986185176,28,1733.962158203125,838.5355606079102,1783.809326171875,874.7284622192383,27.423423767089844,"[32, 48)","[-inf, 31)","[-inf, 45)",True
conf0.25,0.25,1399.png,4,Truck w/Box,0.450447678565979,cls,24,42.97203570079875,28,2696.885284423828,2492.6876220703125,2734.825164794922,2541.3592529296875,33.44717788696289,"[32, 48)","[-inf, 31)","[-inf, 45)",True
conf0.25,0.25,1399.png,5,Truck w/Liquid,0.4386607110500335,TP,24,43.48123667200502,28,2696.0866088867188,2492.9440307617188,2734.584045410156,2542.0542602539062,33.4876823425293,"[32, 48)","[-inf, 31)","[-inf, 45)",False
conf0.25,0.25,1399.png,6,Cargo Truck,0.3752473592758178,bkg,-1,23.32227401726828,28,2249.9566650390625,806.4014282226562,2267.662475585937,837.1217651367188,25.432565689086914,"[16, 24)","[-inf, 31)","[-inf, 45)",True
conf0.25,0.25,1399.png,7,Truck w/Box,0.3529220819473266,TP,25,36.27234923837455,28,3224.1586303710938,1244.830322265625,3273.0978393554688,1271.71435546875,33.604286193847656,"[32, 48)","[-inf, 31)","[-inf, 45)",False
conf0.25,0.25,1399.png,8,Truck w/Box,0.3379740417003631,bkg,-1,43.291590155728784,28,1516.2301025390625,3028.1639404296875,1577.1392822265625,3058.9337158203125,17.64151954650879,"[32, 48)","[-inf, 31)","[-inf, 45)",True
conf0.25,0.25,1399.png,9,Truck w/Box,0.3200713992118835,TP,12,41.5202564890722,28,2703.622314453125,1015.8907165527344,2759.190673828125,1046.9143371582031,32.733551025390625,"[32, 48)","[-inf, 31)","[-inf, 45)",False
conf0.25,0.25,1399.png,10,Truck w/Box,0.26843923330307,bkg,-1,45.53298941996428,28,2955.992431640625,2262.717163085937,2997.27978515625,2312.932373046875,19.476972579956055,"[32, 48)","[-inf, 31)","[-inf, 45)",True
conf0.25,0.25,1447.png,0,Truck w/Flatbed,0.7940545082092285,TP,11,37.68528316432225,43,723.482666015625,503.984375,772.28125,533.0872802734375,38.39225769042969,"[32, 48)","[31, 76)","[-inf, 45)",False
conf0.25,0.25,1447.png,1,Cargo Truck,0.6313635110855103,bkg,-1,16.203705269622972,43,190.69017028808597,2418.0362548828125,216.4752960205078,2428.2188720703125,56.531986236572266,"[16, 24)","[31, 76)","[45, 59)",True
conf0.25,0.25,1447.png,2,Truck w/Box,0.5473204255104065,bkg,-1,28.15117095467059,43,624.572509765625,1108.1087036132812,641.386474609375,1155.241455078125,35.91319274902344,"[24, 32)","[31, 76)","[-inf, 45)",True
conf0.25,0.25,1447.png,3,Truck w/Flatbed,0.3192859590053558,bkg,-1,28.47490429648643,43,624.200927734375,1108.4226684570312,640.918701171875,1156.9231567382812,35.93997573852539,"[24, 32)","[31, 76)","[-inf, 45)",True
conf0.25,0.25,1447.png,4,Truck w/Flatbed,0.2697302401065826,bkg,-1,28.859351597018993,43,603.940673828125,1143.9098510742188,623.17138671875,1187.2188110351562,32.700531005859375,"[24, 32)","[31, 76)","[-inf, 45)",True
conf0.25,0.25,1447.png,5,Truck w/Box,0.2557429671287536,cls,7,26.796020040413765,43,637.8043212890625,1101.9832763671875,651.1998291015625,1155.5853271484375,32.880001068115234,"[24, 32)","[31, 76)","[-inf, 45)",True
conf0.25,0.25,1456.png,0,Cargo Truck,0.4902158081531524,cls,6,15.210608375448693,8,705.8367919921875,2737.3917846679688,718.4888916015625,2755.6782836914062,78.14661407470703,"[8, 16)","[-inf, 31)","[59, 82)",True
conf0.25,0.25,1456.png,1,Cargo Truck,0.3028382658958435,cls,1,15.09841349036396,8,729.424560546875,2640.090148925781,740.3409423828125,2660.972717285156,79.31745910644531,"[8, 16)","[-inf, 31)","[59, 82)",True
conf0.25,0.25,1456.png,2,Cargo Truck,0.2844533026218414,cls,4,13.036216222336147,8,715.21630859375,2702.8571166992188,725.8101806640625,2718.898742675781,76.8288803100586,"[8, 16)","[-inf, 31)","[59, 82)",True
conf0.25,0.25,1456.png,3,Cargo Truck,0.2624353468418121,cls,3,12.997838500865445,8,719.0942993164062,2685.3485107421875,729.2700805664062,2701.9510498046875,78.90908813476562,"[8, 16)","[-inf, 31)","[59, 82)",True
conf0.25,0.25,1457.png,0,Truck w/Box,0.5956252813339233,bkg,-1,29.733548409714157,13,886.015625,1971.5184020996091,929.16845703125,1992.0056762695312,97.0599136352539,"[24, 32)","[-inf, 31)","[82, inf)",True
conf0.25,0.25,1457.png,1,Cargo Truck,0.5752080082893372,cls,5,26.772589508421387,13,2632.0079345703125,1584.581298828125,2651.368896484375,1621.602783203125,112.93684387207031,"[24, 32)","[-inf, 31)","[82, inf)",True
conf0.25,0.25,1457.png,2,Cargo Truck,0.5424171686172485,bkg,-1,13.988418813315056,13,670.1475830078125,1588.8022994995115,687.8609619140625,1599.8490829467771,85.30555725097656,"[8, 16)","[-inf, 31)","[82, inf)",True
conf0.25,0.25,1457.png,3,Cargo Truck,0.5065630674362183,TP,9,19.157210960679354,13,2613.800048828125,1577.5170288085938,2629.42626953125,1601.0031127929688,117.44235229492188,"[16, 24)","[-inf, 31)","[82, inf)",False
conf0.25,0.25,1457.png,4,Truck w/Flatbed,0.4862724244594574,bkg,-1,30.730261368353023,13,2248.634765625,1263.2307739257812,2289.823486328125,1286.1581420898438,103.3204345703125,"[24, 32)","[-inf, 31)","[82, inf)",True
conf0.25,0.25,1457.png,5,Cargo Truck,0.462567389011383,bkg,-1,19.18658460769568,13,1348.6600341796875,2164.374389648437,1375.1715087890625,2178.2598876953125,73.47380828857422,"[16, 24)","[-inf, 31)","[59, 82)",True
conf0.25,0.25,1457.png,6,Cargo Truck,0.4547374844551086,bkg,-1,30.065244063934188,13,885.1099090576172,1972.3214721679688,928.699447631836,1993.058532714844,97.35433959960938,"[24, 32)","[-inf, 31)","[82, inf)",True
conf0.25,0.25,1457.png,7,Cargo Truck,0.4406041502952575,bkg,-1,20.071019361795525,13,949.3545532226562,2394.287841796875,974.5955810546876,2410.247802734375,88.83936309814453,"[16, 24)","[-inf, 31)","[82, inf)",True
conf0.25,0.25,1457.png,8,Truck w/Box,0.3183725476264953,both,4,37.887080602312146,13,2606.533203125,1639.0012741088867,2631.448974609375,1696.6126098632812,105.67904663085938,"[32, 48)","[-inf, 31)","[82, inf)",True
conf0.25,0.25,1457.png,9,Cargo Truck,0.3027839362621307,bkg,-1,17.05873877601514,13,1534.7613525390625,2095.7570190429688,1559.6353759765625,2107.455993652344,117.76331329345703,"[16, 24)","[-inf, 31)","[82, inf)",True
conf0.25,0.25,1457.png,10,Cargo Truck,0.3018276691436767,loc,3,33.00860049069011,13,2605.069702148437,1643.2095184326172,2625.2388916015625,1697.2309112548828,107.77316284179688,"[32, 48)","[-inf, 31)","[82, inf)",True
conf0.25,0.25,1457.png,11,Truck w/Box,0.2867717742919922,bkg,-1,24.61975651704148,13,997.9171447753906,2308.444091796875,1013.6946105957032,2346.861694335937,100.21870422363281,"[24, 32)","[-inf, 31)","[82, inf)",True
conf0.25,0.25,1457.png,12,Cargo Truck,0.269039511680603,TP,2,23.386525196162353,13,2634.336303710937,1646.9688720703125,2652.3624267578125,1677.309814453125,103.97532653808594,"[16, 24)","[-inf, 31)","[82, inf)",False
conf0.25,0.25,1457.png,13,Cargo Truck,0.2612940371036529,TP,6,17.81344287033229,13,1789.5851745605469,2593.560546875,1802.0431213378904,2619.03173828125,72.02381134033203,"[16, 24)","[-inf, 31)","[59, 82)",False
conf0.25,0.25,1530.png,0,Cargo Truck,0.7534055709838867,bkg,-1,22.70109375480175,14,1426.8075561523438,1595.5574951171875,1447.1725463867188,1620.8626708984375,45.870628356933594,"[16, 24)","[-inf, 31)","[45, 59)",True
conf0.25,0.25,1530.png,1,Cargo Truck,0.7429143786430359,bkg,-1,22.621192882424378,14,3043.7848510742188,988.094467163086,3062.058654785156,1016.0973052978516,69.32758331298828,"[16, 24)","[-inf, 31)","[59, 82)",True
conf0.25,0.25,1530.png,2,Truck w/Box,0.7426849603652954,cls,11,40.410484513967916,14,1888.2598876953125,1366.1627807617188,1916.1690673828125,1424.6742553710938,47.19520568847656,"[32, 48)","[-inf, 31)","[45, 59)",True
conf0.25,0.25,1530.png,3,Cargo Truck,0.6989912390708923,bkg,-1,18.034933736393935,14,1702.433837890625,1112.2767944335938,1727.3783264160156,1125.3161010742188,52.85988998413086,"[16, 24)","[-inf, 31)","[45, 59)",True
conf0.25,0.25,1530.png,4,Cargo Truck,0.6788976788520813,TP,13,20.406003850866025,14,1727.7642822265625,1051.7330932617188,1741.882568359375,1081.2271118164062,45.80215072631836,"[16, 24)","[-inf, 31)","[45, 59)",False
conf0.25,0.25,1530.png,5,Cargo Truck,0.57906174659729,TP,1,16.4376952992374,14,606.7293701171875,2037.913024902344,629.4267578125,2049.8173828125,66.34294891357422,"[16, 24)","[-inf, 31)","[59, 82)",False
conf0.25,0.25,1530.png,6,Cargo Truck,0.5478385090827942,bkg,-1,16.00928552812173,14,730.8873291015625,2851.2691650390625,750.8919677734375,2864.0810546875,60.07823181152344,"[16, 24)","[-inf, 31)","[59, 82)",True
conf0.25,0.25,1530.png,7,Cargo Truck,0.5140019655227661,TP,5,15.249622951012853,14,2827.14697265625,3189.6649169921875,2838.253173828125,3210.603759765625,89.08712005615234,"[8, 16)","[-inf, 31)","[82, inf)",False
conf0.25,0.25,1530.png,8,Cargo Truck,0.5126373171806335,bkg,-1,22.838835006158146,14,732.2255249023438,2835.786865234375,758.8744506835938,2855.3603515625,30.377424240112305,"[16, 24)","[-inf, 31)","[-inf, 45)",True
conf0.25,0.25,1530.png,9,Truck w/Box,0.4686647653579712,bkg,-1,25.54906644258756,14,645.0862426757812,2847.223022460937,671.4043579101562,2872.0255126953125,55.994300842285156,"[24, 32)","[-inf, 31)","[45, 59)",True
conf0.25,0.25,1530.png,10,Cargo Truck,0.4484373927116394,TP,9,20.989853082127244,14,1677.4349670410156,1075.031005859375,1709.1200256347656,1088.935791015625,40.99783706665039,"[16, 24)","[-inf, 31)","[-inf, 45)",False
conf0.25,0.25,1530.png,11,Cargo Truck,0.4405708312988281,loc,9,21.502310053513423,14,1678.3567657470703,1081.8864135742188,1710.3806915283203,1096.3240356445312,44.842803955078125,"[16, 24)","[-inf, 31)","[-inf, 45)",True
conf0.25,0.25,1530.png,12,Cargo Truck,0.3655582070350647,bkg,-1,16.3387713662919,14,1763.3096923828125,1114.898193359375,1778.3807373046875,1132.611328125,89.95394897460938,"[16, 24)","[-inf, 31)","[82, inf)",True
conf0.25,0.25,1530.png,13,Cargo Truck,0.3309545814990997,bkg,-1,20.13682804614504,14,870.6449584960938,2854.9052734375,887.5861206054688,2878.840576171875,42.073333740234375,"[16, 24)","[-inf, 31)","[-inf, 45)",True
conf0.25,0.25,1530.png,14,Truck w/Box,0.3007676303386688,bkg,-1,17.803234983469086,14,960.3683471679688,1080.416015625,972.2160034179688,1107.1685791015625,57.846153259277344,"[16, 24)","[-inf, 31)","[45, 59)",True
conf0.25,0.25,1530.png,15,Cargo Truck,0.2852974832057953,bkg,-1,19.888949935754226,14,2889.1962890625,2373.540405273437,2910.269775390625,2392.3114013671875,65.50227355957031,"[16, 24)","[-inf, 31)","[59, 82)",True
conf0.25,0.25,1530.png,16,Cargo Truck,0.2765991985797882,loc,8,24.96429789952444,14,1081.6974487304688,1592.051239013672,1113.3048095703125,1611.7686767578125,40.54545593261719,"[24, 32)","[-inf, 31)","[-inf, 45)",True
conf0.25,0.25,1530.png,17,Cargo Truck,0.2597717046737671,bkg,-1,23.12215000839216,14,768.3135986328125,716.50146484375,796.6866455078125,735.344482421875,38.65345001220703,"[16, 24)","[-inf, 31)","[-inf, 45)",True
conf0.25,0.25,1530.png,18,Truck w/Liquid,0.2501034438610077,TP,7,23.55771349563951,14,1096.5347595214844,484.600341796875,1113.470245361328,517.3697509765625,61.738563537597656,"[16, 24)","[-inf, 31)","[59, 82)",False
conf0.25,0.25,1929.png,0,Cargo Truck,0.7611604332923889,bkg,-1,30.143100221541964,77,2505.001892089844,1292.5817260742188,2548.606231689453,1313.4192504882812,60.611568450927734,"[24, 32)","[76, 97)","[59, 82)",True
conf0.25,0.25,1929.png,1,Truck w/Box,0.7465581893920898,bkg,-1,40.36684979502751,77,3258.9615478515625,1095.9588928222656,3306.3033142089844,1130.378448486328,54.667232513427734,"[32, 48)","[76, 97)","[45, 59)",True
conf0.25,0.25,1929.png,2,Truck w/Box,0.6020423769950867,bkg,-1,42.36243145214764,77,3518.2593994140625,1175.170166015625,3575.126037597656,1206.727783203125,63.20096969604492,"[32, 48)","[76, 97)","[59, 82)",True
conf0.25,0.25,1929.png,3,Truck w/Box,0.5949011445045471,bkg,-1,41.277472790317454,77,3453.5323486328125,1187.772918701172,3491.1939697265625,1233.0133972167969,51.495361328125,"[32, 48)","[76, 97)","[45, 59)",True
conf0.25,0.25,1929.png,4,Cargo Truck,0.589618980884552,bkg,-1,19.826565153572865,77,4795.626525878906,2794.2875366210938,4827.046325683594,2806.7985229492188,43.06993103027344,"[16, 24)","[76, 97)","[-inf, 45)",True
conf0.25,0.25,1929.png,5,Truck w/Box,0.4980840384960174,bkg,-1,44.042174813669895,77,3497.8922119140625,1211.9107055664062,3565.045288085937,1240.795654296875,55.5908203125,"[32, 48)","[76, 97)","[45, 59)",True
conf0.25,0.25,1929.png,6,Cargo Truck,0.4705178141593933,bkg,-1,22.153494393176246,77,4884.069091796875,2375.275390625,4903.407836914063,2400.6533203125,73.42308044433594,"[16, 24)","[76, 97)","[59, 82)",True
conf0.25,0.25,1929.png,7,Truck w/Box,0.454262226819992,cls,65,45.89226080625706,77,2353.9706268310547,1717.5358276367188,2403.2752532958984,1760.2518920898438,71.5458984375,"[32, 48)","[76, 97)","[59, 82)",True
conf0.25,0.25,1929.png,8,Truck w/Box,0.3818465173244476,bkg,-1,36.45831526437947,77,4063.196044921875,1688.45263671875,4086.386962890625,1745.7685546875,67.48994445800781,"[32, 48)","[76, 97)","[59, 82)",True
conf0.25,0.25,1929.png,9,Truck w/Box,0.3775160014629364,bkg,-1,42.203987087708235,77,1223.3638305664062,2338.386474609375,1278.6464233398438,2370.60595703125,53.09199142456055,"[32, 48)","[76, 97)","[45, 59)",True
conf0.25,0.25,1929.png,10,Cargo Truck,0.3324610888957977,TP,0,19.850267652537593,77,4901.026611328125,2375.7496948242188,4919.910400390625,2396.6159057617188,48.354068756103516,"[16, 24)","[76, 97)","[45, 59)",False
conf0.25,0.25,1929.png,11,Truck w/Box,0.3229674994945526,bkg,-1,31.024556188000396,77,1536.0,3133.802978515625,1556.6364707946775,3180.44482421875,45.82143020629883,"[24, 32)","[76, 97)","[45, 59)",True
conf0.25,0.25,1929.png,12,Cargo Truck,0.3228842914104461,bkg,-1,15.833135483994694,77,4676.32373046875,577.636962890625,4691.4208984375,594.241943359375,48.15277862548828,"[8, 16)","[76, 97)","[45, 59)",True
conf0.25,0.25,1929.png,13,Truck w/Box,0.3187536895275116,cls,3,33.80140930301197,77,4360.690185546875,1767.3038330078125,4444.868774414063,1780.8765869140625,70.49663543701172,"[32, 48)","[76, 97)","[59, 82)",True
conf0.25,0.25,1929.png,14,Cargo Truck,0.2727963328361511,bkg,-1,15.706573614375856,77,2341.3853149414062,2735.321533203125,2368.7203979492188,2744.346435546875,61.04999923706055,"[8, 16)","[76, 97)","[59, 82)",True
conf0.25,0.25,20.png,0,Truck w/Box,0.8021010756492615,TP,2,32.677132234160815,43,661.8221435546875,586.014404296875,681.8714599609375,639.2728271484375,77.79100799560547,"[32, 48)","[31, 76)","[59, 82)",False
conf0.25,0.25,20.png,1,Truck w/Box,0.7553900480270386,TP,1,33.53268017345257,43,768.2088623046875,624.2413330078125,822.8079833984375,644.8358154296875,62.98181915283203,"[32, 48)","[31, 76)","[59, 82)",False
conf0.25,0.25,20.png,2,Truck w/Box,0.7205480337142944,TP,0,28.027408659856512,43,776.00927734375,594.043701171875,834.378662109375,607.501708984375,97.03268432617188,"[24, 32)","[31, 76)","[82, inf)",False
conf0.25,0.25,20.png,3,Truck w/Box,0.7091800570487976,bkg,-1,29.919268502037127,43,2834.6778564453125,2904.04638671875,2867.9454345703125,2930.954345703125,108.41830444335938,"[24, 32)","[31, 76)","[82, inf)",True
conf0.25,0.25,20.png,4,Truck w/Box,0.646718442440033,bkg,-1,25.695739621920982,43,774.14208984375,607.8759155273438,827.13818359375,620.3347778320312,94.4920654296875,"[24, 32)","[31, 76)","[82, inf)",True
conf0.25,0.25,20.png,5,Truck w/Flatbed,0.6241628527641296,bkg,-1,20.375909120954155,43,1367.310791015625,1896.0804443359373,1384.981689453125,1919.575439453125,105.71759033203125,"[16, 24)","[31, 76)","[82, inf)",True
conf0.25,0.25,20.png,6,Truck w/Flatbed,0.5958210229873657,bkg,-1,49.23614853899171,43,739.3397827148438,48.64666748046875,773.3045043945312,120.02067565917967,73.05126953125,"[48, 96)","[31, 76)","[59, 82)",True
conf0.25,0.25,20.png,7,Truck w/Box,0.5484833717346191,TP,10,28.693835424288995,43,833.100341796875,889.6787109375,849.6998291015625,939.27880859375,85.26643371582031,"[24, 32)","[31, 76)","[82, inf)",False
conf0.25,0.25,20.png,8,Cargo Truck,0.5245999693870544,bkg,-1,14.628423423633125,43,2070.636018753052,28.38014411926269,2090.9241676330566,38.92771911621094,92.35064697265625,"[8, 16)","[31, 76)","[82, inf)",True
conf0.25,0.25,20.png,9,Truck w/Box,0.5242448449134827,loc,5,33.62145572853417,43,768.2998352050781,644.8423461914062,797.8689727783203,683.0714721679688,80.62916564941406,"[32, 48)","[31, 76)","[59, 82)",True
conf0.25,0.25,20.png,10,Truck w/Flatbed,0.4634504020214081,bkg,-1,28.15592012320647,43,1141.7573852539062,2167.7353515625,1165.4461669921875,2201.2008056640625,97.91085815429688,"[24, 32)","[31, 76)","[82, inf)",True
conf0.25,0.25,20.png,11,Truck w/Box,0.4557270109653473,bkg,-1,26.811025342203248,43,623.4269409179688,560.8203125,648.4096069335938,589.593505859375,127.0923080444336,"[24, 32)","[31, 76)","[82, inf)",True
conf0.25,0.25,20.png,12,Truck w/Box,0.4471223056316376,TP,3,35.94516263788361,43,636.590087890625,597.3323974609375,660.961181640625,650.3482666015625,125.72666931152344,"[32, 48)","[31, 76)","[82, inf)",False
conf0.25,0.25,20.png,13,Cargo Truck,0.4085530340671539,bkg,-1,15.389443042434328,43,1356.989013671875,1907.0,1371.929931640625,1922.851432800293,105.83203125,"[8, 16)","[31, 76)","[82, inf)",True
conf0.25,0.25,20.png,14,Truck w/Box,0.3734908103942871,bkg,-1,22.205331958199267,43,1293.62109375,1908.6457195281985,1312.685546875,1934.509391784668,105.3129653930664,"[16, 24)","[31, 76)","[82, inf)",True
conf0.25,0.25,20.png,15,Cargo Truck,0.3615172803401947,bkg,-1,20.240032154542913,43,1337.2111206054688,1881.0458068847656,1353.8381958007812,1905.6838684082031,98.42823791503906,"[16, 24)","[31, 76)","[82, inf)",True
conf0.25,0.25,20.png,16,Cargo Truck,0.3529148995876312,bkg,-1,20.68667744157501,43,1328.7703247070312,1909.5091361999512,1344.7417602539062,1936.303134918213,108.8802490234375,"[16, 24)","[31, 76)","[82, inf)",True
conf0.25,0.25,20.png,17,Truck w/Box,0.3391505777835846,bkg,-1,27.174995317235137,43,2069.0,2563.140869140625,2108.156188964844,2582.000732421875,106.54624938964844,"[24, 32)","[31, 76)","[82, inf)",True
conf0.25,0.25,20.png,18,Cargo Truck,0.3250330984592438,cls,26,24.97062951033485,43,1332.3836669921875,2603.335327148437,1355.5477294921875,2630.25341796875,73.63392639160156,"[24, 32)","[31, 76)","[59, 82)",True
conf0.25,0.25,20.png,19,Truck w/Box,0.3073953688144684,bkg,-1,19.09287146741702,43,1323.15478515625,1860.121826171875,1338.029541015625,1884.628967285156,138.3699951171875,"[16, 24)","[31, 76)","[82, inf)",True
conf0.25,0.25,20.png,20,Truck w/Flatbed,0.3034263253211975,bkg,-1,18.27246479317565,43,1330.27783203125,1911.710876464844,1344.358642578125,1935.422790527344,112.54933166503906,"[16, 24)","[31, 76)","[82, inf)",True
conf0.25,0.25,20.png,21,Cargo Truck,0.2769595086574554,bkg,-1,21.155178217862623,43,1546.3811712265017,1201.6956176757812,1562.119369506836,1230.1322631835938,71.36470794677734,"[16, 24)","[31, 76)","[59, 82)",True
conf0.25,0.25,20.png,22,Cargo Truck,0.2635414600372314,bkg,-1,16.57899097478312,43,1308.5224609375,1909.8433227539065,1322.3818359375,1929.6755981445312,87.63491821289062,"[16, 24)","[31, 76)","[82, inf)",True
conf0.25,0.25,20.png,23,Truck w/Box,0.2590776681900024,bkg,-1,28.171933683438994,43,1673.5880126953125,2515.800537109375,1695.73046875,2551.643798828125,88.35017395019531,"[24, 32)","[31, 76)","[82, inf)",True
conf0.25,0.25,20.png,24,Cargo Truck,0.2557385265827179,bkg,-1,16.963529501629335,43,1287.749267578125,1884.4889221191409,1300.87744140625,1906.4082946777344,94.95962524414062,"[16, 24)","[31, 76)","[82, inf)",True
conf0.25,0.25,2139.png,0,Cargo Truck,0.7144348621368408,TP,45,25.97282153590598,92,1998.613525390625,838.042724609375,2019.1966552734373,870.8165283203125,44.814048767089844,"[24, 32)","[76, 97)","[-inf, 45)",False
conf0.25,0.25,2139.png,1,Cargo Truck,0.7045971751213074,bkg,-1,16.254906629760736,92,2152.746490478516,1356.6495361328125,2171.537567138672,1370.7105712890625,107.44000244140625,"[16, 24)","[76, 97)","[82, inf)",True
conf0.25,0.25,2139.png,2,Cargo Truck,0.697731614112854,TP,27,18.643233318215607,92,1980.7091674804688,940.684814453125,1995.6560668945312,963.9384765625,65.99478912353516,"[16, 24)","[76, 97)","[59, 82)",False
conf0.25,0.25,2139.png,3,Truck w/Box,0.6953800320625305,TP,17,20.875978848070467,92,1546.4578857421875,1539.7764892578125,1559.412841796875,1573.4166259765625,92.72040557861328,"[16, 24)","[76, 97)","[82, inf)",False
conf0.25,0.25,2139.png,4,Truck w/Box,0.6607940793037415,bkg,-1,26.19689153110012,92,1461.7952880859375,1971.1091346740725,1480.0875244140625,2008.6265335083008,63.19736862182617,"[24, 32)","[76, 97)","[59, 82)",True
conf0.25,0.25,2139.png,5,Cargo Truck,0.647992730140686,TP,44,21.654233815419513,92,2143.44104385376,1374.2724609375,2168.6475944519043,1392.875,123.5242919921875,"[16, 24)","[76, 97)","[82, inf)",False
conf0.25,0.25,2139.png,6,Cargo Truck,0.6191760897636414,TP,42,18.23527454479874,92,2404.4637451171875,1697.6696166992188,2419.2880859375,1720.1006469726562,122.58333587646484,"[16, 24)","[76, 97)","[82, inf)",False
conf0.25,0.25,2139.png,7,Cargo Truck,0.6142482757568359,cls,83,20.722527708786117,92,1624.4615631103516,1536.269172668457,1639.4544830322266,1564.9109020233154,90.6551742553711,"[16, 24)","[76, 97)","[82, inf)",True
conf0.25,0.25,2139.png,8,Cargo Truck,0.608434796333313,bkg,-1,21.46354369730994,92,1647.3292694091797,1536.8113441467283,1661.4327239990234,1569.475944519043,91.4431381225586,"[16, 24)","[76, 97)","[82, inf)",True
conf0.25,0.25,2139.png,9,Cargo Truck,0.5945199728012085,TP,29,25.436344080631347,92,2849.4390869140625,2482.091125488281,2880.2257080078125,2503.1069946289062,97.79119110107422,"[24, 32)","[76, 97)","[82, inf)",False
conf0.25,0.25,2139.png,10,Truck w/Box,0.5896946787834167,TP,8,23.84015055456982,92,1599.21337890625,1583.1717529296875,1615.5650634765625,1617.9298095703125,113.6100845336914,"[16, 24)","[76, 97)","[82, inf)",False
conf0.25,0.25,2139.png,11,Truck w/Box,0.5892441868782043,cls,20,25.306300779914924,92,1985.362365722656,1324.5010986328125,2004.3529663085935,1358.2235107421875,65.55142974853516,"[24, 32)","[76, 97)","[59, 82)",True
conf0.25,0.25,2139.png,12,Cargo Truck,0.5807691216468811,cls,5,21.03256113433464,92,1637.102554321289,1536.2926273345947,1651.607192993164,1566.791051864624,141.5247344970703,"[16, 24)","[76, 97)","[82, inf)",True
conf0.25,0.25,2139.png,13,Cargo Truck,0.5091258883476257,TP,22,24.152643982022084,92,2378.13330078125,1498.2283935546875,2397.191650390625,1528.8370361328125,86.71935272216797,"[24, 32)","[76, 97)","[82, inf)",False
conf0.25,0.25,2139.png,14,Cargo Truck,0.5038525462150574,TP,38,18.55880349162564,92,1556.5458984375,1650.9820556640625,1571.308349609375,1674.313491821289,85.80750274658203,"[16, 24)","[76, 97)","[82, inf)",False
conf0.25,0.25,2139.png,15,Cargo Truck,0.4936469495296478,cls,85,27.384950508367922,92,2517.2631225585938,1874.8618774414065,2537.0679321289062,1912.7282104492188,65.62515258789062,"[24, 32)","[76, 97)","[59, 82)",True
conf0.25,0.25,2139.png,16,Cargo Truck,0.4874113202095032,cls,89,21.0176298579572,92,1604.68603515625,1536.6435260772705,1619.178955078125,1567.1232891082764,140.064453125,"[16, 24)","[76, 97)","[82, inf)",True
conf0.25,0.25,2139.png,17,Truck w/Box,0.4824072122573852,TP,53,22.446952457180156,92,1524.2652587890625,1542.1676025390625,1539.5592041015625,1575.113037109375,114.2867660522461,"[16, 24)","[76, 97)","[82, inf)",False
conf0.25,0.25,2139.png,18,Cargo Truck,0.4815497398376465,TP,7,21.915132914968975,92,1591.546142578125,1536.8161735534668,1608.891845703125,1564.5044746398926,90.33716583251953,"[16, 24)","[76, 97)","[82, inf)",False
conf0.25,0.25,2139.png,19,Cargo Truck,0.4508079886436462,loc,60,21.30928971590225,92,1550.2037963867188,1669.9131317138672,1566.9346313476562,1697.0537872314453,98.65922546386719,"[16, 24)","[76, 97)","[82, inf)",True
conf0.25,0.25,2139.png,20,Cargo Truck,0.4401397705078125,TP,3,15.90380410338976,92,2308.643341064453,2522.7586669921875,2329.172119140625,2535.079467773437,110.53571319580078,"[8, 16)","[76, 97)","[82, inf)",False
conf0.25,0.25,2139.png,21,Truck w/Box,0.425709456205368,bkg,-1,20.80002740344663,92,1647.6905517578125,1535.2431640625,1660.4681396484375,1569.1025390625,92.81428527832031,"[16, 24)","[76, 97)","[82, inf)",True
conf0.25,0.25,2139.png,22,Cargo Truck,0.4225290715694427,TP,33,12.700875524764726,92,1401.0753173828125,958.3582763671876,1409.78564453125,976.8779296875,92.95321655273438,"[8, 16)","[76, 97)","[82, inf)",False
conf0.25,0.25,2139.png,23,Cargo Truck,0.4115056991577148,TP,63,20.753287643785583,92,2385.302001953125,2631.5504150390625,2402.0947265625,2657.1983642578125,113.96501922607422,"[16, 24)","[76, 97)","[82, inf)",False
conf0.25,0.25,2139.png,24,Truck w/Box,0.4065471589565277,bkg,-1,32.30334130357106,92,1949.2252197265625,1384.945068359375,1971.1002197265625,1432.648193359375,64.09405517578125,"[32, 48)","[76, 97)","[59, 82)",True
conf0.25,0.25,2139.png,25,Truck w/Box,0.3979857265949249,TP,50,27.91146701019927,92,2523.5831298828125,1656.3203887939453,2563.1424560546875,1676.0135955810547,73.16608428955078,"[24, 32)","[76, 97)","[59, 82)",False
conf0.25,0.25,2139.png,26,Cargo Truck,0.394571304321289,TP,55,17.12997503290058,92,2391.7371215820312,2025.5267868041992,2406.3560791015625,2045.5990829467771,70.62797546386719,"[16, 24)","[76, 97)","[59, 82)",False
conf0.25,0.25,2139.png,27,Truck w/Box,0.3737097382545471,bkg,-1,32.59850202358012,92,1959.0362243652344,1381.503662109375,1980.329864501953,1431.4088134765625,77.35115814208984,"[32, 48)","[76, 97)","[59, 82)",True
conf0.25,0.25,2139.png,28,Cargo Truck,0.3711303770542145,cls,50,29.01171434103759,92,2522.92431640625,1654.024658203125,2560.0,1676.726318359375,77.15904235839844,"[24, 32)","[76, 97)","[59, 82)",True
conf0.25,0.25,2139.png,29,Cargo Truck,0.3710840940475464,bkg,-1,23.257473042643774,92,2541.10302734375,2892.781494140625,2569.6795654296875,2911.7099609375,126.86724090576172,"[16, 24)","[76, 97)","[82, inf)",True
conf0.25,0.25,2139.png,30,Cargo Truck,0.364492118358612,cls,72,28.228988150469707,92,2511.8201904296875,1691.3388671875,2547.9552001953125,1713.3916015625,65.43008422851562,"[24, 32)","[76, 97)","[59, 82)",True
conf0.25,0.25,2139.png,31,Truck w/Box,0.360799103975296,cls,40,17.594094842204264,92,1536.6796264648438,1539.6510009765625,1548.4564819335938,1565.935791015625,83.57264709472656,"[16, 24)","[76, 97)","[82, inf)",True
conf0.25,0.25,2139.png,32,Cargo Truck,0.3486208915710449,bkg,-1,14.669179906506292,92,1960.90185546875,801.721435546875,1972.9014892578125,819.654052734375,110.81781005859375,"[8, 16)","[76, 97)","[82, inf)",True
conf0.25,0.25,2139.png,33,Cargo Truck,0.3355885446071625,bkg,-1,11.153033804714243,92,1985.271728515625,844.392578125,1994.1419677734373,858.4158935546875,126.64666748046875,"[8, 16)","[76, 97)","[82, inf)",True
conf0.25,0.25,2139.png,34,Cargo Truck,0.3303171992301941,bkg,-1,13.324264843899309,92,1961.89404296875,828.5252685546875,1975.452880859375,841.6190185546875,95.3952407836914,"[8, 16)","[76, 97)","[82, inf)",True
conf0.25,0.25,2139.png,35,Cargo Truck,0.3177714347839355,bkg,-1,13.387188729818021,92,1955.71142578125,925.5142822265624,1972.375,936.269287109375,113.27777862548828,"[8, 16)","[76, 97)","[82, inf)",True
conf0.25,0.25,2139.png,36,Cargo Truck,0.3164744675159454,bkg,-1,17.80154038420502,92,1563.6957817077637,2121.152069091797,1574.7394523620603,2149.8467712402344,25.126436233520508,"[16, 24)","[76, 97)","[-inf, 45)",True
conf0.25,0.25,2139.png,37,Cargo Truck,0.3062025904655456,bkg,-1,14.663466289514684,92,1925.7469787597656,1573.8872680664062,1945.9667053222656,1584.5213012695312,69.0793685913086,"[8, 16)","[76, 97)","[59, 82)",True
conf0.25,0.25,2139.png,38,Truck w/Box,0.305117517709732,TP,5,21.42253279562933,92,1637.1900634765625,1530.9877319335938,1650.8211669921875,1564.6552124023438,138.34898376464844,"[16, 24)","[76, 97)","[82, inf)",False
conf0.25,0.25,2139.png,39,Cargo Truck,0.3014436662197113,bkg,-1,24.114026050568505,92,2526.5997314453125,2853.7357788085938,2556.7760009765625,2873.0054321289062,134.7711181640625,"[24, 32)","[76, 97)","[82, inf)",True
conf0.25,0.25,2139.png,40,Cargo Truck,0.2973125278949737,TP,56,19.156852995957415,92,2416.948974609375,1539.1780281066897,2440.5135498046875,1554.7516174316406,127.36000061035156,"[16, 24)","[76, 97)","[82, inf)",False
conf0.25,0.25,2139.png,41,Cargo Truck,0.2965060174465179,cls,17,21.322947451531103,92,1546.123779296875,1540.8630599975586,1559.5908203125,1574.6246032714844,95.78367614746094,"[16, 24)","[76, 97)","[82, inf)",True
conf0.25,0.25,2139.png,42,Cargo Truck,0.2929426431655884,TP,6,21.987770839072585,92,2199.6345825195312,2769.9988403320312,2229.175720214844,2786.364562988281,113.08064270019531,"[16, 24)","[76, 97)","[82, inf)",False
conf0.25,0.25,2139.png,43,Truck w/Box,0.2893790602684021,TP,85,26.138213611625442,92,2518.3916015625,1875.8024597167969,2537.1275634765625,1912.2674255371091,67.45789337158203,"[24, 32)","[76, 97)","[59, 82)",False
conf0.25,0.25,2139.png,44,Cargo Truck,0.2835017740726471,bkg,-1,12.164384554677094,92,1974.4395446777344,828.3272094726562,1984.8443298339844,842.5487670898438,121.64242553710938,"[8, 16)","[76, 97)","[82, inf)",True
conf0.25,0.25,2139.png,45,Cargo Truck,0.2789797186851501,bkg,-1,18.26306362809794,92,2277.09033203125,1700.0224609375,2299.76171875,1714.734375,86.51883697509766,"[16, 24)","[76, 97)","[82, inf)",True
conf0.25,0.25,2139.png,46,Cargo Truck,0.277902215719223,bkg,-1,15.622154471811042,92,1779.7137451171875,2016.2162322998047,1792.0,2036.0800323486328,88.23809814453125,"[8, 16)","[76, 97)","[82, inf)",True
conf0.25,0.25,2139.png,47,Cargo Truck,0.2708007991313934,loc,40,23.462423601085586,92,1523.9260864257812,1541.3210220336914,1540.0031127929688,1575.5615158081057,113.69999694824219,"[16, 24)","[76, 97)","[82, inf)",True
conf0.25,0.25,2139.png,48,Cargo Truck,0.2598171234130859,TP,39,17.865790113573894,92,1567.3466796875,1651.431396484375,1581.153564453125,1674.54931640625,81.7861099243164,"[16, 24)","[76, 97)","[59, 82)",False
conf0.25,0.25,2292.png,0,Truck Tractor,0.4209266304969787,cls,10,32.837331640148605,30,3316.352905273437,2363.652709960937,3336.9705810546875,2415.9520263671875,34.52381134033203,"[32, 48)","[-inf, 31)","[-inf, 45)",True
conf0.25,0.25,2292.png,1,Truck Tractor,0.3240375518798828,both,2,28.9546887937363,30,3304.0047607421875,2368.286376953125,3320.889892578125,2417.93798828125,33.737648010253906,"[24, 32)","[-inf, 31)","[-inf, 45)",True
conf0.25,0.25,2292.png,2,Truck w/Flatbed,0.29500612616539,TP,24,26.298229181024336,30,3059.868469238281,1593.8018836975098,3074.9877319335938,1639.5446472167969,60.603721618652344,"[24, 32)","[-inf, 31)","[59, 82)",False
conf0.25,0.25,2292.png,3,Truck w/Flatbed,0.2822999358177185,TP,1,26.045365946602,30,3358.3458251953125,2369.5835571289062,3375.685913085937,2408.7045288085938,42.70694351196289,"[24, 32)","[-inf, 31)","[-inf, 45)",False
conf0.25,0.25,2292.png,4,Cargo Truck,0.2765574157238006,TP,25,15.172490136191898,30,890.3604583740234,2290.5184326171875,901.891372680664,2310.4825439453125,86.52777862548828,"[8, 16)","[-inf, 31)","[82, inf)",False
conf0.25,0.25,2292.png,5,Truck w/Box,0.2719456255435943,bkg,-1,29.942771470970207,30,2345.056640625,1796.2412719726562,2412.243408203125,1809.585708618164,40.61134338378906,"[24, 32)","[-inf, 31)","[-inf, 45)",True
conf0.25,0.25,2292.png,6,Truck w/Box,0.2641773819923401,bkg,-1,35.70335531755195,30,872.9533920288086,1953.9583435058596,952.5511169433594,1969.9729919433596,57.80609893798828,"[32, 48)","[-inf, 31)","[45, 59)",True
conf0.25,0.25,2292.png,7,Truck w/Flatbed,0.2612355649471283,TP,7,32.93291513230035,30,3365.630859375,2249.9357299804688,3424.223388671875,2268.446228027344,38.685001373291016,"[32, 48)","[-inf, 31)","[-inf, 45)",False
conf0.25,0.25,2292.png,8,Truck w/Flatbed,0.2517403662204742,TP,10,32.68142770570111,30,3315.848999023437,2363.982727050781,3336.221435546875,2416.410217285156,34.69528579711914,"[32, 48)","[-inf, 31)","[-inf, 45)",False
conf0.25,0.25,2293.png,0,Truck w/Box,0.7528042197227478,cls,142,27.361278293446333,145,2666.4947509765625,844.788818359375,2716.5596923828125,859.7421875,50.02083206176758,"[24, 32)","[97, inf)","[45, 59)",True
conf0.25,0.25,2293.png,1,Truck w/Box,0.6919423341751099,cls,85,31.616731667254896,145,2891.47265625,860.2205810546875,2950.008056640625,877.2977294921875,41.91203689575195,"[24, 32)","[97, inf)","[-inf, 45)",True
conf0.25,0.25,2293.png,2,Truck w/Flatbed,0.6899992227554321,bkg,-1,29.770377313904426,145,2459.963592529297,855.2334747314453,2511.767303466797,872.3418121337891,41.532493591308594,"[24, 32)","[97, inf)","[-inf, 45)",True
conf0.25,0.25,2293.png,3,Truck w/Box,0.6775425672531128,cls,96,25.43468329319781,145,2527.9515075683594,1593.5069885253906,2567.822662353516,1609.7323303222656,58.083213806152344,"[24, 32)","[97, inf)","[45, 59)",True
conf0.25,0.25,2293.png,4,Truck w/Flatbed,0.6691684722900391,bkg,-1,53.854343114510705,145,2321.2501220703125,1726.9759521484375,2367.336303710937,1789.9078369140625,20.976396560668945,"[48, 96)","[97, inf)","[-inf, 45)",True
conf0.25,0.25,2293.png,5,Cargo Truck,0.6519250869750977,TP,52,33.92666519377275,145,1166.1937255859375,1105.7766723632812,1207.8892211914062,1133.3820190429688,60.96141052246094,"[32, 48)","[97, inf)","[59, 82)",False
conf0.25,0.25,2293.png,6,Truck w/Flatbed,0.6467593908309937,bkg,-1,35.08185031454713,145,728.324462890625,1168.759765625,750.688232421875,1223.7923583984375,32.336181640625,"[32, 48)","[97, inf)","[-inf, 45)",True
conf0.25,0.25,2293.png,7,Truck w/Box,0.6462125778198242,cls,133,30.62151422204626,145,2608.651412963867,844.4752731323242,2667.893356323242,860.3031997680664,49.568626403808594,"[24, 32)","[97, inf)","[45, 59)",True
conf0.25,0.25,2293.png,8,Cargo Truck,0.6409727931022644,TP,141,30.820864480301,145,2282.6236572265625,2620.9664306640625,2301.0733642578125,2672.4537353515625,56.924530029296875,"[24, 32)","[97, inf)","[45, 59)",False
conf0.25,0.25,2293.png,9,Cargo Truck,0.6317158341407776,bkg,-1,29.763433654600828,145,2285.2823486328125,2677.1268310546875,2303.4080810546875,2726.0,62.71213912963867,"[24, 32)","[97, inf)","[59, 82)",True
conf0.25,0.25,2293.png,10,Truck w/Flatbed,0.6201481819152832,bkg,-1,43.83140989223024,145,147.52236938476562,2285.8465576171875,186.85757446289065,2334.6881103515625,42.39950180053711,"[32, 48)","[97, inf)","[-inf, 45)",True
conf0.25,0.25,2293.png,11,Cargo Truck,0.614005982875824,cls,107,37.022285251915505,145,3095.9354248046875,166.47128295898438,3149.2713623046875,192.16970825195312,51.41346740722656,"[32, 48)","[97, inf)","[45, 59)",True
conf0.25,0.25,2293.png,12,Truck w/Box,0.6098902225494385,cls,66,33.40211008860312,145,650.5264892578125,2199.2412109375,715.1663818359375,2216.50146484375,49.98569107055664,"[32, 48)","[97, inf)","[45, 59)",True
conf0.25,0.25,2293.png,13,Truck w/Box,0.6095255017280579,cls,12,28.85725006465467,145,2722.503936767578,843.0657958984375,2771.861541748047,859.9373779296875,57.2435302734375,"[24, 32)","[97, inf)","[45, 59)",True
conf0.25,0.25,2293.png,14,Truck w/Box,0.58609539270401,cls,125,22.872360095890507,145,2573.0,1587.6766357421875,2609.805244445801,1601.8905029296875,101.58378601074219,"[16, 24)","[97, inf)","[82, inf)",True
conf0.25,0.25,2293.png,15,Cargo Truck,0.5852164030075073,bkg,-1,22.030824106492833,145,2384.739990234375,939.1559448242188,2400.8629150390625,969.2594909667968,87.66413879394531,"[16, 24)","[97, inf)","[82, inf)",True
conf0.25,0.25,2293.png,16,Truck w/Box,0.5790178179740906,cls,99,34.11081388114828,145,3558.8486328125,214.74099731445312,3579.515625,271.0408020019531,59.90830612182617,"[32, 48)","[97, inf)","[59, 82)",True
conf0.25,0.25,2293.png,17,Truck w/Box,0.5725143551826477,cls,25,28.49660413987989,145,1871.1473693847656,1570.3660278320312,1887.4458923339844,1620.189956665039,42.30680465698242,"[24, 32)","[97, inf)","[-inf, 45)",True
conf0.25,0.25,2293.png,18,Cargo Truck,0.5717198848724365,TP,122,41.85317925578775,145,1490.7971801757812,947.720947265625,1544.9464721679688,980.0701904296876,57.67005157470703,"[32, 48)","[97, inf)","[45, 59)",False
conf0.25,0.25,2293.png,19,Truck w/Box,0.5384371876716614,cls,102,35.16960492258465,145,780.2750244140625,2214.7427978515625,849.6048583984375,2232.5836181640625,59.46090316772461,"[32, 48)","[97, inf)","[59, 82)",True
conf0.25,0.25,2293.png,20,Truck w/Box,0.5303944945335388,bkg,-1,28.15933414295836,145,1907.4913940429688,1670.71875,1926.817321777344,1711.7490234375,60.485713958740234,"[24, 32)","[97, inf)","[59, 82)",True
conf0.25,0.25,2293.png,21,Cargo Truck,0.5212260484695435,bkg,-1,21.388720509112677,145,2158.5272216796875,774.48193359375,2184.1971435546875,792.303466796875,68.38011932373047,"[16, 24)","[97, inf)","[59, 82)",True
conf0.25,0.25,2293.png,22,Truck w/Box,0.5167474150657654,cls,3,21.097627646461042,145,2579.373107910156,1620.206039428711,2617.7742309570312,1631.797103881836,90.20726776123047,"[16, 24)","[97, inf)","[82, inf)",True
conf0.25,0.25,2293.png,23,Truck w/Box,0.5163206458091736,cls,83,19.94244213384055,145,2533.6661987304688,1618.605499267578,2568.6625366210938,1629.9695739746094,100.87963104248047,"[16, 24)","[97, inf)","[82, inf)",True
conf0.25,0.25,2293.png,24,Cargo Truck,0.4951702654361725,TP,71,35.031544385944095,145,1349.0389404296875,1028.0393676757812,1392.0345458984375,1056.58203125,73.48824310302734,"[32, 48)","[97, inf)","[59, 82)",False
conf0.25,0.25,2293.png,25,Cargo Truck,0.4795581698417663,loc,123,28.656140349343666,145,273.85504150390625,1883.7931213378904,299.9711303710937,1915.236358642578,46.492706298828125,"[24, 32)","[97, inf)","[45, 59)",True
conf0.25,0.25,2293.png,26,Truck w/Box,0.4790876507759094,cls,117,33.01106470439848,145,2518.2793884277344,954.2470092773438,2584.5110778808594,970.7003173828124,93.12993621826172,"[32, 48)","[97, inf)","[82, inf)",True
conf0.25,0.25,2293.png,27,Truck w/Box,0.4752891361713409,cls,9,34.35652114227849,145,2867.2315673828125,827.0684204101562,2926.394897460937,847.0194702148438,45.727779388427734,"[32, 48)","[97, inf)","[45, 59)",True
conf0.25,0.25,2293.png,28,Truck w/Flatbed,0.4752433001995086,cls,76,35.6719713314191,145,2461.592529296875,1612.6629638671875,2521.281005859375,1633.9818115234375,66.4344253540039,"[32, 48)","[97, inf)","[59, 82)",True
conf0.25,0.25,2293.png,29,Truck w/Flatbed,0.4749256074428558,cls,47,29.263342600842996,145,1658.8096923828125,698.1708984375,1677.2379150390625,744.6400146484375,33.808509826660156,"[24, 32)","[97, inf)","[-inf, 45)",True
conf0.25,0.25,2293.png,30,Truck w/Flatbed,0.4674957990646362,bkg,-1,30.546752417628923,145,2536.7122344970703,10.70750904083252,2600.827087402344,25.26114273071289,49.657691955566406,"[24, 32)","[97, inf)","[45, 59)",True
conf0.25,0.25,2293.png,31,Cargo Truck,0.4628289043903351,bkg,-1,45.22644548323572,145,1439.126953125,970.6702270507812,1500.3016357421875,1004.1061401367188,49.8608283996582,"[32, 48)","[97, inf)","[45, 59)",True
conf0.25,0.25,2293.png,32,Truck w/Box,0.4293270409107208,both,7,23.320904226799094,145,2823.5093383789062,840.384521484375,2862.0230102539062,854.505859375,49.4900016784668,"[16, 24)","[97, inf)","[45, 59)",True
conf0.25,0.25,2293.png,33,Cargo Truck,0.4181537628173828,bkg,-1,22.511003600064814,145,1711.7005310058594,1170.8302001953125,1745.731414794922,1185.720947265625,85.61607360839844,"[16, 24)","[97, inf)","[82, inf)",True
conf0.25,0.25,2293.png,34,Cargo Truck,0.4153758287429809,TP,35,32.905548811866,145,1889.370178222656,1638.9217529296875,1910.9185180664065,1689.17041015625,54.22202682495117,"[32, 48)","[97, inf)","[45, 59)",False
conf0.25,0.25,2293.png,35,Cargo Truck,0.4058943390846252,TP,72,40.560500611826875,145,1296.773193359375,1041.0622253417969,1351.916259765625,1070.896514892578,53.37797546386719,"[32, 48)","[97, inf)","[45, 59)",False
conf0.25,0.25,2293.png,36,Cargo Truck,0.4037762284278869,bkg,-1,30.218239571837277,145,2444.5513916015625,1421.3192138671875,2469.921264648437,1457.3123779296875,55.8731803894043,"[24, 32)","[97, inf)","[45, 59)",True
conf0.25,0.25,2293.png,37,Cargo Truck,0.3916288316249847,loc,81,32.00268307837875,145,260.147705078125,1876.135986328125,288.8878173828125,1911.7716064453125,44.94827651977539,"[32, 48)","[97, inf)","[-inf, 45)",True
conf0.25,0.25,2293.png,38,Cargo Truck,0.3841707110404968,loc,61,30.200575895139465,145,1288.50732421875,1097.5430297851562,1326.912841796875,1121.2915649414062,32.987693786621094,"[24, 32)","[97, inf)","[-inf, 45)",True
conf0.25,0.25,2293.png,39,Truck w/Box,0.3735666871070862,cls,65,26.62633706119343,145,773.9078369140625,2089.768920898437,788.7674560546875,2137.479553222656,62.61606979370117,"[24, 32)","[97, inf)","[59, 82)",True
conf0.25,0.25,2293.png,40,Cargo Truck,0.3706657588481903,cls,128,28.83126441930025,145,2595.139068603516,921.1681823730468,2617.619804382324,958.1439208984376,52.40160369873047,"[24, 32)","[97, inf)","[45, 59)",True
conf0.25,0.25,2293.png,41,Truck w/Box,0.3706232905387878,TP,10,33.227828316757375,145,3574.3173828125,294.34478759765625,3597.0,343.02032470703125,54.59304428100586,"[32, 48)","[97, inf)","[45, 59)",False
conf0.25,0.25,2293.png,42,Truck w/Flatbed,0.3692819774150848,bkg,-1,28.78657220809289,145,2482.2122650146484,844.1249542236328,2532.7509002685547,860.5216522216797,47.820068359375,"[24, 32)","[97, inf)","[45, 59)",True
conf0.25,0.25,2293.png,43,Truck w/Flatbed,0.3675487041473388,TP,140,27.124416895501145,145,3024.5944213867188,2.08135986328125,3040.7189331054688,47.70965576171875,59.457801818847656,"[24, 32)","[97, inf)","[59, 82)",False
conf0.25,0.25,2293.png,44,Cargo Truck,0.3606242537498474,TP,69,34.95941684719032,145,663.5438232421875,2291.658447265625,689.7979736328125,2338.2095947265625,39.611881256103516,"[32, 48)","[97, inf)","[-inf, 45)",False
conf0.25,0.25,2293.png,45,Truck Tractor,0.3596370816230774,bkg,-1,29.844259987291558,145,1849.7733154296875,809.8738479614258,1882.1421508789065,837.3904342651367,56.55375289916992,"[24, 32)","[97, inf)","[45, 59)",True
conf0.25,0.25,2293.png,46,Cargo Truck,0.3472152054309845,TP,28,25.63752428454169,145,1911.2194519042969,1584.27738571167,1929.312042236328,1620.606216430664,46.22190475463867,"[24, 32)","[97, inf)","[45, 59)",False
conf0.25,0.25,2293.png,47,Truck w/Box,0.3394205868244171,cls,42,44.709554061269856,145,1623.8797607421875,898.2320556640625,1682.0321044921875,932.6063232421876,44.828094482421875,"[32, 48)","[97, inf)","[-inf, 45)",True
conf0.25,0.25,2293.png,48,Cargo Truck,0.339255541563034,bkg,-1,29.272289539691347,145,1910.9808349609373,1489.1700439453125,1935.1109619140625,1524.6802978515625,50.8322639465332,"[24, 32)","[97, inf)","[45, 59)",True
conf0.25,0.25,2293.png,49,Truck w/Flatbed,0.3310035765171051,both,105,44.61949674180759,145,279.8377685546875,1830.5243835449216,321.4866943359375,1878.3263244628904,38.53725814819336,"[32, 48)","[97, inf)","[-inf, 45)",True
conf0.25,0.25,2293.png,50,Truck w/Flatbed,0.3280369341373443,cls,142,27.095890085663928,145,2668.781555175781,845.0190887451172,2717.0863647460938,860.2181396484375,52.032501220703125,"[24, 32)","[97, inf)","[45, 59)",True
conf0.25,0.25,2293.png,51,Cargo Truck,0.327800452709198,bkg,-1,45.15883593365222,145,343.0460510253906,1849.0619354248047,384.8849182128906,1897.804183959961,58.206024169921875,"[32, 48)","[97, inf)","[45, 59)",True
conf0.25,0.25,2293.png,52,Truck w/Flatbed,0.3137847483158111,TP,79,28.31955421616463,145,1497.09130859375,1847.5593872070312,1515.232177734375,1891.768798828125,53.50994110107422,"[24, 32)","[97, inf)","[45, 59)",False
conf0.25,0.25,2293.png,53,Cargo Truck,0.3136172294616699,TP,48,43.691853585423715,145,1248.8115844726562,1061.974609375,1308.22802734375,1094.1033935546875,54.102699279785156,"[32, 48)","[97, inf)","[45, 59)",False
conf0.25,0.25,2293.png,54,Truck w/Box,0.3125289976596832,cls,93,29.389560994513943,145,2668.4964141845703,1469.0633544921875,2727.2026977539062,1483.7763671875,38.52888870239258,"[24, 32)","[97, inf)","[-inf, 45)",True
conf0.25,0.25,2293.png,55,Truck w/Box,0.3082166612148285,cls,86,29.18487149345332,145,2668.3908081054688,1456.9517211914062,2726.82763671875,1471.5274047851562,33.20021057128906,"[24, 32)","[97, inf)","[-inf, 45)",True
conf0.25,0.25,2293.png,56,Truck w/Flatbed,0.302248865365982,cls,42,45.24187834251712,145,1624.6884765625,897.3616790771484,1682.6508331298828,932.6747283935548,44.64077377319336,"[32, 48)","[97, inf)","[-inf, 45)",True
conf0.25,0.25,2293.png,57,Cargo Truck,0.2984081208705902,cls,127,24.95624238631975,145,2433.5294189453125,1256.0802001953125,2449.8980712890625,1294.12939453125,70.15083312988281,"[24, 32)","[97, inf)","[59, 82)",True
conf0.25,0.25,2293.png,58,Truck w/Box,0.2972157001495361,cls,127,26.119974295483836,145,2433.6729278564453,1255.748046875,2450.941421508789,1295.256591796875,69.38482666015625,"[24, 32)","[97, inf)","[59, 82)",True
conf0.25,0.25,2293.png,59,Cargo Truck,0.29498490691185,TP,134,32.53634118633651,145,2236.903686523437,1146.3052978515625,2257.9813232421875,1196.52978515625,38.6452751159668,"[32, 48)","[97, inf)","[-inf, 45)",False
conf0.25,0.25,2293.png,60,Truck w/Flatbed,0.2944641709327698,cls,107,34.649864718084004,145,3096.871337890625,167.48097229003906,3147.521484375,191.1850128173828,52.99692153930664,"[32, 48)","[97, inf)","[45, 59)",True
conf0.25,0.25,2293.png,61,Cargo Truck,0.2940514981746673,TP,34,28.93105371088886,145,1901.30126953125,1622.2158203125,1918.6085205078125,1670.577392578125,52.70975112915039,"[24, 32)","[97, inf)","[45, 59)",False
conf0.25,0.25,2293.png,62,Cargo Truck,0.2932625412940979,bkg,-1,25.429617088414062,145,2752.580078125,898.971923828125,2775.940368652344,926.6541748046876,78.05603790283203,"[24, 32)","[97, inf)","[59, 82)",True
conf0.25,0.25,2293.png,63,Cargo Truck,0.2921603322029114,TP,95,25.867172457950726,145,1749.6862182617188,1171.532470703125,1789.0419921875,1188.5340576171875,54.44986343383789,"[24, 32)","[97, inf)","[45, 59)",False
conf0.25,0.25,2293.png,64,Truck w/Box,0.2893466055393219,cls,76,36.98929052467027,145,2461.552520751953,1612.1336364746094,2522.7295837402344,1634.4983520507812,66.3218765258789,"[32, 48)","[97, inf)","[59, 82)",True
conf0.25,0.25,2293.png,65,Cargo Truck,0.2876021862030029,bkg,-1,22.026867135660797,145,183.5127868652344,2246.935546875,203.99966430664065,2270.6181640625,66.87999725341797,"[16, 24)","[97, inf)","[59, 82)",True
conf0.25,0.25,2293.png,66,Cargo Truck,0.2853923738002777,both,115,32.13181970746738,145,2575.422271728516,916.0108642578124,2600.457975387573,957.2501220703124,37.5494499206543,"[32, 48)","[97, inf)","[-inf, 45)",True
conf0.25,0.25,2293.png,67,Truck w/Flatbed,0.2818410694599151,bkg,-1,40.581406960389046,145,212.17312622070312,1878.374084472656,271.0333557128906,1906.3530883789065,45.872989654541016,"[32, 48)","[97, inf)","[45, 59)",True
conf0.25,0.25,2293.png,68,Truck w/Box,0.2773942053318023,cls,103,24.803870802523015,145,2410.73046875,1517.1407470703125,2428.18603515625,1552.3863525390625,57.404972076416016,"[24, 32)","[97, inf)","[45, 59)",True
conf0.25,0.25,2293.png,69,Cargo Truck,0.2767490446567535,TP,43,38.33957957693201,145,2110.583374023437,576.0797729492188,2154.8133544921875,609.3134155273438,45.76405334472656,"[32, 48)","[97, inf)","[45, 59)",False
conf0.25,0.25,2293.png,70,Truck w/Flatbed,0.2678784728050232,cls,0,35.65162347058366,145,315.3447570800781,1790.2485809326172,345.7594299316406,1832.0388793945312,38.21830368041992,"[32, 48)","[97, inf)","[-inf, 45)",True
conf0.25,0.25,2293.png,71,Truck w/Flatbed,0.2667376101016998,cls,73,45.5334594543282,145,1205.40234375,1084.5703125,1259.907958984375,1122.6085205078125,57.46247100830078,"[32, 48)","[97, inf)","[45, 59)",True
conf0.25,0.25,2293.png,72,Cargo Truck,0.2658417522907257,TP,37,22.72324835451902,145,1876.4723510742188,1661.7889404296875,1894.7590942382808,1690.0250244140625,43.452632904052734,"[16, 24)","[97, inf)","[-inf, 45)",False
conf0.25,0.25,2293.png,73,Cargo Truck,0.26505908370018,TP,29,28.436097998040275,145,1913.1200256347656,1626.3677368164062,1932.9280700683596,1667.1901245117188,52.96071243286133,"[24, 32)","[97, inf)","[45, 59)",False
conf0.25,0.25,2293.png,74,Truck w/Flatbed,0.264570951461792,TP,9,35.88455524597284,145,2865.0447998046875,827.2764282226562,2925.968994140625,848.4125518798828,45.166168212890625,"[32, 48)","[97, inf)","[-inf, 45)",False
conf0.25,0.25,2293.png,75,Cargo Truck,0.2644422948360443,bkg,-1,43.57093513390018,145,1204.939971923828,1139.271514892578,1265.1687316894531,1170.7917785644531,48.29183578491211,"[32, 48)","[97, inf)","[45, 59)",True
conf0.25,0.25,2293.png,76,Truck w/Liquid,0.264400839805603,cls,76,36.98194385002547,145,2461.2440490722656,1612.0906600952148,2522.309112548828,1634.4874954223633,66.3218765258789,"[32, 48)","[97, inf)","[59, 82)",True
conf0.25,0.25,2293.png,77,Cargo Truck,0.2634983360767364,bkg,-1,21.612123781046666,145,2186.853271484375,963.2464447021484,2203.55322265625,991.2156219482422,55.812259674072266,"[16, 24)","[97, inf)","[45, 59)",True
conf0.25,0.25,2293.png,78,Truck w/Box,0.2626861035823822,cls,31,28.62482701059577,145,1884.373107910156,1551.1340866088867,1901.2488403320312,1599.687873840332,31.49433135986328,"[24, 32)","[97, inf)","[-inf, 45)",True
conf0.25,0.25,2293.png,79,Truck w/Flatbed,0.2607327103614807,bkg,-1,33.73081548277378,145,2213.578491210937,1397.7279052734375,2234.048828125,1453.3092041015625,36.90590286254883,"[32, 48)","[97, inf)","[-inf, 45)",True
conf0.25,0.25,2293.png,80,Cargo Truck,0.25105881690979,bkg,-1,17.937521880913827,145,993.4886474609376,1258.5020446777344,1014.2877197265624,1273.971710205078,47.4573860168457,"[16, 24)","[97, inf)","[45, 59)",True
conf0.25,0.25,2293.png,81,Cargo Truck,0.2502778768539428,TP,78,30.617002883280552,145,2275.8081665039062,2562.732666015625,2294.2261352539062,2613.628662109375,67.4826889038086,"[24, 32)","[97, inf)","[59, 82)",False
conf0.25,0.25,2308.png,0,Cargo Truck,0.6776192784309387,bkg,-1,40.12173473138429,76,1054.0324096679688,3107.1690673828125,1108.1257934570312,3136.9278564453125,64.28545379638672,"[32, 48)","[31, 76)","[59, 82)",True
conf0.25,0.25,2308.png,1,Cargo Truck,0.6012922525405884,bkg,-1,33.11340572670836,76,3912.17236328125,1324.27587890625,3936.935302734375,1368.5556640625,58.06755447387695,"[32, 48)","[31, 76)","[45, 59)",True
conf0.25,0.25,2308.png,2,Truck w/Box,0.5657387971878052,bkg,-1,57.55973728520995,76,1941.7894287109373,5163.9127197265625,2008.7225341796875,5213.411743164063,56.02854537963867,"[48, 96)","[31, 76)","[45, 59)",True
conf0.25,0.25,2308.png,3,Cargo Truck,0.5422779321670532,bkg,-1,51.36179015409093,76,4724.557960510254,78.68809509277344,4777.350433349609,128.65797424316406,20.798837661743164,"[48, 96)","[31, 76)","[-inf, 45)",True
conf0.25,0.25,2308.png,4,Cargo Truck,0.5139967799186707,bkg,-1,21.529122189326404,76,6232.465881347656,4858.759948730469,6267.937438964844,4871.826843261719,31.45833396911621,"[16, 24)","[31, 76)","[-inf, 45)",True
conf0.25,0.25,2308.png,5,Cargo Truck,0.5096752047538757,bkg,-1,73.24149941693388,76,4139.553405761719,744.5355224609375,4205.892517089844,825.3975830078125,49.10338592529297,"[48, 96)","[31, 76)","[45, 59)",True
conf0.25,0.25,2308.png,6,Cargo Truck,0.5026785731315613,bkg,-1,47.902881167154355,76,2516.263061523437,4486.991439819336,2563.8639526367188,4535.198226928711,43.065834045410156,"[32, 48)","[31, 76)","[-inf, 45)",True
conf0.25,0.25,2308.png,7,Cargo Truck,0.4687910974025726,bkg,-1,40.36654250634073,76,0.7013511657714844,1562.1765365600586,28.35908889770508,1621.0916137695312,79.72183990478516,"[32, 48)","[31, 76)","[59, 82)",True
conf0.25,0.25,2308.png,8,Cargo Truck,0.4499474465847015,TP,56,33.10770572733952,76,1895.251434326172,4209.589050292969,1920.5021057128904,4252.998596191406,57.347900390625,"[32, 48)","[31, 76)","[45, 59)",False
conf0.25,0.25,2308.png,9,Cargo Truck,0.4407137036323547,TP,3,36.67442801131791,76,2559.5279083251958,4635.331909179688,2600.614562988281,4668.067932128906,55.85434341430664,"[32, 48)","[31, 76)","[45, 59)",False
conf0.25,0.25,2308.png,10,Cargo Truck,0.4338011145591736,bkg,-1,26.959549296748545,76,3105.826538085937,319.7106628417969,3128.656539916992,351.5467224121094,26.147727966308594,"[24, 32)","[31, 76)","[-inf, 45)",True
conf0.25,0.25,2308.png,11,Cargo Truck,0.4289081692695617,bkg,-1,27.849468579435673,76,5909.40625,2461.3359375,5935.15478515625,2491.457763671875,54.814815521240234,"[24, 32)","[31, 76)","[45, 59)",True
conf0.25,0.25,2308.png,12,Truck w/Flatbed,0.4106547236442566,bkg,-1,55.056903151030674,76,3178.68994140625,2561.472442626953,3258.141357421875,2599.6248474121094,48.43368148803711,"[48, 96)","[31, 76)","[45, 59)",True
conf0.25,0.25,2308.png,13,Truck w/Box,0.4079652726650238,cls,51,73.90782625682886,76,3378.437255859375,2190.345703125,3473.03369140625,2248.089599609375,64.48764038085938,"[48, 96)","[31, 76)","[59, 82)",True
conf0.25,0.25,2308.png,14,Cargo Truck,0.3948820829391479,TP,19,27.302658460859302,76,6152.042568206787,4833.892456054688,6194.166961669922,4851.5885009765625,35.76009750366211,"[24, 32)","[31, 76)","[-inf, 45)",False
conf0.25,0.25,2308.png,15,Cargo Truck,0.37173792719841,TP,18,21.253594705208922,76,6162.03081703186,4817.101196289063,6192.175834655762,4832.0859375,49.872982025146484,"[16, 24)","[31, 76)","[45, 59)",False
conf0.25,0.25,2308.png,16,Cargo Truck,0.3636751472949981,bkg,-1,46.25953102559667,76,1732.2559814453125,5012.69580078125,1787.311767578125,5051.564453125,76.97366333007812,"[32, 48)","[31, 76)","[59, 82)",True
conf0.25,0.25,2308.png,17,Cargo Truck,0.3539282977581024,TP,61,21.749696281383983,76,1712.1911010742188,2189.5125732421875,1743.1028442382812,2204.815795898437,51.640625,"[16, 24)","[31, 76)","[45, 59)",False
conf0.25,0.25,2308.png,18,Cargo Truck,0.3485204875469208,bkg,-1,39.83892442690018,76,4806.30810546875,2183.6844482421875,4860.25634765625,2213.1041259765625,30.6938419342041,"[32, 48)","[31, 76)","[-inf, 45)",True
conf0.25,0.25,2308.png,19,Truck w/Liquid,0.3484331369400024,bkg,-1,33.797555768241715,76,1756.2177734375,3976.1432189941406,1781.26611328125,4021.746032714844,54.32107162475586,"[32, 48)","[31, 76)","[45, 59)",True
conf0.25,0.25,2308.png,20,Cargo Truck,0.3419223129749298,TP,72,25.9391944015829,76,3771.9407958984375,3815.1988525390634,3809.89697265625,3832.925659179688,102.32621002197266,"[24, 32)","[31, 76)","[82, inf)",False
conf0.25,0.25,2308.png,21,Cargo Truck,0.3364741206169128,bkg,-1,33.95485561123471,76,4068.587036132813,1571.9473876953125,4097.049865722656,1612.4539794921875,43.086509704589844,"[32, 48)","[31, 76)","[-inf, 45)",True
conf0.25,0.25,2308.png,22,Truck w/Box,0.3364040553569793,bkg,-1,54.968461921288345,76,4123.830078125,4081.5965881347656,4170.200927734375,4146.756744384766,96.59153747558594,"[48, 96)","[31, 76)","[82, inf)",True
conf0.25,0.25,2308.png,23,Cargo Truck,0.3349679112434387,bkg,-1,26.400392435690005,76,5544.4954833984375,821.2739181518555,5566.7611083984375,852.5769119262695,23.94157600402832,"[24, 32)","[31, 76)","[-inf, 45)",True
conf0.25,0.25,2308.png,24,Truck w/Flatbed,0.3211005628108978,bkg,-1,33.562848040038865,76,6294.969055175781,2899.7667236328125,6346.608093261719,2921.5809326171875,41.77440643310547,"[32, 48)","[31, 76)","[-inf, 45)",True
conf0.25,0.25,2308.png,25,Truck w/Flatbed,0.3095276355743408,cls,0,66.76927246157864,76,2028.08056640625,5108.021789550781,2105.93798828125,5165.282043457031,44.51812744140625,"[48, 96)","[31, 76)","[-inf, 45)",True
conf0.25,0.25,2308.png,26,Cargo Truck,0.3018275797367096,bkg,-1,19.28544814283161,76,5370.650207519531,1192.8687133789062,5400.391418457031,1205.3742065429688,15.34101390838623,"[16, 24)","[31, 76)","[-inf, 45)",True
conf0.25,0.25,2308.png,27,Cargo Truck,0.294133186340332,TP,22,26.69224793323968,76,6451.614349365234,4996.97216796875,6474.840362548828,5027.64794921875,94.13541412353516,"[24, 32)","[31, 76)","[82, inf)",False
conf0.25,0.25,2308.png,28,Cargo Truck,0.2868080735206604,bkg,-1,24.384738253271106,76,5110.409057617188,1132.1604614257812,5149.0648193359375,1147.5427856445312,25.334375381469727,"[24, 32)","[31, 76)","[-inf, 45)",True
conf0.25,0.25,2308.png,29,Cargo Truck,0.2867750823497772,bkg,-1,41.40115852667744,76,3973.3433837890634,1470.3154907226562,4011.496337890625,1515.2413940429688,50.205684661865234,"[32, 48)","[31, 76)","[45, 59)",True
conf0.25,0.25,2308.png,30,Cargo Truck,0.2863447070121765,bkg,-1,33.46366566507643,76,2374.0478515625,355.2412109375,2429.272216796875,375.518798828125,19.353740692138672,"[32, 48)","[31, 76)","[-inf, 45)",True
conf0.25,0.25,2308.png,31,Truck w/Flatbed,0.2774622738361358,bkg,-1,55.37665684521525,76,6740.069396972656,2758.7130126953125,6830.078552246094,2792.782592773437,49.43453598022461,"[48, 96)","[31, 76)","[45, 59)",True
conf0.25,0.25,2308.png,32,Cargo Truck,0.2719419598579407,bkg,-1,29.50099314214013,76,1942.3531494140625,980.5838623046876,1966.9713134765625,1015.9361572265624,89.19000244140625,"[24, 32)","[31, 76)","[82, inf)",True
conf0.25,0.25,2308.png,33,Cargo Truck,0.2614302337169647,cls,12,45.93176448886587,76,5985.017639160156,4881.250885009766,6029.445617675781,4928.737335205078,69.10324096679688,"[32, 48)","[31, 76)","[59, 82)",True
conf0.25,0.25,2308.png,34,Cargo Truck,0.2568742334842682,TP,23,24.16968411415372,76,6449.229187011719,3594.77978515625,6484.998840332031,3611.111328125,83.04629516601562,"[24, 32)","[31, 76)","[82, inf)",False
conf0.25,0.25,2308.png,35,Cargo Truck,0.2526171505451202,bkg,-1,19.758826428508364,76,784.4685802459717,220.54852294921875,815.678466796875,233.0577392578125,25.868303298950195,"[16, 24)","[31, 76)","[-inf, 45)",True
conf0.25,0.25,2308.png,36,Cargo Truck,0.2511604130268097,TP,53,33.76762412639174,76,2475.8092041015625,2997.394287109375,2508.3399658203125,3032.44580078125,85.4330062866211,"[32, 48)","[31, 76)","[82, inf)",False
conf0.25,0.25,2384.png,0,Truck w/Box,0.4554235339164734,TP,48,16.882449205533234,90,79.80900573730469,1003.5987548828124,106.0675811767578,1014.4530029296876,73.04166412353516,"[16, 24)","[76, 97)","[59, 82)",False
conf0.25,0.25,2384.png,1,Cargo Truck,0.2827770411968231,TP,64,10.646217336019234,90,172.8165740966797,114.92091369628906,180.91917419433597,128.9092559814453,68.7629623413086,"[8, 16)","[76, 97)","[59, 82)",False
conf0.25,0.25,2384.png,2,Cargo Truck,0.2720723152160644,cls,58,14.829046290988305,90,393.1484069824219,447.9897766113281,414.9928741455078,458.0564270019531,60.47348403930664,"[8, 16)","[76, 97)","[59, 82)",True
conf0.25,0.25,2384.png,3,Cargo Truck,0.2539771795272827,cls,49,14.874629584451759,90,70.39797973632812,498.6310119628906,90.4708251953125,509.6535949707031,72.69841003417969,"[8, 16)","[76, 97)","[59, 82)",True
conf0.25,0.25,2391.png,0,Cargo Truck,0.6245427131652832,bkg,-1,21.524214966261944,108,3818.6849365234375,1048.5885009765625,3853.711669921875,1061.8153076171875,105.23809814453125,"[16, 24)","[97, inf)","[82, inf)",True
conf0.25,0.25,2391.png,1,Truck w/Box,0.5478701591491699,bkg,-1,39.80835056689196,108,4425.27099609375,3421.176239013672,4455.36962890625,3473.826629638672,116.39013671875,"[32, 48)","[97, inf)","[82, inf)",True
conf0.25,0.25,2391.png,2,Cargo Truck,0.53672194480896,bkg,-1,24.67559555651778,108,1691.455108642578,2233.584350585937,1726.712371826172,2250.8541259765625,68.16204071044922,"[24, 32)","[97, inf)","[59, 82)",True
conf0.25,0.25,2391.png,3,Cargo Truck,0.5248284935951233,bkg,-1,31.50917922646946,108,4218.752502441406,465.03271484375,4254.678894042969,492.6677856445313,72.86775970458984,"[24, 32)","[97, inf)","[59, 82)",True
conf0.25,0.25,2391.png,4,Cargo Truck,0.5237007737159729,bkg,-1,29.272576965152947,108,4730.876708984375,160.86199951171875,4772.890380859375,181.25735473632807,79.48414611816406,"[24, 32)","[97, inf)","[59, 82)",True
conf0.25,0.25,2391.png,5,Truck w/Box,0.5172113180160522,bkg,-1,49.15864083732097,108,700.471923828125,5536.7904052734375,742.2197265625,5594.675415039063,75.71107482910156,"[48, 96)","[97, inf)","[59, 82)",True
conf0.25,0.25,2391.png,6,Cargo Truck,0.5031617283821106,bkg,-1,27.145802868782283,108,4634.712631225586,930.3111572265624,4656.62077331543,963.946807861328,87.24808502197266,"[24, 32)","[97, inf)","[82, inf)",True
conf0.25,0.25,2391.png,7,Cargo Truck,0.4917389452457428,bkg,-1,46.446159062799495,108,352.70477294921875,4201.905029296875,389.0138549804688,4261.318420410156,64.93787384033203,"[32, 48)","[97, inf)","[59, 82)",True
conf0.25,0.25,2391.png,8,Truck Tractor,0.4898957312107086,bkg,-1,28.198736848926398,108,4182.79443359375,412.0895385742188,4218.335998535156,434.4624633789063,42.3302001953125,"[24, 32)","[97, inf)","[-inf, 45)",True
conf0.25,0.25,2391.png,9,Cargo Truck,0.4883625209331512,bkg,-1,38.71124043620394,108,1808.1586303710935,3317.470413208008,1874.3598022460935,3340.1068725585938,103.6380615234375,"[32, 48)","[97, inf)","[82, inf)",True
conf0.25,0.25,2391.png,10,Cargo Truck,0.4341583549976349,TP,5,28.145848023043474,108,4882.854461669922,1130.8833923339844,4908.389129638672,1161.9074401855469,98.51851654052734,"[24, 32)","[97, inf)","[82, inf)",False
conf0.25,0.25,2391.png,11,Cargo Truck,0.4258369505405426,bkg,-1,46.17247892301883,108,809.6672668457031,5107.888458251953,863.5932006835938,5147.422271728516,53.60842514038086,"[32, 48)","[97, inf)","[45, 59)",True
conf0.25,0.25,2391.png,12,Cargo Truck,0.4095090329647064,cls,99,46.144185632224975,108,5042.1182861328125,5237.485778808594,5072.612060546875,5307.312683105469,110.90640258789062,"[32, 48)","[97, inf)","[82, inf)",True
conf0.25,0.25,2391.png,13,Cargo Truck,0.4064213335514068,bkg,-1,21.50870246306814,108,2734.0935668945312,5427.439086914063,2749.192443847656,5458.0787353515625,46.259765625,"[16, 24)","[97, inf)","[45, 59)",True
conf0.25,0.25,2391.png,14,Cargo Truck,0.406292051076889,bkg,-1,23.402486795258216,108,2360.8110733032227,538.0665283203125,2378.899070739746,568.344970703125,22.847198486328125,"[16, 24)","[97, inf)","[-inf, 45)",True
conf0.25,0.25,2391.png,15,Cargo Truck,0.3975082635879516,bkg,-1,27.662564112912097,108,3095.9254150390625,3606.920043945313,3138.4755859375,3624.9039306640634,93.82535552978516,"[24, 32)","[97, inf)","[82, inf)",True
conf0.25,0.25,2391.png,16,Cargo Truck,0.3965482115745544,bkg,-1,32.61921321951516,108,2614.7123413085938,3596.4053955078125,2640.88330078125,3637.061645507813,81.00352478027344,"[32, 48)","[97, inf)","[59, 82)",True
conf0.25,0.25,2391.png,17,Cargo Truck,0.3924286663532257,TP,7,24.997287106094547,108,4823.3802490234375,1277.1270141601562,4841.911437988281,1310.8466186523438,80.91641235351562,"[24, 32)","[97, inf)","[59, 82)",False
conf0.25,0.25,2391.png,18,Truck w/Box,0.369027704000473,bkg,-1,25.436806010285792,108,768.0,4972.747650146484,781.9546508789062,5019.114349365234,74.21875,"[24, 32)","[97, inf)","[59, 82)",True
conf0.25,0.25,2391.png,19,Truck w/Box,0.355220764875412,bkg,-1,60.88531568441074,108,626.798583984375,5546.77001953125,675.44189453125,5622.978271484375,71.46051788330078,"[48, 96)","[97, inf)","[59, 82)",True
conf0.25,0.25,2391.png,20,Cargo Truck,0.3433892428874969,cls,39,27.56062579912376,108,5023.095336914063,4899.077880859375,5045.102844238281,4933.592834472656,118.57763671875,"[24, 32)","[97, inf)","[82, inf)",True
conf0.25,0.25,2391.png,21,Cargo Truck,0.3412012755870819,cls,11,22.58887793664914,108,4473.646362304688,1591.7927284240725,4490.942993164063,1621.2931213378906,109.65232849121094,"[16, 24)","[97, inf)","[82, inf)",True
conf0.25,0.25,2391.png,22,Cargo Truck,0.3284800052642822,bkg,-1,22.505732938436175,108,5110.512939453125,4704.289733886719,5130.205932617188,4730.009948730469,104.0229263305664,"[16, 24)","[97, inf)","[82, inf)",True
conf0.25,0.25,2391.png,23,Cargo Truck,0.3203863203525543,bkg,-1,36.68475581649901,108,4784.017761230469,3249.5367431640625,4828.089904785156,3280.0723876953125,104.69999694824219,"[32, 48)","[97, inf)","[82, inf)",True
conf0.25,0.25,2391.png,24,Cargo Truck,0.311777800321579,bkg,-1,28.453367677917928,108,2412.8549194335938,373.2548828125,2435.3751831054688,409.2044677734375,53.32883071899414,"[24, 32)","[97, inf)","[45, 59)",True
conf0.25,0.25,2391.png,25,Cargo Truck,0.3109537363052368,bkg,-1,30.680750840821197,108,3906.606323242188,3572.923217773437,3963.815307617188,3589.3770751953125,123.99903869628906,"[24, 32)","[97, inf)","[82, inf)",True
conf0.25,0.25,2391.png,26,Cargo Truck,0.3073673546314239,bkg,-1,63.09926564217462,108,4811.890533447266,2978.4307861328125,4864.369110107422,3054.300170898437,61.12842559814453,"[48, 96)","[97, inf)","[59, 82)",True
conf0.25,0.25,2391.png,27,Truck Tractor,0.2999087274074554,bkg,-1,41.233178447695515,108,829.8958129882812,3123.1710205078125,895.9232788085938,3148.9205322265625,66.87083435058594,"[32, 48)","[97, inf)","[59, 82)",True
conf0.25,0.25,2391.png,28,Cargo Truck,0.2875774502754211,bkg,-1,26.977096631456803,108,4511.752807617188,4061.2588806152335,4534.57373046875,4093.1490783691406,70.66413879394531,"[24, 32)","[97, inf)","[59, 82)",True
conf0.25,0.25,2391.png,29,Truck w/Flatbed,0.28323695063591,bkg,-1,40.967667459869745,108,829.4219970703125,3123.3856201171875,897.13525390625,3148.1717529296875,66.86677551269531,"[32, 48)","[97, inf)","[59, 82)",True
conf0.25,0.25,2391.png,30,Cargo Truck,0.2765672504901886,TP,36,28.44652983384714,108,3389.9014892578125,4844.8642578125,3442.72900390625,4860.18212890625,97.34967041015625,"[24, 32)","[97, inf)","[82, inf)",False
conf0.25,0.25,2391.png,31,Truck w/Box,0.2673622965812683,TP,99,42.185773888349836,108,5043.341735839844,5238.8604736328125,5069.547058105469,5306.7718505859375,117.06441497802734,"[32, 48)","[97, inf)","[82, inf)",False
conf0.25,0.25,2391.png,32,Cargo Truck,0.2632898092269897,bkg,-1,29.459392657324752,108,5228.2452392578125,5259.513854980469,5252.258056640625,5295.655212402344,86.9037857055664,"[24, 32)","[97, inf)","[82, inf)",True
conf0.25,0.25,2391.png,33,Truck w/Box,0.2629717588424682,TP,39,26.03712651819962,108,5020.434753417969,4908.0,5045.895080566406,4934.626993179321,97.30199432373047,"[24, 32)","[97, inf)","[82, inf)",False
conf0.25,0.25,2391.png,34,Cargo Truck,0.2520662248134613,bkg,-1,22.558670342055255,108,5021.756042480469,4802.478271484375,5040.071105957031,4830.2637939453125,113.83965301513672,"[16, 24)","[97, inf)","[82, inf)",True
conf0.25,0.25,2460.png,0,Truck w/Box,0.6928234696388245,TP,77,24.92337222220794,86,638.918701171875,287.8294372558594,666.65625,310.2241516113281,38.45833206176758,"[24, 32)","[76, 97)","[-inf, 45)",False
conf0.25,0.25,2460.png,1,Truck w/Box,0.687804102897644,TP,30,19.586848819219085,86,749.0110168457031,261.2253723144531,777.0466003417969,274.9095764160156,37.726600646972656,"[16, 24)","[76, 97)","[-inf, 45)",False
conf0.25,0.25,2460.png,2,Truck w/Box,0.6469108462333679,TP,69,18.699653943960136,86,307.136474609375,471.51947021484375,318.885986328125,501.2804565429688,46.01881790161133,"[16, 24)","[76, 97)","[45, 59)",False
conf0.25,0.25,2460.png,3,Truck w/Box,0.5966801047325134,TP,43,19.815151890390442,86,162.65139770507812,398.9217529296875,192.29281616210935,412.1680908203125,47.80215072631836,"[16, 24)","[76, 97)","[45, 59)",False
conf0.25,0.25,2460.png,4,Truck w/Box,0.5725069046020508,loc,29,22.13069599031712,86,706.3347473144531,264.7232666015625,733.0621032714844,283.0478515625,40.61428451538086,"[16, 24)","[76, 97)","[-inf, 45)",True
conf0.25,0.25,2460.png,5,Cargo Truck,0.5159173607826233,both,44,18.736719278296533,86,278.0936889648437,349.6295166015625,305.00994873046875,362.67236328125,44.90561294555664,"[16, 24)","[76, 97)","[-inf, 45)",True
conf0.25,0.25,2460.png,6,Truck w/Box,0.4619410932064056,bkg,-1,27.10378045996406,86,588.7662353515625,302.791259765625,618.2332763671875,327.7213134765625,40.129032135009766,"[24, 32)","[76, 97)","[-inf, 45)",True
conf0.25,0.25,2460.png,7,Truck w/Box,0.4016832411289215,TP,29,21.311703503979874,86,722.5689544677734,268.2799987792969,749.5239105224609,285.1299133300781,40.11507797241211,"[16, 24)","[76, 97)","[-inf, 45)",False
conf0.25,0.25,2460.png,8,Truck w/Box,0.3922042846679687,TP,44,24.212053469874085,86,276.55438232421875,358.79400634765625,312.74249267578125,374.9933471679688,46.387916564941406,"[24, 32)","[76, 97)","[45, 59)",False
conf0.25,0.25,2460.png,9,Truck w/Box,0.3819027841091156,bkg,-1,18.808898309121467,86,299.20977783203125,343.1409606933594,327.6163330078125,355.5949401855469,43.766578674316406,"[16, 24)","[76, 97)","[-inf, 45)",True
conf0.25,0.25,2460.png,10,Cargo Truck,0.3549574017524719,TP,51,11.716974183954035,86,445.245849609375,166.03240966796875,458.0850830078125,176.7252197265625,57.14285659790039,"[8, 16)","[76, 97)","[45, 59)",False
conf0.25,0.25,2460.png,11,Truck w/Box,0.3403738141059875,TP,83,26.013391011492836,86,609.3502807617188,286.93475341796875,639.4497680664062,309.416748046875,40.02553939819336,"[24, 32)","[76, 97)","[-inf, 45)",False
conf0.25,0.25,2460.png,12,Truck w/Box,0.3079721331596374,TP,64,20.463920193974214,86,380.574462890625,305.3788146972656,409.0609130859375,320.0795593261719,45.756248474121094,"[16, 24)","[76, 97)","[45, 59)",False
conf0.25,0.25,2460.png,13,Cargo Truck,0.307863175868988,cls,83,26.364756248564717,86,608.396240234375,286.7879638671875,639.15625,309.385498046875,39.98046875,"[24, 32)","[76, 97)","[-inf, 45)",True
conf0.25,0.25,2460.png,14,Truck w/Box,0.2977673709392547,TP,67,18.184373098793035,86,557.89111328125,163.77133178710938,570.6519775390625,189.68426513671875,43.27513122558594,"[16, 24)","[76, 97)","[-inf, 45)",False
conf0.25,0.25,2460.png,15,Cargo Truck,0.2560848295688629,TP,52,13.727809660459572,86,440.89251708984375,169.82785034179688,455.18548583984375,183.01284790039065,51.78333282470703,"[8, 16)","[76, 97)","[45, 59)",False
conf0.25,0.25,2460.png,16,Truck w/Box,0.2539079785346985,TP,73,15.249637116498052,86,533.9581298828125,37.1084213256836,543.1373291015625,62.44303131103516,48.09090805053711,"[8, 16)","[76, 97)","[45, 59)",False
conf0.25,0.25,2470.png,0,Truck w/Box,0.8058742880821228,bkg,-1,39.90280239235619,153,65.55381774902344,2226.45458984375,117.5451202392578,2257.07958984375,43.71934127807617,"[32, 48)","[97, inf)","[-inf, 45)",True
conf0.25,0.25,2470.png,1,Truck w/Box,0.7902747392654419,TP,100,51.5268827187389,153,565.1737060546875,1802.8270263671875,620.7608642578125,1850.5902099609373,45.85386276245117,"[48, 96)","[97, inf)","[45, 59)",False
conf0.25,0.25,2470.png,2,Truck w/Box,0.7885715365409851,TP,113,43.82588708250277,153,286.2338256835937,2034.7240600585935,335.30596923828125,2073.864562988281,45.2234992980957,"[32, 48)","[97, inf)","[-inf, 45)",False
conf0.25,0.25,2470.png,3,Truck w/Box,0.780499279499054,bkg,-1,44.59950323975532,153,746.9822998046875,1695.4258422851562,793.6175537109375,1738.0784606933594,44.146305084228516,"[32, 48)","[97, inf)","[-inf, 45)",True
conf0.25,0.25,2470.png,4,Truck w/Box,0.7639831304550171,TP,36,47.95709763554593,153,896.4891357421875,1536.8925895690918,948.7808837890624,1580.8743515014648,48.7685546875,"[32, 48)","[97, inf)","[45, 59)",False
conf0.25,0.25,2470.png,5,Truck w/Box,0.7585333585739136,bkg,-1,58.77564691142869,153,1157.2857666015625,2299.239562988281,1224.669189453125,2350.5070190429688,44.6722297668457,"[48, 96)","[97, inf)","[-inf, 45)",True
conf0.25,0.25,2470.png,6,Truck w/Box,0.7499579191207886,loc,113,47.78195397813973,153,320.4742126464844,2038.6116943359373,370.6307678222656,2084.1314697265625,43.68043518066406,"[32, 48)","[97, inf)","[-inf, 45)",True
conf0.25,0.25,2470.png,7,Truck w/Box,0.7257429957389832,TP,131,41.58641776155691,153,121.14163208007812,2182.9742431640625,164.29888916015625,2223.0469970703125,41.548702239990234,"[32, 48)","[97, inf)","[-inf, 45)",False
conf0.25,0.25,2470.png,8,Truck w/Box,0.7247509956359863,loc,119,40.023733135686385,153,998.341064453125,2172.3099479675293,1034.6829528808594,2216.388538360596,48.14714813232422,"[32, 48)","[97, inf)","[45, 59)",True
conf0.25,0.25,2470.png,9,Truck w/Box,0.7238963842391968,TP,33,51.23108796135578,153,2975.989990234375,2412.0492553710938,3023.3408203125,2467.478576660156,42.9271125793457,"[48, 96)","[97, inf)","[-inf, 45)",False
conf0.25,0.25,2470.png,10,Truck w/Box,0.7118750810623169,TP,134,45.75445538235819,153,1399.8720703125,2085.423583984375,1451.709716796875,2125.8087158203125,46.96042251586914,"[32, 48)","[97, inf)","[45, 59)",False
conf0.25,0.25,2470.png,11,Truck w/Box,0.7093324661254883,TP,103,51.27091988640505,153,1134.5757446289062,2196.4305171966557,1193.0128784179688,2241.414024353028,48.7148551940918,"[48, 96)","[97, inf)","[45, 59)",False
conf0.25,0.25,2470.png,12,Truck w/Box,0.7031558752059937,TP,136,45.90050449781681,153,1094.0360717773438,2352.5158081054688,1146.9674682617188,2392.3193359375,43.770362854003906,"[32, 48)","[97, inf)","[-inf, 45)",False
conf0.25,0.25,2470.png,13,Truck w/Box,0.6993980407714844,TP,148,46.0219495034484,153,203.9963531494141,2139.034912109375,251.3589630126953,2183.754150390625,40.28163146972656,"[32, 48)","[97, inf)","[-inf, 45)",False
conf0.25,0.25,2470.png,14,Truck w/Box,0.6891977787017822,loc,32,51.16083028861499,153,2916.1199951171875,2486.2301025390625,2960.24658203125,2545.5465087890625,40.25148010253906,"[48, 96)","[97, inf)","[-inf, 45)",True
conf0.25,0.25,2470.png,15,Truck w/Box,0.6883804202079773,TP,68,47.72189754402242,153,201.6641540527344,2095.969482421875,256.09185791015625,2137.811767578125,44.73629379272461,"[32, 48)","[97, inf)","[-inf, 45)",False
conf0.25,0.25,2470.png,16,Truck w/Box,0.6862187385559082,bkg,-1,45.241396059166426,153,1029.6121826171875,2364.3125,1075.518798828125,2408.8983154296875,48.967376708984375,"[32, 48)","[97, inf)","[45, 59)",True
conf0.25,0.25,2470.png,17,Truck w/Box,0.6821330189704895,TP,110,48.6687142158657,153,1177.1644897460938,2237.640625,1231.9558715820312,2280.870849609375,45.4442138671875,"[48, 96)","[97, inf)","[45, 59)",False
conf0.25,0.25,2470.png,18,Truck w/Box,0.6818922758102417,TP,143,52.421624327670024,153,402.96826171875,1931.68359375,460.0864868164063,1979.7947998046875,46.287445068359375,"[48, 96)","[97, inf)","[45, 59)",False
conf0.25,0.25,2470.png,19,Cargo Truck,0.6663727760314941,both,9,32.350262438914214,153,2356.846160888672,2527.0260009765625,2395.336456298828,2554.2156982421875,42.7303581237793,"[32, 48)","[97, inf)","[-inf, 45)",True
conf0.25,0.25,2470.png,20,Truck w/Box,0.6658456921577454,TP,141,45.96120809817116,153,650.5169677734375,1669.7118377685547,706.2657470703125,1707.6038360595703,43.82231140136719,"[32, 48)","[97, inf)","[-inf, 45)",False
conf0.25,0.25,2470.png,21,Truck w/Box,0.663074791431427,TP,151,52.79394375687178,153,593.722900390625,1814.6897888183596,653.5394287109375,1861.285614013672,45.8125,"[48, 96)","[97, inf)","[45, 59)",False
conf0.25,0.25,2470.png,22,Truck w/Box,0.6616650223731995,bkg,-1,45.01975890228239,153,713.8150634765625,1688.2562255859375,761.1800537109375,1731.046875,45.101112365722656,"[32, 48)","[97, inf)","[-inf, 45)",True
conf0.25,0.25,2470.png,23,Truck w/Box,0.6603403091430664,TP,107,51.164033307203674,153,532.2202758789062,1866.6845703125,586.3851928710938,1915.0139770507808,44.34218215942383,"[48, 96)","[97, inf)","[-inf, 45)",False
conf0.25,0.25,2470.png,24,Truck w/Box,0.6588759422302246,TP,111,46.19040565874801,153,1230.1748046875,2209.1082763671875,1283.34521484375,2249.2349853515625,45.21364212036133,"[32, 48)","[97, inf)","[-inf, 45)",False
conf0.25,0.25,2470.png,25,Truck w/Box,0.656704306602478,TP,66,47.54246997140681,153,137.55059814453125,2145.572631835937,190.63409423828125,2188.1524658203125,44.4726448059082,"[32, 48)","[97, inf)","[-inf, 45)",False
conf0.25,0.25,2470.png,26,Truck w/Box,0.6549955606460571,TP,102,36.425937257693434,153,1149.349853515625,2041.93701171875,1205.8875732421875,2065.4053955078125,42.49684143066406,"[32, 48)","[97, inf)","[-inf, 45)",False
conf0.25,0.25,2470.png,27,Truck w/Box,0.6515436768531799,TP,94,46.370052807660414,153,660.570556640625,1729.27685546875,711.0048828125,1771.91015625,44.78085708618164,"[32, 48)","[97, inf)","[-inf, 45)",False
conf0.25,0.25,2470.png,28,Truck w/Box,0.6482933163642883,TP,38,46.64147864092496,153,961.0909423828124,1517.6033935546875,1012.9049072265624,1559.5887451171875,45.79203796386719,"[32, 48)","[97, inf)","[45, 59)",False
conf0.25,0.25,2470.png,29,Truck w/Box,0.644081711769104,TP,92,46.458585828435666,153,445.3218383789063,1902.901397705078,497.30120849609375,1944.425567626953,44.24177169799805,"[32, 48)","[97, inf)","[-inf, 45)",False
conf0.25,0.25,2470.png,30,Truck w/Box,0.6402836441993713,TP,90,57.30900955536869,153,614.3986206054688,1756.958953857422,675.2479858398438,1810.93359375,45.21055603027344,"[48, 96)","[97, inf)","[-inf, 45)",False
conf0.25,0.25,2470.png,31,Truck w/Box,0.6394793391227722,TP,51,46.9196393350228,153,1503.5834350585938,1995.4400329589844,1553.6990356445312,2039.3675231933596,46.54640579223633,"[32, 48)","[97, inf)","[45, 59)",False
conf0.25,0.25,2470.png,32,Truck w/Box,0.634819507598877,TP,75,56.31953613562617,153,1003.9149475097656,2141.0889892578125,1056.6636657714844,2201.221069335937,47.69398880004883,"[48, 96)","[97, inf)","[45, 59)",False
conf0.25,0.25,2470.png,33,Truck w/Box,0.6274468302726746,TP,132,49.57357897987031,153,114.2862548828125,3105.5269165039062,170.78903198242188,3149.0210571289062,37.555946350097656,"[48, 96)","[97, inf)","[-inf, 45)",False
conf0.25,0.25,2470.png,34,Truck w/Box,0.6242859363555908,bkg,-1,39.31871405326822,153,2318.928466796875,2754.518920898437,2346.878295898437,2809.8309326171875,42.56157684326172,"[32, 48)","[97, inf)","[-inf, 45)",True
conf0.25,0.25,2470.png,35,Truck w/Box,0.621451199054718,TP,115,42.95021249680528,153,149.25027465820312,2181.60546875,198.1480407714844,2219.33154296875,41.703590393066406,"[32, 48)","[97, inf)","[-inf, 45)",False
conf0.25,0.25,2470.png,36,Truck w/Box,0.6214327812194824,TP,79,43.996368924865216,153,1068.9857788085938,2329.5419921875,1114.1879272460938,2372.36474609375,45.077369689941406,"[32, 48)","[97, inf)","[-inf, 45)",False
conf0.25,0.25,2470.png,37,Truck w/Box,0.6162915229797363,loc,107,59.07646413757238,153,508.6417846679688,1840.5975341796875,574.1261596679688,1893.8931274414065,43.50663375854492,"[48, 96)","[97, inf)","[-inf, 45)",True
conf0.25,0.25,2470.png,38,Truck w/Box,0.615675687789917,TP,114,46.224265099344784,153,690.3355712890625,1740.99658203125,737.256103515625,1786.534912109375,42.88475036621094,"[32, 48)","[97, inf)","[-inf, 45)",False
conf0.25,0.25,2470.png,39,Truck w/Box,0.6032193899154663,TP,106,47.4448185531781,153,333.9014892578125,2972.324462890625,385.96826171875,3015.5576171875,37.33104705810547,"[32, 48)","[97, inf)","[-inf, 45)",False
conf0.25,0.25,2470.png,40,Truck w/Flatbed,0.5924234390258789,cls,123,45.79583749991781,153,2676.0616455078125,2304.2049560546875,2717.2003173828125,2355.1851806640625,40.507781982421875,"[32, 48)","[97, inf)","[-inf, 45)",True
conf0.25,0.25,2470.png,41,Truck w/Box,0.5884265899658203,TP,71,45.23579782181961,153,3024.1671142578125,1729.3978271484375,3078.6502685546875,1766.955810546875,39.31578826904297,"[32, 48)","[97, inf)","[-inf, 45)",False
conf0.25,0.25,2470.png,42,Truck w/Box,0.588287353515625,TP,81,42.527788683912355,153,647.487548828125,1776.1193237304688,689.332763671875,1819.3408203125,43.7003173828125,"[32, 48)","[97, inf)","[-inf, 45)",False
conf0.25,0.25,2470.png,43,Cargo Truck,0.5669616460800171,cls,105,44.968934150886255,153,2322.786437988281,2470.6871337890625,2371.13427734375,2512.5133056640625,42.75953674316406,"[32, 48)","[97, inf)","[-inf, 45)",True
conf0.25,0.25,2470.png,44,Cargo Truck,0.5637792944908142,cls,9,27.27159265066267,153,2358.842514038086,2514.221160888672,2391.5751190185547,2536.942840576172,41.18925857543945,"[24, 32)","[97, inf)","[-inf, 45)",True
conf0.25,0.25,2470.png,45,Truck w/Box,0.5633237957954407,TP,41,50.84704419327634,153,1120.1984252929688,1351.1558837890625,1175.3408813476562,1398.0421142578125,51.70089340209961,"[48, 96)","[97, inf)","[45, 59)",False
conf0.25,0.25,2470.png,46,Truck w/Box,0.5627411603927612,TP,116,46.21619561431411,153,1116.1922607421875,2165.4937744140625,1168.2684326171875,2206.5093994140625,46.9114990234375,"[32, 48)","[97, inf)","[45, 59)",False
conf0.25,0.25,2470.png,47,Truck w/Box,0.5539336800575256,TP,147,47.38651342475626,153,804.0859985351562,1654.0369873046875,856.1141967773438,1697.1959228515625,46.65266036987305,"[32, 48)","[97, inf)","[45, 59)",False
conf0.25,0.25,2470.png,48,Truck w/Box,0.5491625070571899,TP,91,54.90136444234847,153,2625.471466064453,2229.186183929444,2678.8570251464844,2285.6463928222656,42.290771484375,"[48, 96)","[97, inf)","[-inf, 45)",False
conf0.25,0.25,2470.png,49,Truck w/Box,0.5468634366989136,TP,146,48.696879789632106,153,1080.5357666015625,2125.50732421875,1136.0064697265625,2168.257568359375,47.574562072753906,"[48, 96)","[97, inf)","[45, 59)",False
conf0.25,0.25,2470.png,50,Cargo Truck,0.5456867218017578,bkg,-1,29.386431714306294,153,987.2501220703124,2510.720428466797,1020.746826171875,2536.500946044922,45.81263732910156,"[24, 32)","[97, inf)","[45, 59)",True
conf0.25,0.25,2470.png,51,Cargo Truck,0.5365168452262878,cls,138,39.09258556995059,153,2072.387084960937,2004.5621337890625,2100.3858642578125,2059.1441650390625,42.169334411621094,"[32, 48)","[97, inf)","[-inf, 45)",True
conf0.25,0.25,2470.png,52,Cargo Truck,0.5359559655189514,cls,124,26.296576339014234,153,2334.008850097656,2925.1451416015625,2353.9675903320312,2959.7921142578125,43.04571533203125,"[24, 32)","[97, inf)","[-inf, 45)",True
conf0.25,0.25,2470.png,53,Cargo Truck,0.5313684940338135,cls,11,23.47715511419037,153,2370.813491821289,2450.9153747558594,2394.3014373779297,2474.3817443847656,42.94879913330078,"[16, 24)","[97, inf)","[-inf, 45)",True
conf0.25,0.25,2470.png,54,Truck w/Box,0.5309823155403137,TP,82,30.81731037160753,153,1138.2803955078125,2023.5515747070312,1186.3754272460938,2043.2980346679688,42.693878173828125,"[24, 32)","[97, inf)","[-inf, 45)",False
conf0.25,0.25,2470.png,55,Truck w/Box,0.525338351726532,TP,85,49.299199025497245,153,276.42938232421875,2978.714904785156,330.29400634765625,3023.8356323242188,38.710670471191406,"[48, 96)","[97, inf)","[-inf, 45)",False
conf0.25,0.25,2470.png,56,Truck w/Box,0.513034462928772,TP,84,48.9634803471078,153,1087.8392944335938,2139.6376953125,1140.5030517578125,2185.160888671875,45.73443603515625,"[48, 96)","[97, inf)","[45, 59)",False
conf0.25,0.25,2470.png,57,Truck w/Box,0.5106316208839417,bkg,-1,37.40797158851134,153,944.6710510253906,702.739990234375,975.433563232422,748.22900390625,36.53390884399414,"[32, 48)","[97, inf)","[-inf, 45)",True
conf0.25,0.25,2470.png,58,Truck w/Box,0.510249137878418,TP,40,48.6460252981326,153,1019.1112365722656,1476.79296875,1072.8363342285156,1520.840087890625,47.96378707885742,"[48, 96)","[97, inf)","[45, 59)",False
conf0.25,0.25,2470.png,59,Cargo Truck,0.5000779628753662,both,130,33.819742523337915,153,2399.8296508789062,2480.809631347656,2436.819274902344,2511.7311401367188,42.941612243652344,"[32, 48)","[97, inf)","[-inf, 45)",True
conf0.25,0.25,2470.png,60,Truck w/Box,0.4969666302204132,TP,142,46.41124990866878,153,1274.6891479492188,2164.386962890625,1323.6117553710938,2208.415771484375,44.539554595947266,"[32, 48)","[97, inf)","[-inf, 45)",False
conf0.25,0.25,2470.png,61,Truck w/Box,0.4949508905410766,bkg,-1,26.724552493217672,153,0.0,16.751178741455078,29.615346908569336,40.86711120605469,49.470664978027344,"[24, 32)","[97, inf)","[45, 59)",True
conf0.25,0.25,2470.png,62,Truck w/Box,0.4797221720218658,TP,135,30.83485848187047,153,1621.3148193359375,2240.7760009765625,1661.36572265625,2264.5155029296875,45.32390213012695,"[24, 32)","[97, inf)","[-inf, 45)",False
conf0.25,0.25,2470.png,63,Truck w/Box,0.4733738005161285,loc,111,42.23852808334742,153,1259.1827697753906,2229.696655273437,1309.2769775390625,2265.311416625977,44.09803771972656,"[32, 48)","[97, inf)","[-inf, 45)",True
conf0.25,0.25,2470.png,64,Truck w/Box,0.4726083874702453,bkg,-1,30.548435065489073,153,985.6200561523438,2511.1590576171875,1019.764617919922,2538.4901123046875,46.20816421508789,"[24, 32)","[97, inf)","[45, 59)",True
conf0.25,0.25,2470.png,65,Cargo Truck,0.4724053740501404,cls,88,33.531619747181715,153,2375.9127197265625,2475.6669921875,2409.67529296875,2508.96923828125,42.418487548828125,"[32, 48)","[97, inf)","[-inf, 45)",True
conf0.25,0.25,2470.png,66,Truck w/Box,0.4714444875717163,TP,89,34.89341889336542,153,1159.6248168945312,2057.2655029296875,1210.7555541992188,2081.0780029296875,42.332305908203125,"[32, 48)","[97, inf)","[-inf, 45)",False
conf0.25,0.25,2470.png,67,Cargo Truck,0.4687037169933319,cls,38,45.96465089479855,153,960.0413513183594,1518.79638671875,1011.7805480957032,1559.6309814453125,45.86538314819336,"[32, 48)","[97, inf)","[45, 59)",True
conf0.25,0.25,2470.png,68,Truck w/Box,0.4666975736618042,bkg,-1,45.304754622242186,153,1732.1033935546875,2542.0939331054688,1781.8663330078125,2583.339904785156,48.68619155883789,"[32, 48)","[97, inf)","[45, 59)",True
conf0.25,0.25,2470.png,69,Cargo Truck,0.4559900462627411,cls,104,40.6732811605946,153,2058.01953125,2002.3804321289065,2086.9912109375,2059.4815673828125,42.09690856933594,"[32, 48)","[97, inf)","[-inf, 45)",True
conf0.25,0.25,2470.png,70,Truck w/Box,0.4445011615753174,TP,96,45.77955218245173,153,2542.102935791016,2338.586715698242,2590.575958251953,2381.822463989258,41.423004150390625,"[32, 48)","[97, inf)","[-inf, 45)",False
conf0.25,0.25,2470.png,71,Truck w/Box,0.4335542023181915,TP,37,45.86406982539311,153,937.7686767578124,1497.5377197265625,986.3275146484376,1540.8565673828125,49.04045486450195,"[32, 48)","[97, inf)","[45, 59)",False
conf0.25,0.25,2470.png,72,Cargo Truck,0.4326784908771515,cls,97,36.72187701281978,153,2571.41064453125,2401.6863403320312,2612.515625,2434.492492675781,38.79061508178711,"[32, 48)","[97, inf)","[-inf, 45)",True
conf0.25,0.25,2470.png,73,Truck w/Box,0.431713342666626,TP,108,45.23011671197472,153,970.3381652832032,2174.865600585937,1012.7227172851562,2223.13232421875,46.62837219238281,"[32, 48)","[97, inf)","[45, 59)",False
conf0.25,0.25,2470.png,74,Truck w/Box,0.4316094815731048,loc,29,47.5286259629896,153,2793.691711425781,2607.42041015625,2835.789001464844,2661.081115722656,41.567020416259766,"[32, 48)","[97, inf)","[-inf, 45)",True
conf0.25,0.25,2470.png,75,Cargo Truck,0.4269729256629944,cls,28,37.34903537584634,153,2822.7657470703125,2626.1312866210938,2855.120483398437,2669.2455444335938,38.54612350463867,"[32, 48)","[97, inf)","[-inf, 45)",True
conf0.25,0.25,2470.png,76,Truck w/Box,0.4248138964176178,TP,126,22.90907802727509,153,1211.5399475097656,2070.0389404296875,1244.499481201172,2085.962280273437,46.78125,"[16, 24)","[97, inf)","[45, 59)",False
conf0.25,0.25,2470.png,77,Truck w/Box,0.4210600852966308,bkg,-1,46.9166504583647,153,1236.8309936523438,2140.4140625,1289.3390502929688,2182.334716796875,46.75624465942383,"[32, 48)","[97, inf)","[45, 59)",True
conf0.25,0.25,2470.png,78,Truck w/Box,0.420397400856018,bkg,-1,30.971804064332993,153,927.5949096679688,771.3517646789551,955.6687622070312,805.5206642150879,40.95270919799805,"[24, 32)","[97, inf)","[-inf, 45)",True
conf0.25,0.25,2470.png,79,Truck w/Box,0.4194442331790924,TP,34,44.0246728209285,153,3016.671936035156,2349.5120544433594,3057.7791137695312,2396.6612854003906,43.716766357421875,"[32, 48)","[97, inf)","[-inf, 45)",False
conf0.25,0.25,2470.png,80,Cargo Truck,0.4145914614200592,cls,14,34.11199771454371,153,2750.592041015625,3080.414428710937,2782.8885498046875,3116.4439697265625,41.25307083129883,"[32, 48)","[97, inf)","[-inf, 45)",True
conf0.25,0.25,2470.png,81,Cargo Truck,0.412314623594284,cls,147,47.76860624273724,153,803.0627288818359,1653.751220703125,854.9889907836914,1697.695068359375,46.52649688720703,"[32, 48)","[97, inf)","[45, 59)",True
conf0.25,0.25,2470.png,82,Truck w/Box,0.403373122215271,bkg,-1,25.4472775425224,153,694.66845703125,1629.809051513672,725.91845703125,1650.5310974121094,48.821022033691406,"[24, 32)","[97, inf)","[45, 59)",True
conf0.25,0.25,2470.png,83,Truck w/Box,0.4028738141059875,TP,95,45.308149052583644,153,2401.215576171875,2406.039428710937,2450.4150390625,2447.764038085937,40.948570251464844,"[32, 48)","[97, inf)","[-inf, 45)",False
conf0.25,0.25,2470.png,84,Cargo Truck,0.3985771536827087,cls,36,48.64072472044063,153,895.5319519042969,1536.8875732421875,948.1407775878906,1581.8594970703125,48.80595779418945,"[48, 96)","[97, inf)","[45, 59)",True
conf0.25,0.25,2470.png,85,Truck w/Box,0.3811516463756561,TP,93,57.96371557414949,153,451.5230712890625,1933.6724853515625,523.6920776367188,1980.2269897460935,45.765411376953125,"[48, 96)","[97, inf)","[45, 59)",False
conf0.25,0.25,2470.png,86,Truck w/Flatbed,0.3795035779476166,cls,35,33.54603060982018,153,772.4916954040527,741.6165771484375,807.4854469299316,773.7747802734375,41.774410247802734,"[32, 48)","[97, inf)","[-inf, 45)",True
conf0.25,0.25,2470.png,87,Truck w/Box,0.3753828704357147,bkg,-1,32.61479035300327,153,1623.8890991210938,1619.6866912841797,1657.1884155273438,1651.6310272216797,47.8606071472168,"[32, 48)","[97, inf)","[45, 59)",True
conf0.25,0.25,2470.png,88,Truck w/Box,0.3734656870365143,bkg,-1,31.13329525289714,153,667.12451171875,1647.713897705078,712.8662109375,1668.9042358398438,43.293479919433594,"[24, 32)","[97, inf)","[-inf, 45)",True
conf0.25,0.25,2470.png,89,Cargo Truck,0.3686484694480896,cls,74,38.24273430235625,153,1982.4552612304688,2267.602340698242,2014.882751464844,2312.703170776367,43.03557205200195,"[32, 48)","[97, inf)","[-inf, 45)",True
conf0.25,0.25,2470.png,90,Truck w/Box,0.3682468235492706,TP,55,35.91529307114936,153,1850.8423461914065,1707.363739013672,1893.683532714844,1737.4728088378906,44.45234680175781,"[32, 48)","[97, inf)","[-inf, 45)",False
conf0.25,0.25,2470.png,91,Truck w/Box,0.3674201071262359,TP,63,26.60313810299863,153,1656.0016479492188,1590.526294708252,1677.5775756835938,1623.3279876708984,49.425132751464844,"[24, 32)","[97, inf)","[45, 59)",False
conf0.25,0.25,2470.png,92,Truck w/Flatbed,0.3449117243289947,cls,107,50.80939277468778,153,533.030029296875,1866.2069091796875,587.65869140625,1913.4640502929688,44.32045364379883,"[48, 96)","[97, inf)","[-inf, 45)",True
conf0.25,0.25,2470.png,93,Cargo Truck,0.3442184627056122,cls,133,47.748891241809474,153,2601.515655517578,2753.464599609375,2643.537872314453,2807.7205810546875,42.561100006103516,"[32, 48)","[97, inf)","[-inf, 45)",True
conf0.25,0.25,2470.png,94,Truck w/Box,0.3440423905849457,TP,43,42.8859904951247,153,1171.5205078125,1359.2479248046875,1216.3430786132812,1400.281005859375,53.52432632446289,"[32, 48)","[97, inf)","[45, 59)",False
conf0.25,0.25,2470.png,95,Cargo Truck,0.344008594751358,bkg,-1,31.5495458552083,153,2366.082275390625,2536.26806640625,2408.024658203125,2560.0,43.22771453857422,"[24, 32)","[97, inf)","[-inf, 45)",True
conf0.25,0.25,2470.png,96,Cargo Truck,0.3385598361492157,cls,47,34.45756800628856,153,2565.0301513671875,2389.6866455078125,2603.3152465820312,2420.6993408203125,38.94230651855469,"[32, 48)","[97, inf)","[-inf, 45)",True
conf0.25,0.25,2470.png,97,Cargo Truck,0.3367107212543487,both,144,26.045590850168658,153,2103.792358398437,2157.148803710937,2125.3280029296875,2188.648803710937,41.096466064453125,"[24, 32)","[97, inf)","[-inf, 45)",True
conf0.25,0.25,2470.png,98,Truck w/Box,0.335299402475357,loc,125,49.348492113811574,153,77.029296875,3143.0849609375,124.19207763671876,3194.720458984375,38.14182662963867,"[48, 96)","[97, inf)","[-inf, 45)",True
conf0.25,0.25,2470.png,99,Cargo Truck,0.3340817391872406,both,96,24.193225720104838,153,2543.98828125,2343.5545959472656,2560.0,2380.109832763672,40.98606872558594,"[24, 32)","[97, inf)","[-inf, 45)",True
conf0.25,0.25,2470.png,100,Truck w/Box,0.3273030519485473,bkg,-1,43.30714471754438,153,1751.9681396484375,1785.5662536621094,1792.0,1832.4166564941409,44.254066467285156,"[32, 48)","[97, inf)","[-inf, 45)",True
conf0.25,0.25,2470.png,101,Truck w/Box,0.3217872977256775,bkg,-1,37.72404283675345,153,607.6964111328125,2692.8771362304688,651.1219482421875,2725.6482543945312,39.39934539794922,"[32, 48)","[97, inf)","[-inf, 45)",True
conf0.25,0.25,2470.png,102,Cargo Truck,0.3208347856998443,cls,22,37.51046121831761,153,2866.3446044921875,2832.4605712890625,2911.3310546875,2863.7374267578125,47.05366897583008,"[32, 48)","[97, inf)","[45, 59)",True
conf0.25,0.25,2470.png,103,Cargo Truck,0.3172601461410522,both,152,27.89023572933287,153,2044.2991943359373,1995.4216918945312,2065.5164794921875,2032.0835571289065,44.71650695800781,"[24, 32)","[97, inf)","[-inf, 45)",True
conf0.25,0.25,2470.png,104,Cargo Truck,0.307215929031372,bkg,-1,30.284764705281997,153,927.8528747558594,771.3704719543457,955.8079223632812,804.1791076660156,40.973628997802734,"[24, 32)","[97, inf)","[-inf, 45)",True
conf0.25,0.25,2470.png,105,Truck w/Box,0.3059664368629455,TP,67,49.47713207881988,153,251.2859039306641,2096.5115966796875,300.4385986328125,2146.3153076171875,40.35097885131836,"[48, 96)","[97, inf)","[-inf, 45)",False
conf0.25,0.25,2470.png,106,Cargo Truck,0.3050038814544678,both,73,24.951379728104712,153,1962.115264892578,2294.933769226074,1982.896514892578,2324.89208984375,53.6528434753418,"[24, 32)","[97, inf)","[45, 59)",True
conf0.25,0.25,2470.png,107,Truck w/Box,0.3047512471675873,TP,121,51.586024179288785,153,1127.05859375,2180.6873168945312,1181.6387939453125,2229.443420410156,48.094547271728516,"[48, 96)","[97, inf)","[45, 59)",False
conf0.25,0.25,2470.png,108,Cargo Truck,0.3029832541942596,cls,135,30.495454334946913,153,1621.2112655639648,2241.319580078125,1661.1772537231443,2264.5886840820312,45.48882293701172,"[24, 32)","[97, inf)","[45, 59)",True
conf0.25,0.25,2470.png,109,Cargo Truck,0.2961139976978302,cls,16,32.78224206446965,153,2737.3759765625,3046.3512573242188,2769.091796875,3080.2357788085938,39.7671012878418,"[32, 48)","[97, inf)","[-inf, 45)",True
conf0.25,0.25,2470.png,110,Cargo Truck,0.2931046485900879,cls,95,42.63227509196057,153,2403.44873046875,2407.9320678710938,2450.5040283203125,2446.5570678710938,41.061458587646484,"[32, 48)","[97, inf)","[-inf, 45)",True
conf0.25,0.25,2470.png,111,Truck w/Box,0.2915590703487396,TP,46,44.32672424577325,153,2496.7965087890625,2466.4503784179688,2546.816772460937,2505.7316284179688,40.70539093017578,"[32, 48)","[97, inf)","[-inf, 45)",False
conf0.25,0.25,2470.png,112,Truck w/Box,0.2897259891033172,TP,105,44.55821117371634,153,2322.5848388671875,2471.5047302246094,2370.450561523437,2512.9839782714844,42.8275032043457,"[32, 48)","[97, inf)","[-inf, 45)",False
conf0.25,0.25,2470.png,113,Truck w/Box,0.2844360470771789,TP,150,42.212354042844645,153,2336.5069580078125,2822.763427734375,2367.2662353515625,2880.693359375,42.36970520019531,"[32, 48)","[97, inf)","[-inf, 45)",False
conf0.25,0.25,2470.png,114,Truck w/Box,0.2818345129489898,TP,57,28.612834869505892,153,1699.2093505859375,1536.0215225219729,1732.0106201171875,1560.980749130249,52.397647857666016,"[24, 32)","[97, inf)","[45, 59)",False
conf0.25,0.25,2470.png,115,Truck w/Box,0.2808948457241058,TP,123,46.73108799788835,153,2674.747375488281,2304.2317657470703,2716.980773925781,2355.9395294189453,40.581844329833984,"[32, 48)","[97, inf)","[-inf, 45)",False
conf0.25,0.25,2470.png,116,Truck w/Box,0.2790221869945526,loc,122,46.98476883888416,153,2537.3873291015625,2837.92919921875,2577.7012939453125,2892.6885986328125,43.1724739074707,"[32, 48)","[97, inf)","[-inf, 45)",True
conf0.25,0.25,2470.png,117,Truck w/Box,0.2786438465118408,loc,141,47.49137921280066,153,660.8740234375,1683.277099609375,716.8756103515625,1723.551513671875,41.93709945678711,"[32, 48)","[97, inf)","[-inf, 45)",True
conf0.25,0.25,2470.png,118,Cargo Truck,0.2783702611923218,cls,10,39.105391031824766,153,2289.0655822753906,2516.989227294922,2318.2664184570312,2569.358673095703,41.02407455444336,"[32, 48)","[97, inf)","[-inf, 45)",True
conf0.25,0.25,2470.png,119,Cargo Truck,0.2777166366577148,bkg,-1,15.166690399230827,153,2428.731201171875,3136.5601196289062,2446.8096923828125,3149.2839965820312,45.28571319580078,"[8, 16)","[97, inf)","[-inf, 45)",True
conf0.25,0.25,2470.png,120,Truck w/Box,0.2652859687805176,bkg,-1,35.02030978850634,153,2539.079559326172,1256.7492065429688,2579.9071350097656,1286.7882690429688,65.19355010986328,"[32, 48)","[97, inf)","[59, 82)",True
conf0.25,0.25,2470.png,121,Cargo Truck,0.2618873715400696,cls,139,19.73565117884522,153,902.3248291015624,2633.1278381347656,923.0208740234376,2651.947662353516,45.10047912597656,"[16, 24)","[97, inf)","[-inf, 45)",True
conf0.25,0.25,2470.png,122,Cargo Truck,0.2589837610721588,TP,4,27.42654851066508,153,2323.6697387695312,3115.252197265625,2353.1539916992188,3140.7646484375,45.502479553222656,"[24, 32)","[97, inf)","[45, 59)",False
conf0.25,0.25,2470.png,123,Cargo Truck,0.2548631727695465,both,25,30.70033076580696,153,2844.6117553710938,2879.23779296875,2876.0310668945312,2909.235595703125,41.52785873413086,"[24, 32)","[97, inf)","[-inf, 45)",True
conf0.25,0.25,2470.png,124,Truck w/Box,0.254817396402359,TP,140,40.18247122321697,153,2323.1676025390625,2848.015014648437,2351.6746826171875,2904.654663085937,43.071990966796875,"[32, 48)","[97, inf)","[-inf, 45)",False
conf0.25,0.25,2470.png,125,Truck w/Box,0.2543682157993316,bkg,-1,58.61784662897161,153,966.9368591308594,726.9008178710938,1023.1260375976562,788.0523071289062,39.47618865966797,"[48, 96)","[97, inf)","[-inf, 45)",True
conf0.25,0.25,2470.png,126,Cargo Truck,0.2529990673065185,both,122,48.036770976115854,153,2536.1776123046875,2836.2986450195312,2577.1881103515625,2892.565490722656,43.24269104003906,"[48, 96)","[97, inf)","[-inf, 45)",True
conf0.25,0.25,2470.png,127,Truck w/Box,0.2502349317073822,TP,149,32.80167963411078,153,1481.9886474609375,1964.793701171875,1516.6275634765625,1995.8555908203125,52.05381774902344,"[32, 48)","[97, inf)","[45, 59)",False
conf0.25,0.25,2472.png,0,Truck w/Box,0.8342404961585999,TP,53,45.08535877643623,101,326.901611328125,1340.9788818359375,375.9337158203125,1382.4351806640625,37.445579528808594,"[32, 48)","[97, inf)","[-inf, 45)",False
conf0.25,0.25,2472.png,1,Truck w/Box,0.8318401575088501,bkg,-1,41.66692946859738,101,2284.5867309570312,2699.1942138671875,2314.795227050781,2756.6658935546875,51.55450439453125,"[32, 48)","[97, inf)","[45, 59)",True
conf0.25,0.25,2472.png,2,Truck w/Box,0.7952925562858582,TP,92,45.13637467470464,101,1219.7962646484375,799.5006103515625,1276.891845703125,835.182746887207,37.81081008911133,"[32, 48)","[97, inf)","[-inf, 45)",False
conf0.25,0.25,2472.png,3,Truck w/Box,0.7827557921409607,TP,95,30.904061947049996,101,1633.9693756103516,3014.7359619140625,1651.971939086914,3067.787353515625,55.953216552734375,"[24, 32)","[97, inf)","[45, 59)",False
conf0.25,0.25,2472.png,4,Truck w/Box,0.7765219807624817,TP,76,39.54953091997475,101,1756.3621826171875,2786.220031738281,1810.413818359375,2815.1583862304688,48.93939208984375,"[32, 48)","[97, inf)","[45, 59)",False
conf0.25,0.25,2472.png,5,Truck w/Box,0.7679343819618225,TP,99,41.45617285676986,101,1811.2388305664065,2751.0789794921875,1872.55322265625,2779.1085205078125,58.25973129272461,"[32, 48)","[97, inf)","[45, 59)",False
conf0.25,0.25,2472.png,6,Truck w/Box,0.76570063829422,TP,90,39.761024253919366,101,1282.7034912109375,785.67333984375,1338.9693603515625,813.77099609375,41.82758712768555,"[32, 48)","[97, inf)","[-inf, 45)",False
conf0.25,0.25,2472.png,7,Truck w/Box,0.7616461515426636,TP,81,34.08379726545443,101,1002.1907501220704,2874.9520263671875,1023.9450225830078,2928.353271484375,52.22809982299805,"[32, 48)","[97, inf)","[45, 59)",False
conf0.25,0.25,2472.png,8,Truck w/Box,0.7500485181808472,TP,12,43.04368316634995,101,1948.2152099609373,2433.287475585937,2008.838623046875,2463.8492431640625,52.39397048950195,"[32, 48)","[97, inf)","[45, 59)",False
conf0.25,0.25,2472.png,9,Truck w/Box,0.7369814515113831,bkg,-1,37.161851275860904,101,1388.1302490234375,2130.2059326171875,1441.018798828125,2156.3175048828125,44.181068420410156,"[32, 48)","[97, inf)","[-inf, 45)",True
conf0.25,0.25,2472.png,10,Truck w/Flatbed,0.7334210872650146,cls,34,34.02043507945966,101,2087.1124877929688,2775.6309814453125,2140.7964477539062,2797.1903076171875,53.685184478759766,"[32, 48)","[97, inf)","[45, 59)",True
conf0.25,0.25,2472.png,11,Truck w/Box,0.7229726314544678,bkg,-1,43.905496875915006,101,1455.9154052734375,2101.741455078125,1516.5057373046875,2133.556640625,45.51564025878906,"[32, 48)","[97, inf)","[45, 59)",True
conf0.25,0.25,2472.png,12,Truck w/Box,0.720771074295044,TP,44,33.439351583597045,101,1007.8978118896484,1353.0302124023438,1047.2027587890625,1381.4793090820312,40.216148376464844,"[32, 48)","[97, inf)","[-inf, 45)",False
conf0.25,0.25,2472.png,13,Truck w/Box,0.7055342197418213,TP,84,43.90674180132103,101,1688.6583251953125,2805.531005859375,1749.0953369140625,2837.4287109375,48.412513732910156,"[32, 48)","[97, inf)","[45, 59)",False
conf0.25,0.25,2472.png,14,Truck w/Box,0.7006590366363525,bkg,-1,42.41497431096584,101,978.3722839355468,3106.621032714844,1029.0335083007812,3142.1320190429688,44.49272537231445,"[32, 48)","[97, inf)","[-inf, 45)",True
conf0.25,0.25,2472.png,15,Truck w/Box,0.7003766894340515,loc,83,39.6239153989211,101,1124.2694091796875,993.623779296875,1178.2769165039062,1022.69482421875,38.86181640625,"[32, 48)","[97, inf)","[-inf, 45)",True
conf0.25,0.25,2472.png,16,Truck w/Box,0.6961027979850769,bkg,-1,42.5379638277783,101,1953.1019897460935,1892.1637268066409,2009.8168334960935,1924.0685729980469,48.023921966552734,"[32, 48)","[97, inf)","[45, 59)",True
conf0.25,0.25,2472.png,17,Truck w/Box,0.6936679482460022,bkg,-1,35.31112454655711,101,1582.1006317138672,2893.0535888671875,1606.659683227539,2943.8240966796875,53.6901969909668,"[32, 48)","[97, inf)","[45, 59)",True
conf0.25,0.25,2472.png,18,Truck w/Box,0.6901927590370178,cls,41,37.908104238735426,101,1895.477783203125,1963.5281372070312,1954.449462890625,1987.8961791992188,48.573333740234375,"[32, 48)","[97, inf)","[45, 59)",True
conf0.25,0.25,2472.png,19,Truck w/Box,0.6843723654747009,cls,39,37.267631463949854,101,2356.2401123046875,2839.7139892578125,2410.3973388671875,2865.3592529296875,48.8538703918457,"[32, 48)","[97, inf)","[45, 59)",True
conf0.25,0.25,2472.png,20,Truck w/Box,0.6816585063934326,bkg,-1,36.37838735121255,101,1893.7924194335935,1929.0260314941409,1949.7252807617188,1952.686309814453,48.637428283691406,"[32, 48)","[97, inf)","[45, 59)",True
conf0.25,0.25,2472.png,21,Truck w/Box,0.681109607219696,bkg,-1,45.28402964825086,101,1521.2389526367188,1520.7769165039062,1589.0304565429688,1551.0261840820312,40.18523406982422,"[32, 48)","[97, inf)","[-inf, 45)",True
conf0.25,0.25,2472.png,22,Truck w/Box,0.6808396577835083,bkg,-1,34.95242486388063,101,938.13427734375,2278.6815643310547,984.84326171875,2304.836532592773,42.88337326049805,"[32, 48)","[97, inf)","[-inf, 45)",True
conf0.25,0.25,2472.png,23,Truck w/Box,0.6798573732376099,cls,37,36.717376076175114,101,2126.112548828125,2672.532531738281,2149.560302734375,2730.0291137695312,49.06708908081055,"[32, 48)","[97, inf)","[45, 59)",True
conf0.25,0.25,2472.png,24,Truck w/Box,0.6750365495681763,TP,61,34.128610161493185,101,861.7149658203125,2196.5506591796875,884.1378173828125,2248.4959716796875,45.19889831542969,"[32, 48)","[97, inf)","[-inf, 45)",False
conf0.25,0.25,2472.png,25,Truck w/Box,0.6652194261550903,TP,77,40.75029952010127,101,1634.0453643798828,2867.087158203125,1693.850555419922,2894.853759765625,51.04642868041992,"[32, 48)","[97, inf)","[45, 59)",False
conf0.25,0.25,2472.png,26,Truck w/Box,0.6575526595115662,loc,51,47.249637252781355,101,417.2405700683594,1242.5610961914062,468.7849426269531,1285.8738403320312,41.80944061279297,"[32, 48)","[97, inf)","[-inf, 45)",True
conf0.25,0.25,2472.png,27,Truck w/Box,0.6558442115783691,cls,42,38.929142001167804,101,1828.0426025390625,1948.563537597656,1887.3671875,1974.1090698242188,48.94382858276367,"[32, 48)","[97, inf)","[45, 59)",True
conf0.25,0.25,2472.png,28,Truck w/Box,0.653597354888916,TP,48,46.023776481000375,101,476.9503784179688,1204.9246215820312,524.845458984375,1249.1502075195312,40.92058563232422,"[32, 48)","[97, inf)","[-inf, 45)",False
conf0.25,0.25,2472.png,29,Truck w/Box,0.6531137228012085,bkg,-1,44.20566179974516,101,1034.4337158203125,2742.889404296875,1095.3113403320312,2774.9888916015625,46.81085205078125,"[32, 48)","[97, inf)","[45, 59)",True
conf0.25,0.25,2472.png,30,Truck w/Box,0.6489696502685547,bkg,-1,24.204206605659845,101,1867.2835083007808,1604.3390655517578,1901.6165161132808,1621.4026336669922,46.46190643310547,"[24, 32)","[97, inf)","[45, 59)",True
conf0.25,0.25,2472.png,31,Truck w/Box,0.6482160687446594,TP,72,35.25126775024318,101,1645.60107421875,3087.3269653320312,1709.90283203125,3106.652282714844,46.31153869628906,"[32, 48)","[97, inf)","[45, 59)",False
conf0.25,0.25,2472.png,32,Truck w/Box,0.6378281712532043,bkg,-1,44.56401079279917,101,1129.7965087890625,1037.424072265625,1196.1384887695312,1067.359130859375,38.726280212402344,"[32, 48)","[97, inf)","[-inf, 45)",True
conf0.25,0.25,2472.png,33,Truck w/Box,0.6373703479766846,TP,87,44.019910933662814,101,182.76052856445312,1441.2027587890625,235.34857177734372,1478.050537109375,40.3689079284668,"[32, 48)","[97, inf)","[-inf, 45)",False
conf0.25,0.25,2472.png,34,Truck w/Box,0.6093066930770874,TP,74,38.766465687803745,101,1338.208740234375,806.2862014770508,1394.416259765625,833.0235290527344,49.660400390625,"[32, 48)","[97, inf)","[45, 59)",False
conf0.25,0.25,2472.png,35,Truck w/Box,0.5899669528007507,TP,82,38.5519431043286,101,1336.3216552734375,794.5028533935547,1393.0748291015625,820.6908569335938,49.71392059326172,"[32, 48)","[97, inf)","[45, 59)",False
conf0.25,0.25,2472.png,36,Truck w/Box,0.5753093957901001,TP,6,35.500895786065314,101,2109.102905273437,2581.879211425781,2131.96533203125,2637.005187988281,50.51716232299805,"[32, 48)","[97, inf)","[45, 59)",False
conf0.25,0.25,2472.png,37,Truck w/Box,0.5725197196006775,cls,31,27.877671443044964,101,2096.4498901367188,2844.365966796875,2154.1637573242188,2857.831787109375,57.44673156738281,"[24, 32)","[97, inf)","[45, 59)",True
conf0.25,0.25,2472.png,38,Truck w/Box,0.5676225423812866,TP,97,28.138588623021157,101,2074.485595703125,2866.04345703125,2088.0528564453125,2924.403076171875,51.1898307800293,"[24, 32)","[97, inf)","[45, 59)",False
conf0.25,0.25,2472.png,39,Truck w/Box,0.5671956539154053,TP,98,33.0895527779696,101,1536.1650886535645,2673.2990112304688,1557.7831001281738,2723.9474487304688,50.67112350463867,"[32, 48)","[97, inf)","[45, 59)",False
conf0.25,0.25,2472.png,40,Truck w/Box,0.5604801177978516,cls,35,35.46970486300897,101,2075.2164306640625,2735.860107421875,2135.8377685546875,2756.613525390625,50.23770523071289,"[32, 48)","[97, inf)","[45, 59)",True
conf0.25,0.25,2472.png,41,Truck w/Box,0.5552826523780823,cls,33,30.421579582884025,101,2149.9314575195312,2805.921936035156,2168.443664550781,2855.9144897460938,53.931373596191406,"[24, 32)","[97, inf)","[45, 59)",True
conf0.25,0.25,2472.png,42,Truck w/Box,0.5487207174301147,TP,13,45.90552825275974,101,1959.390869140625,2461.51123046875,2026.135681152344,2493.083984375,48.4884147644043,"[32, 48)","[97, inf)","[45, 59)",False
conf0.25,0.25,2472.png,43,Cargo Truck,0.5394829511642456,bkg,-1,28.867682397236774,101,1321.0594482421875,2383.8511352539062,1343.2493896484375,2421.4061279296875,44.99442672729492,"[24, 32)","[97, inf)","[-inf, 45)",True
conf0.25,0.25,2472.png,44,Truck w/Box,0.5350500345230103,TP,91,35.72677997581938,101,1072.7423095703125,1002.8755493164062,1095.3611450195312,1059.3065185546875,42.159481048583984,"[32, 48)","[97, inf)","[-inf, 45)",False
conf0.25,0.25,2472.png,45,Truck w/Box,0.5301802158355713,bkg,-1,37.77909002842506,101,2068.3223876953125,2713.510681152344,2129.4256591796875,2736.8688354492188,47.912635803222656,"[32, 48)","[97, inf)","[45, 59)",True
conf0.25,0.25,2472.png,46,Truck w/Box,0.5224679708480835,loc,83,38.5148717383918,101,1129.6809692382812,1021.6446075439452,1185.7048950195312,1048.1224975585938,39.77882385253906,"[32, 48)","[97, inf)","[-inf, 45)",True
conf0.25,0.25,2472.png,47,Truck w/Box,0.515558660030365,TP,80,40.206571758208426,101,1645.3691482543943,2891.739562988281,1701.9411010742188,2920.3150024414062,48.02456283569336,"[32, 48)","[97, inf)","[45, 59)",False
conf0.25,0.25,2472.png,48,Truck w/Box,0.5151306390762329,cls,36,40.63752742330462,101,2067.1260986328125,2686.6541137695312,2123.470703125,2715.963195800781,50.59590530395508,"[32, 48)","[97, inf)","[45, 59)",True
conf0.25,0.25,2472.png,49,Truck w/Box,0.5088747143745422,bkg,-1,33.02715256363245,101,1571.783058166504,3003.041259765625,1618.6319732666016,3026.324462890625,54.75086975097656,"[32, 48)","[97, inf)","[45, 59)",True
conf0.25,0.25,2472.png,50,Cargo Truck,0.507532000541687,bkg,-1,29.14003673105426,101,677.7620849609375,147.0618438720703,700.7969970703125,183.9250946044922,34.73085403442383,"[24, 32)","[97, inf)","[-inf, 45)",True
conf0.25,0.25,2472.png,51,Truck w/Box,0.5068138241767883,both,26,37.44972971779194,101,2729.8953857421875,2992.252319335937,2785.5145263671875,3017.468139648437,40.92510223388672,"[32, 48)","[97, inf)","[-inf, 45)",True
conf0.25,0.25,2472.png,52,Truck w/Box,0.504991352558136,bkg,-1,39.65642243835192,101,2030.7435913085935,1930.037872314453,2089.808898925781,1956.6631774902344,51.55617141723633,"[32, 48)","[97, inf)","[45, 59)",True
conf0.25,0.25,2472.png,53,Cargo Truck,0.5033709406852722,bkg,-1,28.546188644818972,101,818.3238525390625,1203.7399291992188,846.3428955078125,1232.8231811523438,51.383907318115234,"[24, 32)","[97, inf)","[45, 59)",True
conf0.25,0.25,2472.png,54,Truck w/Box,0.4947392046451568,TP,70,33.64315388888579,101,1124.7708129882812,1159.5224609375,1151.5928344726562,1201.721435546875,41.87126159667969,"[32, 48)","[97, inf)","[-inf, 45)",False
conf0.25,0.25,2472.png,55,Truck w/Box,0.488316535949707,bkg,-1,32.1128526683848,101,2138.2114868164062,2745.5421142578125,2159.1499633789062,2794.7928466796875,48.904544830322266,"[32, 48)","[97, inf)","[45, 59)",True
conf0.25,0.25,2472.png,56,Cargo Truck,0.4834948182106018,cls,2,32.728364404184546,101,391.673828125,811.8285446166992,423.927001953125,845.0391006469727,44.561038970947266,"[32, 48)","[97, inf)","[-inf, 45)",True
conf0.25,0.25,2472.png,57,Truck w/Box,0.4814847409725189,TP,93,27.83832508332392,101,1485.1009521484375,1022.062530517578,1507.5740966796875,1056.546905517578,53.03229904174805,"[24, 32)","[97, inf)","[45, 59)",False
conf0.25,0.25,2472.png,58,Truck w/Box,0.4800114035606384,TP,89,44.35299178085451,101,1077.3951110839844,1086.470184326172,1109.4064636230469,1147.9230041503906,39.620723724365234,"[32, 48)","[97, inf)","[-inf, 45)",False
conf0.25,0.25,2472.png,59,Truck w/Box,0.479008138179779,bkg,-1,43.97056308185712,101,1524.9606323242188,1563.0884399414062,1593.1283569335938,1591.4509887695312,39.57044219970703,"[32, 48)","[97, inf)","[-inf, 45)",True
conf0.25,0.25,2472.png,60,Truck w/Box,0.4720309972763061,cls,32,28.758224964163347,101,2094.53857421875,2824.85791015625,2153.5009765625,2838.8843994140625,53.227779388427734,"[24, 32)","[97, inf)","[45, 59)",True
conf0.25,0.25,2472.png,61,Truck w/Box,0.4544747769832611,TP,50,44.96666592819685,101,495.4056396484375,1215.5816040039062,542.848388671875,1258.201416015625,40.65340805053711,"[32, 48)","[97, inf)","[-inf, 45)",False
conf0.25,0.25,2472.png,62,Truck w/Box,0.4485111832618713,bkg,-1,37.312472434027256,101,889.8698501586914,1119.3425903320312,940.682586669922,1146.7416381835938,40.790523529052734,"[32, 48)","[97, inf)","[-inf, 45)",True
conf0.25,0.25,2472.png,63,Cargo Truck,0.4480786323547363,bkg,-1,30.001855834540947,101,434.92584228515625,3066.0746459960938,468.112060546875,3093.1976928710938,45.2071418762207,"[24, 32)","[97, inf)","[-inf, 45)",True
conf0.25,0.25,2472.png,64,Truck w/Box,0.4467435777187347,TP,14,45.43892750844935,101,1910.0166931152344,2483.900390625,1972.1827697753904,2517.1129760742188,48.277095794677734,"[32, 48)","[97, inf)","[45, 59)",False
conf0.25,0.25,2472.png,65,Truck w/Box,0.4316457211971283,TP,94,38.680085533231164,101,1639.963249206543,2879.862060546875,1698.7435302734375,2905.3153076171875,50.15987777709961,"[32, 48)","[97, inf)","[45, 59)",False
conf0.25,0.25,2472.png,66,Truck w/Box,0.4211337566375732,loc,46,34.658649604223875,101,1488.9560546875,988.3524475097656,1515.596435546875,1033.4427185058594,60.64596176147461,"[32, 48)","[97, inf)","[59, 82)",True
conf0.25,0.25,2472.png,67,Cargo Truck,0.4079425036907196,bkg,-1,25.17757324635934,101,542.172607421875,952.092315673828,567.757568359375,976.8689880371094,50.08615493774414,"[24, 32)","[97, inf)","[45, 59)",True
conf0.25,0.25,2472.png,68,Truck w/Box,0.4049298763275146,bkg,-1,33.62286945731636,101,523.2891845703125,1182.3419189453125,566.6004638671875,1208.443603515625,38.101009368896484,"[32, 48)","[97, inf)","[-inf, 45)",True
conf0.25,0.25,2472.png,69,Truck w/Box,0.3929401934146881,bkg,-1,23.386425054059035,101,1769.87255859375,1639.0887451171875,1792.0,1663.8057861328125,60.78260803222656,"[16, 24)","[97, inf)","[59, 82)",True
conf0.25,0.25,2472.png,70,Truck w/Box,0.3884909152984619,bkg,-1,36.52116466967575,101,828.9141845703125,2381.6189880371094,878.2557373046875,2408.65087890625,45.00910186767578,"[32, 48)","[97, inf)","[-inf, 45)",True
conf0.25,0.25,2472.png,71,Cargo Truck,0.3859995305538177,cls,60,27.580309271198736,101,548.4736938476562,2231.0210456848145,589.6322631835938,2249.502578735352,37.44110107421875,"[24, 32)","[97, inf)","[-inf, 45)",True
conf0.25,0.25,2472.png,72,Truck w/Box,0.3832966387271881,TP,96,28.07103387010306,101,1448.91796875,860.0223159790039,1471.336181640625,895.1715469360352,46.203704833984375,"[24, 32)","[97, inf)","[45, 59)",False
conf0.25,0.25,2472.png,73,Truck w/Box,0.3817722201347351,bkg,-1,38.04594660885445,101,971.4161376953124,2086.20947265625,1024.0,2113.73681640625,45.62870788574219,"[32, 48)","[97, inf)","[45, 59)",True
conf0.25,0.25,2472.png,74,Truck w/Box,0.3808771967887878,bkg,-1,26.905069711042874,101,1019.7620544433594,2952.749389648437,1038.9309387207031,2990.5128173828125,50.3038444519043,"[24, 32)","[97, inf)","[45, 59)",True
conf0.25,0.25,2472.png,75,Truck w/Box,0.3787074685096741,TP,59,30.637463766930274,101,521.2958984375,2171.2305908203125,579.529052734375,2187.3494873046875,39.38385009765625,"[24, 32)","[97, inf)","[-inf, 45)",False
conf0.25,0.25,2472.png,76,Cargo Truck,0.3765503466129303,cls,78,38.2722098626097,101,775.946044921875,3113.25244140625,802.112548828125,3169.23095703125,42.47305679321289,"[32, 48)","[97, inf)","[-inf, 45)",True
conf0.25,0.25,2472.png,77,Truck w/Box,0.3743369579315185,cls,40,37.43029633060548,101,2477.0045166015625,2546.946350097656,2534.9146728515625,2571.1394653320312,51.22679138183594,"[32, 48)","[97, inf)","[45, 59)",True
conf0.25,0.25,2472.png,78,Truck w/Box,0.3551183342933655,TP,56,54.34128223875494,101,113.93647003173828,1385.1572265625,165.1171875,1442.854248046875,41.01301193237305,"[48, 96)","[97, inf)","[-inf, 45)",False
conf0.25,0.25,2472.png,79,Truck w/Box,0.33851158618927,bkg,-1,36.66630321807094,101,949.1519775390624,2606.910522460937,974.971435546875,2658.98046875,45.0776481628418,"[32, 48)","[97, inf)","[-inf, 45)",True
conf0.25,0.25,2472.png,80,Truck w/Box,0.3322842717170715,bkg,-1,45.78067437744207,101,1460.5068359375,1583.7183837890625,1530.097900390625,1613.8353271484375,39.78418731689453,"[32, 48)","[97, inf)","[-inf, 45)",True
conf0.25,0.25,2472.png,81,Truck w/Box,0.3298823237419128,TP,60,33.37795430137887,101,548.4769287109375,2231.37646484375,602.1385498046875,2252.1378173828125,37.028099060058594,"[32, 48)","[97, inf)","[-inf, 45)",False
conf0.25,0.25,2472.png,82,Truck w/Box,0.3188760876655578,bkg,-1,43.49246731660053,101,1656.3635864257812,1519.86669921875,1720.2968139648438,1549.4537353515625,39.882381439208984,"[32, 48)","[97, inf)","[-inf, 45)",True
conf0.25,0.25,2472.png,83,Truck w/Box,0.3165192306041717,bkg,-1,46.588815457771155,101,267.4696655273437,1378.979736328125,318.0604248046875,1421.8831787109375,38.69361877441406,"[32, 48)","[97, inf)","[-inf, 45)",True
conf0.25,0.25,2472.png,84,Truck w/Box,0.3160778880119324,bkg,-1,25.408278145900372,101,421.5043029785156,2828.0322265625,449.7870788574219,2850.858154296875,62.67316436767578,"[24, 32)","[97, inf)","[59, 82)",True
conf0.25,0.25,2472.png,85,Truck w/Box,0.313672661781311,bkg,-1,26.200772857186937,101,1112.2210693359375,1073.7401733398438,1157.213134765625,1088.9979858398438,39.653533935546875,"[24, 32)","[97, inf)","[-inf, 45)",True
conf0.25,0.25,2472.png,86,Truck w/Box,0.3009588122367859,TP,68,25.292238490340257,101,1407.47119140625,697.86279296875,1427.05810546875,730.522216796875,43.35434341430664,"[24, 32)","[97, inf)","[-inf, 45)",False
conf0.25,0.25,2472.png,87,Truck w/Box,0.2976492345333099,both,30,39.45973930888599,101,2522.896728515625,2986.977844238281,2559.289306640625,3029.7632446289062,41.88217544555664,"[32, 48)","[97, inf)","[-inf, 45)",True
conf0.25,0.25,2472.png,88,Truck w/Flatbed,0.2974235117435455,bkg,-1,33.116777413455345,101,609.7244873046875,3164.299072265625,645.2320556640625,3195.18603515625,47.97043991088867,"[32, 48)","[97, inf)","[45, 59)",True
conf0.25,0.25,2472.png,89,Truck w/Box,0.2916171848773956,TP,63,26.931714821299074,101,1299.2615966796875,653.25537109375,1338.249267578125,671.859130859375,46.272369384765625,"[24, 32)","[97, inf)","[45, 59)",False
conf0.25,0.25,2472.png,90,Truck w/Box,0.2809551358222961,TP,0,41.0694748936562,101,1319.659423828125,785.0198974609375,1376.60107421875,814.6414794921875,45.010345458984375,"[32, 48)","[97, inf)","[-inf, 45)",False
conf0.25,0.25,2472.png,91,Truck w/Box,0.2778207063674927,bkg,-1,30.192401000939913,101,2097.807983398437,2330.5264587402344,2114.2896728515625,2385.835174560547,49.175594329833984,"[24, 32)","[97, inf)","[45, 59)",True
conf0.25,0.25,2472.png,92,Truck w/Box,0.2771717607975006,bkg,-1,30.72726696263093,101,2231.34765625,2995.925048828125,2251.72900390625,3042.25,46.12797546386719,"[24, 32)","[97, inf)","[45, 59)",True
conf0.25,0.25,2472.png,93,Truck w/Box,0.2736420631408691,TP,7,28.173569877406663,101,2148.052062988281,2601.225952148437,2167.8347778320312,2641.349365234375,47.871952056884766,"[24, 32)","[97, inf)","[45, 59)",False
conf0.25,0.25,2472.png,94,Truck w/Box,0.2733246684074402,TP,52,38.63793621569038,101,395.325439453125,1282.9727783203125,439.0614013671875,1317.10693359375,40.33086395263672,"[32, 48)","[97, inf)","[-inf, 45)",False
conf0.25,0.25,2472.png,95,Truck w/Box,0.2704341113567352,TP,1,36.33536163916219,101,1286.3056640625,814.2707977294922,1341.981201171875,837.9842376708984,41.10714340209961,"[32, 48)","[97, inf)","[-inf, 45)",False
conf0.25,0.25,2472.png,96,Truck w/Box,0.2647270262241363,bkg,-1,45.436945262497744,101,1587.3292236328125,1541.8668212890625,1653.8782958984375,1572.8892822265625,39.9216423034668,"[32, 48)","[97, inf)","[-inf, 45)",True
conf0.25,0.25,2472.png,97,Truck w/Box,0.262777179479599,TP,79,42.72247897694964,101,1108.630126953125,1083.1392822265625,1142.6114501953125,1136.8514404296875,39.933860778808594,"[32, 48)","[97, inf)","[-inf, 45)",False
conf0.25,0.25,2472.png,98,Truck w/Box,0.2610879838466644,bkg,-1,35.3560299313045,101,785.181396484375,2387.4699096679688,832.546142578125,2413.8618774414062,43.89197540283203,"[32, 48)","[97, inf)","[-inf, 45)",True
conf0.25,0.25,2472.png,99,Truck w/Box,0.2572625279426574,bkg,-1,28.936681326375727,101,1536.0,2892.7902221679688,1551.413249015808,2947.1156616210938,48.17299270629883,"[24, 32)","[97, inf)","[45, 59)",True
conf0.25,0.25,2472.png,100,Truck w/Box,0.2551174163818359,bkg,-1,31.915568103784693,101,2493.5200805664062,2786.64990234375,2517.386657714844,2829.3289794921875,44.76091003417969,"[24, 32)","[97, inf)","[-inf, 45)",True
conf0.25,0.25,2543.png,0,Truck w/Box,0.3554514944553375,bkg,-1,38.66849493302068,97,2667.2978515625,599.0939331054688,2706.0086669921875,637.7201538085938,60.42564010620117,"[32, 48)","[97, inf)","[59, 82)",True
conf0.25,0.25,2543.png,1,Truck w/Box,0.3488309979438782,bkg,-1,46.51893484393308,97,2814.6162109375,654.7574462890625,2862.77197265625,699.6951904296875,75.64507293701172,"[32, 48)","[97, inf)","[59, 82)",True
conf0.25,0.25,2543.png,2,Cargo Truck,0.2918588817119598,cls,37,28.963162770281517,97,1954.9480743408203,865.756591796875,1980.70263671875,898.3280944824219,86.48910522460938,"[24, 32)","[97, inf)","[82, inf)",True
conf0.25,0.25,31.png,0,Truck w/Box,0.8824640512466431,TP,34,41.32914994046945,35,252.67384338378903,367.5399475097656,299.86181640625,403.7377014160156,130.1328887939453,"[32, 48)","[31, 76)","[82, inf)",False
conf0.25,0.25,31.png,1,Truck w/Flatbed,0.8640186786651611,bkg,-1,41.928053029221715,35,636.1683349609375,918.0374450683594,686.7969970703125,952.7601013183594,88.05377960205078,"[32, 48)","[31, 76)","[82, inf)",True
conf0.25,0.25,31.png,2,Truck w/Box,0.7953512668609619,bkg,-1,39.736957767623394,35,1342.3701171875,812.5965576171875,1390.85791015625,845.1619873046875,83.03060913085938,"[32, 48)","[31, 76)","[82, inf)",True
conf0.25,0.25,31.png,3,Truck w/Flatbed,0.7807958722114563,cls,0,44.201246863379104,35,186.86810302734372,320.9140014648437,238.10137939453125,359.04840087890625,107.05848693847656,"[32, 48)","[31, 76)","[82, inf)",True
conf0.25,0.25,31.png,4,Truck w/Flatbed,0.7605193853378296,cls,7,35.54931009147278,35,1844.502685546875,1019.2472534179688,1900.22900390625,1041.9251098632812,111.48664855957031,"[32, 48)","[31, 76)","[82, inf)",True
conf0.25,0.25,31.png,5,Cargo Truck,0.7493536472320557,bkg,-1,22.824206990081144,35,1221.4874877929688,1250.8450927734375,1245.46142578125,1272.57470703125,85.5704345703125,"[16, 24)","[31, 76)","[82, inf)",True
conf0.25,0.25,31.png,6,Truck w/Flatbed,0.6797839403152466,TP,5,36.123937451099906,35,1723.2276611328125,800.6627578735352,1774.211456298828,826.257926940918,108.85042572021484,"[32, 48)","[31, 76)","[82, inf)",False
conf0.25,0.25,31.png,7,Cargo Truck,0.6632880568504333,bkg,-1,21.32307018754867,35,989.9939575195312,48.72327423095703,1011.0606079101562,70.3058853149414,80.1720199584961,"[16, 24)","[31, 76)","[59, 82)",True
conf0.25,0.25,31.png,8,Truck Tractor,0.6347014307975769,bkg,-1,22.652293555494577,35,1207.150360107422,1138.5042114257812,1230.9695739746094,1160.0467529296875,84.99456787109375,"[16, 24)","[31, 76)","[82, inf)",True
conf0.25,0.25,31.png,9,Cargo Truck,0.6009892821311951,bkg,-1,24.950540754842947,35,1146.4063110351562,1270.155517578125,1173.2931518554688,1293.3092041015625,97.32291412353516,"[24, 32)","[31, 76)","[82, inf)",True
conf0.25,0.25,31.png,10,Cargo Truck,0.6002106070518494,bkg,-1,22.162674999608473,35,1106.881103515625,1159.0134887695312,1132.5150146484375,1178.1749877929688,84.13518524169922,"[16, 24)","[31, 76)","[82, inf)",True
conf0.25,0.25,31.png,11,Cargo Truck,0.5741651058197021,bkg,-1,19.836849823442396,35,1232.8883056640625,1225.7825317382812,1247.9793701171875,1251.8576049804688,85.40740966796875,"[16, 24)","[31, 76)","[82, inf)",True
conf0.25,0.25,31.png,12,Cargo Truck,0.5671365261077881,bkg,-1,22.266770256771796,35,1210.2865600585938,1220.3592224121094,1235.3770141601562,1240.120086669922,101.84249114990234,"[16, 24)","[31, 76)","[82, inf)",True
conf0.25,0.25,31.png,13,Truck w/Flatbed,0.5570185780525208,bkg,-1,29.07798441366599,35,1959.315185546875,1093.7156982421875,1983.3892822265625,1128.837646484375,103.97000122070312,"[24, 32)","[31, 76)","[82, inf)",True
conf0.25,0.25,31.png,14,Truck w/Flatbed,0.556367814540863,bkg,-1,22.60139927770524,35,1381.1820068359375,1118.1365966796875,1399.9420166015625,1145.365966796875,85.48872375488281,"[16, 24)","[31, 76)","[82, inf)",True
conf0.25,0.25,31.png,15,Cargo Truck,0.555283784866333,bkg,-1,22.283539150853095,35,1254.6641235351562,1200.2291259765625,1271.6720581054688,1229.4246826171875,80.69074249267578,"[16, 24)","[31, 76)","[59, 82)",True
conf0.25,0.25,31.png,16,Cargo Truck,0.5545689463615417,bkg,-1,12.882144761173894,35,767.4337768554688,1782.6685485839844,787.3110961914062,1791.0172424316406,76.86666870117188,"[8, 16)","[31, 76)","[59, 82)",True
conf0.25,0.25,31.png,17,Truck w/Box,0.5460205674171448,bkg,-1,48.193520585846585,35,2614.33349609375,1623.7537841796875,2669.113037109375,1666.1531066894531,123.30966186523438,"[48, 96)","[31, 76)","[82, inf)",True
conf0.25,0.25,31.png,18,Truck w/Flatbed,0.5351731777191162,bkg,-1,43.752150307225385,35,883.8980712890625,776.6223030090332,932.5860595703124,815.9389953613281,109.40599822998047,"[32, 48)","[31, 76)","[82, inf)",True
conf0.25,0.25,31.png,19,Truck w/Box,0.5221015214920044,bkg,-1,41.85266499773328,35,2131.9481887817383,1737.6127014160156,2170.7039108276367,1782.8097839355469,118.95923614501953,"[32, 48)","[31, 76)","[82, inf)",True
conf0.25,0.25,31.png,20,Truck w/Box,0.5202728509902954,bkg,-1,29.074477298247476,35,1959.8451538085935,1092.2374267578125,1983.1741333007808,1128.472412109375,103.90054321289062,"[24, 32)","[31, 76)","[82, inf)",True
conf0.25,0.25,31.png,21,Truck w/Flatbed,0.511823832988739,bkg,-1,25.102945779838308,35,834.1699981689453,2259.8497314453125,857.9163970947266,2286.38671875,71.86904907226562,"[24, 32)","[31, 76)","[59, 82)",True
conf0.25,0.25,31.png,22,Cargo Truck,0.4960266351699829,bkg,-1,22.10778998196457,35,1277.2009887695312,1252.8150024414062,1296.9183959960938,1277.6029663085938,81.23846435546875,"[16, 24)","[31, 76)","[59, 82)",True
conf0.25,0.25,31.png,23,Cargo Truck,0.4853430986404419,bkg,-1,22.4659572488535,35,1278.452880859375,1193.943878173828,1301.4677734375,1215.873992919922,77.82789611816406,"[16, 24)","[31, 76)","[59, 82)",True
conf0.25,0.25,31.png,24,Cargo Truck,0.4850244224071502,bkg,-1,17.43872897284881,35,1230.697998046875,1165.2338256835938,1243.045654296875,1189.8627319335938,84.34285736083984,"[16, 24)","[31, 76)","[82, inf)",True
conf0.25,0.25,31.png,25,Cargo Truck,0.4795867502689361,bkg,-1,23.934220847631902,35,1321.4716186523438,1306.0135498046875,1349.4627075195312,1326.4788818359375,110.4006576538086,"[16, 24)","[31, 76)","[82, inf)",True
conf0.25,0.25,31.png,26,Cargo Truck,0.4704629182815552,bkg,-1,22.349356868483927,35,1179.996337890625,1251.9767456054688,1204.1685791015625,1272.6406860351562,89.88286590576172,"[16, 24)","[31, 76)","[82, inf)",True
conf0.25,0.25,31.png,27,Truck w/Flatbed,0.4575253427028656,bkg,-1,25.571840321031214,35,1105.5827026367188,1311.1416015625,1130.649169921875,1337.22900390625,84.90740966796875,"[24, 32)","[31, 76)","[82, inf)",True
conf0.25,0.25,31.png,28,Cargo Truck,0.4441958367824554,bkg,-1,18.935994472004033,35,1265.4683532714844,1146.5032348632812,1278.8869323730469,1173.2252807617188,85.38520050048828,"[16, 24)","[31, 76)","[82, inf)",True
conf0.25,0.25,31.png,29,Cargo Truck,0.4352306127548218,bkg,-1,25.176107557651683,35,1152.8140563964844,1234.5052185058594,1183.389617919922,1255.235382080078,87.29545593261719,"[24, 32)","[31, 76)","[82, inf)",True
conf0.25,0.25,31.png,30,Cargo Truck,0.4142847657203674,bkg,-1,13.445951464341643,35,1070.0318603515625,1777.0557861328125,1082.1297607421875,1792.0,77.81538391113281,"[8, 16)","[31, 76)","[59, 82)",True
conf0.25,0.25,31.png,31,Cargo Truck,0.388820618391037,bkg,-1,22.9523549758986,35,1326.055419921875,1127.3131713867188,1346.410400390625,1153.1943359375,79.456787109375,"[16, 24)","[31, 76)","[59, 82)",True
conf0.25,0.25,31.png,32,Cargo Truck,0.3875386416912079,bkg,-1,18.015897991133592,35,2000.3191528320312,2508.8072509765625,2019.0045776367188,2526.1776123046875,129.90525817871094,"[16, 24)","[31, 76)","[82, inf)",True
conf0.25,0.25,31.png,33,Truck w/Flatbed,0.384160965681076,bkg,-1,25.611247793685482,35,1169.7594909667969,1206.2473449707031,1199.4112243652344,1228.368682861328,90.21739196777344,"[24, 32)","[31, 76)","[82, inf)",True
conf0.25,0.25,31.png,34,Truck w/Flatbed,0.3590963184833526,bkg,-1,43.64248111600544,35,1683.8506927490234,893.96142578125,1749.8310089111328,922.82861328125,93.18856048583984,"[32, 48)","[31, 76)","[82, inf)",True
conf0.25,0.25,31.png,35,Cargo Truck,0.3590555191040039,bkg,-1,20.17159170133554,35,1253.4078979492188,1232.6838073730469,1271.7489624023438,1254.868621826172,87.21510314941406,"[16, 24)","[31, 76)","[82, inf)",True
conf0.25,0.25,31.png,36,Cargo Truck,0.3569370806217193,bkg,-1,22.846959653094107,35,1135.5054626464844,1381.403564453125,1156.5076599121094,1406.25732421875,84.67132568359375,"[16, 24)","[31, 76)","[82, inf)",True
conf0.25,0.25,31.png,37,Cargo Truck,0.3555205166339874,bkg,-1,19.459268037006755,35,1150.237548828125,1259.0518493652344,1172.4496459960938,1276.0994567871094,97.29468536376953,"[16, 24)","[31, 76)","[82, inf)",True
conf0.25,0.25,31.png,38,Cargo Truck,0.3521491289138794,bkg,-1,24.180469167520318,35,1076.703643798828,1351.592529296875,1104.4161071777344,1372.691162109375,90.1959228515625,"[24, 32)","[31, 76)","[82, inf)",True
conf0.25,0.25,31.png,39,Cargo Truck,0.3493669033050537,bkg,-1,16.906020406197033,35,1152.9291381835938,645.35546875,1171.6668090820312,660.60888671875,103.8125,"[16, 24)","[31, 76)","[82, inf)",True
conf0.25,0.25,31.png,40,Cargo Truck,0.3206594288349151,bkg,-1,24.248699872322838,35,1226.2247924804688,1115.1432495117188,1250.8213500976562,1139.0490112304688,83.9728012084961,"[24, 32)","[31, 76)","[82, inf)",True
conf0.25,0.25,31.png,41,Truck w/Flatbed,0.3203489482402801,bkg,-1,23.141150992898048,35,1372.4402465820312,1237.8217163085938,1396.8436889648438,1259.765869140625,75.74260711669922,"[16, 24)","[31, 76)","[59, 82)",True
conf0.25,0.25,31.png,42,Truck w/Flatbed,0.3196226358413696,bkg,-1,22.142964381516418,35,1047.1841735839844,1375.18701171875,1074.9712829589844,1392.832275390625,85.15872955322266,"[16, 24)","[31, 76)","[82, inf)",True
conf0.25,0.25,31.png,43,Cargo Truck,0.3180781304836273,bkg,-1,15.435756896717741,35,2175.070556640625,2641.30810546875,2189.9676513671875,2657.302001953125,109.88627624511719,"[8, 16)","[31, 76)","[82, inf)",True
conf0.25,0.25,31.png,44,Cargo Truck,0.3133360743522644,bkg,-1,19.524194891046488,35,1129.3602905273438,1222.253875732422,1154.2664184570312,1237.559112548828,82.50240325927734,"[16, 24)","[31, 76)","[82, inf)",True
conf0.25,0.25,31.png,45,Cargo Truck,0.3123480975627899,bkg,-1,21.20013644449997,35,1149.2512512207031,1245.6182250976562,1173.4704284667969,1264.1756591796875,87.1240005493164,"[16, 24)","[31, 76)","[82, inf)",True
conf0.25,0.25,31.png,46,Truck w/Flatbed,0.3023122251033783,bkg,-1,22.075003335949408,35,1194.78515625,1181.2005310058594,1220.1258544921875,1200.430694580078,82.2370376586914,"[16, 24)","[31, 76)","[82, inf)",True
conf0.25,0.25,31.png,47,Cargo Truck,0.2964624464511871,TP,2,20.23515932853307,35,760.630126953125,326.36962890625,780.01416015625,347.4932861328125,127.98917388916016,"[16, 24)","[31, 76)","[82, inf)",False
conf0.25,0.25,31.png,48,Truck w/Flatbed,0.2889249622821808,bkg,-1,27.258742019765243,35,1574.0882415771484,780.918212890625,1622.4674530029297,796.27685546875,122.16326904296875,"[24, 32)","[31, 76)","[82, inf)",True
conf0.25,0.25,31.png,49,Cargo Truck,0.2842544913291931,bkg,-1,26.33298294233131,35,1293.85302734375,1219.7076721191406,1317.2900390625,1249.294464111328,70.78580474853516,"[24, 32)","[31, 76)","[59, 82)",True
conf0.25,0.25,31.png,50,Truck w/Flatbed,0.2796071171760559,bkg,-1,24.64925024805536,35,1365.3245849609375,1114.3088073730469,1387.7938232421875,1141.349578857422,79.09471893310547,"[24, 32)","[31, 76)","[59, 82)",True
conf0.25,0.25,31.png,51,Truck w/Flatbed,0.2748637199401855,bkg,-1,24.373449043302116,35,1379.3842163085938,1222.586944580078,1402.8395385742188,1247.9144592285156,84.47595977783203,"[24, 32)","[31, 76)","[82, inf)",True
conf0.25,0.25,31.png,52,Truck w/Flatbed,0.2680999636650085,bkg,-1,24.943147983540914,35,1295.2608032226562,1220.9884643554688,1317.2954711914062,1249.2239990234375,71.10869598388672,"[24, 32)","[31, 76)","[59, 82)",True
conf0.25,0.25,31.png,53,Cargo Truck,0.2559832334518432,bkg,-1,25.721394624234435,35,1169.0492553710938,1206.255615234375,1199.3596801757812,1228.082763671875,90.21739196777344,"[24, 32)","[31, 76)","[82, inf)",True
f1opt,0.1298133283853531,1181.png,0,Truck w/Box,0.6869722604751587,TP,22,38.4931203062513,33,466.0283203125,345.8824462890625,515.0386962890625,376.115234375,52.75,"[32, 48)","[31, 76)","[45, 59)",False
f1opt,0.1298133283853531,1181.png,1,Truck w/Box,0.6673003435134888,both,17,34.450100909724256,33,536.68798828125,202.10125732421875,585.7933349609375,226.2698974609375,59.41600036621094,"[32, 48)","[31, 76)","[59, 82)",True
f1opt,0.0758884698152542,1181.png,2,Cargo Truck,0.6352745890617371,bkg,-1,17.637416589606218,33,135.83474731445312,807.1233711242676,151.77365112304688,826.6403007507324,62.38823699951172,"[16, 24)","[31, 76)","[59, 82)",True
f1opt,0.1298133283853531,1181.png,3,Truck w/Box,0.5872371196746826,bkg,-1,32.880854321970226,33,627.415283203125,416.3917846679688,672.90234375,440.16009521484375,53.21913146972656,"[32, 48)","[31, 76)","[45, 59)",True
f1opt,0.1298133283853531,1181.png,4,Truck w/Box,0.5838216543197632,bkg,-1,40.0817438474433,33,392.2107543945313,118.94625854492188,423.8204956054688,169.77066040039062,49.69651412963867,"[32, 48)","[31, 76)","[45, 59)",True
f1opt,0.1298133283853531,1181.png,5,Truck w/Box,0.5222674012184143,bkg,-1,35.721280152276464,33,616.2064208984375,396.9053955078125,669.6871337890625,420.7646484375,57.746665954589844,"[32, 48)","[31, 76)","[45, 59)",True
f1opt,0.1298133283853531,1181.png,6,Truck w/Box,0.5147669315338135,TP,20,32.626710157223314,33,456.7804565429688,313.8498229980469,502.26507568359375,337.2533874511719,60.933616638183594,"[32, 48)","[31, 76)","[59, 82)",False
f1opt,0.1298133283853531,1181.png,7,Truck w/Box,0.5131186246871948,TP,24,31.763695151083525,33,483.8327026367188,377.3246765136719,530.281005859375,399.0462951660156,51.7717399597168,"[24, 32)","[31, 76)","[45, 59)",False
f1opt,0.0758884698152542,1181.png,8,Cargo Truck,0.5081660747528076,cls,32,34.06356553772864,33,67.29560852050781,614.9263916015625,113.0806884765625,640.269287109375,56.57368087768555,"[32, 48)","[31, 76)","[45, 59)",True
f1opt,0.1298133283853531,1181.png,9,Truck w/Box,0.5044349431991577,TP,19,35.056062582551824,33,437.03759765625,284.19854736328125,490.115966796875,307.35162353515625,62.761573791503906,"[32, 48)","[31, 76)","[59, 82)",False
f1opt,0.1298133283853531,1181.png,10,Truck w/Box,0.4889634549617767,TP,18,32.81284481049064,33,431.2950744628906,264.7464599609375,483.8556213378906,285.2310791015625,58.06861114501953,"[32, 48)","[31, 76)","[45, 59)",False
f1opt,0.0562120340764522,1181.png,11,Truck Tractor,0.4530744254589081,bkg,-1,36.37526434133769,33,536.8819580078125,365.8694458007813,566.4058837890625,410.68597412109375,48.673912048339844,"[32, 48)","[31, 76)","[45, 59)",True
f1opt,0.0758884698152542,1181.png,12,Cargo Truck,0.4060038030147552,both,32,39.958646902640105,33,71.99031066894531,624.4266357421875,119.64134216308594,657.9346923828125,45.6890754699707,"[32, 48)","[31, 76)","[45, 59)",True
f1opt,0.1298133283853531,1181.png,13,Truck w/Box,0.3591382801532745,bkg,-1,35.77202896757521,33,627.3382568359375,428.1340942382813,680.3228759765625,452.28521728515625,50.461483001708984,"[32, 48)","[31, 76)","[45, 59)",True
f1opt,0.1298133283853531,1181.png,14,Truck w/Box,0.3349913954734802,bkg,-1,21.62675822885111,33,276.7203063964844,335.00439453125,300.8567199707031,354.3824462890625,57.49599838256836,"[16, 24)","[31, 76)","[45, 59)",True
f1opt,0.0758884698152542,1181.png,15,Cargo Truck,0.3262689113616943,bkg,-1,23.804781897294784,33,314.251953125,398.69091796875,343.9227294921875,417.7894287109375,53.72833251953125,"[16, 24)","[31, 76)","[45, 59)",True
f1opt,0.0792115405201911,1181.png,16,Truck w/Flatbed,0.3222472369670868,both,14,34.19346469791675,33,503.0916137695313,141.298583984375,546.7987670898438,168.0491943359375,49.844966888427734,"[32, 48)","[31, 76)","[45, 59)",True
f1opt,0.0758884698152542,1181.png,17,Cargo Truck,0.2940202355384826,bkg,-1,19.72812272652973,33,326.3048095703125,408.7801513671875,349.4031982421875,425.6297607421875,51.53703689575195,"[16, 24)","[31, 76)","[45, 59)",True
f1opt,0.0792115405201911,1181.png,18,Truck w/Flatbed,0.2936564087867737,both,14,35.91745911133445,33,513.08544921875,160.8206787109375,560.531494140625,188.01080322265625,43.93893814086914,"[32, 48)","[31, 76)","[-inf, 45)",True
f1opt,0.1298133283853531,1181.png,19,Truck w/Box,0.2856427729129791,loc,24,31.45428433155392,33,488.1032104492188,393.4232177734375,530.4483032226562,416.7877197265625,55.437984466552734,"[24, 32)","[31, 76)","[45, 59)",True
f1opt,0.1298133283853531,1181.png,20,Truck w/Box,0.2597409188747406,bkg,-1,33.41633855967,33,359.7846069335937,220.70523071289065,404.96820068359375,245.41888427734372,50.237457275390625,"[32, 48)","[31, 76)","[45, 59)",True
f1opt,0.0792115405201911,1181.png,21,Truck w/Flatbed,0.2570421099662781,bkg,-1,37.46064049421041,33,537.3199462890625,366.058837890625,568.1788330078125,411.5335693359375,49.16372299194336,"[32, 48)","[31, 76)","[45, 59)",True
f1opt,0.1298133283853531,1181.png,22,Truck w/Box,0.2329939007759094,TP,23,33.33146922452325,33,475.994384765625,368.3948974609375,527.4217529296875,389.9979248046875,53.35248565673828,"[32, 48)","[31, 76)","[45, 59)",False
f1opt,0.1298133283853531,1181.png,23,Truck w/Box,0.2230034917593002,bkg,-1,29.267046055811722,33,558.9261474609375,236.39260864257807,601.1041259765625,256.7008361816406,60.6861457824707,"[24, 32)","[31, 76)","[59, 82)",True
f1opt,0.1298133283853531,1181.png,24,Truck w/Box,0.2190768420696258,bkg,-1,32.25089499244512,33,546.2191162109375,211.41500854492188,588.6566162109375,235.92446899414065,62.010231018066406,"[32, 48)","[31, 76)","[59, 82)",True
f1opt,0.1298133283853531,1181.png,25,Truck w/Box,0.2092781066894531,bkg,-1,32.90803106062519,33,553.330810546875,224.55545043945312,598.81005859375,248.36715698242188,61.80434799194336,"[32, 48)","[31, 76)","[59, 82)",True
f1opt,0.1298133283853531,1181.png,26,Truck w/Box,0.1910068094730377,bkg,-1,24.635025959851674,33,261.4362487792969,422.8635559082031,294.8724670410156,441.0140686035156,73.16764831542969,"[24, 32)","[31, 76)","[59, 82)",True
f1opt,0.0792115405201911,1181.png,27,Truck w/Flatbed,0.1836313605308532,cls,31,33.39851717144682,33,57.30160903930664,597.6483154296875,106.52407836914062,620.3099365234375,54.42416763305664,"[32, 48)","[31, 76)","[45, 59)",True
f1opt,0.1298133283853531,1181.png,28,Truck w/Box,0.1795546561479568,loc,20,31.925069833822317,33,442.3602294921875,307.2596130371094,493.822509765625,327.0646057128906,60.405677795410156,"[24, 32)","[31, 76)","[59, 82)",True
f1opt,0.1298133283853531,1181.png,29,Truck w/Box,0.1772428900003433,cls,17,31.99409821711676,33,523.9591064453125,197.454345703125,573.029052734375,218.3148193359375,56.95186996459961,"[24, 32)","[31, 76)","[45, 59)",True
f1opt,0.0792115405201911,1181.png,30,Truck w/Flatbed,0.175026386976242,both,5,24.083524910347073,33,511.5864868164063,119.6386489868164,539.6807250976562,140.28402709960938,50.63949966430664,"[24, 32)","[31, 76)","[45, 59)",True
f1opt,0.0792115405201911,1181.png,31,Truck w/Flatbed,0.1676112115383148,bkg,-1,29.02590086895451,33,373.0266723632813,32.482032775878906,398.2682495117188,65.859619140625,64.5475082397461,"[24, 32)","[31, 76)","[59, 82)",True
f1opt,0.0758884698152542,1181.png,32,Cargo Truck,0.1597170978784561,bkg,-1,11.223245044297162,33,2464.0523681640625,2741.33056640625,2476.1002197265625,2751.78564453125,39.377620697021484,"[8, 16)","[31, 76)","[-inf, 45)",True
f1opt,0.0562120340764522,1181.png,33,Truck Tractor,0.1512397080659866,TP,2,16.36598646359513,33,477.09869384765625,167.0133514404297,496.61236572265625,180.7393951416016,64.25714111328125,"[16, 24)","[31, 76)","[59, 82)",False
f1opt,0.1298133283853531,1181.png,34,Truck w/Box,0.1495282799005508,cls,4,22.35403074193467,33,487.8328857421875,128.762451171875,510.8587036132813,150.46429443359375,48.990943908691406,"[16, 24)","[31, 76)","[45, 59)",True
f1opt,0.0758884698152542,1181.png,35,Cargo Truck,0.1452905982732772,both,5,23.447009642640346,33,512.1661987304688,119.50360107421876,539.2238159179688,139.82180786132812,49.48469543457031,"[16, 24)","[31, 76)","[45, 59)",True
f1opt,0.1298133283853531,1181.png,36,Truck w/Box,0.1435829102993011,bkg,-1,22.68031093835796,33,313.1346130371094,385.8484802246094,342.0370788574219,403.6461486816406,63.370174407958984,"[16, 24)","[31, 76)","[59, 82)",True
f1opt,0.0758884698152542,1181.png,37,Cargo Truck,0.1418720483779907,cls,31,32.444264005753446,33,57.96141815185547,596.81689453125,106.87541961669922,618.3369140625,54.165218353271484,"[32, 48)","[31, 76)","[45, 59)",True
f1opt,0.1298133283853531,1181.png,38,Truck w/Box,0.1414012610912323,both,15,32.32209535101302,33,517.6817626953125,180.4172821044922,562.898193359375,203.5221099853516,46.010868072509766,"[32, 48)","[31, 76)","[45, 59)",True
f1opt,0.0758884698152542,1181.png,39,Cargo Truck,0.1407605707645416,bkg,-1,14.677960331256877,33,2739.4678955078125,536.080078125,2750.5047607421875,555.600341796875,83.63749694824219,"[8, 16)","[31, 76)","[82, inf)",True
f1opt,0.1298133283853531,1181.png,40,Truck w/Box,0.1333697885274887,both,5,27.438085536408646,33,493.6364135742188,112.83699035644533,529.7171020507812,133.7026824951172,60.22235870361328,"[24, 32)","[31, 76)","[59, 82)",True
f1opt,0.0758884698152542,1181.png,41,Cargo Truck,0.1330440789461136,cls,28,21.982577048067107,33,586.715087890625,349.2861328125,614.2874755859375,366.8121337890625,60.45402145385742,"[16, 24)","[31, 76)","[59, 82)",True
f1opt,0.0562120340764522,1181.png,42,Truck Tractor,0.1320821791887283,TP,3,15.607396657687293,33,485.96380615234375,178.807373046875,504.50396728515625,191.9459228515625,59.71428680419922,"[8, 16)","[31, 76)","[59, 82)",False
f1opt,0.0792115405201911,1181.png,43,Truck w/Flatbed,0.1259407103061676,both,7,21.67387510034879,33,497.0252075195313,135.10296630859375,520.9672241210938,154.72357177734375,47.631248474121094,"[16, 24)","[31, 76)","[45, 59)",True
f1opt,0.0792115405201911,1181.png,44,Truck w/Flatbed,0.1198663562536239,cls,1,23.987983912818162,33,474.42181396484375,146.12930297851562,497.2257690429688,171.36279296875,51.18269348144531,"[16, 24)","[31, 76)","[45, 59)",True
f1opt,0.0562120340764522,1181.png,45,Truck Tractor,0.1065445318818092,bkg,-1,22.454199234663744,33,314.8397827148437,385.1845703125,342.83160400390625,403.1966552734375,63.63883972167969,"[16, 24)","[31, 76)","[59, 82)",True
f1opt,0.0792115405201911,1181.png,46,Truck w/Flatbed,0.0975835472345352,bkg,-1,16.077758568874362,33,26.13333511352539,835.0035781860352,49.11275863647461,846.2525253295898,69.78472137451172,"[16, 24)","[31, 76)","[59, 82)",True
f1opt,0.0792115405201911,1181.png,47,Truck w/Flatbed,0.0954565033316612,cls,27,23.61546974358249,33,587.294677734375,349.4716796875,614.281982421875,370.1365966796875,60.24188232421875,"[16, 24)","[31, 76)","[59, 82)",True
f1opt,0.0758884698152542,1181.png,48,Cargo Truck,0.0939245223999023,bkg,-1,15.68576975699604,33,262.0533447265625,646.455810546875,278.39453125,661.512451171875,81.7132339477539,"[8, 16)","[31, 76)","[59, 82)",True
f1opt,0.0562120340764522,1181.png,49,Truck Tractor,0.0905885398387909,bkg,-1,18.693792786703852,33,529.8623046875,406.9332885742188,549.69677734375,424.552001953125,45.466163635253906,"[16, 24)","[31, 76)","[45, 59)",True
f1opt,0.0792115405201911,1181.png,50,Truck w/Flatbed,0.0901977345347404,cls,4,22.611513412196185,33,490.59619140625,128.83558654785156,513.2435302734375,151.4113311767578,48.67013931274414,"[16, 24)","[31, 76)","[45, 59)",True
f1opt,0.0562120340764522,1181.png,51,Truck Tractor,0.0886032208800315,loc,5,22.66726126101699,33,511.7327880859375,120.91738891601562,539.302001953125,139.55429077148438,49.777587890625,"[16, 24)","[31, 76)","[45, 59)",True
f1opt,0.0758884698152542,1181.png,52,Cargo Truck,0.087441474199295,bkg,-1,21.14206319626805,33,276.4627380371094,335.70806884765625,300.0162048339844,354.68560791015625,57.49599838256836,"[16, 24)","[31, 76)","[45, 59)",True
f1opt,0.0758884698152542,1181.png,53,Cargo Truck,0.0799371600151062,bkg,-1,18.220367129631377,33,117.51431274414062,639.3751220703125,132.59652709960938,661.3865966796875,59.182064056396484,"[16, 24)","[31, 76)","[45, 59)",True
f1opt,0.0758884698152542,1181.png,54,Cargo Truck,0.0779069662094116,cls,30,19.371225203817893,33,48.07390594482422,589.8422241210938,78.1134033203125,602.3339233398438,52.8502311706543,"[16, 24)","[31, 76)","[45, 59)",True
f1opt,0.0562120340764522,1181.png,55,Truck Tractor,0.0652340054512023,bkg,-1,23.124234474888453,33,431.0867919921875,490.525634765625,456.673583984375,511.42431640625,42.6853141784668,"[16, 24)","[31, 76)","[-inf, 45)",True
f1opt,0.0562120340764522,1181.png,56,Truck Tractor,0.0632708072662353,bkg,-1,21.538350670155495,33,293.4253234863281,322.39849853515625,315.6824645996094,343.24127197265625,57.87944793701172,"[16, 24)","[31, 76)","[45, 59)",True
f1opt,0.0562120340764522,1181.png,57,Truck Tractor,0.0562120340764522,TP,31,29.25405600112532,33,62.823516845703125,596.4893798828125,105.9127960205078,616.3504638671875,55.558441162109375,"[24, 32)","[31, 76)","[45, 59)",False
f1opt,0.1298133283853531,1206.png,0,Truck w/Box,0.8512219190597534,bkg,-1,39.23534966355415,97,2165.1993408203125,1811.961669921875,2217.5294189453125,1841.3790283203125,57.86305618286133,"[32, 48)","[97, inf)","[45, 59)",True
f1opt,0.1298133283853531,1206.png,1,Truck w/Box,0.8172340393066406,bkg,-1,27.841871369207695,97,1510.6563720703125,2155.180450439453,1546.2337646484375,2176.968719482422,80.42506408691406,"[24, 32)","[97, inf)","[59, 82)",True
f1opt,0.1298133283853531,1206.png,2,Truck w/Box,0.8056721687316895,cls,33,28.437476491394385,97,1539.3756103515625,2165.810333251953,1575.8951416015625,2187.954376220703,108.19624328613281,"[24, 32)","[97, inf)","[82, inf)",True
f1opt,0.1298133283853531,1206.png,3,Truck w/Box,0.7857750654220581,bkg,-1,39.122558117263964,97,1478.61328125,2513.88720703125,1528.454345703125,2544.5963134765625,82.72794342041016,"[32, 48)","[97, inf)","[82, inf)",True
f1opt,0.1298133283853531,1206.png,4,Truck w/Box,0.7812700271606445,bkg,-1,40.22967143028685,97,1824.4832763671875,1984.311134338379,1873.159912109375,2017.5596618652344,75.61529541015625,"[32, 48)","[97, inf)","[59, 82)",True
f1opt,0.1298133283853531,1206.png,5,Truck w/Box,0.7804936170578003,bkg,-1,35.909358051931115,97,2520.19775390625,2054.7334899902344,2560.0,2087.1307067871094,73.77867889404297,"[32, 48)","[97, inf)","[59, 82)",True
f1opt,0.1298133283853531,1206.png,6,Truck w/Box,0.7727474570274353,cls,57,39.46183616609538,97,1109.8055419921875,2733.2807006835938,1158.7766723632812,2765.0797729492188,75.38363647460938,"[32, 48)","[97, inf)","[59, 82)",True
f1opt,0.0758884698152542,1206.png,7,Cargo Truck,0.7667700052261353,bkg,-1,19.38014180189846,97,1084.4385375976562,2655.326416015625,1100.7418823242188,2678.364013671875,86.125,"[16, 24)","[97, inf)","[82, inf)",True
f1opt,0.1298133283853531,1206.png,8,Truck w/Box,0.7642715573310852,cls,32,29.69980610371134,97,2276.332763671875,1784.374969482422,2313.697509765625,1807.982208251953,77.90351104736328,"[24, 32)","[97, inf)","[59, 82)",True
f1opt,0.1298133283853531,1206.png,9,Truck w/Box,0.7638944387435913,cls,69,40.029848568556275,97,2391.4129638671875,2051.629150390625,2443.3048095703125,2082.508544921875,61.78950500488281,"[32, 48)","[97, inf)","[59, 82)",True
f1opt,0.1298133283853531,1206.png,10,Truck w/Box,0.761357307434082,bkg,-1,37.655259860938465,97,1456.0264892578125,2326.4776611328125,1484.9732666015625,2375.461303710937,90.6806869506836,"[32, 48)","[97, inf)","[82, inf)",True
f1opt,0.1298133283853531,1206.png,11,Truck w/Box,0.7524512410163879,cls,84,37.458846040801745,97,1395.873046875,2307.3165283203125,1427.275634765625,2351.9996337890625,91.41683197021484,"[32, 48)","[97, inf)","[82, inf)",True
f1opt,0.1298133283853531,1206.png,12,Truck w/Box,0.7454030513763428,both,76,38.70307169584501,97,1192.4676208496094,2662.351623535156,1245.4412536621094,2690.6284790039062,79.27586364746094,"[32, 48)","[97, inf)","[59, 82)",True
f1opt,0.1298133283853531,1206.png,13,Truck w/Box,0.7403489351272583,cls,62,35.261075480188104,97,2140.559814453125,2181.347595214844,2186.821655273437,2208.2238159179688,70.1086654663086,"[32, 48)","[97, inf)","[59, 82)",True
f1opt,0.0758884698152542,1206.png,14,Cargo Truck,0.7329160571098328,TP,1,18.99606394309471,97,1284.2413330078125,1547.11328125,1301.2196044921875,1568.366943359375,77.87625885009766,"[16, 24)","[97, inf)","[59, 82)",False
f1opt,0.0758884698152542,1206.png,15,Cargo Truck,0.725242555141449,TP,34,39.160993989655076,97,2294.059936523437,772.9388427734375,2324.5615234375,823.2176513671875,71.38213348388672,"[32, 48)","[97, inf)","[59, 82)",False
f1opt,0.1298133283853531,1206.png,16,Truck w/Box,0.7166704535484314,bkg,-1,37.30311559213895,97,1769.454360961914,2014.4342651367188,1816.0296630859373,2044.3110961914065,69.26948547363281,"[32, 48)","[97, inf)","[59, 82)",True
f1opt,0.1298133283853531,1206.png,17,Truck w/Box,0.7025882601737976,cls,76,26.087916173206295,97,1209.208740234375,2677.115966796875,1238.9278564453125,2700.016357421875,84.66944122314453,"[24, 32)","[97, inf)","[82, inf)",True
f1opt,0.1298133283853531,1206.png,18,Truck w/Box,0.7016737461090088,cls,80,34.4273821296367,97,1972.6956481933596,2071.741180419922,1997.116241455078,2120.2758178710938,68.30076599121094,"[32, 48)","[97, inf)","[59, 82)",True
f1opt,0.1298133283853531,1206.png,19,Truck w/Box,0.6953584551811218,cls,71,39.13488710113008,97,2018.4444580078125,1966.4000244140625,2053.8709716796875,2009.6314697265625,84.44949340820312,"[32, 48)","[97, inf)","[82, inf)",True
f1opt,0.0758884698152542,1206.png,20,Cargo Truck,0.6951042413711548,bkg,-1,17.623421622850117,97,1741.889404296875,1410.9487915039062,1758.2666015625,1429.9132690429688,57.849998474121094,"[16, 24)","[97, inf)","[45, 59)",True
f1opt,0.1298133283853531,1206.png,21,Truck w/Box,0.6925916075706482,cls,46,38.42906456938969,97,1363.2867431640625,2303.6273803710938,1394.251708984375,2351.3197631835938,83.22129821777344,"[32, 48)","[97, inf)","[82, inf)",True
f1opt,0.1298133283853531,1206.png,22,Truck w/Box,0.6900591850280762,bkg,-1,34.516300903038506,97,2428.335327148437,2029.8005981445312,2470.673828125,2057.9398803710938,69.9903793334961,"[32, 48)","[97, inf)","[59, 82)",True
f1opt,0.1298133283853531,1206.png,23,Truck w/Box,0.6888912320137024,cls,77,35.410343936816226,97,1987.237548828125,1808.5259399414065,2014.2369995117188,1854.9673461914065,61.471885681152344,"[32, 48)","[97, inf)","[59, 82)",True
f1opt,0.1298133283853531,1206.png,24,Truck w/Box,0.6735895276069641,cls,51,33.66004027995443,97,2518.942138671875,1991.989921569824,2560.0,2019.5850830078125,65.59359741210938,"[32, 48)","[97, inf)","[59, 82)",True
f1opt,0.1298133283853531,1206.png,25,Truck w/Box,0.6721819043159485,both,95,39.68803789382533,97,1363.204345703125,2219.579345703125,1412.92919921875,2251.2564697265625,96.99151611328125,"[32, 48)","[97, inf)","[82, inf)",True
f1opt,0.1298133283853531,1206.png,26,Truck w/Box,0.666395902633667,bkg,-1,35.96764853446829,97,13.988906860351562,0.4318485260009765,62.30632781982422,27.20628547668457,60.52642822265625,"[32, 48)","[97, inf)","[59, 82)",True
f1opt,0.1298133283853531,1206.png,27,Truck w/Box,0.6615484952926636,cls,58,40.234662461596464,97,1677.3847045898438,1941.888458251953,1712.6250610351562,1987.825225830078,67.93144226074219,"[32, 48)","[97, inf)","[59, 82)",True
f1opt,0.1298133283853531,1206.png,28,Truck w/Box,0.6587622761726379,bkg,-1,38.29030318294236,97,2289.169647216797,901.0372009277344,2318.5188903808594,950.9924011230468,48.9119987487793,"[32, 48)","[97, inf)","[45, 59)",True
f1opt,0.1298133283853531,1206.png,29,Truck w/Box,0.6391028165817261,bkg,-1,36.13555609447377,97,1879.6539611816409,1877.4263916015625,1908.3942565917969,1922.860107421875,71.84782409667969,"[32, 48)","[97, inf)","[59, 82)",True
f1opt,0.1298133283853531,1206.png,30,Truck w/Box,0.6295726895332336,both,63,24.9033028810583,97,2247.1630859375,1801.5494995117188,2278.81591796875,1821.142517089844,79.98809814453125,"[24, 32)","[97, inf)","[59, 82)",True
f1opt,0.1298133283853531,1206.png,31,Truck w/Box,0.6135916113853455,cls,65,36.12155508739107,97,2597.227294921875,1948.703186035156,2643.87939453125,1976.6712036132808,64.3572998046875,"[32, 48)","[97, inf)","[59, 82)",True
f1opt,0.1298133283853531,1206.png,32,Truck w/Box,0.6097928285598755,cls,75,38.508689012108,97,1703.109130859375,2081.10205078125,1754.7003173828125,2109.845703125,74.21418762207031,"[32, 48)","[97, inf)","[59, 82)",True
f1opt,0.1298133283853531,1206.png,33,Truck w/Box,0.6083207726478577,bkg,-1,23.944873672222705,97,1801.2064819335938,787.0130424499512,1832.5220336914065,805.3220596313477,91.53453826904297,"[16, 24)","[97, inf)","[82, inf)",True
f1opt,0.1298133283853531,1206.png,34,Truck w/Box,0.5996680855751038,bkg,-1,23.899696692507895,97,1868.0,1832.819274902344,1881.8405284881592,1874.0890502929688,97.56810760498047,"[16, 24)","[97, inf)","[82, inf)",True
f1opt,0.1298133283853531,1206.png,35,Truck w/Box,0.5892321467399597,bkg,-1,43.25663103075962,97,1674.2327270507812,2061.2046661376958,1726.4931030273438,2097.008773803711,64.7878646850586,"[32, 48)","[97, inf)","[59, 82)",True
f1opt,0.0758884698152542,1206.png,36,Cargo Truck,0.5802368521690369,TP,87,29.060012595572864,97,1221.8958435058594,2689.42138671875,1246.9049377441406,2723.1884765625,61.17582321166992,"[24, 32)","[97, inf)","[59, 82)",False
f1opt,0.0758884698152542,1206.png,37,Cargo Truck,0.5787976384162903,bkg,-1,18.82174000724123,97,730.4818725585938,2846.858764648437,748.5121459960938,2866.5067138671875,59.51378631591797,"[16, 24)","[97, inf)","[59, 82)",True
f1opt,0.1298133283853531,1206.png,38,Truck w/Box,0.576471209526062,both,84,47.706585072950084,97,1397.9906616210938,2280.8599243164062,1440.9469604492188,2333.842102050781,85.27525329589844,"[32, 48)","[97, inf)","[82, inf)",True
f1opt,0.1298133283853531,1206.png,39,Truck w/Box,0.5633193254470825,bkg,-1,36.97561673644116,97,793.2167434692383,1143.64697265625,844.3912200927734,1170.3633422851562,75.301513671875,"[32, 48)","[97, inf)","[59, 82)",True
f1opt,0.0758884698152542,1206.png,40,Cargo Truck,0.5618067383766174,bkg,-1,29.840802646471566,97,240.43589782714844,334.51129150390625,276.6221923828125,359.11932373046875,51.49896240234375,"[24, 32)","[97, inf)","[45, 59)",True
f1opt,0.1298133283853531,1206.png,41,Truck w/Box,0.5604453682899475,bkg,-1,20.72553314459679,97,1751.262939453125,2182.491271972656,1774.65771484375,2200.8521118164062,76.80482482910156,"[16, 24)","[97, inf)","[59, 82)",True
f1opt,0.0758884698152542,1206.png,42,Cargo Truck,0.548412024974823,bkg,-1,17.786672941805627,97,1729.1953125,1419.175537109375,1745.7491455078125,1438.286865234375,59.52647018432617,"[16, 24)","[97, inf)","[59, 82)",True
f1opt,0.1298133283853531,1206.png,43,Truck w/Box,0.5477820634841919,bkg,-1,24.427846083427948,97,1512.0008544921875,2180.0194396972656,1541.8148193359375,2200.034210205078,108.03809356689453,"[24, 32)","[97, inf)","[82, inf)",True
f1opt,0.1298133283853531,1206.png,44,Truck w/Box,0.5445729494094849,cls,42,30.888333258761055,97,2310.6629638671875,990.3384399414062,2344.553771972656,1018.4902954101562,59.108375549316406,"[24, 32)","[97, inf)","[45, 59)",True
f1opt,0.1298133283853531,1206.png,45,Truck w/Box,0.5421122312545776,bkg,-1,33.342212019230814,97,934.1491394042968,1167.6073608398438,955.4185485839844,1219.8750610351562,46.59090805053711,"[32, 48)","[97, inf)","[45, 59)",True
f1opt,0.0758884698152542,1206.png,46,Cargo Truck,0.5401214361190796,TP,30,35.135859748556506,97,2230.5860595703125,708.67041015625,2255.0653076171875,759.10205078125,73.41123962402344,"[32, 48)","[97, inf)","[59, 82)",False
f1opt,0.0758884698152542,1206.png,47,Cargo Truck,0.5320979356765747,bkg,-1,20.95254562737545,97,2619.5810546875,2237.061767578125,2650.55908203125,2251.2333984375,81.47083282470703,"[16, 24)","[97, inf)","[59, 82)",True
f1opt,0.1298133283853531,1206.png,48,Truck w/Box,0.5281184911727905,both,90,38.62956219346832,97,1930.7813720703125,1983.7454223632808,1958.8090209960935,2036.987243652344,62.446998596191406,"[32, 48)","[97, inf)","[59, 82)",True
f1opt,0.1298133283853531,1206.png,49,Truck w/Box,0.5241715908050537,both,49,39.256574575919274,97,2420.8111572265625,1705.9618530273438,2470.9937744140625,1736.6712646484375,57.2469367980957,"[32, 48)","[97, inf)","[45, 59)",True
f1opt,0.1298133283853531,1206.png,50,Truck w/Box,0.5188896059989929,both,82,49.04152715745044,97,1335.2575073242188,2262.9384765625,1400.7327270507812,2299.6710205078125,80.15510559082031,"[48, 96)","[97, inf)","[59, 82)",True
f1opt,0.0792115405201911,1206.png,51,Truck w/Flatbed,0.5162644386291504,both,72,42.1916966576193,97,2469.82763671875,1679.017578125,2520.23291015625,1714.3341064453125,56.45085525512695,"[32, 48)","[97, inf)","[45, 59)",True
f1opt,0.1298133283853531,1206.png,52,Truck w/Box,0.5133618116378784,bkg,-1,23.629659093800512,97,1670.7744140625,2084.692337036133,1699.378173828125,2104.212875366211,45.24761962890625,"[16, 24)","[97, inf)","[-inf, 45)",True
f1opt,0.0758884698152542,1206.png,53,Cargo Truck,0.5085138082504272,bkg,-1,14.955484090562853,97,2611.6119384765625,2220.189453125,2623.492553710937,2239.015625,107.95769500732422,"[8, 16)","[97, inf)","[82, inf)",True
f1opt,0.1298133283853531,1206.png,54,Truck w/Box,0.5058267116546631,bkg,-1,30.196452099563622,97,923.5953826904296,1169.9407958984375,941.2519378662108,1221.5831298828125,52.18272018432617,"[24, 32)","[97, inf)","[45, 59)",True
f1opt,0.0758884698152542,1206.png,55,Cargo Truck,0.5020368099212646,TP,88,29.822883059746953,97,2262.1143798828125,769.5184516906738,2286.843994140625,805.4836044311523,74.06702423095703,"[24, 32)","[97, inf)","[59, 82)",False
f1opt,0.0758884698152542,1206.png,56,Cargo Truck,0.5011107921600342,bkg,-1,18.597451644720227,97,2672.9259643554688,1938.0429306030276,2695.1091918945312,1953.6342239379885,64.7578125,"[16, 24)","[97, inf)","[59, 82)",True
f1opt,0.1298133283853531,1206.png,57,Truck w/Box,0.4961331784725189,bkg,-1,36.391477865164745,97,1399.8709106445312,2239.7822265625,1447.9437866210938,2267.330810546875,67.40042114257812,"[32, 48)","[97, inf)","[59, 82)",True
f1opt,0.1298133283853531,1206.png,58,Truck w/Box,0.4921476244926452,bkg,-1,39.94640355361294,97,1062.3214721679688,2726.551025390625,1114.2783813476562,2757.2633056640625,65.0630874633789,"[32, 48)","[97, inf)","[59, 82)",True
f1opt,0.0792115405201911,1206.png,59,Truck w/Flatbed,0.4913806021213531,cls,45,36.77368433751765,97,2640.882080078125,1817.197998046875,2668.2470703125,1866.615295410156,28.878620147705078,"[32, 48)","[97, inf)","[-inf, 45)",True
f1opt,0.1298133283853531,1206.png,60,Truck w/Box,0.4908767342567444,bkg,-1,25.751795601968773,97,1351.1588134765625,2246.9139404296875,1380.7008056640625,2269.36181640625,85.82083129882812,"[24, 32)","[97, inf)","[82, inf)",True
f1opt,0.0758884698152542,1206.png,61,Cargo Truck,0.4817557036876678,TP,61,20.268975432731335,97,2514.983764648437,1536.0,2536.1883544921875,1555.3746433258057,55.752174377441406,"[16, 24)","[97, inf)","[45, 59)",False
f1opt,0.0758884698152542,1206.png,62,Cargo Truck,0.4756966531276703,TP,14,17.523343932734896,97,1673.9334716796875,185.90110778808597,1694.9439697265625,200.5160675048828,98.74431610107422,"[16, 24)","[97, inf)","[82, inf)",False
f1opt,0.0758884698152542,1206.png,63,Cargo Truck,0.4748868346214294,bkg,-1,15.70817071879409,97,1260.9163208007812,2605.865478515625,1273.2639770507812,2625.8487548828125,110.0544204711914,"[8, 16)","[97, inf)","[82, inf)",True
f1opt,0.1725006252527237,1206.png,64,Truck w/Liquid,0.4730661809444427,bkg,-1,28.659518193055643,97,1857.2290649414065,1840.61181640625,1881.9943237304688,1873.7779541015625,88.14470672607422,"[24, 32)","[97, inf)","[82, inf)",True
f1opt,0.0758884698152542,1206.png,65,Cargo Truck,0.4712999761104584,bkg,-1,20.9215730398895,97,1755.097412109375,2360.3214721679688,1777.4326171875,2379.918884277344,67.954345703125,"[16, 24)","[97, inf)","[59, 82)",True
f1opt,0.0758884698152542,1206.png,66,Cargo Truck,0.4693411588668823,TP,47,30.438979087469747,97,2247.129150390625,823.98193359375,2269.650634765625,865.121826171875,64.10313415527344,"[24, 32)","[97, inf)","[59, 82)",False
f1opt,0.0758884698152542,1206.png,67,Cargo Truck,0.4687689840793609,bkg,-1,22.14328695597899,97,40.12175750732422,25.830781936645508,66.99922943115234,44.073760986328125,75.29814910888672,"[16, 24)","[97, inf)","[59, 82)",True
f1opt,0.0792115405201911,1206.png,68,Truck w/Flatbed,0.4634242951869964,bkg,-1,36.53912986121535,97,2368.3944091796875,1736.7048950195312,2409.0791015625,1769.5208740234375,65.97759246826172,"[32, 48)","[97, inf)","[59, 82)",True
f1opt,0.0758884698152542,1206.png,69,Cargo Truck,0.4603090584278106,bkg,-1,14.86161015348609,97,1574.8587646484375,1694.8665161132812,1592.6573486328125,1707.2757873535156,102.30075073242188,"[8, 16)","[97, inf)","[82, inf)",True
f1opt,0.0758884698152542,1206.png,70,Cargo Truck,0.4548656046390533,TP,5,17.268534421895527,97,1940.211296081543,1193.9762573242188,1955.8358840942385,1213.0617065429688,100.83036041259766,"[16, 24)","[97, inf)","[82, inf)",False
f1opt,0.1298133283853531,1206.png,71,Truck w/Box,0.4511264562606811,bkg,-1,34.61695371233339,97,1407.5286865234375,2207.0177612304688,1454.1749267578125,2232.7075805664062,70.1522445678711,"[32, 48)","[97, inf)","[59, 82)",True
f1opt,0.0758884698152542,1206.png,72,Cargo Truck,0.4510946273803711,dupe,30,33.491403978533945,97,2239.789123535156,705.7742919921875,2264.0728149414062,751.9647216796875,71.3756103515625,"[32, 48)","[97, inf)","[59, 82)",True
f1opt,0.0758884698152542,1206.png,73,Cargo Truck,0.4346733391284942,TP,8,17.527474606295335,97,1930.9122314453125,834.1209106445312,1947.485061645508,852.6580200195312,120.9356689453125,"[16, 24)","[97, inf)","[82, inf)",False
f1opt,0.0758884698152542,1206.png,74,Cargo Truck,0.4330589473247528,TP,26,29.020260276911,97,2219.033569335937,768.095043182373,2243.368896484375,802.7021598815918,63.64228439331055,"[24, 32)","[97, inf)","[59, 82)",False
f1opt,0.0792115405201911,1206.png,75,Truck w/Flatbed,0.4205515086650848,bkg,-1,26.248551027293114,97,2360.9451904296875,1722.6265869140625,2396.320678710937,1742.1029663085938,67.82110595703125,"[24, 32)","[97, inf)","[59, 82)",True
f1opt,0.0758884698152542,1206.png,76,Cargo Truck,0.4151007235050201,bkg,-1,13.81024870390798,97,2437.663818359375,483.372802734375,2453.75,495.2291259765625,109.42533874511719,"[8, 16)","[97, inf)","[82, inf)",True
f1opt,0.0758884698152542,1206.png,77,Cargo Truck,0.4083923995494842,TP,70,35.026474983720995,97,2252.2055053710938,756.8720703125,2276.7474975585938,806.862060546875,72.6313705444336,"[32, 48)","[97, inf)","[59, 82)",False
f1opt,0.0758884698152542,1206.png,78,Cargo Truck,0.4076497554779053,TP,11,19.23667444480333,97,1864.073181152344,793.333984375,1881.3312377929688,814.776123046875,137.53282165527344,"[16, 24)","[97, inf)","[82, inf)",False
f1opt,0.1298133283853531,1206.png,79,Truck w/Box,0.4051408469676971,cls,61,28.46477619151085,97,2512.3016357421875,1522.8782958984375,2537.005615234375,1555.6763916015625,55.79072570800781,"[24, 32)","[97, inf)","[45, 59)",True
f1opt,0.0758884698152542,1206.png,80,Cargo Truck,0.3996754884719848,loc,42,22.822975695446804,97,2301.8605346679688,985.8145446777344,2329.0250854492188,1004.9898376464844,54.27069091796875,"[16, 24)","[97, inf)","[45, 59)",True
f1opt,0.1298133283853531,1206.png,81,Truck w/Box,0.3980883359909057,both,48,20.499997191312644,97,1278.808837890625,2767.8355712890625,1306.493408203125,2783.0155029296875,52.229209899902344,"[16, 24)","[97, inf)","[45, 59)",True
f1opt,0.1298133283853531,1206.png,82,Truck w/Box,0.3903363645076751,bkg,-1,35.69631013834917,97,1315.550537109375,2247.3117065429688,1356.119140625,2278.7208862304688,84.296875,"[32, 48)","[97, inf)","[82, inf)",True
f1opt,0.0758884698152542,1206.png,83,Cargo Truck,0.3838208019733429,TP,83,36.78185984738748,97,2249.999755859375,698.051025390625,2277.607177734375,747.05615234375,72.44000244140625,"[32, 48)","[97, inf)","[59, 82)",False
f1opt,0.0758884698152542,1206.png,84,Cargo Truck,0.3761065006256103,loc,88,26.990440270698663,97,2271.829162597656,753.1182250976562,2292.3790893554688,788.5676879882812,65.8522720336914,"[24, 32)","[97, inf)","[59, 82)",True
f1opt,0.1298133283853531,1206.png,85,Truck w/Box,0.3629394471645355,cls,47,31.380013848600015,97,2246.56396484375,820.4944496154785,2268.881591796875,864.6167602539062,64.08019256591797,"[24, 32)","[97, inf)","[59, 82)",True
f1opt,0.0792115405201911,1206.png,86,Truck w/Flatbed,0.3572829961776733,bkg,-1,35.52532518659644,97,1321.4833984375,2031.6033325195312,1349.9114990234375,2075.9977416992188,61.45900344848633,"[32, 48)","[97, inf)","[59, 82)",True
f1opt,0.0758884698152542,1206.png,87,Cargo Truck,0.3519972860813141,TP,2,18.48038298805284,97,1302.8416748046875,1606.8251342773438,1318.8125,1628.2094116210938,112.0434799194336,"[16, 24)","[97, inf)","[82, inf)",False
f1opt,0.1298133283853531,1206.png,88,Truck w/Box,0.3512041568756103,bkg,-1,33.24638230879024,97,2054.3878173828125,1898.473388671875,2106.926147460937,1919.511779785156,56.99828338623047,"[32, 48)","[97, inf)","[45, 59)",True
f1opt,0.1298133283853531,1206.png,89,Truck w/Box,0.3502707481384277,bkg,-1,35.816754279966446,97,804.3224182128906,1163.8172607421875,853.5530853271484,1189.875,78.21111297607422,"[32, 48)","[97, inf)","[59, 82)",True
f1opt,0.0758884698152542,1206.png,90,Cargo Truck,0.3479268848896026,bkg,-1,16.364823455149644,97,2618.77783203125,2215.2467041015625,2632.831787109375,2234.3023681640625,85.913330078125,"[16, 24)","[97, inf)","[82, inf)",True
f1opt,0.0758884698152542,1206.png,91,Cargo Truck,0.3412194848060608,TP,3,17.60336313718097,97,1330.3633422851562,1635.025146484375,1346.4061889648438,1654.3408203125,91.58235168457031,"[16, 24)","[97, inf)","[82, inf)",False
f1opt,0.1725006252527237,1206.png,92,Truck w/Liquid,0.3406496942043304,bkg,-1,40.17894240364745,97,1478.1468505859375,2512.382080078125,1528.81982421875,2544.240234375,81.6464614868164,"[32, 48)","[97, inf)","[59, 82)",True
f1opt,0.0758884698152542,1206.png,93,Cargo Truck,0.3383527100086212,TP,12,14.884055360577326,97,1858.952606201172,799.0760498046875,1871.262115478516,817.0731201171875,134.9511260986328,"[8, 16)","[97, inf)","[82, inf)",False
f1opt,0.0792115405201911,1206.png,94,Truck w/Flatbed,0.3383126854896545,TP,62,35.43305571968428,97,2139.613800048828,2181.7954711914062,2186.626739501953,2208.500915527344,70.37127685546875,"[32, 48)","[97, inf)","[59, 82)",False
f1opt,0.0758884698152542,1206.png,95,Cargo Truck,0.3348251581192016,TP,17,14.910391991580122,97,2425.2646484375,277.8479309082031,2443.396850585937,290.1089782714844,106.90225219726562,"[8, 16)","[97, inf)","[82, inf)",False
f1opt,0.0758884698152542,1206.png,96,Cargo Truck,0.3328154683113098,bkg,-1,20.029004354958698,97,1588.6480712890625,600.1824340820312,1616.9337158203125,614.3649291992188,99.78620910644531,"[16, 24)","[97, inf)","[82, inf)",True
f1opt,0.0792115405201911,1206.png,97,Truck w/Flatbed,0.3296496272087097,bkg,-1,28.374626654710386,97,1873.5624084472656,255.5110321044922,1895.6372985839844,291.98321533203125,61.05522918701172,"[24, 32)","[97, inf)","[59, 82)",True
f1opt,0.0792115405201911,1206.png,98,Truck w/Flatbed,0.3227770030498504,bkg,-1,28.23998057869194,97,1752.3550415039062,815.9951171875,1789.6754760742188,837.364013671875,86.35469055175781,"[24, 32)","[97, inf)","[82, inf)",True
f1opt,0.1298133283853531,1206.png,99,Truck w/Box,0.3216718137264251,cls,41,39.685066088438425,97,1347.4781494140625,2352.4923095703125,1406.8909912109375,2379.0001220703125,79.072021484375,"[32, 48)","[97, inf)","[59, 82)",True
f1opt,0.0758884698152542,1206.png,100,Cargo Truck,0.3166258931159973,TP,9,18.304472442125583,97,1878.988037109375,788.114013671875,1897.1676635742188,806.544189453125,136.59474182128906,"[16, 24)","[97, inf)","[82, inf)",False
f1opt,0.0792115405201911,1206.png,101,Truck w/Flatbed,0.3158587515354156,cls,68,27.799203797375707,97,1701.2652740478516,2440.126342773437,1736.0503387451172,2462.3426513671875,59.0785026550293,"[24, 32)","[97, inf)","[45, 59)",True
f1opt,0.0758884698152542,1206.png,102,Cargo Truck,0.3029939532279968,loc,36,35.450189239416524,97,2238.6616821289062,764.9896240234375,2266.1931762695312,810.6361083984375,73.11959075927734,"[32, 48)","[97, inf)","[59, 82)",True
f1opt,0.1298133283853531,1206.png,103,Truck w/Box,0.3022271692752838,bkg,-1,24.653087482270923,97,2362.9672241210938,1722.8863983154297,2396.7007446289062,1740.903335571289,67.17744445800781,"[24, 32)","[97, inf)","[59, 82)",True
f1opt,0.1298133283853531,1206.png,104,Truck w/Box,0.3006426990032196,bkg,-1,20.917033158366415,97,80.31558227539062,32.54328918457031,102.59780883789062,52.17877197265625,64.63561248779297,"[16, 24)","[97, inf)","[59, 82)",True
f1opt,0.1298133283853531,1206.png,105,Truck w/Box,0.2998490631580353,both,20,29.996943499270724,97,2763.1414184570312,1891.48917388916,2804.245056152344,1913.3805847167969,56.723602294921875,"[24, 32)","[97, inf)","[45, 59)",True
f1opt,0.0758884698152542,1206.png,106,Cargo Truck,0.2984407544136047,bkg,-1,16.0692573853771,97,943.6170654296876,2284.685791015625,962.3419189453124,2298.47607421875,74.59333038330078,"[16, 24)","[97, inf)","[59, 82)",True
f1opt,0.1298133283853531,1206.png,107,Truck w/Box,0.2958446145057678,bkg,-1,24.20044903341058,97,1664.80322265625,2433.1544189453125,1692.7337646484375,2454.1229248046875,51.543888092041016,"[24, 32)","[97, inf)","[45, 59)",True
f1opt,0.0758884698152542,1206.png,108,Cargo Truck,0.2939983606338501,bkg,-1,16.65345915905375,97,0.0,203.52854919433597,16.830228805541992,220.0070953369141,76.57516479492188,"[16, 24)","[97, inf)","[59, 82)",True
f1opt,0.0758884698152542,1206.png,109,Cargo Truck,0.2938249111175537,bkg,-1,23.243383703001154,97,31.975717544555664,34.43842697143555,59.18318939208984,54.29528427124024,60.095237731933594,"[16, 24)","[97, inf)","[59, 82)",True
f1opt,0.0758884698152542,1206.png,110,Cargo Truck,0.2913676500320434,bkg,-1,14.44417622869754,97,157.79148864746094,2436.416259765625,177.65541076660156,2446.91943359375,77.22943878173828,"[8, 16)","[97, inf)","[59, 82)",True
f1opt,0.0758884698152542,1206.png,111,Cargo Truck,0.2883833348751068,TP,16,14.731264141462367,97,2418.002990722656,265.6058044433594,2435.217712402344,278.2118835449219,113.37301635742188,"[8, 16)","[97, inf)","[82, inf)",False
f1opt,0.1298133283853531,1206.png,112,Truck w/Box,0.280553251504898,both,72,41.85289207284876,97,2469.6998291015625,1678.7953033447266,2517.8951416015625,1715.1404266357422,56.76530456542969,"[32, 48)","[97, inf)","[45, 59)",True
f1opt,0.0758884698152542,1206.png,113,Cargo Truck,0.2780497074127197,bkg,-1,23.15465450581834,97,1801.350067138672,786.849365234375,1830.170379638672,805.4521484375,88.95833587646484,"[16, 24)","[97, inf)","[82, inf)",True
f1opt,0.0792115405201911,1206.png,114,Truck w/Flatbed,0.2778226137161255,cls,65,33.60901466914766,97,2598.0609741210938,1951.4633102416992,2643.4526977539062,1976.3481521606443,61.403011322021484,"[32, 48)","[97, inf)","[59, 82)",True
f1opt,0.0758884698152542,1206.png,115,Cargo Truck,0.2778058648109436,bkg,-1,13.257569185495862,97,918.698760986328,2713.981689453125,933.5086975097656,2725.849609375,100.67308044433594,"[8, 16)","[97, inf)","[82, inf)",True
f1opt,0.1298133283853531,1206.png,116,Truck w/Box,0.2772500813007355,bkg,-1,39.53492627464717,97,1399.9411010742188,1543.32124710083,1433.1193237304688,1590.4307746887207,75.74702453613281,"[32, 48)","[97, inf)","[59, 82)",True
f1opt,0.0758884698152542,1206.png,117,Cargo Truck,0.2734557390213012,loc,81,23.0832447908579,97,1262.6948852539062,2745.8355712890625,1292.9020385742188,2763.474975585937,49.62648391723633,"[16, 24)","[97, inf)","[45, 59)",True
f1opt,0.0758884698152542,1206.png,118,Cargo Truck,0.2706018686294555,loc,47,27.017396222921523,97,2257.1090393066406,818.0828857421875,2278.1900329589844,852.7083740234375,62.48441696166992,"[24, 32)","[97, inf)","[59, 82)",True
f1opt,0.0792115405201911,1206.png,119,Truck w/Flatbed,0.2688628733158111,bkg,-1,21.451592706690565,97,886.7570190429688,1106.7323608398438,916.8805541992188,1122.0084838867188,30.667932510375977,"[16, 24)","[97, inf)","[-inf, 45)",True
f1opt,0.0792115405201911,1206.png,120,Truck w/Flatbed,0.2666923105716705,bkg,-1,32.98693561180913,97,883.9105834960938,1086.765625,937.0361938476562,1107.2479858398438,33.51239776611328,"[32, 48)","[97, inf)","[-inf, 45)",True
f1opt,0.0758884698152542,1206.png,121,Cargo Truck,0.2618470788002014,bkg,-1,16.861321115553384,97,937.1494140625,2271.017944335937,956.4544677734376,2285.744873046875,86.30999755859375,"[16, 24)","[97, inf)","[82, inf)",True
f1opt,0.1298133283853531,1206.png,122,Truck w/Box,0.2582357227802276,cls,87,29.627289439114534,97,1221.357177734375,2689.332763671875,1247.2369384765625,2723.250244140625,61.36190414428711,"[24, 32)","[97, inf)","[59, 82)",True
f1opt,0.0758884698152542,1206.png,123,Cargo Truck,0.2564067244529724,TP,13,15.628699871703798,97,1843.1796875,811.5673217773438,1857.966796875,828.0855102539062,127.96666717529297,"[8, 16)","[97, inf)","[82, inf)",False
f1opt,0.0758884698152542,1206.png,124,Cargo Truck,0.2515112161636352,TP,4,14.479072754277077,97,1957.56298828125,1224.9541931152344,1970.011749267578,1241.7947082519531,111.04762268066406,"[8, 16)","[97, inf)","[82, inf)",False
f1opt,0.0758884698152542,1206.png,125,Cargo Truck,0.2501959502696991,TP,0,19.125292280245077,97,1266.7323608398438,1516.3614501953125,1284.1917114257812,1537.3116455078125,41.67942428588867,"[16, 24)","[97, inf)","[-inf, 45)",False
f1opt,0.0562120340764522,1206.png,126,Truck Tractor,0.248001754283905,bkg,-1,18.51048747143735,97,2673.402587890625,1937.923538208008,2695.135009765625,1953.6897583007808,64.19692993164062,"[16, 24)","[97, inf)","[59, 82)",True
f1opt,0.1298133283853531,1206.png,127,Truck w/Box,0.2448823302984237,bkg,-1,21.069585295579614,97,511.3775939941406,678.3748779296875,537.7718505859375,695.1939697265625,104.50823211669922,"[16, 24)","[97, inf)","[82, inf)",True
f1opt,0.0792115405201911,1206.png,128,Truck w/Flatbed,0.2432147711515426,bkg,-1,25.61425542033318,97,1735.9727783203125,596.6883544921875,1767.57373046875,617.4500732421875,80.36914825439453,"[24, 32)","[97, inf)","[59, 82)",True
f1opt,0.0792115405201911,1206.png,129,Truck w/Flatbed,0.2427886426448822,bkg,-1,36.26125148992817,97,2274.388977050781,2125.9078369140625,2314.0620727539062,2159.0506591796875,71.89128875732422,"[32, 48)","[97, inf)","[59, 82)",True
f1opt,0.0758884698152542,1206.png,130,Cargo Truck,0.2403163909912109,bkg,-1,15.620414203516088,97,2364.4588623046875,386.5166320800781,2378.7998046875,403.5306701660156,94.24073791503906,"[8, 16)","[97, inf)","[82, inf)",True
f1opt,0.1298133283853531,1206.png,131,Truck w/Box,0.2373398691415786,bkg,-1,27.196122466192147,97,1346.1314086914062,2757.418334960937,1365.9716186523438,2794.697631835937,66.08946990966797,"[24, 32)","[97, inf)","[59, 82)",True
f1opt,0.0758884698152542,1206.png,132,Cargo Truck,0.236591950058937,loc,30,30.909200460966865,97,2223.849609375,722.8860473632812,2244.216064453125,769.7954711914062,69.03787994384766,"[24, 32)","[97, inf)","[59, 82)",True
f1opt,0.1298133283853531,1206.png,133,Truck w/Box,0.2342663407325744,cls,48,22.287535696353803,97,1268.4489135742188,2756.0240478515625,1296.7346801757812,2773.585327148437,51.465518951416016,"[16, 24)","[97, inf)","[45, 59)",True
f1opt,0.0758884698152542,1206.png,134,Cargo Truck,0.2340802699327469,bkg,-1,22.87003779135894,97,1751.6196899414062,626.7421875,1779.5776977539062,645.4501953125,93.22413635253906,"[16, 24)","[97, inf)","[82, inf)",True
f1opt,0.0758884698152542,1206.png,135,Cargo Truck,0.2300525605678558,loc,72,42.90248112889676,97,2467.800170898437,1679.0326538085938,2518.082397460937,1715.6384887695312,56.700103759765625,"[32, 48)","[97, inf)","[45, 59)",True
f1opt,0.0758884698152542,1206.png,136,Cargo Truck,0.2276206165552139,loc,20,24.64988274546392,97,2762.953125,1895.34814453125,2795.90380859375,1913.788330078125,52.06346893310547,"[24, 32)","[97, inf)","[45, 59)",True
f1opt,0.1298133283853531,1206.png,137,Truck w/Box,0.2275432646274566,bkg,-1,30.83387999255073,97,2541.2672119140625,1928.8802947998047,2560.0,1979.6323852539065,56.4170036315918,"[24, 32)","[97, inf)","[45, 59)",True
f1opt,0.0758884698152542,1206.png,138,Cargo Truck,0.2275388836860656,bkg,-1,21.18223426904999,97,2288.879150390625,961.1240234375,2316.489624023437,977.3746337890624,46.1318473815918,"[16, 24)","[97, inf)","[45, 59)",True
f1opt,0.0758884698152542,1206.png,139,Cargo Truck,0.2220469117164611,bkg,-1,17.004227362179186,97,0.7837748527526855,4.628473281860352,16.65374755859375,22.8480224609375,58.65944290161133,"[16, 24)","[97, inf)","[45, 59)",True
f1opt,0.1298133283853531,1206.png,140,Truck w/Box,0.2217666655778885,bkg,-1,23.056504428347967,97,32.61927795410156,34.53175354003906,59.1396484375,54.57681274414063,60.78231430053711,"[16, 24)","[97, inf)","[59, 82)",True
f1opt,0.0758884698152542,1206.png,141,Cargo Truck,0.220175951719284,TP,42,32.17631608954521,97,2308.80859375,990.5205078125,2345.1630859375,1018.9988403320312,58.5834846496582,"[32, 48)","[97, inf)","[45, 59)",False
f1opt,0.1298133283853531,1206.png,142,Truck w/Box,0.214655801653862,cls,68,27.87736111207878,97,1701.1640625,2440.072021484375,1736.4638671875,2462.087646484375,59.0785026550293,"[24, 32)","[97, inf)","[45, 59)",True
f1opt,0.0758884698152542,1206.png,143,Cargo Truck,0.2105381041765213,bkg,-1,14.049144444291414,97,68.1708984375,39.62377548217773,81.34439086914062,54.60677719116211,70.27232360839844,"[8, 16)","[97, inf)","[59, 82)",True
f1opt,0.1298133283853531,1206.png,144,Truck w/Box,0.2084492892026901,cls,64,39.467476047809555,97,2443.1635131835938,1431.6234130859375,2472.935607910156,1483.943603515625,41.66226577758789,"[32, 48)","[97, inf)","[-inf, 45)",True
f1opt,0.1298133283853531,1206.png,145,Truck w/Box,0.2055668979883194,bkg,-1,21.281215035938988,97,2289.7496948242188,961.6927795410156,2316.825500488281,978.4195251464844,45.96825408935547,"[16, 24)","[97, inf)","[45, 59)",True
f1opt,0.1298133283853531,1206.png,146,Truck w/Box,0.2007683217525482,cls,28,36.35782112083733,97,2324.586669921875,824.0326118469238,2352.544677734375,871.3139190673828,57.014366149902344,"[32, 48)","[97, inf)","[45, 59)",True
f1opt,0.1298133283853531,1206.png,147,Truck w/Box,0.1972039937973022,both,47,25.76237572636821,97,2256.7213134765625,818.5958290100098,2277.047119140625,851.2489013671875,62.354278564453125,"[24, 32)","[97, inf)","[59, 82)",True
f1opt,0.1298133283853531,1206.png,148,Truck w/Box,0.1907677501440048,bkg,-1,20.941874560703322,97,2846.855224609375,1872.674295425415,2876.29443359375,1887.571506500244,46.834678649902344,"[16, 24)","[97, inf)","[45, 59)",True
f1opt,0.0758884698152542,1206.png,149,Cargo Truck,0.1880930364131927,bkg,-1,19.017284961864444,97,1391.166259765625,2363.479431152344,1415.270751953125,2378.483154296875,91.34249877929688,"[16, 24)","[97, inf)","[82, inf)",True
f1opt,0.0792115405201911,1206.png,150,Truck w/Flatbed,0.1856407821178436,bkg,-1,18.196165272050738,97,2672.4295654296875,1938.8862915039065,2695.2489013671875,1953.3959350585935,64.7578125,"[16, 24)","[97, inf)","[59, 82)",True
f1opt,0.1298133283853531,1206.png,151,Truck w/Box,0.1842369586229324,both,54,17.737183457506195,97,1237.8248291015625,2480.985595703125,1261.0357055664062,2494.5399169921875,84.17066955566406,"[16, 24)","[97, inf)","[82, inf)",True
f1opt,0.0758884698152542,1206.png,152,Cargo Truck,0.1810554563999176,bkg,-1,27.272240652083326,97,1752.1900329589844,816.5147705078125,1787.8880310058594,837.3499755859375,86.33964538574219,"[24, 32)","[97, inf)","[82, inf)",True
f1opt,0.1298133283853531,1206.png,153,Truck w/Box,0.1795047223567962,both,36,36.398762833260136,97,2236.505279541016,768.0,2266.646942138672,811.9547729492188,73.43914794921875,"[32, 48)","[97, inf)","[59, 82)",True
f1opt,0.0758884698152542,1206.png,154,Cargo Truck,0.179362267255783,bkg,-1,13.153725611821699,97,526.567138671875,2575.328125,538.1605224609375,2590.252197265625,78.71634674072266,"[8, 16)","[97, inf)","[59, 82)",True
f1opt,0.0758884698152542,1206.png,155,Cargo Truck,0.1785976439714431,bkg,-1,15.339750798164532,97,1774.716064453125,647.259033203125,1792.0,660.873291015625,99.21825408935547,"[8, 16)","[97, inf)","[82, inf)",True
f1opt,0.0758884698152542,1206.png,156,Cargo Truck,0.1771479994058609,bkg,-1,16.849660023243853,97,1963.0302734375,2234.015930175781,1982.174072265625,2248.8463745117188,115.21333312988281,"[16, 24)","[97, inf)","[82, inf)",True
f1opt,0.0792115405201911,1206.png,157,Truck w/Flatbed,0.1724214851856231,bkg,-1,21.12788712999974,97,2289.55810546875,960.9320678710938,2316.424072265625,977.5474243164062,45.76388931274414,"[16, 24)","[97, inf)","[45, 59)",True
f1opt,0.1298133283853531,1206.png,158,Truck w/Box,0.1690886318683624,bkg,-1,15.727286696874147,97,32.446533203125,540.439697265625,52.4219970703125,552.822265625,67.47985076904297,"[8, 16)","[97, inf)","[59, 82)",True
f1opt,0.1298133283853531,1206.png,159,Truck w/Box,0.1676344871520996,bkg,-1,27.460394952984593,97,1693.5177001953125,635.0787353515625,1725.946533203125,658.3319091796875,86.0,"[24, 32)","[97, inf)","[82, inf)",True
f1opt,0.0758884698152542,1206.png,160,Cargo Truck,0.1652437597513198,bkg,-1,13.178843011579415,97,950.6287841796876,2306.865478515625,967.7449951171876,2317.0126953125,73.24073791503906,"[8, 16)","[97, inf)","[59, 82)",True
f1opt,0.0758884698152542,1206.png,161,Cargo Truck,0.1643656492233276,bkg,-1,33.58399268813279,97,968.0633850097656,2857.669189453125,1002.1690368652344,2890.739501953125,70.456298828125,"[32, 48)","[97, inf)","[59, 82)",True
f1opt,0.0792115405201911,1206.png,162,Truck w/Flatbed,0.1616874039173126,bkg,-1,15.159066578588618,97,1765.5762939453125,589.4681396484375,1789.3353271484375,599.14013671875,70.48363494873047,"[8, 16)","[97, inf)","[59, 82)",True
f1opt,0.0758884698152542,1206.png,163,Cargo Truck,0.1601360589265823,bkg,-1,39.26061537230881,97,2289.273681640625,901.1551513671876,2320.02734375,951.27587890625,48.87009811401367,"[32, 48)","[97, inf)","[45, 59)",True
f1opt,0.0758884698152542,1206.png,164,Cargo Truck,0.158319815993309,bkg,-1,14.26502810725267,97,1915.359375,819.326171875,1927.6159057617188,835.9288330078125,119.44343566894531,"[8, 16)","[97, inf)","[82, inf)",True
f1opt,0.1298133283853531,1206.png,165,Truck w/Box,0.1572756022214889,both,70,34.678488300601735,97,2252.9285888671875,768.3733901977539,2281.526611328125,810.425163269043,75.8689956665039,"[32, 48)","[97, inf)","[59, 82)",True
f1opt,0.1298133283853531,1206.png,166,Truck w/Box,0.1556087881326675,bkg,-1,21.79416671226625,97,159.00259399414062,0.2229499816894531,182.1519470214844,20.74126434326172,85.17262268066406,"[16, 24)","[97, inf)","[82, inf)",True
f1opt,0.0758884698152542,1206.png,167,Cargo Truck,0.1548865586519241,TP,73,24.60738013341412,97,1261.9188842773438,2676.698974609375,1284.0928344726562,2704.0068359375,54.32758712768555,"[24, 32)","[97, inf)","[45, 59)",False
f1opt,0.1298133283853531,1206.png,168,Truck w/Box,0.1543217301368713,bkg,-1,29.39710373467105,97,240.67987060546875,335.093994140625,276.16455078125,359.4478759765625,51.91675567626953,"[24, 32)","[97, inf)","[45, 59)",True
f1opt,0.0758884698152542,1206.png,169,Cargo Truck,0.1543191224336624,bkg,-1,19.45823802625145,97,2267.667236328125,688.7574462890625,2284.716552734375,710.9649658203125,75.86473083496094,"[16, 24)","[97, inf)","[59, 82)",True
f1opt,0.1298133283853531,1206.png,170,Truck w/Box,0.1537261307239532,cls,26,30.163083405370614,97,2217.1348876953125,768.1728591918945,2242.46044921875,804.0974960327148,63.75883483886719,"[24, 32)","[97, inf)","[59, 82)",True
f1opt,0.0758884698152542,1206.png,171,Cargo Truck,0.1499468237161636,bkg,-1,22.444412719292483,97,1609.867431640625,484.0924072265625,1635.637451171875,503.640380859375,90.36481475830078,"[16, 24)","[97, inf)","[82, inf)",True
f1opt,0.1298133283853531,1206.png,172,Truck w/Box,0.1495368331670761,bkg,-1,26.150056279989844,97,1611.09423828125,494.6412353515625,1644.25,515.265869140625,76.34893035888672,"[24, 32)","[97, inf)","[59, 82)",True
f1opt,0.0758884698152542,1206.png,173,Cargo Truck,0.1488265842199325,bkg,-1,14.399739932140063,97,159.75393676757812,838.3936767578125,172.25628662109375,854.978759765625,91.67227172851562,"[8, 16)","[97, inf)","[82, inf)",True
f1opt,0.0758884698152542,1206.png,174,Cargo Truck,0.1486508995294571,bkg,-1,10.690359903436969,97,2445.6162109375,492.8197021484375,2458.260986328125,501.8577270507813,95.47142791748047,"[8, 16)","[97, inf)","[82, inf)",True
f1opt,0.1298133283853531,1206.png,175,Truck w/Box,0.1466712653636932,bkg,-1,34.00181060656836,97,1322.2054443359375,2032.1217346191409,1349.6153564453125,2074.300750732422,60.57474899291992,"[32, 48)","[97, inf)","[59, 82)",True
f1opt,0.0758884698152542,1206.png,176,Cargo Truck,0.1462425589561462,bkg,-1,17.06878496838329,97,2490.8924560546875,72.53387451171875,2505.6727294921875,92.24551391601562,79.82440185546875,"[16, 24)","[97, inf)","[59, 82)",True
f1opt,0.0758884698152542,1206.png,177,Cargo Truck,0.144550159573555,bkg,-1,12.867069655540595,97,1697.0576171875,1462.2216796875,1712.8262939453125,1472.7210693359375,79.14204406738281,"[8, 16)","[97, inf)","[59, 82)",True
f1opt,0.0758884698152542,1206.png,178,Cargo Truck,0.1443328410387039,bkg,-1,27.867626436977964,97,1693.450439453125,634.3228149414062,1725.713623046875,658.3937377929688,86.60606384277344,"[24, 32)","[97, inf)","[82, inf)",True
f1opt,0.0758884698152542,1206.png,179,Cargo Truck,0.1389265358448028,bkg,-1,16.118235080196207,97,2640.87451171875,2086.80810546875,2660.851806640625,2099.812744140625,62.56122589111328,"[16, 24)","[97, inf)","[59, 82)",True
f1opt,0.0792115405201911,1206.png,180,Truck w/Flatbed,0.1331420540809631,cls,47,28.835466527962218,97,2247.900695800781,824.3413772583008,2269.1485595703125,863.4739761352539,63.883697509765625,"[24, 32)","[97, inf)","[59, 82)",True
f1opt,0.0758884698152542,1206.png,181,Cargo Truck,0.1323169618844986,TP,31,24.429188394770204,97,1251.1642761230469,2686.216186523437,1273.9143981933594,2712.4483642578125,54.01127243041992,"[24, 32)","[97, inf)","[45, 59)",False
f1opt,0.0758884698152542,1206.png,182,Cargo Truck,0.1243001744151115,bkg,-1,14.530208691080272,97,2465.0126953125,68.37213134765625,2477.521728515625,85.25009155273438,93.46581268310547,"[8, 16)","[97, inf)","[82, inf)",True
f1opt,0.0758884698152542,1206.png,183,Cargo Truck,0.1225514560937881,loc,12,15.99032553328449,97,1852.8465576171875,803.0302734375,1867.5601806640625,820.4080810546875,136.84027099609375,"[8, 16)","[97, inf)","[82, inf)",True
f1opt,0.0792115405201911,1206.png,184,Truck w/Flatbed,0.121778629720211,loc,90,38.86365810479098,97,1930.4580459594729,1984.1876983642576,1958.306007385254,2038.4244842529297,62.02006149291992,"[32, 48)","[97, inf)","[59, 82)",True
f1opt,0.0758884698152542,1206.png,185,Cargo Truck,0.121488556265831,bkg,-1,19.967000735254455,97,270.773193359375,166.22738647460938,293.71044921875,183.6087646484375,88.00694274902344,"[16, 24)","[97, inf)","[82, inf)",True
f1opt,0.0758884698152542,1206.png,186,Cargo Truck,0.118810623884201,loc,27,27.330043671934874,97,2268.232788085937,707.7335815429688,2289.9920654296875,742.0606079101562,76.09469604492188,"[24, 32)","[97, inf)","[59, 82)",True
f1opt,0.0758884698152542,1206.png,187,Cargo Truck,0.1163650080561637,TP,80,31.80271922350536,97,1972.468811035156,2077.7059326171875,1996.3883666992188,2119.9898681640625,68.33767700195312,"[24, 32)","[97, inf)","[59, 82)",False
f1opt,0.0758884698152542,1206.png,188,Cargo Truck,0.1160008013248443,bkg,-1,16.257820862635793,97,2649.277099609375,2106.741577148437,2671.054931640625,2118.8785400390625,58.34113693237305,"[16, 24)","[97, inf)","[45, 59)",True
f1opt,0.0758884698152542,1206.png,189,Cargo Truck,0.1150336116552352,bkg,-1,14.461999689307605,97,249.29495239257807,963.9692993164062,267.6844787597656,975.3425903320312,98.56275177001953,"[8, 16)","[97, inf)","[82, inf)",True
f1opt,0.0758884698152542,1206.png,190,Cargo Truck,0.1149270236492157,TP,28,38.94320165333539,97,2324.273803710937,821.919921875,2353.9266357421875,873.064208984375,58.0119514465332,"[32, 48)","[97, inf)","[45, 59)",False
f1opt,0.0792115405201911,1206.png,191,Truck w/Flatbed,0.1138265430927276,bkg,-1,38.87905412452468,97,2290.563232421875,899.6686401367188,2320.000244140625,951.018310546875,48.480220794677734,"[32, 48)","[97, inf)","[45, 59)",True
f1opt,0.0758884698152542,1206.png,192,Cargo Truck,0.1137711852788925,loc,48,22.52031928021085,97,1265.5319213867188,2753.8356323242188,1294.8128051757812,2771.156311035156,50.28245544433594,"[16, 24)","[97, inf)","[45, 59)",True
f1opt,0.0792115405201911,1206.png,193,Truck w/Flatbed,0.1120396181941032,cls,35,41.080476883800394,97,1823.8754272460935,1783.0999450683594,1858.1769409179688,1832.2991027832031,55.85333251953125,"[32, 48)","[97, inf)","[45, 59)",True
f1opt,0.0758884698152542,1206.png,194,Cargo Truck,0.1098168492317199,bkg,-1,15.391146746858857,97,44.43037033081055,891.799560546875,60.38398361206055,906.6480712890624,79.38603210449219,"[8, 16)","[97, inf)","[59, 82)",True
f1opt,0.0562120340764522,1206.png,195,Truck Tractor,0.1096727177500724,bkg,-1,17.898983161564352,97,1967.68994140625,1623.5584716796875,1988.494873046875,1638.9573974609375,72.79829406738281,"[16, 24)","[97, inf)","[59, 82)",True
f1opt,0.0758884698152542,1206.png,196,Cargo Truck,0.1082106679677963,bkg,-1,18.915541060466428,97,2746.048095703125,565.872802734375,2761.9140625,588.424072265625,75.94791412353516,"[16, 24)","[97, inf)","[59, 82)",True
f1opt,0.0758884698152542,1206.png,197,Cargo Truck,0.1059852391481399,bkg,-1,23.05888537054981,97,2366.6492309570312,1722.9521484375,2396.5756225585938,1740.719482421875,66.29711151123047,"[16, 24)","[97, inf)","[59, 82)",True
f1opt,0.0758884698152542,1206.png,198,Cargo Truck,0.1047528237104415,bkg,-1,13.874928645941761,97,1790.4556732177734,811.077392578125,1805.469970703125,823.8994140625,61.730770111083984,"[8, 16)","[97, inf)","[59, 82)",True
f1opt,0.0758884698152542,1206.png,199,Cargo Truck,0.1038530468940734,bkg,-1,16.574508567360194,97,2631.5037841796875,2070.663818359375,2653.4073486328125,2083.205810546875,58.27018737792969,"[16, 24)","[97, inf)","[45, 59)",True
f1opt,0.0758884698152542,1206.png,200,Cargo Truck,0.1020085290074348,bkg,-1,17.19547617113859,97,2532.483764648437,391.3728942871094,2548.6754150390625,409.6344299316406,91.47987365722656,"[16, 24)","[97, inf)","[82, inf)",True
f1opt,0.0562120340764522,1206.png,201,Truck Tractor,0.1018655225634574,cls,90,38.24779774431722,97,1931.839492797852,1981.5315551757808,1957.7119140625,2038.074157714844,62.095787048339844,"[32, 48)","[97, inf)","[59, 82)",True
f1opt,0.0758884698152542,1206.png,202,Cargo Truck,0.1004951298236846,bkg,-1,21.58029762175082,97,1664.7269287109375,463.4456787109375,1696.0577392578125,478.3099365234375,98.99431610107422,"[16, 24)","[97, inf)","[82, inf)",True
f1opt,0.0758884698152542,1206.png,203,Cargo Truck,0.1001790985465049,bkg,-1,11.604159016438308,97,2445.0103759765625,270.27154541015625,2459.6246337890625,279.485595703125,116.51333618164062,"[8, 16)","[97, inf)","[82, inf)",True
f1opt,0.0758884698152542,1206.png,204,Cargo Truck,0.095118723809719,bkg,-1,16.066335611630837,97,1110.158660888672,2868.696044921875,1124.4162902832031,2886.800537109375,106.62456512451172,"[16, 24)","[97, inf)","[82, inf)",True
f1opt,0.0758884698152542,1206.png,205,Cargo Truck,0.0950016528367996,bkg,-1,18.83313456248643,97,1737.6854248046875,265.6895446777344,1753.8609619140625,287.6169128417969,98.1483383178711,"[16, 24)","[97, inf)","[82, inf)",True
f1opt,0.0758884698152542,1206.png,206,Cargo Truck,0.0923743546009063,bkg,-1,13.262725080081742,97,2816.3668212890625,1873.225006103516,2832.1219482421875,1884.3896179199216,55.014705657958984,"[8, 16)","[97, inf)","[45, 59)",True
f1opt,0.0758884698152542,1206.png,207,Cargo Truck,0.0913558229804039,bkg,-1,14.289035479028348,97,2647.9298706054688,2100.7283935546875,2668.5789184570312,2110.6163330078125,54.574378967285156,"[8, 16)","[97, inf)","[45, 59)",True
f1opt,0.0758884698152542,1206.png,208,Cargo Truck,0.0908503457903862,bkg,-1,12.60243997812046,97,2310.87646484375,2301.877990722656,2322.6724853515625,2315.3419799804688,88.0871810913086,"[8, 16)","[97, inf)","[82, inf)",True
f1opt,0.0758884698152542,1206.png,209,Cargo Truck,0.0903804004192352,bkg,-1,14.149424504272236,97,2370.2101440429688,239.92434692382807,2383.0668334960938,255.4964904785156,116.15126037597656,"[8, 16)","[97, inf)","[82, inf)",True
f1opt,0.0758884698152542,1206.png,210,Cargo Truck,0.0891128554940223,bkg,-1,17.937957377367827,97,1603.2178955078125,2502.389892578125,1622.0350341796875,2519.48974609375,53.27777862548828,"[16, 24)","[97, inf)","[45, 59)",True
f1opt,0.0758884698152542,1206.png,211,Cargo Truck,0.0890590697526931,bkg,-1,12.580969630981675,97,391.6136779785156,2585.5621337890625,402.3447570800781,2600.311889648437,90.69791412353516,"[8, 16)","[97, inf)","[82, inf)",True
f1opt,0.0562120340764522,1206.png,212,Truck Tractor,0.0882029309868812,cls,46,31.715631959839037,97,1370.3560791015625,2306.4365234375,1393.6444091796875,2349.6290283203125,87.24905395507812,"[24, 32)","[97, inf)","[82, inf)",True
f1opt,0.0758884698152542,1206.png,213,Cargo Truck,0.0876416638493537,bkg,-1,20.504828009559652,97,1181.9647827148438,2801.04345703125,1199.7484741210938,2824.685791015625,83.67324829101562,"[16, 24)","[97, inf)","[82, inf)",True
f1opt,0.0562120340764522,1206.png,214,Truck Tractor,0.0866015776991844,bkg,-1,18.524238101538387,97,2269.2132263183594,689.190673828125,2285.042266845703,710.8690185546875,76.22460174560547,"[16, 24)","[97, inf)","[59, 82)",True
f1opt,0.0758884698152542,1206.png,215,Cargo Truck,0.0842519104480743,bkg,-1,28.530363672868813,97,1347.4873046875,2759.677062988281,1368.5166015625,2798.384094238281,66.33068084716797,"[24, 32)","[97, inf)","[59, 82)",True
f1opt,0.0758884698152542,1206.png,216,Cargo Truck,0.0807266235351562,bkg,-1,23.716659361408478,97,2331.0408935546875,2274.895446777344,2352.343139648437,2301.300170898437,61.02759552001953,"[16, 24)","[97, inf)","[59, 82)",True
f1opt,0.0562120340764522,1206.png,217,Truck Tractor,0.0794157907366752,both,27,20.697937468427263,97,2273.8037109375,715.8335571289062,2290.1959228515625,741.9682006835938,78.32716369628906,"[16, 24)","[97, inf)","[59, 82)",True
f1opt,0.0562120340764522,1206.png,218,Truck Tractor,0.0793575569987297,bkg,-1,39.070395122319475,97,2290.3678588867188,899.6763916015625,2320.0613403320312,951.0848388671876,48.480220794677734,"[32, 48)","[97, inf)","[45, 59)",True
f1opt,0.0758884698152542,1206.png,219,Cargo Truck,0.0768533945083618,bkg,-1,20.152766876747574,97,1596.1451416015625,498.271240234375,1613.4503173828125,521.7401733398438,69.84954071044922,"[16, 24)","[97, inf)","[59, 82)",True
f1opt,0.0562120340764522,1206.png,220,Truck Tractor,0.0752532184123992,bkg,-1,13.050108149233836,97,329.1673278808594,343.0169982910156,341.0003356933594,357.4093933105469,59.44102478027344,"[8, 16)","[97, inf)","[59, 82)",True
f1opt,0.0562120340764522,1206.png,221,Truck Tractor,0.0744803324341774,bkg,-1,35.23193196118324,97,1399.960693359375,2239.730499267578,1447.309326171875,2265.9464416503906,67.10279846191406,"[32, 48)","[97, inf)","[59, 82)",True
f1opt,0.0562120340764522,1206.png,222,Truck Tractor,0.0710852593183517,bkg,-1,22.177699483342426,97,1476.2504272460938,2336.6705322265625,1494.2350463867188,2364.018920898437,74.92740631103516,"[16, 24)","[97, inf)","[59, 82)",True
f1opt,0.0562120340764522,1206.png,223,Truck Tractor,0.0686843693256378,bkg,-1,22.64258086493173,97,1609.869369506836,485.2213134765625,1636.352798461914,504.580078125,90.30357360839844,"[16, 24)","[97, inf)","[82, inf)",True
f1opt,0.0562120340764522,1206.png,224,Truck Tractor,0.0682704597711563,bkg,-1,14.846165332040242,97,1146.7619934082031,2032.5799865722656,1164.123077392578,2045.2755432128904,65.03759765625,"[8, 16)","[97, inf)","[59, 82)",True
f1opt,0.0562120340764522,1206.png,225,Truck Tractor,0.0679466277360916,bkg,-1,18.727230684743446,97,1762.4920654296875,583.2717895507812,1787.6451416015625,597.2147827148438,69.76667022705078,"[16, 24)","[97, inf)","[59, 82)",True
f1opt,0.0562120340764522,1206.png,226,Truck Tractor,0.0623590685427188,bkg,-1,26.99449511240678,97,1735.2726440429688,596.2027587890625,1767.7109985351562,618.6669921875,79.86956787109375,"[24, 32)","[97, inf)","[59, 82)",True
f1opt,0.0562120340764522,1206.png,227,Truck Tractor,0.0620088949799537,bkg,-1,17.909925962275675,97,1478.4627685546875,2030.594665527344,1497.7393798828125,2047.2348022460935,69.04722595214844,"[16, 24)","[97, inf)","[59, 82)",True
f1opt,0.0562120340764522,1206.png,228,Truck Tractor,0.0615519657731056,bkg,-1,16.94005506324151,97,1391.220703125,2329.422332763672,1405.365234375,2349.710418701172,74.11428833007812,"[16, 24)","[97, inf)","[59, 82)",True
f1opt,0.0562120340764522,1206.png,229,Truck Tractor,0.0578200258314609,bkg,-1,14.790235466942445,97,1803.856506347656,770.033634185791,1817.1443481445312,786.4961318969727,74.61176300048828,"[8, 16)","[97, inf)","[59, 82)",True
f1opt,0.1298133283853531,1211.png,0,Truck w/Box,0.7137923836708069,cls,45,32.86374225902946,167,855.16357421875,2713.5639038085938,880.0404052734375,2756.978820800781,91.7010498046875,"[32, 48)","[97, inf)","[82, inf)",True
f1opt,0.0758884698152542,1211.png,1,Cargo Truck,0.6984323263168335,TP,67,28.1911848148605,167,1425.02392578125,2696.7000732421875,1460.830322265625,2718.8956298828125,74.65338134765625,"[24, 32)","[97, inf)","[59, 82)",False
f1opt,0.1298133283853531,1211.png,2,Truck w/Box,0.6911143064498901,cls,18,19.86149734998364,167,1547.3324584960938,1577.165615081787,1583.1613159179688,1588.175708770752,91.56756591796875,"[16, 24)","[97, inf)","[82, inf)",True
f1opt,0.0758884698152542,1211.png,3,Cargo Truck,0.6747951507568359,bkg,-1,16.116572126547684,167,1871.9918518066409,707.894287109375,1883.750762939453,729.9833984375,93.75251007080078,"[16, 24)","[97, inf)","[82, inf)",True
f1opt,0.1298133283853531,1211.png,4,Truck w/Box,0.669799268245697,cls,160,35.86776527449619,167,1806.5231323242188,1856.2230834960935,1860.3849487304688,1880.1082153320312,63.04800033569336,"[32, 48)","[97, inf)","[59, 82)",True
f1opt,0.1298133283853531,1211.png,5,Truck w/Box,0.6499028205871582,bkg,-1,22.918240169191176,167,2284.3416137695312,1552.990104675293,2315.480407714844,1569.8579940795898,68.02603912353516,"[16, 24)","[97, inf)","[59, 82)",True
f1opt,0.0758884698152542,1211.png,6,Cargo Truck,0.6339192390441895,TP,154,20.37317913825455,167,1092.13525390625,2016.9434967041016,1128.475830078125,2028.3650665283203,73.13721466064453,"[16, 24)","[97, inf)","[59, 82)",False
f1opt,0.1298133283853531,1211.png,7,Truck w/Box,0.5976700186729431,cls,30,36.747109844457476,167,950.1492309570312,2159.0859375,1002.0046997070312,2185.1265869140625,75.2005615234375,"[32, 48)","[97, inf)","[59, 82)",True
f1opt,0.1298133283853531,1211.png,8,Truck w/Box,0.5922226309776306,both,18,20.333655019748726,167,1515.745361328125,1573.3949737548828,1551.2552490234375,1585.0384216308594,45.602909088134766,"[16, 24)","[97, inf)","[45, 59)",True
f1opt,0.0758884698152542,1211.png,9,Cargo Truck,0.5840488076210022,bkg,-1,12.218599562438234,167,1803.710876464844,1999.3516845703125,1812.736572265625,2015.8927001953125,105.14117431640625,"[8, 16)","[97, inf)","[82, inf)",True
f1opt,0.0758884698152542,1211.png,10,Cargo Truck,0.5719627141952515,TP,90,17.940945968853175,167,2241.650756835937,451.769775390625,2257.289428710937,472.3519287109375,70.64973449707031,"[16, 24)","[97, inf)","[59, 82)",False
f1opt,0.1298133283853531,1211.png,11,Truck w/Box,0.5668218731880188,both,157,27.642100087926202,167,753.3764038085938,1940.2194213867188,792.8944702148438,1959.5545196533203,91.27375030517578,"[24, 32)","[97, inf)","[82, inf)",True
f1opt,0.0758884698152542,1211.png,12,Cargo Truck,0.5617071986198425,bkg,-1,13.240917043591558,167,2450.5362548828125,2499.646850585937,2460.1573486328125,2517.869506835937,71.2200927734375,"[8, 16)","[97, inf)","[59, 82)",True
f1opt,0.1298133283853531,1211.png,13,Truck w/Box,0.5540826320648193,cls,46,37.3094948368335,167,622.4163818359375,2811.236083984375,663.2689208984375,2845.309814453125,51.404083251953125,"[32, 48)","[97, inf)","[45, 59)",True
f1opt,0.0758884698152542,1211.png,14,Cargo Truck,0.5466029644012451,TP,60,18.771795971232926,167,1437.864501953125,1943.2647018432615,1460.9805908203125,1958.508644104004,84.97135162353516,"[16, 24)","[97, inf)","[82, inf)",False
f1opt,0.1298133283853531,1211.png,15,Truck w/Box,0.5450031161308289,bkg,-1,20.569615503122886,167,1599.42333984375,1590.922752380371,1636.1787109375,1602.4342422485352,87.67206573486328,"[16, 24)","[97, inf)","[82, inf)",True
f1opt,0.0562120340764522,1211.png,16,Truck Tractor,0.5398861765861511,bkg,-1,12.637034657227877,167,1325.0029296875,1959.8677673339844,1342.6044921875,1968.9405212402344,58.43888854980469,"[8, 16)","[97, inf)","[45, 59)",True
f1opt,0.0758884698152542,1211.png,17,Cargo Truck,0.537996768951416,bkg,-1,21.096260595589147,167,1066.5030517578125,1915.9014320373533,1101.3492431640625,1928.6733360290527,93.9206314086914,"[16, 24)","[97, inf)","[82, inf)",True
f1opt,0.1298133283853531,1211.png,18,Truck w/Box,0.5311222076416016,cls,153,28.16459957462541,167,1242.7409362792969,2066.6548461914062,1258.0013732910156,2118.6353149414062,55.461708068847656,"[24, 32)","[97, inf)","[45, 59)",True
f1opt,0.1298133283853531,1211.png,19,Truck w/Box,0.5291075110435486,cls,140,32.32503443175717,167,891.44873046875,1017.5117645263672,921.698974609375,1052.0538940429688,57.04659652709961,"[32, 48)","[97, inf)","[45, 59)",True
f1opt,0.0758884698152542,1211.png,20,Cargo Truck,0.52872234582901,bkg,-1,17.481337743715567,167,1083.7562255859375,2641.5963134765625,1097.86669921875,2663.2537841796875,93.17681121826172,"[16, 24)","[97, inf)","[82, inf)",True
f1opt,0.1298133283853531,1211.png,21,Truck w/Box,0.527547299861908,bkg,-1,30.130818384842065,167,908.2514038085938,2803.955993652344,933.7654418945312,2839.539001464844,112.48129272460938,"[24, 32)","[97, inf)","[82, inf)",True
f1opt,0.1298133283853531,1211.png,22,Truck w/Box,0.5237041115760803,cls,156,27.082356216459576,167,1199.7442016601562,1892.6568298339844,1215.6145629882812,1938.8721618652344,60.29912567138672,"[24, 32)","[97, inf)","[59, 82)",True
f1opt,0.1298133283853531,1211.png,23,Truck w/Box,0.5182433128356934,bkg,-1,23.82173389000222,167,2274.7950439453125,1570.7763710021973,2309.800170898437,1586.987567901611,67.36111450195312,"[16, 24)","[97, inf)","[59, 82)",True
f1opt,0.1298133283853531,1211.png,24,Truck w/Box,0.5109283328056335,bkg,-1,30.910860926418486,167,884.3160400390625,2842.732666015625,907.762451171875,2883.484375,84.2420654296875,"[24, 32)","[97, inf)","[82, inf)",True
f1opt,0.1298133283853531,1211.png,25,Truck w/Box,0.5016946792602539,bkg,-1,24.2420733157489,167,920.83447265625,2843.488525390625,940.467041015625,2873.42236328125,146.8694305419922,"[24, 32)","[97, inf)","[82, inf)",True
f1opt,0.0758884698152542,1211.png,26,Cargo Truck,0.4948119223117828,TP,130,20.381070525716527,167,537.7388916015625,1538.6060791015625,558.2479248046875,1558.8599853515625,78.97835540771484,"[16, 24)","[97, inf)","[59, 82)",False
f1opt,0.0758884698152542,1211.png,27,Cargo Truck,0.4945366084575653,TP,54,26.11609223100621,167,884.9093017578125,2775.470947265625,907.0089111328124,2806.33349609375,88.38932037353516,"[24, 32)","[97, inf)","[82, inf)",False
f1opt,0.1298133283853531,1211.png,28,Truck w/Box,0.4930514693260193,bkg,-1,26.90528217041521,167,799.642333984375,2833.5869140625,830.977294921875,2856.688720703125,56.56119918823242,"[24, 32)","[97, inf)","[45, 59)",True
f1opt,0.1298133283853531,1211.png,29,Truck w/Box,0.4926958382129669,bkg,-1,22.109270710749712,167,1053.2471923828125,2006.4147338867188,1088.097412109375,2020.4410400390625,63.53703689575195,"[16, 24)","[97, inf)","[59, 82)",True
f1opt,0.1298133283853531,1211.png,30,Truck w/Box,0.490439623594284,cls,155,29.108797843174962,167,1166.0000610351562,2060.304077148437,1184.444580078125,2106.2430419921875,67.38633728027344,"[24, 32)","[97, inf)","[59, 82)",True
f1opt,0.1298133283853531,1211.png,31,Truck w/Box,0.4898943603038788,cls,11,14.328095612735076,167,2022.5226135253904,1554.3931884765625,2044.4970703125,1563.735595703125,76.46086883544922,"[8, 16)","[97, inf)","[59, 82)",True
f1opt,0.0758884698152542,1211.png,32,Cargo Truck,0.4888939261436462,TP,66,18.634678782910534,167,1559.0726318359375,1017.1927337646484,1581.972412109375,1032.356689453125,83.20923614501953,"[16, 24)","[97, inf)","[82, inf)",False
f1opt,0.1298133283853531,1211.png,33,Truck w/Box,0.4877515733242035,bkg,-1,24.773312865189915,167,909.4329833984376,2847.62451171875,929.3775634765624,2878.3956298828125,150.875,"[24, 32)","[97, inf)","[82, inf)",True
f1opt,0.1298133283853531,1211.png,34,Truck w/Box,0.4829587042331695,cls,157,28.20378502776167,167,753.8028564453125,1951.1549682617188,791.0653076171875,1972.5022888183596,67.20979309082031,"[24, 32)","[97, inf)","[59, 82)",True
f1opt,0.0758884698152542,1211.png,35,Cargo Truck,0.4740307927131653,bkg,-1,20.449200419041528,167,212.71511840820312,445.8580932617188,237.17459106445312,462.95452880859375,91.91666412353516,"[16, 24)","[97, inf)","[82, inf)",True
f1opt,0.1298133283853531,1211.png,36,Truck w/Box,0.4679417312145233,bkg,-1,24.665786815805095,167,1621.3694458007812,1535.1390380859375,1639.8569946289062,1568.0477294921875,56.747676849365234,"[24, 32)","[97, inf)","[45, 59)",True
f1opt,0.0758884698152542,1211.png,37,Cargo Truck,0.4622117877006531,bkg,-1,14.406895771597677,167,1789.7364044189453,1998.664794921875,1800.9945678710938,2017.10107421875,107.51249694824219,"[8, 16)","[97, inf)","[82, inf)",True
f1opt,0.1298133283853531,1211.png,38,Truck w/Box,0.4596448242664337,both,49,24.95480255048806,167,640.995361328125,2836.2240600585938,678.292236328125,2852.920959472656,46.16741943359375,"[24, 32)","[97, inf)","[45, 59)",True
f1opt,0.1298133283853531,1211.png,39,Truck w/Box,0.4591597616672516,bkg,-1,24.848044512503613,167,901.4918212890624,2850.546936035156,920.7843017578124,2882.5503540039062,123.5772705078125,"[24, 32)","[97, inf)","[82, inf)",True
f1opt,0.0758884698152542,1211.png,40,Cargo Truck,0.4581469893455505,bkg,-1,19.285966624726502,167,2437.4412231445312,2437.074951171875,2451.2047729492188,2464.09912109375,70.0857162475586,"[16, 24)","[97, inf)","[59, 82)",True
f1opt,0.0758884698152542,1211.png,41,Cargo Truck,0.4550110697746277,bkg,-1,17.831958737178912,167,1749.3697662353516,2015.3657836914065,1776.264144897461,2027.1890258789065,108.46703338623047,"[16, 24)","[97, inf)","[82, inf)",True
f1opt,0.0758884698152542,1211.png,42,Cargo Truck,0.4493515491485595,bkg,-1,9.898036313375927,167,2337.279541015625,396.2947387695313,2346.305908203125,407.1486206054688,89.375,"[8, 16)","[97, inf)","[82, inf)",True
f1opt,0.0758884698152542,1211.png,43,Cargo Truck,0.4390701055526733,TP,56,21.146109120777822,167,889.5611419677734,2824.547607421875,907.7456207275392,2849.1376953125,68.1882553100586,"[16, 24)","[97, inf)","[59, 82)",False
f1opt,0.1298133283853531,1211.png,44,Truck w/Box,0.4295649230480194,cls,21,35.04392033544636,167,2156.269836425781,2160.719116210937,2217.5173950195312,2180.7701416015625,61.77035140991211,"[32, 48)","[97, inf)","[59, 82)",True
f1opt,0.0758884698152542,1211.png,45,Cargo Truck,0.4281154870986938,bkg,-1,17.589567329150185,167,960.0990295410156,2129.480712890625,976.2613220214844,2148.6235961914062,62.911766052246094,"[16, 24)","[97, inf)","[59, 82)",True
f1opt,0.1298133283853531,1211.png,46,Truck w/Box,0.4260223805904388,bkg,-1,23.56229974777986,167,928.5201416015624,2844.231689453125,948.4642333984376,2872.068603515625,114.95073699951172,"[16, 24)","[97, inf)","[82, inf)",True
f1opt,0.0758884698152542,1211.png,47,Cargo Truck,0.4253816604614258,TP,65,14.254351614959123,167,1205.4767456054688,1377.6586303710938,1218.7786254882812,1392.9336547851562,74.01338958740234,"[8, 16)","[97, inf)","[59, 82)",False
f1opt,0.1298133283853531,1211.png,48,Truck w/Box,0.4228904843330383,cls,154,20.73392245180391,167,1091.1568603515625,2017.9083862304688,1128.7662353515625,2029.338928222656,72.451416015625,"[16, 24)","[97, inf)","[59, 82)",True
f1opt,0.1298133283853531,1211.png,49,Truck w/Box,0.4065448641777038,cls,159,28.244358722239607,167,1155.8424072265625,2067.873748779297,1173.3518676757812,2113.4344787597656,59.87234115600586,"[24, 32)","[97, inf)","[59, 82)",True
f1opt,0.0562120340764522,1211.png,50,Truck Tractor,0.4048913717269897,bkg,-1,16.077999891623097,167,1283.8629150390625,1977.0186004638672,1306.968994140625,1988.20622253418,76.05208587646484,"[16, 24)","[97, inf)","[59, 82)",True
f1opt,0.1298133283853531,1211.png,51,Truck w/Box,0.4011557102203369,cls,55,22.013702955741017,167,826.4420166015625,2818.9789428710938,852.2359619140625,2837.7664184570312,84.35740661621094,"[16, 24)","[97, inf)","[82, inf)",True
f1opt,0.0758884698152542,1211.png,52,Cargo Truck,0.3993375599384308,TP,43,27.06211093827753,167,905.0837707519532,2300.8775634765625,938.596649169922,2322.7305908203125,63.08567810058594,"[24, 32)","[97, inf)","[59, 82)",False
f1opt,0.0758884698152542,1211.png,53,Cargo Truck,0.3971499800682068,bkg,-1,13.3548033899455,167,1796.4884948730469,1999.147521972656,1806.2532043457031,2017.412353515625,115.62679290771484,"[8, 16)","[97, inf)","[82, inf)",True
f1opt,0.0758884698152542,1211.png,54,Cargo Truck,0.395079493522644,bkg,-1,18.918559558062373,167,2431.50048828125,2406.3817138671875,2444.76416015625,2433.3660888671875,47.42346954345703,"[16, 24)","[97, inf)","[45, 59)",True
f1opt,0.0758884698152542,1211.png,55,Cargo Truck,0.3828897476196289,bkg,-1,13.957567803468047,167,1749.7174682617188,2008.8443603515625,1771.2767333984375,2017.8805541992188,101.82608795166016,"[8, 16)","[97, inf)","[82, inf)",True
f1opt,0.0758884698152542,1211.png,56,Cargo Truck,0.3653032183647156,TP,23,18.16872273764748,167,1617.5796356201172,2291.36083984375,1640.1074981689453,2306.013916015625,102.51822662353516,"[16, 24)","[97, inf)","[82, inf)",False
f1opt,0.0758884698152542,1211.png,57,Cargo Truck,0.3631528913974762,bkg,-1,12.978105419441592,167,1747.1696166992188,2002.1463623046875,1767.6960754394531,2010.3519287109373,108.06349182128906,"[8, 16)","[97, inf)","[82, inf)",True
f1opt,0.1725006252527237,1211.png,58,Truck w/Liquid,0.3618240058422088,cls,163,29.261182054449275,167,1162.2261962890625,1894.2649536132808,1179.2510986328125,1944.5569763183596,57.445533752441406,"[24, 32)","[97, inf)","[45, 59)",True
f1opt,0.0758884698152542,1211.png,59,Cargo Truck,0.3598697185516357,bkg,-1,19.104888338036538,167,966.652587890625,2123.1341247558594,984.4948120117188,2143.591033935547,62.979949951171875,"[16, 24)","[97, inf)","[59, 82)",True
f1opt,0.0562120340764522,1211.png,60,Truck Tractor,0.3594906032085418,bkg,-1,29.395431862401708,167,2840.441772460937,2153.1635131835938,2888.6051025390625,2171.1043701171875,77.43071746826172,"[24, 32)","[97, inf)","[59, 82)",True
f1opt,0.0758884698152542,1211.png,61,Cargo Truck,0.3516034185886383,loc,56,17.16321592973579,167,898.5548095703125,2823.533264160156,913.3207397460938,2843.4829711914062,74.27678680419922,"[16, 24)","[97, inf)","[59, 82)",True
f1opt,0.1298133283853531,1211.png,62,Truck w/Box,0.3502396941184997,both,53,22.09039611125811,167,659.431884765625,2875.33251953125,691.37060546875,2890.611328125,46.39204406738281,"[16, 24)","[97, inf)","[45, 59)",True
f1opt,0.1725006252527237,1211.png,63,Truck w/Liquid,0.3500971496105194,cls,71,17.232142448591837,167,2119.6439056396484,630.518310546875,2136.623779296875,648.0064697265625,97.41227722167969,"[16, 24)","[97, inf)","[82, inf)",True
f1opt,0.1298133283853531,1211.png,64,Truck w/Box,0.3490510880947113,bkg,-1,23.394953682307253,167,2294.6002197265625,1540.6498413085938,2325.423217773437,1558.406837463379,66.4276351928711,"[16, 24)","[97, inf)","[59, 82)",True
f1opt,0.1725006252527237,1211.png,65,Truck w/Liquid,0.3412385582923889,cls,151,33.0634693119041,167,1173.0684204101562,1888.223388671875,1193.8633422851562,1940.7935791015625,57.49415969848633,"[32, 48)","[97, inf)","[45, 59)",True
f1opt,0.0758884698152542,1211.png,66,Cargo Truck,0.3329177498817444,loc,20,32.5916629755819,167,2151.6962890625,2198.9996337890625,2205.3203125,2218.8082275390625,44.86233901977539,"[32, 48)","[97, inf)","[-inf, 45)",True
f1opt,0.0758884698152542,1211.png,67,Cargo Truck,0.3324682712554931,bkg,-1,14.819729852673147,167,2031.4532775878904,1150.9530639648438,2044.257751464844,1168.105224609375,97.93608856201172,"[8, 16)","[97, inf)","[82, inf)",True
f1opt,0.1298133283853531,1211.png,68,Truck w/Box,0.3308466970920563,cls,151,34.65819571616706,167,1171.4669189453125,1887.8777465820312,1193.7677001953125,1941.7409057617188,58.57391357421875,"[32, 48)","[97, inf)","[45, 59)",True
f1opt,0.1298133283853531,1211.png,69,Truck w/Box,0.3273937702178955,cls,52,25.45695546168047,167,651.62744140625,2858.33935546875,684.389404296875,2878.1201171875,46.12604904174805,"[24, 32)","[97, inf)","[45, 59)",True
f1opt,0.1298133283853531,1211.png,70,Truck w/Box,0.3217073678970337,cls,48,22.950708119214102,167,683.920654296875,2852.793029785156,703.530517578125,2879.6537475585938,59.867347717285156,"[16, 24)","[97, inf)","[59, 82)",True
f1opt,0.1298133283853531,1211.png,71,Truck w/Box,0.3186304569244385,bkg,-1,29.520605867055117,167,859.89453125,2855.0762939453125,883.496337890625,2892.0,75.78486633300781,"[24, 32)","[97, inf)","[59, 82)",True
f1opt,0.1298133283853531,1211.png,72,Truck w/Box,0.3180133998394012,bkg,-1,27.220043058590814,167,845.8785400390625,2860.9517822265625,869.8616943359375,2891.8455810546875,90.06500244140625,"[24, 32)","[97, inf)","[82, inf)",True
f1opt,0.1298133283853531,1211.png,73,Truck w/Box,0.3118700981140136,bkg,-1,19.20882803732587,167,685.5975341796875,625.4608764648438,698.9078369140625,653.1821899414062,98.68965148925781,"[16, 24)","[97, inf)","[82, inf)",True
f1opt,0.0758884698152542,1211.png,74,Cargo Truck,0.3046663999557495,bkg,-1,23.719316420652273,167,2423.5968017578125,2369.176544189453,2439.3563232421875,2404.8759765625,59.00490188598633,"[16, 24)","[97, inf)","[45, 59)",True
f1opt,0.1298133283853531,1211.png,75,Truck w/Box,0.303585410118103,cls,54,25.73786436314447,167,885.2982177734375,2775.650634765625,906.760986328125,2806.51513671875,89.9758529663086,"[24, 32)","[97, inf)","[82, inf)",True
f1opt,0.1298133283853531,1211.png,76,Truck w/Box,0.2972559332847595,cls,29,29.061133786360074,167,1235.1475219726562,2117.0548400878906,1251.8501586914062,2167.618682861328,68.22029876708984,"[24, 32)","[97, inf)","[59, 82)",True
f1opt,0.1298133283853531,1211.png,77,Truck w/Box,0.2903594970703125,bkg,-1,20.74182643975797,167,1066.6494140625,1916.2798919677732,1100.8089599609375,1928.874420166016,96.52088165283203,"[16, 24)","[97, inf)","[82, inf)",True
f1opt,0.0562120340764522,1211.png,78,Truck Tractor,0.2800549566745758,bkg,-1,35.02591230665173,167,936.2938690185548,2206.140686035156,963.4995880126952,2251.234680175781,69.11801147460938,"[32, 48)","[97, inf)","[59, 82)",True
f1opt,0.0758884698152542,1211.png,79,Cargo Truck,0.2787113189697265,bkg,-1,21.278591023502827,167,1052.9229125976562,2007.224548339844,1087.6958618164062,2020.2455444335935,63.10118865966797,"[16, 24)","[97, inf)","[59, 82)",True
f1opt,0.0758884698152542,1211.png,80,Cargo Truck,0.2774960994720459,TP,20,35.890829568162836,167,2156.0386962890625,2181.999267578125,2208.7281494140625,2206.447265625,52.81204605102539,"[32, 48)","[97, inf)","[45, 59)",False
f1opt,0.0758884698152542,1211.png,81,Cargo Truck,0.2705059051513672,bkg,-1,15.395835216512083,167,1540.7639751434326,1031.6339111328125,1560.134351730347,1043.8707275390625,78.15384674072266,"[8, 16)","[97, inf)","[59, 82)",True
f1opt,0.0758884698152542,1211.png,82,Cargo Truck,0.2680853903293609,bkg,-1,16.677452108467453,167,1668.8057556152344,2316.4047241210938,1688.7648620605469,2330.340087890625,102.28571319580078,"[16, 24)","[97, inf)","[82, inf)",True
f1opt,0.0758884698152542,1211.png,83,Cargo Truck,0.267714112997055,TP,92,20.223530539524305,167,2379.87451171875,381.6803588867188,2403.017333984375,399.3528442382813,62.35578918457031,"[16, 24)","[97, inf)","[59, 82)",False
f1opt,0.0758884698152542,1211.png,84,Cargo Truck,0.267309159040451,bkg,-1,14.182273498628112,167,126.04901123046876,537.9703369140625,137.67095947265625,555.2769775390625,74.1885986328125,"[8, 16)","[97, inf)","[59, 82)",True
f1opt,0.0758884698152542,1211.png,85,Cargo Truck,0.2654010653495788,bkg,-1,29.914883298714404,167,907.8131408691406,2804.184631347656,933.4032287597656,2839.155212402344,113.26954650878906,"[24, 32)","[97, inf)","[82, inf)",True
f1opt,0.0758884698152542,1211.png,86,Cargo Truck,0.2636473476886749,TP,26,11.651339384395612,167,1530.2887573242188,2122.014953613281,1539.5429077148438,2136.6844482421875,95.50666809082031,"[8, 16)","[97, inf)","[82, inf)",False
f1opt,0.0758884698152542,1211.png,87,Cargo Truck,0.2587592601776123,bkg,-1,10.942948848547756,167,2082.847595214844,1470.3482666015625,2091.6834716796875,1483.9007568359375,95.88571166992188,"[8, 16)","[97, inf)","[82, inf)",True
f1opt,0.0792115405201911,1211.png,88,Truck w/Flatbed,0.2578995525836944,bkg,-1,24.696829466251113,167,406.6236572265625,991.0297241210938,433.8079833984375,1013.4666748046876,65.75776672363281,"[24, 32)","[97, inf)","[59, 82)",True
f1opt,0.0758884698152542,1211.png,89,Cargo Truck,0.2571234405040741,loc,60,17.902793221072148,167,1439.2833251953125,1931.1785202026367,1457.6754150390625,1948.605033874512,94.6871337890625,"[16, 24)","[97, inf)","[82, inf)",True
f1opt,0.0758884698152542,1211.png,90,Cargo Truck,0.2558043301105499,TP,86,11.266432893225698,167,1647.396728515625,145.52151489257812,1660.963134765625,154.87789916992188,94.18571472167969,"[8, 16)","[97, inf)","[82, inf)",False
f1opt,0.0792115405201911,1211.png,91,Truck w/Flatbed,0.2508583068847656,bkg,-1,35.36768251612574,167,935.5645141601562,2206.156036376953,962.8465270996094,2252.0057678222656,68.52051544189453,"[32, 48)","[97, inf)","[59, 82)",True
f1opt,0.1298133283853531,1211.png,92,Truck w/Box,0.2502496242523193,cls,166,22.21040378047381,167,1231.2272338867188,2070.8255462646484,1242.2188110351562,2115.705551147461,51.385868072509766,"[16, 24)","[97, inf)","[45, 59)",True
f1opt,0.0792115405201911,1211.png,93,Truck w/Flatbed,0.2492019981145858,bkg,-1,31.0892071688123,167,2839.01708984375,2153.0250244140625,2889.818359375,2172.0509033203125,77.61666870117188,"[24, 32)","[97, inf)","[59, 82)",True
f1opt,0.0758884698152542,1211.png,94,Cargo Truck,0.2488905787467956,cls,74,11.727452292984054,167,1918.8324584960935,185.9923248291016,1935.8284301757808,194.0844268798828,46.83333206176758,"[8, 16)","[97, inf)","[45, 59)",True
f1opt,0.0758884698152542,1211.png,95,Cargo Truck,0.2390756458044052,bkg,-1,15.934254404648923,167,1571.5619506835938,965.122039794922,1585.0731811523438,983.9138488769532,74.63157653808594,"[8, 16)","[97, inf)","[59, 82)",True
f1opt,0.0758884698152542,1211.png,96,Cargo Truck,0.2357546240091323,bkg,-1,14.956497738783224,167,2404.1641845703125,372.6744384765625,2422.314819335937,384.9989013671875,80.60728454589844,"[8, 16)","[97, inf)","[59, 82)",True
f1opt,0.1298133283853531,1211.png,97,Truck w/Box,0.230896383523941,both,20,34.5469542869726,167,2156.4302978515625,2178.8134765625,2212.0182495117188,2200.2838134765625,52.88787078857422,"[32, 48)","[97, inf)","[45, 59)",True
f1opt,0.0758884698152542,1211.png,98,Cargo Truck,0.2288927435874939,bkg,-1,17.88250680831355,167,938.9641418457032,2114.9675903320312,952.3215637207032,2138.908142089844,98.0693359375,"[16, 24)","[97, inf)","[82, inf)",True
f1opt,0.1298133283853531,1211.png,99,Truck w/Box,0.226943239569664,cls,31,35.54167955095682,167,946.167724609375,2145.2058715820312,996.48095703125,2170.312805175781,83.61991119384766,"[32, 48)","[97, inf)","[82, inf)",True
f1opt,0.1298133283853531,1211.png,100,Truck w/Box,0.216044083237648,bkg,-1,25.49547427102669,167,2363.6704711914062,1536.2407703399658,2389.4614868164062,1561.4440898895264,41.91310501098633,"[24, 32)","[97, inf)","[-inf, 45)",True
f1opt,0.0562120340764522,1211.png,101,Truck Tractor,0.2150093168020248,cls,59,15.892239716447532,167,1298.5146484375,1962.27783203125,1323.33349609375,1972.4541015625,79.55244445800781,"[8, 16)","[97, inf)","[59, 82)",True
f1opt,0.0792115405201911,1211.png,102,Truck w/Flatbed,0.2139163315296173,both,165,21.331703844112734,167,1967.1614379882808,1912.5517349243164,1998.248764038086,1927.1892623901367,61.326171875,"[16, 24)","[97, inf)","[59, 82)",True
f1opt,0.1298133283853531,1211.png,103,Truck w/Box,0.2136091291904449,cls,50,23.761194643194653,167,646.796875,2847.2037963867188,681.214599609375,2863.6079711914062,40.25326919555664,"[16, 24)","[97, inf)","[-inf, 45)",True
f1opt,0.0758884698152542,1211.png,104,Cargo Truck,0.2098788172006607,TP,72,16.965988983947735,167,399.8648071289063,361.0667114257813,422.3455200195313,373.8707885742188,89.85897064208984,"[16, 24)","[97, inf)","[82, inf)",False
f1opt,0.1298133283853531,1211.png,105,Truck w/Box,0.2034676969051361,bkg,-1,27.654230897551145,167,1099.3892211914062,2095.100646972656,1116.7304077148438,2139.201232910156,105.82221984863281,"[24, 32)","[97, inf)","[82, inf)",True
f1opt,0.0758884698152542,1211.png,106,Cargo Truck,0.2002709060907364,bkg,-1,26.149250570648682,167,880.040283203125,2846.607666015625,898.383056640625,2883.8857421875,76.99307250976562,"[24, 32)","[97, inf)","[59, 82)",True
f1opt,0.1298133283853531,1211.png,107,Truck w/Box,0.1997287571430206,bkg,-1,20.22281132786522,167,2436.19189453125,2437.2392578125,2451.280517578125,2464.34326171875,70.94866180419922,"[16, 24)","[97, inf)","[59, 82)",True
f1opt,0.0792115405201911,1211.png,108,Truck w/Flatbed,0.1989985257387161,cls,46,35.490231691422515,167,622.33154296875,2810.725524902344,662.7176513671875,2841.913391113281,52.70198059082031,"[32, 48)","[97, inf)","[45, 59)",True
f1opt,0.0758884698152542,1211.png,109,Cargo Truck,0.1982239633798599,bkg,-1,21.741138886928322,167,1149.6657104492188,1872.6767311096191,1164.2675170898438,1905.0478706359863,47.74081039428711,"[16, 24)","[97, inf)","[45, 59)",True
f1opt,0.0758884698152542,1211.png,110,Cargo Truck,0.1971197575330734,bkg,-1,13.815198187877973,167,1153.0923767089844,2311.951110839844,1163.7804260253906,2329.8084106445312,80.43061828613281,"[8, 16)","[97, inf)","[59, 82)",True
f1opt,0.0758884698152542,1211.png,111,Cargo Truck,0.1968484371900558,bkg,-1,12.983041843379468,167,1314.3101196289062,11.58583927154541,1325.6312866210938,26.474708557128903,67.07291412353516,"[8, 16)","[97, inf)","[59, 82)",True
f1opt,0.1298133283853531,1211.png,112,Truck w/Box,0.1958152651786804,bkg,-1,23.1337826621041,167,2086.912414550781,1233.2350158691406,2114.789123535156,1252.4328308105469,89.8224105834961,"[16, 24)","[97, inf)","[82, inf)",True
f1opt,0.1298133283853531,1211.png,113,Truck w/Box,0.1948892176151275,bkg,-1,35.39400890248222,167,935.5936889648438,2206.127868652344,963.1154174804688,2251.6459350585938,68.74662780761719,"[32, 48)","[97, inf)","[59, 82)",True
f1opt,0.1298133283853531,1211.png,114,Truck w/Box,0.1933402121067047,bkg,-1,16.604535062404942,167,1960.569961547852,167.54623413085938,1982.030258178711,180.39370727539065,84.37577819824219,"[16, 24)","[97, inf)","[82, inf)",True
f1opt,0.1298133283853531,1211.png,115,Truck w/Box,0.1927002668380737,both,163,32.72747095083401,167,1165.106689453125,1885.3159809112549,1183.1512451171875,1944.6739044189453,57.79561233520508,"[32, 48)","[97, inf)","[45, 59)",True
f1opt,0.0758884698152542,1211.png,116,Cargo Truck,0.1923798620700836,TP,62,12.650321648111943,167,1493.75244140625,2011.740173339844,1510.693115234375,2021.1867065429688,81.00505065917969,"[8, 16)","[97, inf)","[59, 82)",False
f1opt,0.0758884698152542,1211.png,117,Cargo Truck,0.1911966055631637,bkg,-1,11.2012324275847,167,1552.2282257080078,170.135009765625,1560.962043762207,184.500732421875,86.5851821899414,"[8, 16)","[97, inf)","[82, inf)",True
f1opt,0.0792115405201911,1211.png,118,Truck w/Flatbed,0.1886159181594848,bkg,-1,19.709154048202933,167,768.0,2879.32080078125,798.6368522644043,2892.0,79.83126831054688,"[16, 24)","[97, inf)","[59, 82)",True
f1opt,0.1298133283853531,1211.png,119,Truck w/Box,0.186782032251358,bkg,-1,23.44348968956429,167,2280.0480346679688,1561.0584888458252,2311.6795043945312,1578.4335021972656,68.27603912353516,"[16, 24)","[97, inf)","[59, 82)",True
f1opt,0.0758884698152542,1211.png,120,Cargo Truck,0.185084193944931,bkg,-1,18.69908643284842,167,1382.313232421875,903.5638122558594,1398.322021484375,925.405303955078,68.84654998779297,"[16, 24)","[97, inf)","[59, 82)",True
f1opt,0.0758884698152542,1211.png,121,Cargo Truck,0.1843760311603546,loc,165,21.368131673832853,167,1967.178771972656,1912.5029067993164,1998.326110839844,1927.162170410156,61.326171875,"[16, 24)","[97, inf)","[59, 82)",True
f1opt,0.0758884698152542,1211.png,122,Cargo Truck,0.1826473772525787,bkg,-1,18.881093838646056,167,2378.927673339844,1555.4975700378418,2396.202453613281,1576.1343421936035,59.688995361328125,"[16, 24)","[97, inf)","[59, 82)",True
f1opt,0.0758884698152542,1211.png,123,Cargo Truck,0.1802500635385513,TP,84,15.056998804031627,167,1758.451141357422,35.79424285888672,1770.7017517089844,54.30052185058594,51.376922607421875,"[8, 16)","[97, inf)","[45, 59)",False
f1opt,0.1298133283853531,1211.png,124,Truck w/Box,0.1801607459783554,bkg,-1,21.46792564100371,167,835.131591796875,2160.6954345703125,861.906494140625,2177.908264160156,74.27571868896484,"[16, 24)","[97, inf)","[59, 82)",True
f1opt,0.0758884698152542,1211.png,125,Cargo Truck,0.1787686794996261,bkg,-1,13.626603089634875,167,950.5532836914062,2124.3043823242188,962.3995971679688,2139.978820800781,77.625,"[8, 16)","[97, inf)","[59, 82)",True
f1opt,0.0758884698152542,1211.png,126,Cargo Truck,0.1776985079050064,bkg,-1,19.52356174974414,167,897.3610229492188,2218.494384765625,913.1947631835938,2242.567626953125,59.70823669433594,"[16, 24)","[97, inf)","[59, 82)",True
f1opt,0.1298133283853531,1211.png,127,Truck w/Box,0.1748688519001007,both,165,21.186284200457667,167,1967.4608917236328,1912.100486755371,1997.76611328125,1926.911750793457,60.90107345581055,"[16, 24)","[97, inf)","[59, 82)",True
f1opt,0.0758884698152542,1211.png,128,Cargo Truck,0.1746302992105484,bkg,-1,18.930499912718208,167,2660.06689453125,429.579833984375,2685.9493408203125,443.4256591796875,52.9487190246582,"[16, 24)","[97, inf)","[45, 59)",True
f1opt,0.0758884698152542,1211.png,129,Cargo Truck,0.174486443400383,bkg,-1,22.218924598168798,167,2236.2905883789062,2762.022216796875,2266.4705200195312,2778.380126953125,81.13472747802734,"[16, 24)","[97, inf)","[59, 82)",True
f1opt,0.0792115405201911,1211.png,130,Truck w/Flatbed,0.1744248420000076,bkg,-1,22.40488591158528,167,2365.889953613281,1137.3579711914062,2391.4037475585938,1157.0327758789062,62.55202865600586,"[16, 24)","[97, inf)","[59, 82)",True
f1opt,0.0758884698152542,1211.png,131,Cargo Truck,0.1725251376628875,bkg,-1,14.952764649269197,167,2159.21337890625,2720.9951171875,2171.788452148437,2738.775146484375,87.20243072509766,"[8, 16)","[97, inf)","[82, inf)",True
f1opt,0.1298133283853531,1211.png,132,Truck w/Box,0.1716764122247696,bkg,-1,19.55583137126291,167,2195.499938964844,2505.909912109375,2230.092834472656,2516.965087890625,54.09722137451172,"[16, 24)","[97, inf)","[45, 59)",True
f1opt,0.1298133283853531,1211.png,133,Truck w/Box,0.1711189448833465,cls,152,20.02298917056383,167,625.5700073242188,1960.2486572265625,649.5565795898438,1976.9630126953125,91.89176177978516,"[16, 24)","[97, inf)","[82, inf)",True
f1opt,0.0758884698152542,1211.png,134,Cargo Truck,0.1709939837455749,bkg,-1,14.045771493943557,167,1785.2610168457031,1998.0424194335935,1795.7799377441406,2016.7975463867188,92.22488403320312,"[8, 16)","[97, inf)","[82, inf)",True
f1opt,0.0758884698152542,1211.png,135,Cargo Truck,0.170861542224884,bkg,-1,28.05452055789798,167,867.808349609375,2852.047119140625,890.077880859375,2887.389404296875,67.10185241699219,"[24, 32)","[97, inf)","[59, 82)",True
f1opt,0.0758884698152542,1211.png,136,Cargo Truck,0.1703740954399109,bkg,-1,15.41550616310948,167,1549.2836284637451,1039.38720703125,1566.573133468628,1053.1318359375,74.0629653930664,"[8, 16)","[97, inf)","[59, 82)",True
f1opt,0.0758884698152542,1211.png,137,Cargo Truck,0.1689545512199401,bkg,-1,11.854197261914821,167,505.2452697753906,304.95166015625,518.9200439453125,315.2276611328125,88.57142639160156,"[8, 16)","[97, inf)","[82, inf)",True
f1opt,0.0758884698152542,1211.png,138,Cargo Truck,0.165373757481575,bkg,-1,16.58995324950391,167,1960.751892089844,167.3932647705078,1982.2727661132808,180.1820831298828,84.37577819824219,"[16, 24)","[97, inf)","[82, inf)",True
f1opt,0.1298133283853531,1211.png,139,Truck w/Box,0.163232997059822,bkg,-1,19.734740618240203,167,1711.0602569580078,783.1844396591187,1740.9723358154297,796.2045974731445,90.490478515625,"[16, 24)","[97, inf)","[82, inf)",True
f1opt,0.0758884698152542,1211.png,140,Cargo Truck,0.1616942584514618,bkg,-1,13.097151791795426,167,1932.5482788085935,405.3551635742188,1943.124084472656,421.5747680664063,64.51470947265625,"[8, 16)","[97, inf)","[59, 82)",True
f1opt,0.0758884698152542,1211.png,141,Cargo Truck,0.1593358516693115,bkg,-1,10.940793066196852,167,1149.1516723632812,2230.580444335937,1157.2687377929688,2245.3272705078125,101.1875,"[8, 16)","[97, inf)","[82, inf)",True
f1opt,0.0758884698152542,1211.png,142,Cargo Truck,0.1581284552812576,bkg,-1,22.786345632147235,167,2286.8567810058594,1552.69677734375,2318.3478088378906,1569.1845703125,68.2272720336914,"[16, 24)","[97, inf)","[59, 82)",True
f1opt,0.1298133283853531,1211.png,143,Truck w/Box,0.1569406688213348,TP,150,30.30745941116125,167,2187.60546875,2680.2840576171875,2240.826416015625,2697.5430908203125,63.76131820678711,"[24, 32)","[97, inf)","[59, 82)",False
f1opt,0.1298133283853531,1211.png,144,Truck w/Box,0.1565160304307937,cls,37,38.63080276646346,167,691.417724609375,2229.2559814453125,720.240234375,2281.0328369140625,66.9635238647461,"[32, 48)","[97, inf)","[59, 82)",True
f1opt,0.1298133283853531,1211.png,145,Truck w/Box,0.1553011536598205,cls,92,19.73092059348938,167,2380.48291015625,381.4178466796875,2402.4775390625,399.1180419921875,61.93363952636719,"[16, 24)","[97, inf)","[59, 82)",True
f1opt,0.0758884698152542,1211.png,146,Cargo Truck,0.1535674035549163,bkg,-1,17.559103241043093,167,1153.7141418457031,1274.388916015625,1174.5445861816406,1289.1904296875,81.84658813476562,"[16, 24)","[97, inf)","[82, inf)",True
f1opt,0.0562120340764522,1211.png,147,Truck Tractor,0.1513937264680862,cls,22,17.99301909099783,167,1639.89990234375,2301.9444580078125,1663.217041015625,2315.829040527344,65.99199676513672,"[16, 24)","[97, inf)","[59, 82)",True
f1opt,0.0758884698152542,1211.png,148,Cargo Truck,0.1499907076358795,bkg,-1,16.033357276319517,167,2711.9366455078125,2429.0006103515625,2736.8828125,2439.3055419921875,66.61538696289062,"[16, 24)","[97, inf)","[59, 82)",True
f1opt,0.0758884698152542,1211.png,149,Cargo Truck,0.1495785564184188,TP,71,15.6183962485379,167,2121.226318359375,630.5166015625,2135.499755859375,647.606689453125,102.44074249267578,"[8, 16)","[97, inf)","[82, inf)",False
f1opt,0.0758884698152542,1211.png,150,Cargo Truck,0.1488752216100692,bkg,-1,14.611229529964087,167,2097.47509765625,832.8127593994141,2111.6142578125,847.9118194580078,92.06666564941406,"[8, 16)","[97, inf)","[82, inf)",True
f1opt,0.0758884698152542,1211.png,151,Cargo Truck,0.1474708020687103,loc,142,20.34950285243961,167,904.7149047851562,1005.287841796875,927.3615112304688,1023.5732421875,48.19078826904297,"[16, 24)","[97, inf)","[45, 59)",True
f1opt,0.0758884698152542,1211.png,152,Cargo Truck,0.1473354399204254,bkg,-1,22.43409840260141,167,2297.088928222656,1539.338134765625,2325.6827392578125,1556.939453125,66.59004211425781,"[16, 24)","[97, inf)","[59, 82)",True
f1opt,0.0792115405201911,1211.png,153,Truck w/Flatbed,0.1456210315227508,cls,22,17.463401397003704,167,1639.9607543945312,2303.3842163085938,1663.3003540039062,2316.4508666992188,64.28571319580078,"[16, 24)","[97, inf)","[59, 82)",True
f1opt,0.0758884698152542,1211.png,154,Cargo Truck,0.1448905915021896,bkg,-1,21.961143674149262,167,834.9773101806641,2160.4031372070312,861.9378662109375,2178.291931152344,75.45488739013672,"[16, 24)","[97, inf)","[59, 82)",True
f1opt,0.0758884698152542,1211.png,155,Cargo Truck,0.1413896828889846,bkg,-1,20.439048296495734,167,1301.5084228515625,2048.17041015625,1315.5889892578125,2077.8392944335938,78.12666320800781,"[16, 24)","[97, inf)","[59, 82)",True
f1opt,0.0758884698152542,1211.png,156,Cargo Truck,0.1395572572946548,TP,69,11.136349721766733,167,2238.977783203125,734.277587890625,2248.30029296875,747.5806884765625,88.2337646484375,"[8, 16)","[97, inf)","[82, inf)",False
f1opt,0.0758884698152542,1211.png,157,Cargo Truck,0.1378218084573745,bkg,-1,12.340706969255306,167,2721.993469238281,2402.954467773437,2738.9236450195312,2411.9498291015625,121.11111450195312,"[8, 16)","[97, inf)","[82, inf)",True
f1opt,0.1298133283853531,1211.png,158,Truck w/Box,0.1365872323513031,bkg,-1,26.992417098530417,167,877.440185546875,2852.4136352539062,898.220458984375,2887.4752807617188,70.67045593261719,"[24, 32)","[97, inf)","[59, 82)",True
f1opt,0.0758884698152542,1211.png,159,Cargo Truck,0.1364281177520752,bkg,-1,12.428205978459427,167,1875.8550415039065,623.155029296875,1886.2748413085935,637.978759765625,83.33333587646484,"[8, 16)","[97, inf)","[82, inf)",True
f1opt,0.0758884698152542,1211.png,160,Cargo Truck,0.1363797485828399,bkg,-1,24.81776211566975,167,901.1934204101562,2850.4404296875,920.457275390625,2882.413330078125,123.5772705078125,"[24, 32)","[97, inf)","[82, inf)",True
f1opt,0.0792115405201911,1211.png,161,Truck w/Flatbed,0.134027674794197,cls,160,24.192856760490383,167,1808.3445434570312,1868.0,1858.6209106445312,1879.6415395736692,62.84150314331055,"[24, 32)","[97, inf)","[59, 82)",True
f1opt,0.0758884698152542,1211.png,162,Cargo Truck,0.1318464279174804,bkg,-1,11.74370209982068,167,2381.05712890625,1194.5213012695312,2393.311279296875,1205.7758178710938,94.05128479003906,"[8, 16)","[97, inf)","[82, inf)",True
f1opt,0.0792115405201911,1211.png,163,Truck w/Flatbed,0.129619151353836,bkg,-1,14.915595262115392,167,2159.3116455078125,2721.027404785156,2171.8770751953125,2738.732727050781,87.4957275390625,"[8, 16)","[97, inf)","[82, inf)",True
f1opt,0.0792115405201911,1211.png,164,Truck w/Flatbed,0.1287793070077896,cls,130,21.49675931584495,167,537.0724487304688,1537.945629119873,558.9963989257812,1559.0235214233398,77.23320007324219,"[16, 24)","[97, inf)","[59, 82)",True
f1opt,0.0758884698152542,1211.png,165,Cargo Truck,0.127730056643486,bkg,-1,23.21577488429402,167,1343.2574462890625,1018.9358520507812,1363.7308349609375,1045.2613525390625,108.88945770263672,"[16, 24)","[97, inf)","[82, inf)",True
f1opt,0.0758884698152542,1211.png,166,Cargo Truck,0.1277283579111099,bkg,-1,16.870989643066274,167,334.5821533203125,383.0032043457031,354.0048217773437,397.6577453613281,92.6031723022461,"[16, 24)","[97, inf)","[82, inf)",True
f1opt,0.0792115405201911,1211.png,167,Truck w/Flatbed,0.1251915991306305,cls,47,21.02344369622389,167,618.0247192382812,2800.065368652344,645.5521850585938,2816.1215209960938,51.11554718017578,"[16, 24)","[97, inf)","[45, 59)",True
f1opt,0.0758884698152542,1211.png,168,Cargo Truck,0.12484160810709,TP,35,39.928757299381886,167,639.87744140625,2236.70166015625,674.285888671875,2283.036376953125,65.18865966796875,"[32, 48)","[97, inf)","[59, 82)",False
f1opt,0.0758884698152542,1211.png,169,Cargo Truck,0.1242361962795257,bkg,-1,18.178985106936405,167,1970.743896484375,1033.6434326171875,1991.0985107421875,1049.8793334960938,59.735294342041016,"[16, 24)","[97, inf)","[59, 82)",True
f1opt,0.0758884698152542,1211.png,170,Cargo Truck,0.1236404404044151,bkg,-1,12.200576569854977,167,2384.57470703125,1213.3605346679688,2398.974609375,1223.6976928710938,90.98181915283203,"[8, 16)","[97, inf)","[82, inf)",True
f1opt,0.0758884698152542,1211.png,171,Cargo Truck,0.1171435937285423,bkg,-1,12.294690094354559,167,1402.1234130859375,1449.3968505859375,1414.8709716796875,1461.2547607421875,89.1124267578125,"[8, 16)","[97, inf)","[82, inf)",True
f1opt,0.0758884698152542,1211.png,172,Cargo Truck,0.1171358525753021,bkg,-1,12.632307707798468,167,2041.179107666016,1153.9495239257812,2051.9435119628906,1168.7738647460938,106.7897720336914,"[8, 16)","[97, inf)","[82, inf)",True
f1opt,0.0758884698152542,1211.png,173,Cargo Truck,0.1163365095853805,bkg,-1,17.391801025747927,167,886.5098266601562,2225.7450256347656,900.6441040039062,2247.1451110839844,87.17101287841797,"[16, 24)","[97, inf)","[82, inf)",True
f1opt,0.0758884698152542,1211.png,174,Cargo Truck,0.1163356229662895,bkg,-1,17.43920880151989,167,2217.643798828125,1307.53369140625,2239.51123046875,1321.44140625,80.78550720214844,"[16, 24)","[97, inf)","[59, 82)",True
f1opt,0.0758884698152542,1211.png,175,Cargo Truck,0.1147063672542572,bkg,-1,14.845230706140589,167,894.7856521606445,2155.2535095214844,905.8502807617188,2175.171112060547,110.3531723022461,"[8, 16)","[97, inf)","[82, inf)",True
f1opt,0.0758884698152542,1211.png,176,Cargo Truck,0.1121065691113472,loc,92,10.895288404167005,167,2374.2899169921875,379.1859436035156,2385.7589111328125,389.5362243652344,83.85606384277344,"[8, 16)","[97, inf)","[82, inf)",True
f1opt,0.0758884698152542,1211.png,177,Cargo Truck,0.1113055199384689,TP,55,22.10195535251314,167,826.9794845581055,2818.475341796875,853.0441665649414,2837.217041015625,84.12142944335938,"[16, 24)","[97, inf)","[82, inf)",False
f1opt,0.0758884698152542,1211.png,178,Cargo Truck,0.1102630943059921,bkg,-1,13.15257561629108,167,2718.175537109375,2414.1021118164062,2738.67333984375,2422.5415649414062,103.0740737915039,"[8, 16)","[97, inf)","[82, inf)",True
f1opt,0.0758884698152542,1211.png,179,Cargo Truck,0.1092411875724792,loc,157,22.450680308229465,167,768.1911296844482,1950.4504699707031,790.8024635314941,1972.7416381835935,61.25708770751953,"[16, 24)","[97, inf)","[59, 82)",True
f1opt,0.0758884698152542,1211.png,180,Cargo Truck,0.1087818518280983,bkg,-1,12.399287529995505,167,2252.9164428710938,730.6112060546875,2267.1827392578125,741.3878173828125,71.609375,"[8, 16)","[97, inf)","[59, 82)",True
f1opt,0.0758884698152542,1211.png,181,Cargo Truck,0.1070609986782074,bkg,-1,11.756365823698177,167,1315.1932373046875,1884.6308765411377,1331.2259521484375,1893.2515087127688,94.22352600097656,"[8, 16)","[97, inf)","[82, inf)",True
f1opt,0.0758884698152542,1211.png,182,Cargo Truck,0.1062720715999603,bkg,-1,12.322759243983295,167,121.23846435546876,549.6734619140625,131.5277862548828,564.4315185546875,90.55681610107422,"[8, 16)","[97, inf)","[82, inf)",True
f1opt,0.0758884698152542,1211.png,183,Cargo Truck,0.106131300330162,TP,61,16.56366157057313,167,1447.5966796875,1955.0291137695312,1467.8505859375,1968.5748901367188,77.76530456542969,"[16, 24)","[97, inf)","[59, 82)",False
f1opt,0.0758884698152542,1211.png,184,Cargo Truck,0.1058015823364257,TP,59,15.951816091820668,167,1298.776611328125,1962.3146362304688,1323.47509765625,1972.6173095703125,79.55244445800781,"[8, 16)","[97, inf)","[59, 82)",False
f1opt,0.0758884698152542,1211.png,185,Cargo Truck,0.1053921207785606,TP,75,14.150158377894325,167,2146.691131591797,89.57371520996094,2164.6778869628906,100.70562744140624,52.71052551269531,"[8, 16)","[97, inf)","[45, 59)",False
f1opt,0.0792115405201911,1211.png,186,Truck w/Flatbed,0.1051223054528236,cls,76,17.833218747863587,167,2126.619506835937,94.15542602539062,2150.4786376953125,107.48464965820312,51.728572845458984,"[16, 24)","[97, inf)","[45, 59)",True
f1opt,0.0562120340764522,1211.png,187,Truck Tractor,0.1023686602711677,cls,47,20.75605930337227,167,619.17626953125,2800.1202392578125,645.794677734375,2816.305053710937,51.568626403808594,"[16, 24)","[97, inf)","[45, 59)",True
f1opt,0.0792115405201911,1211.png,188,Truck w/Flatbed,0.1021384969353675,bkg,-1,21.454133312204107,167,1149.6287231445312,1875.3591003417969,1164.9270629882812,1905.4460144042969,48.04435348510742,"[16, 24)","[97, inf)","[45, 59)",True
f1opt,0.0758884698152542,1211.png,189,Cargo Truck,0.1007821708917617,bkg,-1,22.67374878020956,167,919.380615234375,2202.5848693847656,937.172119140625,2231.4806213378906,67.83509063720703,"[16, 24)","[97, inf)","[59, 82)",True
f1opt,0.0758884698152542,1211.png,190,Cargo Truck,0.1005167216062545,bkg,-1,10.571407396742242,167,1765.6348724365234,1995.072021484375,1775.2312469482422,2006.717529296875,107.99242401123047,"[8, 16)","[97, inf)","[82, inf)",True
f1opt,0.0758884698152542,1211.png,191,Cargo Truck,0.1002607941627502,bkg,-1,12.417857760292895,167,1318.4805908203125,1913.2077026367188,1337.4647216796875,1921.3304443359373,94.5,"[8, 16)","[97, inf)","[82, inf)",True
f1opt,0.0758884698152542,1211.png,192,Cargo Truck,0.1001504808664321,bkg,-1,12.203834401417831,167,1064.760223388672,2087.9907836914062,1084.3072814941406,2095.6100158691406,71.77777862548828,"[8, 16)","[97, inf)","[59, 82)",True
f1opt,0.0758884698152542,1211.png,193,Cargo Truck,0.0980531349778175,TP,40,17.567876376371505,167,642.7471923828125,2180.2068481445312,661.9088134765625,2196.313537597656,88.1617660522461,"[16, 24)","[97, inf)","[82, inf)",False
f1opt,0.0758884698152542,1211.png,194,Cargo Truck,0.0962247252464294,bkg,-1,20.441690085263716,167,768.0325927734375,1940.2508392333984,791.8346061706543,1957.8066101074216,93.24536895751953,"[16, 24)","[97, inf)","[82, inf)",True
f1opt,0.0758884698152542,1211.png,195,Cargo Truck,0.0961521863937377,loc,26,9.568878020803515,167,1536.2507939338684,2121.887939453125,1541.687708377838,2138.72900390625,81.20370483398438,"[8, 16)","[97, inf)","[59, 82)",True
f1opt,0.0758884698152542,1211.png,196,Cargo Truck,0.0950673893094062,bkg,-1,8.935910533738125,167,1879.4734497070312,684.612548828125,1886.317443847656,696.27978515625,93.91345977783203,"[8, 16)","[97, inf)","[82, inf)",True
f1opt,0.0758884698152542,1211.png,197,Cargo Truck,0.0944953635334968,loc,91,10.107750672230518,167,2359.1671142578125,388.9786376953125,2368.682006835937,399.7161865234375,52.525001525878906,"[8, 16)","[97, inf)","[45, 59)",True
f1opt,0.0758884698152542,1211.png,198,Cargo Truck,0.093915469944477,TP,128,13.586324246036579,167,1243.0101623535156,1132.3800354003906,1254.8826599121094,1147.9275817871094,105.125,"[8, 16)","[97, inf)","[82, inf)",False
f1opt,0.0758884698152542,1211.png,199,Cargo Truck,0.0937727391719818,bkg,-1,14.861971785920728,167,1052.647979736328,1868.0,1073.3751525878906,1878.6564559936523,111.57437896728516,"[8, 16)","[97, inf)","[82, inf)",True
f1opt,0.0758884698152542,1211.png,200,Cargo Truck,0.0934973135590553,bkg,-1,23.69747365852403,167,2364.69384765625,1536.663703918457,2387.2947998046875,1561.510898590088,41.50640869140625,"[16, 24)","[97, inf)","[-inf, 45)",True
f1opt,0.0758884698152542,1211.png,201,Cargo Truck,0.0934178084135055,bkg,-1,12.550275548440425,167,2259.3115234375,747.6513671875,2269.9774169921875,762.4189453125,52.568180084228516,"[8, 16)","[97, inf)","[45, 59)",True
f1opt,0.0758884698152542,1211.png,202,Cargo Truck,0.0934037193655967,bkg,-1,11.61995075599389,167,2108.3587341308594,1448.31103515625,2125.802520751953,1456.051513671875,92.0,"[8, 16)","[97, inf)","[82, inf)",True
f1opt,0.0758884698152542,1211.png,203,Cargo Truck,0.0924058556556701,bkg,-1,14.026553471929809,167,2552.7257080078125,349.820068359375,2560.0,376.8665771484375,58.45089340209961,"[8, 16)","[97, inf)","[45, 59)",True
f1opt,0.0758884698152542,1211.png,204,Cargo Truck,0.0916780158877372,bkg,-1,8.828701347129655,167,1045.1604919433594,2062.105407714844,1058.3316955566406,2068.0233154296875,111.90816497802734,"[8, 16)","[97, inf)","[82, inf)",True
f1opt,0.0758884698152542,1211.png,205,Cargo Truck,0.0912385284900665,bkg,-1,18.14662591609894,167,588.325927734375,1904.211975097656,608.525146484375,1920.514587402344,106.3249282836914,"[16, 24)","[97, inf)","[82, inf)",True
f1opt,0.0758884698152542,1211.png,206,Cargo Truck,0.0909025520086288,bkg,-1,14.003553246128316,167,1322.047607421875,2680.001220703125,1335.003662109375,2695.136962890625,84.53571319580078,"[8, 16)","[97, inf)","[82, inf)",True
f1opt,0.0758884698152542,1211.png,207,Cargo Truck,0.090627521276474,bkg,-1,10.009378506501557,167,882.0408935546875,2245.246490478516,890.2999267578125,2257.377166748047,91.30769348144531,"[8, 16)","[97, inf)","[82, inf)",True
f1opt,0.0758884698152542,1211.png,208,Cargo Truck,0.0893666297197341,bkg,-1,11.053841300362059,167,893.4903564453125,2211.07568359375,903.9942626953124,2222.708251953125,91.6515121459961,"[8, 16)","[97, inf)","[82, inf)",True
f1opt,0.0758884698152542,1211.png,209,Cargo Truck,0.0884213373064994,cls,68,23.910787226629683,167,1117.8529052734375,2465.849365234375,1138.1400756835938,2494.031005859375,95.34091186523438,"[16, 24)","[97, inf)","[82, inf)",True
f1opt,0.0758884698152542,1211.png,210,Cargo Truck,0.0872111245989799,TP,77,17.81116020346371,167,2681.890014648437,251.587890625,2705.099365234375,265.25640869140625,91.40533447265625,"[16, 24)","[97, inf)","[82, inf)",False
f1opt,0.0758884698152542,1211.png,211,Cargo Truck,0.0862343087792396,bkg,-1,12.091345495224674,167,1765.645248413086,944.4843139648438,1779.4914093017578,955.0432434082032,72.08333587646484,"[8, 16)","[97, inf)","[59, 82)",True
f1opt,0.0758884698152542,1211.png,212,Cargo Truck,0.0857330113649368,bkg,-1,17.82451028039947,167,2244.379852294922,1324.280029296875,2265.967071533203,1338.9976806640625,87.52120971679688,"[16, 24)","[97, inf)","[82, inf)",True
f1opt,0.0758884698152542,1211.png,213,Cargo Truck,0.0854538828134536,bkg,-1,20.74415285530157,167,1392.5499267578125,2357.0126953125,1407.4041748046875,2385.982177734375,112.4612045288086,"[16, 24)","[97, inf)","[82, inf)",True
f1opt,0.0562120340764522,1211.png,214,Truck Tractor,0.0851114392280578,TP,28,14.309261375179394,167,1105.1711730957031,2051.232421875,1122.4481506347656,2063.083740234375,76.57691955566406,"[8, 16)","[97, inf)","[59, 82)",False
f1opt,0.0758884698152542,1211.png,215,Cargo Truck,0.0843472406268119,bkg,-1,10.562275674655563,167,879.0611572265625,2216.8805541992188,888.8226318359375,2228.309326171875,97.37692260742188,"[8, 16)","[97, inf)","[82, inf)",True
f1opt,0.0758884698152542,1211.png,216,Cargo Truck,0.0837996900081634,bkg,-1,10.521485510132614,167,1772.7306365966797,1995.345703125,1781.369613647461,2008.159912109375,85.65714263916016,"[8, 16)","[97, inf)","[82, inf)",True
f1opt,0.0758884698152542,1211.png,217,Cargo Truck,0.0834036916494369,bkg,-1,12.757147163706918,167,2882.2589111328125,758.822998046875,2893.0,773.974609375,55.59090805053711,"[8, 16)","[97, inf)","[45, 59)",True
f1opt,0.0758884698152542,1211.png,218,Cargo Truck,0.0828175172209739,bkg,-1,16.065881539236734,167,850.8602981567383,2133.3692626953125,864.3029251098633,2152.5703125,105.27666473388672,"[16, 24)","[97, inf)","[82, inf)",True
f1opt,0.0792115405201911,1211.png,219,Truck w/Flatbed,0.0813288763165474,bkg,-1,18.121493990088645,167,1270.3111572265625,1188.9376831054688,1291.4677734375,1204.45947265625,59.887699127197266,"[16, 24)","[97, inf)","[59, 82)",True
f1opt,0.0758884698152542,1211.png,220,Cargo Truck,0.0798839107155799,bkg,-1,13.885444860067265,167,1248.4254760742188,1535.1063232421875,1259.9390258789062,1551.852294921875,75.21078491210938,"[8, 16)","[97, inf)","[59, 82)",True
f1opt,0.0792115405201911,1211.png,221,Truck w/Flatbed,0.0798740237951278,cls,21,36.93215968546832,167,2156.2828369140625,2160.170440673828,2219.8143310546875,2181.639862060547,61.64559555053711,"[32, 48)","[97, inf)","[59, 82)",True
f1opt,0.0758884698152542,1211.png,222,Cargo Truck,0.0793298408389091,TP,76,17.550860928851915,167,2126.626953125,94.64949798583984,2149.70556640625,107.9966049194336,51.431549072265625,"[16, 24)","[97, inf)","[45, 59)",False
f1opt,0.0562120340764522,1211.png,223,Truck Tractor,0.0793295204639434,bkg,-1,13.644183355931506,167,1261.9508056640625,1905.241943359375,1272.7470703125,1922.485290527344,76.02314758300781,"[8, 16)","[97, inf)","[59, 82)",True
f1opt,0.0562120340764522,1211.png,224,Truck Tractor,0.0776325762271881,bkg,-1,18.891258361648973,167,1224.8401489257812,2101.058349609375,1238.2914428710938,2127.589599609375,58.101234436035156,"[16, 24)","[97, inf)","[45, 59)",True
f1opt,0.0758884698152542,1211.png,225,Cargo Truck,0.0770522058010101,bkg,-1,11.568878761812682,167,887.8929443359375,1537.0007934570312,898.64697265625,1549.446265220642,86.71154022216797,"[8, 16)","[97, inf)","[82, inf)",True
f1opt,0.0758884698152542,1211.png,226,Cargo Truck,0.0766703635454177,bkg,-1,7.295351064330476,167,1734.9573974609375,652.962890625,1741.87939453125,660.6517333984375,56.20833206176758,"[0, 8)","[97, inf)","[45, 59)",True
f1opt,0.0562120340764522,1211.png,227,Truck Tractor,0.0763224586844444,cls,44,25.3885288326936,167,660.44677734375,2215.101104736328,684.897216796875,2241.4637145996094,69.94222259521484,"[24, 32)","[97, inf)","[59, 82)",True
f1opt,0.0562120340764522,1211.png,228,Truck Tractor,0.0616815201938152,bkg,-1,19.473738026689826,167,768.4072513580322,2879.477783203125,798.6915435791016,2892.0,79.83126831054688,"[16, 24)","[97, inf)","[59, 82)",True
f1opt,0.0562120340764522,1211.png,229,Truck Tractor,0.0609475076198577,bkg,-1,22.212119748279896,167,1148.872802734375,1873.4634399414065,1164.820068359375,1904.4015502929688,48.91911697387695,"[16, 24)","[97, inf)","[45, 59)",True
f1opt,0.0792115405201911,1362.png,0,Truck w/Flatbed,0.7710174918174744,cls,10,29.10511235853565,16,1745.598663330078,2680.916748046875,1785.564483642578,2702.112548828125,54.320255279541016,"[24, 32)","[-inf, 31)","[45, 59)",True
f1opt,0.1298133283853531,1362.png,1,Truck w/Box,0.74043869972229,cls,5,39.599845335759504,16,1403.95703125,2384.92626953125,1458.4605712890625,2413.69775390625,91.57083129882812,"[32, 48)","[-inf, 31)","[82, inf)",True
f1opt,0.1298133283853531,1362.png,2,Truck w/Box,0.7312700152397156,cls,8,28.36355988781068,16,931.60986328125,1052.5861206054688,974.3150634765624,1071.4243774414062,95.6500015258789,"[24, 32)","[-inf, 31)","[82, inf)",True
f1opt,0.1298133283853531,1362.png,3,Truck w/Box,0.6237614750862122,bkg,-1,31.156910332594816,16,2118.111328125,2781.933349609375,2153.26708984375,2809.546264648437,126.43678283691406,"[24, 32)","[-inf, 31)","[82, inf)",True
f1opt,0.0758884698152542,1362.png,4,Cargo Truck,0.6094278693199158,bkg,-1,27.2187343722188,16,1232.8009643554688,1209.9683227539062,1261.5831909179688,1235.70849609375,116.86419677734375,"[24, 32)","[-inf, 31)","[82, inf)",True
f1opt,0.1298133283853531,1362.png,5,Truck w/Box,0.6091189384460449,bkg,-1,28.531533748818116,16,939.26904296875,1069.388916015625,984.7000732421876,1087.3072509765625,92.0434799194336,"[24, 32)","[-inf, 31)","[82, inf)",True
f1opt,0.0758884698152542,1362.png,6,Cargo Truck,0.5439777374267578,bkg,-1,16.087558493839225,16,1617.8965759277344,1247.9591064453125,1644.6587677001953,1257.6298217773438,119.93181610107422,"[16, 24)","[-inf, 31)","[82, inf)",True
f1opt,0.0758884698152542,1362.png,7,Cargo Truck,0.5080499649047852,TP,12,16.621680806749165,16,2928.09130859375,643.1339111328125,2942.236328125,662.6658935546875,70.55000305175781,"[16, 24)","[-inf, 31)","[59, 82)",False
f1opt,0.1298133283853531,1362.png,8,Truck w/Box,0.4580518305301666,cls,14,27.903765425230546,16,930.9840240478516,1041.509246826172,974.2879791259766,1059.4895935058594,97.80935668945312,"[24, 32)","[-inf, 31)","[82, inf)",True
f1opt,0.1298133283853531,1362.png,9,Truck w/Box,0.387719988822937,bkg,-1,28.106598710732413,16,2762.76579284668,1367.635009765625,2784.8762969970703,1403.36376953125,115.90129089355469,"[24, 32)","[-inf, 31)","[82, inf)",True
f1opt,0.1298133283853531,1362.png,10,Truck w/Box,0.3678739666938782,cls,13,25.372323290227104,16,941.638153076172,1083.8296508789062,978.833953857422,1101.1368408203125,74.09972381591797,"[24, 32)","[-inf, 31)","[59, 82)",True
f1opt,0.0758884698152542,1362.png,11,Cargo Truck,0.3603749573230743,TP,7,16.336900014082772,16,2782.0164794921875,1003.5794677734376,2795.7042236328125,1023.0782470703124,61.5272102355957,"[16, 24)","[-inf, 31)","[59, 82)",False
f1opt,0.0758884698152542,1362.png,12,Cargo Truck,0.3501845896244049,bkg,-1,17.54720874377269,16,2138.6171875,2828.8701171875,2156.79736328125,2845.806396484375,115.7631607055664,"[16, 24)","[-inf, 31)","[82, inf)",True
f1opt,0.1298133283853531,1362.png,13,Truck w/Box,0.2961248159408569,cls,1,49.054386099715536,16,1287.6319580078125,2257.8006591796875,1341.5093994140625,2302.4637451171875,92.07431030273438,"[48, 96)","[-inf, 31)","[82, inf)",True
f1opt,0.1298133283853531,1362.png,14,Truck w/Box,0.2704828381538391,cls,15,27.95336334079995,16,1409.8798828125,2467.5476684570312,1427.65478515625,2511.5079956054688,108.37193298339844,"[24, 32)","[-inf, 31)","[82, inf)",True
f1opt,0.1298133283853531,1362.png,15,Truck w/Box,0.2688724398612976,bkg,-1,28.727517352096438,16,2322.7462310791016,1228.1286315917969,2344.9810333251958,1265.2447814941406,93.92448425292969,"[24, 32)","[-inf, 31)","[82, inf)",True
f1opt,0.0758884698152542,1362.png,16,Cargo Truck,0.2247941195964813,bkg,-1,10.559052917793137,16,1587.64453125,1186.4764404296875,1604.39013671875,1193.134521484375,112.79166412353516,"[8, 16)","[-inf, 31)","[82, inf)",True
f1opt,0.0758884698152542,1362.png,17,Cargo Truck,0.1567726582288742,bkg,-1,14.397550471217052,16,1541.2991333007812,1190.8466796875,1560.9935913085938,1201.3719482421875,116.06666564941406,"[8, 16)","[-inf, 31)","[82, inf)",True
f1opt,0.0758884698152542,1362.png,18,Cargo Truck,0.1502968072891235,bkg,-1,16.12812270194224,16,611.91552734375,2996.1552734375,634.229736328125,3007.812255859375,43.14930725097656,"[16, 24)","[-inf, 31)","[-inf, 45)",True
f1opt,0.0792115405201911,1362.png,19,Truck w/Flatbed,0.1494441330432891,both,9,44.49337208420988,16,330.35498046875,772.5974807739258,390.38427734375,805.5757141113281,99.89392852783203,"[32, 48)","[-inf, 31)","[82, inf)",True
f1opt,0.0758884698152542,1362.png,20,Cargo Truck,0.1491489559412002,bkg,-1,22.38983646915679,16,1664.1688232421875,669.7338256835938,1690.0245361328125,689.1223754882812,102.05996704101562,"[16, 24)","[-inf, 31)","[82, inf)",True
f1opt,0.0792115405201911,1362.png,21,Truck w/Flatbed,0.1223133280873298,bkg,-1,26.58145556845185,16,2334.4689559936523,2229.651580810547,2362.516143798828,2254.8439025878906,64.89257049560547,"[24, 32)","[-inf, 31)","[59, 82)",True
f1opt,0.0758884698152542,1362.png,22,Cargo Truck,0.1188661977648735,bkg,-1,14.247294082782616,16,1547.7805786132812,1198.402099609375,1567.7858276367188,1208.5487060546875,120.03462982177734,"[8, 16)","[-inf, 31)","[82, inf)",True
f1opt,0.0758884698152542,1362.png,23,Cargo Truck,0.103750929236412,bkg,-1,23.83577230340607,16,1699.7904052734375,149.0701904296875,1729.4046630859375,168.2550048828125,144.66773986816406,"[16, 24)","[-inf, 31)","[82, inf)",True
f1opt,0.0758884698152542,1362.png,24,Cargo Truck,0.0958562940359115,bkg,-1,15.90596615944646,16,2130.9832763671875,2529.622802734375,2145.3228759765625,2547.2662353515625,82.55921173095703,"[8, 16)","[-inf, 31)","[82, inf)",True
f1opt,0.0758884698152542,1362.png,25,Cargo Truck,0.0866023749113082,bkg,-1,17.141212263800856,16,2084.4074096679688,2796.773681640625,2103.7505493164062,2811.963623046875,93.47187805175781,"[16, 24)","[-inf, 31)","[82, inf)",True
f1opt,0.0758884698152542,1362.png,26,Cargo Truck,0.0787673369050026,bkg,-1,17.58296638151246,16,1976.6128540039065,1010.4096069335938,2000.5226440429688,1023.3399047851562,103.54285430908203,"[16, 24)","[-inf, 31)","[82, inf)",True
f1opt,0.0562120340764522,1362.png,27,Truck Tractor,0.0748089104890823,bkg,-1,16.230749889376234,16,2149.6558837890625,2657.4658203125,2169.213256835937,2670.935791015625,76.38775634765625,"[16, 24)","[-inf, 31)","[59, 82)",True
f1opt,0.0562120340764522,1362.png,28,Truck Tractor,0.0728965327143669,bkg,-1,13.88576118612274,16,2156.4557495117188,2652.7928466796875,2173.0953979492188,2664.3804931640625,81.32478332519531,"[8, 16)","[-inf, 31)","[59, 82)",True
f1opt,0.0792115405201911,1399.png,0,Truck w/Flatbed,0.8204213976860046,cls,14,45.16572598998534,28,2432.783432006836,884.3316650390625,2488.1268157958984,921.19140625,26.50554084777832,"[32, 48)","[-inf, 31)","[-inf, 45)",True
f1opt,0.1298133283853531,1399.png,1,Truck w/Box,0.7728064060211182,TP,20,42.17895514825193,28,2860.6842651367188,1383.9758911132812,2913.6118774414062,1417.5890502929688,26.39312171936035,"[32, 48)","[-inf, 31)","[-inf, 45)",False
f1opt,0.0792115405201911,1399.png,2,Truck w/Flatbed,0.6988049745559692,cls,15,48.00589340508604,28,2124.118408203125,767.4525146484375,2173.421142578125,814.1956787109375,32.20249938964844,"[48, 96)","[-inf, 31)","[-inf, 45)",True
f1opt,0.0758884698152542,1399.png,3,Cargo Truck,0.4905611872673034,bkg,-1,42.474858986185176,28,1733.962158203125,838.5355606079102,1783.809326171875,874.7284622192383,27.423423767089844,"[32, 48)","[-inf, 31)","[-inf, 45)",True
f1opt,0.1298133283853531,1399.png,4,Truck w/Box,0.450447678565979,cls,24,42.97203570079875,28,2696.885284423828,2492.6876220703125,2734.825164794922,2541.3592529296875,33.44717788696289,"[32, 48)","[-inf, 31)","[-inf, 45)",True
f1opt,0.1725006252527237,1399.png,5,Truck w/Liquid,0.4386607110500335,TP,24,43.48123667200502,28,2696.0866088867188,2492.9440307617188,2734.584045410156,2542.0542602539062,33.4876823425293,"[32, 48)","[-inf, 31)","[-inf, 45)",False
f1opt,0.0758884698152542,1399.png,6,Cargo Truck,0.3752473592758178,bkg,-1,23.32227401726828,28,2249.9566650390625,806.4014282226562,2267.662475585937,837.1217651367188,25.432565689086914,"[16, 24)","[-inf, 31)","[-inf, 45)",True
f1opt,0.1298133283853531,1399.png,7,Truck w/Box,0.3529220819473266,TP,25,36.27234923837455,28,3224.1586303710938,1244.830322265625,3273.0978393554688,1271.71435546875,33.604286193847656,"[32, 48)","[-inf, 31)","[-inf, 45)",False
f1opt,0.1298133283853531,1399.png,8,Truck w/Box,0.3379740417003631,bkg,-1,43.291590155728784,28,1516.2301025390625,3028.1639404296875,1577.1392822265625,3058.9337158203125,17.64151954650879,"[32, 48)","[-inf, 31)","[-inf, 45)",True
f1opt,0.1298133283853531,1399.png,9,Truck w/Box,0.3200713992118835,TP,12,41.5202564890722,28,2703.622314453125,1015.8907165527344,2759.190673828125,1046.9143371582031,32.733551025390625,"[32, 48)","[-inf, 31)","[-inf, 45)",False
f1opt,0.1298133283853531,1399.png,10,Truck w/Box,0.26843923330307,bkg,-1,45.53298941996428,28,2955.992431640625,2262.717163085937,2997.27978515625,2312.932373046875,19.476972579956055,"[32, 48)","[-inf, 31)","[-inf, 45)",True
f1opt,0.1298133283853531,1399.png,11,Truck w/Box,0.2264884412288665,bkg,-1,41.31248984069815,28,1734.108642578125,840.19189453125,1783.250732421875,874.9222412109375,27.48457145690918,"[32, 48)","[-inf, 31)","[-inf, 45)",True
f1opt,0.1298133283853531,1399.png,12,Truck w/Box,0.1941583901643753,cls,22,33.00392346466912,28,2536.921142578125,2065.797241210937,2560.0,2112.994506835937,39.90017318725586,"[32, 48)","[-inf, 31)","[-inf, 45)",True
f1opt,0.1298133283853531,1399.png,13,Truck w/Box,0.174609899520874,bkg,-1,47.00468977398203,28,3048.2960205078125,2894.266845703125,3088.2125244140625,2949.618408203125,27.373693466186523,"[32, 48)","[-inf, 31)","[-inf, 45)",True
f1opt,0.0758884698152542,1399.png,14,Cargo Truck,0.1482136845588684,cls,25,37.35417260483555,28,3223.4796142578125,1243.947265625,3273.451538085937,1271.86962890625,33.539554595947266,"[32, 48)","[-inf, 31)","[-inf, 45)",True
f1opt,0.0758884698152542,1399.png,15,Cargo Truck,0.143859714269638,both,5,16.073821118020533,28,1844.386657714844,1536.701156616211,1862.4728393554688,1550.9865226745603,32.961402893066406,"[16, 24)","[-inf, 31)","[-inf, 45)",True
f1opt,0.0758884698152542,1399.png,16,Cargo Truck,0.1031344234943389,both,27,27.837564398524496,28,2657.210876464844,1579.4484558105469,2681.3189086914062,1611.592514038086,24.619394302368164,"[24, 32)","[-inf, 31)","[-inf, 45)",True
f1opt,0.0792115405201911,1399.png,17,Truck w/Flatbed,0.0870413780212402,TP,16,31.672653547653365,28,2772.714111328125,1412.6824951171875,2794.165405273437,1459.4468994140625,27.13768196105957,"[24, 32)","[-inf, 31)","[-inf, 45)",False
f1opt,0.0792115405201911,1399.png,18,Truck w/Flatbed,0.0845659598708152,bkg,-1,43.57517077187378,28,1733.1487731933594,839.0957489013672,1785.524444580078,875.3491363525391,27.54360008239746,"[32, 48)","[-inf, 31)","[-inf, 45)",True
f1opt,0.0792115405201911,1399.png,19,Truck w/Flatbed,0.0816987305879592,cls,26,44.841714086405645,28,3254.0504150390625,2788.883544921875,3293.069702148437,2840.41650390625,20.804244995117188,"[32, 48)","[-inf, 31)","[-inf, 45)",True
f1opt,0.0792115405201911,1447.png,0,Truck w/Flatbed,0.7940545082092285,TP,11,37.68528316432225,43,723.482666015625,503.984375,772.28125,533.0872802734375,38.39225769042969,"[32, 48)","[31, 76)","[-inf, 45)",False
f1opt,0.0758884698152542,1447.png,1,Cargo Truck,0.6313635110855103,bkg,-1,16.203705269622972,43,190.69017028808597,2418.0362548828125,216.4752960205078,2428.2188720703125,56.531986236572266,"[16, 24)","[31, 76)","[45, 59)",True
f1opt,0.1298133283853531,1447.png,2,Truck w/Box,0.5473204255104065,bkg,-1,28.15117095467059,43,624.572509765625,1108.1087036132812,641.386474609375,1155.241455078125,35.91319274902344,"[24, 32)","[31, 76)","[-inf, 45)",True
f1opt,0.0792115405201911,1447.png,3,Truck w/Flatbed,0.3192859590053558,bkg,-1,28.47490429648643,43,624.200927734375,1108.4226684570312,640.918701171875,1156.9231567382812,35.93997573852539,"[24, 32)","[31, 76)","[-inf, 45)",True
f1opt,0.0792115405201911,1447.png,4,Truck w/Flatbed,0.2697302401065826,bkg,-1,28.859351597018993,43,603.940673828125,1143.9098510742188,623.17138671875,1187.2188110351562,32.700531005859375,"[24, 32)","[31, 76)","[-inf, 45)",True
f1opt,0.1298133283853531,1447.png,5,Truck w/Box,0.2557429671287536,cls,7,26.796020040413765,43,637.8043212890625,1101.9832763671875,651.1998291015625,1155.5853271484375,32.880001068115234,"[24, 32)","[31, 76)","[-inf, 45)",True
f1opt,0.1298133283853531,1447.png,6,Truck w/Box,0.2319273501634597,bkg,-1,24.90928777067874,43,147.0506591796875,114.9911651611328,165.33837890625,148.91954040527344,33.657142639160156,"[24, 32)","[31, 76)","[-inf, 45)",True
f1opt,0.0792115405201911,1447.png,7,Truck w/Flatbed,0.2068123817443847,TP,33,35.58818173162524,43,684.8974609375,515.8385009765625,740.479736328125,538.6248779296875,38.25365447998047,"[32, 48)","[31, 76)","[-inf, 45)",False
f1opt,0.0758884698152542,1447.png,8,Cargo Truck,0.1918169409036636,both,24,19.465071990887196,43,957.7427978515624,205.9932098388672,974.3956298828124,228.7454376220703,46.26388931274414,"[16, 24)","[31, 76)","[45, 59)",True
f1opt,0.1298133283853531,1447.png,9,Truck w/Box,0.1492057740688324,cls,11,39.66946955085799,43,722.052490234375,503.3856201171875,772.9554443359375,534.3006591796875,38.47303771972656,"[32, 48)","[31, 76)","[-inf, 45)",True
f1opt,0.0758884698152542,1447.png,10,Cargo Truck,0.1204301342368125,cls,0,22.873111545571504,43,170.97897338867188,31.12705421447754,187.15267944335935,63.474571228027344,30.927608489990234,"[16, 24)","[31, 76)","[-inf, 45)",True
f1opt,0.0562120340764522,1447.png,11,Truck Tractor,0.0970528274774551,cls,33,34.824881706837886,43,686.096923828125,515.8699951171875,738.37060546875,539.0704345703125,37.922264099121094,"[32, 48)","[31, 76)","[-inf, 45)",True
f1opt,0.0792115405201911,1447.png,12,Truck w/Flatbed,0.0932684615254402,TP,0,22.739795418538584,43,171.17813110351562,30.620990753173828,186.9288024902344,63.45122909545898,31.11948585510254,"[16, 24)","[31, 76)","[-inf, 45)",False
f1opt,0.0792115405201911,1447.png,13,Truck w/Flatbed,0.0900492593646049,bkg,-1,21.758347167426212,43,856.0103759765625,592.9814453125,868.9376220703125,629.603759765625,38.52024459838867,"[16, 24)","[31, 76)","[-inf, 45)",True
f1opt,0.0792115405201911,1447.png,14,Truck w/Flatbed,0.0792115405201911,TP,21,23.08759709184456,43,988.1009216308594,82.641357421875,1003.899871826172,116.380126953125,36.25178527832031,"[16, 24)","[31, 76)","[-inf, 45)",False
f1opt,0.0758884698152542,1456.png,0,Cargo Truck,0.4902158081531524,cls,6,15.210608375448693,8,705.8367919921875,2737.3917846679688,718.4888916015625,2755.6782836914062,78.14661407470703,"[8, 16)","[-inf, 31)","[59, 82)",True
f1opt,0.0758884698152542,1456.png,1,Cargo Truck,0.3028382658958435,cls,1,15.09841349036396,8,729.424560546875,2640.090148925781,740.3409423828125,2660.972717285156,79.31745910644531,"[8, 16)","[-inf, 31)","[59, 82)",True
f1opt,0.0758884698152542,1456.png,2,Cargo Truck,0.2844533026218414,cls,4,13.036216222336147,8,715.21630859375,2702.8571166992188,725.8101806640625,2718.898742675781,76.8288803100586,"[8, 16)","[-inf, 31)","[59, 82)",True
f1opt,0.0758884698152542,1456.png,3,Cargo Truck,0.2624353468418121,cls,3,12.997838500865445,8,719.0942993164062,2685.3485107421875,729.2700805664062,2701.9510498046875,78.90908813476562,"[8, 16)","[-inf, 31)","[59, 82)",True
f1opt,0.1298133283853531,1456.png,4,Truck w/Box,0.2243097275495529,cls,2,17.43338993815805,8,723.1134033203125,2660.8834228515625,735.9600830078125,2684.5411376953125,78.31999969482422,"[16, 24)","[-inf, 31)","[59, 82)",True
f1opt,0.0758884698152542,1456.png,5,Cargo Truck,0.219004213809967,cls,5,13.674674403648702,8,710.0862426757812,2719.7442626953125,720.8348999023438,2737.1414794921875,82.93301391601562,"[8, 16)","[-inf, 31)","[82, inf)",True
f1opt,0.0758884698152542,1456.png,6,Cargo Truck,0.212490513920784,cls,7,14.211366610263779,8,701.057373046875,2756.57666015625,711.943115234375,2775.129638671875,78.02727508544922,"[8, 16)","[-inf, 31)","[59, 82)",True
f1opt,0.0792115405201911,1456.png,7,Truck w/Flatbed,0.1993411034345626,bkg,-1,19.458485781256776,8,2621.7755126953125,25.668621063232425,2642.5848388671875,43.863956451416016,44.93062210083008,"[16, 24)","[-inf, 31)","[-inf, 45)",True
f1opt,0.0758884698152542,1456.png,8,Cargo Truck,0.1773858964443206,bkg,-1,26.921218053736553,8,480.4144287109375,2744.665405273437,524.2596435546875,2761.1951904296875,48.24814987182617,"[24, 32)","[-inf, 31)","[45, 59)",True
f1opt,0.0562120340764522,1456.png,9,Truck Tractor,0.05740886926651,bkg,-1,27.237202791358,8,480.9229736328125,2744.3277587890625,524.3668212890625,2761.4041748046875,48.24814987182617,"[24, 32)","[-inf, 31)","[45, 59)",True
f1opt,0.1298133283853531,1457.png,0,Truck w/Box,0.5956252813339233,bkg,-1,29.733548409714157,13,886.015625,1971.5184020996091,929.16845703125,1992.0056762695312,97.0599136352539,"[24, 32)","[-inf, 31)","[82, inf)",True
f1opt,0.0758884698152542,1457.png,1,Cargo Truck,0.5752080082893372,cls,5,26.772589508421387,13,2632.0079345703125,1584.581298828125,2651.368896484375,1621.602783203125,112.93684387207031,"[24, 32)","[-inf, 31)","[82, inf)",True
f1opt,0.0758884698152542,1457.png,2,Cargo Truck,0.5424171686172485,bkg,-1,13.988418813315056,13,670.1475830078125,1588.8022994995115,687.8609619140625,1599.8490829467771,85.30555725097656,"[8, 16)","[-inf, 31)","[82, inf)",True
f1opt,0.0758884698152542,1457.png,3,Cargo Truck,0.5065630674362183,TP,9,19.157210960679354,13,2613.800048828125,1577.5170288085938,2629.42626953125,1601.0031127929688,117.44235229492188,"[16, 24)","[-inf, 31)","[82, inf)",False
f1opt,0.0792115405201911,1457.png,4,Truck w/Flatbed,0.4862724244594574,bkg,-1,30.730261368353023,13,2248.634765625,1263.2307739257812,2289.823486328125,1286.1581420898438,103.3204345703125,"[24, 32)","[-inf, 31)","[82, inf)",True
f1opt,0.0758884698152542,1457.png,5,Cargo Truck,0.462567389011383,bkg,-1,19.18658460769568,13,1348.6600341796875,2164.374389648437,1375.1715087890625,2178.2598876953125,73.47380828857422,"[16, 24)","[-inf, 31)","[59, 82)",True
f1opt,0.0758884698152542,1457.png,6,Cargo Truck,0.4547374844551086,bkg,-1,30.065244063934188,13,885.1099090576172,1972.3214721679688,928.699447631836,1993.058532714844,97.35433959960938,"[24, 32)","[-inf, 31)","[82, inf)",True
f1opt,0.0758884698152542,1457.png,7,Cargo Truck,0.4406041502952575,bkg,-1,20.071019361795525,13,949.3545532226562,2394.287841796875,974.5955810546876,2410.247802734375,88.83936309814453,"[16, 24)","[-inf, 31)","[82, inf)",True
f1opt,0.1298133283853531,1457.png,8,Truck w/Box,0.3183725476264953,both,4,37.887080602312146,13,2606.533203125,1639.0012741088867,2631.448974609375,1696.6126098632812,105.67904663085938,"[32, 48)","[-inf, 31)","[82, inf)",True
f1opt,0.0758884698152542,1457.png,9,Cargo Truck,0.3027839362621307,bkg,-1,17.05873877601514,13,1534.7613525390625,2095.7570190429688,1559.6353759765625,2107.455993652344,117.76331329345703,"[16, 24)","[-inf, 31)","[82, inf)",True
f1opt,0.0758884698152542,1457.png,10,Cargo Truck,0.3018276691436767,loc,3,33.00860049069011,13,2605.069702148437,1643.2095184326172,2625.2388916015625,1697.2309112548828,107.77316284179688,"[32, 48)","[-inf, 31)","[82, inf)",True
f1opt,0.1298133283853531,1457.png,11,Truck w/Box,0.2867717742919922,bkg,-1,24.61975651704148,13,997.9171447753906,2308.444091796875,1013.6946105957032,2346.861694335937,100.21870422363281,"[24, 32)","[-inf, 31)","[82, inf)",True
f1opt,0.0758884698152542,1457.png,12,Cargo Truck,0.269039511680603,TP,2,23.386525196162353,13,2634.336303710937,1646.9688720703125,2652.3624267578125,1677.309814453125,103.97532653808594,"[16, 24)","[-inf, 31)","[82, inf)",False
f1opt,0.0758884698152542,1457.png,13,Cargo Truck,0.2612940371036529,TP,6,17.81344287033229,13,1789.5851745605469,2593.560546875,1802.0431213378904,2619.03173828125,72.02381134033203,"[16, 24)","[-inf, 31)","[59, 82)",False
f1opt,0.0758884698152542,1457.png,14,Cargo Truck,0.2489853650331497,TP,11,18.3353430282255,13,2557.603454589844,1643.097412109375,2572.7075805664062,1665.355224609375,125.17391204833984,"[16, 24)","[-inf, 31)","[82, inf)",False
f1opt,0.0758884698152542,1457.png,15,Cargo Truck,0.2398553192615509,bkg,-1,17.248050833541978,13,752.832275390625,2762.823608398437,774.15966796875,2776.7725830078125,105.03478240966797,"[16, 24)","[-inf, 31)","[82, inf)",True
f1opt,0.0758884698152542,1457.png,16,Cargo Truck,0.2328724116086959,loc,0,15.161758695943156,13,2489.370422363281,2074.087890625,2510.040954589844,2085.208984375,126.19318389892578,"[8, 16)","[-inf, 31)","[82, inf)",True
f1opt,0.0758884698152542,1457.png,17,Cargo Truck,0.2297853380441665,bkg,-1,24.171729777219674,13,997.75341796875,2309.3113403320312,1013.380615234375,2346.699523925781,101.25541687011719,"[24, 32)","[-inf, 31)","[82, inf)",True
f1opt,0.0758884698152542,1457.png,18,Cargo Truck,0.2186392247676849,bkg,-1,24.03294272485142,13,1701.9464111328125,1959.053131103516,1717.2767333984375,1996.7289428710935,109.79102325439453,"[24, 32)","[-inf, 31)","[82, inf)",True
f1opt,0.0758884698152542,1457.png,19,Cargo Truck,0.2029983848333358,bkg,-1,13.505519908464553,13,1210.4408264160156,10.463703155517578,1227.5995178222656,21.093830108642575,77.06481170654297,"[8, 16)","[-inf, 31)","[59, 82)",True
f1opt,0.0758884698152542,1457.png,20,Cargo Truck,0.1787009388208389,bkg,-1,18.297741327861225,13,1707.693115234375,2032.7267456054688,1720.179931640625,2059.5396118164062,95.94132995605469,"[16, 24)","[-inf, 31)","[82, inf)",True
f1opt,0.0758884698152542,1457.png,21,Cargo Truck,0.1722355931997299,bkg,-1,16.510669634989128,13,2508.145751953125,1251.589385986328,2529.0875244140625,1264.6065368652344,114.29220581054688,"[16, 24)","[-inf, 31)","[82, inf)",True
f1opt,0.1298133283853531,1457.png,22,Truck w/Box,0.1547543406486511,bkg,-1,21.74444715439225,13,2215.9427185058594,1237.732940673828,2244.995635986328,1254.0074157714844,116.75370025634766,"[16, 24)","[-inf, 31)","[82, inf)",True
f1opt,0.0758884698152542,1457.png,23,Cargo Truck,0.1531188189983368,bkg,-1,12.482790907333671,13,1235.525390625,1096.8002319335938,1246.35107421875,1111.1937866210938,117.55728912353516,"[8, 16)","[-inf, 31)","[82, inf)",True
f1opt,0.0758884698152542,1457.png,24,Cargo Truck,0.1364376097917556,bkg,-1,22.716950092089235,13,1545.56787109375,1833.6053466796875,1559.2548828125,1871.3096923828125,31.121368408203125,"[16, 24)","[-inf, 31)","[-inf, 45)",True
f1opt,0.0758884698152542,1457.png,25,Cargo Truck,0.1361179202795028,loc,0,16.671777278037855,13,2492.5777587890625,2061.0692138671875,2513.96240234375,2074.066772460937,120.90259552001953,"[16, 24)","[-inf, 31)","[82, inf)",True
f1opt,0.1298133283853531,1457.png,26,Truck w/Box,0.1335849910974502,bkg,-1,25.814141639105266,13,2512.683349609375,1926.2688903808596,2532.1353149414062,1960.5260925292969,116.429931640625,"[24, 32)","[-inf, 31)","[82, inf)",True
f1opt,0.0758884698152542,1457.png,27,Cargo Truck,0.124573141336441,bkg,-1,20.734254794286198,13,2217.698272705078,1239.0029907226562,2245.6332397460938,1254.3926391601562,120.52586364746094,"[16, 24)","[-inf, 31)","[82, inf)",True
f1opt,0.0758884698152542,1457.png,28,Cargo Truck,0.1165076419711113,bkg,-1,16.07979568757906,13,1761.6322631835938,1597.8033447265625,1773.7101440429688,1619.2110595703125,106.7324447631836,"[16, 24)","[-inf, 31)","[82, inf)",True
f1opt,0.0792115405201911,1457.png,29,Truck w/Flatbed,0.0947774723172187,bkg,-1,21.28685739383649,13,2216.5211181640625,1237.6798706054688,2244.88916015625,1253.6531372070312,117.38945007324219,"[16, 24)","[-inf, 31)","[82, inf)",True
f1opt,0.0758884698152542,1457.png,30,Cargo Truck,0.0851255878806114,bkg,-1,17.806486928062487,13,2192.9693298339844,535.855712890625,2206.533721923828,559.23095703125,69.50666809082031,"[16, 24)","[-inf, 31)","[59, 82)",True
f1opt,0.0758884698152542,1457.png,31,Cargo Truck,0.0824661776423454,bkg,-1,26.468432813002718,13,2528.852783203125,1634.5086669921875,2552.1651611328125,1664.5604248046875,110.65419006347656,"[24, 32)","[-inf, 31)","[82, inf)",True
f1opt,0.0792115405201911,1457.png,32,Truck w/Flatbed,0.079380489885807,bkg,-1,16.506007436589805,13,2689.8956909179688,711.9195556640625,2713.079406738281,723.6712646484375,114.09538269042969,"[16, 24)","[-inf, 31)","[82, inf)",True
f1opt,0.0758884698152542,1457.png,33,Cargo Truck,0.0787247270345687,bkg,-1,18.869930300166914,13,2561.9725341796875,1574.10595703125,2577.2440185546875,1597.4222412109375,98.3186264038086,"[16, 24)","[-inf, 31)","[82, inf)",True
f1opt,0.0758884698152542,1457.png,34,Cargo Truck,0.0781041532754898,bkg,-1,14.990777468706156,13,2740.161865234375,663.25390625,2750.18994140625,685.663330078125,113.04743194580078,"[8, 16)","[-inf, 31)","[82, inf)",True
f1opt,0.0562120340764522,1457.png,35,Truck Tractor,0.0628552958369255,bkg,-1,20.557273112010904,13,2215.826538085937,1237.4144287109375,2244.2451171875,1252.2850341796875,115.24791717529297,"[16, 24)","[-inf, 31)","[82, inf)",True
f1opt,0.0758884698152542,1530.png,0,Cargo Truck,0.7534055709838867,bkg,-1,22.70109375480175,14,1426.8075561523438,1595.5574951171875,1447.1725463867188,1620.8626708984375,45.870628356933594,"[16, 24)","[-inf, 31)","[45, 59)",True
f1opt,0.0758884698152542,1530.png,1,Cargo Truck,0.7429143786430359,bkg,-1,22.621192882424378,14,3043.7848510742188,988.094467163086,3062.058654785156,1016.0973052978516,69.32758331298828,"[16, 24)","[-inf, 31)","[59, 82)",True
f1opt,0.1298133283853531,1530.png,2,Truck w/Box,0.7426849603652954,cls,11,40.410484513967916,14,1888.2598876953125,1366.1627807617188,1916.1690673828125,1424.6742553710938,47.19520568847656,"[32, 48)","[-inf, 31)","[45, 59)",True
f1opt,0.0758884698152542,1530.png,3,Cargo Truck,0.6989912390708923,bkg,-1,18.034933736393935,14,1702.433837890625,1112.2767944335938,1727.3783264160156,1125.3161010742188,52.85988998413086,"[16, 24)","[-inf, 31)","[45, 59)",True
f1opt,0.0758884698152542,1530.png,4,Cargo Truck,0.6788976788520813,TP,13,20.406003850866025,14,1727.7642822265625,1051.7330932617188,1741.882568359375,1081.2271118164062,45.80215072631836,"[16, 24)","[-inf, 31)","[45, 59)",False
f1opt,0.0758884698152542,1530.png,5,Cargo Truck,0.57906174659729,TP,1,16.4376952992374,14,606.7293701171875,2037.913024902344,629.4267578125,2049.8173828125,66.34294891357422,"[16, 24)","[-inf, 31)","[59, 82)",False
f1opt,0.0758884698152542,1530.png,6,Cargo Truck,0.5478385090827942,bkg,-1,16.00928552812173,14,730.8873291015625,2851.2691650390625,750.8919677734375,2864.0810546875,60.07823181152344,"[16, 24)","[-inf, 31)","[59, 82)",True
f1opt,0.0758884698152542,1530.png,7,Cargo Truck,0.5140019655227661,TP,5,15.249622951012853,14,2827.14697265625,3189.6649169921875,2838.253173828125,3210.603759765625,89.08712005615234,"[8, 16)","[-inf, 31)","[82, inf)",False
f1opt,0.0758884698152542,1530.png,8,Cargo Truck,0.5126373171806335,bkg,-1,22.838835006158146,14,732.2255249023438,2835.786865234375,758.8744506835938,2855.3603515625,30.377424240112305,"[16, 24)","[-inf, 31)","[-inf, 45)",True
f1opt,0.1298133283853531,1530.png,9,Truck w/Box,0.4686647653579712,bkg,-1,25.54906644258756,14,645.0862426757812,2847.223022460937,671.4043579101562,2872.0255126953125,55.994300842285156,"[24, 32)","[-inf, 31)","[45, 59)",True
f1opt,0.0758884698152542,1530.png,10,Cargo Truck,0.4484373927116394,TP,9,20.989853082127244,14,1677.4349670410156,1075.031005859375,1709.1200256347656,1088.935791015625,40.99783706665039,"[16, 24)","[-inf, 31)","[-inf, 45)",False
f1opt,0.0758884698152542,1530.png,11,Cargo Truck,0.4405708312988281,loc,9,21.502310053513423,14,1678.3567657470703,1081.8864135742188,1710.3806915283203,1096.3240356445312,44.842803955078125,"[16, 24)","[-inf, 31)","[-inf, 45)",True
f1opt,0.0758884698152542,1530.png,12,Cargo Truck,0.3655582070350647,bkg,-1,16.3387713662919,14,1763.3096923828125,1114.898193359375,1778.3807373046875,1132.611328125,89.95394897460938,"[16, 24)","[-inf, 31)","[82, inf)",True
f1opt,0.0758884698152542,1530.png,13,Cargo Truck,0.3309545814990997,bkg,-1,20.13682804614504,14,870.6449584960938,2854.9052734375,887.5861206054688,2878.840576171875,42.073333740234375,"[16, 24)","[-inf, 31)","[-inf, 45)",True
f1opt,0.1298133283853531,1530.png,14,Truck w/Box,0.3007676303386688,bkg,-1,17.803234983469086,14,960.3683471679688,1080.416015625,972.2160034179688,1107.1685791015625,57.846153259277344,"[16, 24)","[-inf, 31)","[45, 59)",True
f1opt,0.0758884698152542,1530.png,15,Cargo Truck,0.2852974832057953,bkg,-1,19.888949935754226,14,2889.1962890625,2373.540405273437,2910.269775390625,2392.3114013671875,65.50227355957031,"[16, 24)","[-inf, 31)","[59, 82)",True
f1opt,0.0758884698152542,1530.png,16,Cargo Truck,0.2765991985797882,loc,8,24.96429789952444,14,1081.6974487304688,1592.051239013672,1113.3048095703125,1611.7686767578125,40.54545593261719,"[24, 32)","[-inf, 31)","[-inf, 45)",True
f1opt,0.0758884698152542,1530.png,17,Cargo Truck,0.2597717046737671,bkg,-1,23.12215000839216,14,768.3135986328125,716.50146484375,796.6866455078125,735.344482421875,38.65345001220703,"[16, 24)","[-inf, 31)","[-inf, 45)",True
f1opt,0.1725006252527237,1530.png,18,Truck w/Liquid,0.2501034438610077,TP,7,23.55771349563951,14,1096.5347595214844,484.600341796875,1113.470245361328,517.3697509765625,61.738563537597656,"[16, 24)","[-inf, 31)","[59, 82)",False
f1opt,0.0758884698152542,1530.png,19,Cargo Truck,0.2453234642744064,cls,7,23.13031297170576,14,1096.3583068847656,484.8934326171875,1113.1524963378906,516.7503662109375,62.553871154785156,"[16, 24)","[-inf, 31)","[59, 82)",True
f1opt,0.0758884698152542,1530.png,20,Cargo Truck,0.2392821460962295,TP,6,16.127877104416815,14,2846.0711669921875,3161.3045654296875,2866.9520263671875,3173.7613525390625,57.33333206176758,"[16, 24)","[-inf, 31)","[45, 59)",False
f1opt,0.0758884698152542,1530.png,21,Cargo Truck,0.2325132638216018,bkg,-1,12.54608805980728,14,290.848876953125,672.05029296875,299.966796875,689.3134765625,79.31111145019531,"[8, 16)","[-inf, 31)","[59, 82)",True
f1opt,0.0758884698152542,1530.png,22,Cargo Truck,0.1882388591766357,bkg,-1,14.85758342319106,14,1715.0996551513672,1628.5004119873047,1728.519760131836,1644.949447631836,81.78150939941406,"[8, 16)","[-inf, 31)","[59, 82)",True
f1opt,0.1725006252527237,1530.png,23,Truck w/Liquid,0.1725006252527237,TP,12,21.765684455402198,14,1111.6650390625,487.52093505859375,1127.0711059570312,518.271484375,77.23162078857422,"[16, 24)","[-inf, 31)","[59, 82)",False
f1opt,0.0758884698152542,1530.png,24,Cargo Truck,0.1090002879500389,bkg,-1,20.117266353434168,14,3175.391357421875,883.5889739990234,3192.94384765625,906.6457824707032,80.47454071044922,"[16, 24)","[-inf, 31)","[59, 82)",True
f1opt,0.0758884698152542,1530.png,25,Cargo Truck,0.0871564447879791,bkg,-1,16.24250288936799,14,1669.530731201172,121.09148406982422,1685.3924255371094,137.72393798828125,63.993080139160156,"[16, 24)","[-inf, 31)","[59, 82)",True
f1opt,0.0758884698152542,1530.png,26,Cargo Truck,0.0803297683596611,bkg,-1,13.445757920868445,14,1307.4962158203125,116.85263061523438,1318.7430419921875,132.92724609375,38.30392074584961,"[8, 16)","[-inf, 31)","[-inf, 45)",True
f1opt,0.0758884698152542,1530.png,27,Cargo Truck,0.0766073986887931,bkg,-1,19.54256582521472,14,813.5202026367188,2732.84326171875,839.5681762695312,2747.505126953125,39.36111068725586,"[16, 24)","[-inf, 31)","[-inf, 45)",True
f1opt,0.0758884698152542,1929.png,0,Cargo Truck,0.7611604332923889,bkg,-1,30.143100221541964,77,2505.001892089844,1292.5817260742188,2548.606231689453,1313.4192504882812,60.611568450927734,"[24, 32)","[76, 97)","[59, 82)",True
f1opt,0.1298133283853531,1929.png,1,Truck w/Box,0.7465581893920898,bkg,-1,40.36684979502751,77,3258.9615478515625,1095.9588928222656,3306.3033142089844,1130.378448486328,54.667232513427734,"[32, 48)","[76, 97)","[45, 59)",True
f1opt,0.1298133283853531,1929.png,2,Truck w/Box,0.6020423769950867,bkg,-1,42.36243145214764,77,3518.2593994140625,1175.170166015625,3575.126037597656,1206.727783203125,63.20096969604492,"[32, 48)","[76, 97)","[59, 82)",True
f1opt,0.1298133283853531,1929.png,3,Truck w/Box,0.5949011445045471,bkg,-1,41.277472790317454,77,3453.5323486328125,1187.772918701172,3491.1939697265625,1233.0133972167969,51.495361328125,"[32, 48)","[76, 97)","[45, 59)",True
f1opt,0.0758884698152542,1929.png,4,Cargo Truck,0.589618980884552,bkg,-1,19.826565153572865,77,4795.626525878906,2794.2875366210938,4827.046325683594,2806.7985229492188,43.06993103027344,"[16, 24)","[76, 97)","[-inf, 45)",True
f1opt,0.1298133283853531,1929.png,5,Truck w/Box,0.4980840384960174,bkg,-1,44.042174813669895,77,3497.8922119140625,1211.9107055664062,3565.045288085937,1240.795654296875,55.5908203125,"[32, 48)","[76, 97)","[45, 59)",True
f1opt,0.0758884698152542,1929.png,6,Cargo Truck,0.4705178141593933,bkg,-1,22.153494393176246,77,4884.069091796875,2375.275390625,4903.407836914063,2400.6533203125,73.42308044433594,"[16, 24)","[76, 97)","[59, 82)",True
f1opt,0.1298133283853531,1929.png,7,Truck w/Box,0.454262226819992,cls,65,45.89226080625706,77,2353.9706268310547,1717.5358276367188,2403.2752532958984,1760.2518920898438,71.5458984375,"[32, 48)","[76, 97)","[59, 82)",True
f1opt,0.1298133283853531,1929.png,8,Truck w/Box,0.3818465173244476,bkg,-1,36.45831526437947,77,4063.196044921875,1688.45263671875,4086.386962890625,1745.7685546875,67.48994445800781,"[32, 48)","[76, 97)","[59, 82)",True
f1opt,0.1298133283853531,1929.png,9,Truck w/Box,0.3775160014629364,bkg,-1,42.203987087708235,77,1223.3638305664062,2338.386474609375,1278.6464233398438,2370.60595703125,53.09199142456055,"[32, 48)","[76, 97)","[45, 59)",True
f1opt,0.0758884698152542,1929.png,10,Cargo Truck,0.3324610888957977,TP,0,19.850267652537593,77,4901.026611328125,2375.7496948242188,4919.910400390625,2396.6159057617188,48.354068756103516,"[16, 24)","[76, 97)","[45, 59)",False
f1opt,0.1298133283853531,1929.png,11,Truck w/Box,0.3229674994945526,bkg,-1,31.024556188000396,77,1536.0,3133.802978515625,1556.6364707946775,3180.44482421875,45.82143020629883,"[24, 32)","[76, 97)","[45, 59)",True
f1opt,0.0758884698152542,1929.png,12,Cargo Truck,0.3228842914104461,bkg,-1,15.833135483994694,77,4676.32373046875,577.636962890625,4691.4208984375,594.241943359375,48.15277862548828,"[8, 16)","[76, 97)","[45, 59)",True
f1opt,0.1298133283853531,1929.png,13,Truck w/Box,0.3187536895275116,cls,3,33.80140930301197,77,4360.690185546875,1767.3038330078125,4444.868774414063,1780.8765869140625,70.49663543701172,"[32, 48)","[76, 97)","[59, 82)",True
f1opt,0.0758884698152542,1929.png,14,Cargo Truck,0.2727963328361511,bkg,-1,15.706573614375856,77,2341.3853149414062,2735.321533203125,2368.7203979492188,2744.346435546875,61.04999923706055,"[8, 16)","[76, 97)","[59, 82)",True
f1opt,0.0758884698152542,1929.png,15,Cargo Truck,0.2417716234922409,bkg,-1,16.77853720398068,77,4184.198211669922,587.740966796875,4212.181396484375,597.80126953125,74.6865234375,"[16, 24)","[76, 97)","[59, 82)",True
f1opt,0.0758884698152542,1929.png,16,Cargo Truck,0.2342783957719802,bkg,-1,29.401695208836127,77,3064.165405273437,2016.3153076171875,3105.9312744140625,2037.0130615234373,33.99134063720703,"[24, 32)","[76, 97)","[-inf, 45)",True
f1opt,0.1298133283853531,1929.png,17,Truck w/Box,0.2259694337844848,bkg,-1,30.318578483754596,77,4811.241027832031,1825.0301818847656,4833.024719238281,1867.2276306152344,50.16986846923828,"[24, 32)","[76, 97)","[45, 59)",True
f1opt,0.0758884698152542,1929.png,18,Cargo Truck,0.1520527005195617,bkg,-1,16.713253676187083,77,1943.550720214844,1230.7463989257812,1971.9087524414065,1240.5966186523438,86.13479614257812,"[16, 24)","[76, 97)","[82, inf)",True
f1opt,0.1298133283853531,1929.png,19,Truck w/Box,0.145813837647438,cls,69,37.97492696531868,77,1622.2875366210938,2286.4716796875,1714.3672485351562,2302.133056640625,45.55850601196289,"[32, 48)","[76, 97)","[45, 59)",True
f1opt,0.1298133283853531,1929.png,20,Truck w/Box,0.138771966099739,bkg,-1,38.370733828537865,77,3479.509826660156,1183.3289794921875,3515.2445678710938,1224.5301513671875,54.10746383666992,"[32, 48)","[76, 97)","[45, 59)",True
f1opt,0.0758884698152542,1929.png,21,Cargo Truck,0.113814853131771,bkg,-1,17.759620722679106,77,62.72957611083984,1556.0210914611816,87.85456085205078,1568.5744972229004,98.39053344726562,"[16, 24)","[76, 97)","[82, inf)",True
f1opt,0.0758884698152542,1929.png,22,Cargo Truck,0.0963848307728767,bkg,-1,24.320766275941047,77,3541.8907470703125,1806.5603637695312,3577.829345703125,1823.0189819335935,57.24174118041992,"[24, 32)","[76, 97)","[45, 59)",True
f1opt,0.0758884698152542,1929.png,23,Cargo Truck,0.0768783241510391,bkg,-1,23.22590684270084,77,3289.900756835937,1963.8714599609373,3325.350952148437,1979.08837890625,42.298885345458984,"[16, 24)","[76, 97)","[-inf, 45)",True
f1opt,0.0562120340764522,1929.png,24,Truck Tractor,0.0574372857809066,bkg,-1,25.95256724840566,77,3240.19482421875,1185.3523254394531,3277.540283203125,1203.3876037597656,51.984764099121094,"[24, 32)","[76, 97)","[45, 59)",True
f1opt,0.1298133283853531,20.png,0,Truck w/Box,0.8021010756492615,TP,2,32.677132234160815,43,661.8221435546875,586.014404296875,681.8714599609375,639.2728271484375,77.79100799560547,"[32, 48)","[31, 76)","[59, 82)",False
f1opt,0.1298133283853531,20.png,1,Truck w/Box,0.7553900480270386,TP,1,33.53268017345257,43,768.2088623046875,624.2413330078125,822.8079833984375,644.8358154296875,62.98181915283203,"[32, 48)","[31, 76)","[59, 82)",False
f1opt,0.1298133283853531,20.png,2,Truck w/Box,0.7205480337142944,TP,0,28.027408659856512,43,776.00927734375,594.043701171875,834.378662109375,607.501708984375,97.03268432617188,"[24, 32)","[31, 76)","[82, inf)",False
f1opt,0.1298133283853531,20.png,3,Truck w/Box,0.7091800570487976,bkg,-1,29.919268502037127,43,2834.6778564453125,2904.04638671875,2867.9454345703125,2930.954345703125,108.41830444335938,"[24, 32)","[31, 76)","[82, inf)",True
f1opt,0.1298133283853531,20.png,4,Truck w/Box,0.646718442440033,bkg,-1,25.695739621920982,43,774.14208984375,607.8759155273438,827.13818359375,620.3347778320312,94.4920654296875,"[24, 32)","[31, 76)","[82, inf)",True
f1opt,0.0792115405201911,20.png,5,Truck w/Flatbed,0.6241628527641296,bkg,-1,20.375909120954155,43,1367.310791015625,1896.0804443359373,1384.981689453125,1919.575439453125,105.71759033203125,"[16, 24)","[31, 76)","[82, inf)",True
f1opt,0.0792115405201911,20.png,6,Truck w/Flatbed,0.5958210229873657,bkg,-1,49.23614853899171,43,739.3397827148438,48.64666748046875,773.3045043945312,120.02067565917967,73.05126953125,"[48, 96)","[31, 76)","[59, 82)",True
f1opt,0.1298133283853531,20.png,7,Truck w/Box,0.5484833717346191,TP,10,28.693835424288995,43,833.100341796875,889.6787109375,849.6998291015625,939.27880859375,85.26643371582031,"[24, 32)","[31, 76)","[82, inf)",False
f1opt,0.0758884698152542,20.png,8,Cargo Truck,0.5245999693870544,bkg,-1,14.628423423633125,43,2070.636018753052,28.38014411926269,2090.9241676330566,38.92771911621094,92.35064697265625,"[8, 16)","[31, 76)","[82, inf)",True
f1opt,0.1298133283853531,20.png,9,Truck w/Box,0.5242448449134827,loc,5,33.62145572853417,43,768.2998352050781,644.8423461914062,797.8689727783203,683.0714721679688,80.62916564941406,"[32, 48)","[31, 76)","[59, 82)",True
f1opt,0.0792115405201911,20.png,10,Truck w/Flatbed,0.4634504020214081,bkg,-1,28.15592012320647,43,1141.7573852539062,2167.7353515625,1165.4461669921875,2201.2008056640625,97.91085815429688,"[24, 32)","[31, 76)","[82, inf)",True
f1opt,0.1298133283853531,20.png,11,Truck w/Box,0.4557270109653473,bkg,-1,26.811025342203248,43,623.4269409179688,560.8203125,648.4096069335938,589.593505859375,127.0923080444336,"[24, 32)","[31, 76)","[82, inf)",True
f1opt,0.1298133283853531,20.png,12,Truck w/Box,0.4471223056316376,TP,3,35.94516263788361,43,636.590087890625,597.3323974609375,660.961181640625,650.3482666015625,125.72666931152344,"[32, 48)","[31, 76)","[82, inf)",False
f1opt,0.0758884698152542,20.png,13,Cargo Truck,0.4085530340671539,bkg,-1,15.389443042434328,43,1356.989013671875,1907.0,1371.929931640625,1922.851432800293,105.83203125,"[8, 16)","[31, 76)","[82, inf)",True
f1opt,0.1298133283853531,20.png,14,Truck w/Box,0.3734908103942871,bkg,-1,22.205331958199267,43,1293.62109375,1908.6457195281985,1312.685546875,1934.509391784668,105.3129653930664,"[16, 24)","[31, 76)","[82, inf)",True
f1opt,0.0758884698152542,20.png,15,Cargo Truck,0.3615172803401947,bkg,-1,20.240032154542913,43,1337.2111206054688,1881.0458068847656,1353.8381958007812,1905.6838684082031,98.42823791503906,"[16, 24)","[31, 76)","[82, inf)",True
f1opt,0.0758884698152542,20.png,16,Cargo Truck,0.3529148995876312,bkg,-1,20.68667744157501,43,1328.7703247070312,1909.5091361999512,1344.7417602539062,1936.303134918213,108.8802490234375,"[16, 24)","[31, 76)","[82, inf)",True
f1opt,0.1298133283853531,20.png,17,Truck w/Box,0.3391505777835846,bkg,-1,27.174995317235137,43,2069.0,2563.140869140625,2108.156188964844,2582.000732421875,106.54624938964844,"[24, 32)","[31, 76)","[82, inf)",True
f1opt,0.0758884698152542,20.png,18,Cargo Truck,0.3250330984592438,cls,26,24.97062951033485,43,1332.3836669921875,2603.335327148437,1355.5477294921875,2630.25341796875,73.63392639160156,"[24, 32)","[31, 76)","[59, 82)",True
f1opt,0.1298133283853531,20.png,19,Truck w/Box,0.3073953688144684,bkg,-1,19.09287146741702,43,1323.15478515625,1860.121826171875,1338.029541015625,1884.628967285156,138.3699951171875,"[16, 24)","[31, 76)","[82, inf)",True
f1opt,0.0792115405201911,20.png,20,Truck w/Flatbed,0.3034263253211975,bkg,-1,18.27246479317565,43,1330.27783203125,1911.710876464844,1344.358642578125,1935.422790527344,112.54933166503906,"[16, 24)","[31, 76)","[82, inf)",True
f1opt,0.0758884698152542,20.png,21,Cargo Truck,0.2769595086574554,bkg,-1,21.155178217862623,43,1546.3811712265017,1201.6956176757812,1562.119369506836,1230.1322631835938,71.36470794677734,"[16, 24)","[31, 76)","[59, 82)",True
f1opt,0.0758884698152542,20.png,22,Cargo Truck,0.2635414600372314,bkg,-1,16.57899097478312,43,1308.5224609375,1909.8433227539065,1322.3818359375,1929.6755981445312,87.63491821289062,"[16, 24)","[31, 76)","[82, inf)",True
f1opt,0.1298133283853531,20.png,23,Truck w/Box,0.2590776681900024,bkg,-1,28.171933683438994,43,1673.5880126953125,2515.800537109375,1695.73046875,2551.643798828125,88.35017395019531,"[24, 32)","[31, 76)","[82, inf)",True
f1opt,0.0758884698152542,20.png,24,Cargo Truck,0.2557385265827179,bkg,-1,16.963529501629335,43,1287.749267578125,1884.4889221191409,1300.87744140625,1906.4082946777344,94.95962524414062,"[16, 24)","[31, 76)","[82, inf)",True
f1opt,0.0758884698152542,20.png,25,Cargo Truck,0.2473984956741333,cls,24,24.33015863620056,43,1318.4659423828125,2605.531188964844,1341.4034423828125,2631.3385620117188,66.12036895751953,"[24, 32)","[31, 76)","[59, 82)",True
f1opt,0.1298133283853531,20.png,26,Truck w/Box,0.2469114810228347,TP,4,48.33457914040353,43,723.5517578125,644.9527587890625,767.827392578125,697.7183837890625,69.36132049560547,"[48, 96)","[31, 76)","[59, 82)",False
f1opt,0.0758884698152542,20.png,27,Cargo Truck,0.2260014563798904,bkg,-1,19.49292946972409,43,1295.8328857421875,1910.5220336914065,1312.4940185546875,1933.328063964844,105.37036895751953,"[16, 24)","[31, 76)","[82, inf)",True
f1opt,0.0758884698152542,20.png,28,Cargo Truck,0.2237935066223144,bkg,-1,19.273386259362855,43,1345.809326171875,1907.2231903076167,1363.7281494140625,1927.9535369873047,99.75438690185547,"[16, 24)","[31, 76)","[82, inf)",True
f1opt,0.0758884698152542,20.png,29,Cargo Truck,0.2051094025373459,bkg,-1,16.256118167355748,43,1293.3245849609375,1863.434509277344,1306.1544189453125,1884.0319213867188,89.67532348632812,"[16, 24)","[31, 76)","[82, inf)",True
f1opt,0.1298133283853531,20.png,30,Truck w/Box,0.2040881961584091,bkg,-1,28.785106004041257,43,3021.3096923828125,2511.2319946289062,3035.6444091796875,2569.034484863281,84.29491424560547,"[24, 32)","[31, 76)","[82, inf)",True
f1opt,0.1298133283853531,20.png,31,Truck w/Box,0.1992334276437759,bkg,-1,34.98102082413763,43,1699.6177368164062,2570.27001953125,1730.1162719726562,2610.392333984375,85.42682647705078,"[32, 48)","[31, 76)","[82, inf)",True
f1opt,0.0792115405201911,20.png,32,Truck w/Flatbed,0.1959842890501022,bkg,-1,18.517158858227635,43,1356.920654296875,1897.3313598632808,1371.6673583984375,1920.5830078125,93.81510162353516,"[16, 24)","[31, 76)","[82, inf)",True
f1opt,0.0792115405201911,20.png,33,Truck w/Flatbed,0.1947898864746093,cls,4,49.90934245591156,43,722.0936279296875,645.973388671875,769.287109375,698.7548828125,68.84066009521484,"[48, 96)","[31, 76)","[59, 82)",True
f1opt,0.0758884698152542,20.png,34,Cargo Truck,0.1926682293415069,cls,20,22.99371607732072,43,1294.084716796875,2549.2553100585938,1315.53076171875,2573.9083862304688,67.49272918701172,"[16, 24)","[31, 76)","[59, 82)",True
f1opt,0.0758884698152542,20.png,35,Cargo Truck,0.1850006282329559,bkg,-1,16.97346446370473,43,2640.397827148437,2714.307006835937,2652.5177001953125,2738.0777587890625,91.91692352294922,"[16, 24)","[31, 76)","[82, inf)",True
f1opt,0.0792115405201911,20.png,36,Truck w/Flatbed,0.1791049689054489,bkg,-1,17.652345422253894,43,1338.9122314453125,1907.1946411132808,1353.3118896484375,1928.8344116210935,97.94033813476562,"[16, 24)","[31, 76)","[82, inf)",True
f1opt,0.0758884698152542,20.png,37,Cargo Truck,0.1607753783464431,bkg,-1,25.980780079280652,43,995.3372497558594,1865.61181640625,1025.4772644042969,1888.00732421875,88.21370697021484,"[24, 32)","[31, 76)","[82, inf)",True
f1opt,0.0758884698152542,20.png,38,Cargo Truck,0.1568285822868347,cls,22,25.374441204119513,43,1312.4346923828125,2517.190185546875,1334.8946533203125,2545.8572998046875,78.54273223876953,"[24, 32)","[31, 76)","[59, 82)",True
f1opt,0.0758884698152542,20.png,39,Cargo Truck,0.1373828649520874,cls,25,26.394065585226844,43,1304.1123046875,2574.549560546875,1328.755859375,2602.8184814453125,62.595863342285156,"[24, 32)","[31, 76)","[59, 82)",True
f1opt,0.0758884698152542,20.png,40,Cargo Truck,0.1357568353414535,bkg,-1,20.237759198890398,43,1303.3365478515625,1862.3990478515625,1319.9400634765625,1887.0665283203125,115.5135726928711,"[16, 24)","[31, 76)","[82, inf)",True
f1opt,0.0758884698152542,20.png,41,Cargo Truck,0.1290901899337768,cls,36,27.226630552581724,43,1369.2252197265625,2599.0108642578125,1393.885498046875,2629.0709228515625,63.83741760253906,"[24, 32)","[31, 76)","[59, 82)",True
f1opt,0.0758884698152542,20.png,42,Cargo Truck,0.1198376938700676,bkg,-1,18.625779947686592,43,1317.3206787109375,1908.5497035980225,1332.3370361328125,1931.652488708496,86.97396087646484,"[16, 24)","[31, 76)","[82, inf)",True
f1opt,0.0758884698152542,20.png,43,Cargo Truck,0.1127344369888305,bkg,-1,14.476830963054887,43,1369.80908203125,1907.2878713607788,1386.673828125,1919.7148971557615,117.66239166259766,"[8, 16)","[31, 76)","[82, inf)",True
f1opt,0.0758884698152542,20.png,44,Cargo Truck,0.1109303459525108,bkg,-1,15.91559766931518,43,2652.252319335937,2715.127319335937,2663.51171875,2737.6246337890625,137.13043212890625,"[8, 16)","[31, 76)","[82, inf)",True
f1opt,0.0758884698152542,20.png,45,Cargo Truck,0.108949027955532,cls,18,23.656599482521028,43,1278.3554077148438,2580.092041015625,1300.5425415039062,2605.3154296875,70.8277587890625,"[16, 24)","[31, 76)","[59, 82)",True
f1opt,0.0758884698152542,20.png,46,Cargo Truck,0.1078540235757827,TP,23,18.868976839880794,43,1272.9340209960938,2469.3775024414062,1292.6906127929688,2487.398742675781,73.67919921875,"[16, 24)","[31, 76)","[59, 82)",False
f1opt,0.0758884698152542,20.png,47,Cargo Truck,0.0769655108451843,bkg,-1,19.378251048845254,43,1339.23046875,1907.444471359253,1355.009521484375,1931.2428970336916,100.88470458984375,"[16, 24)","[31, 76)","[82, inf)",True
f1opt,0.0758884698152542,2139.png,0,Cargo Truck,0.7144348621368408,TP,45,25.97282153590598,92,1998.613525390625,838.042724609375,2019.1966552734373,870.8165283203125,44.814048767089844,"[24, 32)","[76, 97)","[-inf, 45)",False
f1opt,0.0758884698152542,2139.png,1,Cargo Truck,0.7045971751213074,bkg,-1,16.254906629760736,92,2152.746490478516,1356.6495361328125,2171.537567138672,1370.7105712890625,107.44000244140625,"[16, 24)","[76, 97)","[82, inf)",True
f1opt,0.0758884698152542,2139.png,2,Cargo Truck,0.697731614112854,TP,27,18.643233318215607,92,1980.7091674804688,940.684814453125,1995.6560668945312,963.9384765625,65.99478912353516,"[16, 24)","[76, 97)","[59, 82)",False
f1opt,0.1298133283853531,2139.png,3,Truck w/Box,0.6953800320625305,TP,17,20.875978848070467,92,1546.4578857421875,1539.7764892578125,1559.412841796875,1573.4166259765625,92.72040557861328,"[16, 24)","[76, 97)","[82, inf)",False
f1opt,0.1298133283853531,2139.png,4,Truck w/Box,0.6607940793037415,bkg,-1,26.19689153110012,92,1461.7952880859375,1971.1091346740725,1480.0875244140625,2008.6265335083008,63.19736862182617,"[24, 32)","[76, 97)","[59, 82)",True
f1opt,0.0758884698152542,2139.png,5,Cargo Truck,0.647992730140686,TP,44,21.654233815419513,92,2143.44104385376,1374.2724609375,2168.6475944519043,1392.875,123.5242919921875,"[16, 24)","[76, 97)","[82, inf)",False
f1opt,0.0758884698152542,2139.png,6,Cargo Truck,0.6191760897636414,TP,42,18.23527454479874,92,2404.4637451171875,1697.6696166992188,2419.2880859375,1720.1006469726562,122.58333587646484,"[16, 24)","[76, 97)","[82, inf)",False
f1opt,0.0758884698152542,2139.png,7,Cargo Truck,0.6142482757568359,cls,83,20.722527708786117,92,1624.4615631103516,1536.269172668457,1639.4544830322266,1564.9109020233154,90.6551742553711,"[16, 24)","[76, 97)","[82, inf)",True
f1opt,0.0758884698152542,2139.png,8,Cargo Truck,0.608434796333313,bkg,-1,21.46354369730994,92,1647.3292694091797,1536.8113441467283,1661.4327239990234,1569.475944519043,91.4431381225586,"[16, 24)","[76, 97)","[82, inf)",True
f1opt,0.0758884698152542,2139.png,9,Cargo Truck,0.5945199728012085,TP,29,25.436344080631347,92,2849.4390869140625,2482.091125488281,2880.2257080078125,2503.1069946289062,97.79119110107422,"[24, 32)","[76, 97)","[82, inf)",False
f1opt,0.1298133283853531,2139.png,10,Truck w/Box,0.5896946787834167,TP,8,23.84015055456982,92,1599.21337890625,1583.1717529296875,1615.5650634765625,1617.9298095703125,113.6100845336914,"[16, 24)","[76, 97)","[82, inf)",False
f1opt,0.1298133283853531,2139.png,11,Truck w/Box,0.5892441868782043,cls,20,25.306300779914924,92,1985.362365722656,1324.5010986328125,2004.3529663085935,1358.2235107421875,65.55142974853516,"[24, 32)","[76, 97)","[59, 82)",True
f1opt,0.0758884698152542,2139.png,12,Cargo Truck,0.5807691216468811,cls,5,21.03256113433464,92,1637.102554321289,1536.2926273345947,1651.607192993164,1566.791051864624,141.5247344970703,"[16, 24)","[76, 97)","[82, inf)",True
f1opt,0.0758884698152542,2139.png,13,Cargo Truck,0.5091258883476257,TP,22,24.152643982022084,92,2378.13330078125,1498.2283935546875,2397.191650390625,1528.8370361328125,86.71935272216797,"[24, 32)","[76, 97)","[82, inf)",False
f1opt,0.0758884698152542,2139.png,14,Cargo Truck,0.5038525462150574,TP,38,18.55880349162564,92,1556.5458984375,1650.9820556640625,1571.308349609375,1674.313491821289,85.80750274658203,"[16, 24)","[76, 97)","[82, inf)",False
f1opt,0.0758884698152542,2139.png,15,Cargo Truck,0.4936469495296478,cls,85,27.384950508367922,92,2517.2631225585938,1874.8618774414065,2537.0679321289062,1912.7282104492188,65.62515258789062,"[24, 32)","[76, 97)","[59, 82)",True
f1opt,0.0758884698152542,2139.png,16,Cargo Truck,0.4874113202095032,cls,89,21.0176298579572,92,1604.68603515625,1536.6435260772705,1619.178955078125,1567.1232891082764,140.064453125,"[16, 24)","[76, 97)","[82, inf)",True
f1opt,0.1298133283853531,2139.png,17,Truck w/Box,0.4824072122573852,TP,53,22.446952457180156,92,1524.2652587890625,1542.1676025390625,1539.5592041015625,1575.113037109375,114.2867660522461,"[16, 24)","[76, 97)","[82, inf)",False
f1opt,0.0758884698152542,2139.png,18,Cargo Truck,0.4815497398376465,TP,7,21.915132914968975,92,1591.546142578125,1536.8161735534668,1608.891845703125,1564.5044746398926,90.33716583251953,"[16, 24)","[76, 97)","[82, inf)",False
f1opt,0.0758884698152542,2139.png,19,Cargo Truck,0.4508079886436462,loc,60,21.30928971590225,92,1550.2037963867188,1669.9131317138672,1566.9346313476562,1697.0537872314453,98.65922546386719,"[16, 24)","[76, 97)","[82, inf)",True
f1opt,0.0758884698152542,2139.png,20,Cargo Truck,0.4401397705078125,TP,3,15.90380410338976,92,2308.643341064453,2522.7586669921875,2329.172119140625,2535.079467773437,110.53571319580078,"[8, 16)","[76, 97)","[82, inf)",False
f1opt,0.1298133283853531,2139.png,21,Truck w/Box,0.425709456205368,bkg,-1,20.80002740344663,92,1647.6905517578125,1535.2431640625,1660.4681396484375,1569.1025390625,92.81428527832031,"[16, 24)","[76, 97)","[82, inf)",True
f1opt,0.0758884698152542,2139.png,22,Cargo Truck,0.4225290715694427,TP,33,12.700875524764726,92,1401.0753173828125,958.3582763671876,1409.78564453125,976.8779296875,92.95321655273438,"[8, 16)","[76, 97)","[82, inf)",False
f1opt,0.0758884698152542,2139.png,23,Cargo Truck,0.4115056991577148,TP,63,20.753287643785583,92,2385.302001953125,2631.5504150390625,2402.0947265625,2657.1983642578125,113.96501922607422,"[16, 24)","[76, 97)","[82, inf)",False
f1opt,0.1298133283853531,2139.png,24,Truck w/Box,0.4065471589565277,bkg,-1,32.30334130357106,92,1949.2252197265625,1384.945068359375,1971.1002197265625,1432.648193359375,64.09405517578125,"[32, 48)","[76, 97)","[59, 82)",True
f1opt,0.1298133283853531,2139.png,25,Truck w/Box,0.3979857265949249,TP,50,27.91146701019927,92,2523.5831298828125,1656.3203887939453,2563.1424560546875,1676.0135955810547,73.16608428955078,"[24, 32)","[76, 97)","[59, 82)",False
f1opt,0.0758884698152542,2139.png,26,Cargo Truck,0.394571304321289,TP,55,17.12997503290058,92,2391.7371215820312,2025.5267868041992,2406.3560791015625,2045.5990829467771,70.62797546386719,"[16, 24)","[76, 97)","[59, 82)",False
f1opt,0.1298133283853531,2139.png,27,Truck w/Box,0.3737097382545471,bkg,-1,32.59850202358012,92,1959.0362243652344,1381.503662109375,1980.329864501953,1431.4088134765625,77.35115814208984,"[32, 48)","[76, 97)","[59, 82)",True
f1opt,0.0758884698152542,2139.png,28,Cargo Truck,0.3711303770542145,cls,50,29.01171434103759,92,2522.92431640625,1654.024658203125,2560.0,1676.726318359375,77.15904235839844,"[24, 32)","[76, 97)","[59, 82)",True
f1opt,0.0758884698152542,2139.png,29,Cargo Truck,0.3710840940475464,bkg,-1,23.257473042643774,92,2541.10302734375,2892.781494140625,2569.6795654296875,2911.7099609375,126.86724090576172,"[16, 24)","[76, 97)","[82, inf)",True
f1opt,0.0758884698152542,2139.png,30,Cargo Truck,0.364492118358612,cls,72,28.228988150469707,92,2511.8201904296875,1691.3388671875,2547.9552001953125,1713.3916015625,65.43008422851562,"[24, 32)","[76, 97)","[59, 82)",True
f1opt,0.1298133283853531,2139.png,31,Truck w/Box,0.360799103975296,cls,40,17.594094842204264,92,1536.6796264648438,1539.6510009765625,1548.4564819335938,1565.935791015625,83.57264709472656,"[16, 24)","[76, 97)","[82, inf)",True
f1opt,0.0758884698152542,2139.png,32,Cargo Truck,0.3486208915710449,bkg,-1,14.669179906506292,92,1960.90185546875,801.721435546875,1972.9014892578125,819.654052734375,110.81781005859375,"[8, 16)","[76, 97)","[82, inf)",True
f1opt,0.0758884698152542,2139.png,33,Cargo Truck,0.3355885446071625,bkg,-1,11.153033804714243,92,1985.271728515625,844.392578125,1994.1419677734373,858.4158935546875,126.64666748046875,"[8, 16)","[76, 97)","[82, inf)",True
f1opt,0.0758884698152542,2139.png,34,Cargo Truck,0.3303171992301941,bkg,-1,13.324264843899309,92,1961.89404296875,828.5252685546875,1975.452880859375,841.6190185546875,95.3952407836914,"[8, 16)","[76, 97)","[82, inf)",True
f1opt,0.0758884698152542,2139.png,35,Cargo Truck,0.3177714347839355,bkg,-1,13.387188729818021,92,1955.71142578125,925.5142822265624,1972.375,936.269287109375,113.27777862548828,"[8, 16)","[76, 97)","[82, inf)",True
f1opt,0.0758884698152542,2139.png,36,Cargo Truck,0.3164744675159454,bkg,-1,17.80154038420502,92,1563.6957817077637,2121.152069091797,1574.7394523620603,2149.8467712402344,25.126436233520508,"[16, 24)","[76, 97)","[-inf, 45)",True
f1opt,0.0758884698152542,2139.png,37,Cargo Truck,0.3062025904655456,bkg,-1,14.663466289514684,92,1925.7469787597656,1573.8872680664062,1945.9667053222656,1584.5213012695312,69.0793685913086,"[8, 16)","[76, 97)","[59, 82)",True
f1opt,0.1298133283853531,2139.png,38,Truck w/Box,0.305117517709732,TP,5,21.42253279562933,92,1637.1900634765625,1530.9877319335938,1650.8211669921875,1564.6552124023438,138.34898376464844,"[16, 24)","[76, 97)","[82, inf)",False
f1opt,0.0758884698152542,2139.png,39,Cargo Truck,0.3014436662197113,bkg,-1,24.114026050568505,92,2526.5997314453125,2853.7357788085938,2556.7760009765625,2873.0054321289062,134.7711181640625,"[24, 32)","[76, 97)","[82, inf)",True
f1opt,0.0758884698152542,2139.png,40,Cargo Truck,0.2973125278949737,TP,56,19.156852995957415,92,2416.948974609375,1539.1780281066897,2440.5135498046875,1554.7516174316406,127.36000061035156,"[16, 24)","[76, 97)","[82, inf)",False
f1opt,0.0758884698152542,2139.png,41,Cargo Truck,0.2965060174465179,cls,17,21.322947451531103,92,1546.123779296875,1540.8630599975586,1559.5908203125,1574.6246032714844,95.78367614746094,"[16, 24)","[76, 97)","[82, inf)",True
f1opt,0.0758884698152542,2139.png,42,Cargo Truck,0.2929426431655884,TP,6,21.987770839072585,92,2199.6345825195312,2769.9988403320312,2229.175720214844,2786.364562988281,113.08064270019531,"[16, 24)","[76, 97)","[82, inf)",False
f1opt,0.1298133283853531,2139.png,43,Truck w/Box,0.2893790602684021,TP,85,26.138213611625442,92,2518.3916015625,1875.8024597167969,2537.1275634765625,1912.2674255371091,67.45789337158203,"[24, 32)","[76, 97)","[59, 82)",False
f1opt,0.0758884698152542,2139.png,44,Cargo Truck,0.2835017740726471,bkg,-1,12.164384554677094,92,1974.4395446777344,828.3272094726562,1984.8443298339844,842.5487670898438,121.64242553710938,"[8, 16)","[76, 97)","[82, inf)",True
f1opt,0.0758884698152542,2139.png,45,Cargo Truck,0.2789797186851501,bkg,-1,18.26306362809794,92,2277.09033203125,1700.0224609375,2299.76171875,1714.734375,86.51883697509766,"[16, 24)","[76, 97)","[82, inf)",True
f1opt,0.0758884698152542,2139.png,46,Cargo Truck,0.277902215719223,bkg,-1,15.622154471811042,92,1779.7137451171875,2016.2162322998047,1792.0,2036.0800323486328,88.23809814453125,"[8, 16)","[76, 97)","[82, inf)",True
f1opt,0.0758884698152542,2139.png,47,Cargo Truck,0.2708007991313934,loc,40,23.462423601085586,92,1523.9260864257812,1541.3210220336914,1540.0031127929688,1575.5615158081057,113.69999694824219,"[16, 24)","[76, 97)","[82, inf)",True
f1opt,0.0758884698152542,2139.png,48,Cargo Truck,0.2598171234130859,TP,39,17.865790113573894,92,1567.3466796875,1651.431396484375,1581.153564453125,1674.54931640625,81.7861099243164,"[16, 24)","[76, 97)","[59, 82)",False
f1opt,0.0758884698152542,2139.png,49,Cargo Truck,0.2457862794399261,TP,40,17.705535588276977,92,1536.327516555786,1540.2007265090942,1548.8110933303833,1565.312599182129,85.91419982910156,"[16, 24)","[76, 97)","[82, inf)",False
f1opt,0.0758884698152542,2139.png,50,Cargo Truck,0.2364749163389206,TP,69,17.876914398674877,92,1574.243896484375,1650.4429931640625,1588.591796875,1672.7169189453125,91.3884048461914,"[16, 24)","[76, 97)","[82, inf)",False
f1opt,0.1298133283853531,2139.png,51,Truck w/Box,0.2315989434719085,TP,82,27.520526981952838,92,1624.779296875,1634.149169921875,1646.0899658203125,1669.6890869140625,103.55072784423828,"[24, 32)","[76, 97)","[82, inf)",False
f1opt,0.0758884698152542,2139.png,52,Cargo Truck,0.2281359881162643,TP,90,25.784946584333106,92,2621.656951904297,2834.002197265625,2656.87353515625,2852.8814697265625,113.99414825439453,"[24, 32)","[76, 97)","[82, inf)",False
f1opt,0.1298133283853531,2139.png,53,Truck w/Box,0.2255156338214874,TP,67,28.10186668784953,92,1988.1090087890625,1359.010498046875,2011.22900390625,1393.167724609375,40.94166564941406,"[24, 32)","[76, 97)","[-inf, 45)",False
f1opt,0.1298133283853531,2139.png,54,Truck w/Box,0.2254840731620788,TP,89,21.248610069594644,92,1605.1334838867188,1533.23388671875,1618.9210815429688,1565.98095703125,145.99566650390625,"[16, 24)","[76, 97)","[82, inf)",False
f1opt,0.0758884698152542,2139.png,55,Cargo Truck,0.2192798554897308,bkg,-1,23.871797388505918,92,1557.3469848632812,1590.8953475952148,1573.6694946289062,1625.8080368041992,101.65849304199219,"[16, 24)","[76, 97)","[82, inf)",True
f1opt,0.1298133283853531,2139.png,56,Truck w/Box,0.2153905630111694,loc,53,19.866080447909788,92,1514.8555908203125,1544.6087646484375,1528.5762939453125,1573.3726806640625,122.36666870117188,"[16, 24)","[76, 97)","[82, inf)",True
f1opt,0.0758884698152542,2139.png,57,Cargo Truck,0.2140747904777526,TP,73,19.370364182140392,92,2495.997436523437,1724.7520751953125,2511.8094482421875,1748.4815673828125,52.53176498413086,"[16, 24)","[76, 97)","[45, 59)",False
f1opt,0.0758884698152542,2139.png,58,Cargo Truck,0.2138425707817077,both,53,21.901018988701143,92,1513.2285766601562,1543.265739440918,1529.1572875976562,1573.3783226013184,116.64326477050781,"[16, 24)","[76, 97)","[82, inf)",True
f1opt,0.0758884698152542,2139.png,59,Cargo Truck,0.2112536579370498,cls,8,23.70781277247411,92,1599.2944793701172,1582.9976654052734,1615.8899383544922,1616.8659896850586,111.27562713623047,"[16, 24)","[76, 97)","[82, inf)",True
f1opt,0.0758884698152542,2139.png,60,Cargo Truck,0.2112068682909011,bkg,-1,23.620331943870113,92,2271.1178283691406,2510.0050048828125,2287.94482421875,2543.1612548828125,113.15397644042969,"[16, 24)","[76, 97)","[82, inf)",True
f1opt,0.0758884698152542,2139.png,61,Cargo Truck,0.2066261768341064,bkg,-1,23.281413514247905,92,2530.198608398437,2864.713134765625,2558.845092773437,2883.63427734375,157.79483032226562,"[16, 24)","[76, 97)","[82, inf)",True
f1opt,0.0758884698152542,2139.png,62,Cargo Truck,0.2019723504781723,TP,79,22.5366975280702,92,2640.01904296875,2524.936584472656,2668.478271484375,2542.783264160156,84.8058090209961,"[16, 24)","[76, 97)","[82, inf)",False
f1opt,0.1298133283853531,2139.png,63,Truck w/Box,0.1855243146419525,bkg,-1,22.974466309300208,92,1557.415771484375,1591.118896484375,1573.1002197265625,1624.771728515625,102.7301025390625,"[16, 24)","[76, 97)","[82, inf)",True
f1opt,0.0758884698152542,2139.png,64,Cargo Truck,0.1722178012132644,TP,49,18.810561960297665,92,1583.82373046875,1646.7063598632812,1598.1624755859375,1671.3833618164062,78.70191955566406,"[16, 24)","[76, 97)","[59, 82)",False
f1opt,0.1298133283853531,2139.png,65,Truck w/Box,0.1707272976636886,bkg,-1,17.415754477346287,92,1499.676513671875,1596.5535888671875,1530.4422607421875,1606.4122314453125,108.78408813476562,"[16, 24)","[76, 97)","[82, inf)",True
f1opt,0.0758884698152542,2139.png,66,Cargo Truck,0.1577628552913665,cls,1,19.974841608033003,92,2293.3294830322266,2532.951110839844,2319.132827758789,2548.414001464844,74.33333587646484,"[16, 24)","[76, 97)","[59, 82)",True
f1opt,0.0758884698152542,2139.png,67,Cargo Truck,0.1501699537038803,TP,2,15.659967372818253,92,2324.47966003418,2526.7042846679688,2345.063705444336,2538.618103027344,123.29720306396484,"[8, 16)","[76, 97)","[82, inf)",False
f1opt,0.0758884698152542,2139.png,68,Cargo Truck,0.148245170712471,TP,21,23.948850415778523,92,1860.8722839355469,1361.5455322265625,1879.1984558105469,1392.8421630859375,124.64375305175781,"[16, 24)","[76, 97)","[82, inf)",False
f1opt,0.0562120340764522,2139.png,69,Truck Tractor,0.1438754051923751,cls,58,16.287660528816925,92,1541.81982421875,1742.2937622070312,1553.358642578125,1765.28466796875,81.69871520996094,"[16, 24)","[76, 97)","[59, 82)",True
f1opt,0.0562120340764522,2139.png,70,Truck Tractor,0.1420767456293106,cls,47,18.765429024661646,92,1529.3490600585938,1738.0232849121094,1543.7789916992188,1762.4268188476562,48.84000015258789,"[16, 24)","[76, 97)","[45, 59)",True
f1opt,0.0758884698152542,2139.png,71,Cargo Truck,0.1395667046308517,TP,19,19.457692459212197,92,1581.7797241210938,1670.6111145019531,1596.2573852539062,1696.7618713378906,101.15740966796875,"[16, 24)","[76, 97)","[82, inf)",False
f1opt,0.0758884698152542,2139.png,72,Cargo Truck,0.1382620185613632,TP,41,19.66340113250561,92,1579.3391723632812,1592.9694747924805,1594.2494506835938,1618.9012069702148,92.79629516601562,"[16, 24)","[76, 97)","[82, inf)",False
f1opt,0.1298133283853531,2139.png,73,Truck w/Box,0.1380501389503479,bkg,-1,26.12487566612627,92,2665.673583984375,1576.8680267333984,2685.88671875,1610.6336517333984,75.67346954345703,"[24, 32)","[76, 97)","[59, 82)",True
f1opt,0.0758884698152542,2139.png,74,Cargo Truck,0.1373240053653717,bkg,-1,30.877959715724682,92,1962.1243286132808,1438.10888671875,2008.2691040039065,1458.77099609375,108.0648422241211,"[24, 32)","[76, 97)","[82, inf)",True
f1opt,0.0758884698152542,2139.png,75,Cargo Truck,0.1353810280561447,bkg,-1,22.327069622975703,92,2289.1988830566406,2503.000244140625,2305.063934326172,2534.42138671875,121.82537078857422,"[16, 24)","[76, 97)","[82, inf)",True
f1opt,0.0758884698152542,2139.png,76,Cargo Truck,0.1296111494302749,cls,67,28.578040564893584,92,1987.4533081054688,1359.10595703125,2010.7889404296875,1394.1041259765625,40.894676208496094,"[24, 32)","[76, 97)","[-inf, 45)",True
f1opt,0.0758884698152542,2139.png,77,Cargo Truck,0.129608929157257,bkg,-1,16.613801269500936,92,2266.4529418945312,2171.8834228515625,2281.8361206054688,2189.8262939453125,95.07894897460938,"[16, 24)","[76, 97)","[82, inf)",True
f1opt,0.0758884698152542,2139.png,78,Cargo Truck,0.1291239112615585,TP,58,15.629926217759845,92,1542.540283203125,1742.0206298828125,1553.018310546875,1765.3355712890625,84.25694274902344,"[8, 16)","[76, 97)","[82, inf)",False
f1opt,0.0758884698152542,2139.png,79,Cargo Truck,0.1284372508525848,loc,56,17.9780087869151,92,2421.71484375,1550.816806793213,2443.776123046875,1565.4673080444336,77.9293441772461,"[16, 24)","[76, 97)","[59, 82)",True
f1opt,0.0758884698152542,2139.png,80,Cargo Truck,0.1282732635736465,TP,35,12.37056670317402,92,1513.292724609375,1716.2047576904297,1530.9193115234375,1724.8865814208984,75.26543426513672,"[8, 16)","[76, 97)","[59, 82)",False
f1opt,0.0758884698152542,2139.png,81,Cargo Truck,0.1251114010810852,bkg,-1,18.743499663812713,92,2537.176147460937,2885.4405517578125,2559.6251220703125,2901.090209960937,136.8414306640625,"[16, 24)","[76, 97)","[82, inf)",True
f1opt,0.0758884698152542,2139.png,82,Cargo Truck,0.1176556646823883,bkg,-1,14.85135748770372,92,1678.0955810546875,1706.457000732422,1691.0150146484375,1723.5291748046875,101.95635223388672,"[8, 16)","[76, 97)","[82, inf)",True
f1opt,0.0758884698152542,2139.png,83,Cargo Truck,0.1173622384667396,bkg,-1,20.24982980594801,92,1926.0065307617188,1340.2454833984375,1941.173889160156,1367.2808837890625,45.30133819580078,"[16, 24)","[76, 97)","[-inf, 45)",True
f1opt,0.0758884698152542,2139.png,84,Cargo Truck,0.1169792711734771,loc,19,19.243844722740473,92,1591.6011352539062,1669.9488525390625,1606.2057495117188,1695.3056030273438,112.86573791503906,"[16, 24)","[76, 97)","[82, inf)",True
f1opt,0.0758884698152542,2139.png,85,Cargo Truck,0.1142912730574607,bkg,-1,8.394947614590803,92,1656.600341796875,999.0696105957032,1662.90087890625,1010.2551879882812,36.39285659790039,"[8, 16)","[76, 97)","[-inf, 45)",True
f1opt,0.0758884698152542,2139.png,86,Cargo Truck,0.1114846020936966,bkg,-1,12.88299857445321,92,1532.089111328125,1764.179443359375,1542.0146484375,1780.901123046875,97.3101577758789,"[8, 16)","[76, 97)","[82, inf)",True
f1opt,0.0758884698152542,2139.png,87,Cargo Truck,0.1107281967997551,TP,60,21.174931924152048,92,1561.092529296875,1670.7171936035156,1577.148193359375,1698.6436462402344,104.87220764160156,"[16, 24)","[76, 97)","[82, inf)",False
f1opt,0.0758884698152542,2139.png,88,Cargo Truck,0.1068374663591384,bkg,-1,13.071822860699514,92,1332.5643920898438,698.3975830078125,1341.8530883789062,716.7933349609375,115.34736633300781,"[8, 16)","[76, 97)","[82, inf)",True
f1opt,0.0758884698152542,2139.png,89,Cargo Truck,0.1055590286850929,TP,14,19.430826788915546,92,1590.2501220703125,1589.1873893737793,1603.8865966796875,1616.8746795654297,92.2040786743164,"[16, 24)","[76, 97)","[82, inf)",False
f1opt,0.0758884698152542,2139.png,90,Cargo Truck,0.1037564724683761,TP,51,14.79474080695733,92,2748.600891113281,2424.673217773437,2770.8279418945312,2434.520874023437,101.76284790039062,"[8, 16)","[76, 97)","[82, inf)",False
f1opt,0.0562120340764522,2139.png,91,Truck Tractor,0.1017696261405944,bkg,-1,16.932507853026486,92,1965.8479614257808,1337.009521484375,1978.483337402344,1359.7005615234375,37.118011474609375,"[16, 24)","[76, 97)","[-inf, 45)",True
f1opt,0.0758884698152542,2139.png,92,Cargo Truck,0.1002373471856117,bkg,-1,16.299453392400526,92,2776.5299072265625,2444.4267578125,2789.52294921875,2464.8740234375,114.26870727539062,"[16, 24)","[76, 97)","[82, inf)",True
f1opt,0.0758884698152542,2139.png,93,Cargo Truck,0.1000944450497627,bkg,-1,21.709981174553082,92,2802.5864868164062,2537.5903930664062,2824.0132446289062,2559.5873413085938,31.181474685668945,"[16, 24)","[76, 97)","[-inf, 45)",True
f1opt,0.0792115405201911,2139.png,94,Truck w/Flatbed,0.098236434161663,bkg,-1,16.136765185630768,92,1453.3033447265625,1509.387939453125,1464.7459716796875,1532.14453125,23.49652862548828,"[16, 24)","[76, 97)","[-inf, 45)",True
f1opt,0.0758884698152542,2139.png,95,Cargo Truck,0.0956816151738166,loc,32,18.60148121681062,92,1600.45556640625,1667.8910522460938,1615.23388671875,1691.3047485351562,123.4800033569336,"[16, 24)","[76, 97)","[82, inf)",True
f1opt,0.0758884698152542,2139.png,96,Cargo Truck,0.091787539422512,TP,78,14.654347911231417,92,2257.324264526367,1205.281768798828,2269.6143341064453,1222.7552185058594,118.31623840332031,"[8, 16)","[76, 97)","[82, inf)",False
f1opt,0.0758884698152542,2139.png,97,Cargo Truck,0.0917662382125854,bkg,-1,20.584667439342738,92,2283.407196044922,2508.339782714844,2297.414581298828,2538.590148925781,131.1161346435547,"[16, 24)","[76, 97)","[82, inf)",True
f1opt,0.0792115405201911,2139.png,98,Truck w/Flatbed,0.0910948291420936,cls,17,19.953932532217788,92,1547.7100830078125,1540.8521728515625,1559.1878662109375,1575.541748046875,98.20085144042969,"[16, 24)","[76, 97)","[82, inf)",True
f1opt,0.0758884698152542,2139.png,99,Cargo Truck,0.0879451036453247,TP,9,16.743303297592846,92,1687.409210205078,1876.5124206542969,1700.3124084472656,1898.238677978516,95.2732925415039,"[16, 24)","[76, 97)","[82, inf)",False
f1opt,0.0758884698152542,2139.png,100,Cargo Truck,0.0875408351421356,bkg,-1,19.035040194546884,92,2338.0279541015625,1643.8631591796875,2356.1094970703125,1663.9019775390625,50.68671798706055,"[16, 24)","[76, 97)","[45, 59)",True
f1opt,0.0758884698152542,2139.png,101,Cargo Truck,0.0850389152765274,bkg,-1,14.067478595634137,92,2328.1422729492188,2518.278686523437,2347.659118652344,2528.418334960937,126.71818542480469,"[8, 16)","[76, 97)","[82, inf)",True
f1opt,0.0758884698152542,2139.png,102,Cargo Truck,0.0847148820757865,bkg,-1,13.393899693636246,92,2199.310386657715,2550.4127807617188,2220.4416580200195,2558.902404785156,47.949493408203125,"[8, 16)","[76, 97)","[45, 59)",True
f1opt,0.0758884698152542,2139.png,103,Cargo Truck,0.0782184153795242,TP,28,16.16473421754103,92,1606.7939453125,1644.71923828125,1618.864990234375,1666.365966796875,54.565216064453125,"[16, 24)","[76, 97)","[45, 59)",False
f1opt,0.0562120340764522,2139.png,104,Truck Tractor,0.0613762252032756,cls,17,20.333453587628526,92,1547.26025390625,1541.2664184570312,1559.214599609375,1575.8521118164062,99.97801971435547,"[16, 24)","[76, 97)","[82, inf)",True
f1opt,0.0562120340764522,2292.png,0,Truck Tractor,0.4209266304969787,cls,10,32.837331640148605,30,3316.352905273437,2363.652709960937,3336.9705810546875,2415.9520263671875,34.52381134033203,"[32, 48)","[-inf, 31)","[-inf, 45)",True
f1opt,0.0562120340764522,2292.png,1,Truck Tractor,0.3240375518798828,both,2,28.9546887937363,30,3304.0047607421875,2368.286376953125,3320.889892578125,2417.93798828125,33.737648010253906,"[24, 32)","[-inf, 31)","[-inf, 45)",True
f1opt,0.0792115405201911,2292.png,2,Truck w/Flatbed,0.29500612616539,TP,24,26.298229181024336,30,3059.868469238281,1593.8018836975098,3074.9877319335938,1639.5446472167969,60.603721618652344,"[24, 32)","[-inf, 31)","[59, 82)",False
f1opt,0.0792115405201911,2292.png,3,Truck w/Flatbed,0.2822999358177185,TP,1,26.045365946602,30,3358.3458251953125,2369.5835571289062,3375.685913085937,2408.7045288085938,42.70694351196289,"[24, 32)","[-inf, 31)","[-inf, 45)",False
f1opt,0.0758884698152542,2292.png,4,Cargo Truck,0.2765574157238006,TP,25,15.172490136191898,30,890.3604583740234,2290.5184326171875,901.891372680664,2310.4825439453125,86.52777862548828,"[8, 16)","[-inf, 31)","[82, inf)",False
f1opt,0.1298133283853531,2292.png,5,Truck w/Box,0.2719456255435943,bkg,-1,29.942771470970207,30,2345.056640625,1796.2412719726562,2412.243408203125,1809.585708618164,40.61134338378906,"[24, 32)","[-inf, 31)","[-inf, 45)",True
f1opt,0.1298133283853531,2292.png,6,Truck w/Box,0.2641773819923401,bkg,-1,35.70335531755195,30,872.9533920288086,1953.9583435058596,952.5511169433594,1969.9729919433596,57.80609893798828,"[32, 48)","[-inf, 31)","[45, 59)",True
f1opt,0.0792115405201911,2292.png,7,Truck w/Flatbed,0.2612355649471283,TP,7,32.93291513230035,30,3365.630859375,2249.9357299804688,3424.223388671875,2268.446228027344,38.685001373291016,"[32, 48)","[-inf, 31)","[-inf, 45)",False
f1opt,0.0792115405201911,2292.png,8,Truck w/Flatbed,0.2517403662204742,TP,10,32.68142770570111,30,3315.848999023437,2363.982727050781,3336.221435546875,2416.410217285156,34.69528579711914,"[32, 48)","[-inf, 31)","[-inf, 45)",False
f1opt,0.0758884698152542,2292.png,9,Cargo Truck,0.2049344480037689,bkg,-1,14.295180459712569,30,2297.890380859375,1584.1396827697754,2318.6806640625,1593.9688987731934,56.01363754272461,"[8, 16)","[-inf, 31)","[45, 59)",True
f1opt,0.1298133283853531,2292.png,10,Truck w/Box,0.1457609832286834,bkg,-1,26.432721729757482,30,2186.723388671875,1702.978515625,2245.025146484375,1714.9625244140625,38.28461456298828,"[24, 32)","[-inf, 31)","[-inf, 45)",True
f1opt,0.0792115405201911,2292.png,11,Truck w/Flatbed,0.1029498055577278,cls,6,23.988686269780132,30,3367.536376953125,2266.242919921875,3409.9122314453125,2279.82275390625,49.30564880371094,"[16, 24)","[-inf, 31)","[45, 59)",True
f1opt,0.0758884698152542,2292.png,12,Cargo Truck,0.1026079282164573,bkg,-1,28.582510052145377,30,2184.766540527344,1702.1893005371094,2245.9741821289062,1715.536651611328,41.62442398071289,"[24, 32)","[-inf, 31)","[-inf, 45)",True
f1opt,0.0792115405201911,2292.png,13,Truck w/Flatbed,0.0799817815423011,loc,2,29.28142983575759,30,3304.0001220703125,2367.162109375,3321.3551025390625,2416.56591796875,33.58777618408203,"[24, 32)","[-inf, 31)","[-inf, 45)",True
f1opt,0.1298133283853531,2293.png,0,Truck w/Box,0.7528042197227478,cls,142,27.361278293446333,145,2666.4947509765625,844.788818359375,2716.5596923828125,859.7421875,50.02083206176758,"[24, 32)","[97, inf)","[45, 59)",True
f1opt,0.1298133283853531,2293.png,1,Truck w/Box,0.6919423341751099,cls,85,31.616731667254896,145,2891.47265625,860.2205810546875,2950.008056640625,877.2977294921875,41.91203689575195,"[24, 32)","[97, inf)","[-inf, 45)",True
f1opt,0.0792115405201911,2293.png,2,Truck w/Flatbed,0.6899992227554321,bkg,-1,29.770377313904426,145,2459.963592529297,855.2334747314453,2511.767303466797,872.3418121337891,41.532493591308594,"[24, 32)","[97, inf)","[-inf, 45)",True
f1opt,0.1298133283853531,2293.png,3,Truck w/Box,0.6775425672531128,cls,96,25.43468329319781,145,2527.9515075683594,1593.5069885253906,2567.822662353516,1609.7323303222656,58.083213806152344,"[24, 32)","[97, inf)","[45, 59)",True
f1opt,0.0792115405201911,2293.png,4,Truck w/Flatbed,0.6691684722900391,bkg,-1,53.854343114510705,145,2321.2501220703125,1726.9759521484375,2367.336303710937,1789.9078369140625,20.976396560668945,"[48, 96)","[97, inf)","[-inf, 45)",True
f1opt,0.0758884698152542,2293.png,5,Cargo Truck,0.6519250869750977,TP,52,33.92666519377275,145,1166.1937255859375,1105.7766723632812,1207.8892211914062,1133.3820190429688,60.96141052246094,"[32, 48)","[97, inf)","[59, 82)",False
f1opt,0.0792115405201911,2293.png,6,Truck w/Flatbed,0.6467593908309937,bkg,-1,35.08185031454713,145,728.324462890625,1168.759765625,750.688232421875,1223.7923583984375,32.336181640625,"[32, 48)","[97, inf)","[-inf, 45)",True
f1opt,0.1298133283853531,2293.png,7,Truck w/Box,0.6462125778198242,cls,133,30.62151422204626,145,2608.651412963867,844.4752731323242,2667.893356323242,860.3031997680664,49.568626403808594,"[24, 32)","[97, inf)","[45, 59)",True
f1opt,0.0758884698152542,2293.png,8,Cargo Truck,0.6409727931022644,TP,141,30.820864480301,145,2282.6236572265625,2620.9664306640625,2301.0733642578125,2672.4537353515625,56.924530029296875,"[24, 32)","[97, inf)","[45, 59)",False
f1opt,0.0758884698152542,2293.png,9,Cargo Truck,0.6317158341407776,bkg,-1,29.763433654600828,145,2285.2823486328125,2677.1268310546875,2303.4080810546875,2726.0,62.71213912963867,"[24, 32)","[97, inf)","[59, 82)",True
f1opt,0.0792115405201911,2293.png,10,Truck w/Flatbed,0.6201481819152832,bkg,-1,43.83140989223024,145,147.52236938476562,2285.8465576171875,186.85757446289065,2334.6881103515625,42.39950180053711,"[32, 48)","[97, inf)","[-inf, 45)",True
f1opt,0.0758884698152542,2293.png,11,Cargo Truck,0.614005982875824,cls,107,37.022285251915505,145,3095.9354248046875,166.47128295898438,3149.2713623046875,192.16970825195312,51.41346740722656,"[32, 48)","[97, inf)","[45, 59)",True
f1opt,0.1298133283853531,2293.png,12,Truck w/Box,0.6098902225494385,cls,66,33.40211008860312,145,650.5264892578125,2199.2412109375,715.1663818359375,2216.50146484375,49.98569107055664,"[32, 48)","[97, inf)","[45, 59)",True
f1opt,0.1298133283853531,2293.png,13,Truck w/Box,0.6095255017280579,cls,12,28.85725006465467,145,2722.503936767578,843.0657958984375,2771.861541748047,859.9373779296875,57.2435302734375,"[24, 32)","[97, inf)","[45, 59)",True
f1opt,0.1298133283853531,2293.png,14,Truck w/Box,0.58609539270401,cls,125,22.872360095890507,145,2573.0,1587.6766357421875,2609.805244445801,1601.8905029296875,101.58378601074219,"[16, 24)","[97, inf)","[82, inf)",True
f1opt,0.0758884698152542,2293.png,15,Cargo Truck,0.5852164030075073,bkg,-1,22.030824106492833,145,2384.739990234375,939.1559448242188,2400.8629150390625,969.2594909667968,87.66413879394531,"[16, 24)","[97, inf)","[82, inf)",True
f1opt,0.1298133283853531,2293.png,16,Truck w/Box,0.5790178179740906,cls,99,34.11081388114828,145,3558.8486328125,214.74099731445312,3579.515625,271.0408020019531,59.90830612182617,"[32, 48)","[97, inf)","[59, 82)",True
f1opt,0.1298133283853531,2293.png,17,Truck w/Box,0.5725143551826477,cls,25,28.49660413987989,145,1871.1473693847656,1570.3660278320312,1887.4458923339844,1620.189956665039,42.30680465698242,"[24, 32)","[97, inf)","[-inf, 45)",True
f1opt,0.0758884698152542,2293.png,18,Cargo Truck,0.5717198848724365,TP,122,41.85317925578775,145,1490.7971801757812,947.720947265625,1544.9464721679688,980.0701904296876,57.67005157470703,"[32, 48)","[97, inf)","[45, 59)",False
f1opt,0.1298133283853531,2293.png,19,Truck w/Box,0.5384371876716614,cls,102,35.16960492258465,145,780.2750244140625,2214.7427978515625,849.6048583984375,2232.5836181640625,59.46090316772461,"[32, 48)","[97, inf)","[59, 82)",True
f1opt,0.1298133283853531,2293.png,20,Truck w/Box,0.5303944945335388,bkg,-1,28.15933414295836,145,1907.4913940429688,1670.71875,1926.817321777344,1711.7490234375,60.485713958740234,"[24, 32)","[97, inf)","[59, 82)",True
f1opt,0.0758884698152542,2293.png,21,Cargo Truck,0.5212260484695435,bkg,-1,21.388720509112677,145,2158.5272216796875,774.48193359375,2184.1971435546875,792.303466796875,68.38011932373047,"[16, 24)","[97, inf)","[59, 82)",True
f1opt,0.1298133283853531,2293.png,22,Truck w/Box,0.5167474150657654,cls,3,21.097627646461042,145,2579.373107910156,1620.206039428711,2617.7742309570312,1631.797103881836,90.20726776123047,"[16, 24)","[97, inf)","[82, inf)",True
f1opt,0.1298133283853531,2293.png,23,Truck w/Box,0.5163206458091736,cls,83,19.94244213384055,145,2533.6661987304688,1618.605499267578,2568.6625366210938,1629.9695739746094,100.87963104248047,"[16, 24)","[97, inf)","[82, inf)",True
f1opt,0.0758884698152542,2293.png,24,Cargo Truck,0.4951702654361725,TP,71,35.031544385944095,145,1349.0389404296875,1028.0393676757812,1392.0345458984375,1056.58203125,73.48824310302734,"[32, 48)","[97, inf)","[59, 82)",False
f1opt,0.0758884698152542,2293.png,25,Cargo Truck,0.4795581698417663,loc,123,28.656140349343666,145,273.85504150390625,1883.7931213378904,299.9711303710937,1915.236358642578,46.492706298828125,"[24, 32)","[97, inf)","[45, 59)",True
f1opt,0.1298133283853531,2293.png,26,Truck w/Box,0.4790876507759094,cls,117,33.01106470439848,145,2518.2793884277344,954.2470092773438,2584.5110778808594,970.7003173828124,93.12993621826172,"[32, 48)","[97, inf)","[82, inf)",True
f1opt,0.1298133283853531,2293.png,27,Truck w/Box,0.4752891361713409,cls,9,34.35652114227849,145,2867.2315673828125,827.0684204101562,2926.394897460937,847.0194702148438,45.727779388427734,"[32, 48)","[97, inf)","[45, 59)",True
f1opt,0.0792115405201911,2293.png,28,Truck w/Flatbed,0.4752433001995086,cls,76,35.6719713314191,145,2461.592529296875,1612.6629638671875,2521.281005859375,1633.9818115234375,66.4344253540039,"[32, 48)","[97, inf)","[59, 82)",True
f1opt,0.0792115405201911,2293.png,29,Truck w/Flatbed,0.4749256074428558,cls,47,29.263342600842996,145,1658.8096923828125,698.1708984375,1677.2379150390625,744.6400146484375,33.808509826660156,"[24, 32)","[97, inf)","[-inf, 45)",True
f1opt,0.0792115405201911,2293.png,30,Truck w/Flatbed,0.4674957990646362,bkg,-1,30.546752417628923,145,2536.7122344970703,10.70750904083252,2600.827087402344,25.26114273071289,49.657691955566406,"[24, 32)","[97, inf)","[45, 59)",True
f1opt,0.0758884698152542,2293.png,31,Cargo Truck,0.4628289043903351,bkg,-1,45.22644548323572,145,1439.126953125,970.6702270507812,1500.3016357421875,1004.1061401367188,49.8608283996582,"[32, 48)","[97, inf)","[45, 59)",True
f1opt,0.1298133283853531,2293.png,32,Truck w/Box,0.4293270409107208,both,7,23.320904226799094,145,2823.5093383789062,840.384521484375,2862.0230102539062,854.505859375,49.4900016784668,"[16, 24)","[97, inf)","[45, 59)",True
f1opt,0.0758884698152542,2293.png,33,Cargo Truck,0.4181537628173828,bkg,-1,22.511003600064814,145,1711.7005310058594,1170.8302001953125,1745.731414794922,1185.720947265625,85.61607360839844,"[16, 24)","[97, inf)","[82, inf)",True
f1opt,0.0758884698152542,2293.png,34,Cargo Truck,0.4153758287429809,TP,35,32.905548811866,145,1889.370178222656,1638.9217529296875,1910.9185180664065,1689.17041015625,54.22202682495117,"[32, 48)","[97, inf)","[45, 59)",False
f1opt,0.0758884698152542,2293.png,35,Cargo Truck,0.4058943390846252,TP,72,40.560500611826875,145,1296.773193359375,1041.0622253417969,1351.916259765625,1070.896514892578,53.37797546386719,"[32, 48)","[97, inf)","[45, 59)",False
f1opt,0.0758884698152542,2293.png,36,Cargo Truck,0.4037762284278869,bkg,-1,30.218239571837277,145,2444.5513916015625,1421.3192138671875,2469.921264648437,1457.3123779296875,55.8731803894043,"[24, 32)","[97, inf)","[45, 59)",True
f1opt,0.0758884698152542,2293.png,37,Cargo Truck,0.3916288316249847,loc,81,32.00268307837875,145,260.147705078125,1876.135986328125,288.8878173828125,1911.7716064453125,44.94827651977539,"[32, 48)","[97, inf)","[-inf, 45)",True
f1opt,0.0758884698152542,2293.png,38,Cargo Truck,0.3841707110404968,loc,61,30.200575895139465,145,1288.50732421875,1097.5430297851562,1326.912841796875,1121.2915649414062,32.987693786621094,"[24, 32)","[97, inf)","[-inf, 45)",True
f1opt,0.1298133283853531,2293.png,39,Truck w/Box,0.3735666871070862,cls,65,26.62633706119343,145,773.9078369140625,2089.768920898437,788.7674560546875,2137.479553222656,62.61606979370117,"[24, 32)","[97, inf)","[59, 82)",True
f1opt,0.0758884698152542,2293.png,40,Cargo Truck,0.3706657588481903,cls,128,28.83126441930025,145,2595.139068603516,921.1681823730468,2617.619804382324,958.1439208984376,52.40160369873047,"[24, 32)","[97, inf)","[45, 59)",True
f1opt,0.1298133283853531,2293.png,41,Truck w/Box,0.3706232905387878,TP,10,33.227828316757375,145,3574.3173828125,294.34478759765625,3597.0,343.02032470703125,54.59304428100586,"[32, 48)","[97, inf)","[45, 59)",False
f1opt,0.0792115405201911,2293.png,42,Truck w/Flatbed,0.3692819774150848,bkg,-1,28.78657220809289,145,2482.2122650146484,844.1249542236328,2532.7509002685547,860.5216522216797,47.820068359375,"[24, 32)","[97, inf)","[45, 59)",True
f1opt,0.0792115405201911,2293.png,43,Truck w/Flatbed,0.3675487041473388,TP,140,27.124416895501145,145,3024.5944213867188,2.08135986328125,3040.7189331054688,47.70965576171875,59.457801818847656,"[24, 32)","[97, inf)","[59, 82)",False
f1opt,0.0758884698152542,2293.png,44,Cargo Truck,0.3606242537498474,TP,69,34.95941684719032,145,663.5438232421875,2291.658447265625,689.7979736328125,2338.2095947265625,39.611881256103516,"[32, 48)","[97, inf)","[-inf, 45)",False
f1opt,0.0562120340764522,2293.png,45,Truck Tractor,0.3596370816230774,bkg,-1,29.844259987291558,145,1849.7733154296875,809.8738479614258,1882.1421508789065,837.3904342651367,56.55375289916992,"[24, 32)","[97, inf)","[45, 59)",True
f1opt,0.0758884698152542,2293.png,46,Cargo Truck,0.3472152054309845,TP,28,25.63752428454169,145,1911.2194519042969,1584.27738571167,1929.312042236328,1620.606216430664,46.22190475463867,"[24, 32)","[97, inf)","[45, 59)",False
f1opt,0.1298133283853531,2293.png,47,Truck w/Box,0.3394205868244171,cls,42,44.709554061269856,145,1623.8797607421875,898.2320556640625,1682.0321044921875,932.6063232421876,44.828094482421875,"[32, 48)","[97, inf)","[-inf, 45)",True
f1opt,0.0758884698152542,2293.png,48,Cargo Truck,0.339255541563034,bkg,-1,29.272289539691347,145,1910.9808349609373,1489.1700439453125,1935.1109619140625,1524.6802978515625,50.8322639465332,"[24, 32)","[97, inf)","[45, 59)",True
f1opt,0.0792115405201911,2293.png,49,Truck w/Flatbed,0.3310035765171051,both,105,44.61949674180759,145,279.8377685546875,1830.5243835449216,321.4866943359375,1878.3263244628904,38.53725814819336,"[32, 48)","[97, inf)","[-inf, 45)",True
f1opt,0.0792115405201911,2293.png,50,Truck w/Flatbed,0.3280369341373443,cls,142,27.095890085663928,145,2668.781555175781,845.0190887451172,2717.0863647460938,860.2181396484375,52.032501220703125,"[24, 32)","[97, inf)","[45, 59)",True
f1opt,0.0758884698152542,2293.png,51,Cargo Truck,0.327800452709198,bkg,-1,45.15883593365222,145,343.0460510253906,1849.0619354248047,384.8849182128906,1897.804183959961,58.206024169921875,"[32, 48)","[97, inf)","[45, 59)",True
f1opt,0.0792115405201911,2293.png,52,Truck w/Flatbed,0.3137847483158111,TP,79,28.31955421616463,145,1497.09130859375,1847.5593872070312,1515.232177734375,1891.768798828125,53.50994110107422,"[24, 32)","[97, inf)","[45, 59)",False
f1opt,0.0758884698152542,2293.png,53,Cargo Truck,0.3136172294616699,TP,48,43.691853585423715,145,1248.8115844726562,1061.974609375,1308.22802734375,1094.1033935546875,54.102699279785156,"[32, 48)","[97, inf)","[45, 59)",False
f1opt,0.1298133283853531,2293.png,54,Truck w/Box,0.3125289976596832,cls,93,29.389560994513943,145,2668.4964141845703,1469.0633544921875,2727.2026977539062,1483.7763671875,38.52888870239258,"[24, 32)","[97, inf)","[-inf, 45)",True
f1opt,0.1298133283853531,2293.png,55,Truck w/Box,0.3082166612148285,cls,86,29.18487149345332,145,2668.3908081054688,1456.9517211914062,2726.82763671875,1471.5274047851562,33.20021057128906,"[24, 32)","[97, inf)","[-inf, 45)",True
f1opt,0.0792115405201911,2293.png,56,Truck w/Flatbed,0.302248865365982,cls,42,45.24187834251712,145,1624.6884765625,897.3616790771484,1682.6508331298828,932.6747283935548,44.64077377319336,"[32, 48)","[97, inf)","[-inf, 45)",True
f1opt,0.0758884698152542,2293.png,57,Cargo Truck,0.2984081208705902,cls,127,24.95624238631975,145,2433.5294189453125,1256.0802001953125,2449.8980712890625,1294.12939453125,70.15083312988281,"[24, 32)","[97, inf)","[59, 82)",True
f1opt,0.1298133283853531,2293.png,58,Truck w/Box,0.2972157001495361,cls,127,26.119974295483836,145,2433.6729278564453,1255.748046875,2450.941421508789,1295.256591796875,69.38482666015625,"[24, 32)","[97, inf)","[59, 82)",True
f1opt,0.0758884698152542,2293.png,59,Cargo Truck,0.29498490691185,TP,134,32.53634118633651,145,2236.903686523437,1146.3052978515625,2257.9813232421875,1196.52978515625,38.6452751159668,"[32, 48)","[97, inf)","[-inf, 45)",False
f1opt,0.0792115405201911,2293.png,60,Truck w/Flatbed,0.2944641709327698,cls,107,34.649864718084004,145,3096.871337890625,167.48097229003906,3147.521484375,191.1850128173828,52.99692153930664,"[32, 48)","[97, inf)","[45, 59)",True
f1opt,0.0758884698152542,2293.png,61,Cargo Truck,0.2940514981746673,TP,34,28.93105371088886,145,1901.30126953125,1622.2158203125,1918.6085205078125,1670.577392578125,52.70975112915039,"[24, 32)","[97, inf)","[45, 59)",False
f1opt,0.0758884698152542,2293.png,62,Cargo Truck,0.2932625412940979,bkg,-1,25.429617088414062,145,2752.580078125,898.971923828125,2775.940368652344,926.6541748046876,78.05603790283203,"[24, 32)","[97, inf)","[59, 82)",True
f1opt,0.0758884698152542,2293.png,63,Cargo Truck,0.2921603322029114,TP,95,25.867172457950726,145,1749.6862182617188,1171.532470703125,1789.0419921875,1188.5340576171875,54.44986343383789,"[24, 32)","[97, inf)","[45, 59)",False
f1opt,0.1298133283853531,2293.png,64,Truck w/Box,0.2893466055393219,cls,76,36.98929052467027,145,2461.552520751953,1612.1336364746094,2522.7295837402344,1634.4983520507812,66.3218765258789,"[32, 48)","[97, inf)","[59, 82)",True
f1opt,0.0758884698152542,2293.png,65,Cargo Truck,0.2876021862030029,bkg,-1,22.026867135660797,145,183.5127868652344,2246.935546875,203.99966430664065,2270.6181640625,66.87999725341797,"[16, 24)","[97, inf)","[59, 82)",True
f1opt,0.0758884698152542,2293.png,66,Cargo Truck,0.2853923738002777,both,115,32.13181970746738,145,2575.422271728516,916.0108642578124,2600.457975387573,957.2501220703124,37.5494499206543,"[32, 48)","[97, inf)","[-inf, 45)",True
f1opt,0.0792115405201911,2293.png,67,Truck w/Flatbed,0.2818410694599151,bkg,-1,40.581406960389046,145,212.17312622070312,1878.374084472656,271.0333557128906,1906.3530883789065,45.872989654541016,"[32, 48)","[97, inf)","[45, 59)",True
f1opt,0.1298133283853531,2293.png,68,Truck w/Box,0.2773942053318023,cls,103,24.803870802523015,145,2410.73046875,1517.1407470703125,2428.18603515625,1552.3863525390625,57.404972076416016,"[24, 32)","[97, inf)","[45, 59)",True
f1opt,0.0758884698152542,2293.png,69,Cargo Truck,0.2767490446567535,TP,43,38.33957957693201,145,2110.583374023437,576.0797729492188,2154.8133544921875,609.3134155273438,45.76405334472656,"[32, 48)","[97, inf)","[45, 59)",False
f1opt,0.0792115405201911,2293.png,70,Truck w/Flatbed,0.2678784728050232,cls,0,35.65162347058366,145,315.3447570800781,1790.2485809326172,345.7594299316406,1832.0388793945312,38.21830368041992,"[32, 48)","[97, inf)","[-inf, 45)",True
f1opt,0.0792115405201911,2293.png,71,Truck w/Flatbed,0.2667376101016998,cls,73,45.5334594543282,145,1205.40234375,1084.5703125,1259.907958984375,1122.6085205078125,57.46247100830078,"[32, 48)","[97, inf)","[45, 59)",True
f1opt,0.0758884698152542,2293.png,72,Cargo Truck,0.2658417522907257,TP,37,22.72324835451902,145,1876.4723510742188,1661.7889404296875,1894.7590942382808,1690.0250244140625,43.452632904052734,"[16, 24)","[97, inf)","[-inf, 45)",False
f1opt,0.0758884698152542,2293.png,73,Cargo Truck,0.26505908370018,TP,29,28.436097998040275,145,1913.1200256347656,1626.3677368164062,1932.9280700683596,1667.1901245117188,52.96071243286133,"[24, 32)","[97, inf)","[45, 59)",False
f1opt,0.0792115405201911,2293.png,74,Truck w/Flatbed,0.264570951461792,TP,9,35.88455524597284,145,2865.0447998046875,827.2764282226562,2925.968994140625,848.4125518798828,45.166168212890625,"[32, 48)","[97, inf)","[-inf, 45)",False
f1opt,0.0758884698152542,2293.png,75,Cargo Truck,0.2644422948360443,bkg,-1,43.57093513390018,145,1204.939971923828,1139.271514892578,1265.1687316894531,1170.7917785644531,48.29183578491211,"[32, 48)","[97, inf)","[45, 59)",True
f1opt,0.1725006252527237,2293.png,76,Truck w/Liquid,0.264400839805603,cls,76,36.98194385002547,145,2461.2440490722656,1612.0906600952148,2522.309112548828,1634.4874954223633,66.3218765258789,"[32, 48)","[97, inf)","[59, 82)",True
f1opt,0.0758884698152542,2293.png,77,Cargo Truck,0.2634983360767364,bkg,-1,21.612123781046666,145,2186.853271484375,963.2464447021484,2203.55322265625,991.2156219482422,55.812259674072266,"[16, 24)","[97, inf)","[45, 59)",True
f1opt,0.1298133283853531,2293.png,78,Truck w/Box,0.2626861035823822,cls,31,28.62482701059577,145,1884.373107910156,1551.1340866088867,1901.2488403320312,1599.687873840332,31.49433135986328,"[24, 32)","[97, inf)","[-inf, 45)",True
f1opt,0.0792115405201911,2293.png,79,Truck w/Flatbed,0.2607327103614807,bkg,-1,33.73081548277378,145,2213.578491210937,1397.7279052734375,2234.048828125,1453.3092041015625,36.90590286254883,"[32, 48)","[97, inf)","[-inf, 45)",True
f1opt,0.0758884698152542,2293.png,80,Cargo Truck,0.25105881690979,bkg,-1,17.937521880913827,145,993.4886474609376,1258.5020446777344,1014.2877197265624,1273.971710205078,47.4573860168457,"[16, 24)","[97, inf)","[45, 59)",True
f1opt,0.0758884698152542,2293.png,81,Cargo Truck,0.2502778768539428,TP,78,30.617002883280552,145,2275.8081665039062,2562.732666015625,2294.2261352539062,2613.628662109375,67.4826889038086,"[24, 32)","[97, inf)","[59, 82)",False
f1opt,0.0758884698152542,2293.png,82,Cargo Truck,0.2496753334999084,TP,84,22.694550986079328,145,2622.966094970703,1615.2715911865234,2662.9715881347656,1628.1458892822266,95.39198303222656,"[16, 24)","[97, inf)","[82, inf)",False
f1opt,0.1298133283853531,2293.png,83,Truck w/Box,0.2493129819631576,TP,115,26.68740829076791,145,2578.3916015625,922.1126708984376,2599.5625,955.7540283203124,34.25935745239258,"[24, 32)","[97, inf)","[-inf, 45)",False
f1opt,0.1298133283853531,2293.png,84,Truck w/Box,0.2416725307703018,cls,84,22.814925180167137,145,2623.151123046875,1615.281997680664,2663.105224609375,1628.3099670410156,95.64459991455078,"[16, 24)","[97, inf)","[82, inf)",True
f1opt,0.0758884698152542,2293.png,85,Cargo Truck,0.2329214364290237,loc,61,24.919007639226397,145,1310.7354736328125,1100.9547729492188,1341.8594970703125,1120.9058227539062,37.581844329833984,"[24, 32)","[97, inf)","[-inf, 45)",True
f1opt,0.0758884698152542,2293.png,86,Cargo Truck,0.2301474064588546,TP,27,35.6307251928808,145,1924.4653930664065,1569.9358520507812,1948.783142089844,1622.1425170898438,59.40666580200195,"[32, 48)","[97, inf)","[59, 82)",False
f1opt,0.1298133283853531,2293.png,87,Truck w/Box,0.2254477590322494,cls,6,23.0256204699601,145,2581.542907714844,1002.98193359375,2623.170227050781,1015.71826171875,56.988372802734375,"[16, 24)","[97, inf)","[45, 59)",True
f1opt,0.0792115405201911,2293.png,88,Truck w/Flatbed,0.2222788035869598,cls,45,41.502862076313924,145,1376.7332153320312,1024.2470092773438,1431.1410522460938,1055.9058227539062,57.33147430419922,"[32, 48)","[97, inf)","[45, 59)",True
f1opt,0.1298133283853531,2293.png,89,Truck w/Box,0.2182923406362533,cls,33,27.72318065239916,145,1875.169189453125,1617.713363647461,1890.8114013671875,1666.8480224609375,49.04999923706055,"[24, 32)","[97, inf)","[45, 59)",True
f1opt,0.0562120340764522,2293.png,90,Truck Tractor,0.2163132280111313,both,53,22.747650895038003,145,1668.97998046875,929.6112060546876,1691.89892578125,952.1888427734376,59.85416793823242,"[16, 24)","[97, inf)","[59, 82)",True
f1opt,0.1298133283853531,2293.png,91,Truck w/Box,0.2158011794090271,both,92,27.392325589516975,145,2228.343994140625,1057.4785766601562,2247.487060546875,1096.6749877929688,47.028751373291016,"[24, 32)","[97, inf)","[45, 59)",True
f1opt,0.0792115405201911,2293.png,92,Truck w/Flatbed,0.2132177948951721,TP,130,29.083810722883488,145,2668.7213439941406,1480.3973388671875,2726.959014892578,1494.9217529296875,42.02259826660156,"[24, 32)","[97, inf)","[-inf, 45)",False
f1opt,0.0792115405201911,2293.png,93,Truck w/Flatbed,0.2117419987916946,bkg,-1,27.17281550649228,145,1299.316162109375,1995.7439575195312,1318.7366943359375,2033.763610839844,27.326923370361328,"[24, 32)","[97, inf)","[-inf, 45)",True
f1opt,0.1298133283853531,2293.png,94,Truck w/Box,0.2106073349714279,cls,106,19.105655584141385,145,2578.420280456543,1015.3301391601562,2623.007606506348,1023.5169067382812,75.95893859863281,"[16, 24)","[97, inf)","[59, 82)",True
f1opt,0.1298133283853531,2293.png,95,Truck w/Box,0.207760602235794,cls,32,27.898353060971456,145,1887.1951904296875,1596.5061264038086,1903.3428955078125,1644.7060470581057,52.92076873779297,"[24, 32)","[97, inf)","[45, 59)",True
f1opt,0.0562120340764522,2293.png,96,Truck Tractor,0.2029404044151306,both,105,42.37832437826592,145,282.2459716796875,1831.8455810546875,321.1448974609375,1878.0145263671875,37.719791412353516,"[32, 48)","[97, inf)","[-inf, 45)",True
f1opt,0.1298133283853531,2293.png,97,Truck w/Box,0.2008727043867111,cls,121,28.295109476045788,145,2668.672912597656,1443.6755981445312,2726.398635864258,1457.5448608398438,35.794349670410156,"[24, 32)","[97, inf)","[-inf, 45)",True
f1opt,0.0758884698152542,2293.png,98,Cargo Truck,0.1918209195137024,both,7,24.09762275156731,145,2824.431396484375,840.2362518310547,2863.067626953125,855.2660675048828,50.396873474121094,"[24, 32)","[97, inf)","[45, 59)",True
f1opt,0.1298133283853531,2293.png,99,Truck w/Box,0.1898631602525711,cls,43,37.76175215926724,145,2111.3326416015625,575.48974609375,2155.8843994140625,607.496337890625,45.61818313598633,"[32, 48)","[97, inf)","[45, 59)",True
f1opt,0.0792115405201911,2293.png,100,Truck w/Flatbed,0.1873415261507034,TP,101,24.05567404864845,145,2304.9449214935303,2134.351867675781,2317.4642248153687,2180.574523925781,33.778114318847656,"[24, 32)","[97, inf)","[-inf, 45)",False
f1opt,0.0758884698152542,2293.png,101,Cargo Truck,0.1855839788913726,bkg,-1,27.093232789817037,145,2794.3865966796875,901.4862365722656,2820.202514648437,929.9199829101562,66.55555725097656,"[24, 32)","[97, inf)","[59, 82)",True
f1opt,0.0562120340764522,2293.png,102,Truck Tractor,0.1838821172714233,both,30,45.558788417628236,145,1901.7608642578125,1536.0,1926.8277587890625,1618.8025665283203,43.46154022216797,"[32, 48)","[97, inf)","[-inf, 45)",True
f1opt,0.1298133283853531,2293.png,103,Truck w/Box,0.1833114922046661,both,18,28.590173181271652,145,1862.7049560546875,1479.670654296875,1879.895751953125,1527.21923828125,51.7641716003418,"[24, 32)","[97, inf)","[45, 59)",True
f1opt,0.0758884698152542,2293.png,104,Cargo Truck,0.1794676333665847,bkg,-1,19.677159403690442,145,1708.4830627441406,1163.1502075195312,1736.6311340332031,1176.9057006835938,88.00492858886719,"[16, 24)","[97, inf)","[82, inf)",True
f1opt,0.0792115405201911,2293.png,105,Truck w/Flatbed,0.1778950840234756,bkg,-1,22.660133349639363,145,3012.493408203125,1135.4534606933594,3050.8759765625,1148.8314514160156,30.21611785888672,"[16, 24)","[97, inf)","[-inf, 45)",True
f1opt,0.0758884698152542,2293.png,106,Cargo Truck,0.1772886514663696,TP,3,21.127368135794022,145,2580.2796325683594,1619.6830596923828,2618.764373779297,1631.2815704345703,85.62327575683594,"[16, 24)","[97, inf)","[82, inf)",False
f1opt,0.0758884698152542,2293.png,107,Cargo Truck,0.177008107304573,TP,31,27.1956924928628,145,1884.549743652344,1555.1221923828125,1900.8247680664065,1600.56640625,31.736572265625,"[24, 32)","[97, inf)","[-inf, 45)",False
f1opt,0.1725006252527237,2293.png,108,Truck w/Liquid,0.176984429359436,cls,12,28.49010532420806,145,2723.4928283691406,843.6598205566406,2772.882232666016,860.09423828125,57.723331451416016,"[24, 32)","[97, inf)","[45, 59)",True
f1opt,0.0758884698152542,2293.png,109,Cargo Truck,0.1758034378290176,TP,54,30.598299566874644,145,1636.7686767578125,934.021484375,1677.7740478515625,956.85400390625,46.16149139404297,"[24, 32)","[97, inf)","[45, 59)",False
f1opt,0.1298133283853531,2293.png,110,Truck w/Box,0.1742236763238906,cls,100,35.73571730099657,145,2435.7315368652344,1284.8192749023438,2462.947235107422,1331.7422485351562,62.44270706176758,"[32, 48)","[97, inf)","[59, 82)",True
f1opt,0.0758884698152542,2293.png,111,Cargo Truck,0.1739899218082428,TP,30,26.61690441649478,145,1900.5585021972656,1581.2901611328125,1916.749786376953,1625.0457763671875,38.462745666503906,"[24, 32)","[97, inf)","[-inf, 45)",False
f1opt,0.0758884698152542,2293.png,112,Cargo Truck,0.1721197217702865,TP,50,44.630243525513634,145,1205.2918395996094,1083.706787109375,1257.8714904785156,1121.5894775390625,58.101112365722656,"[32, 48)","[97, inf)","[45, 59)",False
f1opt,0.0758884698152542,2293.png,113,Cargo Truck,0.1708487272262573,bkg,-1,21.415449826428517,145,2776.2407836914062,842.53515625,2811.0112915039062,855.7251129150391,35.66666793823242,"[16, 24)","[97, inf)","[-inf, 45)",True
f1opt,0.0758884698152542,2293.png,114,Cargo Truck,0.1684215366840362,TP,42,45.27461562380557,145,1623.90576171875,897.5672607421875,1682.22509765625,932.7149658203124,44.4060173034668,"[32, 48)","[97, inf)","[-inf, 45)",False
f1opt,0.0562120340764522,2293.png,115,Truck Tractor,0.1637428253889084,cls,6,24.599958008070928,145,2578.178092956543,1003.1025390625,2622.4173736572266,1016.78173828125,56.70952224731445,"[24, 32)","[97, inf)","[45, 59)",True
f1opt,0.1298133283853531,2293.png,116,Truck w/Box,0.162167027592659,both,77,28.460367809298344,145,2304.0,510.5600891113281,2329.522787094116,542.296142578125,32.75291442871094,"[24, 32)","[97, inf)","[-inf, 45)",True
f1opt,0.0758884698152542,2293.png,117,Cargo Truck,0.1616544425487518,bkg,-1,23.63498474194795,145,1678.8890686035156,505.9964599609375,1697.1129150390625,536.6492919921875,55.224998474121094,"[16, 24)","[97, inf)","[45, 59)",True
f1opt,0.0792115405201911,2293.png,118,Truck w/Flatbed,0.1584323793649673,bkg,-1,33.08807835864268,145,1974.4254760742188,692.816650390625,2014.5398559570312,720.109130859375,47.434818267822266,"[32, 48)","[97, inf)","[45, 59)",True
f1opt,0.1298133283853531,2293.png,119,Truck w/Box,0.1583304852247238,cls,104,24.95135681053905,145,2495.1238403320312,1350.2501220703125,2508.646850585937,1396.2879638671875,35.439208984375,"[24, 32)","[97, inf)","[-inf, 45)",True
f1opt,0.1298133283853531,2293.png,120,Truck w/Box,0.1572697907686233,cls,140,26.79744692899701,145,3024.60693359375,1.3306770324707031,3039.962890625,48.0944938659668,59.13801956176758,"[24, 32)","[97, inf)","[45, 59)",True
f1opt,0.1298133283853531,2293.png,121,Truck w/Box,0.1563002914190292,bkg,-1,43.251436712334915,145,1204.1504821777344,1139.5647583007812,1263.4720764160156,1171.0994262695312,48.300506591796875,"[32, 48)","[97, inf)","[45, 59)",True
f1opt,0.0792115405201911,2293.png,122,Truck w/Flatbed,0.1542912423610687,bkg,-1,38.77067897188399,145,158.8042755126953,1862.9474487304688,190.8695526123047,1909.8257446289065,51.16224670410156,"[32, 48)","[97, inf)","[45, 59)",True
f1opt,0.1298133283853531,2293.png,123,Truck w/Box,0.1481704711914062,cls,23,32.08612148837311,145,1866.905303955078,1527.510986328125,1886.4557800292969,1580.1705322265625,25.86243438720703,"[32, 48)","[97, inf)","[-inf, 45)",True
f1opt,0.0792115405201911,2293.png,124,Truck w/Flatbed,0.141971468925476,bkg,-1,22.31617370336907,145,1736.154296875,788.8219909667969,1760.06689453125,809.6483192443848,45.83636474609375,"[16, 24)","[97, inf)","[45, 59)",True
f1opt,0.1298133283853531,2293.png,125,Truck w/Box,0.1396804600954055,both,60,84.8874592566424,145,1360.1305541992188,1034.8857421875,1476.1057739257812,1097.0186767578125,43.26776123046875,"[48, 96)","[97, inf)","[-inf, 45)",True
f1opt,0.0562120340764522,2293.png,126,Truck Tractor,0.1375647783279419,cls,0,38.034228162942405,145,315.04901123046875,1789.6929168701172,346.8443603515625,1835.190216064453,37.302528381347656,"[32, 48)","[97, inf)","[-inf, 45)",True
f1opt,0.1298133283853531,2293.png,127,Truck w/Box,0.1360573768615722,bkg,-1,27.141457190243035,145,3581.010986328125,253.6934509277344,3596.608154296875,300.9237365722656,52.59244918823242,"[24, 32)","[97, inf)","[45, 59)",True
f1opt,0.0792115405201911,2293.png,128,Truck w/Flatbed,0.128242552280426,both,81,30.38209835997453,145,262.6875,1874.63818359375,288.688720703125,1910.1392822265625,45.135135650634766,"[24, 32)","[97, inf)","[-inf, 45)",True
f1opt,0.0758884698152542,2293.png,129,Cargo Truck,0.1250192075967788,TP,12,26.855212917149686,145,2723.655059814453,844.3100280761719,2771.882598876953,859.2641906738281,59.13010025024414,"[24, 32)","[97, inf)","[45, 59)",False
f1opt,0.0758884698152542,2293.png,130,Cargo Truck,0.1230740919709205,TP,13,50.06252756827076,145,773.9625797271729,1381.590576171875,827.1708297729492,1428.693359375,36.38522720336914,"[48, 96)","[97, inf)","[-inf, 45)",False
f1opt,0.0758884698152542,2293.png,131,Cargo Truck,0.121521957218647,TP,63,33.47250406887519,145,1258.6233520507812,1121.3787231445312,1304.1784057617188,1145.9733276367188,38.9114875793457,"[32, 48)","[97, inf)","[-inf, 45)",False
f1opt,0.0758884698152542,2293.png,132,Cargo Truck,0.121492326259613,loc,58,32.69167374047819,145,1460.6408081054688,1014.2294921875,1504.6643676757812,1038.5061645507812,33.818668365478516,"[32, 48)","[97, inf)","[-inf, 45)",True
f1opt,0.0792115405201911,2293.png,133,Truck w/Flatbed,0.1197635382413864,bkg,-1,32.40450179482609,145,2829.6962890625,1007.4647216796876,2893.2000122070312,1024.0,43.9936637878418,"[32, 48)","[97, inf)","[-inf, 45)",True
f1opt,0.0758884698152542,2293.png,134,Cargo Truck,0.1181188002228736,bkg,-1,22.734035717506973,145,1360.75048828125,2690.835998535156,1377.439453125,2721.804748535156,17.30381965637207,"[16, 24)","[97, inf)","[-inf, 45)",True
f1opt,0.0758884698152542,2293.png,135,Cargo Truck,0.1141505986452102,bkg,-1,15.889299770672748,145,3482.6945190429688,158.17575073242188,3499.5109252929688,173.18905639648438,54.13194274902344,"[8, 16)","[97, inf)","[45, 59)",True
f1opt,0.0758884698152542,2293.png,136,Cargo Truck,0.1128768473863601,bkg,-1,15.255265012978402,145,1797.1776123046875,1773.5557861328125,1809.7952880859373,1792.0,21.846153259277344,"[8, 16)","[97, inf)","[-inf, 45)",True
f1opt,0.0758884698152542,2293.png,137,Cargo Truck,0.112589381635189,TP,33,26.13347274319749,145,1875.9249572753904,1619.6715087890625,1891.4768981933596,1663.586181640625,49.35032653808594,"[24, 32)","[97, inf)","[45, 59)",False
f1opt,0.0758884698152542,2293.png,138,Cargo Truck,0.1124391108751297,bkg,-1,22.537284382039314,145,2666.816390991211,800.8288269042969,2683.9991607666016,830.3892059326172,41.32258224487305,"[16, 24)","[97, inf)","[-inf, 45)",True
f1opt,0.0792115405201911,2293.png,139,Truck w/Flatbed,0.1089452803134918,bkg,-1,33.61060752098406,145,2234.798095703125,2027.227294921875,2256.888427734375,2078.3660888671875,32.60869598388672,"[32, 48)","[97, inf)","[-inf, 45)",True
f1opt,0.0758884698152542,2293.png,140,Cargo Truck,0.1065734401345253,TP,20,32.97595749801412,145,1919.12060546875,1529.764404296875,1941.1656494140625,1579.09130859375,45.16965103149414,"[32, 48)","[97, inf)","[-inf, 45)",False
f1opt,0.0792115405201911,2293.png,141,Truck w/Flatbed,0.1053971946239471,bkg,-1,31.802021987885983,145,2678.9882888793945,1498.91748046875,2732.230529785156,1517.9130859375,36.82636260986328,"[24, 32)","[97, inf)","[-inf, 45)",True
f1opt,0.0758884698152542,2293.png,142,Cargo Truck,0.0989220142364502,TP,6,21.31336733668809,145,2586.50345993042,1003.43212890625,2623.051239013672,1015.861328125,63.21255111694336,"[16, 24)","[97, inf)","[59, 82)",False
f1opt,0.0758884698152542,2293.png,143,Cargo Truck,0.0981695353984832,bkg,-1,28.14631457638574,145,2170.6690673828125,1089.0682373046875,2190.1802978515625,1129.6712646484375,42.49361038208008,"[24, 32)","[97, inf)","[-inf, 45)",True
f1opt,0.0792115405201911,2293.png,144,Truck w/Flatbed,0.0970178171992302,cls,38,31.57482737169699,145,1434.5360107421875,1473.70263671875,1451.3131103515625,1533.1270751953125,76.89708709716797,"[24, 32)","[97, inf)","[59, 82)",True
f1opt,0.0758884698152542,2293.png,145,Cargo Truck,0.0959690436720848,bkg,-1,33.83305144084904,145,1973.3721923828125,693.1217041015625,2015.332763671875,720.4014892578125,48.28488540649414,"[32, 48)","[97, inf)","[45, 59)",True
f1opt,0.0792115405201911,2293.png,146,Truck w/Flatbed,0.095487430691719,cls,13,47.839656219899794,145,775.5242919921875,1383.0048828125,826.6370849609375,1427.781005859375,36.770511627197266,"[32, 48)","[97, inf)","[-inf, 45)",True
f1opt,0.0562120340764522,2293.png,147,Truck Tractor,0.0908308550715446,bkg,-1,22.01018853221964,145,1735.970703125,788.6204528808594,1759.4256591796875,809.2748680114746,45.703636169433594,"[16, 24)","[97, inf)","[45, 59)",True
f1opt,0.0758884698152542,2293.png,148,Cargo Truck,0.0907886177301406,TP,65,31.645353280537705,145,771.9671096801758,2088.593811035156,790.8526763916016,2141.6199340820312,58.18888854980469,"[24, 32)","[97, inf)","[45, 59)",False
f1opt,0.0758884698152542,2293.png,149,Cargo Truck,0.0902751237154007,bkg,-1,34.16859343400248,145,1895.8572998046875,1528.524658203125,1915.9522705078125,1586.6234130859375,42.820823669433594,"[32, 48)","[97, inf)","[-inf, 45)",True
f1opt,0.0792115405201911,2293.png,150,Truck w/Flatbed,0.0897774547338485,bkg,-1,37.026358361943196,145,3322.918029785156,15.683422088623049,3373.2703247070312,42.910606384277344,65.39766693115234,"[32, 48)","[97, inf)","[59, 82)",True
f1opt,0.0792115405201911,2293.png,151,Truck w/Flatbed,0.089202657341957,TP,137,38.963554571140506,145,2630.621826171875,285.8665771484375,2683.3094482421875,314.680908203125,43.404937744140625,"[32, 48)","[97, inf)","[-inf, 45)",False
f1opt,0.0758884698152542,2293.png,152,Cargo Truck,0.0856193006038665,bkg,-1,13.783412787156573,145,2875.1519775390625,1702.997947692871,2884.8465576171875,1722.5947189331057,27.77142906188965,"[8, 16)","[97, inf)","[-inf, 45)",True
f1opt,0.0758884698152542,2293.png,153,Cargo Truck,0.0848019123077392,TP,32,32.84602564873218,145,1886.816467285156,1594.6813354492188,1906.2387084960935,1650.2290649414062,50.19465255737305,"[32, 48)","[97, inf)","[45, 59)",False
f1opt,0.0792115405201911,2293.png,154,Truck w/Flatbed,0.0834183096885681,bkg,-1,21.918111116745433,145,1679.890869140625,506.1111145019531,1696.525146484375,534.991455078125,52.48084259033203,"[16, 24)","[97, inf)","[45, 59)",True
f1opt,0.0792115405201911,2293.png,155,Truck w/Flatbed,0.083302192389965,TP,104,26.041840034607546,145,2495.094039916992,1350.12451171875,2509.707656860352,1396.53173828125,34.40425491333008,"[24, 32)","[97, inf)","[-inf, 45)",False
f1opt,0.0758884698152542,2293.png,156,Cargo Truck,0.082586757838726,TP,55,36.644477061007905,145,1584.7528076171875,953.9207763671876,1631.9075927734375,982.3975830078124,34.32500076293945,"[32, 48)","[97, inf)","[-inf, 45)",False
f1opt,0.0758884698152542,2293.png,157,Cargo Truck,0.082070916891098,bkg,-1,14.066636132878541,145,2573.122822761536,989.0836181640624,2581.722454071045,1012.0927734375,69.95370483398438,"[8, 16)","[97, inf)","[59, 82)",True
f1opt,0.0758884698152542,2293.png,158,Cargo Truck,0.0812558010220527,TP,109,23.850218794252743,145,2579.440029144287,1024.8507995605469,2622.800853729248,1037.9693908691406,57.29707717895508,"[16, 24)","[97, inf)","[45, 59)",False
f1opt,0.0562120340764522,2293.png,159,Truck Tractor,0.0808668211102485,bkg,-1,34.46647211772339,145,1973.6856689453125,692.07080078125,2015.792236328125,720.283447265625,47.59342575073242,"[32, 48)","[97, inf)","[45, 59)",True
f1opt,0.0758884698152542,2293.png,160,Cargo Truck,0.0798298418521881,TP,120,27.79779896827492,145,1725.852554321289,1182.7592163085938,1778.3819122314453,1197.4694213867188,52.577545166015625,"[24, 32)","[97, inf)","[45, 59)",False
f1opt,0.0758884698152542,2293.png,161,Cargo Truck,0.076698787510395,bkg,-1,19.60444841800426,145,1658.2091979980469,1134.0684204101562,1680.4710998535156,1151.3326416015625,81.75362396240234,"[16, 24)","[97, inf)","[59, 82)",True
f1opt,0.0562120340764522,2293.png,162,Truck Tractor,0.0579258166253566,bkg,-1,16.381788784362566,145,260.26226806640625,1856.2769165039065,282.72479248046875,1868.2240600585935,40.270904541015625,"[16, 24)","[97, inf)","[-inf, 45)",True
f1opt,0.0562120340764522,2293.png,163,Truck Tractor,0.0576286613941192,bkg,-1,21.601494109177413,145,2593.782928466797,798.4407119750977,2606.8675231933594,834.1028442382812,35.91312789916992,"[16, 24)","[97, inf)","[-inf, 45)",True
f1opt,0.0758884698152542,2308.png,0,Cargo Truck,0.6776192784309387,bkg,-1,40.12173473138429,76,1054.0324096679688,3107.1690673828125,1108.1257934570312,3136.9278564453125,64.28545379638672,"[32, 48)","[31, 76)","[59, 82)",True
f1opt,0.0758884698152542,2308.png,1,Cargo Truck,0.6012922525405884,bkg,-1,33.11340572670836,76,3912.17236328125,1324.27587890625,3936.935302734375,1368.5556640625,58.06755447387695,"[32, 48)","[31, 76)","[45, 59)",True
f1opt,0.1298133283853531,2308.png,2,Truck w/Box,0.5657387971878052,bkg,-1,57.55973728520995,76,1941.7894287109373,5163.9127197265625,2008.7225341796875,5213.411743164063,56.02854537963867,"[48, 96)","[31, 76)","[45, 59)",True
f1opt,0.0758884698152542,2308.png,3,Cargo Truck,0.5422779321670532,bkg,-1,51.36179015409093,76,4724.557960510254,78.68809509277344,4777.350433349609,128.65797424316406,20.798837661743164,"[48, 96)","[31, 76)","[-inf, 45)",True
f1opt,0.0758884698152542,2308.png,4,Cargo Truck,0.5139967799186707,bkg,-1,21.529122189326404,76,6232.465881347656,4858.759948730469,6267.937438964844,4871.826843261719,31.45833396911621,"[16, 24)","[31, 76)","[-inf, 45)",True
f1opt,0.0758884698152542,2308.png,5,Cargo Truck,0.5096752047538757,bkg,-1,73.24149941693388,76,4139.553405761719,744.5355224609375,4205.892517089844,825.3975830078125,49.10338592529297,"[48, 96)","[31, 76)","[45, 59)",True
f1opt,0.0758884698152542,2308.png,6,Cargo Truck,0.5026785731315613,bkg,-1,47.902881167154355,76,2516.263061523437,4486.991439819336,2563.8639526367188,4535.198226928711,43.065834045410156,"[32, 48)","[31, 76)","[-inf, 45)",True
f1opt,0.0758884698152542,2308.png,7,Cargo Truck,0.4687910974025726,bkg,-1,40.36654250634073,76,0.7013511657714844,1562.1765365600586,28.35908889770508,1621.0916137695312,79.72183990478516,"[32, 48)","[31, 76)","[59, 82)",True
f1opt,0.0758884698152542,2308.png,8,Cargo Truck,0.4499474465847015,TP,56,33.10770572733952,76,1895.251434326172,4209.589050292969,1920.5021057128904,4252.998596191406,57.347900390625,"[32, 48)","[31, 76)","[45, 59)",False
f1opt,0.0758884698152542,2308.png,9,Cargo Truck,0.4407137036323547,TP,3,36.67442801131791,76,2559.5279083251958,4635.331909179688,2600.614562988281,4668.067932128906,55.85434341430664,"[32, 48)","[31, 76)","[45, 59)",False
f1opt,0.0758884698152542,2308.png,10,Cargo Truck,0.4338011145591736,bkg,-1,26.959549296748545,76,3105.826538085937,319.7106628417969,3128.656539916992,351.5467224121094,26.147727966308594,"[24, 32)","[31, 76)","[-inf, 45)",True
f1opt,0.0758884698152542,2308.png,11,Cargo Truck,0.4289081692695617,bkg,-1,27.849468579435673,76,5909.40625,2461.3359375,5935.15478515625,2491.457763671875,54.814815521240234,"[24, 32)","[31, 76)","[45, 59)",True
f1opt,0.0792115405201911,2308.png,12,Truck w/Flatbed,0.4106547236442566,bkg,-1,55.056903151030674,76,3178.68994140625,2561.472442626953,3258.141357421875,2599.6248474121094,48.43368148803711,"[48, 96)","[31, 76)","[45, 59)",True
f1opt,0.1298133283853531,2308.png,13,Truck w/Box,0.4079652726650238,cls,51,73.90782625682886,76,3378.437255859375,2190.345703125,3473.03369140625,2248.089599609375,64.48764038085938,"[48, 96)","[31, 76)","[59, 82)",True
f1opt,0.0758884698152542,2308.png,14,Cargo Truck,0.3948820829391479,TP,19,27.302658460859302,76,6152.042568206787,4833.892456054688,6194.166961669922,4851.5885009765625,35.76009750366211,"[24, 32)","[31, 76)","[-inf, 45)",False
f1opt,0.0758884698152542,2308.png,15,Cargo Truck,0.37173792719841,TP,18,21.253594705208922,76,6162.03081703186,4817.101196289063,6192.175834655762,4832.0859375,49.872982025146484,"[16, 24)","[31, 76)","[45, 59)",False
f1opt,0.0758884698152542,2308.png,16,Cargo Truck,0.3636751472949981,bkg,-1,46.25953102559667,76,1732.2559814453125,5012.69580078125,1787.311767578125,5051.564453125,76.97366333007812,"[32, 48)","[31, 76)","[59, 82)",True
f1opt,0.0758884698152542,2308.png,17,Cargo Truck,0.3539282977581024,TP,61,21.749696281383983,76,1712.1911010742188,2189.5125732421875,1743.1028442382812,2204.815795898437,51.640625,"[16, 24)","[31, 76)","[45, 59)",False
f1opt,0.0758884698152542,2308.png,18,Cargo Truck,0.3485204875469208,bkg,-1,39.83892442690018,76,4806.30810546875,2183.6844482421875,4860.25634765625,2213.1041259765625,30.6938419342041,"[32, 48)","[31, 76)","[-inf, 45)",True
f1opt,0.1725006252527237,2308.png,19,Truck w/Liquid,0.3484331369400024,bkg,-1,33.797555768241715,76,1756.2177734375,3976.1432189941406,1781.26611328125,4021.746032714844,54.32107162475586,"[32, 48)","[31, 76)","[45, 59)",True
f1opt,0.0758884698152542,2308.png,20,Cargo Truck,0.3419223129749298,TP,72,25.9391944015829,76,3771.9407958984375,3815.1988525390634,3809.89697265625,3832.925659179688,102.32621002197266,"[24, 32)","[31, 76)","[82, inf)",False
f1opt,0.0758884698152542,2308.png,21,Cargo Truck,0.3364741206169128,bkg,-1,33.95485561123471,76,4068.587036132813,1571.9473876953125,4097.049865722656,1612.4539794921875,43.086509704589844,"[32, 48)","[31, 76)","[-inf, 45)",True
f1opt,0.1298133283853531,2308.png,22,Truck w/Box,0.3364040553569793,bkg,-1,54.968461921288345,76,4123.830078125,4081.5965881347656,4170.200927734375,4146.756744384766,96.59153747558594,"[48, 96)","[31, 76)","[82, inf)",True
f1opt,0.0758884698152542,2308.png,23,Cargo Truck,0.3349679112434387,bkg,-1,26.400392435690005,76,5544.4954833984375,821.2739181518555,5566.7611083984375,852.5769119262695,23.94157600402832,"[24, 32)","[31, 76)","[-inf, 45)",True
f1opt,0.0792115405201911,2308.png,24,Truck w/Flatbed,0.3211005628108978,bkg,-1,33.562848040038865,76,6294.969055175781,2899.7667236328125,6346.608093261719,2921.5809326171875,41.77440643310547,"[32, 48)","[31, 76)","[-inf, 45)",True
f1opt,0.0792115405201911,2308.png,25,Truck w/Flatbed,0.3095276355743408,cls,0,66.76927246157864,76,2028.08056640625,5108.021789550781,2105.93798828125,5165.282043457031,44.51812744140625,"[48, 96)","[31, 76)","[-inf, 45)",True
f1opt,0.0758884698152542,2308.png,26,Cargo Truck,0.3018275797367096,bkg,-1,19.28544814283161,76,5370.650207519531,1192.8687133789062,5400.391418457031,1205.3742065429688,15.34101390838623,"[16, 24)","[31, 76)","[-inf, 45)",True
f1opt,0.0758884698152542,2308.png,27,Cargo Truck,0.294133186340332,TP,22,26.69224793323968,76,6451.614349365234,4996.97216796875,6474.840362548828,5027.64794921875,94.13541412353516,"[24, 32)","[31, 76)","[82, inf)",False
f1opt,0.0758884698152542,2308.png,28,Cargo Truck,0.2868080735206604,bkg,-1,24.384738253271106,76,5110.409057617188,1132.1604614257812,5149.0648193359375,1147.5427856445312,25.334375381469727,"[24, 32)","[31, 76)","[-inf, 45)",True
f1opt,0.0758884698152542,2308.png,29,Cargo Truck,0.2867750823497772,bkg,-1,41.40115852667744,76,3973.3433837890634,1470.3154907226562,4011.496337890625,1515.2413940429688,50.205684661865234,"[32, 48)","[31, 76)","[45, 59)",True
f1opt,0.0758884698152542,2308.png,30,Cargo Truck,0.2863447070121765,bkg,-1,33.46366566507643,76,2374.0478515625,355.2412109375,2429.272216796875,375.518798828125,19.353740692138672,"[32, 48)","[31, 76)","[-inf, 45)",True
f1opt,0.0792115405201911,2308.png,31,Truck w/Flatbed,0.2774622738361358,bkg,-1,55.37665684521525,76,6740.069396972656,2758.7130126953125,6830.078552246094,2792.782592773437,49.43453598022461,"[48, 96)","[31, 76)","[45, 59)",True
f1opt,0.0758884698152542,2308.png,32,Cargo Truck,0.2719419598579407,bkg,-1,29.50099314214013,76,1942.3531494140625,980.5838623046876,1966.9713134765625,1015.9361572265624,89.19000244140625,"[24, 32)","[31, 76)","[82, inf)",True
f1opt,0.0758884698152542,2308.png,33,Cargo Truck,0.2614302337169647,cls,12,45.93176448886587,76,5985.017639160156,4881.250885009766,6029.445617675781,4928.737335205078,69.10324096679688,"[32, 48)","[31, 76)","[59, 82)",True
f1opt,0.0758884698152542,2308.png,34,Cargo Truck,0.2568742334842682,TP,23,24.16968411415372,76,6449.229187011719,3594.77978515625,6484.998840332031,3611.111328125,83.04629516601562,"[24, 32)","[31, 76)","[82, inf)",False
f1opt,0.0758884698152542,2308.png,35,Cargo Truck,0.2526171505451202,bkg,-1,19.758826428508364,76,784.4685802459717,220.54852294921875,815.678466796875,233.0577392578125,25.868303298950195,"[16, 24)","[31, 76)","[-inf, 45)",True
f1opt,0.0758884698152542,2308.png,36,Cargo Truck,0.2511604130268097,TP,53,33.76762412639174,76,2475.8092041015625,2997.394287109375,2508.3399658203125,3032.44580078125,85.4330062866211,"[32, 48)","[31, 76)","[82, inf)",False
f1opt,0.0758884698152542,2308.png,37,Cargo Truck,0.2451592236757278,bkg,-1,38.29433143636437,76,2278.0806884765625,4052.7545166015625,2311.99072265625,4096.0,42.750667572021484,"[32, 48)","[31, 76)","[-inf, 45)",True
f1opt,0.0758884698152542,2308.png,38,Cargo Truck,0.2427713572978973,TP,44,26.070918911067608,76,5873.762634277344,2471.2103881835938,5895.0087890625,2503.2017211914062,63.953887939453125,"[24, 32)","[31, 76)","[59, 82)",False
f1opt,0.0758884698152542,2308.png,39,Cargo Truck,0.240508571267128,bkg,-1,25.268138235004745,76,5494.404541015625,2466.609313964844,5516.69189453125,2495.256896972656,31.05362319946289,"[24, 32)","[31, 76)","[-inf, 45)",True
f1opt,0.0758884698152542,2308.png,40,Cargo Truck,0.2326266467571258,bkg,-1,29.843304645625608,76,4860.949951171875,4208.7384033203125,4901.392639160156,4230.76025390625,66.43374633789062,"[24, 32)","[31, 76)","[59, 82)",True
f1opt,0.0758884698152542,2308.png,41,Cargo Truck,0.2284113764762878,TP,33,41.27466352825801,76,6269.208442687988,2919.072998046875,6328.448425292969,2947.83056640625,56.34425354003906,"[32, 48)","[31, 76)","[45, 59)",False
f1opt,0.0758884698152542,2308.png,42,Cargo Truck,0.2276729941368103,bkg,-1,25.19791298509192,76,5753.145324707031,4757.507995605469,5776.481018066406,4784.716735839844,99.31696319580078,"[24, 32)","[31, 76)","[82, inf)",True
f1opt,0.0758884698152542,2308.png,43,Cargo Truck,0.2156912684440612,bkg,-1,22.811713552636057,76,5327.39306640625,2647.3970947265625,5344.24462890625,2678.2769775390625,64.11111450195312,"[16, 24)","[31, 76)","[59, 82)",True
f1opt,0.0758884698152542,2308.png,44,Cargo Truck,0.2151967287063598,cls,49,59.54757078696298,76,2997.6942138671875,3850.821838378906,3052.151733398437,3915.935218811035,44.121212005615234,"[48, 96)","[31, 76)","[-inf, 45)",True
f1opt,0.0758884698152542,2308.png,45,Cargo Truck,0.2060403078794479,TP,75,35.833951398136016,76,3188.5328369140625,2094.6852416992188,3251.3624267578125,2115.1226196289062,61.5234375,"[32, 48)","[31, 76)","[59, 82)",False
f1opt,0.0758884698152542,2308.png,46,Cargo Truck,0.2028478533029556,bkg,-1,33.817372208479696,76,6773.001892089844,2668.099670410156,6824.671447753906,2690.23291015625,58.668060302734375,"[32, 48)","[31, 76)","[45, 59)",True
f1opt,0.0758884698152542,2308.png,47,Cargo Truck,0.2014162391424179,bkg,-1,24.06291829154353,76,1922.8556518554688,4201.831237792969,1944.049743652344,4229.151306152344,36.08545684814453,"[24, 32)","[31, 76)","[-inf, 45)",True
f1opt,0.0758884698152542,2308.png,48,Cargo Truck,0.1934190392494201,bkg,-1,31.67414740816516,76,6749.50634765625,2615.54150390625,6790.09130859375,2640.2612915039062,56.490840911865234,"[24, 32)","[31, 76)","[45, 59)",True
f1opt,0.0758884698152542,2308.png,49,Cargo Truck,0.1913525462150573,bkg,-1,34.10876461916708,76,6506.011993408203,2867.164794921875,6561.795318603516,2888.0206298828125,79.78327941894531,"[32, 48)","[31, 76)","[59, 82)",True
f1opt,0.0758884698152542,2308.png,50,Cargo Truck,0.1891800165176391,bkg,-1,27.903178005158136,76,5017.872619628906,982.5481872558594,5077.694580078125,995.5632629394532,15.803278923034668,"[24, 32)","[31, 76)","[-inf, 45)",True
f1opt,0.1298133283853531,2308.png,51,Truck w/Box,0.189064547419548,bkg,-1,41.015627540225,76,3914.09423828125,1454.4812622070312,3949.31689453125,1502.2426147460938,55.630950927734375,"[32, 48)","[31, 76)","[45, 59)",True
f1opt,0.0792115405201911,2308.png,52,Truck w/Flatbed,0.1888180822134018,cls,33,41.34112858408971,76,6269.382095336914,2918.944396972656,6328.607376098633,2947.801818847656,55.54833221435547,"[32, 48)","[31, 76)","[45, 59)",True
f1opt,0.0758884698152542,2308.png,53,Cargo Truck,0.1838675141334533,bkg,-1,23.065939715538367,76,5392.871570587158,1541.5719604492188,5414.309883117676,1566.3890991210938,22.869565963745117,"[16, 24)","[31, 76)","[-inf, 45)",True
f1opt,0.0758884698152542,2308.png,54,Cargo Truck,0.1823862642049789,TP,29,24.95533931559942,76,6468.837341308594,3007.4088745117188,6491.086364746094,3035.399719238281,86.4137954711914,"[24, 32)","[31, 76)","[82, inf)",False
f1opt,0.0562120340764522,2308.png,55,Truck Tractor,0.1813717931509018,bkg,-1,48.65010290203601,76,6734.989990234375,2702.077453613281,6810.16015625,2733.563781738281,40.303977966308594,"[48, 96)","[31, 76)","[-inf, 45)",True
f1opt,0.0758884698152542,2308.png,56,Cargo Truck,0.1786500662565231,bkg,-1,40.66362007244681,76,2402.842071533203,4783.695007324219,2448.0933380126958,4820.236083984375,49.22396469116211,"[32, 48)","[31, 76)","[45, 59)",True
f1opt,0.0758884698152542,2308.png,57,Cargo Truck,0.178480714559555,bkg,-1,22.300120489491654,76,4135.166015625,3072.0,4168.572998046875,3086.885971069336,50.084312438964844,"[16, 24)","[31, 76)","[45, 59)",True
f1opt,0.0758884698152542,2308.png,58,Cargo Truck,0.1776965707540512,bkg,-1,56.15535649339469,76,4213.5557861328125,816.5411376953125,4256.363464355469,890.2060546875,44.88666534423828,"[48, 96)","[31, 76)","[-inf, 45)",True
f1opt,0.0758884698152542,2308.png,59,Cargo Truck,0.1761859059333801,bkg,-1,30.96456107131708,76,5875.813232421875,2321.382568359375,5901.44140625,2358.794677734375,44.078948974609375,"[24, 32)","[31, 76)","[-inf, 45)",True
f1opt,0.0758884698152542,2308.png,60,Cargo Truck,0.170551910996437,TP,31,29.287376473313255,76,6509.593078613281,2995.6361694335938,6534.972473144531,3029.4332885742188,88.9857177734375,"[24, 32)","[31, 76)","[82, inf)",False
f1opt,0.0758884698152542,2308.png,61,Cargo Truck,0.1663063019514084,bkg,-1,27.37685530806183,76,4068.469665527344,1820.071807861328,4089.900695800781,1855.0440979003904,63.42803192138672,"[24, 32)","[31, 76)","[59, 82)",True
f1opt,0.0758884698152542,2308.png,62,Cargo Truck,0.1641487777233123,bkg,-1,26.324078654318207,76,3139.644760131836,195.1036071777344,3162.794479370117,225.03732299804688,27.047042846679688,"[24, 32)","[31, 76)","[-inf, 45)",True
f1opt,0.0758884698152542,2308.png,63,Cargo Truck,0.1617598086595535,bkg,-1,36.998983449761006,76,1760.7834777832031,1735.5903930664062,1794.9299011230469,1775.6802368164062,22.51010513305664,"[32, 48)","[31, 76)","[-inf, 45)",True
f1opt,0.0562120340764522,2308.png,64,Truck Tractor,0.1616856604814529,bkg,-1,32.29675843282849,76,2690.5361328125,4344.815185546875,2723.3204956054688,4376.631591796875,50.20499038696289,"[32, 48)","[31, 76)","[45, 59)",True
f1opt,0.0758884698152542,2308.png,65,Cargo Truck,0.1614481508731842,bkg,-1,32.232082032062124,76,2203.11376953125,4775.448791503906,2237.03564453125,4806.075256347656,55.69464111328125,"[32, 48)","[31, 76)","[45, 59)",True
f1opt,0.0758884698152542,2308.png,66,Cargo Truck,0.1587485522031784,bkg,-1,73.6193559351387,76,4802.377197265625,159.98760986328125,4871.294799804688,238.6294860839844,15.544464111328125,"[48, 96)","[31, 76)","[-inf, 45)",True
f1opt,0.0758884698152542,2308.png,67,Cargo Truck,0.1581224352121353,TP,14,27.493360152930293,76,5625.242523193359,4730.735229492188,5663.292694091797,4750.6007080078125,82.75946044921875,"[24, 32)","[31, 76)","[82, inf)",False
f1opt,0.0758884698152542,2308.png,68,Cargo Truck,0.1572614908218383,bkg,-1,22.13295961580895,76,1708.8374938964844,1016.281494140625,1772.304168701172,1024.0,20.836538314819336,"[16, 24)","[31, 76)","[-inf, 45)",True
f1opt,0.0758884698152542,2308.png,69,Cargo Truck,0.1567648649215698,TP,48,37.11659335102649,76,2345.496124267578,3678.5445556640634,2375.1160583496094,3725.05517578125,70.27620697021484,"[32, 48)","[31, 76)","[59, 82)",False
f1opt,0.0758884698152542,2308.png,70,Cargo Truck,0.1552837044000625,bkg,-1,35.1865766346524,76,5776.325439453125,1865.964111328125,5807.1663818359375,1906.108642578125,34.453125,"[32, 48)","[31, 76)","[-inf, 45)",True
f1opt,0.0758884698152542,2308.png,71,Cargo Truck,0.1537518203258514,bkg,-1,33.48103788143811,76,4227.705261230469,675.4536743164062,4258.409851074219,711.9622192382812,43.99408721923828,"[32, 48)","[31, 76)","[-inf, 45)",True
f1opt,0.0792115405201911,2308.png,72,Truck w/Flatbed,0.1501744538545608,bkg,-1,78.20960412695513,76,4207.4991455078125,553.06884765625,4277.3515625,640.635498046875,45.42765808105469,"[48, 96)","[31, 76)","[45, 59)",True
f1opt,0.0792115405201911,2308.png,73,Truck w/Flatbed,0.1499705165624618,bkg,-1,53.41271242826621,76,4046.565673828125,1009.0222778320312,4095.295166015625,1067.5682983398438,32.34813690185547,"[48, 96)","[31, 76)","[-inf, 45)",True
f1opt,0.0758884698152542,2308.png,74,Cargo Truck,0.1485261470079422,bkg,-1,25.15989825645453,76,5852.996765136719,2232.4877319335938,5876.009460449219,2259.995178222656,38.86428451538086,"[24, 32)","[31, 76)","[-inf, 45)",True
f1opt,0.0758884698152542,2308.png,75,Cargo Truck,0.1471712589263916,bkg,-1,26.34720403496686,76,177.3780517578125,4150.674346923828,201.609130859375,4179.322479248047,76.14933013916016,"[24, 32)","[31, 76)","[59, 82)",True
f1opt,0.0758884698152542,2308.png,76,Cargo Truck,0.1463112831115722,bkg,-1,22.639477988358816,76,5902.4017333984375,4729.586791992188,5921.693237304688,4756.1552734375,59.40178680419922,"[16, 24)","[31, 76)","[59, 82)",True
f1opt,0.0758884698152542,2308.png,77,Cargo Truck,0.1455138027667999,bkg,-1,24.62522949315151,76,3648.767883300781,2528.966186523437,3668.307922363281,2560.0,41.99553680419922,"[24, 32)","[31, 76)","[-inf, 45)",True
f1opt,0.0758884698152542,2308.png,78,Cargo Truck,0.1445921510457992,TP,32,27.598363656968044,76,6531.978393554688,2991.445556640625,6557.0325927734375,3021.846435546875,98.0011978149414,"[24, 32)","[31, 76)","[82, inf)",False
f1opt,0.1298133283853531,2308.png,79,Truck w/Box,0.1400165855884552,bkg,-1,37.63281509760918,76,4806.476531982422,2184.548583984375,4858.658142089844,2211.68896484375,32.10444641113281,"[32, 48)","[31, 76)","[-inf, 45)",True
f1opt,0.0562120340764522,2308.png,80,Truck Tractor,0.1349024176597595,bkg,-1,32.88597395896687,76,6295.2042236328125,2899.827514648437,6346.299682617188,2920.993530273437,42.2342643737793,"[32, 48)","[31, 76)","[-inf, 45)",True
f1opt,0.0758884698152542,2308.png,81,Cargo Truck,0.1346596330404281,bkg,-1,24.535867607239673,76,6378.130767822266,4878.197509765625,6411.7388916015625,4896.110107421875,54.157894134521484,"[24, 32)","[31, 76)","[45, 59)",True
f1opt,0.0758884698152542,2308.png,82,Cargo Truck,0.1288646608591079,bkg,-1,35.912307691200276,76,5415.831245422363,521.3739624023438,5447.293281555176,562.3660278320312,23.46464729309082,"[32, 48)","[31, 76)","[-inf, 45)",True
f1opt,0.0758884698152542,2308.png,83,Cargo Truck,0.1165264919400215,TP,43,27.328422798859183,76,5591.3515625,2429.510498046875,5618.7974853515625,2456.721923828125,53.34311294555664,"[24, 32)","[31, 76)","[45, 59)",False
f1opt,0.0758884698152542,2308.png,84,Cargo Truck,0.1155960038304328,TP,34,49.64808685425021,76,6763.38134765625,2805.387451171875,6840.126220703125,2837.5059814453125,68.64607238769531,"[48, 96)","[31, 76)","[59, 82)",False
f1opt,0.0758884698152542,2308.png,85,Cargo Truck,0.1154776513576507,bkg,-1,45.501732357027024,76,1807.725646972656,4955.0234375,1858.0737915039065,4996.145263671875,77.91117095947266,"[32, 48)","[31, 76)","[59, 82)",True
f1opt,0.0758884698152542,2308.png,86,Cargo Truck,0.1146194264292717,TP,30,23.645723623841686,76,6489.054138183594,3002.7432861328125,6509.588317871094,3029.972045898437,93.79081726074219,"[16, 24)","[31, 76)","[82, inf)",False
f1opt,0.0758884698152542,2308.png,87,Cargo Truck,0.1128476187586784,bkg,-1,22.65206198690585,76,516.1312255859375,2030.9884643554688,534.1932373046875,2059.3970336914062,69.38947296142578,"[16, 24)","[31, 76)","[59, 82)",True
f1opt,0.0758884698152542,2308.png,88,Cargo Truck,0.1127457395195961,bkg,-1,53.19021689326381,76,4180.621826171875,643.259521484375,4231.58740234375,698.771484375,51.8255500793457,"[48, 96)","[31, 76)","[45, 59)",True
f1opt,0.0758884698152542,2308.png,89,Cargo Truck,0.1123344078660011,bkg,-1,27.504971860785297,76,2009.6439208984373,621.0033569335938,2031.2042846679688,656.0919799804688,56.93357467651367,"[24, 32)","[31, 76)","[45, 59)",True
f1opt,0.0758884698152542,2308.png,90,Cargo Truck,0.1072990968823432,bkg,-1,22.637081650860488,76,1872.8045043945312,411.5386962890625,1889.8474731445312,441.6060791015625,53.725807189941406,"[16, 24)","[31, 76)","[45, 59)",True
f1opt,0.0758884698152542,2308.png,91,Cargo Truck,0.1047555059194564,bkg,-1,35.56422692146872,76,1609.4319458007812,5090.087341308594,1655.7890014648438,5117.371520996094,80.8411865234375,"[32, 48)","[31, 76)","[59, 82)",True
f1opt,0.0758884698152542,2308.png,92,Cargo Truck,0.1034982427954673,bkg,-1,33.70443562964461,76,5576.832763671875,1602.2248840332031,5631.286743164063,1623.0863342285156,23.984577178955078,"[32, 48)","[31, 76)","[-inf, 45)",True
f1opt,0.0758884698152542,2308.png,93,Cargo Truck,0.1015034392476081,bkg,-1,30.07245211126276,76,5414.5987548828125,3414.5593872070312,5457.9073486328125,3435.4409790039062,25.577478408813477,"[24, 32)","[31, 76)","[-inf, 45)",True
f1opt,0.0758884698152542,2308.png,94,Cargo Truck,0.1011090353131294,bkg,-1,28.41252999713219,76,2234.8120727539062,2143.50048828125,2261.6196899414062,2173.614013671875,24.376728057861328,"[24, 32)","[31, 76)","[-inf, 45)",True
f1opt,0.0758884698152542,2308.png,95,Cargo Truck,0.1010991111397743,bkg,-1,35.84329694903911,76,4053.026947021485,1612.5157470703125,4083.704132080078,1654.3951416015625,46.20555114746094,"[32, 48)","[31, 76)","[45, 59)",True
f1opt,0.0758884698152542,2308.png,96,Cargo Truck,0.1006150543689727,bkg,-1,24.30662496711128,76,5164.0762939453125,1965.9019470214844,5204.887573242188,1980.3786315917969,47.12347412109375,"[24, 32)","[31, 76)","[45, 59)",True
f1opt,0.0758884698152542,2308.png,97,Cargo Truck,0.0994759425520896,bkg,-1,32.14650558252789,76,1763.0986328125,3938.7449340820312,1790.7357177734375,3976.136642456055,54.42399215698242,"[32, 48)","[31, 76)","[45, 59)",True
f1opt,0.0758884698152542,2308.png,98,Cargo Truck,0.0976330637931823,bkg,-1,13.345735129227709,76,5127.716552734375,905.1984558105468,5147.68994140625,914.115753173828,14.171428680419922,"[8, 16)","[31, 76)","[-inf, 45)",True
f1opt,0.0758884698152542,2308.png,99,Cargo Truck,0.0966969653964042,bkg,-1,31.52998398090794,76,3926.77001953125,1696.3418731689453,3952.61572265625,1734.8062896728516,68.99240112304688,"[24, 32)","[31, 76)","[59, 82)",True
f1opt,0.0758884698152542,2308.png,100,Cargo Truck,0.0958782359957695,bkg,-1,35.35016996449328,76,4814.608612060547,4201.927551269531,4869.327087402344,4224.765075683594,55.47916793823242,"[32, 48)","[31, 76)","[45, 59)",True
f1opt,0.0758884698152542,2308.png,101,Cargo Truck,0.0909163802862167,bkg,-1,34.49702018847475,76,5500.809448242188,4070.5426025390634,5550.6409912109375,4094.423950195313,63.573333740234375,"[32, 48)","[31, 76)","[59, 82)",True
f1opt,0.0758884698152542,2308.png,102,Cargo Truck,0.0901291593909263,bkg,-1,29.72905242075186,76,5832.052429199219,4650.75048828125,5864.828979492188,4677.715393066406,56.681819915771484,"[24, 32)","[31, 76)","[45, 59)",True
f1opt,0.0758884698152542,2308.png,103,Cargo Truck,0.0892575234174728,bkg,-1,23.507545223726027,76,958.478973388672,2263.2178955078125,993.7574768066406,2278.8819580078125,82.40798950195312,"[16, 24)","[31, 76)","[82, inf)",True
f1opt,0.0758884698152542,2308.png,104,Cargo Truck,0.0887665152549743,bkg,-1,25.315248221864174,76,3787.64453125,5378.35498046875,3826.833129882813,5394.708251953125,65.04853057861328,"[24, 32)","[31, 76)","[59, 82)",True
f1opt,0.0758884698152542,2308.png,105,Cargo Truck,0.0875610560178756,bkg,-1,32.98272934580196,76,4027.5636596679688,4313.614440917969,4058.549743652344,4348.722473144531,70.5078125,"[32, 48)","[31, 76)","[59, 82)",True
f1opt,0.0758884698152542,2308.png,106,Cargo Truck,0.0859074518084526,TP,45,37.21852928179482,76,4762.2191162109375,2197.8654174804688,4812.6556396484375,2225.330017089844,58.43001937866211,"[32, 48)","[31, 76)","[45, 59)",False
f1opt,0.0758884698152542,2308.png,107,Cargo Truck,0.0852748081088066,bkg,-1,24.252746086738632,76,5527.313354492188,4734.9193115234375,5562.3170166015625,4751.72314453125,47.179012298583984,"[24, 32)","[31, 76)","[45, 59)",True
f1opt,0.0758884698152542,2308.png,108,Cargo Truck,0.0834401175379753,bkg,-1,30.69561611694334,76,6356.685821533203,5030.817932128906,6396.777618408203,5054.319519042969,111.81170654296875,"[24, 32)","[31, 76)","[82, inf)",True
f1opt,0.0758884698152542,2308.png,109,Cargo Truck,0.0823146179318428,bkg,-1,30.551637254903568,76,1720.0465698242188,5076.030029296875,1754.0325317382812,5103.494384765625,66.44591522216797,"[24, 32)","[31, 76)","[59, 82)",True
f1opt,0.0758884698152542,2308.png,110,Cargo Truck,0.0813575237989425,bkg,-1,36.05622598748442,76,4721.5322265625,130.6761474609375,4757.76806640625,166.55364990234375,15.16800594329834,"[32, 48)","[31, 76)","[-inf, 45)",True
f1opt,0.0758884698152542,2308.png,111,Cargo Truck,0.0771108940243721,bkg,-1,35.08551506963726,76,6504.877044677734,2851.5086059570312,6561.102081298828,2873.402648925781,74.11019134521484,"[32, 48)","[31, 76)","[59, 82)",True
f1opt,0.0562120340764522,2308.png,112,Truck Tractor,0.0707728192210197,bkg,-1,32.75498955714547,76,4043.272338867188,1644.1109008789062,4073.159301757813,1680.0091400146484,39.8840446472168,"[32, 48)","[31, 76)","[-inf, 45)",True
f1opt,0.0562120340764522,2308.png,113,Truck Tractor,0.065122552216053,bkg,-1,34.14917599320891,76,2501.442352294922,3170.503662109375,2531.157012939453,3209.7491455078125,41.956451416015625,"[32, 48)","[31, 76)","[-inf, 45)",True
f1opt,0.1298133283853531,2384.png,0,Truck w/Box,0.4554235339164734,TP,48,16.882449205533234,90,79.80900573730469,1003.5987548828124,106.0675811767578,1014.4530029296876,73.04166412353516,"[16, 24)","[76, 97)","[59, 82)",False
f1opt,0.0758884698152542,2384.png,1,Cargo Truck,0.2827770411968231,TP,64,10.646217336019234,90,172.8165740966797,114.92091369628906,180.91917419433597,128.9092559814453,68.7629623413086,"[8, 16)","[76, 97)","[59, 82)",False
f1opt,0.0758884698152542,2384.png,2,Cargo Truck,0.2720723152160644,cls,58,14.829046290988305,90,393.1484069824219,447.9897766113281,414.9928741455078,458.0564270019531,60.47348403930664,"[8, 16)","[76, 97)","[59, 82)",True
f1opt,0.0758884698152542,2384.png,3,Cargo Truck,0.2539771795272827,cls,49,14.874629584451759,90,70.39797973632812,498.6310119628906,90.4708251953125,509.6535949707031,72.69841003417969,"[8, 16)","[76, 97)","[59, 82)",True
f1opt,0.0758884698152542,2384.png,4,Cargo Truck,0.2150436788797378,bkg,-1,11.84884780315226,90,1.0902824401855469,1136.089111328125,17.803218841552734,1144.489501953125,76.36601257324219,"[8, 16)","[76, 97)","[59, 82)",True
f1opt,0.1298133283853531,2384.png,5,Truck w/Box,0.2035221010446548,bkg,-1,12.064466482164807,90,0.7011165618896484,1135.95361328125,18.166170120239254,1144.2874755859375,72.95262908935547,"[8, 16)","[76, 97)","[59, 82)",True
f1opt,0.1298133283853531,2384.png,6,Truck w/Box,0.1992360204458236,TP,55,18.75568594063351,90,61.92352294921875,486.5624084472656,90.96841430664062,498.6738586425781,61.96154022216797,"[16, 24)","[76, 97)","[59, 82)",False
f1opt,0.1298133283853531,2384.png,7,Truck w/Box,0.1425303071737289,cls,89,18.10319413296705,90,300.6832275390625,694.7300109863281,312.20245361328125,723.1803283691406,53.117950439453125,"[16, 24)","[76, 97)","[45, 59)",True
f1opt,0.0758884698152542,2384.png,8,Cargo Truck,0.1374267339706421,TP,82,11.819999841847778,90,17.093387603759766,475.2160034179688,30.349628448486328,485.75537109375,74.60389709472656,"[8, 16)","[76, 97)","[59, 82)",False
f1opt,0.1298133283853531,2384.png,9,Truck w/Box,0.1336960792541504,TP,73,17.863288967763626,90,71.43766021728516,1014.2997436523438,104.4128646850586,1023.9766235351562,74.3441162109375,"[16, 24)","[76, 97)","[59, 82)",False
f1opt,0.0758884698152542,2384.png,10,Cargo Truck,0.1266315728425979,TP,51,8.13751106964624,90,363.93408203125,316.1407470703125,370.6005859375,326.0738525390625,81.59091186523438,"[8, 16)","[76, 97)","[59, 82)",False
f1opt,0.0758884698152542,2384.png,11,Cargo Truck,0.1156313642859458,bkg,-1,8.065438940987711,90,179.8275604248047,678.63916015625,185.7413482666016,689.6390991210938,45.880950927734375,"[8, 16)","[76, 97)","[45, 59)",True
f1opt,0.0758884698152542,2384.png,12,Cargo Truck,0.1113686114549636,cls,55,18.984932233573307,90,61.29225540161133,486.3870849609375,90.63859558105467,498.6689453125,61.96154022216797,"[16, 24)","[76, 97)","[59, 82)",True
f1opt,0.0758884698152542,2384.png,13,Cargo Truck,0.094632588326931,bkg,-1,11.20658598108642,90,0.3894500732421875,330.8160877227783,15.87156105041504,338.9278736114502,70.84722137451172,"[8, 16)","[76, 97)","[59, 82)",True
f1opt,0.0562120340764522,2384.png,14,Truck Tractor,0.0638170763850212,bkg,-1,12.384510571269335,90,89.9585189819336,1142.06787109375,99.02962493896484,1158.97607421875,48.764705657958984,"[8, 16)","[76, 97)","[45, 59)",True
f1opt,0.0758884698152542,2391.png,0,Cargo Truck,0.6245427131652832,bkg,-1,21.524214966261944,108,3818.6849365234375,1048.5885009765625,3853.711669921875,1061.8153076171875,105.23809814453125,"[16, 24)","[97, inf)","[82, inf)",True
f1opt,0.1298133283853531,2391.png,1,Truck w/Box,0.5478701591491699,bkg,-1,39.80835056689196,108,4425.27099609375,3421.176239013672,4455.36962890625,3473.826629638672,116.39013671875,"[32, 48)","[97, inf)","[82, inf)",True
f1opt,0.0758884698152542,2391.png,2,Cargo Truck,0.53672194480896,bkg,-1,24.67559555651778,108,1691.455108642578,2233.584350585937,1726.712371826172,2250.8541259765625,68.16204071044922,"[24, 32)","[97, inf)","[59, 82)",True
f1opt,0.0758884698152542,2391.png,3,Cargo Truck,0.5248284935951233,bkg,-1,31.50917922646946,108,4218.752502441406,465.03271484375,4254.678894042969,492.6677856445313,72.86775970458984,"[24, 32)","[97, inf)","[59, 82)",True
f1opt,0.0758884698152542,2391.png,4,Cargo Truck,0.5237007737159729,bkg,-1,29.272576965152947,108,4730.876708984375,160.86199951171875,4772.890380859375,181.25735473632807,79.48414611816406,"[24, 32)","[97, inf)","[59, 82)",True
f1opt,0.1298133283853531,2391.png,5,Truck w/Box,0.5172113180160522,bkg,-1,49.15864083732097,108,700.471923828125,5536.7904052734375,742.2197265625,5594.675415039063,75.71107482910156,"[48, 96)","[97, inf)","[59, 82)",True
f1opt,0.0758884698152542,2391.png,6,Cargo Truck,0.5031617283821106,bkg,-1,27.145802868782283,108,4634.712631225586,930.3111572265624,4656.62077331543,963.946807861328,87.24808502197266,"[24, 32)","[97, inf)","[82, inf)",True
f1opt,0.0758884698152542,2391.png,7,Cargo Truck,0.4917389452457428,bkg,-1,46.446159062799495,108,352.70477294921875,4201.905029296875,389.0138549804688,4261.318420410156,64.93787384033203,"[32, 48)","[97, inf)","[59, 82)",True
f1opt,0.0562120340764522,2391.png,8,Truck Tractor,0.4898957312107086,bkg,-1,28.198736848926398,108,4182.79443359375,412.0895385742188,4218.335998535156,434.4624633789063,42.3302001953125,"[24, 32)","[97, inf)","[-inf, 45)",True
f1opt,0.0758884698152542,2391.png,9,Cargo Truck,0.4883625209331512,bkg,-1,38.71124043620394,108,1808.1586303710935,3317.470413208008,1874.3598022460935,3340.1068725585938,103.6380615234375,"[32, 48)","[97, inf)","[82, inf)",True
f1opt,0.0758884698152542,2391.png,10,Cargo Truck,0.4341583549976349,TP,5,28.145848023043474,108,4882.854461669922,1130.8833923339844,4908.389129638672,1161.9074401855469,98.51851654052734,"[24, 32)","[97, inf)","[82, inf)",False
f1opt,0.0758884698152542,2391.png,11,Cargo Truck,0.4258369505405426,bkg,-1,46.17247892301883,108,809.6672668457031,5107.888458251953,863.5932006835938,5147.422271728516,53.60842514038086,"[32, 48)","[97, inf)","[45, 59)",True
f1opt,0.0758884698152542,2391.png,12,Cargo Truck,0.4095090329647064,cls,99,46.144185632224975,108,5042.1182861328125,5237.485778808594,5072.612060546875,5307.312683105469,110.90640258789062,"[32, 48)","[97, inf)","[82, inf)",True
f1opt,0.0758884698152542,2391.png,13,Cargo Truck,0.4064213335514068,bkg,-1,21.50870246306814,108,2734.0935668945312,5427.439086914063,2749.192443847656,5458.0787353515625,46.259765625,"[16, 24)","[97, inf)","[45, 59)",True
f1opt,0.0758884698152542,2391.png,14,Cargo Truck,0.406292051076889,bkg,-1,23.402486795258216,108,2360.8110733032227,538.0665283203125,2378.899070739746,568.344970703125,22.847198486328125,"[16, 24)","[97, inf)","[-inf, 45)",True
f1opt,0.0758884698152542,2391.png,15,Cargo Truck,0.3975082635879516,bkg,-1,27.662564112912097,108,3095.9254150390625,3606.920043945313,3138.4755859375,3624.9039306640634,93.82535552978516,"[24, 32)","[97, inf)","[82, inf)",True
f1opt,0.0758884698152542,2391.png,16,Cargo Truck,0.3965482115745544,bkg,-1,32.61921321951516,108,2614.7123413085938,3596.4053955078125,2640.88330078125,3637.061645507813,81.00352478027344,"[32, 48)","[97, inf)","[59, 82)",True
f1opt,0.0758884698152542,2391.png,17,Cargo Truck,0.3924286663532257,TP,7,24.997287106094547,108,4823.3802490234375,1277.1270141601562,4841.911437988281,1310.8466186523438,80.91641235351562,"[24, 32)","[97, inf)","[59, 82)",False
f1opt,0.1298133283853531,2391.png,18,Truck w/Box,0.369027704000473,bkg,-1,25.436806010285792,108,768.0,4972.747650146484,781.9546508789062,5019.114349365234,74.21875,"[24, 32)","[97, inf)","[59, 82)",True
f1opt,0.1298133283853531,2391.png,19,Truck w/Box,0.355220764875412,bkg,-1,60.88531568441074,108,626.798583984375,5546.77001953125,675.44189453125,5622.978271484375,71.46051788330078,"[48, 96)","[97, inf)","[59, 82)",True
f1opt,0.0758884698152542,2391.png,20,Cargo Truck,0.3433892428874969,cls,39,27.56062579912376,108,5023.095336914063,4899.077880859375,5045.102844238281,4933.592834472656,118.57763671875,"[24, 32)","[97, inf)","[82, inf)",True
f1opt,0.0758884698152542,2391.png,21,Cargo Truck,0.3412012755870819,cls,11,22.58887793664914,108,4473.646362304688,1591.7927284240725,4490.942993164063,1621.2931213378906,109.65232849121094,"[16, 24)","[97, inf)","[82, inf)",True
f1opt,0.0758884698152542,2391.png,22,Cargo Truck,0.3284800052642822,bkg,-1,22.505732938436175,108,5110.512939453125,4704.289733886719,5130.205932617188,4730.009948730469,104.0229263305664,"[16, 24)","[97, inf)","[82, inf)",True
f1opt,0.0758884698152542,2391.png,23,Cargo Truck,0.3203863203525543,bkg,-1,36.68475581649901,108,4784.017761230469,3249.5367431640625,4828.089904785156,3280.0723876953125,104.69999694824219,"[32, 48)","[97, inf)","[82, inf)",True
f1opt,0.0758884698152542,2391.png,24,Cargo Truck,0.311777800321579,bkg,-1,28.453367677917928,108,2412.8549194335938,373.2548828125,2435.3751831054688,409.2044677734375,53.32883071899414,"[24, 32)","[97, inf)","[45, 59)",True
f1opt,0.0758884698152542,2391.png,25,Cargo Truck,0.3109537363052368,bkg,-1,30.680750840821197,108,3906.606323242188,3572.923217773437,3963.815307617188,3589.3770751953125,123.99903869628906,"[24, 32)","[97, inf)","[82, inf)",True
f1opt,0.0758884698152542,2391.png,26,Cargo Truck,0.3073673546314239,bkg,-1,63.09926564217462,108,4811.890533447266,2978.4307861328125,4864.369110107422,3054.300170898437,61.12842559814453,"[48, 96)","[97, inf)","[59, 82)",True
f1opt,0.0562120340764522,2391.png,27,Truck Tractor,0.2999087274074554,bkg,-1,41.233178447695515,108,829.8958129882812,3123.1710205078125,895.9232788085938,3148.9205322265625,66.87083435058594,"[32, 48)","[97, inf)","[59, 82)",True
f1opt,0.0758884698152542,2391.png,28,Cargo Truck,0.2875774502754211,bkg,-1,26.977096631456803,108,4511.752807617188,4061.2588806152335,4534.57373046875,4093.1490783691406,70.66413879394531,"[24, 32)","[97, inf)","[59, 82)",True
f1opt,0.0792115405201911,2391.png,29,Truck w/Flatbed,0.28323695063591,bkg,-1,40.967667459869745,108,829.4219970703125,3123.3856201171875,897.13525390625,3148.1717529296875,66.86677551269531,"[32, 48)","[97, inf)","[59, 82)",True
f1opt,0.0758884698152542,2391.png,30,Cargo Truck,0.2765672504901886,TP,36,28.44652983384714,108,3389.9014892578125,4844.8642578125,3442.72900390625,4860.18212890625,97.34967041015625,"[24, 32)","[97, inf)","[82, inf)",False
f1opt,0.1298133283853531,2391.png,31,Truck w/Box,0.2673622965812683,TP,99,42.185773888349836,108,5043.341735839844,5238.8604736328125,5069.547058105469,5306.7718505859375,117.06441497802734,"[32, 48)","[97, inf)","[82, inf)",False
f1opt,0.0758884698152542,2391.png,32,Cargo Truck,0.2632898092269897,bkg,-1,29.459392657324752,108,5228.2452392578125,5259.513854980469,5252.258056640625,5295.655212402344,86.9037857055664,"[24, 32)","[97, inf)","[82, inf)",True
f1opt,0.1298133283853531,2391.png,33,Truck w/Box,0.2629717588424682,TP,39,26.03712651819962,108,5020.434753417969,4908.0,5045.895080566406,4934.626993179321,97.30199432373047,"[24, 32)","[97, inf)","[82, inf)",False
f1opt,0.0758884698152542,2391.png,34,Cargo Truck,0.2520662248134613,bkg,-1,22.558670342055255,108,5021.756042480469,4802.478271484375,5040.071105957031,4830.2637939453125,113.83965301513672,"[16, 24)","[97, inf)","[82, inf)",True
f1opt,0.0758884698152542,2391.png,35,Cargo Truck,0.2337960600852966,bkg,-1,36.88621366656614,108,2600.1026611328125,4379.5198974609375,2625.2735595703125,4433.574096679688,96.8783187866211,"[32, 48)","[97, inf)","[82, inf)",True
f1opt,0.0758884698152542,2391.png,36,Cargo Truck,0.2336680889129638,bkg,-1,25.61852861717317,108,2469.8372344970703,513.3162841796875,2499.2323455810547,535.6434326171875,66.42916870117188,"[24, 32)","[97, inf)","[59, 82)",True
f1opt,0.0758884698152542,2391.png,37,Cargo Truck,0.2303362041711807,bkg,-1,24.142060873543947,108,4505.6536865234375,3779.150634765625,4523.6575927734375,3811.523559570313,94.11323547363281,"[24, 32)","[97, inf)","[82, inf)",True
f1opt,0.0758884698152542,2391.png,38,Cargo Truck,0.2299453765153885,bkg,-1,17.28232076530791,108,4609.471193313599,1340.605712890625,4633.987241744995,1352.7886962890625,109.24308013916016,"[16, 24)","[97, inf)","[82, inf)",True
f1opt,0.0758884698152542,2391.png,39,Cargo Truck,0.2204520106315612,bkg,-1,27.52508814840515,108,2618.340209960937,2862.7290649414062,2639.7813720703125,2898.064392089844,85.73341369628906,"[24, 32)","[97, inf)","[82, inf)",True
f1opt,0.0758884698152542,2391.png,40,Cargo Truck,0.2200210690498352,bkg,-1,26.69981102303937,108,4734.923095703125,5104.481109619141,4768.1798095703125,5125.916778564453,54.00259780883789,"[24, 32)","[97, inf)","[45, 59)",True
f1opt,0.0758884698152542,2391.png,41,Cargo Truck,0.2159540206193924,bkg,-1,24.116457795576757,108,5114.060791015625,458.6998291015625,5133.267822265625,488.9805908203125,103.89838409423828,"[24, 32)","[97, inf)","[82, inf)",True
f1opt,0.0758884698152542,2391.png,42,Cargo Truck,0.2156601250171661,bkg,-1,24.880447682541757,108,3082.9420166015625,1179.5689697265625,3121.5064697265625,1195.6209716796875,98.72352600097656,"[24, 32)","[97, inf)","[82, inf)",True
f1opt,0.0758884698152542,2391.png,43,Cargo Truck,0.2137127369642257,bkg,-1,32.852671443488454,108,1814.6650390625,3348.679931640625,1874.7078857421875,3366.6553955078125,110.29594421386719,"[32, 48)","[97, inf)","[82, inf)",True
f1opt,0.0562120340764522,2391.png,44,Truck Tractor,0.2055799961090088,bkg,-1,24.214773017692693,108,3706.6243896484375,995.767608642578,3741.0911865234375,1012.77978515625,89.47685241699219,"[24, 32)","[97, inf)","[82, inf)",True
f1opt,0.0758884698152542,2391.png,45,Cargo Truck,0.2030952274799347,bkg,-1,25.423302026442453,108,2711.8848876953125,5020.462478637695,2733.210205078125,5050.771255493164,51.95371627807617,"[24, 32)","[97, inf)","[45, 59)",True
f1opt,0.0758884698152542,2391.png,46,Cargo Truck,0.2002670019865036,bkg,-1,19.006652800254866,108,4095.428497314453,2394.8850860595703,4127.261932373047,2406.2333068847656,108.21678161621094,"[16, 24)","[97, inf)","[82, inf)",True
f1opt,0.0758884698152542,2391.png,47,Cargo Truck,0.1982790529727935,bkg,-1,29.154777280118388,108,3870.810302734375,610.1561279296875,3894.78515625,645.6099853515625,67.2411117553711,"[24, 32)","[97, inf)","[59, 82)",True
f1opt,0.1298133283853531,2391.png,48,Truck w/Box,0.197018876671791,TP,85,50.01591624789184,108,2254.97021484375,404.9234008789063,2290.531494140625,475.2693481445313,91.64789581298828,"[48, 96)","[97, inf)","[82, inf)",False
f1opt,0.0758884698152542,2391.png,49,Cargo Truck,0.1948334127664566,bkg,-1,29.08644044191768,108,2731.8927612304688,5828.526184082031,2755.7251586914062,5864.024963378906,71.42486572265625,"[24, 32)","[97, inf)","[59, 82)",True
f1opt,0.1298133283853531,2391.png,50,Truck w/Box,0.1914328932762146,bkg,-1,28.324548573797024,108,2619.32080078125,2304.0,2640.3056640625,2342.2313690185547,60.01631546020508,"[24, 32)","[97, inf)","[59, 82)",True
f1opt,0.0758884698152542,2391.png,51,Cargo Truck,0.1784080266952514,bkg,-1,26.19315643557608,108,5585.02897644043,2732.3779296875,5599.863052368164,2778.628295898437,75.02269744873047,"[24, 32)","[97, inf)","[59, 82)",True
f1opt,0.0792115405201911,2391.png,52,Truck w/Flatbed,0.1722300201654434,cls,27,32.89080104191802,108,5131.870727539063,4682.338134765625,5188.472534179688,4701.45068359375,56.417240142822266,"[32, 48)","[97, inf)","[45, 59)",True
f1opt,0.0758884698152542,2391.png,53,Cargo Truck,0.1667884886264801,TP,4,24.70112773945312,108,4903.6553955078125,1092.9517822265625,4924.852294921875,1121.7364501953125,83.9772720336914,"[24, 32)","[97, inf)","[82, inf)",False
f1opt,0.0758884698152542,2391.png,54,Cargo Truck,0.1665587276220321,bkg,-1,18.969965416031716,108,5007.3304443359375,5047.872863769531,5021.051025390625,5074.1005859375,79.16666412353516,"[16, 24)","[97, inf)","[59, 82)",True
f1opt,0.0758884698152542,2391.png,55,Cargo Truck,0.1661835014820099,bkg,-1,28.10079522950592,108,2459.7734375,3547.8052368164062,2480.30908203125,3586.258117675781,64.2249984741211,"[24, 32)","[97, inf)","[59, 82)",True
f1opt,0.0758884698152542,2391.png,56,Cargo Truck,0.1628285646438598,bkg,-1,24.1773426897195,108,2135.6910400390625,960.6807861328124,2169.7066650390625,977.8653564453124,107.06031799316406,"[24, 32)","[97, inf)","[82, inf)",True
f1opt,0.0562120340764522,2391.png,57,Truck Tractor,0.1626773029565811,bkg,-1,22.161586361394864,108,1742.427001953125,3072.065662384033,1773.9507446289062,3087.645535469055,79.14453125,"[16, 24)","[97, inf)","[59, 82)",True
f1opt,0.0758884698152542,2391.png,58,Cargo Truck,0.1613310724496841,bkg,-1,37.84531272021014,108,742.384765625,4803.9046630859375,770.687255859375,4854.5103759765625,53.742706298828125,"[32, 48)","[97, inf)","[45, 59)",True
f1opt,0.0562120340764522,2391.png,59,Truck Tractor,0.1558635234832763,bkg,-1,21.554350250954556,108,5052.784027099609,1277.5494995117188,5080.521148681641,1294.2992553710938,61.62643814086914,"[16, 24)","[97, inf)","[59, 82)",True
f1opt,0.0758884698152542,2391.png,60,Cargo Truck,0.1544890254735946,bkg,-1,28.12326362004962,108,435.3495178222656,4164.8763427734375,458.6512145996094,4198.81884765625,88.69285583496094,"[24, 32)","[97, inf)","[82, inf)",True
f1opt,0.0758884698152542,2391.png,61,Cargo Truck,0.1542399823665619,bkg,-1,25.245741357576517,108,4168.389526367188,2950.1240234375,4188.689331054688,2981.520751953125,34.431549072265625,"[24, 32)","[97, inf)","[-inf, 45)",True
f1opt,0.0758884698152542,2391.png,62,Cargo Truck,0.1501751840114593,bkg,-1,22.20814904089651,108,3855.031127929688,1062.6851806640625,3887.9361572265625,1077.673828125,80.18181610107422,"[16, 24)","[97, inf)","[59, 82)",True
f1opt,0.0758884698152542,2391.png,63,Cargo Truck,0.1441830843687057,bkg,-1,25.90623867684077,108,3479.065795898437,4910.620887756348,3515.3299560546875,4929.1276779174805,73.73513793945312,"[24, 32)","[97, inf)","[59, 82)",True
f1opt,0.0758884698152542,2391.png,64,Cargo Truck,0.1419511288404464,bkg,-1,15.786033190826014,108,5494.316116333008,4908.371105194092,5513.728866577148,4921.207969665527,98.84285736083984,"[8, 16)","[97, inf)","[82, inf)",True
f1opt,0.0758884698152542,2391.png,65,Cargo Truck,0.1393187195062637,bkg,-1,23.607589358930774,108,4228.019744873047,432.0772705078125,4256.044219970703,451.964111328125,49.075862884521484,"[16, 24)","[97, inf)","[45, 59)",True
f1opt,0.1298133283853531,2391.png,66,Truck w/Box,0.1383150964975357,TP,22,43.42794769900393,108,5048.957702636719,3853.3903198242183,5077.182556152344,3920.2103881835938,70.68872833251953,"[32, 48)","[97, inf)","[59, 82)",False
f1opt,0.0758884698152542,2391.png,67,Cargo Truck,0.1376084983348846,bkg,-1,39.89840970804962,108,2536.2122497558594,4900.02001953125,2594.304168701172,4927.4228515625,46.32566452026367,"[32, 48)","[97, inf)","[45, 59)",True
f1opt,0.0758884698152542,2391.png,68,Cargo Truck,0.1372064352035522,bkg,-1,37.858334594526454,108,2562.9161987304688,4867.708526611328,2622.679626464844,4891.690643310547,49.14360809326172,"[32, 48)","[97, inf)","[45, 59)",True
f1opt,0.1298133283853531,2391.png,69,Truck w/Box,0.1363651603460312,bkg,-1,43.369626567409334,108,828.503662109375,3121.978446960449,896.0610046386719,3149.820343017578,67.6436767578125,"[32, 48)","[97, inf)","[59, 82)",True
f1opt,0.0758884698152542,2391.png,70,Cargo Truck,0.1325313299894333,TP,60,27.11009626748266,108,3948.051971435547,3049.9530029296875,3970.390502929688,3082.853881835937,111.32225036621094,"[24, 32)","[97, inf)","[82, inf)",False
f1opt,0.0758884698152542,2391.png,71,Cargo Truck,0.1279361248016357,TP,41,22.63757912857891,108,5156.036376953125,1696.1026611328125,5174.1829833984375,1724.3426513671875,82.35027313232422,"[16, 24)","[97, inf)","[82, inf)",False
f1opt,0.0758884698152542,2391.png,72,Cargo Truck,0.1265734732151031,bkg,-1,24.7943971018719,108,4500.373779296875,506.6257629394531,4519.14501953125,539.3759765625,85.86470794677734,"[24, 32)","[97, inf)","[82, inf)",True
f1opt,0.0758884698152542,2391.png,73,Cargo Truck,0.1264041364192962,TP,6,26.355930506098016,108,4867.34033203125,1169.9231567382812,4890.163940429688,1200.3580932617188,77.55599212646484,"[24, 32)","[97, inf)","[59, 82)",False
f1opt,0.0758884698152542,2391.png,74,Cargo Truck,0.1253834813833236,bkg,-1,24.18884032870437,108,2634.6206665039062,2587.0486450195312,2652.5916137695312,2619.606750488281,75.10047912597656,"[24, 32)","[97, inf)","[59, 82)",True
f1opt,0.0758884698152542,2391.png,75,Cargo Truck,0.123731181025505,bkg,-1,24.003791214098495,108,4183.527893066406,464.318115234375,4219.399963378906,480.3802490234375,70.30683898925781,"[24, 32)","[97, inf)","[59, 82)",True
f1opt,0.0758884698152542,2391.png,76,Cargo Truck,0.1229149475693702,bkg,-1,22.08809950643179,108,5153.023681640625,4722.883850097656,5187.56982421875,4737.006530761719,113.02143096923828,"[16, 24)","[97, inf)","[82, inf)",True
f1opt,0.0758884698152542,2391.png,77,Cargo Truck,0.1217446252703666,bkg,-1,36.50867660809216,108,726.109619140625,3039.9169921875,752.349853515625,3090.71240234375,62.68162536621094,"[32, 48)","[97, inf)","[59, 82)",True
f1opt,0.0758884698152542,2391.png,78,Cargo Truck,0.1199691295623779,bkg,-1,19.407726496006784,108,3978.24430847168,2411.223876953125,4010.0736236572266,2423.0576171875,46.60606002807617,"[16, 24)","[97, inf)","[45, 59)",True
f1opt,0.0758884698152542,2391.png,79,Cargo Truck,0.1164816543459892,bkg,-1,20.604665587905895,108,3488.276733398437,4927.394119262695,3516.833740234375,4942.26095199585,117.3125,"[16, 24)","[97, inf)","[82, inf)",True
f1opt,0.0758884698152542,2391.png,80,Cargo Truck,0.1152048856019973,cls,14,27.837854656875255,108,5066.44140625,4135.025482177734,5086.969482421875,4172.776031494141,88.39348602294922,"[24, 32)","[97, inf)","[82, inf)",True
f1opt,0.0758884698152542,2391.png,81,Cargo Truck,0.1120454519987106,bkg,-1,24.596014701368002,108,1664.6064453125,3758.22265625,1686.40771484375,3785.9716796875,113.6832275390625,"[24, 32)","[97, inf)","[82, inf)",True
f1opt,0.0758884698152542,2391.png,82,Cargo Truck,0.1093966290354728,bkg,-1,26.979612262585796,108,5157.0,4702.780517578125,5195.783935546875,4721.548583984375,76.77179718017578,"[24, 32)","[97, inf)","[59, 82)",True
f1opt,0.0562120340764522,2391.png,83,Truck Tractor,0.1073802411556243,bkg,-1,33.42988891166433,108,3866.026062011719,705.7933349609375,3892.8142700195312,747.5115966796875,80.90267181396484,"[32, 48)","[97, inf)","[59, 82)",True
f1opt,0.0758884698152542,2391.png,84,Cargo Truck,0.1045671254396438,bkg,-1,22.31885704297912,108,3158.8114013671875,3841.44469833374,3194.3232421875,3855.4718894958496,111.30810546875,"[16, 24)","[97, inf)","[82, inf)",True
f1opt,0.0758884698152542,2391.png,85,Cargo Truck,0.1043264418840408,bkg,-1,19.179292921933577,108,3979.6195526123047,2337.485656738281,4010.357437133789,2349.4528198242188,99.11779022216797,"[16, 24)","[97, inf)","[82, inf)",True
f1opt,0.0758884698152542,2391.png,86,Cargo Truck,0.1007202267646789,bkg,-1,32.35852517615049,108,3866.2994384765625,703.208984375,3891.3206787109375,745.056396484375,81.46243286132812,"[32, 48)","[97, inf)","[59, 82)",True
f1opt,0.0562120340764522,2391.png,87,Truck Tractor,0.100002571940422,bkg,-1,22.605203419054007,108,4610.882364273071,1911.4499206542969,4636.045932769775,1931.756866455078,49.62434005737305,"[16, 24)","[97, inf)","[45, 59)",True
f1opt,0.0758884698152542,2391.png,88,Cargo Truck,0.0996158793568611,bkg,-1,25.597451051878622,108,3565.970642089844,1374.4033813476562,3586.724609375,1405.9746704101562,82.66903686523438,"[24, 32)","[97, inf)","[82, inf)",True
f1opt,0.0758884698152542,2391.png,89,Cargo Truck,0.0986902266740799,cls,56,32.441375305234516,108,5141.8173828125,4883.677490234375,5200.473388671875,4901.6201171875,51.682456970214844,"[32, 48)","[97, inf)","[45, 59)",True
f1opt,0.0758884698152542,2391.png,90,Cargo Truck,0.0977973639965057,bkg,-1,23.927950313105335,108,4528.36328125,1455.5150756835938,4546.838134765625,1486.5056762695312,120.90953826904297,"[16, 24)","[97, inf)","[82, inf)",True
f1opt,0.0792115405201911,2391.png,91,Truck w/Flatbed,0.0959239602088928,bkg,-1,46.31607337279323,108,1720.2227478027344,4244.016418457031,1802.9202575683596,4269.956481933594,55.14643096923828,"[32, 48)","[97, inf)","[45, 59)",True
f1opt,0.0758884698152542,2391.png,92,Cargo Truck,0.0955332741141319,bkg,-1,28.815412742363353,108,2128.5699462890625,976.2469482421876,2171.8399658203125,995.4364013671876,106.25,"[24, 32)","[97, inf)","[82, inf)",True
f1opt,0.0562120340764522,2391.png,93,Truck Tractor,0.0920946076512336,bkg,-1,21.741716444551464,108,3740.0504760742183,999.0460205078124,3778.664001464844,1011.2879028320312,31.228796005249023,"[16, 24)","[97, inf)","[-inf, 45)",True
f1opt,0.0758884698152542,2391.png,94,Cargo Truck,0.0894852504134178,bkg,-1,23.04338157039579,108,4983.7803955078125,912.1151123046876,5001.919921875,941.3880615234376,35.257896423339844,"[16, 24)","[97, inf)","[-inf, 45)",True
f1opt,0.0758884698152542,2391.png,95,Cargo Truck,0.0894195809960365,bkg,-1,27.14693974486884,108,5120.5970458984375,404.685302734375,5141.8829345703125,439.30712890625,93.91666412353516,"[24, 32)","[97, inf)","[82, inf)",True
f1opt,0.0758884698152542,2391.png,96,Cargo Truck,0.0892064198851585,bkg,-1,28.399338093737793,108,3852.7196340560913,2256.434326171875,3871.617492675781,2299.1123046875,92.76363372802734,"[24, 32)","[97, inf)","[82, inf)",True
f1opt,0.0758884698152542,2391.png,97,Cargo Truck,0.0857064723968505,bkg,-1,19.23964610109024,108,4608.0,1357.2828369140625,4633.13080406189,1372.0123291015625,99.23798370361328,"[16, 24)","[97, inf)","[82, inf)",True
f1opt,0.0562120340764522,2391.png,98,Truck Tractor,0.0855434760451316,bkg,-1,32.79641532871144,108,1448.8470458984375,3194.474769592285,1477.0950927734375,3232.5519104003906,83.988037109375,"[32, 48)","[97, inf)","[82, inf)",True
f1opt,0.0758884698152542,2391.png,99,Cargo Truck,0.0850038677453994,bkg,-1,24.934899038542035,108,5051.971954345703,5347.73193359375,5071.685272216797,5379.271484375,98.33766174316406,"[24, 32)","[97, inf)","[82, inf)",True
f1opt,0.0758884698152542,2391.png,100,Cargo Truck,0.0832614153623581,bkg,-1,27.30605941649402,108,3228.4611206054688,3583.5206298828125,3269.579162597656,3601.654296875,106.42982482910156,"[24, 32)","[97, inf)","[82, inf)",True
f1opt,0.0758884698152542,2391.png,101,Cargo Truck,0.0807061642408371,bkg,-1,24.42127804261487,108,4433.500732421875,1120.7721252441406,4452.61865234375,1151.9679260253906,106.74687194824219,"[24, 32)","[97, inf)","[82, inf)",True
f1opt,0.0758884698152542,2391.png,102,Cargo Truck,0.0803893953561782,bkg,-1,19.238689147962532,108,3299.4610595703125,4667.912170410156,3326.7066650390625,4681.497009277344,64.11190795898438,"[16, 24)","[97, inf)","[59, 82)",True
f1opt,0.0758884698152542,2391.png,103,Cargo Truck,0.0792202651500701,bkg,-1,25.054429736073786,108,2266.239501953125,118.3464813232422,2286.7266845703125,148.98634338378906,12.084485054016113,"[24, 32)","[97, inf)","[-inf, 45)",True
f1opt,0.0758884698152542,2391.png,104,Cargo Truck,0.078954592347145,bkg,-1,19.861077032472412,108,6087.241676330566,1131.5115356445312,6102.864326477051,1156.7609252929688,48.61057662963867,"[16, 24)","[97, inf)","[45, 59)",True
f1opt,0.0758884698152542,2391.png,105,Cargo Truck,0.0780807361006736,bkg,-1,22.34486496150898,108,3851.270263671875,945.2647705078124,3888.419189453125,958.705078125,50.95676803588867,"[16, 24)","[97, inf)","[45, 59)",True
f1opt,0.0758884698152542,2391.png,106,Cargo Truck,0.0768612399697303,TP,8,22.039711588868666,108,4841.189682006836,1281.7100219726562,4857.80549621582,1310.9441528320312,70.79019927978516,"[16, 24)","[97, inf)","[59, 82)",False
f1opt,0.0758884698152542,2391.png,107,Cargo Truck,0.0758884698152542,TP,9,23.759342119587277,108,4823.292053222656,1319.4945068359375,4843.2220458984375,1347.8189697265625,72.39080810546875,"[16, 24)","[97, inf)","[59, 82)",False
f1opt,0.0562120340764522,2391.png,108,Truck Tractor,0.0752501264214515,bkg,-1,28.884249698901808,108,2596.185943603516,4418.015869140625,2628.3247985839844,4443.97509765625,52.163169860839844,"[24, 32)","[97, inf)","[45, 59)",True
f1opt,0.0562120340764522,2391.png,109,Truck Tractor,0.0595299080014228,bkg,-1,48.48385978754457,108,1720.3656616210938,4243.771118164063,1803.5060424804688,4272.044799804688,53.85873031616211,"[48, 96)","[97, inf)","[45, 59)",True
f1opt,0.0562120340764522,2391.png,110,Truck Tractor,0.0592659451067447,bkg,-1,16.97846837938405,108,4030.179901123047,2962.6778564453125,4044.061737060547,2983.443725585937,50.34242248535156,"[16, 24)","[97, inf)","[45, 59)",True
f1opt,0.1298133283853531,2460.png,0,Truck w/Box,0.6928234696388245,TP,77,24.92337222220794,86,638.918701171875,287.8294372558594,666.65625,310.2241516113281,38.45833206176758,"[24, 32)","[76, 97)","[-inf, 45)",False
f1opt,0.1298133283853531,2460.png,1,Truck w/Box,0.687804102897644,TP,30,19.586848819219085,86,749.0110168457031,261.2253723144531,777.0466003417969,274.9095764160156,37.726600646972656,"[16, 24)","[76, 97)","[-inf, 45)",False
f1opt,0.1298133283853531,2460.png,2,Truck w/Box,0.6469108462333679,TP,69,18.699653943960136,86,307.136474609375,471.51947021484375,318.885986328125,501.2804565429688,46.01881790161133,"[16, 24)","[76, 97)","[45, 59)",False
f1opt,0.1298133283853531,2460.png,3,Truck w/Box,0.5966801047325134,TP,43,19.815151890390442,86,162.65139770507812,398.9217529296875,192.29281616210935,412.1680908203125,47.80215072631836,"[16, 24)","[76, 97)","[45, 59)",False
f1opt,0.1298133283853531,2460.png,4,Truck w/Box,0.5725069046020508,loc,29,22.13069599031712,86,706.3347473144531,264.7232666015625,733.0621032714844,283.0478515625,40.61428451538086,"[16, 24)","[76, 97)","[-inf, 45)",True
f1opt,0.0758884698152542,2460.png,5,Cargo Truck,0.5159173607826233,both,44,18.736719278296533,86,278.0936889648437,349.6295166015625,305.00994873046875,362.67236328125,44.90561294555664,"[16, 24)","[76, 97)","[-inf, 45)",True
f1opt,0.1298133283853531,2460.png,6,Truck w/Box,0.4619410932064056,bkg,-1,27.10378045996406,86,588.7662353515625,302.791259765625,618.2332763671875,327.7213134765625,40.129032135009766,"[24, 32)","[76, 97)","[-inf, 45)",True
f1opt,0.1298133283853531,2460.png,7,Truck w/Box,0.4016832411289215,TP,29,21.311703503979874,86,722.5689544677734,268.2799987792969,749.5239105224609,285.1299133300781,40.11507797241211,"[16, 24)","[76, 97)","[-inf, 45)",False
f1opt,0.1298133283853531,2460.png,8,Truck w/Box,0.3922042846679687,TP,44,24.212053469874085,86,276.55438232421875,358.79400634765625,312.74249267578125,374.9933471679688,46.387916564941406,"[24, 32)","[76, 97)","[45, 59)",False
f1opt,0.1298133283853531,2460.png,9,Truck w/Box,0.3819027841091156,bkg,-1,18.808898309121467,86,299.20977783203125,343.1409606933594,327.6163330078125,355.5949401855469,43.766578674316406,"[16, 24)","[76, 97)","[-inf, 45)",True
f1opt,0.0758884698152542,2460.png,10,Cargo Truck,0.3549574017524719,TP,51,11.716974183954035,86,445.245849609375,166.03240966796875,458.0850830078125,176.7252197265625,57.14285659790039,"[8, 16)","[76, 97)","[45, 59)",False
f1opt,0.1298133283853531,2460.png,11,Truck w/Box,0.3403738141059875,TP,83,26.013391011492836,86,609.3502807617188,286.93475341796875,639.4497680664062,309.416748046875,40.02553939819336,"[24, 32)","[76, 97)","[-inf, 45)",False
f1opt,0.1298133283853531,2460.png,12,Truck w/Box,0.3079721331596374,TP,64,20.463920193974214,86,380.574462890625,305.3788146972656,409.0609130859375,320.0795593261719,45.756248474121094,"[16, 24)","[76, 97)","[45, 59)",False
f1opt,0.0758884698152542,2460.png,13,Cargo Truck,0.307863175868988,cls,83,26.364756248564717,86,608.396240234375,286.7879638671875,639.15625,309.385498046875,39.98046875,"[24, 32)","[76, 97)","[-inf, 45)",True
f1opt,0.1298133283853531,2460.png,14,Truck w/Box,0.2977673709392547,TP,67,18.184373098793035,86,557.89111328125,163.77133178710938,570.6519775390625,189.68426513671875,43.27513122558594,"[16, 24)","[76, 97)","[-inf, 45)",False
f1opt,0.0758884698152542,2460.png,15,Cargo Truck,0.2560848295688629,TP,52,13.727809660459572,86,440.89251708984375,169.82785034179688,455.18548583984375,183.01284790039065,51.78333282470703,"[8, 16)","[76, 97)","[45, 59)",False
f1opt,0.1298133283853531,2460.png,16,Truck w/Box,0.2539079785346985,TP,73,15.249637116498052,86,533.9581298828125,37.1084213256836,543.1373291015625,62.44303131103516,48.09090805053711,"[8, 16)","[76, 97)","[45, 59)",False
f1opt,0.0758884698152542,2460.png,17,Cargo Truck,0.2380651384592056,TP,56,13.91508555667224,86,452.8116455078125,191.2562561035156,471.896728515625,201.40185546875,42.681819915771484,"[8, 16)","[76, 97)","[-inf, 45)",False
f1opt,0.0758884698152542,2460.png,18,Cargo Truck,0.2202040404081344,cls,10,15.61130371864995,86,436.697265625,196.52838134765625,451.503173828125,212.9888916015625,52.742645263671875,"[8, 16)","[76, 97)","[45, 59)",True
f1opt,0.1298133283853531,2460.png,19,Truck w/Box,0.2161929011344909,loc,77,23.57174534499665,86,638.4622802734375,278.392333984375,665.9639892578125,298.595703125,38.06122589111328,"[16, 24)","[76, 97)","[-inf, 45)",True
f1opt,0.0758884698152542,2460.png,20,Cargo Truck,0.212335467338562,bkg,-1,11.13705320300961,86,533.7854614257812,78.13436126708984,540.5394897460938,96.4988021850586,47.144737243652344,"[8, 16)","[76, 97)","[45, 59)",True
f1opt,0.1298133283853531,2460.png,21,Truck w/Box,0.2114701867103576,loc,83,24.474424594519217,86,603.02734375,294.34967041015625,631.13134765625,315.66326904296875,39.38557815551758,"[24, 32)","[76, 97)","[-inf, 45)",True
f1opt,0.0758884698152542,2460.png,22,Cargo Truck,0.1994814872741699,TP,57,12.401945071082729,86,450.6719970703125,182.2505798339844,465.4652099609375,192.64779663085935,42.647727966308594,"[8, 16)","[76, 97)","[-inf, 45)",False
f1opt,0.1298133283853531,2460.png,23,Truck w/Box,0.1962315291166305,TP,71,17.746498895844802,86,531.6549072265625,167.17376708984375,542.238037109375,196.93228149414065,46.363887786865234,"[16, 24)","[76, 97)","[45, 59)",False
f1opt,0.1298133283853531,2460.png,24,Truck w/Box,0.175179436802864,bkg,-1,16.350341039301203,86,220.4713134765625,544.4146118164062,245.92840576171875,554.9159545898438,51.69929885864258,"[16, 24)","[76, 97)","[45, 59)",True
f1opt,0.1298133283853531,2460.png,25,Truck w/Box,0.1660766303539276,TP,11,19.21164944405594,86,29.02995491027832,334.43243408203125,43.87762451171875,359.29071044921875,45.264102935791016,"[16, 24)","[76, 97)","[-inf, 45)",False
f1opt,0.0758884698152542,2460.png,26,Cargo Truck,0.1642898917198181,TP,21,12.199760661332702,86,427.7843017578125,164.6605224609375,439.2357177734375,177.65753173828125,45.10988998413086,"[8, 16)","[76, 97)","[-inf, 45)",False
f1opt,0.1298133283853531,2460.png,27,Truck w/Box,0.1586520820856094,TP,66,18.46194508047255,86,543.9671020507812,92.38255310058594,555.6709594726562,121.50486755371094,44.841026306152344,"[16, 24)","[76, 97)","[-inf, 45)",False
f1opt,0.1298133283853531,2460.png,28,Truck w/Box,0.1336614042520523,bkg,-1,19.0781460126882,86,836.0338439941406,0.28302001953125,854.0409240722656,20.495939254760746,47.318294525146484,"[16, 24)","[76, 97)","[45, 59)",True
f1opt,0.0758884698152542,2460.png,29,Cargo Truck,0.1279729455709457,bkg,-1,26.90796041867209,86,626.8223876953125,344.79803466796875,657.7921142578125,368.1769409179688,41.68375015258789,"[24, 32)","[76, 97)","[-inf, 45)",True
f1opt,0.0758884698152542,2460.png,30,Cargo Truck,0.117614634335041,cls,53,14.48136010319521,86,449.9060363769531,207.5946350097656,462.2832336425781,224.53787231445312,48.9603157043457,"[8, 16)","[76, 97)","[45, 59)",True
f1opt,0.0758884698152542,2460.png,31,Cargo Truck,0.0928164571523666,both,83,22.018701858999805,86,602.791015625,294.85302734375,627.0272216796875,314.85711669921875,39.19413757324219,"[16, 24)","[76, 97)","[-inf, 45)",True
f1opt,0.0758884698152542,2460.png,32,Cargo Truck,0.0921354815363884,cls,68,14.842557181567352,86,434.545166015625,183.0260009765625,449.715576171875,197.54779052734372,49.75416564941406,"[8, 16)","[76, 97)","[45, 59)",True
f1opt,0.0758884698152542,2460.png,33,Cargo Truck,0.0867499336600303,TP,7,22.9383230910266,86,995.4650268554688,72.09513854980469,1020.6757202148438,92.96591186523438,46.20695877075195,"[16, 24)","[76, 97)","[45, 59)",False
f1opt,0.1298133283853531,2470.png,0,Truck w/Box,0.8058742880821228,bkg,-1,39.90280239235619,153,65.55381774902344,2226.45458984375,117.5451202392578,2257.07958984375,43.71934127807617,"[32, 48)","[97, inf)","[-inf, 45)",True
f1opt,0.1298133283853531,2470.png,1,Truck w/Box,0.7902747392654419,TP,100,51.5268827187389,153,565.1737060546875,1802.8270263671875,620.7608642578125,1850.5902099609373,45.85386276245117,"[48, 96)","[97, inf)","[45, 59)",False
f1opt,0.1298133283853531,2470.png,2,Truck w/Box,0.7885715365409851,TP,113,43.82588708250277,153,286.2338256835937,2034.7240600585935,335.30596923828125,2073.864562988281,45.2234992980957,"[32, 48)","[97, inf)","[-inf, 45)",False
f1opt,0.1298133283853531,2470.png,3,Truck w/Box,0.780499279499054,bkg,-1,44.59950323975532,153,746.9822998046875,1695.4258422851562,793.6175537109375,1738.0784606933594,44.146305084228516,"[32, 48)","[97, inf)","[-inf, 45)",True
f1opt,0.1298133283853531,2470.png,4,Truck w/Box,0.7639831304550171,TP,36,47.95709763554593,153,896.4891357421875,1536.8925895690918,948.7808837890624,1580.8743515014648,48.7685546875,"[32, 48)","[97, inf)","[45, 59)",False
f1opt,0.1298133283853531,2470.png,5,Truck w/Box,0.7585333585739136,bkg,-1,58.77564691142869,153,1157.2857666015625,2299.239562988281,1224.669189453125,2350.5070190429688,44.6722297668457,"[48, 96)","[97, inf)","[-inf, 45)",True
f1opt,0.1298133283853531,2470.png,6,Truck w/Box,0.7499579191207886,loc,113,47.78195397813973,153,320.4742126464844,2038.6116943359373,370.6307678222656,2084.1314697265625,43.68043518066406,"[32, 48)","[97, inf)","[-inf, 45)",True
f1opt,0.1298133283853531,2470.png,7,Truck w/Box,0.7257429957389832,TP,131,41.58641776155691,153,121.14163208007812,2182.9742431640625,164.29888916015625,2223.0469970703125,41.548702239990234,"[32, 48)","[97, inf)","[-inf, 45)",False
f1opt,0.1298133283853531,2470.png,8,Truck w/Box,0.7247509956359863,loc,119,40.023733135686385,153,998.341064453125,2172.3099479675293,1034.6829528808594,2216.388538360596,48.14714813232422,"[32, 48)","[97, inf)","[45, 59)",True
f1opt,0.1298133283853531,2470.png,9,Truck w/Box,0.7238963842391968,TP,33,51.23108796135578,153,2975.989990234375,2412.0492553710938,3023.3408203125,2467.478576660156,42.9271125793457,"[48, 96)","[97, inf)","[-inf, 45)",False
f1opt,0.1298133283853531,2470.png,10,Truck w/Box,0.7118750810623169,TP,134,45.75445538235819,153,1399.8720703125,2085.423583984375,1451.709716796875,2125.8087158203125,46.96042251586914,"[32, 48)","[97, inf)","[45, 59)",False
f1opt,0.1298133283853531,2470.png,11,Truck w/Box,0.7093324661254883,TP,103,51.27091988640505,153,1134.5757446289062,2196.4305171966557,1193.0128784179688,2241.414024353028,48.7148551940918,"[48, 96)","[97, inf)","[45, 59)",False
f1opt,0.1298133283853531,2470.png,12,Truck w/Box,0.7031558752059937,TP,136,45.90050449781681,153,1094.0360717773438,2352.5158081054688,1146.9674682617188,2392.3193359375,43.770362854003906,"[32, 48)","[97, inf)","[-inf, 45)",False
f1opt,0.1298133283853531,2470.png,13,Truck w/Box,0.6993980407714844,TP,148,46.0219495034484,153,203.9963531494141,2139.034912109375,251.3589630126953,2183.754150390625,40.28163146972656,"[32, 48)","[97, inf)","[-inf, 45)",False
f1opt,0.1298133283853531,2470.png,14,Truck w/Box,0.6891977787017822,loc,32,51.16083028861499,153,2916.1199951171875,2486.2301025390625,2960.24658203125,2545.5465087890625,40.25148010253906,"[48, 96)","[97, inf)","[-inf, 45)",True
f1opt,0.1298133283853531,2470.png,15,Truck w/Box,0.6883804202079773,TP,68,47.72189754402242,153,201.6641540527344,2095.969482421875,256.09185791015625,2137.811767578125,44.73629379272461,"[32, 48)","[97, inf)","[-inf, 45)",False
f1opt,0.1298133283853531,2470.png,16,Truck w/Box,0.6862187385559082,bkg,-1,45.241396059166426,153,1029.6121826171875,2364.3125,1075.518798828125,2408.8983154296875,48.967376708984375,"[32, 48)","[97, inf)","[45, 59)",True
f1opt,0.1298133283853531,2470.png,17,Truck w/Box,0.6821330189704895,TP,110,48.6687142158657,153,1177.1644897460938,2237.640625,1231.9558715820312,2280.870849609375,45.4442138671875,"[48, 96)","[97, inf)","[45, 59)",False
f1opt,0.1298133283853531,2470.png,18,Truck w/Box,0.6818922758102417,TP,143,52.421624327670024,153,402.96826171875,1931.68359375,460.0864868164063,1979.7947998046875,46.287445068359375,"[48, 96)","[97, inf)","[45, 59)",False
f1opt,0.0758884698152542,2470.png,19,Cargo Truck,0.6663727760314941,both,9,32.350262438914214,153,2356.846160888672,2527.0260009765625,2395.336456298828,2554.2156982421875,42.7303581237793,"[32, 48)","[97, inf)","[-inf, 45)",True
f1opt,0.1298133283853531,2470.png,20,Truck w/Box,0.6658456921577454,TP,141,45.96120809817116,153,650.5169677734375,1669.7118377685547,706.2657470703125,1707.6038360595703,43.82231140136719,"[32, 48)","[97, inf)","[-inf, 45)",False
f1opt,0.1298133283853531,2470.png,21,Truck w/Box,0.663074791431427,TP,151,52.79394375687178,153,593.722900390625,1814.6897888183596,653.5394287109375,1861.285614013672,45.8125,"[48, 96)","[97, inf)","[45, 59)",False
f1opt,0.1298133283853531,2470.png,22,Truck w/Box,0.6616650223731995,bkg,-1,45.01975890228239,153,713.8150634765625,1688.2562255859375,761.1800537109375,1731.046875,45.101112365722656,"[32, 48)","[97, inf)","[-inf, 45)",True
f1opt,0.1298133283853531,2470.png,23,Truck w/Box,0.6603403091430664,TP,107,51.164033307203674,153,532.2202758789062,1866.6845703125,586.3851928710938,1915.0139770507808,44.34218215942383,"[48, 96)","[97, inf)","[-inf, 45)",False
f1opt,0.1298133283853531,2470.png,24,Truck w/Box,0.6588759422302246,TP,111,46.19040565874801,153,1230.1748046875,2209.1082763671875,1283.34521484375,2249.2349853515625,45.21364212036133,"[32, 48)","[97, inf)","[-inf, 45)",False
f1opt,0.1298133283853531,2470.png,25,Truck w/Box,0.656704306602478,TP,66,47.54246997140681,153,137.55059814453125,2145.572631835937,190.63409423828125,2188.1524658203125,44.4726448059082,"[32, 48)","[97, inf)","[-inf, 45)",False
f1opt,0.1298133283853531,2470.png,26,Truck w/Box,0.6549955606460571,TP,102,36.425937257693434,153,1149.349853515625,2041.93701171875,1205.8875732421875,2065.4053955078125,42.49684143066406,"[32, 48)","[97, inf)","[-inf, 45)",False
f1opt,0.1298133283853531,2470.png,27,Truck w/Box,0.6515436768531799,TP,94,46.370052807660414,153,660.570556640625,1729.27685546875,711.0048828125,1771.91015625,44.78085708618164,"[32, 48)","[97, inf)","[-inf, 45)",False
f1opt,0.1298133283853531,2470.png,28,Truck w/Box,0.6482933163642883,TP,38,46.64147864092496,153,961.0909423828124,1517.6033935546875,1012.9049072265624,1559.5887451171875,45.79203796386719,"[32, 48)","[97, inf)","[45, 59)",False
f1opt,0.1298133283853531,2470.png,29,Truck w/Box,0.644081711769104,TP,92,46.458585828435666,153,445.3218383789063,1902.901397705078,497.30120849609375,1944.425567626953,44.24177169799805,"[32, 48)","[97, inf)","[-inf, 45)",False
f1opt,0.1298133283853531,2470.png,30,Truck w/Box,0.6402836441993713,TP,90,57.30900955536869,153,614.3986206054688,1756.958953857422,675.2479858398438,1810.93359375,45.21055603027344,"[48, 96)","[97, inf)","[-inf, 45)",False
f1opt,0.1298133283853531,2470.png,31,Truck w/Box,0.6394793391227722,TP,51,46.9196393350228,153,1503.5834350585938,1995.4400329589844,1553.6990356445312,2039.3675231933596,46.54640579223633,"[32, 48)","[97, inf)","[45, 59)",False
f1opt,0.1298133283853531,2470.png,32,Truck w/Box,0.634819507598877,TP,75,56.31953613562617,153,1003.9149475097656,2141.0889892578125,1056.6636657714844,2201.221069335937,47.69398880004883,"[48, 96)","[97, inf)","[45, 59)",False
f1opt,0.1298133283853531,2470.png,33,Truck w/Box,0.6274468302726746,TP,132,49.57357897987031,153,114.2862548828125,3105.5269165039062,170.78903198242188,3149.0210571289062,37.555946350097656,"[48, 96)","[97, inf)","[-inf, 45)",False
f1opt,0.1298133283853531,2470.png,34,Truck w/Box,0.6242859363555908,bkg,-1,39.31871405326822,153,2318.928466796875,2754.518920898437,2346.878295898437,2809.8309326171875,42.56157684326172,"[32, 48)","[97, inf)","[-inf, 45)",True
f1opt,0.1298133283853531,2470.png,35,Truck w/Box,0.621451199054718,TP,115,42.95021249680528,153,149.25027465820312,2181.60546875,198.1480407714844,2219.33154296875,41.703590393066406,"[32, 48)","[97, inf)","[-inf, 45)",False
f1opt,0.1298133283853531,2470.png,36,Truck w/Box,0.6214327812194824,TP,79,43.996368924865216,153,1068.9857788085938,2329.5419921875,1114.1879272460938,2372.36474609375,45.077369689941406,"[32, 48)","[97, inf)","[-inf, 45)",False
f1opt,0.1298133283853531,2470.png,37,Truck w/Box,0.6162915229797363,loc,107,59.07646413757238,153,508.6417846679688,1840.5975341796875,574.1261596679688,1893.8931274414065,43.50663375854492,"[48, 96)","[97, inf)","[-inf, 45)",True
f1opt,0.1298133283853531,2470.png,38,Truck w/Box,0.615675687789917,TP,114,46.224265099344784,153,690.3355712890625,1740.99658203125,737.256103515625,1786.534912109375,42.88475036621094,"[32, 48)","[97, inf)","[-inf, 45)",False
f1opt,0.1298133283853531,2470.png,39,Truck w/Box,0.6032193899154663,TP,106,47.4448185531781,153,333.9014892578125,2972.324462890625,385.96826171875,3015.5576171875,37.33104705810547,"[32, 48)","[97, inf)","[-inf, 45)",False
f1opt,0.0792115405201911,2470.png,40,Truck w/Flatbed,0.5924234390258789,cls,123,45.79583749991781,153,2676.0616455078125,2304.2049560546875,2717.2003173828125,2355.1851806640625,40.507781982421875,"[32, 48)","[97, inf)","[-inf, 45)",True
f1opt,0.1298133283853531,2470.png,41,Truck w/Box,0.5884265899658203,TP,71,45.23579782181961,153,3024.1671142578125,1729.3978271484375,3078.6502685546875,1766.955810546875,39.31578826904297,"[32, 48)","[97, inf)","[-inf, 45)",False
f1opt,0.1298133283853531,2470.png,42,Truck w/Box,0.588287353515625,TP,81,42.527788683912355,153,647.487548828125,1776.1193237304688,689.332763671875,1819.3408203125,43.7003173828125,"[32, 48)","[97, inf)","[-inf, 45)",False
f1opt,0.0758884698152542,2470.png,43,Cargo Truck,0.5669616460800171,cls,105,44.968934150886255,153,2322.786437988281,2470.6871337890625,2371.13427734375,2512.5133056640625,42.75953674316406,"[32, 48)","[97, inf)","[-inf, 45)",True
f1opt,0.0758884698152542,2470.png,44,Cargo Truck,0.5637792944908142,cls,9,27.27159265066267,153,2358.842514038086,2514.221160888672,2391.5751190185547,2536.942840576172,41.18925857543945,"[24, 32)","[97, inf)","[-inf, 45)",True
f1opt,0.1298133283853531,2470.png,45,Truck w/Box,0.5633237957954407,TP,41,50.84704419327634,153,1120.1984252929688,1351.1558837890625,1175.3408813476562,1398.0421142578125,51.70089340209961,"[48, 96)","[97, inf)","[45, 59)",False
f1opt,0.1298133283853531,2470.png,46,Truck w/Box,0.5627411603927612,TP,116,46.21619561431411,153,1116.1922607421875,2165.4937744140625,1168.2684326171875,2206.5093994140625,46.9114990234375,"[32, 48)","[97, inf)","[45, 59)",False
f1opt,0.1298133283853531,2470.png,47,Truck w/Box,0.5539336800575256,TP,147,47.38651342475626,153,804.0859985351562,1654.0369873046875,856.1141967773438,1697.1959228515625,46.65266036987305,"[32, 48)","[97, inf)","[45, 59)",False
f1opt,0.1298133283853531,2470.png,48,Truck w/Box,0.5491625070571899,TP,91,54.90136444234847,153,2625.471466064453,2229.186183929444,2678.8570251464844,2285.6463928222656,42.290771484375,"[48, 96)","[97, inf)","[-inf, 45)",False
f1opt,0.1298133283853531,2470.png,49,Truck w/Box,0.5468634366989136,TP,146,48.696879789632106,153,1080.5357666015625,2125.50732421875,1136.0064697265625,2168.257568359375,47.574562072753906,"[48, 96)","[97, inf)","[45, 59)",False
f1opt,0.0758884698152542,2470.png,50,Cargo Truck,0.5456867218017578,bkg,-1,29.386431714306294,153,987.2501220703124,2510.720428466797,1020.746826171875,2536.500946044922,45.81263732910156,"[24, 32)","[97, inf)","[45, 59)",True
f1opt,0.0758884698152542,2470.png,51,Cargo Truck,0.5365168452262878,cls,138,39.09258556995059,153,2072.387084960937,2004.5621337890625,2100.3858642578125,2059.1441650390625,42.169334411621094,"[32, 48)","[97, inf)","[-inf, 45)",True
f1opt,0.0758884698152542,2470.png,52,Cargo Truck,0.5359559655189514,cls,124,26.296576339014234,153,2334.008850097656,2925.1451416015625,2353.9675903320312,2959.7921142578125,43.04571533203125,"[24, 32)","[97, inf)","[-inf, 45)",True
f1opt,0.0758884698152542,2470.png,53,Cargo Truck,0.5313684940338135,cls,11,23.47715511419037,153,2370.813491821289,2450.9153747558594,2394.3014373779297,2474.3817443847656,42.94879913330078,"[16, 24)","[97, inf)","[-inf, 45)",True
f1opt,0.1298133283853531,2470.png,54,Truck w/Box,0.5309823155403137,TP,82,30.81731037160753,153,1138.2803955078125,2023.5515747070312,1186.3754272460938,2043.2980346679688,42.693878173828125,"[24, 32)","[97, inf)","[-inf, 45)",False
f1opt,0.1298133283853531,2470.png,55,Truck w/Box,0.525338351726532,TP,85,49.299199025497245,153,276.42938232421875,2978.714904785156,330.29400634765625,3023.8356323242188,38.710670471191406,"[48, 96)","[97, inf)","[-inf, 45)",False
f1opt,0.1298133283853531,2470.png,56,Truck w/Box,0.513034462928772,TP,84,48.9634803471078,153,1087.8392944335938,2139.6376953125,1140.5030517578125,2185.160888671875,45.73443603515625,"[48, 96)","[97, inf)","[45, 59)",False
f1opt,0.1298133283853531,2470.png,57,Truck w/Box,0.5106316208839417,bkg,-1,37.40797158851134,153,944.6710510253906,702.739990234375,975.433563232422,748.22900390625,36.53390884399414,"[32, 48)","[97, inf)","[-inf, 45)",True
f1opt,0.1298133283853531,2470.png,58,Truck w/Box,0.510249137878418,TP,40,48.6460252981326,153,1019.1112365722656,1476.79296875,1072.8363342285156,1520.840087890625,47.96378707885742,"[48, 96)","[97, inf)","[45, 59)",False
f1opt,0.0758884698152542,2470.png,59,Cargo Truck,0.5000779628753662,both,130,33.819742523337915,153,2399.8296508789062,2480.809631347656,2436.819274902344,2511.7311401367188,42.941612243652344,"[32, 48)","[97, inf)","[-inf, 45)",True
f1opt,0.1298133283853531,2470.png,60,Truck w/Box,0.4969666302204132,TP,142,46.41124990866878,153,1274.6891479492188,2164.386962890625,1323.6117553710938,2208.415771484375,44.539554595947266,"[32, 48)","[97, inf)","[-inf, 45)",False
f1opt,0.1298133283853531,2470.png,61,Truck w/Box,0.4949508905410766,bkg,-1,26.724552493217672,153,0.0,16.751178741455078,29.615346908569336,40.86711120605469,49.470664978027344,"[24, 32)","[97, inf)","[45, 59)",True
f1opt,0.1298133283853531,2470.png,62,Truck w/Box,0.4797221720218658,TP,135,30.83485848187047,153,1621.3148193359375,2240.7760009765625,1661.36572265625,2264.5155029296875,45.32390213012695,"[24, 32)","[97, inf)","[-inf, 45)",False
f1opt,0.1298133283853531,2470.png,63,Truck w/Box,0.4733738005161285,loc,111,42.23852808334742,153,1259.1827697753906,2229.696655273437,1309.2769775390625,2265.311416625977,44.09803771972656,"[32, 48)","[97, inf)","[-inf, 45)",True
f1opt,0.1298133283853531,2470.png,64,Truck w/Box,0.4726083874702453,bkg,-1,30.548435065489073,153,985.6200561523438,2511.1590576171875,1019.764617919922,2538.4901123046875,46.20816421508789,"[24, 32)","[97, inf)","[45, 59)",True
f1opt,0.0758884698152542,2470.png,65,Cargo Truck,0.4724053740501404,cls,88,33.531619747181715,153,2375.9127197265625,2475.6669921875,2409.67529296875,2508.96923828125,42.418487548828125,"[32, 48)","[97, inf)","[-inf, 45)",True
f1opt,0.1298133283853531,2470.png,66,Truck w/Box,0.4714444875717163,TP,89,34.89341889336542,153,1159.6248168945312,2057.2655029296875,1210.7555541992188,2081.0780029296875,42.332305908203125,"[32, 48)","[97, inf)","[-inf, 45)",False
f1opt,0.0758884698152542,2470.png,67,Cargo Truck,0.4687037169933319,cls,38,45.96465089479855,153,960.0413513183594,1518.79638671875,1011.7805480957032,1559.6309814453125,45.86538314819336,"[32, 48)","[97, inf)","[45, 59)",True
f1opt,0.1298133283853531,2470.png,68,Truck w/Box,0.4666975736618042,bkg,-1,45.304754622242186,153,1732.1033935546875,2542.0939331054688,1781.8663330078125,2583.339904785156,48.68619155883789,"[32, 48)","[97, inf)","[45, 59)",True
f1opt,0.0758884698152542,2470.png,69,Cargo Truck,0.4559900462627411,cls,104,40.6732811605946,153,2058.01953125,2002.3804321289065,2086.9912109375,2059.4815673828125,42.09690856933594,"[32, 48)","[97, inf)","[-inf, 45)",True
f1opt,0.1298133283853531,2470.png,70,Truck w/Box,0.4445011615753174,TP,96,45.77955218245173,153,2542.102935791016,2338.586715698242,2590.575958251953,2381.822463989258,41.423004150390625,"[32, 48)","[97, inf)","[-inf, 45)",False
f1opt,0.1298133283853531,2470.png,71,Truck w/Box,0.4335542023181915,TP,37,45.86406982539311,153,937.7686767578124,1497.5377197265625,986.3275146484376,1540.8565673828125,49.04045486450195,"[32, 48)","[97, inf)","[45, 59)",False
f1opt,0.0758884698152542,2470.png,72,Cargo Truck,0.4326784908771515,cls,97,36.72187701281978,153,2571.41064453125,2401.6863403320312,2612.515625,2434.492492675781,38.79061508178711,"[32, 48)","[97, inf)","[-inf, 45)",True
f1opt,0.1298133283853531,2470.png,73,Truck w/Box,0.431713342666626,TP,108,45.23011671197472,153,970.3381652832032,2174.865600585937,1012.7227172851562,2223.13232421875,46.62837219238281,"[32, 48)","[97, inf)","[45, 59)",False
f1opt,0.1298133283853531,2470.png,74,Truck w/Box,0.4316094815731048,loc,29,47.5286259629896,153,2793.691711425781,2607.42041015625,2835.789001464844,2661.081115722656,41.567020416259766,"[32, 48)","[97, inf)","[-inf, 45)",True
f1opt,0.0758884698152542,2470.png,75,Cargo Truck,0.4269729256629944,cls,28,37.34903537584634,153,2822.7657470703125,2626.1312866210938,2855.120483398437,2669.2455444335938,38.54612350463867,"[32, 48)","[97, inf)","[-inf, 45)",True
f1opt,0.1298133283853531,2470.png,76,Truck w/Box,0.4248138964176178,TP,126,22.90907802727509,153,1211.5399475097656,2070.0389404296875,1244.499481201172,2085.962280273437,46.78125,"[16, 24)","[97, inf)","[45, 59)",False
f1opt,0.1298133283853531,2470.png,77,Truck w/Box,0.4210600852966308,bkg,-1,46.9166504583647,153,1236.8309936523438,2140.4140625,1289.3390502929688,2182.334716796875,46.75624465942383,"[32, 48)","[97, inf)","[45, 59)",True
f1opt,0.1298133283853531,2470.png,78,Truck w/Box,0.420397400856018,bkg,-1,30.971804064332993,153,927.5949096679688,771.3517646789551,955.6687622070312,805.5206642150879,40.95270919799805,"[24, 32)","[97, inf)","[-inf, 45)",True
f1opt,0.1298133283853531,2470.png,79,Truck w/Box,0.4194442331790924,TP,34,44.0246728209285,153,3016.671936035156,2349.5120544433594,3057.7791137695312,2396.6612854003906,43.716766357421875,"[32, 48)","[97, inf)","[-inf, 45)",False
f1opt,0.0758884698152542,2470.png,80,Cargo Truck,0.4145914614200592,cls,14,34.11199771454371,153,2750.592041015625,3080.414428710937,2782.8885498046875,3116.4439697265625,41.25307083129883,"[32, 48)","[97, inf)","[-inf, 45)",True
f1opt,0.0758884698152542,2470.png,81,Cargo Truck,0.412314623594284,cls,147,47.76860624273724,153,803.0627288818359,1653.751220703125,854.9889907836914,1697.695068359375,46.52649688720703,"[32, 48)","[97, inf)","[45, 59)",True
f1opt,0.1298133283853531,2470.png,82,Truck w/Box,0.403373122215271,bkg,-1,25.4472775425224,153,694.66845703125,1629.809051513672,725.91845703125,1650.5310974121094,48.821022033691406,"[24, 32)","[97, inf)","[45, 59)",True
f1opt,0.1298133283853531,2470.png,83,Truck w/Box,0.4028738141059875,TP,95,45.308149052583644,153,2401.215576171875,2406.039428710937,2450.4150390625,2447.764038085937,40.948570251464844,"[32, 48)","[97, inf)","[-inf, 45)",False
f1opt,0.0758884698152542,2470.png,84,Cargo Truck,0.3985771536827087,cls,36,48.64072472044063,153,895.5319519042969,1536.8875732421875,948.1407775878906,1581.8594970703125,48.80595779418945,"[48, 96)","[97, inf)","[45, 59)",True
f1opt,0.1298133283853531,2470.png,85,Truck w/Box,0.3811516463756561,TP,93,57.96371557414949,153,451.5230712890625,1933.6724853515625,523.6920776367188,1980.2269897460935,45.765411376953125,"[48, 96)","[97, inf)","[45, 59)",False
f1opt,0.0792115405201911,2470.png,86,Truck w/Flatbed,0.3795035779476166,cls,35,33.54603060982018,153,772.4916954040527,741.6165771484375,807.4854469299316,773.7747802734375,41.774410247802734,"[32, 48)","[97, inf)","[-inf, 45)",True
f1opt,0.1298133283853531,2470.png,87,Truck w/Box,0.3753828704357147,bkg,-1,32.61479035300327,153,1623.8890991210938,1619.6866912841797,1657.1884155273438,1651.6310272216797,47.8606071472168,"[32, 48)","[97, inf)","[45, 59)",True
f1opt,0.1298133283853531,2470.png,88,Truck w/Box,0.3734656870365143,bkg,-1,31.13329525289714,153,667.12451171875,1647.713897705078,712.8662109375,1668.9042358398438,43.293479919433594,"[24, 32)","[97, inf)","[-inf, 45)",True
f1opt,0.0758884698152542,2470.png,89,Cargo Truck,0.3686484694480896,cls,74,38.24273430235625,153,1982.4552612304688,2267.602340698242,2014.882751464844,2312.703170776367,43.03557205200195,"[32, 48)","[97, inf)","[-inf, 45)",True
f1opt,0.1298133283853531,2470.png,90,Truck w/Box,0.3682468235492706,TP,55,35.91529307114936,153,1850.8423461914065,1707.363739013672,1893.683532714844,1737.4728088378906,44.45234680175781,"[32, 48)","[97, inf)","[-inf, 45)",False
f1opt,0.1298133283853531,2470.png,91,Truck w/Box,0.3674201071262359,TP,63,26.60313810299863,153,1656.0016479492188,1590.526294708252,1677.5775756835938,1623.3279876708984,49.425132751464844,"[24, 32)","[97, inf)","[45, 59)",False
f1opt,0.0792115405201911,2470.png,92,Truck w/Flatbed,0.3449117243289947,cls,107,50.80939277468778,153,533.030029296875,1866.2069091796875,587.65869140625,1913.4640502929688,44.32045364379883,"[48, 96)","[97, inf)","[-inf, 45)",True
f1opt,0.0758884698152542,2470.png,93,Cargo Truck,0.3442184627056122,cls,133,47.748891241809474,153,2601.515655517578,2753.464599609375,2643.537872314453,2807.7205810546875,42.561100006103516,"[32, 48)","[97, inf)","[-inf, 45)",True
f1opt,0.1298133283853531,2470.png,94,Truck w/Box,0.3440423905849457,TP,43,42.8859904951247,153,1171.5205078125,1359.2479248046875,1216.3430786132812,1400.281005859375,53.52432632446289,"[32, 48)","[97, inf)","[45, 59)",False
f1opt,0.0758884698152542,2470.png,95,Cargo Truck,0.344008594751358,bkg,-1,31.5495458552083,153,2366.082275390625,2536.26806640625,2408.024658203125,2560.0,43.22771453857422,"[24, 32)","[97, inf)","[-inf, 45)",True
f1opt,0.0758884698152542,2470.png,96,Cargo Truck,0.3385598361492157,cls,47,34.45756800628856,153,2565.0301513671875,2389.6866455078125,2603.3152465820312,2420.6993408203125,38.94230651855469,"[32, 48)","[97, inf)","[-inf, 45)",True
f1opt,0.0758884698152542,2470.png,97,Cargo Truck,0.3367107212543487,both,144,26.045590850168658,153,2103.792358398437,2157.148803710937,2125.3280029296875,2188.648803710937,41.096466064453125,"[24, 32)","[97, inf)","[-inf, 45)",True
f1opt,0.1298133283853531,2470.png,98,Truck w/Box,0.335299402475357,loc,125,49.348492113811574,153,77.029296875,3143.0849609375,124.19207763671876,3194.720458984375,38.14182662963867,"[48, 96)","[97, inf)","[-inf, 45)",True
f1opt,0.0758884698152542,2470.png,99,Cargo Truck,0.3340817391872406,both,96,24.193225720104838,153,2543.98828125,2343.5545959472656,2560.0,2380.109832763672,40.98606872558594,"[24, 32)","[97, inf)","[-inf, 45)",True
f1opt,0.1298133283853531,2470.png,100,Truck w/Box,0.3273030519485473,bkg,-1,43.30714471754438,153,1751.9681396484375,1785.5662536621094,1792.0,1832.4166564941409,44.254066467285156,"[32, 48)","[97, inf)","[-inf, 45)",True
f1opt,0.1298133283853531,2470.png,101,Truck w/Box,0.3217872977256775,bkg,-1,37.72404283675345,153,607.6964111328125,2692.8771362304688,651.1219482421875,2725.6482543945312,39.39934539794922,"[32, 48)","[97, inf)","[-inf, 45)",True
f1opt,0.0758884698152542,2470.png,102,Cargo Truck,0.3208347856998443,cls,22,37.51046121831761,153,2866.3446044921875,2832.4605712890625,2911.3310546875,2863.7374267578125,47.05366897583008,"[32, 48)","[97, inf)","[45, 59)",True
f1opt,0.0758884698152542,2470.png,103,Cargo Truck,0.3172601461410522,both,152,27.89023572933287,153,2044.2991943359373,1995.4216918945312,2065.5164794921875,2032.0835571289065,44.71650695800781,"[24, 32)","[97, inf)","[-inf, 45)",True
f1opt,0.0758884698152542,2470.png,104,Cargo Truck,0.307215929031372,bkg,-1,30.284764705281997,153,927.8528747558594,771.3704719543457,955.8079223632812,804.1791076660156,40.973628997802734,"[24, 32)","[97, inf)","[-inf, 45)",True
f1opt,0.1298133283853531,2470.png,105,Truck w/Box,0.3059664368629455,TP,67,49.47713207881988,153,251.2859039306641,2096.5115966796875,300.4385986328125,2146.3153076171875,40.35097885131836,"[48, 96)","[97, inf)","[-inf, 45)",False
f1opt,0.0758884698152542,2470.png,106,Cargo Truck,0.3050038814544678,both,73,24.951379728104712,153,1962.115264892578,2294.933769226074,1982.896514892578,2324.89208984375,53.6528434753418,"[24, 32)","[97, inf)","[45, 59)",True
f1opt,0.1298133283853531,2470.png,107,Truck w/Box,0.3047512471675873,TP,121,51.586024179288785,153,1127.05859375,2180.6873168945312,1181.6387939453125,2229.443420410156,48.094547271728516,"[48, 96)","[97, inf)","[45, 59)",False
f1opt,0.0758884698152542,2470.png,108,Cargo Truck,0.3029832541942596,cls,135,30.495454334946913,153,1621.2112655639648,2241.319580078125,1661.1772537231443,2264.5886840820312,45.48882293701172,"[24, 32)","[97, inf)","[45, 59)",True
f1opt,0.0758884698152542,2470.png,109,Cargo Truck,0.2961139976978302,cls,16,32.78224206446965,153,2737.3759765625,3046.3512573242188,2769.091796875,3080.2357788085938,39.7671012878418,"[32, 48)","[97, inf)","[-inf, 45)",True
f1opt,0.0758884698152542,2470.png,110,Cargo Truck,0.2931046485900879,cls,95,42.63227509196057,153,2403.44873046875,2407.9320678710938,2450.5040283203125,2446.5570678710938,41.061458587646484,"[32, 48)","[97, inf)","[-inf, 45)",True
f1opt,0.1298133283853531,2470.png,111,Truck w/Box,0.2915590703487396,TP,46,44.32672424577325,153,2496.7965087890625,2466.4503784179688,2546.816772460937,2505.7316284179688,40.70539093017578,"[32, 48)","[97, inf)","[-inf, 45)",False
f1opt,0.1298133283853531,2470.png,112,Truck w/Box,0.2897259891033172,TP,105,44.55821117371634,153,2322.5848388671875,2471.5047302246094,2370.450561523437,2512.9839782714844,42.8275032043457,"[32, 48)","[97, inf)","[-inf, 45)",False
f1opt,0.1298133283853531,2470.png,113,Truck w/Box,0.2844360470771789,TP,150,42.212354042844645,153,2336.5069580078125,2822.763427734375,2367.2662353515625,2880.693359375,42.36970520019531,"[32, 48)","[97, inf)","[-inf, 45)",False
f1opt,0.1298133283853531,2470.png,114,Truck w/Box,0.2818345129489898,TP,57,28.612834869505892,153,1699.2093505859375,1536.0215225219729,1732.0106201171875,1560.980749130249,52.397647857666016,"[24, 32)","[97, inf)","[45, 59)",False
f1opt,0.1298133283853531,2470.png,115,Truck w/Box,0.2808948457241058,TP,123,46.73108799788835,153,2674.747375488281,2304.2317657470703,2716.980773925781,2355.9395294189453,40.581844329833984,"[32, 48)","[97, inf)","[-inf, 45)",False
f1opt,0.1298133283853531,2470.png,116,Truck w/Box,0.2790221869945526,loc,122,46.98476883888416,153,2537.3873291015625,2837.92919921875,2577.7012939453125,2892.6885986328125,43.1724739074707,"[32, 48)","[97, inf)","[-inf, 45)",True
f1opt,0.1298133283853531,2470.png,117,Truck w/Box,0.2786438465118408,loc,141,47.49137921280066,153,660.8740234375,1683.277099609375,716.8756103515625,1723.551513671875,41.93709945678711,"[32, 48)","[97, inf)","[-inf, 45)",True
f1opt,0.0758884698152542,2470.png,118,Cargo Truck,0.2783702611923218,cls,10,39.105391031824766,153,2289.0655822753906,2516.989227294922,2318.2664184570312,2569.358673095703,41.02407455444336,"[32, 48)","[97, inf)","[-inf, 45)",True
f1opt,0.0758884698152542,2470.png,119,Cargo Truck,0.2777166366577148,bkg,-1,15.166690399230827,153,2428.731201171875,3136.5601196289062,2446.8096923828125,3149.2839965820312,45.28571319580078,"[8, 16)","[97, inf)","[-inf, 45)",True
f1opt,0.1298133283853531,2470.png,120,Truck w/Box,0.2652859687805176,bkg,-1,35.02030978850634,153,2539.079559326172,1256.7492065429688,2579.9071350097656,1286.7882690429688,65.19355010986328,"[32, 48)","[97, inf)","[59, 82)",True
f1opt,0.0758884698152542,2470.png,121,Cargo Truck,0.2618873715400696,cls,139,19.73565117884522,153,902.3248291015624,2633.1278381347656,923.0208740234376,2651.947662353516,45.10047912597656,"[16, 24)","[97, inf)","[-inf, 45)",True
f1opt,0.0758884698152542,2470.png,122,Cargo Truck,0.2589837610721588,TP,4,27.42654851066508,153,2323.6697387695312,3115.252197265625,2353.1539916992188,3140.7646484375,45.502479553222656,"[24, 32)","[97, inf)","[45, 59)",False
f1opt,0.0758884698152542,2470.png,123,Cargo Truck,0.2548631727695465,both,25,30.70033076580696,153,2844.6117553710938,2879.23779296875,2876.0310668945312,2909.235595703125,41.52785873413086,"[24, 32)","[97, inf)","[-inf, 45)",True
f1opt,0.1298133283853531,2470.png,124,Truck w/Box,0.254817396402359,TP,140,40.18247122321697,153,2323.1676025390625,2848.015014648437,2351.6746826171875,2904.654663085937,43.071990966796875,"[32, 48)","[97, inf)","[-inf, 45)",False
f1opt,0.1298133283853531,2470.png,125,Truck w/Box,0.2543682157993316,bkg,-1,58.61784662897161,153,966.9368591308594,726.9008178710938,1023.1260375976562,788.0523071289062,39.47618865966797,"[48, 96)","[97, inf)","[-inf, 45)",True
f1opt,0.0758884698152542,2470.png,126,Cargo Truck,0.2529990673065185,both,122,48.036770976115854,153,2536.1776123046875,2836.2986450195312,2577.1881103515625,2892.565490722656,43.24269104003906,"[48, 96)","[97, inf)","[-inf, 45)",True
f1opt,0.1298133283853531,2470.png,127,Truck w/Box,0.2502349317073822,TP,149,32.80167963411078,153,1481.9886474609375,1964.793701171875,1516.6275634765625,1995.8555908203125,52.05381774902344,"[32, 48)","[97, inf)","[45, 59)",False
f1opt,0.0792115405201911,2470.png,128,Truck w/Flatbed,0.2404426634311676,cls,95,47.65942619816046,153,2401.5313720703125,2404.470428466797,2454.810302734375,2447.103057861328,40.95833206176758,"[32, 48)","[97, inf)","[-inf, 45)",True
f1opt,0.1298133283853531,2470.png,129,Truck w/Box,0.2398893982172012,bkg,-1,52.04198579275829,153,1000.9871520996094,646.7138671875,1054.524383544922,697.3023681640625,39.319580078125,"[48, 96)","[97, inf)","[-inf, 45)",True
f1opt,0.1298133283853531,2470.png,130,Truck w/Box,0.2350965589284896,bkg,-1,31.451661939486783,153,829.9362297058105,2587.1990661621094,869.8477935791016,2611.9840393066406,49.66146469116211,"[24, 32)","[97, inf)","[45, 59)",True
f1opt,0.0758884698152542,2470.png,131,Cargo Truck,0.2344331741333007,cls,86,44.21164569870629,153,2415.273803710937,2442.7569580078125,2464.2955322265625,2482.6304931640625,42.752681732177734,"[32, 48)","[97, inf)","[-inf, 45)",True
f1opt,0.0758884698152542,2470.png,132,Cargo Truck,0.2314787954092025,cls,15,28.368008694415085,153,2728.792297363281,3055.6011962890625,2755.1948852539062,3086.0809326171875,39.5,"[24, 32)","[97, inf)","[-inf, 45)",True
f1opt,0.0758884698152542,2470.png,133,Cargo Truck,0.2267099022865295,bkg,-1,29.658747071097185,153,1689.3916625976562,1894.851318359375,1718.4132690429688,1925.161193847656,43.59375,"[24, 32)","[97, inf)","[-inf, 45)",True
f1opt,0.0758884698152542,2470.png,134,Cargo Truck,0.2176100015640258,cls,70,26.151826040030983,153,297.9322509765625,286.238525390625,342.5074462890625,301.58154296875,40.74864196777344,"[24, 32)","[97, inf)","[-inf, 45)",True
f1opt,0.0758884698152542,2470.png,135,Cargo Truck,0.2168198227882385,bkg,-1,27.88284200109373,153,966.0568237304688,733.400146484375,993.2035522460938,762.0390625,38.62738037109375,"[24, 32)","[97, inf)","[-inf, 45)",True
f1opt,0.0758884698152542,2470.png,136,Cargo Truck,0.215212807059288,bkg,-1,20.484721540201132,153,1003.650146484375,2528.010009765625,1024.0,2548.6304931640625,47.560089111328125,"[16, 24)","[97, inf)","[45, 59)",True
f1opt,0.1298133283853531,2470.png,137,Truck w/Box,0.2102455049753189,TP,31,37.363803586284675,153,2864.880249023437,2521.147399902344,2902.4830322265625,2558.273742675781,40.75438690185547,"[32, 48)","[97, inf)","[-inf, 45)",False
f1opt,0.0758884698152542,2470.png,138,Cargo Truck,0.2099851965904235,cls,45,25.012669924264156,153,2308.8765869140625,2711.340087890625,2327.8211669921875,2744.364501953125,45.880882263183594,"[24, 32)","[97, inf)","[45, 59)",True
f1opt,0.0792115405201911,2470.png,139,Truck w/Flatbed,0.2067229747772216,cls,83,53.435056194675624,153,2632.0900268554688,2343.440490722656,2688.81005859375,2393.7808227539062,41.905399322509766,"[48, 96)","[97, inf)","[-inf, 45)",True
f1opt,0.1298133283853531,2470.png,140,Truck w/Box,0.2037787139415741,bkg,-1,42.977656618360704,153,267.5992431640625,3029.146728515625,316.1060791015625,3067.2254638671875,35.80205154418945,"[32, 48)","[97, inf)","[-inf, 45)",True
f1opt,0.1298133283853531,2470.png,141,Truck w/Box,0.2020817995071411,TP,30,49.71646281699422,153,2849.2865600585938,2565.9683227539062,2891.5678100585938,2624.427490234375,38.80503845214844,"[48, 96)","[97, inf)","[-inf, 45)",False
f1opt,0.1298133283853531,2470.png,142,Truck w/Box,0.1995237469673156,bkg,-1,55.938387135911135,153,994.880828857422,712.0234375,1040.0515441894531,781.2962646484375,39.824012756347656,"[48, 96)","[97, inf)","[-inf, 45)",True
f1opt,0.0758884698152542,2470.png,143,Cargo Truck,0.1990941017866134,cls,24,37.134724159078914,153,2829.4381103515625,2885.8223876953125,2865.5386962890625,2924.020874023437,41.789188385009766,"[32, 48)","[97, inf)","[-inf, 45)",True
f1opt,0.1298133283853531,2470.png,144,Truck w/Box,0.1979715675115585,TP,144,38.82410456414841,153,2109.235595703125,2127.2490234375,2137.0751953125,2181.3917236328125,42.07711410522461,"[32, 48)","[97, inf)","[-inf, 45)",False
f1opt,0.1298133283853531,2470.png,145,Truck w/Box,0.1946008801460266,bkg,-1,45.591542438738024,153,1431.2791748046875,2041.3548583984373,1476.9013671875,2086.915771484375,49.32703399658203,"[32, 48)","[97, inf)","[45, 59)",True
f1opt,0.1298133283853531,2470.png,146,Truck w/Box,0.1894270628690719,bkg,-1,33.09841376105999,153,1717.055419921875,1853.979248046875,1749.3037109375,1887.9501953125,43.02077865600586,"[32, 48)","[97, inf)","[-inf, 45)",True
f1opt,0.0792115405201911,2470.png,147,Truck w/Flatbed,0.1893073171377182,cls,114,44.65783664829112,153,691.572509765625,1741.2467651367188,737.593994140625,1784.5813598632812,42.768375396728516,"[32, 48)","[97, inf)","[-inf, 45)",True
f1opt,0.1298133283853531,2470.png,148,Truck w/Box,0.1867836117744445,TP,124,26.817851089484662,153,2334.2965087890625,2924.3248901367188,2354.051147460937,2960.731384277344,42.93050003051758,"[24, 32)","[97, inf)","[-inf, 45)",False
f1opt,0.1298133283853531,2470.png,149,Truck w/Box,0.1824620813131332,TP,86,44.327121603591856,153,2415.0017700195312,2443.632141113281,2462.9744262695312,2484.590759277344,42.632938385009766,"[32, 48)","[97, inf)","[-inf, 45)",False
f1opt,0.0758884698152542,2470.png,150,Cargo Truck,0.1811891347169876,cls,144,38.711320728903125,153,2109.85986328125,2126.72607421875,2137.307373046875,2181.323608398437,42.07943344116211,"[32, 48)","[97, inf)","[-inf, 45)",True
f1opt,0.1298133283853531,2470.png,151,Truck w/Box,0.1793753802776336,bkg,-1,32.01219743518509,153,1898.7339477539065,1675.3162536621094,1928.8121948242188,1709.386749267578,46.802764892578125,"[32, 48)","[97, inf)","[45, 59)",True
f1opt,0.1298133283853531,2470.png,152,Truck w/Box,0.1786240339279174,TP,87,58.850692218529694,153,140.81546020507812,3019.568603515625,199.2212829589844,3078.867553710937,39.141944885253906,"[48, 96)","[97, inf)","[-inf, 45)",False
f1opt,0.0758884698152542,2470.png,153,Cargo Truck,0.1751016676425933,cls,114,44.19416654185743,153,691.78173828125,1743.043914794922,738.04248046875,1785.2638244628906,42.74321746826172,"[32, 48)","[97, inf)","[-inf, 45)",True
f1opt,0.1298133283853531,2470.png,154,Truck w/Box,0.1725567281246185,TP,83,53.9160422459975,153,2631.929077148437,2342.488220214844,2688.3246459960938,2394.0337524414062,41.87800979614258,"[48, 96)","[97, inf)","[-inf, 45)",False
f1opt,0.1298133283853531,2470.png,155,Truck w/Box,0.1712797135114669,TP,48,63.01157986185353,153,2445.0177612304688,2358.39990234375,2510.6422729492188,2418.902587890625,41.185543060302734,"[48, 96)","[97, inf)","[-inf, 45)",False
f1opt,0.1298133283853531,2470.png,156,Truck w/Box,0.1678668856620788,loc,127,21.043039242116365,153,1200.6673583984375,2054.2472534179688,1231.6549072265625,2068.537170410156,44.76874923706055,"[16, 24)","[97, inf)","[-inf, 45)",True
f1opt,0.1298133283853531,2470.png,157,Truck w/Box,0.1651297956705093,bkg,-1,51.931416899819055,153,2370.250305175781,2543.2472534179688,2429.5753784179688,2588.7064819335938,41.67282485961914,"[48, 96)","[97, inf)","[-inf, 45)",True
f1opt,0.0758884698152542,2470.png,158,Cargo Truck,0.1645539551973343,cls,23,43.59640901721341,153,2846.3756103515625,2839.8125,2884.5645751953125,2889.58203125,42.54499816894531,"[32, 48)","[97, inf)","[-inf, 45)",True
f1opt,0.1298133283853531,2470.png,159,Truck w/Box,0.159437745809555,bkg,-1,53.84150958589116,153,2750.46728515625,2660.67626953125,2795.53955078125,2724.9931640625,40.720401763916016,"[48, 96)","[97, inf)","[-inf, 45)",True
f1opt,0.0758884698152542,2470.png,160,Cargo Truck,0.1594104021787643,bkg,-1,30.53834410910784,153,2487.6968383789062,2978.4111328125,2520.586242675781,3006.7664794921875,40.816429138183594,"[24, 32)","[97, inf)","[-inf, 45)",True
f1opt,0.1298133283853531,2470.png,161,Truck w/Box,0.1593417823314666,loc,41,43.537405258349985,153,1123.2510986328125,1386.8303833007812,1171.513916015625,1426.1050415039062,48.97610855102539,"[32, 48)","[97, inf)","[45, 59)",True
f1opt,0.1298133283853531,2470.png,162,Truck w/Box,0.1584230214357376,bkg,-1,21.4803406186435,153,1536.287260055542,1969.660217285156,1547.7465686798096,2009.924865722656,47.11178970336914,"[16, 24)","[97, inf)","[45, 59)",True
f1opt,0.0562120340764522,2470.png,163,Truck Tractor,0.1565307080745697,bkg,-1,28.552728235019465,153,2179.6108865737915,2215.4747314453125,2202.587127685547,2250.957397460937,40.47800827026367,"[24, 32)","[97, inf)","[-inf, 45)",True
f1opt,0.0758884698152542,2470.png,164,Cargo Truck,0.1559161692857742,bkg,-1,27.48065594119347,153,2793.869079589844,2202.39599609375,2822.947204589844,2228.366943359375,43.44074249267578,"[24, 32)","[97, inf)","[-inf, 45)",True
f1opt,0.0792115405201911,2470.png,165,Truck w/Flatbed,0.1529896259307861,bkg,-1,50.692645528231964,153,1199.8009033203125,176.0121612548828,1242.412353515625,236.31858825683597,42.27645492553711,"[48, 96)","[97, inf)","[-inf, 45)",True
f1opt,0.0792115405201911,2470.png,166,Truck w/Flatbed,0.1527511477470398,bkg,-1,17.649685848409028,153,2104.095642089844,2172.1256170272827,2124.5584106445312,2187.348943710327,42.032737731933594,"[16, 24)","[97, inf)","[-inf, 45)",True
f1opt,0.1298133283853531,2470.png,167,Truck w/Box,0.1518503725528717,bkg,-1,43.7171239605052,153,975.637939453125,2462.3126220703125,1024.0,2501.8309326171875,44.57448959350586,"[32, 48)","[97, inf)","[-inf, 45)",True
f1opt,0.1298133283853531,2470.png,168,Truck w/Box,0.1515615880489349,bkg,-1,31.213176173870714,153,900.5780639648438,2524.7156372070312,932.4871215820312,2555.248107910156,45.65909194946289,"[24, 32)","[97, inf)","[45, 59)",True
f1opt,0.0758884698152542,2470.png,169,Cargo Truck,0.1513861864805221,bkg,-1,17.609644986979745,153,1588.1904067993164,1807.3147583007808,1607.7344589233398,1823.1814575195312,44.89411926269531,"[16, 24)","[97, inf)","[-inf, 45)",True
f1opt,0.1298133283853531,2470.png,170,Truck w/Box,0.1472566723823547,TP,120,47.161804071995945,153,978.1196899414062,2400.838287353516,1028.0494079589844,2445.3856201171875,43.497867584228516,"[32, 48)","[97, inf)","[-inf, 45)",False
f1opt,0.1298133283853531,2470.png,171,Truck w/Box,0.1443482637405395,TP,137,28.05163584032757,153,2566.603759765625,2915.8307495117188,2595.2017211914062,2943.3464965820312,39.68505859375,"[24, 32)","[97, inf)","[-inf, 45)",False
f1opt,0.0792115405201911,2470.png,172,Truck w/Flatbed,0.1434269547462463,bkg,-1,29.504341581878688,153,2879.1300048828125,2099.7843017578125,2909.3956298828125,2128.5465087890625,43.37849426269531,"[24, 32)","[97, inf)","[-inf, 45)",True
f1opt,0.1298133283853531,2470.png,173,Truck w/Box,0.140653982758522,bkg,-1,24.548177660762597,153,0.0652675628662109,2289.618530273437,13.01197624206543,2336.1641845703125,43.342262268066406,"[24, 32)","[97, inf)","[-inf, 45)",True
f1opt,0.1298133283853531,2470.png,174,Truck w/Box,0.1384733915328979,bkg,-1,38.618081844375794,153,1648.1441650390625,1844.2545166015625,1689.3997802734375,1880.4036865234373,48.56885528564453,"[32, 48)","[97, inf)","[45, 59)",True
f1opt,0.1298133283853531,2470.png,175,Truck w/Box,0.1380482167005539,TP,101,47.66565908288111,153,2553.32275390625,2821.377319335937,2603.023803710937,2867.0909423828125,42.3725471496582,"[32, 48)","[97, inf)","[-inf, 45)",False
f1opt,0.0758884698152542,2470.png,176,Cargo Truck,0.1372787058353424,bkg,-1,27.54767702247464,153,2661.512023925781,2974.5123291015625,2687.7472534179688,3003.4381103515625,39.51852035522461,"[24, 32)","[97, inf)","[-inf, 45)",True
f1opt,0.0758884698152542,2470.png,177,Cargo Truck,0.1311033517122268,both,18,20.922802686600818,153,2643.6061401367188,2940.128967285156,2664.691772460937,2960.8901977539062,42.75757598876953,"[16, 24)","[97, inf)","[-inf, 45)",True
f1opt,0.1298133283853531,2470.png,178,Truck w/Box,0.1299401670694351,bkg,-1,23.246876047849472,153,999.544677734375,2525.41796875,1024.0,2547.51611328125,47.405216217041016,"[16, 24)","[97, inf)","[45, 59)",True
f1opt,0.0792115405201911,2470.png,179,Truck w/Flatbed,0.1295868307352066,cls,94,45.64342791750422,153,661.5806274414062,1728.7260131835938,710.5411987304688,1771.2770385742188,44.81863784790039,"[32, 48)","[97, inf)","[-inf, 45)",True
f1opt,0.0758884698152542,2470.png,180,Cargo Truck,0.1293932795524597,bkg,-1,23.512443442583486,153,2521.3126220703125,1863.2037963867188,2542.6072998046875,1889.164978027344,45.9831657409668,"[16, 24)","[97, inf)","[45, 59)",True
f1opt,0.0758884698152542,2470.png,181,Cargo Truck,0.1285955905914306,cls,137,27.45345331928177,153,2567.2409057617188,2916.421875,2595.426086425781,2943.16259765625,39.87192153930664,"[24, 32)","[97, inf)","[-inf, 45)",True
f1opt,0.0758884698152542,2470.png,182,Cargo Truck,0.1249334290623664,bkg,-1,26.93660844496875,153,2463.5678100585938,3002.5151977539062,2492.587219238281,3027.518493652344,43.28333282470703,"[24, 32)","[97, inf)","[-inf, 45)",True
f1opt,0.0758884698152542,2470.png,183,Cargo Truck,0.1208425462245941,cls,30,50.839966251608196,153,2850.4805908203125,2565.3688354492188,2894.7137451171875,2623.8024291992188,38.71148681640625,"[48, 96)","[97, inf)","[-inf, 45)",True
f1opt,0.0758884698152542,2470.png,184,Cargo Truck,0.1173000112175941,cls,63,26.891251487460593,153,1655.9759521484375,1590.25830078125,1678.1920166015625,1622.80859375,49.385101318359375,"[24, 32)","[97, inf)","[45, 59)",True
f1opt,0.0758884698152542,2470.png,185,Cargo Truck,0.1120698302984237,bkg,-1,26.100847216193394,153,1690.4804077148438,1635.5114135742188,1727.0938110351562,1654.1181030273438,45.93026351928711,"[24, 32)","[97, inf)","[45, 59)",True
f1opt,0.0758884698152542,2470.png,186,Cargo Truck,0.109213538467884,bkg,-1,29.198438216784126,153,1001.6273193359376,646.268798828125,1024.0,684.37548828125,39.01560592651367,"[24, 32)","[97, inf)","[-inf, 45)",True
f1opt,0.0758884698152542,2470.png,187,Cargo Truck,0.1050028279423713,both,29,48.079560854722914,153,2793.0641479492188,2610.0947265625,2837.9302368164062,2661.617919921875,41.36410140991211,"[48, 96)","[97, inf)","[-inf, 45)",True
f1opt,0.0758884698152542,2470.png,188,Cargo Truck,0.1024559438228607,both,44,24.363983729799113,153,1228.8995361328125,1328.8864135742188,1254.3681640625,1352.1936645507812,61.749629974365234,"[24, 32)","[97, inf)","[59, 82)",True
f1opt,0.0562120340764522,2470.png,189,Truck Tractor,0.1015864834189415,bkg,-1,28.111114864246762,153,707.843994140625,1670.4210815429688,737.0235595703125,1697.5028686523438,43.82834243774414,"[24, 32)","[97, inf)","[-inf, 45)",True
f1opt,0.0758884698152542,2470.png,190,Cargo Truck,0.1015765666961669,both,41,44.305835450953076,153,1123.9269104003906,1386.7301635742188,1174.861297607422,1425.2700805664062,49.13413619995117,"[32, 48)","[97, inf)","[45, 59)",True
f1opt,0.0758884698152542,2470.png,191,Cargo Truck,0.0996710211038589,bkg,-1,27.791223646367023,153,1657.013427734375,1558.2002182006836,1680.4019775390625,1591.2228775024414,47.33333206176758,"[24, 32)","[97, inf)","[45, 59)",True
f1opt,0.0792115405201911,2470.png,192,Truck w/Flatbed,0.0976389944553375,cls,86,42.968247800298386,153,2416.413833618164,2443.375305175781,2462.1373291015625,2483.7543334960938,42.646602630615234,"[32, 48)","[97, inf)","[-inf, 45)",True
f1opt,0.0758884698152542,2470.png,193,Cargo Truck,0.0929722040891647,cls,13,30.301059895461123,153,2279.106918334961,2308.124755859375,2311.974227905273,2336.059936523437,36.5318717956543,"[24, 32)","[97, inf)","[-inf, 45)",True
f1opt,0.0758884698152542,2470.png,194,Cargo Truck,0.0926458090543747,bkg,-1,19.23513922734168,153,982.3492431640624,2547.6163635253906,999.2208251953124,2569.546173095703,47.852657318115234,"[16, 24)","[97, inf)","[45, 59)",True
f1opt,0.0758884698152542,2470.png,195,Cargo Truck,0.092606246471405,bkg,-1,22.558205650921447,153,2280.4405517578125,3149.8658447265625,2305.7293701171875,3169.98828125,44.5457878112793,"[16, 24)","[97, inf)","[-inf, 45)",True
f1opt,0.0792115405201911,2470.png,196,Truck w/Flatbed,0.0925516039133071,bkg,-1,37.26102083262211,153,945.463134765625,700.9022216796875,975.4984130859376,747.1273193359375,36.54166793823242,"[32, 48)","[97, inf)","[-inf, 45)",True
f1opt,0.0562120340764522,2470.png,197,Truck Tractor,0.0853076949715614,bkg,-1,33.67235514836211,153,2910.203186035156,2125.116943359375,2938.828063964844,2164.726806640625,42.70344924926758,"[32, 48)","[97, inf)","[-inf, 45)",True
f1opt,0.0758884698152542,2470.png,198,Cargo Truck,0.0833373665809631,both,127,21.010166748805453,153,1202.16259765625,2054.053100585937,1232.7513427734375,2068.484130859375,45.05806350708008,"[16, 24)","[97, inf)","[-inf, 45)",True
f1opt,0.0758884698152542,2470.png,199,Cargo Truck,0.0824614465236663,TP,5,20.29702896532567,153,2439.318634033203,3171.7720947265625,2457.3555603027344,3194.6124267578125,48.52412414550781,"[16, 24)","[97, inf)","[45, 59)",False
f1opt,0.0758884698152542,2470.png,200,Cargo Truck,0.0782884135842323,bkg,-1,16.904675974305576,153,2208.630973815918,2438.5285034179688,2222.4690322875977,2459.1793823242188,46.048484802246094,"[16, 24)","[97, inf)","[45, 59)",True
f1opt,0.0758884698152542,2470.png,201,Cargo Truck,0.0772428289055824,bkg,-1,14.860668468787605,153,782.8301391601562,177.86325073242188,799.6207885742188,191.01577758789065,44.32222366333008,"[8, 16)","[97, inf)","[-inf, 45)",True
f1opt,0.0562120340764522,2470.png,202,Truck Tractor,0.0596887879073619,bkg,-1,17.448500762575815,153,962.0965576171876,2543.09326171875,982.4344482421876,2558.062866210937,48.27381134033203,"[16, 24)","[97, inf)","[45, 59)",True
f1opt,0.1298133283853531,2472.png,0,Truck w/Box,0.8342404961585999,TP,53,45.08535877643623,101,326.901611328125,1340.9788818359375,375.9337158203125,1382.4351806640625,37.445579528808594,"[32, 48)","[97, inf)","[-inf, 45)",False
f1opt,0.1298133283853531,2472.png,1,Truck w/Box,0.8318401575088501,bkg,-1,41.66692946859738,101,2284.5867309570312,2699.1942138671875,2314.795227050781,2756.6658935546875,51.55450439453125,"[32, 48)","[97, inf)","[45, 59)",True
f1opt,0.1298133283853531,2472.png,2,Truck w/Box,0.7952925562858582,TP,92,45.13637467470464,101,1219.7962646484375,799.5006103515625,1276.891845703125,835.182746887207,37.81081008911133,"[32, 48)","[97, inf)","[-inf, 45)",False
f1opt,0.1298133283853531,2472.png,3,Truck w/Box,0.7827557921409607,TP,95,30.904061947049996,101,1633.9693756103516,3014.7359619140625,1651.971939086914,3067.787353515625,55.953216552734375,"[24, 32)","[97, inf)","[45, 59)",False
f1opt,0.1298133283853531,2472.png,4,Truck w/Box,0.7765219807624817,TP,76,39.54953091997475,101,1756.3621826171875,2786.220031738281,1810.413818359375,2815.1583862304688,48.93939208984375,"[32, 48)","[97, inf)","[45, 59)",False
f1opt,0.1298133283853531,2472.png,5,Truck w/Box,0.7679343819618225,TP,99,41.45617285676986,101,1811.2388305664065,2751.0789794921875,1872.55322265625,2779.1085205078125,58.25973129272461,"[32, 48)","[97, inf)","[45, 59)",False
f1opt,0.1298133283853531,2472.png,6,Truck w/Box,0.76570063829422,TP,90,39.761024253919366,101,1282.7034912109375,785.67333984375,1338.9693603515625,813.77099609375,41.82758712768555,"[32, 48)","[97, inf)","[-inf, 45)",False
f1opt,0.1298133283853531,2472.png,7,Truck w/Box,0.7616461515426636,TP,81,34.08379726545443,101,1002.1907501220704,2874.9520263671875,1023.9450225830078,2928.353271484375,52.22809982299805,"[32, 48)","[97, inf)","[45, 59)",False
f1opt,0.1298133283853531,2472.png,8,Truck w/Box,0.7500485181808472,TP,12,43.04368316634995,101,1948.2152099609373,2433.287475585937,2008.838623046875,2463.8492431640625,52.39397048950195,"[32, 48)","[97, inf)","[45, 59)",False
f1opt,0.1298133283853531,2472.png,9,Truck w/Box,0.7369814515113831,bkg,-1,37.161851275860904,101,1388.1302490234375,2130.2059326171875,1441.018798828125,2156.3175048828125,44.181068420410156,"[32, 48)","[97, inf)","[-inf, 45)",True
f1opt,0.0792115405201911,2472.png,10,Truck w/Flatbed,0.7334210872650146,cls,34,34.02043507945966,101,2087.1124877929688,2775.6309814453125,2140.7964477539062,2797.1903076171875,53.685184478759766,"[32, 48)","[97, inf)","[45, 59)",True
f1opt,0.1298133283853531,2472.png,11,Truck w/Box,0.7229726314544678,bkg,-1,43.905496875915006,101,1455.9154052734375,2101.741455078125,1516.5057373046875,2133.556640625,45.51564025878906,"[32, 48)","[97, inf)","[45, 59)",True
f1opt,0.1298133283853531,2472.png,12,Truck w/Box,0.720771074295044,TP,44,33.439351583597045,101,1007.8978118896484,1353.0302124023438,1047.2027587890625,1381.4793090820312,40.216148376464844,"[32, 48)","[97, inf)","[-inf, 45)",False
f1opt,0.1298133283853531,2472.png,13,Truck w/Box,0.7055342197418213,TP,84,43.90674180132103,101,1688.6583251953125,2805.531005859375,1749.0953369140625,2837.4287109375,48.412513732910156,"[32, 48)","[97, inf)","[45, 59)",False
f1opt,0.1298133283853531,2472.png,14,Truck w/Box,0.7006590366363525,bkg,-1,42.41497431096584,101,978.3722839355468,3106.621032714844,1029.0335083007812,3142.1320190429688,44.49272537231445,"[32, 48)","[97, inf)","[-inf, 45)",True
f1opt,0.1298133283853531,2472.png,15,Truck w/Box,0.7003766894340515,loc,83,39.6239153989211,101,1124.2694091796875,993.623779296875,1178.2769165039062,1022.69482421875,38.86181640625,"[32, 48)","[97, inf)","[-inf, 45)",True
f1opt,0.1298133283853531,2472.png,16,Truck w/Box,0.6961027979850769,bkg,-1,42.5379638277783,101,1953.1019897460935,1892.1637268066409,2009.8168334960935,1924.0685729980469,48.023921966552734,"[32, 48)","[97, inf)","[45, 59)",True
f1opt,0.1298133283853531,2472.png,17,Truck w/Box,0.6936679482460022,bkg,-1,35.31112454655711,101,1582.1006317138672,2893.0535888671875,1606.659683227539,2943.8240966796875,53.6901969909668,"[32, 48)","[97, inf)","[45, 59)",True
f1opt,0.1298133283853531,2472.png,18,Truck w/Box,0.6901927590370178,cls,41,37.908104238735426,101,1895.477783203125,1963.5281372070312,1954.449462890625,1987.8961791992188,48.573333740234375,"[32, 48)","[97, inf)","[45, 59)",True
f1opt,0.1298133283853531,2472.png,19,Truck w/Box,0.6843723654747009,cls,39,37.267631463949854,101,2356.2401123046875,2839.7139892578125,2410.3973388671875,2865.3592529296875,48.8538703918457,"[32, 48)","[97, inf)","[45, 59)",True
f1opt,0.1298133283853531,2472.png,20,Truck w/Box,0.6816585063934326,bkg,-1,36.37838735121255,101,1893.7924194335935,1929.0260314941409,1949.7252807617188,1952.686309814453,48.637428283691406,"[32, 48)","[97, inf)","[45, 59)",True
f1opt,0.1298133283853531,2472.png,21,Truck w/Box,0.681109607219696,bkg,-1,45.28402964825086,101,1521.2389526367188,1520.7769165039062,1589.0304565429688,1551.0261840820312,40.18523406982422,"[32, 48)","[97, inf)","[-inf, 45)",True
f1opt,0.1298133283853531,2472.png,22,Truck w/Box,0.6808396577835083,bkg,-1,34.95242486388063,101,938.13427734375,2278.6815643310547,984.84326171875,2304.836532592773,42.88337326049805,"[32, 48)","[97, inf)","[-inf, 45)",True
f1opt,0.1298133283853531,2472.png,23,Truck w/Box,0.6798573732376099,cls,37,36.717376076175114,101,2126.112548828125,2672.532531738281,2149.560302734375,2730.0291137695312,49.06708908081055,"[32, 48)","[97, inf)","[45, 59)",True
f1opt,0.1298133283853531,2472.png,24,Truck w/Box,0.6750365495681763,TP,61,34.128610161493185,101,861.7149658203125,2196.5506591796875,884.1378173828125,2248.4959716796875,45.19889831542969,"[32, 48)","[97, inf)","[-inf, 45)",False
f1opt,0.1298133283853531,2472.png,25,Truck w/Box,0.6652194261550903,TP,77,40.75029952010127,101,1634.0453643798828,2867.087158203125,1693.850555419922,2894.853759765625,51.04642868041992,"[32, 48)","[97, inf)","[45, 59)",False
f1opt,0.1298133283853531,2472.png,26,Truck w/Box,0.6575526595115662,loc,51,47.249637252781355,101,417.2405700683594,1242.5610961914062,468.7849426269531,1285.8738403320312,41.80944061279297,"[32, 48)","[97, inf)","[-inf, 45)",True
f1opt,0.1298133283853531,2472.png,27,Truck w/Box,0.6558442115783691,cls,42,38.929142001167804,101,1828.0426025390625,1948.563537597656,1887.3671875,1974.1090698242188,48.94382858276367,"[32, 48)","[97, inf)","[45, 59)",True
f1opt,0.1298133283853531,2472.png,28,Truck w/Box,0.653597354888916,TP,48,46.023776481000375,101,476.9503784179688,1204.9246215820312,524.845458984375,1249.1502075195312,40.92058563232422,"[32, 48)","[97, inf)","[-inf, 45)",False
f1opt,0.1298133283853531,2472.png,29,Truck w/Box,0.6531137228012085,bkg,-1,44.20566179974516,101,1034.4337158203125,2742.889404296875,1095.3113403320312,2774.9888916015625,46.81085205078125,"[32, 48)","[97, inf)","[45, 59)",True
f1opt,0.1298133283853531,2472.png,30,Truck w/Box,0.6489696502685547,bkg,-1,24.204206605659845,101,1867.2835083007808,1604.3390655517578,1901.6165161132808,1621.4026336669922,46.46190643310547,"[24, 32)","[97, inf)","[45, 59)",True
f1opt,0.1298133283853531,2472.png,31,Truck w/Box,0.6482160687446594,TP,72,35.25126775024318,101,1645.60107421875,3087.3269653320312,1709.90283203125,3106.652282714844,46.31153869628906,"[32, 48)","[97, inf)","[45, 59)",False
f1opt,0.1298133283853531,2472.png,32,Truck w/Box,0.6378281712532043,bkg,-1,44.56401079279917,101,1129.7965087890625,1037.424072265625,1196.1384887695312,1067.359130859375,38.726280212402344,"[32, 48)","[97, inf)","[-inf, 45)",True
f1opt,0.1298133283853531,2472.png,33,Truck w/Box,0.6373703479766846,TP,87,44.019910933662814,101,182.76052856445312,1441.2027587890625,235.34857177734372,1478.050537109375,40.3689079284668,"[32, 48)","[97, inf)","[-inf, 45)",False
f1opt,0.1298133283853531,2472.png,34,Truck w/Box,0.6093066930770874,TP,74,38.766465687803745,101,1338.208740234375,806.2862014770508,1394.416259765625,833.0235290527344,49.660400390625,"[32, 48)","[97, inf)","[45, 59)",False
f1opt,0.1298133283853531,2472.png,35,Truck w/Box,0.5899669528007507,TP,82,38.5519431043286,101,1336.3216552734375,794.5028533935547,1393.0748291015625,820.6908569335938,49.71392059326172,"[32, 48)","[97, inf)","[45, 59)",False
f1opt,0.1298133283853531,2472.png,36,Truck w/Box,0.5753093957901001,TP,6,35.500895786065314,101,2109.102905273437,2581.879211425781,2131.96533203125,2637.005187988281,50.51716232299805,"[32, 48)","[97, inf)","[45, 59)",False
f1opt,0.1298133283853531,2472.png,37,Truck w/Box,0.5725197196006775,cls,31,27.877671443044964,101,2096.4498901367188,2844.365966796875,2154.1637573242188,2857.831787109375,57.44673156738281,"[24, 32)","[97, inf)","[45, 59)",True
f1opt,0.1298133283853531,2472.png,38,Truck w/Box,0.5676225423812866,TP,97,28.138588623021157,101,2074.485595703125,2866.04345703125,2088.0528564453125,2924.403076171875,51.1898307800293,"[24, 32)","[97, inf)","[45, 59)",False
f1opt,0.1298133283853531,2472.png,39,Truck w/Box,0.5671956539154053,TP,98,33.0895527779696,101,1536.1650886535645,2673.2990112304688,1557.7831001281738,2723.9474487304688,50.67112350463867,"[32, 48)","[97, inf)","[45, 59)",False
f1opt,0.1298133283853531,2472.png,40,Truck w/Box,0.5604801177978516,cls,35,35.46970486300897,101,2075.2164306640625,2735.860107421875,2135.8377685546875,2756.613525390625,50.23770523071289,"[32, 48)","[97, inf)","[45, 59)",True
f1opt,0.1298133283853531,2472.png,41,Truck w/Box,0.5552826523780823,cls,33,30.421579582884025,101,2149.9314575195312,2805.921936035156,2168.443664550781,2855.9144897460938,53.931373596191406,"[24, 32)","[97, inf)","[45, 59)",True
f1opt,0.1298133283853531,2472.png,42,Truck w/Box,0.5487207174301147,TP,13,45.90552825275974,101,1959.390869140625,2461.51123046875,2026.135681152344,2493.083984375,48.4884147644043,"[32, 48)","[97, inf)","[45, 59)",False
f1opt,0.0758884698152542,2472.png,43,Cargo Truck,0.5394829511642456,bkg,-1,28.867682397236774,101,1321.0594482421875,2383.8511352539062,1343.2493896484375,2421.4061279296875,44.99442672729492,"[24, 32)","[97, inf)","[-inf, 45)",True
f1opt,0.1298133283853531,2472.png,44,Truck w/Box,0.5350500345230103,TP,91,35.72677997581938,101,1072.7423095703125,1002.8755493164062,1095.3611450195312,1059.3065185546875,42.159481048583984,"[32, 48)","[97, inf)","[-inf, 45)",False
f1opt,0.1298133283853531,2472.png,45,Truck w/Box,0.5301802158355713,bkg,-1,37.77909002842506,101,2068.3223876953125,2713.510681152344,2129.4256591796875,2736.8688354492188,47.912635803222656,"[32, 48)","[97, inf)","[45, 59)",True
f1opt,0.1298133283853531,2472.png,46,Truck w/Box,0.5224679708480835,loc,83,38.5148717383918,101,1129.6809692382812,1021.6446075439452,1185.7048950195312,1048.1224975585938,39.77882385253906,"[32, 48)","[97, inf)","[-inf, 45)",True
f1opt,0.1298133283853531,2472.png,47,Truck w/Box,0.515558660030365,TP,80,40.206571758208426,101,1645.3691482543943,2891.739562988281,1701.9411010742188,2920.3150024414062,48.02456283569336,"[32, 48)","[97, inf)","[45, 59)",False
f1opt,0.1298133283853531,2472.png,48,Truck w/Box,0.5151306390762329,cls,36,40.63752742330462,101,2067.1260986328125,2686.6541137695312,2123.470703125,2715.963195800781,50.59590530395508,"[32, 48)","[97, inf)","[45, 59)",True
f1opt,0.1298133283853531,2472.png,49,Truck w/Box,0.5088747143745422,bkg,-1,33.02715256363245,101,1571.783058166504,3003.041259765625,1618.6319732666016,3026.324462890625,54.75086975097656,"[32, 48)","[97, inf)","[45, 59)",True
f1opt,0.0758884698152542,2472.png,50,Cargo Truck,0.507532000541687,bkg,-1,29.14003673105426,101,677.7620849609375,147.0618438720703,700.7969970703125,183.9250946044922,34.73085403442383,"[24, 32)","[97, inf)","[-inf, 45)",True
f1opt,0.1298133283853531,2472.png,51,Truck w/Box,0.5068138241767883,both,26,37.44972971779194,101,2729.8953857421875,2992.252319335937,2785.5145263671875,3017.468139648437,40.92510223388672,"[32, 48)","[97, inf)","[-inf, 45)",True
f1opt,0.1298133283853531,2472.png,52,Truck w/Box,0.504991352558136,bkg,-1,39.65642243835192,101,2030.7435913085935,1930.037872314453,2089.808898925781,1956.6631774902344,51.55617141723633,"[32, 48)","[97, inf)","[45, 59)",True
f1opt,0.0758884698152542,2472.png,53,Cargo Truck,0.5033709406852722,bkg,-1,28.546188644818972,101,818.3238525390625,1203.7399291992188,846.3428955078125,1232.8231811523438,51.383907318115234,"[24, 32)","[97, inf)","[45, 59)",True
f1opt,0.1298133283853531,2472.png,54,Truck w/Box,0.4947392046451568,TP,70,33.64315388888579,101,1124.7708129882812,1159.5224609375,1151.5928344726562,1201.721435546875,41.87126159667969,"[32, 48)","[97, inf)","[-inf, 45)",False
f1opt,0.1298133283853531,2472.png,55,Truck w/Box,0.488316535949707,bkg,-1,32.1128526683848,101,2138.2114868164062,2745.5421142578125,2159.1499633789062,2794.7928466796875,48.904544830322266,"[32, 48)","[97, inf)","[45, 59)",True
f1opt,0.0758884698152542,2472.png,56,Cargo Truck,0.4834948182106018,cls,2,32.728364404184546,101,391.673828125,811.8285446166992,423.927001953125,845.0391006469727,44.561038970947266,"[32, 48)","[97, inf)","[-inf, 45)",True
f1opt,0.1298133283853531,2472.png,57,Truck w/Box,0.4814847409725189,TP,93,27.83832508332392,101,1485.1009521484375,1022.062530517578,1507.5740966796875,1056.546905517578,53.03229904174805,"[24, 32)","[97, inf)","[45, 59)",False
f1opt,0.1298133283853531,2472.png,58,Truck w/Box,0.4800114035606384,TP,89,44.35299178085451,101,1077.3951110839844,1086.470184326172,1109.4064636230469,1147.9230041503906,39.620723724365234,"[32, 48)","[97, inf)","[-inf, 45)",False
f1opt,0.1298133283853531,2472.png,59,Truck w/Box,0.479008138179779,bkg,-1,43.97056308185712,101,1524.9606323242188,1563.0884399414062,1593.1283569335938,1591.4509887695312,39.57044219970703,"[32, 48)","[97, inf)","[-inf, 45)",True
f1opt,0.1298133283853531,2472.png,60,Truck w/Box,0.4720309972763061,cls,32,28.758224964163347,101,2094.53857421875,2824.85791015625,2153.5009765625,2838.8843994140625,53.227779388427734,"[24, 32)","[97, inf)","[45, 59)",True
f1opt,0.1298133283853531,2472.png,61,Truck w/Box,0.4544747769832611,TP,50,44.96666592819685,101,495.4056396484375,1215.5816040039062,542.848388671875,1258.201416015625,40.65340805053711,"[32, 48)","[97, inf)","[-inf, 45)",False
f1opt,0.1298133283853531,2472.png,62,Truck w/Box,0.4485111832618713,bkg,-1,37.312472434027256,101,889.8698501586914,1119.3425903320312,940.682586669922,1146.7416381835938,40.790523529052734,"[32, 48)","[97, inf)","[-inf, 45)",True
f1opt,0.0758884698152542,2472.png,63,Cargo Truck,0.4480786323547363,bkg,-1,30.001855834540947,101,434.92584228515625,3066.0746459960938,468.112060546875,3093.1976928710938,45.2071418762207,"[24, 32)","[97, inf)","[-inf, 45)",True
f1opt,0.1298133283853531,2472.png,64,Truck w/Box,0.4467435777187347,TP,14,45.43892750844935,101,1910.0166931152344,2483.900390625,1972.1827697753904,2517.1129760742188,48.277095794677734,"[32, 48)","[97, inf)","[45, 59)",False
f1opt,0.1298133283853531,2472.png,65,Truck w/Box,0.4316457211971283,TP,94,38.680085533231164,101,1639.963249206543,2879.862060546875,1698.7435302734375,2905.3153076171875,50.15987777709961,"[32, 48)","[97, inf)","[45, 59)",False
f1opt,0.1298133283853531,2472.png,66,Truck w/Box,0.4211337566375732,loc,46,34.658649604223875,101,1488.9560546875,988.3524475097656,1515.596435546875,1033.4427185058594,60.64596176147461,"[32, 48)","[97, inf)","[59, 82)",True
f1opt,0.0758884698152542,2472.png,67,Cargo Truck,0.4079425036907196,bkg,-1,25.17757324635934,101,542.172607421875,952.092315673828,567.757568359375,976.8689880371094,50.08615493774414,"[24, 32)","[97, inf)","[45, 59)",True
f1opt,0.1298133283853531,2472.png,68,Truck w/Box,0.4049298763275146,bkg,-1,33.62286945731636,101,523.2891845703125,1182.3419189453125,566.6004638671875,1208.443603515625,38.101009368896484,"[32, 48)","[97, inf)","[-inf, 45)",True
f1opt,0.1298133283853531,2472.png,69,Truck w/Box,0.3929401934146881,bkg,-1,23.386425054059035,101,1769.87255859375,1639.0887451171875,1792.0,1663.8057861328125,60.78260803222656,"[16, 24)","[97, inf)","[59, 82)",True
f1opt,0.1298133283853531,2472.png,70,Truck w/Box,0.3884909152984619,bkg,-1,36.52116466967575,101,828.9141845703125,2381.6189880371094,878.2557373046875,2408.65087890625,45.00910186767578,"[32, 48)","[97, inf)","[-inf, 45)",True
f1opt,0.0758884698152542,2472.png,71,Cargo Truck,0.3859995305538177,cls,60,27.580309271198736,101,548.4736938476562,2231.0210456848145,589.6322631835938,2249.502578735352,37.44110107421875,"[24, 32)","[97, inf)","[-inf, 45)",True
f1opt,0.1298133283853531,2472.png,72,Truck w/Box,0.3832966387271881,TP,96,28.07103387010306,101,1448.91796875,860.0223159790039,1471.336181640625,895.1715469360352,46.203704833984375,"[24, 32)","[97, inf)","[45, 59)",False
f1opt,0.1298133283853531,2472.png,73,Truck w/Box,0.3817722201347351,bkg,-1,38.04594660885445,101,971.4161376953124,2086.20947265625,1024.0,2113.73681640625,45.62870788574219,"[32, 48)","[97, inf)","[45, 59)",True
f1opt,0.1298133283853531,2472.png,74,Truck w/Box,0.3808771967887878,bkg,-1,26.905069711042874,101,1019.7620544433594,2952.749389648437,1038.9309387207031,2990.5128173828125,50.3038444519043,"[24, 32)","[97, inf)","[45, 59)",True
f1opt,0.1298133283853531,2472.png,75,Truck w/Box,0.3787074685096741,TP,59,30.637463766930274,101,521.2958984375,2171.2305908203125,579.529052734375,2187.3494873046875,39.38385009765625,"[24, 32)","[97, inf)","[-inf, 45)",False
f1opt,0.0758884698152542,2472.png,76,Cargo Truck,0.3765503466129303,cls,78,38.2722098626097,101,775.946044921875,3113.25244140625,802.112548828125,3169.23095703125,42.47305679321289,"[32, 48)","[97, inf)","[-inf, 45)",True
f1opt,0.1298133283853531,2472.png,77,Truck w/Box,0.3743369579315185,cls,40,37.43029633060548,101,2477.0045166015625,2546.946350097656,2534.9146728515625,2571.1394653320312,51.22679138183594,"[32, 48)","[97, inf)","[45, 59)",True
f1opt,0.1298133283853531,2472.png,78,Truck w/Box,0.3551183342933655,TP,56,54.34128223875494,101,113.93647003173828,1385.1572265625,165.1171875,1442.854248046875,41.01301193237305,"[48, 96)","[97, inf)","[-inf, 45)",False
f1opt,0.1298133283853531,2472.png,79,Truck w/Box,0.33851158618927,bkg,-1,36.66630321807094,101,949.1519775390624,2606.910522460937,974.971435546875,2658.98046875,45.0776481628418,"[32, 48)","[97, inf)","[-inf, 45)",True
f1opt,0.1298133283853531,2472.png,80,Truck w/Box,0.3322842717170715,bkg,-1,45.78067437744207,101,1460.5068359375,1583.7183837890625,1530.097900390625,1613.8353271484375,39.78418731689453,"[32, 48)","[97, inf)","[-inf, 45)",True
f1opt,0.1298133283853531,2472.png,81,Truck w/Box,0.3298823237419128,TP,60,33.37795430137887,101,548.4769287109375,2231.37646484375,602.1385498046875,2252.1378173828125,37.028099060058594,"[32, 48)","[97, inf)","[-inf, 45)",False
f1opt,0.1298133283853531,2472.png,82,Truck w/Box,0.3188760876655578,bkg,-1,43.49246731660053,101,1656.3635864257812,1519.86669921875,1720.2968139648438,1549.4537353515625,39.882381439208984,"[32, 48)","[97, inf)","[-inf, 45)",True
f1opt,0.1298133283853531,2472.png,83,Truck w/Box,0.3165192306041717,bkg,-1,46.588815457771155,101,267.4696655273437,1378.979736328125,318.0604248046875,1421.8831787109375,38.69361877441406,"[32, 48)","[97, inf)","[-inf, 45)",True
f1opt,0.1298133283853531,2472.png,84,Truck w/Box,0.3160778880119324,bkg,-1,25.408278145900372,101,421.5043029785156,2828.0322265625,449.7870788574219,2850.858154296875,62.67316436767578,"[24, 32)","[97, inf)","[59, 82)",True
f1opt,0.1298133283853531,2472.png,85,Truck w/Box,0.313672661781311,bkg,-1,26.200772857186937,101,1112.2210693359375,1073.7401733398438,1157.213134765625,1088.9979858398438,39.653533935546875,"[24, 32)","[97, inf)","[-inf, 45)",True
f1opt,0.1298133283853531,2472.png,86,Truck w/Box,0.3009588122367859,TP,68,25.292238490340257,101,1407.47119140625,697.86279296875,1427.05810546875,730.522216796875,43.35434341430664,"[24, 32)","[97, inf)","[-inf, 45)",False
f1opt,0.1298133283853531,2472.png,87,Truck w/Box,0.2976492345333099,both,30,39.45973930888599,101,2522.896728515625,2986.977844238281,2559.289306640625,3029.7632446289062,41.88217544555664,"[32, 48)","[97, inf)","[-inf, 45)",True
f1opt,0.0792115405201911,2472.png,88,Truck w/Flatbed,0.2974235117435455,bkg,-1,33.116777413455345,101,609.7244873046875,3164.299072265625,645.2320556640625,3195.18603515625,47.97043991088867,"[32, 48)","[97, inf)","[45, 59)",True
f1opt,0.1298133283853531,2472.png,89,Truck w/Box,0.2916171848773956,TP,63,26.931714821299074,101,1299.2615966796875,653.25537109375,1338.249267578125,671.859130859375,46.272369384765625,"[24, 32)","[97, inf)","[45, 59)",False
f1opt,0.1298133283853531,2472.png,90,Truck w/Box,0.2809551358222961,TP,0,41.0694748936562,101,1319.659423828125,785.0198974609375,1376.60107421875,814.6414794921875,45.010345458984375,"[32, 48)","[97, inf)","[-inf, 45)",False
f1opt,0.1298133283853531,2472.png,91,Truck w/Box,0.2778207063674927,bkg,-1,30.192401000939913,101,2097.807983398437,2330.5264587402344,2114.2896728515625,2385.835174560547,49.175594329833984,"[24, 32)","[97, inf)","[45, 59)",True
f1opt,0.1298133283853531,2472.png,92,Truck w/Box,0.2771717607975006,bkg,-1,30.72726696263093,101,2231.34765625,2995.925048828125,2251.72900390625,3042.25,46.12797546386719,"[24, 32)","[97, inf)","[45, 59)",True
f1opt,0.1298133283853531,2472.png,93,Truck w/Box,0.2736420631408691,TP,7,28.173569877406663,101,2148.052062988281,2601.225952148437,2167.8347778320312,2641.349365234375,47.871952056884766,"[24, 32)","[97, inf)","[45, 59)",False
f1opt,0.1298133283853531,2472.png,94,Truck w/Box,0.2733246684074402,TP,52,38.63793621569038,101,395.325439453125,1282.9727783203125,439.0614013671875,1317.10693359375,40.33086395263672,"[32, 48)","[97, inf)","[-inf, 45)",False
f1opt,0.1298133283853531,2472.png,95,Truck w/Box,0.2704341113567352,TP,1,36.33536163916219,101,1286.3056640625,814.2707977294922,1341.981201171875,837.9842376708984,41.10714340209961,"[32, 48)","[97, inf)","[-inf, 45)",False
f1opt,0.1298133283853531,2472.png,96,Truck w/Box,0.2647270262241363,bkg,-1,45.436945262497744,101,1587.3292236328125,1541.8668212890625,1653.8782958984375,1572.8892822265625,39.9216423034668,"[32, 48)","[97, inf)","[-inf, 45)",True
f1opt,0.1298133283853531,2472.png,97,Truck w/Box,0.262777179479599,TP,79,42.72247897694964,101,1108.630126953125,1083.1392822265625,1142.6114501953125,1136.8514404296875,39.933860778808594,"[32, 48)","[97, inf)","[-inf, 45)",False
f1opt,0.1298133283853531,2472.png,98,Truck w/Box,0.2610879838466644,bkg,-1,35.3560299313045,101,785.181396484375,2387.4699096679688,832.546142578125,2413.8618774414062,43.89197540283203,"[32, 48)","[97, inf)","[-inf, 45)",True
f1opt,0.1298133283853531,2472.png,99,Truck w/Box,0.2572625279426574,bkg,-1,28.936681326375727,101,1536.0,2892.7902221679688,1551.413249015808,2947.1156616210938,48.17299270629883,"[24, 32)","[97, inf)","[45, 59)",True
f1opt,0.1298133283853531,2472.png,100,Truck w/Box,0.2551174163818359,bkg,-1,31.915568103784693,101,2493.5200805664062,2786.64990234375,2517.386657714844,2829.3289794921875,44.76091003417969,"[24, 32)","[97, inf)","[-inf, 45)",True
f1opt,0.1298133283853531,2472.png,101,Truck w/Box,0.244050070643425,bkg,-1,25.730382888764197,101,1668.5927734375,742.03125,1705.85205078125,759.800048828125,40.96783447265625,"[24, 32)","[97, inf)","[-inf, 45)",True
f1opt,0.0758884698152542,2472.png,102,Cargo Truck,0.2405496686697006,bkg,-1,15.37335909639192,101,1492.8607788085938,317.77398681640625,1513.2665405273438,329.35601806640625,43.15034866333008,"[8, 16)","[97, inf)","[-inf, 45)",True
f1opt,0.0758884698152542,2472.png,103,Cargo Truck,0.2397534251213073,bkg,-1,16.389175421623715,101,1744.9534606933594,987.3244018554688,1759.2849426269531,1006.0667114257812,46.09687423706055,"[16, 24)","[97, inf)","[45, 59)",True
f1opt,0.1298133283853531,2472.png,104,Truck w/Box,0.2395681738853454,bkg,-1,36.02640400280988,101,2082.6627807617188,1943.3483276367188,2134.4498901367188,1968.4105834960935,54.11248016357422,"[32, 48)","[97, inf)","[45, 59)",True
f1opt,0.1298133283853531,2472.png,105,Truck w/Box,0.2369820475578308,bkg,-1,24.757960363917338,101,1303.179443359375,692.0238037109375,1340.905517578125,708.2713623046875,41.198143005371094,"[24, 32)","[97, inf)","[-inf, 45)",True
f1opt,0.0758884698152542,2472.png,106,Cargo Truck,0.2334963381290435,cls,66,20.906740294040166,101,1445.0850830078125,753.089111328125,1472.3052978515625,769.146728515625,42.71428680419922,"[16, 24)","[97, inf)","[-inf, 45)",True
f1opt,0.1298133283853531,2472.png,107,Truck w/Box,0.2318608313798904,bkg,-1,24.183249826501253,101,1424.475830078125,737.3453979492188,1461.60009765625,753.0986938476562,43.5,"[24, 32)","[97, inf)","[-inf, 45)",True
f1opt,0.1298133283853531,2472.png,108,Truck w/Box,0.2281167954206466,TP,85,33.19984206064368,101,1087.4954833984375,999.6001434326172,1106.4317626953125,1057.8074340820312,45.055931091308594,"[32, 48)","[97, inf)","[-inf, 45)",False
f1opt,0.1298133283853531,2472.png,109,Truck w/Box,0.2234425693750381,TP,9,39.27807452936689,101,2095.991577148437,2524.554443359375,2120.1270751953125,2588.475524902344,50.407100677490234,"[32, 48)","[97, inf)","[45, 59)",False
f1opt,0.1298133283853531,2472.png,110,Truck w/Box,0.2233677953481674,loc,64,38.67708650123526,101,1111.707275390625,1174.8669128417969,1142.8255615234375,1222.9388732910156,39.43622589111328,"[32, 48)","[97, inf)","[-inf, 45)",True
f1opt,0.0758884698152542,2472.png,111,Cargo Truck,0.2168365865945816,cls,47,22.79316068828347,101,1477.939697265625,766.23974609375,1508.300048828125,783.351806640625,50.58333206176758,"[16, 24)","[97, inf)","[45, 59)",True
f1opt,0.0758884698152542,2472.png,112,Cargo Truck,0.2149371206760406,bkg,-1,25.263971280512422,101,1424.62109375,737.1788940429688,1461.404541015625,754.5309448242188,43.08625793457031,"[24, 32)","[97, inf)","[-inf, 45)",True
f1opt,0.0758884698152542,2472.png,113,Cargo Truck,0.2130104303359985,bkg,-1,14.332482373739833,101,1735.8640747070312,987.7535400390624,1746.7072143554688,1006.6982421875,41.79166793823242,"[8, 16)","[97, inf)","[-inf, 45)",True
f1opt,0.0758884698152542,2472.png,114,Cargo Truck,0.2089661359786987,bkg,-1,25.457554597729757,101,3044.8331298828125,1225.3717956542969,3065.009155273437,1257.4934387207031,50.80165100097656,"[24, 32)","[97, inf)","[45, 59)",True
f1opt,0.1298133283853531,2472.png,115,Truck w/Box,0.2059808075428009,TP,86,23.990112782031797,101,1472.8460693359375,892.9698333740234,1490.7388916015625,925.134994506836,49.33281707763672,"[16, 24)","[97, inf)","[45, 59)",False
f1opt,0.1298133283853531,2472.png,116,Truck w/Box,0.2049712240695953,bkg,-1,32.93666842440568,101,2424.720458984375,2803.551025390625,2474.0503540039062,2825.542236328125,45.035804748535156,"[32, 48)","[97, inf)","[-inf, 45)",True
f1opt,0.0758884698152542,2472.png,117,Cargo Truck,0.203680157661438,cls,63,26.06749229278114,101,1299.431640625,653.9838256835938,1337.363525390625,671.8978881835938,46.499324798583984,"[24, 32)","[97, inf)","[45, 59)",True
f1opt,0.0758884698152542,2472.png,118,Cargo Truck,0.1967794001102447,bkg,-1,14.511974742166625,101,1497.0458374023438,326.34771728515625,1515.4116821289062,337.81451416015625,40.68421173095703,"[8, 16)","[97, inf)","[-inf, 45)",True
f1opt,0.1298133283853531,2472.png,119,Truck w/Box,0.1959866881370544,loc,89,41.004880766923165,101,1056.4916381835938,1096.57568359375,1085.7682495117188,1154.0072021484375,41.731075286865234,"[32, 48)","[97, inf)","[-inf, 45)",True
f1opt,0.1298133283853531,2472.png,120,Truck w/Box,0.1852585822343826,bkg,-1,39.990382792065844,101,1347.4977416992188,1056.0180053710938,1376.8049926757812,1110.5857543945312,41.1363639831543,"[32, 48)","[97, inf)","[-inf, 45)",True
f1opt,0.0758884698152542,2472.png,121,Cargo Truck,0.1852194368839264,bkg,-1,21.08727851116022,101,65.87899017333984,588.2908935546875,84.7673110961914,611.8331298828125,73.08541870117188,"[16, 24)","[97, inf)","[59, 82)",True
f1opt,0.1298133283853531,2472.png,122,Truck w/Box,0.179388016462326,bkg,-1,27.686349942839744,101,2221.009765625,2939.0445556640625,2235.776733398437,2990.9532470703125,44.380767822265625,"[24, 32)","[97, inf)","[-inf, 45)",True
f1opt,0.1298133283853531,2472.png,123,Truck w/Box,0.1780014038085937,both,35,36.31057127625055,101,2069.395874023437,2723.800537109375,2131.0992431640625,2745.168212890625,48.095237731933594,"[32, 48)","[97, inf)","[45, 59)",True
f1opt,0.1298133283853531,2472.png,124,Truck w/Box,0.1748451888561248,bkg,-1,39.478296410179404,101,981.2125244140624,2101.2592163085938,1024.0,2137.6842651367188,46.30546951293945,"[32, 48)","[97, inf)","[45, 59)",True
f1opt,0.1298133283853531,2472.png,125,Truck w/Box,0.1730134338140487,bkg,-1,33.41827229507451,101,2533.8818359375,2770.504211425781,2559.38427734375,2814.2953491210938,54.66008377075195,"[32, 48)","[97, inf)","[45, 59)",True
f1opt,0.1298133283853531,2472.png,126,Truck w/Box,0.1664105206727981,bkg,-1,31.381311758936373,101,1403.8828735351562,3164.9478759765625,1435.5968627929688,3196.0,51.088069915771484,"[24, 32)","[97, inf)","[45, 59)",True
f1opt,0.0758884698152542,2472.png,127,Cargo Truck,0.1658296436071396,cls,85,33.87077736555557,101,1087.4712524414062,999.3822021484376,1108.1591186523438,1054.83642578125,45.28490447998047,"[32, 48)","[97, inf)","[-inf, 45)",True
f1opt,0.1298133283853531,2472.png,128,Truck w/Box,0.1646716594696045,bkg,-1,38.71339607707464,101,1856.2296752929688,2507.7211303710938,1913.1364135742188,2534.057678222656,47.934112548828125,"[32, 48)","[97, inf)","[45, 59)",True
f1opt,0.1298133283853531,2472.png,129,Truck w/Box,0.1627655774354934,cls,38,32.63899803215518,101,2161.68212890625,2667.335327148437,2180.337158203125,2724.440795898437,47.056034088134766,"[32, 48)","[97, inf)","[45, 59)",True
f1opt,0.1298133283853531,2472.png,130,Truck w/Box,0.1624041497707367,TP,11,39.51327714189709,101,1869.4728393554688,2462.4599609375,1925.7886352539065,2490.183959960937,52.11796569824219,"[32, 48)","[97, inf)","[45, 59)",False
f1opt,0.0758884698152542,2472.png,131,Cargo Truck,0.1616046875715255,bkg,-1,27.42424280589227,101,806.5587158203125,1210.9680786132812,832.8441162109375,1239.5805053710938,47.793827056884766,"[24, 32)","[97, inf)","[45, 59)",True
f1opt,0.1298133283853531,2472.png,132,Truck w/Box,0.15529765188694,bkg,-1,26.628777426852512,101,123.13075256347656,662.611328125,153.30079650878906,686.114501953125,54.7174186706543,"[24, 32)","[97, inf)","[45, 59)",True
f1opt,0.0758884698152542,2472.png,133,Cargo Truck,0.1549534946680069,cls,88,27.76704274101662,101,1442.4226684570312,781.3138427734375,1481.6458129882812,800.9708251953125,43.85625076293945,"[24, 32)","[97, inf)","[-inf, 45)",True
f1opt,0.1298133283853531,2472.png,134,Truck w/Box,0.1545415371656417,TP,88,27.309040936004962,101,1442.9050903320312,781.9051856994629,1482.7066040039062,800.6427574157715,43.68780517578125,"[24, 32)","[97, inf)","[-inf, 45)",False
f1opt,0.1298133283853531,2472.png,135,Truck w/Box,0.1464904099702835,bkg,-1,41.68040829207755,101,583.1182861328125,1112.2005615234375,614.3126220703125,1167.8919677734375,38.73939895629883,"[32, 48)","[97, inf)","[-inf, 45)",True
f1opt,0.1298133283853531,2472.png,136,Truck w/Box,0.1433062553405761,TP,45,27.19521317632346,101,1460.16845703125,846.796501159668,1481.86962890625,880.8766708374023,51.696102142333984,"[24, 32)","[97, inf)","[45, 59)",False
f1opt,0.1298133283853531,2472.png,137,Truck w/Box,0.141523465514183,bkg,-1,43.15444880741719,101,536.7852783203125,1025.0615844726562,576.4862060546875,1071.969970703125,42.225738525390625,"[32, 48)","[97, inf)","[-inf, 45)",True
f1opt,0.1298133283853531,2472.png,138,Truck w/Box,0.1404971629381179,loc,69,43.11126804066776,101,1106.0161743164062,1148.6164855957031,1137.5858764648438,1207.488800048828,40.03385543823242,"[32, 48)","[97, inf)","[-inf, 45)",True
f1opt,0.0758884698152542,2472.png,139,Cargo Truck,0.1361040771007537,bkg,-1,12.747099029221099,101,1256.9365844726562,2409.5265197753906,1274.6896362304688,2418.679229736328,47.20000076293945,"[8, 16)","[97, inf)","[45, 59)",True
f1opt,0.1298133283853531,2472.png,140,Truck w/Box,0.1318676620721817,bkg,-1,33.29655722757806,101,699.181640625,2201.94140625,749.107421875,2224.1475830078125,41.19444274902344,"[32, 48)","[97, inf)","[-inf, 45)",True
f1opt,0.1298133283853531,2472.png,141,Truck w/Box,0.1298133283853531,TP,47,21.980505205068766,101,1478.1539306640625,768.0953073501587,1509.1927490234375,783.6610612869263,49.94921875,"[16, 24)","[97, inf)","[45, 59)",False
f1opt,0.0758884698152542,2472.png,142,Cargo Truck,0.1286845952272415,cls,71,24.501832274362794,101,1442.6995239257812,766.7489013671875,1476.2295532226562,784.6534423828125,40.05263137817383,"[24, 32)","[97, inf)","[-inf, 45)",True
f1opt,0.0758884698152542,2472.png,143,Cargo Truck,0.1261855810880661,bkg,-1,15.016137934422538,101,447.21868896484375,292.0388488769531,457.3541259765625,314.2859802246094,51.5928840637207,"[8, 16)","[97, inf)","[45, 59)",True
f1opt,0.0792115405201911,2472.png,144,Truck w/Flatbed,0.1248440593481063,cls,40,38.04648584307818,101,2477.7393798828125,2545.7322692871094,2534.4901123046875,2571.2391662597656,51.18135452270508,"[32, 48)","[97, inf)","[45, 59)",True
f1opt,0.0758884698152542,2472.png,145,Cargo Truck,0.1200629100203514,bkg,-1,23.044806704413862,101,1940.4624633789065,1084.0900268554688,1970.484436035156,1101.7791748046875,48.96953582763672,"[16, 24)","[97, inf)","[45, 59)",True
f1opt,0.0758884698152542,2472.png,146,Cargo Truck,0.1185510233044624,cls,62,23.50822245023915,101,1473.1766357421875,755.687255859375,1504.046142578125,773.589599609375,52.5690803527832,"[16, 24)","[97, inf)","[45, 59)",True
f1opt,0.0758884698152542,2472.png,147,Cargo Truck,0.1150026023387909,bkg,-1,13.216653390981858,101,1665.4404296875,314.3803405761719,1683.5428466796875,324.0298767089844,49.1244010925293,"[8, 16)","[97, inf)","[45, 59)",True
f1opt,0.0758884698152542,2472.png,148,Cargo Truck,0.1143817082047462,bkg,-1,19.526957154572614,101,3167.174560546875,2388.584228515625,3192.552978515625,2403.60888671875,53.752403259277344,"[16, 24)","[97, inf)","[45, 59)",True
f1opt,0.0562120340764522,2472.png,149,Truck Tractor,0.11015385389328,bkg,-1,30.500473750633066,101,2220.8380279541016,2937.9310913085938,2238.830177307129,2989.635803222656,43.678253173828125,"[24, 32)","[97, inf)","[-inf, 45)",True
f1opt,0.0792115405201911,2472.png,150,Truck w/Flatbed,0.1061996743083,bkg,-1,23.089229121874823,101,1939.9724731445312,1084.3815307617188,1969.9747924804688,1102.1505737304688,48.52461624145508,"[16, 24)","[97, inf)","[45, 59)",True
f1opt,0.0758884698152542,2472.png,151,Cargo Truck,0.1048943027853965,cls,20,35.46758766118343,101,2684.509033203125,3067.849975585937,2735.963134765625,3092.2979736328125,41.75,"[32, 48)","[97, inf)","[-inf, 45)",True
f1opt,0.0758884698152542,2472.png,152,Cargo Truck,0.1048741042613983,bkg,-1,19.58897034361042,101,1343.0853271484375,589.5784912109375,1359.6737060546875,612.7108154296875,37.08088302612305,"[16, 24)","[97, inf)","[-inf, 45)",True
f1opt,0.0758884698152542,2472.png,153,Cargo Truck,0.104504719376564,bkg,-1,12.963125640867654,101,1670.7379760742188,323.20947265625,1688.0426635742188,332.9202880859375,47.76315689086914,"[8, 16)","[97, inf)","[45, 59)",True
f1opt,0.0758884698152542,2472.png,154,Cargo Truck,0.0912984386086463,bkg,-1,14.97753752637354,101,1701.1676025390625,363.5960998535156,1722.6942138671875,374.0169982910156,41.18560791015625,"[8, 16)","[97, inf)","[-inf, 45)",True
f1opt,0.0758884698152542,2472.png,155,Cargo Truck,0.0912382453680038,both,66,24.33697874189888,101,1429.8902587890625,743.7315673828125,1464.5391845703125,760.8255615234375,43.35647964477539,"[24, 32)","[97, inf)","[-inf, 45)",True
f1opt,0.0758884698152542,2472.png,156,Cargo Truck,0.0886115878820419,bkg,-1,15.730057645872167,101,469.8226318359375,2940.6177978515625,485.7218017578125,2956.1805419921875,65.16262817382812,"[8, 16)","[97, inf)","[59, 82)",True
f1opt,0.0758884698152542,2472.png,157,Cargo Truck,0.0863168612122535,bkg,-1,12.670599282321737,101,3182.7784423828125,2369.5279083251958,3193.0,2385.234329223633,53.235294342041016,"[8, 16)","[97, inf)","[45, 59)",True
f1opt,0.0758884698152542,2472.png,158,Cargo Truck,0.086276851594448,bkg,-1,14.428561164930638,101,2876.9811401367188,63.01042938232422,2898.3814086914062,72.7385025024414,48.07826232910156,"[8, 16)","[97, inf)","[45, 59)",True
f1opt,0.0758884698152542,2472.png,159,Cargo Truck,0.0842350274324417,bkg,-1,14.844666090353275,101,1517.2321166992188,326.6053466796875,1535.8126831054688,338.4652709960937,40.07692337036133,"[8, 16)","[97, inf)","[-inf, 45)",True
f1opt,0.0758884698152542,2472.png,160,Cargo Truck,0.0841599404811859,bkg,-1,21.030713305491005,101,1524.54443359375,791.8778076171875,1546.51708984375,812.0069580078125,40.788536071777344,"[16, 24)","[97, inf)","[-inf, 45)",True
f1opt,0.0758884698152542,2472.png,161,Cargo Truck,0.08006302267313,bkg,-1,27.349773748103157,101,593.9707641601562,3171.6246337890625,624.6578979492188,3196.0,49.92499923706055,"[24, 32)","[97, inf)","[45, 59)",True
f1opt,0.0758884698152542,2472.png,162,Cargo Truck,0.079603374004364,cls,67,21.858807745929408,101,1465.5052490234375,736.76318359375,1498.0284423828125,751.4544677734375,49.67831039428711,"[16, 24)","[97, inf)","[45, 59)",True
f1opt,0.0758884698152542,2472.png,163,Cargo Truck,0.079579621553421,cls,23,28.155042826985152,101,2832.2722778320312,3021.568359375,2878.486267089844,3038.7213134765625,40.93498992919922,"[24, 32)","[97, inf)","[-inf, 45)",True
f1opt,0.0758884698152542,2472.png,164,Cargo Truck,0.0761065185070037,bkg,-1,13.286660885086244,101,1498.618896484375,332.56671142578125,1516.241455078125,342.58428955078125,38.20574188232422,"[8, 16)","[97, inf)","[-inf, 45)",True
f1opt,0.0562120340764522,2472.png,165,Truck Tractor,0.0725960507988929,bkg,-1,25.451552471564373,101,1020.7496337890624,2952.4480590820312,1038.6398315429688,2988.6567993164062,50.52631759643555,"[24, 32)","[97, inf)","[45, 59)",True
f1opt,0.0562120340764522,2472.png,166,Truck Tractor,0.0659593269228935,bkg,-1,20.13793253454818,101,1136.2326965332031,1191.8757019042969,1154.3075256347656,1214.3122253417969,39.47806930541992,"[16, 24)","[97, inf)","[-inf, 45)",True
f1opt,0.0562120340764522,2472.png,167,Truck Tractor,0.0649571567773819,bkg,-1,22.11542749627981,101,647.5466918945312,3173.976501464844,671.0247192382812,3194.8084106445312,50.132728576660156,"[16, 24)","[97, inf)","[45, 59)",True
f1opt,0.0562120340764522,2472.png,168,Truck Tractor,0.0623308978974819,cls,100,37.68203565259673,101,1004.172821044922,2841.916259765625,1033.2281188964844,2890.786376953125,49.09199905395508,"[32, 48)","[97, inf)","[45, 59)",True
f1opt,0.1298133283853531,2543.png,0,Truck w/Box,0.3554514944553375,bkg,-1,38.66849493302068,97,2667.2978515625,599.0939331054688,2706.0086669921875,637.7201538085938,60.42564010620117,"[32, 48)","[97, inf)","[59, 82)",True
f1opt,0.1298133283853531,2543.png,1,Truck w/Box,0.3488309979438782,bkg,-1,46.51893484393308,97,2814.6162109375,654.7574462890625,2862.77197265625,699.6951904296875,75.64507293701172,"[32, 48)","[97, inf)","[59, 82)",True
f1opt,0.0758884698152542,2543.png,2,Cargo Truck,0.2918588817119598,cls,37,28.963162770281517,97,1954.9480743408203,865.756591796875,1980.70263671875,898.3280944824219,86.48910522460938,"[24, 32)","[97, inf)","[82, inf)",True
f1opt,0.0758884698152542,2543.png,3,Cargo Truck,0.224167451262474,cls,41,25.9382600529315,97,1918.244873046875,915.4949951171876,1941.4600830078125,944.4757080078124,88.17916870117188,"[24, 32)","[97, inf)","[82, inf)",True
f1opt,0.0758884698152542,2543.png,4,Cargo Truck,0.1780974268913269,both,38,29.833350401290527,97,1654.6943359375,1141.666748046875,1686.27490234375,1169.8495483398438,61.838035583496094,"[24, 32)","[97, inf)","[59, 82)",True
f1opt,0.0758884698152542,2543.png,5,Cargo Truck,0.1672150194644928,bkg,-1,13.863156193747816,97,0.0,291.9116516113281,14.151753425598145,305.4920959472656,73.26222229003906,"[8, 16)","[97, inf)","[59, 82)",True
f1opt,0.1298133283853531,2543.png,6,Truck w/Box,0.1524005979299545,cls,5,41.25141976434656,97,271.9833374023437,548.5327758789062,317.13189697265625,586.2234497070312,99.08728790283203,"[32, 48)","[97, inf)","[82, inf)",True
f1opt,0.0562120340764522,2543.png,7,Truck Tractor,0.143670305609703,bkg,-1,21.137815949996355,97,2744.1401977539062,652.7305908203125,2764.038024902344,675.1856689453125,74.42262268066406,"[16, 24)","[97, inf)","[59, 82)",True
f1opt,0.0758884698152542,2543.png,8,Cargo Truck,0.1412863284349441,bkg,-1,18.820355238931224,97,1810.9490966796875,938.8657379150392,1830.69287109375,956.8058624267578,77.63157653808594,"[16, 24)","[97, inf)","[59, 82)",True
f1opt,0.0758884698152542,2543.png,9,Cargo Truck,0.1203218698501586,TP,26,20.461628885812093,97,2844.615966796875,1718.274658203125,2873.1734619140625,1732.935546875,78.11111450195312,"[16, 24)","[97, inf)","[59, 82)",False
f1opt,0.0758884698152542,2543.png,10,Cargo Truck,0.0970351472496986,cls,83,30.813087063162463,97,2695.7848510742188,685.1046752929688,2728.0319213867188,714.5475463867188,72.20980072021484,"[24, 32)","[97, inf)","[59, 82)",True
f1opt,0.0758884698152542,2543.png,11,Cargo Truck,0.0907802656292915,bkg,-1,29.78024075980602,97,2108.528686523437,1379.6485595703125,2142.3663330078125,1405.85791015625,87.60529327392578,"[24, 32)","[97, inf)","[82, inf)",True
f1opt,0.0758884698152542,2543.png,12,Cargo Truck,0.0803522542119026,bkg,-1,15.832833055437508,97,1937.617218017578,860.7465667724609,1954.283721923828,875.7874298095703,99.59027862548828,"[8, 16)","[97, inf)","[82, inf)",True
f1opt,0.0758884698152542,2543.png,13,Cargo Truck,0.0789349675178527,TP,53,24.88984292149301,97,2277.836975097656,1274.1898803710938,2306.871032714844,1295.5270385742188,130.6272735595703,"[24, 32)","[97, inf)","[82, inf)",False
f1opt,0.1298133283853531,31.png,0,Truck w/Box,0.8824640512466431,TP,34,41.32914994046945,35,252.67384338378903,367.5399475097656,299.86181640625,403.7377014160156,130.1328887939453,"[32, 48)","[31, 76)","[82, inf)",False
f1opt,0.0792115405201911,31.png,1,Truck w/Flatbed,0.8640186786651611,bkg,-1,41.928053029221715,35,636.1683349609375,918.0374450683594,686.7969970703125,952.7601013183594,88.05377960205078,"[32, 48)","[31, 76)","[82, inf)",True
f1opt,0.1298133283853531,31.png,2,Truck w/Box,0.7953512668609619,bkg,-1,39.736957767623394,35,1342.3701171875,812.5965576171875,1390.85791015625,845.1619873046875,83.03060913085938,"[32, 48)","[31, 76)","[82, inf)",True
f1opt,0.0792115405201911,31.png,3,Truck w/Flatbed,0.7807958722114563,cls,0,44.201246863379104,35,186.86810302734372,320.9140014648437,238.10137939453125,359.04840087890625,107.05848693847656,"[32, 48)","[31, 76)","[82, inf)",True
f1opt,0.0792115405201911,31.png,4,Truck w/Flatbed,0.7605193853378296,cls,7,35.54931009147278,35,1844.502685546875,1019.2472534179688,1900.22900390625,1041.9251098632812,111.48664855957031,"[32, 48)","[31, 76)","[82, inf)",True
f1opt,0.0758884698152542,31.png,5,Cargo Truck,0.7493536472320557,bkg,-1,22.824206990081144,35,1221.4874877929688,1250.8450927734375,1245.46142578125,1272.57470703125,85.5704345703125,"[16, 24)","[31, 76)","[82, inf)",True
f1opt,0.0792115405201911,31.png,6,Truck w/Flatbed,0.6797839403152466,TP,5,36.123937451099906,35,1723.2276611328125,800.6627578735352,1774.211456298828,826.257926940918,108.85042572021484,"[32, 48)","[31, 76)","[82, inf)",False
f1opt,0.0758884698152542,31.png,7,Cargo Truck,0.6632880568504333,bkg,-1,21.32307018754867,35,989.9939575195312,48.72327423095703,1011.0606079101562,70.3058853149414,80.1720199584961,"[16, 24)","[31, 76)","[59, 82)",True
f1opt,0.0562120340764522,31.png,8,Truck Tractor,0.6347014307975769,bkg,-1,22.652293555494577,35,1207.150360107422,1138.5042114257812,1230.9695739746094,1160.0467529296875,84.99456787109375,"[16, 24)","[31, 76)","[82, inf)",True
f1opt,0.0758884698152542,31.png,9,Cargo Truck,0.6009892821311951,bkg,-1,24.950540754842947,35,1146.4063110351562,1270.155517578125,1173.2931518554688,1293.3092041015625,97.32291412353516,"[24, 32)","[31, 76)","[82, inf)",True
f1opt,0.0758884698152542,31.png,10,Cargo Truck,0.6002106070518494,bkg,-1,22.162674999608473,35,1106.881103515625,1159.0134887695312,1132.5150146484375,1178.1749877929688,84.13518524169922,"[16, 24)","[31, 76)","[82, inf)",True
f1opt,0.0758884698152542,31.png,11,Cargo Truck,0.5741651058197021,bkg,-1,19.836849823442396,35,1232.8883056640625,1225.7825317382812,1247.9793701171875,1251.8576049804688,85.40740966796875,"[16, 24)","[31, 76)","[82, inf)",True
f1opt,0.0758884698152542,31.png,12,Cargo Truck,0.5671365261077881,bkg,-1,22.266770256771796,35,1210.2865600585938,1220.3592224121094,1235.3770141601562,1240.120086669922,101.84249114990234,"[16, 24)","[31, 76)","[82, inf)",True
f1opt,0.0792115405201911,31.png,13,Truck w/Flatbed,0.5570185780525208,bkg,-1,29.07798441366599,35,1959.315185546875,1093.7156982421875,1983.3892822265625,1128.837646484375,103.97000122070312,"[24, 32)","[31, 76)","[82, inf)",True
f1opt,0.0792115405201911,31.png,14,Truck w/Flatbed,0.556367814540863,bkg,-1,22.60139927770524,35,1381.1820068359375,1118.1365966796875,1399.9420166015625,1145.365966796875,85.48872375488281,"[16, 24)","[31, 76)","[82, inf)",True
f1opt,0.0758884698152542,31.png,15,Cargo Truck,0.555283784866333,bkg,-1,22.283539150853095,35,1254.6641235351562,1200.2291259765625,1271.6720581054688,1229.4246826171875,80.69074249267578,"[16, 24)","[31, 76)","[59, 82)",True
f1opt,0.0758884698152542,31.png,16,Cargo Truck,0.5545689463615417,bkg,-1,12.882144761173894,35,767.4337768554688,1782.6685485839844,787.3110961914062,1791.0172424316406,76.86666870117188,"[8, 16)","[31, 76)","[59, 82)",True
f1opt,0.1298133283853531,31.png,17,Truck w/Box,0.5460205674171448,bkg,-1,48.193520585846585,35,2614.33349609375,1623.7537841796875,2669.113037109375,1666.1531066894531,123.30966186523438,"[48, 96)","[31, 76)","[82, inf)",True
f1opt,0.0792115405201911,31.png,18,Truck w/Flatbed,0.5351731777191162,bkg,-1,43.752150307225385,35,883.8980712890625,776.6223030090332,932.5860595703124,815.9389953613281,109.40599822998047,"[32, 48)","[31, 76)","[82, inf)",True
f1opt,0.1298133283853531,31.png,19,Truck w/Box,0.5221015214920044,bkg,-1,41.85266499773328,35,2131.9481887817383,1737.6127014160156,2170.7039108276367,1782.8097839355469,118.95923614501953,"[32, 48)","[31, 76)","[82, inf)",True
f1opt,0.1298133283853531,31.png,20,Truck w/Box,0.5202728509902954,bkg,-1,29.074477298247476,35,1959.8451538085935,1092.2374267578125,1983.1741333007808,1128.472412109375,103.90054321289062,"[24, 32)","[31, 76)","[82, inf)",True
f1opt,0.0792115405201911,31.png,21,Truck w/Flatbed,0.511823832988739,bkg,-1,25.102945779838308,35,834.1699981689453,2259.8497314453125,857.9163970947266,2286.38671875,71.86904907226562,"[24, 32)","[31, 76)","[59, 82)",True
f1opt,0.0758884698152542,31.png,22,Cargo Truck,0.4960266351699829,bkg,-1,22.10778998196457,35,1277.2009887695312,1252.8150024414062,1296.9183959960938,1277.6029663085938,81.23846435546875,"[16, 24)","[31, 76)","[59, 82)",True
f1opt,0.0758884698152542,31.png,23,Cargo Truck,0.4853430986404419,bkg,-1,22.4659572488535,35,1278.452880859375,1193.943878173828,1301.4677734375,1215.873992919922,77.82789611816406,"[16, 24)","[31, 76)","[59, 82)",True
f1opt,0.0758884698152542,31.png,24,Cargo Truck,0.4850244224071502,bkg,-1,17.43872897284881,35,1230.697998046875,1165.2338256835938,1243.045654296875,1189.8627319335938,84.34285736083984,"[16, 24)","[31, 76)","[82, inf)",True
f1opt,0.0758884698152542,31.png,25,Cargo Truck,0.4795867502689361,bkg,-1,23.934220847631902,35,1321.4716186523438,1306.0135498046875,1349.4627075195312,1326.4788818359375,110.4006576538086,"[16, 24)","[31, 76)","[82, inf)",True
f1opt,0.0758884698152542,31.png,26,Cargo Truck,0.4704629182815552,bkg,-1,22.349356868483927,35,1179.996337890625,1251.9767456054688,1204.1685791015625,1272.6406860351562,89.88286590576172,"[16, 24)","[31, 76)","[82, inf)",True
f1opt,0.0792115405201911,31.png,27,Truck w/Flatbed,0.4575253427028656,bkg,-1,25.571840321031214,35,1105.5827026367188,1311.1416015625,1130.649169921875,1337.22900390625,84.90740966796875,"[24, 32)","[31, 76)","[82, inf)",True
f1opt,0.0758884698152542,31.png,28,Cargo Truck,0.4441958367824554,bkg,-1,18.935994472004033,35,1265.4683532714844,1146.5032348632812,1278.8869323730469,1173.2252807617188,85.38520050048828,"[16, 24)","[31, 76)","[82, inf)",True
f1opt,0.0758884698152542,31.png,29,Cargo Truck,0.4352306127548218,bkg,-1,25.176107557651683,35,1152.8140563964844,1234.5052185058594,1183.389617919922,1255.235382080078,87.29545593261719,"[24, 32)","[31, 76)","[82, inf)",True
f1opt,0.0758884698152542,31.png,30,Cargo Truck,0.4142847657203674,bkg,-1,13.445951464341643,35,1070.0318603515625,1777.0557861328125,1082.1297607421875,1792.0,77.81538391113281,"[8, 16)","[31, 76)","[59, 82)",True
f1opt,0.0758884698152542,31.png,31,Cargo Truck,0.388820618391037,bkg,-1,22.9523549758986,35,1326.055419921875,1127.3131713867188,1346.410400390625,1153.1943359375,79.456787109375,"[16, 24)","[31, 76)","[59, 82)",True
f1opt,0.0758884698152542,31.png,32,Cargo Truck,0.3875386416912079,bkg,-1,18.015897991133592,35,2000.3191528320312,2508.8072509765625,2019.0045776367188,2526.1776123046875,129.90525817871094,"[16, 24)","[31, 76)","[82, inf)",True
f1opt,0.0792115405201911,31.png,33,Truck w/Flatbed,0.384160965681076,bkg,-1,25.611247793685482,35,1169.7594909667969,1206.2473449707031,1199.4112243652344,1228.368682861328,90.21739196777344,"[24, 32)","[31, 76)","[82, inf)",True
f1opt,0.0792115405201911,31.png,34,Truck w/Flatbed,0.3590963184833526,bkg,-1,43.64248111600544,35,1683.8506927490234,893.96142578125,1749.8310089111328,922.82861328125,93.18856048583984,"[32, 48)","[31, 76)","[82, inf)",True
f1opt,0.0758884698152542,31.png,35,Cargo Truck,0.3590555191040039,bkg,-1,20.17159170133554,35,1253.4078979492188,1232.6838073730469,1271.7489624023438,1254.868621826172,87.21510314941406,"[16, 24)","[31, 76)","[82, inf)",True
f1opt,0.0758884698152542,31.png,36,Cargo Truck,0.3569370806217193,bkg,-1,22.846959653094107,35,1135.5054626464844,1381.403564453125,1156.5076599121094,1406.25732421875,84.67132568359375,"[16, 24)","[31, 76)","[82, inf)",True
f1opt,0.0758884698152542,31.png,37,Cargo Truck,0.3555205166339874,bkg,-1,19.459268037006755,35,1150.237548828125,1259.0518493652344,1172.4496459960938,1276.0994567871094,97.29468536376953,"[16, 24)","[31, 76)","[82, inf)",True
f1opt,0.0758884698152542,31.png,38,Cargo Truck,0.3521491289138794,bkg,-1,24.180469167520318,35,1076.703643798828,1351.592529296875,1104.4161071777344,1372.691162109375,90.1959228515625,"[24, 32)","[31, 76)","[82, inf)",True
f1opt,0.0758884698152542,31.png,39,Cargo Truck,0.3493669033050537,bkg,-1,16.906020406197033,35,1152.9291381835938,645.35546875,1171.6668090820312,660.60888671875,103.8125,"[16, 24)","[31, 76)","[82, inf)",True
f1opt,0.0758884698152542,31.png,40,Cargo Truck,0.3206594288349151,bkg,-1,24.248699872322838,35,1226.2247924804688,1115.1432495117188,1250.8213500976562,1139.0490112304688,83.9728012084961,"[24, 32)","[31, 76)","[82, inf)",True
f1opt,0.0792115405201911,31.png,41,Truck w/Flatbed,0.3203489482402801,bkg,-1,23.141150992898048,35,1372.4402465820312,1237.8217163085938,1396.8436889648438,1259.765869140625,75.74260711669922,"[16, 24)","[31, 76)","[59, 82)",True
f1opt,0.0792115405201911,31.png,42,Truck w/Flatbed,0.3196226358413696,bkg,-1,22.142964381516418,35,1047.1841735839844,1375.18701171875,1074.9712829589844,1392.832275390625,85.15872955322266,"[16, 24)","[31, 76)","[82, inf)",True
f1opt,0.0758884698152542,31.png,43,Cargo Truck,0.3180781304836273,bkg,-1,15.435756896717741,35,2175.070556640625,2641.30810546875,2189.9676513671875,2657.302001953125,109.88627624511719,"[8, 16)","[31, 76)","[82, inf)",True
f1opt,0.0758884698152542,31.png,44,Cargo Truck,0.3133360743522644,bkg,-1,19.524194891046488,35,1129.3602905273438,1222.253875732422,1154.2664184570312,1237.559112548828,82.50240325927734,"[16, 24)","[31, 76)","[82, inf)",True
f1opt,0.0758884698152542,31.png,45,Cargo Truck,0.3123480975627899,bkg,-1,21.20013644449997,35,1149.2512512207031,1245.6182250976562,1173.4704284667969,1264.1756591796875,87.1240005493164,"[16, 24)","[31, 76)","[82, inf)",True
f1opt,0.0792115405201911,31.png,46,Truck w/Flatbed,0.3023122251033783,bkg,-1,22.075003335949408,35,1194.78515625,1181.2005310058594,1220.1258544921875,1200.430694580078,82.2370376586914,"[16, 24)","[31, 76)","[82, inf)",True
f1opt,0.0758884698152542,31.png,47,Cargo Truck,0.2964624464511871,TP,2,20.23515932853307,35,760.630126953125,326.36962890625,780.01416015625,347.4932861328125,127.98917388916016,"[16, 24)","[31, 76)","[82, inf)",False
f1opt,0.0792115405201911,31.png,48,Truck w/Flatbed,0.2889249622821808,bkg,-1,27.258742019765243,35,1574.0882415771484,780.918212890625,1622.4674530029297,796.27685546875,122.16326904296875,"[24, 32)","[31, 76)","[82, inf)",True
f1opt,0.0758884698152542,31.png,49,Cargo Truck,0.2842544913291931,bkg,-1,26.33298294233131,35,1293.85302734375,1219.7076721191406,1317.2900390625,1249.294464111328,70.78580474853516,"[24, 32)","[31, 76)","[59, 82)",True
f1opt,0.0792115405201911,31.png,50,Truck w/Flatbed,0.2796071171760559,bkg,-1,24.64925024805536,35,1365.3245849609375,1114.3088073730469,1387.7938232421875,1141.349578857422,79.09471893310547,"[24, 32)","[31, 76)","[59, 82)",True
f1opt,0.0792115405201911,31.png,51,Truck w/Flatbed,0.2748637199401855,bkg,-1,24.373449043302116,35,1379.3842163085938,1222.586944580078,1402.8395385742188,1247.9144592285156,84.47595977783203,"[24, 32)","[31, 76)","[82, inf)",True
f1opt,0.0792115405201911,31.png,52,Truck w/Flatbed,0.2680999636650085,bkg,-1,24.943147983540914,35,1295.2608032226562,1220.9884643554688,1317.2954711914062,1249.2239990234375,71.10869598388672,"[24, 32)","[31, 76)","[59, 82)",True
f1opt,0.0758884698152542,31.png,53,Cargo Truck,0.2559832334518432,bkg,-1,25.721394624234435,35,1169.0492553710938,1206.255615234375,1199.3596801757812,1228.082763671875,90.21739196777344,"[24, 32)","[31, 76)","[82, inf)",True
f1opt,0.0792115405201911,31.png,54,Truck w/Flatbed,0.2470210045576095,bkg,-1,18.908195626819165,35,725.1603393554688,2123.679473876953,753.7684936523438,2136.1766052246094,76.6133041381836,"[16, 24)","[31, 76)","[59, 82)",True
f1opt,0.0758884698152542,31.png,55,Cargo Truck,0.2434814721345901,bkg,-1,20.058471466850833,35,1377.3604736328125,2609.5070190429688,1396.8065185546875,2630.197204589844,91.90681457519531,"[16, 24)","[31, 76)","[82, inf)",True
f1opt,0.0758884698152542,31.png,56,Cargo Truck,0.2390957623720169,TP,9,16.85755018199326,35,2694.8697509765625,2833.6411743164062,2714.115600585937,2848.4067993164062,92.92857360839844,"[16, 24)","[31, 76)","[82, inf)",False
f1opt,0.0792115405201911,31.png,57,Truck w/Flatbed,0.2354965656995773,bkg,-1,19.415210081488357,35,876.8780364990234,1951.0152587890625,899.4990081787109,1967.6790161132808,88.6004867553711,"[16, 24)","[31, 76)","[82, inf)",True
f1opt,0.0562120340764522,31.png,58,Truck Tractor,0.2344023585319519,bkg,-1,20.75428797900144,35,1120.6692504882812,1367.626708984375,1147.3418579101562,1383.77587890625,88.1680679321289,"[16, 24)","[31, 76)","[82, inf)",True
f1opt,0.1298133283853531,31.png,59,Truck w/Box,0.2302721440792083,bkg,-1,18.867458353408225,35,1961.5953674316409,2335.7996826171875,1983.3872985839844,2352.135131835937,79.32125854492188,"[16, 24)","[31, 76)","[59, 82)",True
f1opt,0.0758884698152542,31.png,60,Cargo Truck,0.2229871898889541,bkg,-1,19.3679466445007,35,1961.039306640625,2335.628173828125,1983.64208984375,2352.2242431640625,79.32125854492188,"[16, 24)","[31, 76)","[59, 82)",True
f1opt,0.0792115405201911,31.png,61,Truck w/Flatbed,0.2198552787303924,bkg,-1,24.274319004422583,35,1305.8584594726562,1171.7195129394531,1327.3014526367188,1199.1990051269531,72.88005828857422,"[24, 32)","[31, 76)","[59, 82)",True
f1opt,0.1298133283853531,31.png,62,Truck w/Box,0.2113522142171859,bkg,-1,44.23759915127062,35,882.8688354492188,776.3968505859375,932.5858764648438,815.7589111328125,109.30245208740234,"[32, 48)","[31, 76)","[82, inf)",True
f1opt,0.0758884698152542,31.png,63,Cargo Truck,0.2104194164276123,bkg,-1,24.16777020442678,35,1344.9364013671875,1276.7425231933594,1366.1055908203125,1304.3336181640625,81.05547332763672,"[24, 32)","[31, 76)","[59, 82)",True
f1opt,0.0758884698152542,31.png,64,Cargo Truck,0.2036827653646469,bkg,-1,14.199749454198674,35,1360.3568115234375,1352.9886474609375,1373.7525634765625,1368.0406494140625,103.55042266845703,"[8, 16)","[31, 76)","[82, inf)",True
f1opt,0.0758884698152542,31.png,65,Cargo Truck,0.2002785503864288,bkg,-1,19.949070601084085,35,1121.3352661132812,1369.890869140625,1147.4794921875,1385.11279296875,88.98474884033203,"[16, 24)","[31, 76)","[82, inf)",True
f1opt,0.0758884698152542,31.png,66,Cargo Truck,0.1984566301107406,bkg,-1,25.895553393754874,35,1110.78173828125,1240.4657592773438,1144.553955078125,1260.3217163085938,87.1700668334961,"[24, 32)","[31, 76)","[82, inf)",True
f1opt,0.0758884698152542,31.png,67,Cargo Truck,0.1880679130554199,TP,10,25.33791970672007,35,2273.121292114258,2831.27685546875,2295.656845092773,2859.765625,98.1799087524414,"[24, 32)","[31, 76)","[82, inf)",False
f1opt,0.0758884698152542,31.png,68,Cargo Truck,0.1871825903654098,bkg,-1,23.3936811884431,35,1108.2137145996094,1376.839111328125,1137.409698486328,1395.5836181640625,95.33000183105469,"[16, 24)","[31, 76)","[82, inf)",True
f1opt,0.0758884698152542,31.png,69,Cargo Truck,0.1819916069507599,bkg,-1,22.06651681128511,35,1194.803955078125,1194.818878173828,1220.3206787109375,1213.9017028808594,93.5888900756836,"[16, 24)","[31, 76)","[82, inf)",True
f1opt,0.0758884698152542,31.png,70,Cargo Truck,0.1784232556819915,bkg,-1,16.381903367109853,35,1846.3299560546875,2282.2177734375,1864.028076171875,2297.38134765625,85.85526275634766,"[16, 24)","[31, 76)","[82, inf)",True
f1opt,0.0562120340764522,31.png,71,Truck Tractor,0.1767198890447616,bkg,-1,25.42705768751648,35,1207.6290283203125,1395.5811157226562,1233.0396728515625,1421.0245971679688,78.11933898925781,"[24, 32)","[31, 76)","[59, 82)",True
f1opt,0.0758884698152542,31.png,72,Cargo Truck,0.1763296276330948,bkg,-1,19.06040195523738,35,999.0223083496094,2009.858917236328,1015.2199401855468,2032.2880554199216,103.15196228027344,"[16, 24)","[31, 76)","[82, inf)",True
f1opt,0.0792115405201911,31.png,73,Truck w/Flatbed,0.1731243878602981,bkg,-1,22.01268328065621,35,1182.7786865234375,1201.8643188476562,1208.4742431640625,1220.7219848632812,87.00740814208984,"[16, 24)","[31, 76)","[82, inf)",True
f1opt,0.0758884698152542,31.png,74,Cargo Truck,0.1705348491668701,bkg,-1,23.153983587850924,35,1206.091796875,1139.1597900390625,1231.1647338867188,1160.5416870117188,85.45279693603516,"[16, 24)","[31, 76)","[82, inf)",True
f1opt,0.0758884698152542,31.png,75,Cargo Truck,0.169386014342308,bkg,-1,21.78909554997041,35,1362.2676391601562,1143.9727172851562,1382.6942749023438,1167.2151489257812,70.92761993408203,"[16, 24)","[31, 76)","[59, 82)",True
f1opt,0.1298133283853531,31.png,76,Truck w/Box,0.1634419113397598,TP,7,35.82139890514632,35,1844.2674255371091,1019.2577514648438,1899.4519958496091,1042.5101318359375,111.77083587646484,"[32, 48)","[31, 76)","[82, inf)",False
f1opt,0.0758884698152542,31.png,77,Cargo Truck,0.1625554859638214,bkg,-1,27.05243596493565,35,1292.8319091796875,1251.67578125,1315.7239990234375,1283.6446533203125,77.18939208984375,"[24, 32)","[31, 76)","[59, 82)",True
f1opt,0.1298133283853531,31.png,78,Truck w/Box,0.1542248725891113,bkg,-1,21.536861561817716,35,1775.3060302734375,880.0162353515625,1792.0,907.8009033203124,105.05461883544922,"[16, 24)","[31, 76)","[82, inf)",True
f1opt,0.0758884698152542,31.png,79,Cargo Truck,0.1540087312459945,bkg,-1,24.26453838077018,35,1305.910888671875,1171.7957763671875,1327.7919921875,1198.703369140625,73.1444091796875,"[24, 32)","[31, 76)","[59, 82)",True
f1opt,0.0758884698152542,31.png,80,Cargo Truck,0.1453003138303756,bkg,-1,22.945627648719146,35,1194.3963012695312,1181.0343627929688,1219.9818115234375,1201.6124877929688,82.4102554321289,"[16, 24)","[31, 76)","[82, inf)",True
f1opt,0.1298133283853531,31.png,81,Truck w/Box,0.1438018828630447,bkg,-1,38.77426033599629,35,1190.3517150878906,814.9366455078125,1224.6877746582031,858.7227783203125,102.54158782958984,"[32, 48)","[31, 76)","[82, inf)",True
f1opt,0.0562120340764522,31.png,82,Truck Tractor,0.140166163444519,bkg,-1,18.098564819247738,35,1353.6635131835938,1117.4151000976562,1364.8433227539062,1146.7141723632812,79.04722595214844,"[16, 24)","[31, 76)","[59, 82)",True
f1opt,0.0792115405201911,31.png,83,Truck w/Flatbed,0.1367177516222,bkg,-1,24.29517359004779,35,1108.211883544922,1376.1146240234375,1136.2178649902344,1397.190673828125,95.35736846923828,"[24, 32)","[31, 76)","[82, inf)",True
f1opt,0.0758884698152542,31.png,84,Cargo Truck,0.1344245970249176,bkg,-1,21.185115421910105,35,1272.1537475585938,1216.2935180664062,1292.2189331054688,1238.6610717773438,71.87577819824219,"[16, 24)","[31, 76)","[59, 82)",True
f1opt,0.0792115405201911,31.png,85,Truck w/Flatbed,0.132848173379898,bkg,-1,19.83164666061972,35,1121.322998046875,1369.8380126953125,1147.7503662109375,1384.7200927734375,88.64351654052734,"[16, 24)","[31, 76)","[82, inf)",True
f1opt,0.0792115405201911,31.png,86,Truck w/Flatbed,0.1326327174901962,bkg,-1,39.97268716346239,35,2132.126419067383,1739.3946533203125,2169.760131835937,1781.8516845703125,117.61077117919922,"[32, 48)","[31, 76)","[82, inf)",True
f1opt,0.0758884698152542,31.png,87,Cargo Truck,0.1324036568403244,bkg,-1,22.346579387226154,35,1220.234130859375,1596.5686645507812,1240.730224609375,1620.9328002929688,83.44380950927734,"[16, 24)","[31, 76)","[82, inf)",True
f1opt,0.0758884698152542,31.png,88,Cargo Truck,0.1310698986053466,bkg,-1,20.773375851983353,35,1257.2191772460938,1247.0936279296875,1277.232421875,1268.656005859375,84.69047546386719,"[16, 24)","[31, 76)","[82, inf)",True
f1opt,0.0758884698152542,31.png,89,Cargo Truck,0.1309641450643539,bkg,-1,16.16203722202987,35,1444.7037353515625,769.4687194824219,1461.0361328125,785.4621734619141,120.3398666381836,"[16, 24)","[31, 76)","[82, inf)",True
f1opt,0.0562120340764522,31.png,90,Truck Tractor,0.1274221390485763,bkg,-1,16.17289531133602,35,1669.147979736328,789.253662109375,1688.2613220214844,802.9384765625,115.84285736083984,"[16, 24)","[31, 76)","[82, inf)",True
f1opt,0.0758884698152542,31.png,91,Cargo Truck,0.1272517293691635,bkg,-1,21.86831068212013,35,916.25390625,2209.27783203125,936.901123046875,2232.439453125,76.51984405517578,"[16, 24)","[31, 76)","[59, 82)",True
f1opt,0.0562120340764522,31.png,92,Truck Tractor,0.1203385218977928,bkg,-1,26.790443965505336,35,834.2203369140625,2259.9818725585938,859.5162353515625,2288.3551635742188,71.55897521972656,"[24, 32)","[31, 76)","[59, 82)",True
f1opt,0.0792115405201911,31.png,93,Truck w/Flatbed,0.1201512441039085,bkg,-1,23.163459531002825,35,817.0455322265625,2130.5088806152344,838.0177001953125,2156.0925903320312,72.47306060791016,"[16, 24)","[31, 76)","[59, 82)",True
f1opt,0.0562120340764522,31.png,94,Truck Tractor,0.1199927926063537,bkg,-1,24.393854887773742,35,1364.6395263671875,1113.746826171875,1386.1788330078125,1141.37353515625,79.39430236816406,"[24, 32)","[31, 76)","[59, 82)",True
f1opt,0.0758884698152542,31.png,95,Cargo Truck,0.1150626093149185,bkg,-1,22.790182608564976,35,1182.0453491210938,1200.5588989257812,1207.6495971679688,1220.8442993164062,86.61538696289062,"[16, 24)","[31, 76)","[82, inf)",True
f1opt,0.0758884698152542,31.png,96,Cargo Truck,0.1149749606847763,cls,6,38.65133985976594,35,1722.6890869140625,787.8224945068359,1774.9761962890625,816.3940887451172,103.5735855102539,"[32, 48)","[31, 76)","[82, inf)",True
f1opt,0.0792115405201911,31.png,97,Truck w/Flatbed,0.1141480877995491,bkg,-1,22.177922014982148,35,1149.1227416992188,1321.6324462890625,1170.5726318359375,1344.5631103515625,78.04924011230469,"[16, 24)","[31, 76)","[59, 82)",True
f1opt,0.0758884698152542,31.png,98,Cargo Truck,0.1139010712504386,bkg,-1,14.247084005161982,35,1662.6085968017578,2621.826904296875,1674.225814819336,2639.299194335937,118.64777374267578,"[8, 16)","[31, 76)","[82, inf)",True
f1opt,0.0758884698152542,31.png,99,Cargo Truck,0.1131021082401275,bkg,-1,13.281665660861147,35,1972.9763793945312,2384.224853515625,1988.2634887695312,2395.76416015625,128.61764526367188,"[8, 16)","[31, 76)","[82, inf)",True
f1opt,0.0758884698152542,31.png,100,Cargo Truck,0.1093067228794097,bkg,-1,13.314492893033696,35,1142.4610595703125,1895.6697387695312,1159.601318359375,1906.0123901367188,104.02777862548828,"[8, 16)","[31, 76)","[82, inf)",True
f1opt,0.0758884698152542,31.png,101,Cargo Truck,0.1078660786151886,bkg,-1,23.578669168248496,35,1047.6386108398438,1392.16015625,1067.9343872070312,1419.552734375,91.93197631835938,"[16, 24)","[31, 76)","[82, inf)",True
f1opt,0.0758884698152542,31.png,102,Cargo Truck,0.1061277389526367,bkg,-1,11.64086683649354,35,2188.897735595703,2625.4389038085938,2200.531280517578,2637.0870971679688,125.68639373779297,"[8, 16)","[31, 76)","[82, inf)",True
f1opt,0.0792115405201911,31.png,103,Truck w/Flatbed,0.0985001623630523,bkg,-1,25.63884122874963,35,1111.6669311523438,1240.0701293945312,1144.9694213867188,1259.8088989257812,86.99705505371094,"[24, 32)","[31, 76)","[82, inf)",True
f1opt,0.0562120340764522,31.png,104,Truck Tractor,0.0971469283103942,cls,16,27.437954934993137,35,833.517578125,2307.5027465820312,858.7186279296875,2337.3761596679688,89.85111999511719,"[24, 32)","[31, 76)","[82, inf)",True
f1opt,0.0758884698152542,31.png,105,Cargo Truck,0.09353968501091,bkg,-1,20.703423846625043,35,1205.8001708984375,1230.6829223632812,1225.779296875,1252.1369018554688,94.47826385498047,"[16, 24)","[31, 76)","[82, inf)",True
f1opt,0.0758884698152542,31.png,106,Cargo Truck,0.0924142971634864,bkg,-1,23.079971123413685,35,1149.0161743164062,1321.3499755859375,1171.5418090820312,1344.9979248046875,77.85326385498047,"[16, 24)","[31, 76)","[59, 82)",True
f1opt,0.0562120340764522,31.png,107,Truck Tractor,0.085995003581047,bkg,-1,22.017269690370153,35,1046.8560180664062,1374.4844360351562,1074.7167358398438,1391.8838500976562,85.09578704833984,"[16, 24)","[31, 76)","[82, inf)",True
f1opt,0.0792115405201911,31.png,108,Truck w/Flatbed,0.0848019942641258,cls,16,28.38862562513722,35,835.351806640625,2306.6954956054688,860.982666015625,2338.138610839844,89.24591827392578,"[24, 32)","[31, 76)","[82, inf)",True
f1opt,0.0758884698152542,31.png,109,Cargo Truck,0.083486333489418,bkg,-1,17.426348650258163,35,874.525390625,122.89541625976562,889.727783203125,142.87106323242188,132.4166717529297,"[16, 24)","[31, 76)","[82, inf)",True
f1opt,0.0758884698152542,31.png,110,Cargo Truck,0.0823080614209175,bkg,-1,28.31437106191991,35,1419.7938232421875,2511.58740234375,1447.5765380859375,2540.443603515625,122.16321563720703,"[24, 32)","[31, 76)","[82, inf)",True
f1opt,0.0792115405201911,31.png,111,Truck w/Flatbed,0.0820520222187042,bkg,-1,21.26018669406211,35,1483.0654296875,768.3686256408691,1530.10791015625,777.9768676757812,100.07083129882812,"[16, 24)","[31, 76)","[82, inf)",True
f1opt,0.0758884698152542,31.png,112,Cargo Truck,0.0773232504725456,bkg,-1,24.99267480121151,35,1369.2781372070312,1151.8986206054688,1392.6149291992188,1178.6646728515625,82.83036041259766,"[24, 32)","[31, 76)","[82, inf)",True
f1opt,0.0562120340764522,31.png,113,Truck Tractor,0.0732401907444,bkg,-1,19.989929720928956,35,825.1629638671875,2240.5349731445312,845.9493408203125,2259.7589721679688,67.95714569091797,"[16, 24)","[31, 76)","[59, 82)",True
f1opt,0.0562120340764522,31.png,114,Truck Tractor,0.0629414990544319,bkg,-1,33.30119490470059,35,837.5196533203125,2276.960021972656,871.3858642578125,2309.7056274414062,68.98151397705078,"[32, 48)","[31, 76)","[59, 82)",True
f1opt,0.0562120340764522,31.png,115,Truck Tractor,0.0618497543036937,cls,6,34.02503725437517,35,1722.7608642578125,787.3556442260742,1774.284912109375,809.8248252868652,102.35438537597656,"[32, 48)","[31, 76)","[82, inf)",True
f1opt,0.0562120340764522,31.png,116,Truck Tractor,0.0579432025551795,bkg,-1,23.24293723299624,35,1126.5912475585938,1220.56103515625,1155.1039428710938,1239.5081787109375,84.75333404541016,"[16, 24)","[31, 76)","[82, inf)",True
f1opt,0.0562120340764522,31.png,117,Truck Tractor,0.0575370676815509,bkg,-1,10.456452631910853,35,1153.001953125,1191.8591918945312,1164.8414306640625,1201.0941772460938,88.8484878540039,"[8, 16)","[31, 76)","[82, inf)",True
