image,tile_x0,tile_y0,cls,conf,x1,y1,x2,y2
1181.png,0,0,1,0.882308304309845,461.67840576171875,346.3458557128906,516.8999633789062,373.4288635253906
1181.png,0,0,1,0.8129772543907166,445.2275390625,315.8306884765625,504.27215576171875,338.64337158203125
1181.png,0,0,1,0.6791576743125916,438.63134765625,306.87994384765625,493.5386962890625,326.81512451171875
1181.png,0,0,0,0.5878844261169434,326.82196044921875,409.41571044921875,349.66278076171875,425.76519775390625
1181.png,0,0,1,0.5373787879943848,436.50299072265625,292.87603759765625,491.33331298828125,312.90594482421875
1181.png,0,0,1,0.5336955785751343,426.0626220703125,264.6033935546875,480.31732177734375,284.08795166015625
1181.png,0,0,1,0.5120146870613098,475.97698974609375,369.6095886230469,527.5773315429688,397.5108337402344
1181.png,0,0,1,0.4710008502006531,436.928466796875,288.64312744140625,490.7332763671875,309.25238037109375
1181.png,0,0,1,0.3370888829231262,477.36505126953125,375.33837890625,531.6246337890625,407.1331787109375
1181.png,0,0,1,0.2569951117038727,271.03857421875,373.265869140625,313.7132568359375,400.2044677734375
1181.png,0,0,1,0.1391891986131668,355.0400390625,221.64959716796875,406.39239501953125,245.16311645507812
1181.png,0,0,1,0.10866471379995346,437.17950439453125,293.43487548828125,492.21905517578125,321.62298583984375
1181.png,0,0,1,0.1023620069026947,439.6580810546875,313.11810302734375,501.122802734375,332.77838134765625
1181.png,0,0,1,0.08639051020145416,307.1131286621094,384.92413330078125,342.4051818847656,403.07000732421875
1181.png,0,0,1,0.07685122638940811,277.6378479003906,334.23150634765625,300.9085998535156,354.13739013671875
1181.png,0,0,1,0.06945798546075821,316.80255126953125,397.8633117675781,343.65069580078125,416.8789367675781
1181.png,0,0,0,0.0664132684469223,415.9438171386719,760.4596557617188,443.4629821777344,775.4354858398438
1181.png,0,0,0,0.03483753651380539,321.728759765625,404.3587341308594,346.7037353515625,421.0650939941406
1181.png,0,0,1,0.027363108471035957,295.1533203125,385.264892578125,342.9659423828125,404.612548828125
1181.png,0,0,0,0.02223806641995907,313.04595947265625,400.1149597167969,343.7685546875,417.4474792480469
1181.png,0,0,1,0.01864238642156124,436.7364501953125,300.7706298828125,495.9752197265625,322.598388671875
1181.png,0,0,1,0.018232498317956924,538.204833984375,367.24273681640625,556.9427490234375,396.04364013671875
1181.png,0,0,1,0.015741726383566856,19.855533599853516,694.5421752929688,38.34177017211914,721.1752319335938
1181.png,0,0,1,0.01417551003396511,434.7803955078125,284.5650939941406,488.0028076171875,306.9996643066406
1181.png,0,0,1,0.012202625162899494,477.72216796875,368.10272216796875,523.652587890625,391.42572021484375
1181.png,0,0,1,0.010968283750116825,465.45343017578125,356.9297180175781,518.9473266601562,385.3981018066406
1181.png,0,0,1,0.009753645397722721,280.53326416015625,384.2933044433594,341.90118408203125,404.0536193847656
1181.png,0,0,1,0.008763189427554607,0.0,760.3426513671875,9.518940925598145,802.8511962890625
1181.png,0,0,1,0.0047667319886386395,0.0,762.48779296875,8.263296127319336,795.6737060546875
1181.png,0,0,2,0.004425710998475552,551.5113525390625,338.642333984375,567.5147705078125,357.04638671875
1181.png,0,0,0,0.0038453012239187956,325.3041076660156,407.55230712890625,347.6685485839844,423.107177734375
1181.png,0,0,1,0.002968808636069298,464.0185546875,352.96722412109375,519.9783935546875,379.71722412109375
1181.png,0,0,1,0.002774018794298172,66.74430847167969,619.0703125,116.06663513183594,647.6292724609375
1181.png,0,0,1,0.0026905338745564222,272.5141906738281,385.2539978027344,341.2607116699219,410.9347229003906
1181.png,0,0,1,0.0023920016828924417,487.30914306640625,387.85418701171875,531.729736328125,412.04315185546875
1181.png,0,0,1,0.0015423086006194353,295.49652099609375,387.23822021484375,342.13275146484375,413.40057373046875
1181.png,0,0,1,0.0015284292167052627,0.07207870483398438,698.77490234375,17.872840881347656,746.9462890625
1181.png,0,0,1,0.0014475596835836768,0.07991313934326172,770.5027465820312,9.496940612792969,822.6393432617188
1181.png,0,0,1,0.0014233888359740376,1.0474605560302734,692.5936279296875,24.11874771118164,738.2647705078125
1181.png,0,0,1,0.0013148272410035133,0.0,752.902099609375,8.672279357910156,794.21533203125
1181.png,0,0,0,0.0011840836377814412,26.840639114379883,833.9443359375,50.5411376953125,847.104248046875
1181.png,0,0,0,0.0010466334642842412,0.0,41.10480499267578,10.26705551147461,76.29328155517578
1181.png,0,0,1,0.0010451542912051082,433.4134521484375,281.38043212890625,485.10650634765625,300.80938720703125
1181.png,0,0,2,0.001002261764369905,474.107666015625,377.4309997558594,532.28662109375,409.1871643066406
1181.png,1536,0,0,0.002705769846215844,2553.79150390625,653.01318359375,2560.0,673.630615234375
1181.png,1536,0,0,0.0013933205045759678,2551.573974609375,207.9645233154297,2559.8876953125,224.7940216064453
1181.png,1536,0,0,0.001238653319887817,2552.109130859375,170.40127563476562,2559.8809814453125,184.90499877929688
1181.png,1536,0,0,0.0012070570373907685,2553.4036865234375,656.426025390625,2560.0,677.230224609375
1181.png,0,768,0,0.005585224833339453,414.2348327636719,768.0634298324585,444.8880920410156,775.4680156707764
1181.png,0,1868,0,0.0032635675743222237,0.2454538345336914,2001.1335754394531,10.302404403686523,2022.6112976074219
1181.png,1536,1868,0,0.006963409949094057,1827.3105773925781,1894.2619438171387,1853.5204162597656,1912.548168182373
1181.png,1536,1868,0,0.0036618586163967848,1826.4335327148438,1892.867561340332,1850.4890747070312,1908.9183959960938
1181.png,1536,1868,0,0.0016967762494459748,1536.075086593628,1868.0095443725586,1562.9196643829346,1877.982840538025
1181.png,1536,1868,0,0.001092812861315906,1823.7192993164062,1888.2198867797852,1851.9959106445312,1907.482536315918
1206.png,0,0,1,0.7112242579460144,39.378501892089844,26.463899612426758,64.74073028564453,43.54966735839844
1206.png,0,0,1,0.5041981935501099,244.19976806640625,336.566162109375,276.938232421875,358.16943359375
1206.png,0,0,1,0.1258510947227478,32.42688751220703,33.74805450439453,61.00251770019531,52.29430389404297
1206.png,0,0,1,0.10003463923931122,80.49019622802734,34.212013244628906,105.62389373779297,54.24987030029297
1206.png,0,0,1,0.07572837918996811,5.885967254638672,0.2827014923095703,61.364498138427734,26.83602523803711
1206.png,0,0,0,0.06681910157203674,75.33901977539062,20.777402877807617,87.1934814453125,31.138364791870117
1206.png,0,0,0,0.017815666273236275,16.916500091552734,618.9180908203125,25.902565002441406,629.013916015625
1206.png,0,0,1,0.010089605115354061,0.0,171.9693603515625,18.635528564453125,221.031982421875
1206.png,0,0,0,0.006794542074203491,0.19893360137939453,891.6324462890625,14.424446105957031,903.3253173828125
1206.png,0,0,1,0.0065556662157177925,0.0,201.41934204101562,16.42029571533203,221.09597778320312
1206.png,0,0,0,0.006468633189797401,244.54617309570312,336.60797119140625,277.0173034667969,358.15264892578125
1206.png,0,0,1,0.00313592073507607,0.0,190.72772216796875,18.05970001220703,221.11083984375
1206.png,0,0,0,0.0023594058584421873,70.84915161132812,18.377304077148438,85.51228332519531,30.636741638183594
1206.png,0,0,0,0.0016533596208319068,194.10179138183594,0.5379743576049805,209.2699432373047,9.046181678771973
1206.png,0,0,1,0.0016021354822441936,41.22993469238281,18.081111907958984,64.13899230957031,35.09645462036133
1206.png,0,0,1,0.0014301063492894173,61.96984100341797,36.421207427978516,84.10591888427734,50.699337005615234
1206.png,0,0,0,0.0014035493368282914,0.5407180786132812,1.9261493682861328,10.906759262084961,24.17967414855957
1206.png,0,0,0,0.0013426494551822543,68.59449768066406,41.420654296875,80.56727600097656,54.2373046875
1206.png,0,0,0,0.001105017028748989,194.86749267578125,0.84967041015625,209.35394287109375,12.657024383544922
1206.png,768,0,2,0.04770037904381752,1431.144287109375,0.11913490295410156,1457.711181640625,8.911653518676758
1206.png,768,0,4,0.03330189734697342,1785.6580810546875,102.015380859375,1792.0,113.11917114257812
1206.png,768,0,2,0.023287802934646606,1431.576171875,0.0,1475.544189453125,9.252402305603027
1206.png,768,0,4,0.01221473515033722,1693.2007446289062,0.045267581939697266,1712.3289184570312,4.6198930740356445
1206.png,768,0,4,0.007763392757624388,1786.589111328125,96.64483642578125,1792.0,111.49307250976562
1206.png,768,0,3,0.005745191127061844,1693.0907592773438,0.0,1710.8102416992188,4.610683441162109
1206.png,768,0,1,0.004737663548439741,1776.7506103515625,378.9667053222656,1791.9078369140625,411.1772155761719
1206.png,768,0,2,0.004463113844394684,1730.8259887695312,627.4805908203125,1763.1792602539062,647.0172119140625
1206.png,768,0,1,0.003952027298510075,1784.7752685546875,382.02642822265625,1792.0,422.44061279296875
1206.png,768,0,1,0.0037569787818938494,1782.1461181640625,379.70391845703125,1792.0,413.62152099609375
1206.png,768,0,0,0.0031344022136181593,1714.7821655273438,134.60374450683594,1729.5628051757812,158.47190856933594
1206.png,768,0,4,0.002691635861992836,1359.1344604492188,0.0,1377.2194213867188,4.563083648681641
1206.png,768,0,2,0.002052323194220662,1431.04296875,0.036713600158691406,1459.009521484375,12.667207717895508
1206.png,768,0,4,0.0018897275440394878,1362.5969848632812,0.0,1382.5658569335938,4.735454082489014
1206.png,768,0,0,0.0015186337986961007,1745.28515625,402.07135009765625,1767.49267578125,421.748291015625
1206.png,768,0,4,0.0011716767912730575,1786.749267578125,105.21841430664062,1792.0,118.664794921875
1206.png,768,0,1,0.0011179869761690497,1750.9320068359375,289.38629150390625,1775.0400390625,331.54962158203125
1206.png,768,0,0,0.0010988807771354914,1646.5174560546875,195.29563903808594,1660.8651123046875,206.86378479003906
1206.png,768,0,4,0.0010471586138010025,1695.452880859375,0.014336585998535156,1721.944580078125,4.451581001281738
1206.png,1536,0,1,0.18498551845550537,2287.4036865234375,902.203857421875,2319.0611572265625,948.846435546875
1206.png,1536,0,1,0.09402813762426376,2207.8919067382812,879.4296875,2265.9556274414062,904.5439453125
1206.png,1536,0,1,0.04729307070374489,2240.6998291015625,765.479736328125,2261.4383544921875,804.7236328125
1206.png,1536,0,1,0.04616634175181389,2243.3516845703125,828.19921875,2269.8492431640625,864.024169921875
1206.png,1536,0,0,0.045355863869190216,2424.3096923828125,230.09384155273438,2443.4146728515625,242.67507934570312
1206.png,1536,0,1,0.03336620330810547,2253.7942504882812,761.4351196289062,2279.5463256835938,803.9246215820312
1206.png,1536,0,1,0.02496298961341381,2238.3494262695312,766.183349609375,2255.5049438476562,804.4376220703125
1206.png,1536,0,1,0.016700176522135735,2275.0093994140625,756.3533935546875,2291.5802001953125,787.3258056640625
1206.png,1536,0,0,0.01403200626373291,2304.6456298828125,1017.5577392578125,2333.5369873046875,1023.7760009765625
1206.png,1536,0,3,0.01217930018901825,2278.5504150390625,685.91552734375,2304.2740478515625,732.459228515625
1206.png,1536,0,0,0.011259155347943306,2517.1940307617188,553.0326538085938,2537.8473510742188,565.9398803710938
1206.png,1536,0,0,0.01045405026525259,2304.061279296875,991.88525390625,2343.497314453125,1017.506103515625
1206.png,1536,0,1,0.009475544095039368,2251.31298828125,814.242431640625,2274.954833984375,850.869384765625
1206.png,1536,0,0,0.009380503557622433,2304.5661010742188,1014.3438720703125,2346.4708862304688,1023.6790771484375
1206.png,1536,0,0,0.008386352099478245,1867.8265380859375,793.0897216796875,1882.6529541015625,816.9493408203125
1206.png,1536,0,1,0.0078244274482131,1743.5990600585938,400.5338134765625,1779.305419921875,460.9384765625
1206.png,1536,0,0,0.00675926124677062,2304.7216796875,1004.15087890625,2347.129150390625,1023.531005859375
1206.png,1536,0,1,0.006341337226331234,2248.2188720703125,763.4429321289062,2266.7183837890625,806.3471069335938
1206.png,1536,0,1,0.00597116956487298,2257.8853759765625,759.694091796875,2286.405029296875,804.872802734375
1206.png,1536,0,0,0.005106020253151655,1860.9199523925781,799.193603515625,1871.8849182128906,818.543701171875
1206.png,1536,0,4,0.004480844363570213,1801.2401123046875,787.5578002929688,1828.5712280273438,804.4927368164062
1206.png,1536,0,1,0.004320054315030575,1801.5388793945312,788.0440673828125,1828.9066162109375,804.7593994140625
1206.png,1536,0,1,0.0038750688545405865,2218.0731201171875,767.17724609375,2242.9249267578125,801.825439453125
1206.png,1536,0,3,0.003703056601807475,1692.5528717041016,0.06775283813476562,1713.968978881836,4.7427496910095215
1206.png,1536,0,0,0.0028938278555870056,2446.5629272460938,241.26596069335938,2464.6552124023438,253.99551391601562
1206.png,1536,0,0,0.0026428441051393747,1930.1236572265625,833.4803466796875,1946.8828125,851.9356689453125
1206.png,1536,0,0,0.002105667954310775,1858.5304565429688,803.0181884765625,1869.0560913085938,820.6243896484375
1206.png,1536,0,2,0.0017389652784913778,2259.427001953125,759.1837158203125,2286.748046875,804.2537841796875
1206.png,1536,0,2,0.00169980782084167,2274.7421875,758.1243896484375,2292.220703125,787.6519775390625
1206.png,1536,0,0,0.0016045934753492475,1869.9935913085938,791.7380981445312,1884.5929565429688,815.6019897460938
1206.png,1536,0,0,0.0014687295770272613,1859.5712280273438,802.2523193359375,1871.7498168945312,820.48193359375
1206.png,1536,0,0,0.0014058473752811551,1863.7410278320312,796.6307983398438,1874.8428344726562,818.3184204101562
1206.png,1536,0,1,0.00137301383074373,2297.1632080078125,1017.7765502929688,2330.271240234375,1023.9679565429688
1206.png,1536,0,1,0.001212426694110036,2304.6614990234375,994.2054443359375,2336.646240234375,1015.8839111328125
1206.png,1868,0,2,0.5297423601150513,2273.5591430664062,756.0319213867188,2292.2964477539062,788.6415405273438
1206.png,1868,0,1,0.10918886214494705,2211.2574768066406,878.537841796875,2264.388702392578,907.781005859375
1206.png,1868,0,1,0.06285647302865982,2287.8824462890625,903.1354370117188,2318.6602783203125,948.7385864257812
1206.png,1868,0,0,0.046756211668252945,2424.9874877929688,230.95477294921875,2443.8661499023438,243.2657470703125
1206.png,1868,0,1,0.04119746759533882,2254.1712646484375,761.7451171875,2277.01171875,805.012939453125
1206.png,1868,0,0,0.03410615772008896,2518.013916015625,125.66014862060547,2534.409912109375,148.43914794921875
1206.png,1868,0,0,0.03062799945473671,1868.2148885726929,791.07470703125,1882.3929204940796,818.381591796875
1206.png,1868,0,2,0.02580711431801319,2287.68359375,903.0233154296875,2319.2590942382812,949.3582763671875
1206.png,1868,0,0,0.023697545751929283,2306.8631896972656,997.624755859375,2345.759490966797,1023.433349609375
1206.png,1868,0,0,0.018687445670366287,2304.902069091797,991.0827026367188,2342.690216064453,1018.2413940429688
1206.png,1868,0,0,0.01160026527941227,2308.0415649414062,1016.1517333984375,2345.0863647460938,1023.8502197265625
1206.png,1868,0,3,0.009980055503547192,2303.9061889648438,989.0296020507812,2331.1866455078125,1013.1366577148438
1206.png,1868,0,2,0.008810866624116898,2270.0860595703125,758.44287109375,2290.0052490234375,799.6220703125
1206.png,1868,0,3,0.006642994005233049,2279.49755859375,686.4550170898438,2304.2025146484375,731.7670288085938
1206.png,1868,0,1,0.006229044869542122,2305.767059326172,991.8564453125,2338.0650939941406,1016.67236328125
1206.png,1868,0,1,0.004743956495076418,2304.4632568359375,1017.996826171875,2334.9771728515625,1023.9007568359375
1206.png,1868,0,1,0.003749951720237732,1868.0,801.3024291992188,1874.3661365509033,822.6422729492188
1206.png,1868,0,1,0.0037253808695822954,2245.780517578125,765.3627319335938,2265.31640625,806.3313598632812
1206.png,1868,0,1,0.002469282830134034,2260.3201904296875,760.3932495117188,2285.6881103515625,805.2687377929688
1206.png,1868,0,2,0.0020161191932857037,2255.8881225585938,760.33642578125,2283.1466674804688,805.38232421875
1206.png,1868,0,0,0.0017764997901394963,2446.3670654296875,241.69973754882812,2464.2950439453125,254.04388427734375
1206.png,1868,0,1,0.0017207805067300797,2289.440216064453,962.7098388671875,2317.1563415527344,977.2496337890625
1206.png,1868,0,1,0.0017206158954650164,2242.527069091797,765.7800903320312,2262.0255432128906,805.2025756835938
1206.png,1868,0,3,0.00167076475918293,2282.3076171875,699.277099609375,2304.4483642578125,731.0234375
1206.png,1868,0,1,0.001664829789660871,2302.9248657226562,988.530517578125,2331.2001953125,1010.6807861328125
1206.png,1868,0,0,0.001606899662874639,1878.3144063949585,786.79150390625,1896.4491958618164,809.386962890625
1206.png,1868,0,2,0.0016036739107221365,2263.8143310546875,759.0369262695312,2286.794189453125,805.7300415039062
1206.png,0,768,1,0.4760429561138153,884.602294921875,1087.5487060546875,932.31103515625,1106.56884765625
1206.png,0,768,0,0.36609041690826416,884.8538818359375,1087.107666015625,932.2286376953125,1106.52490234375
1206.png,0,768,0,0.008368095383048058,0.0,1362.2593994140625,22.892330169677734,1410.0555419921875
1206.png,0,768,4,0.006956768222153187,317.2205810546875,768.0250949859619,338.561279296875,773.845871925354
1206.png,0,768,1,0.006627961061894894,924.8963623046875,1170.2289733886719,942.728271484375,1223.3912658691406
1206.png,0,768,1,0.006300467532128096,934.2161254882812,1167.1055297851562,953.4342651367188,1222.6981811523438
1206.png,0,768,4,0.005927072837948799,316.436279296875,768.0,331.8690185546875,773.7535648345947
1206.png,0,768,2,0.0053696767427027225,0.0,1362.166259765625,22.559310913085938,1410.212158203125
1206.png,0,768,1,0.00484932167455554,840.76611328125,1338.064697265625,857.576416015625,1370.421142578125
1206.png,0,768,0,0.004808549769222736,0.08278179168701172,891.3982391357422,15.298797607421875,904.2814178466797
1206.png,0,768,0,0.004498279187828302,884.66357421875,1106.4439086914062,917.56982421875,1122.3960571289062
1206.png,0,768,2,0.0017071448964998126,885.8281860351562,1105.449462890625,917.4838256835938,1122.4357299804688
1206.png,0,768,4,0.0013935407623648643,303.7430725097656,769.4209175109863,317.7865905761719,780.5386581420898
1206.png,0,768,4,0.0013448443496599793,306.26959228515625,768.0,322.95892333984375,774.1166229248047
1206.png,0,768,4,0.001326067722402513,299.47601318359375,768.1578950881958,314.06121826171875,776.9787244796753
1206.png,0,768,4,0.0011561563005670905,314.2090759277344,769.3590650558472,332.3625793457031,780.4792737960815
1206.png,768,768,0,0.6971637606620789,885.0660629272461,1087.1425170898438,932.0856018066406,1106.4411010742188
1206.png,768,768,0,0.42287513613700867,1398.8070068359375,1544.749755859375,1432.1663818359375,1589.412841796875
1206.png,768,768,1,0.23138347268104553,884.9268188476562,1087.6004028320312,931.9926147460938,1106.5780639648438
1206.png,768,768,0,0.03311461955308914,1285.411865234375,1546.94921875,1300.74951171875,1568.796630859375
1206.png,768,768,0,0.020050225779414177,884.8804779052734,1106.6388549804688,916.8917083740234,1122.3150024414062
1206.png,768,768,1,0.003191302763298154,1399.0126953125,1544.6919555664062,1435.1182861328125,1590.0044555664062
1206.png,1536,768,0,0.8090214729309082,2370.669921875,1723.5806884765625,2392.221923828125,1738.8106689453125
1206.png,1536,768,0,0.3918069899082184,2399.9326171875,1532.4898071289062,2416.629150390625,1544.0664672851562
1206.png,1536,768,0,0.3486970067024231,1860.3033447265625,800.6670913696289,1871.813232421875,818.6514511108398
1206.png,1536,768,0,0.32154589891433716,1867.9964599609375,792.9574508666992,1882.3099365234375,816.2202682495117
1206.png,1536,768,0,0.17625513672828674,2303.8277587890625,770.0241794586182,2323.3140869140625,794.450849533081
1206.png,1536,768,0,0.13409055769443512,1858.9487609863281,802.4010772705078,1869.3666076660156,819.8520050048828
1206.png,1536,768,0,0.11885420233011246,1910.5604858398438,1083.8664855957031,1926.78271484375,1109.4695739746094
1206.png,1536,768,1,0.11007759720087051,1921.3068542480469,1081.50048828125,1948.1585998535156,1128.0380859375
1206.png,1536,768,0,0.10339727997779846,2361.6824951171875,1722.1590576171875,2374.6383056640625,1733.7679443359375
1206.png,1536,768,2,0.09002227336168289,2273.2850952148438,768.1596546173096,2290.5560913085938,790.3724174499512
1206.png,1536,768,0,0.08796591311693192,1862.91259765625,796.4399452209473,1873.894287109375,817.733814239502
1206.png,1536,768,1,0.08167637139558792,2287.470703125,902.1831207275391,2318.9227294921875,949.2157440185547
1206.png,1536,768,1,0.06377865374088287,2215.8983154296875,768.4649314880371,2243.7266845703125,801.8730812072754
1206.png,1536,768,1,0.054837778210639954,2208.35009765625,879.5292205810547,2265.03857421875,904.0139617919922
1206.png,1536,768,2,0.05156807601451874,2216.45556640625,768.4760360717773,2243.9940185546875,801.6044616699219
1206.png,1536,768,2,0.05007404834032059,2261.5239868164062,768.0,2286.4794311523438,803.7404022216797
1206.png,1536,768,0,0.04841680824756622,2252.9686889648438,768.278003692627,2274.2229614257812,802.9042358398438
1206.png,1536,768,1,0.0414159819483757,1801.7288513183594,787.6307525634766,1829.9376525878906,804.441520690918
1206.png,1536,768,0,0.037449486553668976,2240.5112915039062,768.2735137939453,2263.7494506835938,802.1649284362793
1206.png,1536,768,2,0.03170553222298622,2244.5490112304688,825.5732269287109,2269.7628784179688,863.3549957275391
1206.png,1536,768,0,0.028913771733641624,1853.1247863769531,804.5537796020508,1864.9709777832031,820.7720260620117
1206.png,1536,768,1,0.02412332035601139,2252.181884765625,768.254566192627,2274.6927490234375,802.3234329223633
1206.png,1536,768,0,0.023917054757475853,1842.6311950683594,810.988395690918,1855.5441589355469,828.0747375488281
1206.png,1536,768,2,0.02195136621594429,2254.3441772460938,768.1900863647461,2277.5220336914062,803.9089050292969
1206.png,1536,768,0,0.021668145433068275,2362.6900634765625,1724.6787109375,2387.876220703125,1740.927001953125
1206.png,1536,768,0,0.021549008786678314,2361.5135498046875,1721.4124145507812,2373.2569580078125,1731.5733032226562
1206.png,1536,768,1,0.02083948813378811,2260.0760498046875,768.2856101989746,2282.6982421875,802.4502983093262
1206.png,1536,768,0,0.01842554286122322,1930.2149658203125,833.3329849243164,1946.4473266601562,851.4823684692383
1206.png,1536,768,0,0.01708541437983513,2361.2532348632812,1722.7562866210938,2374.3287963867188,1738.0728149414062
1206.png,1536,768,0,0.013103906996548176,1816.1722106933594,768.1007013320923,1832.3995056152344,776.3794059753418
1206.png,1536,768,2,0.013035866431891918,2269.1392822265625,768.0417861938477,2289.1767578125,792.2607383728027
1206.png,1536,768,0,0.011927861720323563,1849.0277099609375,808.2014465332031,1859.925048828125,824.6057739257812
1206.png,1536,768,0,0.010706175118684769,1876.2412414550781,790.8941440582275,1888.2455749511719,811.0113143920898
1206.png,1536,768,1,0.009243713691830635,2207.1671142578125,768.1544723510742,2242.8741455078125,796.9239273071289
1206.png,1536,768,0,0.00843111239373684,1823.3756103515625,768.1182360649109,1842.674072265625,775.6852412223816
1206.png,1536,768,0,0.007779976353049278,2298.10009765625,1785.1136474609375,2314.73291015625,1792.0
1206.png,1536,768,1,0.007212993688881397,2243.7225341796875,828.1648864746094,2269.5352783203125,863.9262237548828
1206.png,1536,768,1,0.007061002776026726,2302.982421875,1784.1143798828125,2347.3319091796875,1792.0
1206.png,1536,768,1,0.007009346503764391,2274.951904296875,768.0,2292.223388671875,787.0356979370117
1206.png,1536,768,1,0.006068248767405748,2241.4302978515625,768.1665267944336,2268.2896728515625,801.3378219604492
1206.png,1536,768,0,0.0052983928471803665,1799.9630126953125,768.0,1813.6986083984375,775.0994143486023
1206.png,1536,768,0,0.0048835002817213535,1830.6477661132812,768.3757147789001,1851.1026000976562,774.9692316055298
1206.png,1536,768,0,0.004813727922737598,2235.0260009765625,768.1494789123535,2257.3800048828125,804.5285453796387
1206.png,1536,768,0,0.004114176612347364,1850.2972412109375,802.4026298522949,1862.7044677734375,818.0801429748535
1206.png,1536,768,2,0.0038760299794375896,2201.595458984375,768.273998260498,2243.5289306640625,798.6879940032959
1206.png,1536,768,0,0.003672362305223942,1817.9559936523438,768.3541851043701,1834.2388305664062,778.1475238800049
1206.png,1536,768,0,0.0032536492217332125,2329.8134155273438,1742.633056640625,2348.7694702148438,1754.8282470703125
1206.png,1536,768,0,0.0032499865628778934,1878.5916137695312,788.5094833374023,1892.4388427734375,808.5282974243164
1206.png,1536,768,0,0.002839836059138179,2293.068359375,1785.7447509765625,2312.536376953125,1792.0
1206.png,1536,768,1,0.002517967950552702,2233.2545166015625,768.2899961471558,2260.1397705078125,800.233943939209
1206.png,1536,768,0,0.0023452991154044867,1871.1361999511719,789.036018371582,1885.1689758300781,811.5779418945312
1206.png,1536,768,0,0.0022535405587404966,2358.7076416015625,1730.9122314453125,2373.7459716796875,1742.9903564453125
1206.png,1536,768,0,0.0016962457448244095,1840.3565673828125,774.224739074707,1853.6058959960938,788.6790084838867
1206.png,1536,768,0,0.0015334469499066472,2287.4876708984375,902.2282409667969,2318.8389892578125,949.6908264160156
1206.png,1536,768,4,0.0014966253656893969,1801.7685546875,786.8329391479492,1828.1142578125,804.2646942138672
1206.png,1536,768,0,0.0014930831966921687,1858.2910766601562,792.7777862548828,1871.5575561523438,813.8987579345703
1206.png,1536,768,0,0.0012147611705586314,2468.4088134765625,1680.655517578125,2519.0247802734375,1703.5052490234375
1206.png,1536,768,0,0.0011985552264377475,1879.0625610351562,786.9625549316406,1896.1016235351562,806.1305618286133
1206.png,1536,768,0,0.0011382738593965769,1860.9249877929688,790.1134948730469,1876.5288696289062,814.3593292236328
1206.png,1536,768,0,0.0010773275280371308,2370.5747680664062,1757.989990234375,2381.9786987304688,1770.73583984375
1206.png,1536,768,1,0.0010577499633654952,2238.4169921875,768.6102867126465,2257.425048828125,805.1621170043945
1206.png,1536,768,0,0.0010409608948975801,1850.4354553222656,768.4562420845032,1870.8490295410156,774.1811580657959
1206.png,1868,768,0,0.674381673336029,2364.2156982421875,1723.9420166015625,2392.408203125,1740.5860595703125
1206.png,1868,768,1,0.21084056794643402,2210.3197631835938,879.5391693115234,2264.9362182617188,907.0731811523438
1206.png,1868,768,0,0.18280160427093506,2253.953094482422,768.2492713928223,2274.9761657714844,804.3316116333008
1206.png,1868,768,1,0.14271484315395355,2287.9088745117188,903.1941528320312,2318.5639038085938,949.201904296875
1206.png,1868,768,1,0.13680535554885864,1922.125560760498,1082.21533203125,1949.1009063720703,1128.80517578125
1206.png,1868,768,0,0.12013495713472366,2273.3616333007812,768.0478191375732,2291.0641479492188,789.1413974761963
1206.png,1868,768,1,0.1016586646437645,1910.4061584472656,1083.87353515625,1927.1371459960938,1109.8817138671875
1206.png,1868,768,0,0.05952339246869087,2361.5068359375,1726.038818359375,2390.1340942382812,1742.321533203125
1206.png,1868,768,0,0.058302704244852066,2269.954620361328,768.2038307189941,2289.565948486328,800.631721496582
1206.png,1868,768,0,0.056599900126457214,1910.7848052978516,1084.2236938476562,1927.3056030273438,1109.9530029296875
1206.png,1868,768,0,0.05263905972242355,2400.9127197265625,1532.3689575195312,2419.4964599609375,1544.0741577148438
1206.png,1868,768,0,0.04868447780609131,2266.6708374023438,768.5174179077148,2287.1898803710938,805.0675277709961
1206.png,1868,768,0,0.048202358186244965,1868.237678527832,791.6605377197266,1881.2608165740967,816.8699645996094
1206.png,1868,768,0,0.029465552419424057,2259.42236328125,768.0,2284.4991455078125,804.5060844421387
1206.png,1868,768,2,0.0225143413990736,2272.9891967773438,768.0634994506836,2292.3107299804688,789.0385131835938
1206.png,1868,768,0,0.022489987313747406,2241.1986083984375,768.487907409668,2264.67919921875,802.7254257202148
1206.png,1868,768,0,0.013667271472513676,1881.1508235931396,785.841064453125,1898.1169567108154,806.6169662475586
1206.png,1868,768,2,0.009682503528892994,2287.6742553710938,903.0257568359375,2319.217041015625,949.8541259765625
1206.png,1868,768,0,0.008593866601586342,1868.327205657959,790.6749610900879,1884.7462539672852,813.2950172424316
1206.png,1868,768,2,0.007636415306478739,2647.1454467773438,1776.294189453125,2689.4013061523438,1792.0
1206.png,1868,768,1,0.005203820765018463,2304.1705322265625,1783.6295166015625,2347.4774169921875,1792.0
1206.png,1868,768,0,0.005073663778603077,2227.443389892578,768.3938446044922,2248.4805603027344,800.4619903564453
1206.png,1868,768,0,0.004032228607684374,2217.2811889648438,768.6375045776367,2243.4640502929688,801.1744956970215
1206.png,1868,768,3,0.003427511779591441,2201.561279296875,768.070161819458,2239.9576416015625,793.310583114624
1206.png,1868,768,0,0.0033039338886737823,2360.548309326172,1722.2366333007812,2374.257354736328,1732.3075561523438
1206.png,1868,768,0,0.002626787405461073,2303.4132080078125,771.5965995788574,2323.3721923828125,794.4212455749512
1206.png,1868,768,0,0.0022511540446430445,1868.0192160606384,804.2310028076172,1873.6600432395935,822.1332244873047
1206.png,1868,768,1,0.0022148338612169027,2291.3597412109375,1785.9915771484375,2314.0677490234375,1792.0
1206.png,1868,768,0,0.00217262445949018,2467.3952026367188,1683.3734741210938,2520.1381225585938,1714.5857543945312
1206.png,1868,768,1,0.0021649182308465242,2298.074981689453,1785.3358154296875,2335.426483154297,1792.0
1206.png,1868,768,0,0.0017715615686029196,2464.5117797851562,1680.06787109375,2520.5067749023438,1704.736083984375
1206.png,1868,768,0,0.00152786320541054,1868.2052841186523,768.0,1882.8065490722656,780.7529211044312
1206.png,1868,768,2,0.0015223388327285647,2724.29052734375,1786.5660400390625,2772.72021484375,1792.0
1206.png,1868,768,1,0.0014004322001710534,1912.841567993164,1083.64697265625,1930.29296875,1114.5323486328125
1206.png,1868,768,2,0.001367810182273388,2647.877685546875,1781.1162109375,2707.472412109375,1792.0
1206.png,1868,768,3,0.0011754205916076899,2190.7906188964844,768.4878931045532,2207.972137451172,776.2866954803467
1206.png,1868,768,2,0.0010772732784971595,2218.225128173828,768.3634338378906,2244.1246032714844,800.3842620849609
1206.png,0,1536,1,0.06946714222431183,598.8299560546875,1854.7296142578125,638.5755615234375,1883.57470703125
1206.png,0,1536,0,0.00155556108802557,0.0,2398.9847412109375,5.1219096183776855,2417.4652099609375
1206.png,0,1536,0,0.0012360092950984836,0.0,2402.264404296875,4.700219631195068,2421.6279296875
1206.png,768,1536,1,0.5949636697769165,1348.6437377929688,2348.6539306640625,1408.4451293945312,2374.5521240234375
1206.png,768,1536,1,0.46695762872695923,1478.80859375,2513.882568359375,1528.046142578125,2544.8050537109375
1206.png,768,1536,1,0.24015191197395325,1362.8963012695312,2218.3687133789062,1413.5079956054688,2248.9508666992188
1206.png,768,1536,0,0.1073281541466713,1285.1641845703125,1547.233730316162,1300.8848876953125,1568.5008506774902
1206.png,768,1536,1,0.07653629034757614,1457.3192749023438,2327.8826904296875,1483.7842407226562,2373.091552734375
1206.png,768,1536,0,0.0486983060836792,1398.77734375,1544.8362426757812,1431.0023193359375,1589.5476455688477
1206.png,768,1536,1,0.02427639067173004,1365.8306884765625,2224.48388671875,1415.5245361328125,2251.651611328125
1206.png,768,1536,3,0.011540277861058712,1391.4739990234375,2362.3902587890625,1414.3770751953125,2377.7308349609375
1206.png,768,1536,1,0.004567659460008144,1395.771484375,2306.2575073242188,1425.626220703125,2349.8518676757812
1206.png,768,1536,0,0.004514575470238924,1363.258056640625,2218.921630859375,1412.847900390625,2247.2548828125
1206.png,768,1536,4,0.004099202807992697,1662.8093872070312,2435.3763427734375,1690.8417358398438,2453.8880615234375
1206.png,768,1536,0,0.0025031678378582,1372.17578125,2230.540283203125,1416.326171875,2253.312744140625
1206.png,768,1536,0,0.00223065004684031,1512.204345703125,2155.1197509765625,1546.7420654296875,2176.3035888671875
1206.png,768,1536,1,0.0017523232381790876,1237.7621459960938,2480.941162109375,1260.5586547851562,2495.106201171875
1206.png,768,1536,0,0.0013529086718335748,1218.7784729003906,1536.2082753181458,1234.2394714355469,1541.1361050605774
1206.png,1536,1536,1,0.8666892647743225,2519.7996826171875,2054.1366577148438,2559.7286376953125,2087.0374145507812
1206.png,1536,1536,1,0.6418394446372986,1858.3140563964844,1842.5038452148438,1880.8980407714844,1875.4244995117188
1206.png,1536,1536,0,0.5977073907852173,2370.2078247070312,1723.8604583740234,2392.1220092773438,1738.6466217041016
1206.png,1536,1536,1,0.1733994483947754,2519.9319458007812,1992.4365234375,2559.1502075195312,2019.58544921875
1206.png,1536,1536,0,0.05490759387612343,2361.8101806640625,1722.3712768554688,2375.6256103515625,1733.7868347167969
1206.png,1536,1536,0,0.05447358638048172,2399.091552734375,1536.0272912979126,2419.52783203125,1544.1859798431396
1206.png,1536,1536,1,0.027442768216133118,2513.66357421875,1536.0,2535.432861328125,1555.0303573608398
1206.png,1536,1536,0,0.017390772700309753,2391.089599609375,2053.5299072265625,2446.6201171875,2082.8660888671875
1206.png,1536,1536,0,0.0121619189158082,2519.6119995117188,1992.3263854980469,2559.4328002929688,2019.5614929199219
1206.png,1536,1536,0,0.007713473401963711,2362.2820434570312,1725.3124084472656,2388.5068969726562,1740.7434997558594
1206.png,1536,1536,4,0.0073739876970648766,2390.2156982421875,2052.6680908203125,2446.6126708984375,2082.9669189453125
1206.png,1536,1536,0,0.004349824041128159,2361.3779296875,1723.5054931640625,2375.079345703125,1739.1121215820312
1206.png,1536,1536,0,0.0033896092791110277,2361.6156005859375,1721.5594787597656,2373.2987060546875,1731.4803771972656
1206.png,1536,1536,0,0.0022867368534207344,1869.522216796875,1536.060357093811,1881.5797119140625,1541.5865573883057
1206.png,1536,1536,1,0.0020060043316334486,1835.8599548339844,1777.5330352783203,1863.7313537597656,1820.5755004882812
1206.png,1536,1536,1,0.0018551915418356657,2391.2765502929688,2052.939208984375,2445.6126098632812,2082.215087890625
1206.png,1536,1536,0,0.0015741835813969374,1836.04736328125,1777.7752380371094,1863.2933349609375,1820.0315856933594
1206.png,1536,1536,0,0.0013715089298784733,2401.326416015625,1536.1982326507568,2427.3070068359375,1544.59672164917
1206.png,1536,1536,0,0.0011484386632218957,1536.0,2491.782958984375,1540.874270915985,2505.9720458984375
1206.png,1536,1536,1,0.0010656091617420316,1827.1932373046875,1986.3898315429688,1872.933349609375,2014.5588989257812
1206.png,1536,1536,0,0.0010175189236178994,1536.0,1862.7513427734375,1543.4845895767212,1901.2760009765625
1206.png,1868,1536,0,0.18942619860172272,2366.2208862304688,1724.2891540527344,2392.0005493164062,1740.2742614746094
1206.png,1868,1536,1,0.05809004604816437,1868.0,1841.9640502929688,1880.2493200302124,1874.497802734375
1206.png,1868,1536,0,0.044858239591121674,2400.657958984375,1536.0,2421.885986328125,1544.2070302963257
1206.png,1868,1536,1,0.0384000763297081,2519.45556640625,2054.3563842773438,2567.536376953125,2087.1812133789062
1206.png,1868,1536,1,0.018367264419794083,2516.1278686523438,1536.0806941986084,2534.6915893554688,1554.7388229370117
1206.png,1868,1536,0,0.011612780392169952,1868.0402040481567,1831.57861328125,1876.5087184906006,1843.1089477539062
1206.png,1868,1536,0,0.010761476121842861,2361.646484375,1726.7629089355469,2389.0642700195312,1741.8973083496094
1206.png,1868,1536,1,0.005215496756136417,2506.076904296875,1536.0,2534.551513671875,1552.847620010376
1206.png,1868,1536,0,0.00466378778219223,1868.0182638168335,2545.8095703125,1876.8250160217285,2560.0
1206.png,1868,1536,1,0.003953014500439167,2640.00048828125,1816.8645629882812,2667.343505859375,1865.6216430664062
1206.png,1868,1536,1,0.0037612682208418846,1868.0,1834.2913208007812,1882.0568618774414,1873.9302368164062
1206.png,1868,1536,0,0.0028242291882634163,2273.525360107422,1784.9400939941406,2312.728485107422,1808.7472839355469
1206.png,1868,1536,0,0.0026265711057931185,2140.407958984375,2181.287109375,2185.8555908203125,2208.5826416015625
1206.png,1868,1536,1,0.0024757678620517254,1868.0781898498535,1851.0685119628906,1876.4426155090332,1880.7340393066406
1206.png,1868,1536,0,0.0020463080145418644,2391.0406494140625,2053.890625,2446.0723876953125,2083.1396484375
1206.png,1868,1536,1,0.0020451389718800783,2391.7110595703125,2053.661865234375,2444.3294677734375,2081.966552734375
1206.png,1868,1536,0,0.001010781736113131,2467.41064453125,1683.1854553222656,2519.41796875,1715.01904296875
1206.png,0,1867,1,0.027218427509069443,599.301513671875,1867.1132774353027,635.1268310546875,1881.6132545471191
1206.png,0,1867,0,0.02600678615272045,969.906982421875,2858.294921875,1005.3292236328125,2890.972412109375
1206.png,0,1867,0,0.01404732558876276,731.2247314453125,2847.5572509765625,748.3878173828125,2866.6038818359375
1206.png,0,1867,0,0.009347518905997276,908.154052734375,2884.5452880859375,931.59033203125,2891.0
1206.png,0,1867,0,0.003990094643086195,971.408447265625,2878.4638671875,1005.27197265625,2891.0
1206.png,0,1867,0,0.0031620508525520563,913.3965454101562,2885.00341796875,934.9970092773438,2891.0
1206.png,0,1867,0,0.0018331888131797314,975.3460693359375,2885.0235595703125,1007.6888427734375,2891.0
1206.png,0,1867,0,0.0015877254772931337,916.00927734375,2882.7633056640625,940.848388671875,2891.0
1206.png,0,1867,2,0.0015801695408299565,722.1275024414062,1870.4295115470886,735.9055786132812,1881.0215454101562
1206.png,0,1867,1,0.0012137515004724264,601.6434326171875,1867.0412149429321,643.380126953125,1876.9320430755615
1206.png,768,1867,1,0.9006388783454895,1479.5875244140625,2515.0201416015625,1528.5592041015625,2543.6822509765625
1206.png,768,1867,1,0.7440950870513916,1364.100830078125,2218.5103149414062,1412.3975830078125,2247.6687622070312
1206.png,768,1867,0,0.298743337392807,1365.3441162109375,2218.2031860351562,1412.6768798828125,2246.7494506835938
1206.png,768,1867,1,0.10909149795770645,1082.4559936523438,2612.157958984375,1096.2697143554688,2634.077392578125
1206.png,768,1867,1,0.08611258119344711,1458.08544921875,2326.7640991210938,1482.34375,2371.9978637695312
1206.png,768,1867,1,0.06229257956147194,1769.61474609375,2703.5880126953125,1792.0,2728.89404296875
1206.png,768,1867,1,0.043623171746730804,1348.5661010742188,2348.841064453125,1406.5231323242188,2376.8111572265625
1206.png,768,1867,3,0.03869441896677017,1390.8367919921875,2363.0054321289062,1415.1082763671875,2378.5806274414062
1206.png,768,1867,1,0.017796169966459274,1063.4043579101562,2728.2351684570312,1112.6912841796875,2757.9032592773438
1206.png,768,1867,1,0.015958454459905624,972.0882873535156,2855.7230224609375,1005.6596984863281,2890.9473876953125
1206.png,768,1867,0,0.013221390545368195,1375.540771484375,2231.2072143554688,1416.516845703125,2252.3784790039062
1206.png,768,1867,2,0.006604909431189299,768.9138679504395,1867.2671127319336,797.1907138824463,1883.663475036621
1206.png,768,1867,0,0.006128064822405577,1507.546875,2879.4600830078125,1533.811279296875,2891.0
1206.png,768,1867,0,0.0053183333948254585,1553.1531982421875,2764.7325439453125,1564.0816650390625,2783.489990234375
1206.png,768,1867,1,0.005299757234752178,1085.5656127929688,2655.4365234375,1101.6602172851562,2677.9658203125
1206.png,768,1867,0,0.004331402946263552,1770.23291015625,2703.97802734375,1791.7012939453125,2726.99169921875
1206.png,768,1867,1,0.004150860942900181,1396.955322265625,2305.2260131835938,1426.730712890625,2349.8095092773438
1206.png,768,1867,0,0.003861701348796487,906.2532958984375,2882.728271484375,933.12744140625,2891.0
1206.png,768,1867,0,0.0036012856289744377,1512.031005859375,2154.7454223632812,1546.02392578125,2175.9949951171875
1206.png,768,1867,1,0.0034301532432436943,1237.6565551757812,2480.5013427734375,1261.4618530273438,2496.1988525390625
1206.png,768,1867,0,0.0033652062993496656,1769.0466918945312,2709.4659423828125,1790.7717895507812,2728.51708984375
1206.png,768,1867,3,0.0033176217693835497,1385.44677734375,2360.5419921875,1412.90185546875,2378.6142578125
1206.png,768,1867,0,0.0029006092809140682,1517.040771484375,2881.639404296875,1540.016357421875,2891.0
1206.png,768,1867,1,0.002401885110884905,1226.3899230957031,2687.43359375,1244.7974548339844,2722.63671875
1206.png,768,1867,1,0.002286536619067192,1512.5235595703125,2154.735137939453,1546.2230224609375,2176.046356201172
1206.png,768,1867,1,0.0022426205687224865,971.2190551757812,2877.892333984375,1005.4869384765625,2891.0
1206.png,768,1867,1,0.002241556067019701,1363.88720703125,2302.9982299804688,1394.952880859375,2347.5330810546875
1206.png,768,1867,0,0.0021680849604308605,1524.069091796875,2883.1441650390625,1544.557861328125,2891.0
1206.png,768,1867,2,0.0016860354226082563,768.807538986206,1867.1124544143677,798.7937622070312,1877.456223487854
1206.png,768,1867,0,0.0015060575678944588,910.6020965576172,2884.650634765625,934.9298553466797,2891.0
1206.png,768,1867,2,0.001141840242780745,768.0,1867.0890617370605,777.2015571594238,1894.633243560791
1206.png,768,1867,0,0.0011415107874199748,1514.424072265625,2878.1453857421875,1538.932861328125,2891.0
1206.png,768,1867,0,0.0010859929025173187,969.4257507324219,2857.2793579101562,1005.7585754394531,2890.8917846679688
1206.png,768,1867,0,0.001019223127514124,912.7251281738281,2882.739501953125,940.4920349121094,2891.0
1206.png,1536,1867,1,0.8786831498146057,2519.46826171875,2055.123016357422,2559.648681640625,2087.1214294433594
1206.png,1536,1867,1,0.7606279253959656,2520.123779296875,1991.9949798583984,2559.35791015625,2018.7317657470703
1206.png,1536,1867,1,0.382931649684906,1827.0408630371094,1985.9192123413086,1874.1016540527344,2015.1603698730469
1206.png,1536,1867,1,0.1656830757856369,2392.0142822265625,2053.5084228515625,2445.0057373046875,2082.383544921875
1206.png,1536,1867,0,0.043884504586458206,2391.8760375976562,2052.9808044433594,2447.3971557617188,2083.6665649414062
1206.png,1536,1867,0,0.03830830380320549,1553.1653060913086,2764.2935791015625,1563.3370361328125,2782.4051513671875
1206.png,1536,1867,1,0.021643102169036865,1870.4052429199219,1867.0581340789795,1895.0255432128906,1876.651985168457
1206.png,1536,1867,1,0.013461547903716564,1870.6486206054688,1867.0443668365479,1890.3901977539062,1873.6978492736816
1206.png,1536,1867,2,0.012569273822009563,1868.7998046875,1867.0230116844177,1884.2117309570312,1872.9738187789917
1206.png,1536,1867,4,0.011467861011624336,2391.2135620117188,2053.3804626464844,2447.3632202148438,2083.495147705078
1206.png,1536,1867,3,0.004293680191040039,1861.5565185546875,1867.0,1882.9512329101562,1872.835820198059
1206.png,1536,1867,1,0.003615954890847206,1884.9599609375,1872.5250549316406,1916.6541748046875,1931.577537536621
1206.png,1536,1867,1,0.0032111958134919405,1536.2209663391113,2161.8486328125,1572.0029220581055,2191.7857666015625
1206.png,1536,1867,1,0.0029312397819012403,1536.2878532409668,2152.4615173339844,1544.9934883117676,2188.690643310547
1206.png,1536,1867,1,0.0021423071157187223,1935.5450744628906,1867.0118103027344,1964.8196716308594,1877.9214000701904
1206.png,1536,1867,3,0.001834055525250733,1865.4823303222656,1867.0,1886.0477600097656,1875.3442687988281
1206.png,1536,1867,1,0.0016972300363704562,1973.6272583007812,2077.4527893066406,1995.8604736328125,2119.357696533203
1206.png,1536,1867,1,0.0016306131146848202,1678.1905822753906,1942.0696868896484,1712.5812072753906,1988.4752044677734
1206.png,1536,1867,1,0.0015118581941351295,1932.281982421875,1867.0,1962.8077392578125,1880.686058998108
1206.png,1536,1867,1,0.001318850670941174,1907.2485961914062,1867.0,1961.8910522460938,1879.605697631836
1206.png,1536,1867,0,0.0013128833379596472,2517.40185546875,2024.3349609375,2560.0,2054.0889587402344
1206.png,1536,1867,1,0.0012253164313733578,1881.3922729492188,1877.0109767913818,1906.3521118164062,1922.4037704467773
1206.png,1536,1867,1,0.0010551407467573881,1876.79296875,1868.3488974571228,1894.19287109375,1882.6291904449463
1206.png,1536,1867,1,0.0010539140785112977,1885.0191040039062,1867.7094478607178,1918.9650268554688,1883.3992824554443
1206.png,1868,1867,1,0.05477863922715187,1868.779197692871,1867.0031566619873,1894.2658386230469,1873.5428047180176
1206.png,1868,1867,1,0.045494794845581055,1869.4009408950806,1867.0643587112427,1900.443489074707,1875.3103647232056
1206.png,1868,1867,1,0.015986155718564987,1934.7513427734375,1867.0299863815308,1964.7916259765625,1878.3578538894653
1206.png,1868,1867,1,0.014251281507313251,1872.4734582901,1867.0,1895.824951171875,1875.98415184021
1206.png,1868,1867,2,0.009281591512262821,2847.8125610351562,1872.3416900634766,2875.0645141601562,1887.3246574401855
1206.png,1868,1867,1,0.00898159109055996,2846.6619262695312,1871.8990383148193,2875.6187133789062,1887.4952812194824
1206.png,1868,1867,1,0.007189699448645115,1881.3403053283691,1873.635856628418,1914.0010986328125,1930.1880950927734
1206.png,1868,1867,1,0.005272513255476952,1927.65824508667,1867.0,1963.6381378173828,1876.2918643951416
1206.png,1868,1867,2,0.004858913365751505,1869.6461944580078,1867.0,1893.803228378296,1875.4943466186523
1206.png,1868,1867,0,0.0047751315869390965,2391.4117431640625,2052.8536987304688,2447.2069091796875,2083.7141723632812
1206.png,1868,1867,1,0.004320809151977301,1868.4065980911255,1867.7649269104004,1879.1888370513916,1888.8591537475586
1206.png,1868,1867,1,0.003096808446571231,2519.116455078125,2055.6531372070312,2566.355224609375,2086.996826171875
1206.png,1868,1867,0,0.0019085821695625782,2821.654541015625,1867.1993103027344,2838.27490234375,1875.6853256225586
1206.png,1868,1867,1,0.001596843241713941,1870.690845489502,1867.69602394104,1896.3636054992676,1886.5854148864746
1206.png,1868,1867,1,0.0014828488929197192,1928.094467163086,1867.0,1960.3798522949219,1880.696120262146
1206.png,1868,1867,2,0.0013780613662675023,2848.0841674804688,1869.7060136795044,2875.2123413085938,1882.6912240982056
1206.png,1868,1867,0,0.0012379356194287539,1940.8831329345703,1867.0,1965.6102447509766,1878.0507144927979
1206.png,1868,1867,0,0.001188191818073392,1947.067398071289,1867.016212463379,1970.0186004638672,1876.316795349121
1206.png,1868,1867,1,0.0011030902387574315,1868.0639576911926,1869.008557319641,1874.7101407051086,1896.9982948303223
1211.png,0,0,2,0.7622007727622986,404.9021301269531,992.710205078125,433.1084899902344,1012.872314453125
1211.png,0,0,2,0.0536855012178421,408.7950439453125,1007.68310546875,433.0850830078125,1019.2626953125
1211.png,0,0,1,0.05314097926020622,118.99189758300781,546.347900390625,133.30393981933594,563.782958984375
1211.png,0,0,2,0.03320068493485451,413.73687744140625,1013.7451782226562,432.01873779296875,1023.8099975585938
1211.png,0,0,1,0.019595343619585037,122.77252197265625,536.1138916015625,137.56729125976562,559.6522216796875
1211.png,0,0,0,0.015757441520690918,118.22525024414062,547.05810546875,133.0582275390625,563.904541015625
1211.png,0,0,0,0.004568795673549175,521.6112060546875,503.85357666015625,538.1275634765625,525.3665161132812
1211.png,0,0,2,0.004007166717201471,406.2049560546875,1011.4830322265625,432.87054443359375,1023.3211669921875
1211.png,0,0,2,0.003708392381668091,165.40164184570312,1009.5628662109375,193.84982299804688,1022.4298095703125
1211.png,0,0,0,0.003593140048906207,138.48291015625,1018.84228515625,155.29519653320312,1024.0
1211.png,0,0,1,0.0035923903342336416,0.5513820648193359,1017.19580078125,17.010303497314453,1024.0
1211.png,0,0,1,0.0032954218331724405,0.0,1009.6689453125,7.419118404388428,1022.848876953125
1211.png,0,0,2,0.0026520981919020414,165.0981903076172,1004.2762451171875,188.7831573486328,1019.1759033203125
1211.png,0,0,0,0.002127328421920538,421.84759521484375,1015.4803466796875,447.65966796875,1024.0
1211.png,0,0,0,0.0018850842025130987,419.0173645019531,1017.203369140625,438.8343811035156,1024.0
1211.png,0,0,0,0.0017467496218159795,0.05735588073730469,1015.55078125,11.592477798461914,1024.0
1211.png,0,0,2,0.001629405072890222,163.43421936035156,1007.2197265625,189.83970642089844,1021.630126953125
1211.png,0,0,0,0.0014287818921729922,145.29200744628906,1017.92919921875,160.0638885498047,1024.0
1211.png,0,0,2,0.001368207624182105,155.9794921875,1014.8663330078125,174.32369995117188,1023.7147216796875
1211.png,0,0,1,0.0012461690930649638,1005.853271484375,492.2017822265625,1023.9208984375,506.2838134765625
1211.png,0,0,2,0.001214610761962831,173.58273315429688,1017.3284912109375,196.06204223632812,1023.88134765625
1211.png,0,0,1,0.0012094778940081596,1018.2862548828125,465.34344482421875,1024.0,482.93975830078125
1211.png,0,0,1,0.001055054715834558,0.0,1013.6685791015625,12.401407241821289,1023.6898193359375
1211.png,768,0,0,0.18665385246276855,1455.02392578125,947.5975341796875,1471.3519287109375,970.3585205078125
1211.png,768,0,0,0.12657426297664642,1314.607421875,11.336875915527344,1325.38427734375,27.198734283447266
1211.png,768,0,0,0.05482349544763565,1552.3141479492188,169.90536499023438,1560.9701538085938,186.02603149414062
1211.png,768,0,1,0.04425389692187309,1713.6181640625,783.5096435546875,1741.49853515625,795.6456298828125
1211.png,768,0,1,0.019342705607414246,1223.7125854492188,699.177734375,1311.439697265625,719.656494140625
1211.png,768,0,0,0.015814702957868576,1713.6029663085938,783.6403198242188,1741.6820678710938,795.7555541992188
1211.png,768,0,0,0.014463966712355614,1477.422119140625,932.548828125,1494.8997802734375,959.3583984375
1211.png,768,0,0,0.007427585311233997,1450.6025390625,951.8597412109375,1462.417724609375,970.5203857421875
1211.png,768,0,0,0.007315007504075766,1775.2655029296875,665.7612915039062,1786.7449951171875,681.3023071289062
1211.png,768,0,0,0.005753477569669485,1326.2733154296875,9.521368026733398,1335.8450927734375,21.51808738708496
1211.png,768,0,0,0.003576769260689616,1152.8507690429688,1009.7249755859375,1174.6842651367188,1024.0
1211.png,768,0,0,0.002802385715767741,1775.3310546875,101.74913024902344,1789.38623046875,111.34947204589844
1211.png,768,0,0,0.0019399832235649228,1310.59375,958.0300903320312,1331.334228515625,972.0814819335938
1211.png,768,0,0,0.0019149911822751164,1785.1695556640625,663.125,1791.2957763671875,679.51513671875
1211.png,768,0,0,0.0018456357065588236,1784.2705078125,782.0191650390625,1792.0,799.9666748046875
1211.png,768,0,0,0.0015053636161610484,1786.552978515625,775.390869140625,1792.0,794.92578125
1211.png,768,0,0,0.0012408550828695297,1115.1067810058594,425.2495422363281,1136.8462829589844,441.3979797363281
1211.png,768,0,0,0.0010900446213781834,1553.5147705078125,169.14601135253906,1564.2445068359375,185.16249084472656
1211.png,1536,0,0,0.19131676852703094,2122.02587890625,630.4476318359375,2135.350830078125,647.1636962890625
1211.png,1536,0,0,0.11688947677612305,2241.125244140625,451.87664794921875,2256.2840576171875,471.38323974609375
1211.png,1536,0,0,0.05178188905119896,1842.8974609375,177.04478454589844,1857.1318359375,196.1453399658203
1211.png,1536,0,0,0.04578787833452225,2501.0502319335938,464.4306640625,2522.2919311523438,477.1204833984375
1211.png,1536,0,0,0.04328879341483116,1771.4362182617188,15.945188522338867,1782.6170654296875,30.854528427124023
1211.png,1536,0,1,0.03431050106883049,1713.3147888183594,783.5975952148438,1741.4587097167969,796.1139526367188
1211.png,1536,0,0,0.02679087035357952,2547.5127563476562,864.39599609375,2559.3269653320312,876.2685546875
1211.png,1536,0,0,0.02398998849093914,1552.3732280731201,169.3302001953125,1561.3402271270752,185.85284423828125
1211.png,1536,0,0,0.023358294740319252,1756.9247131347656,34.695167541503906,1771.5567932128906,53.117462158203125
1211.png,1536,0,0,0.020224809646606445,2337.5849609375,395.198974609375,2347.1295166015625,406.97705078125
1211.png,1536,0,0,0.01430087722837925,1960.2845458984375,168.8836669921875,1981.074462890625,180.07553100585938
1211.png,1536,0,0,0.010033424943685532,2550.6685791015625,349.59112548828125,2560.0,376.99127197265625
1211.png,1536,0,0,0.009892103262245655,1547.534538269043,1017.4063720703125,1582.9786376953125,1024.0
1211.png,1536,0,0,0.009641289710998535,1713.3858337402344,783.6412353515625,1741.7486267089844,795.7623291015625
1211.png,1536,0,4,0.005127113312482834,2126.656982421875,95.14549255371094,2152.8564453125,108.27059936523438
1211.png,1536,0,0,0.004430459812283516,2551.305908203125,341.6112976074219,2560.0,354.0280456542969
1211.png,1536,0,0,0.0035783976782113314,1913.0852661132812,11.696407318115234,1935.3152465820312,23.018287658691406
1211.png,1536,0,0,0.003575221635401249,2553.5172119140625,849.736083984375,2560.0,867.850341796875
1211.png,1536,0,0,0.003395464736968279,2554.2877197265625,848.303466796875,2560.0,861.842529296875
1211.png,1536,0,0,0.0032868217676877975,1561.1274852752686,1017.547119140625,1586.0882263183594,1024.0
1211.png,1536,0,1,0.003088009310886264,2547.645751953125,348.064208984375,2560.0,376.57421875
1211.png,1536,0,2,0.002715625800192356,1595.3869018554688,1011.5777587890625,1625.9882202148438,1023.7655029296875
1211.png,1536,0,0,0.0013612261973321438,1758.3225402832031,33.49304962158203,1772.3155822753906,49.418800354003906
1211.png,1536,0,0,0.0013341003796085715,2539.5673828125,970.2943725585938,2559.3555908203125,982.1790161132812
1211.png,1536,0,0,0.001332487678155303,1547.722858428955,1011.9107666015625,1582.0408515930176,1024.0
1211.png,1536,0,0,0.0012980557512491941,2552.7322998046875,336.1932373046875,2560.0,352.5313720703125
1211.png,1536,0,0,0.0012200867058709264,2547.7120361328125,355.55218505859375,2560.0,377.34320068359375
1211.png,1536,0,0,0.0011802056105807424,2553.2880859375,368.1986083984375,2560.0,385.46710205078125
1211.png,1869,0,0,0.5449082851409912,2748.7779541015625,227.8524169921875,2764.31689453125,239.67742919921875
1211.png,1869,0,0,0.2662944793701172,1960.6827697753906,169.27731323242188,1980.9424896240234,179.17947387695312
1211.png,1869,0,0,0.2411426454782486,2773.5892944335938,243.52066040039062,2784.9537963867188,256.6047058105469
1211.png,1869,0,0,0.06237458437681198,2122.1903381347656,630.4427490234375,2136.4010314941406,647.3990478515625
1211.png,1869,0,0,0.054324034601449966,2064.51171875,48.46031188964844,2072.8382873535156,57.71086883544922
1211.png,1869,0,1,0.03658958896994591,1869.7599618434906,705.8531494140625,1876.9367198944092,730.1263427734375
1211.png,1869,0,0,0.024315422400832176,1879.3196926116943,684.3702392578125,1885.721851348877,696.7222900390625
1211.png,1869,0,1,0.01898477040231228,1870.4725017547607,705.9261474609375,1882.1285877227783,731.2984619140625
1211.png,1869,0,0,0.016471659764647484,1875.8771438598633,622.1692504882812,1887.237892150879,638.6906127929688
1211.png,1869,0,1,0.010028429329395294,1869.0855717658997,688.6285400390625,1874.8657574653625,716.7645263671875
1211.png,1869,0,0,0.009554772637784481,2884.0008544921875,273.40386962890625,2893.0,290.33843994140625
1211.png,1869,0,0,0.008231144398450851,2882.799560546875,274.85394287109375,2893.0,293.20330810546875
1211.png,1869,0,0,0.007198427803814411,2883.7652587890625,301.0584716796875,2892.9207763671875,313.392578125
1211.png,1869,0,1,0.00639431644231081,2885.09814453125,271.52459716796875,2893.0,288.03436279296875
1211.png,1869,0,1,0.004972134716808796,2885.2872314453125,307.6832275390625,2893.0,337.427001953125
1211.png,1869,0,0,0.004515464883297682,2885.1292724609375,293.24627685546875,2893.0,312.31854248046875
1211.png,1869,0,0,0.00445416709408164,2886.3680419921875,278.15826416015625,2893.0,303.12237548828125
1211.png,1869,0,1,0.003542687278240919,2734.5712280273438,260.6551208496094,2746.2616577148438,276.8830261230469
1211.png,1869,0,1,0.0029123416170477867,2886.810302734375,256.77520751953125,2893.0,278.67633056640625
1211.png,1869,0,0,0.0028987564146518707,1870.314151763916,706.277587890625,1881.3181610107422,731.3604736328125
1211.png,1869,0,0,0.0026451274752616882,2790.60107421875,41.441307067871094,2800.134033203125,55.59937286376953
1211.png,1869,0,4,0.0026281869504600763,2128.595184326172,95.47020721435547,2150.8096618652344,108.21417999267578
1211.png,1869,0,1,0.002612887416034937,2875.4827270507812,308.14599609375,2892.7705688476562,337.308349609375
1211.png,1869,0,0,0.002590467920526862,1912.871971130371,12.857644081115723,1935.0127410888672,22.49744415283203
1211.png,1869,0,0,0.002414216287434101,2127.9999084472656,629.8798217773438,2139.1986389160156,646.4971313476562
1211.png,1869,0,1,0.0018971603130921721,2466.572509765625,347.9119567871094,2484.439453125,358.9211120605469
1211.png,1869,0,0,0.0016954907914623618,1872.6711597442627,621.99755859375,1884.877353668213,638.780517578125
1211.png,1869,0,0,0.0016297943657264113,1869.0,683.81396484375,1874.5077295303345,697.468505859375
1211.png,1869,0,0,0.0016250460175797343,2795.7960815429688,37.832061767578125,2808.0344848632812,49.68467712402344
1211.png,1869,0,0,0.001619003713130951,2883.220703125,285.789306640625,2893.0,310.53082275390625
1211.png,1869,0,0,0.0015984397614374757,1869.0427265167236,678.1058349609375,1874.3318405151367,693.5323486328125
1211.png,1869,0,1,0.001470937393605709,2876.442138671875,312.60906982421875,2893.0,343.29022216796875
1211.png,1869,0,0,0.0013644711580127478,2239.5321044921875,734.740966796875,2247.800048828125,749.4334716796875
1211.png,1869,0,0,0.0012589918915182352,1872.0713005065918,621.8734130859375,1881.2872037887573,640.1331787109375
1211.png,1869,0,0,0.001250258763320744,2879.2967529296875,274.03594970703125,2892.3223876953125,287.5533447265625
1211.png,1869,0,0,0.001216184115037322,2879.8702392578125,303.3904724121094,2892.46728515625,313.5677795410156
1211.png,1869,0,3,0.001101272297091782,2511.5435791015625,258.588134765625,2522.6368408203125,278.77789306640625
1211.png,1869,0,1,0.0010342415189370513,1869.034230709076,660.8911743164062,1874.6747336387634,684.9818725585938
1211.png,0,768,0,0.049169473350048065,916.3392944335938,997.0494384765625,936.9323120117188,1023.2971801757812
1211.png,0,768,2,0.041143253445625305,404.08538818359375,992.8376159667969,433.13677978515625,1013.1891174316406
1211.png,0,768,0,0.03151928633451462,494.89703369140625,1761.2562255859375,506.34283447265625,1769.9442138671875
1211.png,0,768,1,0.014267012476921082,1014.7225341796875,1199.50732421875,1024.0,1248.3515625
1211.png,0,768,0,0.0062150838784873486,0.08861684799194336,1016.3078308105469,6.725508689880371,1031.0036926269531
1211.png,0,768,0,0.00524772796779871,0.0,1010.5048217773438,5.678672790527344,1023.8902282714844
1211.png,0,768,1,0.0046753366477787495,1012.5911865234375,1197.5314025878906,1024.0,1258.0130920410156
1211.png,0,768,2,0.003823314094915986,406.934814453125,999.2221984863281,432.2874755859375,1015.7974548339844
1211.png,0,768,1,0.0030129016377031803,862.451904296875,1047.6346435546875,888.0201416015625,1078.156005859375
1211.png,0,768,0,0.0013077460462227464,708.0931396484375,768.6670522689819,718.0390625,777.7934722900391
1211.png,0,768,0,0.001277794362977147,1017.49462890625,1022.7508544921875,1023.8323974609375,1033.1339111328125
1211.png,0,768,0,0.00107862101867795,0.0,1018.4710083007812,9.351547241210938,1033.9998779296875
1211.png,768,768,0,0.24468964338302612,1455.0091552734375,947.5560913085938,1471.5106201171875,970.3778076171875
1211.png,768,768,1,0.1033206433057785,1712.1435546875,783.8905210494995,1741.157958984375,795.399356842041
1211.png,768,768,0,0.06304685026407242,1711.953125,783.9834079742432,1741.330810546875,795.489236831665
1211.png,768,768,0,0.061869505792856216,916.2141723632812,996.847412109375,937.3156127929688,1023.5595092773438
1211.png,768,768,0,0.048431091010570526,1782.4788818359375,784.9858779907227,1792.0,802.0744667053223
1211.png,768,768,0,0.023776067420840263,1783.8321533203125,782.8445768356323,1792.0,799.6576728820801
1211.png,768,768,1,0.019449079409241676,1786.4403076171875,776.631513595581,1792.0,795.1096515655518
1211.png,768,768,0,0.01762222871184349,1244.7928161621094,1132.2989501953125,1256.1553649902344,1148.5968017578125
1211.png,768,768,0,0.012729448266327381,1477.4448852539062,932.4695129394531,1494.8988647460938,959.2357788085938
1211.png,768,768,0,0.009376308880746365,1271.2684631347656,1191.6417236328125,1290.4727783203125,1204.1432495117188
1211.png,768,768,1,0.00768493115901947,1227.0719604492188,768.0,1315.0064086914062,777.698371887207
1211.png,768,768,0,0.007426390424370766,1450.38232421875,951.6629028320312,1462.4765625,970.5076293945312
1211.png,768,768,1,0.0071394662372767925,1705.7628784179688,770.986795425415,1729.8624877929688,779.7219715118408
1211.png,768,768,0,0.005879131145775318,1784.076904296875,787.3034782409668,1792.0,806.2847938537598
1211.png,768,768,0,0.00466987444087863,1447.3109130859375,948.9690856933594,1461.6416015625,969.4615173339844
1211.png,768,768,0,0.0041179899126291275,1310.316650390625,956.5810546875,1331.976806640625,971.4996948242188
1211.png,768,768,1,0.004066839348524809,1624.7451171875,1538.4600219726562,1639.674072265625,1568.3191528320312
1211.png,768,768,1,0.003055571811273694,1786.5198974609375,769.5040292739868,1792.0,777.53737449646
1211.png,768,768,1,0.0021206995006650686,1707.8833618164062,770.7781674861908,1731.3858032226562,777.0574035644531
1211.png,768,768,0,0.00195420254021883,1287.061767578125,1109.6231079101562,1294.22705078125,1122.5026245117188
1211.png,768,768,1,0.0018529394874349236,1785.5595703125,791.1807899475098,1792.0,817.546573638916
1211.png,768,768,1,0.001579549629241228,1238.5450439453125,768.130457162857,1314.6742553710938,776.114574432373
1211.png,768,768,0,0.0014033288462087512,1709.9744262695312,776.3129367828369,1734.0358276367188,784.6873226165771
1211.png,768,768,0,0.0013408451341092587,1343.4490356445312,1019.5805969238281,1363.8866577148438,1045.7071228027344
1211.png,768,768,0,0.0012910289224237204,768.0,768.1967487335205,801.2136497497559,777.0885925292969
1211.png,768,768,1,0.0012731204042211175,862.0273056030273,1047.4555053710938,888.0688247680664,1078.0827026367188
1211.png,768,768,1,0.0012090494856238365,1700.24267578125,769.8792009353638,1729.983154296875,778.2111167907715
1211.png,768,768,0,0.0010573856998234987,1451.5454711914062,954.5924987792969,1465.6879272460938,972.0980834960938
1211.png,1536,768,0,0.28331270813941956,1557.9583721160889,1017.8017578125,1582.3983154296875,1034.0208740234375
1211.png,1536,768,1,0.11357133835554123,1712.0120544433594,783.8184299468994,1741.2016906738281,795.1900119781494
1211.png,1536,768,0,0.06957865506410599,2547.2149047851562,864.500244140625,2559.1266479492188,875.7334899902344
1211.png,1536,768,0,0.06802242994308472,1711.8851776123047,783.9545526504517,1741.3932342529297,795.3031692504883
1211.png,1536,768,1,0.02225460112094879,1541.867992401123,1576.7108764648438,1582.215015411377,1588.1366577148438
1211.png,1536,768,0,0.019005754962563515,1536.0492420196533,1052.4239807128906,1541.6272940635681,1066.7227478027344
1211.png,1536,768,1,0.016367275267839432,1624.0183410644531,1537.9515380859375,1639.850570678711,1568.6136474609375
1211.png,1536,768,0,0.009878129698336124,1536.0,1054.2374267578125,1541.24241065979,1074.7935180664062
1211.png,1536,768,0,0.00793114397674799,2554.3656005859375,848.6232147216797,2560.0,860.7602996826172
1211.png,1536,768,1,0.005542529281228781,2531.8660888671875,1043.2368774414062,2560.0,1057.2670288085938
1211.png,1536,768,1,0.0049358815886080265,1705.7527770996094,770.9657039642334,1729.8218688964844,779.7156887054443
1211.png,1536,768,0,0.004580427426844835,2535.4217529296875,969.0234222412109,2559.4234619140625,981.9833831787109
1211.png,1536,768,0,0.004577035084366798,2552.1229248046875,1369.4832763671875,2560.0,1380.8668212890625
1211.png,1536,768,0,0.004066080320626497,2529.0968017578125,970.9370422363281,2558.9444580078125,983.3412170410156
1211.png,1536,768,0,0.003979492466896772,2553.663330078125,849.7867126464844,2560.0,865.9520874023438
1211.png,1536,768,0,0.0033707893453538418,1536.056381702423,1047.3509521484375,1541.6706476211548,1064.3179931640625
1211.png,1536,768,1,0.0030651618726551533,1536.0,1058.674072265625,1541.4762029647827,1088.20556640625
1211.png,1536,768,1,0.002458388451486826,2032.2031860351562,1150.9767761230469,2043.2955932617188,1169.9731750488281
1211.png,1536,768,1,0.0023576836101710796,1551.1086883544922,1332.187255859375,1595.5291748046875,1363.88818359375
1211.png,1536,768,1,0.0016208189772441983,2528.6094360351562,972.6733856201172,2558.3009643554688,984.4990692138672
1211.png,1536,768,3,0.0015323588158935308,2197.3143310546875,768.0,2235.0667724609375,773.0156764984131
1211.png,1536,768,0,0.001495703705586493,2526.88232421875,979.3130798339844,2552.4580078125,989.3876037597656
1211.png,1536,768,1,0.0013496971223503351,2033.7918701171875,1152.1192626953125,2045.48046875,1169.720703125
1211.png,1536,768,3,0.0012811175547540188,2207.926513671875,768.0,2240.4423828125,772.6476640701294
1211.png,1536,768,0,0.00122289068531245,1710.1075439453125,777.0608367919922,1734.8868408203125,785.3423042297363
1211.png,1536,768,1,0.0012189035769551992,1707.9216918945312,770.7580680847168,1731.471923828125,777.2359600067139
1211.png,1536,768,0,0.001112157478928566,2551.0784912109375,849.9025573730469,2560.0,863.7825012207031
1211.png,1536,768,0,0.0010889314580708742,2527.640869140625,975.0110168457031,2554.9017333984375,985.3844299316406
1211.png,1536,768,0,0.0010013011051341891,2553.7608642578125,904.9259643554688,2560.0,913.6866455078125
1211.png,1869,768,1,0.06133607402443886,2032.3711242675781,1151.1738891601562,2043.3870239257812,1169.8788452148438
1211.png,1869,768,0,0.037779975682497025,2831.226318359375,1256.071533203125,2845.912841796875,1266.8966674804688
1211.png,1869,768,0,0.02159869112074375,2834.2299194335938,1251.36279296875,2848.9343872070312,1263.2945556640625
1211.png,1869,768,0,0.004483835306018591,2839.068359375,1254.765625,2852.1962890625,1264.3433837890625
1211.png,1869,768,0,0.0037873622495681047,2841.960693359375,1251.097900390625,2852.82177734375,1260.7136840820312
1211.png,1869,768,0,0.0030729977879673243,2884.383544921875,768.0,2892.77197265625,773.8284573554993
1211.png,1869,768,0,0.0029542529955506325,2829.843017578125,1257.2727661132812,2842.51416015625,1268.7847290039062
1211.png,1869,768,0,0.0024279681965708733,2879.0904541015625,768.0,2892.5875244140625,773.3216137886047
1211.png,1869,768,0,0.0020565318409353495,2830.787109375,1250.3270263671875,2844.0460205078125,1263.6680908203125
1211.png,1869,768,0,0.0019797696731984615,2882.4002685546875,768.0,2893.0,776.5546493530273
1211.png,1869,768,0,0.0017568315379321575,1911.27734375,768.0,1932.0499267578125,772.2070369720459
1211.png,1869,768,0,0.0014965094160288572,1915.2129287719727,768.0,1935.3498611450195,772.2046494483948
1211.png,1869,768,3,0.0013970948057249188,2712.3236083984375,1336.2085571289062,2723.4100341796875,1345.8419799804688
1211.png,1869,768,1,0.0013854020508006215,2087.4954681396484,1233.6913452148438,2113.828598022461,1253.3198852539062
1211.png,1869,768,1,0.001307348138652742,2553.845703125,849.7588653564453,2584.14892578125,860.3415679931641
1211.png,1869,768,4,0.0012210429413244128,2201.8785400390625,768.0,2235.70166015625,772.8152284622192
1211.png,0,1536,0,0.07251538336277008,600.7913818359375,1536.1857643127441,612.3448486328125,1542.2871370315552
1211.png,0,1536,1,0.01674981415271759,753.3731689453125,1943.7834777832031,791.80615234375,1961.3177795410156
1211.png,0,1536,1,0.014703557826578617,754.505859375,1951.5743713378906,792.9822998046875,1973.0850524902344
1211.png,0,1536,0,0.013740763068199158,645.5509033203125,1536.3133554458618,660.0965576171875,1544.8872594833374
1211.png,0,1536,0,0.013735323213040829,947.0060424804688,2144.2398681640625,996.2333374023438,2169.947998046875
1211.png,0,1536,1,0.011066068895161152,896.4036865234375,2214.3818359375,915.4442138671875,2245.3895263671875
1211.png,0,1536,0,0.008706341497600079,537.533935546875,1537.7956295013428,558.06982421875,1558.8158588409424
1211.png,0,1536,4,0.006580563262104988,49.40959930419922,2269.4754638671875,60.83445739746094,2286.33642578125
1211.png,0,1536,0,0.005700521171092987,647.052978515625,1536.1867370605469,666.3662109375,1544.7393112182617
1211.png,0,1536,0,0.005605632904917002,642.8245849609375,1536.4333686828613,655.176025390625,1544.8242740631104
1211.png,0,1536,0,0.0053891586139798164,590.69677734375,1536.0427904129028,605.074951171875,1544.3260078430176
1211.png,0,1536,1,0.004930214956402779,667.69677734375,2345.89208984375,687.7933349609375,2372.7198486328125
1211.png,0,1536,3,0.00488605722784996,333.1291198730469,2267.569580078125,341.7345275878906,2278.205322265625
1211.png,0,1536,0,0.003327424405142665,747.4774169921875,2553.5482177734375,760.073486328125,2560.0
1211.png,0,1536,0,0.0032181725837290287,594.1701049804688,1536.0,607.5653686523438,1544.4205417633057
1211.png,0,1536,3,0.0021998409647494555,0.08191585540771484,2293.6700439453125,9.666688919067383,2309.6727294921875
1211.png,0,1536,0,0.002004033187404275,945.3004150390625,2155.7684936523438,999.34716796875,2173.5516967773438
1211.png,0,1536,0,0.0018741764361038804,904.5067138671875,2301.9564819335938,939.41650390625,2324.6498413085938
1211.png,0,1536,3,0.0016050609992817044,0.0,2283.6124267578125,8.14634895324707,2306.2291259765625
1211.png,0,1536,1,0.0012268071295693517,142.16024780273438,2555.1392822265625,156.98599243164062,2559.75244140625
1211.png,0,1536,4,0.00118642405141145,56.394264221191406,2266.9895629882812,68.2833480834961,2283.0138549804688
1211.png,0,1536,4,0.001036746776662767,51.99413299560547,2268.4482421875,63.03168487548828,2285.046142578125
1211.png,768,1536,1,0.7723848819732666,768.0795764923096,1952.4513854980469,792.6706962585449,1975.0188293457031
1211.png,768,1536,1,0.7283734083175659,1092.7812194824219,2016.9464416503906,1129.3534851074219,2028.3952331542969
1211.png,768,1536,0,0.6171454191207886,1766.059326171875,1993.5814819335938,1775.857177734375,2008.7221069335938
1211.png,768,1536,0,0.5994219183921814,1747.0433349609375,2002.4125366210938,1762.8145751953125,2010.5985717773438
1211.png,768,1536,0,0.5984758138656616,1067.1275939941406,1916.5333251953125,1101.2891540527344,1931.09619140625
1211.png,768,1536,1,0.5751499533653259,768.0,1941.5964965820312,790.5006504058838,1958.6323852539062
1211.png,768,1536,1,0.5009713172912598,1067.0355834960938,1917.13427734375,1101.3690795898438,1930.890380859375
1211.png,768,1536,1,0.17387962341308594,768.2123680114746,1943.3744201660156,791.5589580535889,1966.8457336425781
1211.png,768,1536,0,0.15933910012245178,1747.7919921875,2002.8965454101562,1764.957275390625,2012.5441284179688
1211.png,768,1536,0,0.14951233565807343,1779.3041381835938,2006.94287109375,1790.1807250976562,2017.217529296875
1211.png,768,1536,1,0.11743774265050888,1623.3153076171875,1538.661678314209,1639.5006103515625,1569.2351379394531
1211.png,768,1536,0,0.09681672602891922,1567.3673095703125,2267.7738037109375,1584.1978759765625,2282.194580078125
1211.png,768,1536,4,0.04169893264770508,1168.17626953125,1886.1116943359375,1192.739990234375,1941.9976806640625
1211.png,768,1536,1,0.03256083279848099,1169.3423156738281,1885.3626708984375,1193.1189880371094,1939.6370849609375
1211.png,768,1536,0,0.02908468246459961,1666.8514404296875,1536.0950231552124,1679.3375244140625,1544.2367267608643
1211.png,768,1536,0,0.02472536265850067,946.7386474609375,2144.3131103515625,996.0111694335938,2170.246337890625
1211.png,768,1536,0,0.02036997117102146,1168.0780029296875,1886.95556640625,1191.3721313476562,1942.3902587890625
1211.png,768,1536,0,0.01983563043177128,1776.7098388671875,1996.1229858398438,1786.2528076171875,2011.1051635742188
1211.png,768,1536,3,0.014671744778752327,1256.9345092773438,2024.4998779296875,1308.8038940429688,2036.602294921875
1211.png,768,1536,0,0.012633012607693672,1749.590087890625,2014.7305297851562,1774.3211669921875,2025.9514770507812
1211.png,768,1536,0,0.010380003601312637,1751.2771606445312,2008.0999755859375,1770.7931518554688,2016.918701171875
1211.png,768,1536,0,0.00944078341126442,1764.7047119140625,2008.845458984375,1774.5872802734375,2018.0205078125
1211.png,768,1536,0,0.0092303566634655,1755.46484375,2017.2630310058594,1775.065673828125,2027.0005798339844
1211.png,768,1536,1,0.00838745478540659,768.058895111084,1939.4707336425781,784.7720375061035,1957.3840026855469
1211.png,768,1536,0,0.007850991562008858,1622.9638061523438,1536.2676544189453,1640.0529174804688,1544.0024337768555
1211.png,768,1536,0,0.007387501187622547,1783.3251953125,1996.5316772460938,1791.23681640625,2014.879638671875
1211.png,768,1536,1,0.00604395754635334,949.3848876953125,2158.170654296875,1002.8565673828125,2185.95947265625
1211.png,768,1536,1,0.0041887289844453335,938.8117065429688,2115.6487426757812,954.2550048828125,2139.2948608398438
1211.png,768,1536,4,0.004006919451057911,1202.3166809082031,1888.357666015625,1214.5061340332031,1938.3782958984375
1211.png,768,1536,4,0.003958459477871656,1257.7197265625,2023.8857727050781,1308.8702392578125,2036.9502258300781
1211.png,768,1536,0,0.0032297188881784678,1786.4080810546875,2009.8974609375,1792.0,2026.003662109375
1211.png,768,1536,0,0.003190194256603718,1620.6778564453125,1536.4040298461914,1640.0364990234375,1548.0663108825684
1211.png,768,1536,1,0.0030620526522397995,946.8447875976562,2143.2742309570312,996.4249572753906,2171.5698852539062
1211.png,768,1536,0,0.0026389441918581724,945.5130004882812,2155.3651123046875,999.0331115722656,2173.51416015625
1211.png,768,1536,0,0.0023700399324297905,1785.461181640625,2222.7682495117188,1792.0,2255.6257934570312
1211.png,768,1536,0,0.002261865185573697,1776.948974609375,2010.4865112304688,1789.4852294921875,2021.2348022460938
1211.png,768,1536,0,0.0019050755072385073,1751.44287109375,2016.4441223144531,1775.5740966796875,2028.0325622558594
1211.png,768,1536,0,0.0017043777042999864,1194.0315551757812,1889.5054321289062,1204.5214233398438,1937.772216796875
1211.png,768,1536,0,0.0015796489315107465,1775.8760375976562,1994.6559143066406,1782.7517700195312,2008.6282043457031
1211.png,768,1536,1,0.001381796901114285,768.0,1921.1591491699219,775.7664413452148,1946.5426940917969
1211.png,768,1536,0,0.0012598129687830806,1164.8000793457031,1886.8612670898438,1181.9629821777344,1944.2205200195312
1211.png,768,1536,0,0.0011974319349974394,946.0559692382812,2149.5043334960938,999.6012573242188,2175.7297973632812
1211.png,768,1536,0,0.0011418162612244487,1786.2105102539062,1992.6617431640625,1791.6203002929688,2010.4358520507812
1211.png,768,1536,0,0.001045902376063168,1656.2852783203125,1536.1102151870728,1672.8924560546875,1542.395908355713
1211.png,1536,1536,0,0.4461096227169037,1804.5401000976562,1998.0589294433594,1813.011474609375,2016.1240539550781
1211.png,1536,1536,0,0.3426561653614044,1766.1836547851562,1993.2186279296875,1775.5709228515625,2008.2581176757812
1211.png,1536,1536,0,0.3318769633769989,1746.8786010742188,2002.0518798828125,1762.586181640625,2010.496826171875
1211.png,1536,1536,1,0.274322509765625,1623.4665832519531,1538.7223062515259,1639.2997741699219,1569.3953552246094
1211.png,1536,1536,0,0.20850327610969543,1567.1829147338867,2267.93310546875,1583.8111572265625,2281.446044921875
1211.png,1536,1536,1,0.2083667814731598,2449.9273681640625,2500.2802124023438,2460.551025390625,2519.1370239257812
1211.png,1536,1536,0,0.19313815236091614,1804.7394409179688,1998.3880004882812,1816.0613403320312,2016.7615356445312
1211.png,1536,1536,0,0.04336278885602951,1747.8027801513672,2003.3152465820312,1765.0967254638672,2012.5513305664062
1211.png,1536,1536,0,0.03720012679696083,1763.875717163086,1994.4942016601562,1775.198745727539,2009.0667114257812
1211.png,1536,1536,1,0.02667723409831524,2424.4259033203125,2369.7402954101562,2438.6202392578125,2403.1832885742188
1211.png,1536,1536,0,0.021573381498456,1799.01220703125,2000.86083984375,1806.642333984375,2017.155029296875
1211.png,1536,1536,0,0.01736452989280224,1666.8529663085938,1536.0583972930908,1679.118896484375,1544.1083030700684
1211.png,1536,1536,0,0.007472535129636526,1939.5405883789062,2200.6326904296875,1957.4296875,2207.1510009765625
1211.png,1536,1536,0,0.0055959345772862434,2314.0616455078125,2014.7677001953125,2349.9759521484375,2033.763427734375
1211.png,1536,1536,0,0.005450011231005192,1794.939453125,1998.5859375,1804.0394287109375,2016.2929077148438
1211.png,1536,1536,1,0.005181983578950167,1620.470947265625,1536.4526119232178,1639.8107604980469,1561.6534633636475
1211.png,1536,1536,1,0.004923631902784109,1623.0202178955078,1536.3302125930786,1639.9330444335938,1551.4200048446655
1211.png,1536,1536,0,0.0045374538749456406,1750.9320068359375,2008.9966735839844,1771.025634765625,2017.4267883300781
1211.png,1536,1536,2,0.0036500354763120413,2196.1138916015625,2504.9814453125,2232.5433349609375,2517.028076171875
1211.png,1536,1536,4,0.0030841657426208258,1536.0,1888.2481079101562,1555.9726486206055,1902.0363159179688
1211.png,1536,1536,0,0.0029396244790405035,1808.2960205078125,2018.8522644042969,1817.098876953125,2029.9341735839844
1211.png,1536,1536,0,0.0025031655095517635,1536.0,2122.4476318359375,1541.2660675048828,2140.3953857421875
1211.png,1536,1536,2,0.0024980155285447836,1938.224853515625,2195.935791015625,1957.9141845703125,2204.39697265625
1211.png,1536,1536,0,0.002244206378236413,1939.0584106445312,2198.4262084960938,1957.2734985351562,2205.7615356445312
1211.png,1536,1536,0,0.002026196103543043,2424.8070068359375,2369.0950317382812,2438.8643798828125,2402.6235961914062
1211.png,1536,1536,0,0.001943371957167983,1763.6249542236328,2008.5579833984375,1774.281723022461,2017.6434326171875
1211.png,1536,1536,3,0.0018851273925974965,1536.0,1873.1411437988281,1547.2944383621216,1881.8277893066406
1211.png,1536,1536,0,0.0018569778185337782,1751.6494903564453,2016.5951538085938,1774.4889678955078,2026.7306518554688
1211.png,1536,1536,0,0.0015789428725838661,1777.8789825439453,2002.84423828125,1788.1681060791016,2014.4359130859375
1211.png,1536,1536,0,0.001561406534165144,1749.6488800048828,2014.5311889648438,1773.9514617919922,2025.7066650390625
1211.png,1536,1536,2,0.0010958366328850389,1939.9457702636719,2198.0845336914062,1960.1795349121094,2205.5553588867188
1211.png,1536,1536,3,0.001038622111082077,1536.1453161239624,1868.9893188476562,1544.0586853027344,1879.0253295898438
1211.png,1869,1536,1,0.3519781529903412,2425.0889892578125,2370.6214599609375,2438.409912109375,2403.0775146484375
1211.png,1869,1536,2,0.05186314508318901,2875.2037353515625,2138.2530517578125,2892.8968505859375,2161.6190185546875
1211.png,1869,1536,2,0.04278624802827835,2877.0241088867188,2154.03173828125,2892.2734985351562,2173.912109375
1211.png,1869,1536,1,0.041274406015872955,2875.026611328125,2139.040771484375,2892.94970703125,2169.060302734375
1211.png,1869,1536,1,0.03504634648561478,2449.7772216796875,2500.519775390625,2460.8260498046875,2519.095458984375
1211.png,1869,1536,2,0.03145812079310417,2838.3388671875,2154.0626831054688,2889.516845703125,2172.5621948242188
1211.png,1869,1536,1,0.025835268199443817,2871.9576416015625,2147.510498046875,2892.2733154296875,2172.76708984375
1211.png,1869,1536,1,0.017088336870074272,2874.6346435546875,2150.9580078125,2892.5919189453125,2176.11572265625
1211.png,1869,1536,1,0.005776714999228716,2839.8976440429688,2153.3273315429688,2891.3276977539062,2172.9226684570312
1211.png,1869,1536,1,0.004807830788195133,2431.100341796875,2400.8369750976562,2444.350830078125,2432.6793823242188
1211.png,1869,1536,1,0.0037494422867894173,2859.6885986328125,2152.2324829101562,2892.3807373046875,2174.2987670898438
1211.png,1869,1536,1,0.0032496992498636246,2875.201416015625,2153.12548828125,2892.746337890625,2186.75146484375
1211.png,1869,1536,1,0.002480631461367011,2427.7388916015625,2397.740966796875,2442.43603515625,2433.71337890625
1211.png,1869,1536,0,0.002407449996098876,2195.9110107421875,2505.343505859375,2230.7213134765625,2516.399658203125
1211.png,1869,1536,0,0.0016858709277585149,2876.029541015625,2136.0098876953125,2893.0,2155.8853759765625
1211.png,1869,1536,0,0.0013572985772043467,2194.6331481933594,2506.9970703125,2217.140838623047,2517.06982421875
1211.png,1869,1536,1,0.0012810364132747054,2439.0794067382812,2437.5299682617188,2450.5531616210938,2463.0432739257812
1211.png,0,1868,0,0.6992095112800598,825.767822265625,2819.2477416992188,851.56640625,2837.2598266601562
1211.png,0,1868,0,0.567333459854126,649.31787109375,2861.28515625,682.8056640625,2877.0517578125
1211.png,0,1868,0,0.28426507115364075,644.16455078125,2847.2548828125,681.09814453125,2863.68603515625
1211.png,0,1868,4,0.24665261805057526,763.5460205078125,2879.902099609375,797.3797607421875,2892.0
1211.png,0,1868,0,0.12401674687862396,645.3836669921875,2857.364990234375,682.6744384765625,2873.115478515625
1211.png,0,1868,0,0.09508483111858368,650.430419921875,2863.343994140625,685.37158203125,2880.581298828125
1211.png,0,1868,0,0.08901219815015793,662.4876708984375,2870.5437622070312,689.0501708984375,2885.9262084960938
1211.png,0,1868,0,0.08707081526517868,645.5198974609375,2844.05810546875,681.0679931640625,2861.185791015625
1211.png,0,1868,0,0.08371999114751816,660.8834228515625,2877.1071166992188,691.6422119140625,2891.6144409179688
1211.png,0,1868,0,0.07926682382822037,18.706283569335938,1868.1643104553223,29.248371124267578,1880.381079673767
1211.png,0,1868,1,0.07570625841617584,753.5916748046875,1951.7615661621094,792.5509033203125,1973.3086242675781
1211.png,0,1868,0,0.06105880066752434,837.976318359375,2800.7764892578125,854.4813232421875,2808.6575927734375
1211.png,0,1868,1,0.05636025592684746,856.0548095703125,2712.3004150390625,879.3719482421875,2755.9837646484375
1211.png,0,1868,0,0.050165556371212006,662.5557861328125,2882.75927734375,692.85791015625,2891.776123046875
1211.png,0,1868,1,0.041939180344343185,753.74365234375,1941.6355590820312,792.469970703125,1958.6928100585938
1211.png,0,1868,0,0.03536398336291313,645.2286376953125,2837.3009643554688,679.449951171875,2851.8436889648438
1211.png,0,1868,0,0.03215605765581131,13.888143539428711,1868.0,29.12418556213379,1879.3880519866943
1211.png,0,1868,1,0.016477206721901894,935.133544921875,2207.12646484375,964.384521484375,2251.8927001953125
1211.png,0,1868,1,0.011373326182365417,894.833251953125,2212.8289489746094,915.308837890625,2246.944549560547
1211.png,0,1868,0,0.011231202632188797,46.68341827392578,1874.4970932006836,64.12357330322266,1887.659948348999
1211.png,0,1868,0,0.010439863428473473,838.5382080078125,2798.2614135742188,854.1842041015625,2807.9747924804688
1211.png,0,1868,0,0.007219784893095493,644.5655517578125,2839.205810546875,679.469482421875,2855.504638671875
1211.png,0,1868,2,0.005094305146485567,230.4924774169922,2668.7763671875,253.8003387451172,2689.263427734375
1211.png,0,1868,0,0.003879089141264558,4.660312652587891,1868.0,22.27569580078125,1879.162712097168
1211.png,0,1868,0,0.0028405331540852785,0.094635009765625,1868.0987787246704,7.35831356048584,1881.8802814483643
1211.png,0,1868,0,0.0027950278017669916,0.5318517684936523,1868.0,14.078545570373535,1880.0650634765625
1211.png,0,1868,0,0.002699177013710141,904.2968139648438,2301.2142333984375,939.4053344726562,2323.7794189453125
1211.png,0,1868,1,0.0024291917216032743,0.08221912384033203,2293.7013549804688,8.802323341369629,2308.28125
1211.png,0,1868,3,0.002397200558334589,333.7706298828125,2267.4522705078125,342.114501953125,2277.5022583007812
1211.png,0,1868,0,0.0023840749636292458,660.525390625,2866.61669921875,688.947021484375,2882.720703125
1211.png,0,1868,3,0.002363001462072134,666.8060913085938,2344.8580322265625,686.7305297851562,2371.6278076171875
1211.png,0,1868,0,0.0023453785106539726,620.7378540039062,2829.0049438476562,677.7874145507812,2848.4400024414062
1211.png,0,1868,0,0.002320445142686367,841.0040283203125,2791.5958251953125,855.7550048828125,2801.4761962890625
1211.png,0,1868,3,0.002128202235326171,0.11273860931396484,2294.3787841796875,9.888354301452637,2313.8195190429688
1211.png,0,1868,0,0.0019408661173656583,890.207275390625,2825.1272583007812,908.086181640625,2845.3325805664062
1211.png,0,1868,0,0.0018956376006826758,963.5272216796875,2863.6077880859375,993.8729248046875,2881.3333740234375
1211.png,0,1868,0,0.0015991977415978909,834.851806640625,2805.90869140625,849.719482421875,2814.0350341796875
1211.png,0,1868,0,0.0015582747291773558,891.997802734375,2842.088623046875,914.41455078125,2883.391357421875
1211.png,0,1868,0,0.0015484734904021025,0.024644851684570312,1868.0,10.35543441772461,1879.9217195510864
1211.png,0,1868,1,0.0014834435423836112,620.618408203125,2811.560546875,664.696044921875,2841.373046875
1211.png,0,1868,0,0.001463392865844071,799.1885375976562,2834.4750366210938,829.4081420898438,2851.4241333007812
1211.png,0,1868,0,0.0014359928900375962,945.349853515625,2156.2928466796875,997.503173828125,2173.7574462890625
1211.png,0,1868,1,0.001181397819891572,666.6150512695312,2344.707489013672,686.8065795898438,2371.3756408691406
1211.png,0,1868,0,0.0011587318731471896,1010.9663696289062,2058.3412170410156,1023.7208862304688,2073.1663208007812
1211.png,0,1868,3,0.0011166916228830814,58.97020721435547,2072.5825805664062,75.10108184814453,2084.5697631835938
1211.png,0,1868,4,0.0010229971958324313,748.7301025390625,2882.306884765625,794.546142578125,2892.0
1211.png,0,1868,3,0.0010022837668657303,787.355712890625,2884.9014892578125,808.637939453125,2892.0
1211.png,768,1868,0,0.7736948132514954,1746.9267578125,2001.5637512207031,1762.41943359375,2010.0446472167969
1211.png,768,1868,1,0.6763531565666199,1092.4434509277344,2017.7660217285156,1129.5240173339844,2028.7865295410156
1211.png,768,1868,0,0.6211664080619812,1168.7657470703125,1886.1486282348633,1194.0455322265625,1941.248794555664
1211.png,768,1868,1,0.6090405583381653,768.0,1951.9180908203125,793.0984077453613,1973.8617553710938
1211.png,768,1868,0,0.5449437499046326,826.1063842773438,2818.6764526367188,851.4286956787109,2837.1765747070312
1211.png,768,1868,1,0.509596586227417,768.2482986450195,1941.88037109375,792.9738540649414,1957.7255554199219
1211.png,768,1868,0,0.3638876676559448,1066.9486083984375,1916.2768173217773,1102.6569213867188,1930.735725402832
1211.png,768,1868,0,0.10178300738334656,1766.6337890625,1993.3351593017578,1776.901611328125,2009.6342315673828
1211.png,768,1868,0,0.09693838655948639,1765.9783325195312,1998.2561645507812,1775.8403930664062,2010.7588500976562
1211.png,768,1868,4,0.0963311493396759,769.1952590942383,2879.8740234375,796.7710762023926,2892.0
1211.png,768,1868,1,0.07037718594074249,768.0,1948.9102935791016,792.3524188995361,1969.344467163086
1211.png,768,1868,0,0.06271527707576752,1754.6435546875,2009.393798828125,1774.210693359375,2019.2290344238281
1211.png,768,1868,0,0.05472928658127785,1199.5565795898438,1887.0982208251953,1214.6471557617188,1939.6870422363281
1211.png,768,1868,1,0.037522729486227036,1082.9307250976562,2641.4822998046875,1098.3855590820312,2664.0919189453125
1211.png,768,1868,0,0.030648531392216682,1784.47412109375,2002.0927124023438,1791.623291015625,2016.1239624023438
1211.png,768,1868,0,0.028391776606440544,768.5708599090576,2879.5196533203125,796.7633323669434,2892.0
1211.png,768,1868,0,0.028108807280659676,1083.1106567382812,2641.4937133789062,1098.2860717773438,2664.1907348632812
1211.png,768,1868,0,0.02660760097205639,838.9185256958008,2799.2079467773438,853.7778854370117,2808.4663696289062
1211.png,768,1868,0,0.025451496243476868,1750.021484375,2015.765640258789,1776.25,2026.3397979736328
1211.png,768,1868,1,0.02348673902451992,1066.6996459960938,1916.535514831543,1102.2107543945312,1931.075424194336
1211.png,768,1868,3,0.021632058545947075,768.6448745727539,2879.080810546875,796.3932266235352,2892.0
1211.png,768,1868,0,0.017765939235687256,1777.742431640625,2000.1576843261719,1788.340087890625,2013.2063293457031
1211.png,768,1868,0,0.01618817076086998,1164.3462219238281,1886.3758716583252,1186.5546569824219,1944.7365264892578
1211.png,768,1868,0,0.015871483832597733,1777.8743286132812,2005.9956665039062,1789.7057495117188,2017.2431640625
1211.png,768,1868,0,0.01583385467529297,1749.4954833984375,2008.9858093261719,1773.1544189453125,2021.1877746582031
1211.png,768,1868,0,0.01528196781873703,1747.9085693359375,2002.6395874023438,1768.2918701171875,2013.9225463867188
1211.png,768,1868,0,0.013777612708508968,1228.2782287597656,1916.1601524353027,1247.0260314941406,1952.8724365234375
1211.png,768,1868,1,0.013227551244199276,856.3706970214844,2712.619873046875,879.4913787841797,2755.80126953125
1211.png,768,1868,0,0.01229684054851532,1785.7767333984375,2004.8242645263672,1791.8048095703125,2016.9561004638672
1211.png,768,1868,0,0.009047462604939938,1774.3577270507812,1996.2071533203125,1783.4880981445312,2009.9142456054688
1211.png,768,1868,0,0.007664021570235491,837.9668350219727,2801.5388793945312,854.2468643188477,2809.2041625976562
1211.png,768,1868,0,0.0059049357660114765,1779.705322265625,1997.67431640625,1789.553466796875,2012.1029663085938
1211.png,768,1868,3,0.005209921393543482,768.0,2858.6356201171875,778.9248180389404,2875.223876953125
1211.png,768,1868,0,0.004105292726308107,902.7750701904297,2847.5460815429688,918.9602203369141,2882.2155151367188
1211.png,768,1868,0,0.003405604977160692,890.4164428710938,2825.06591796875,908.0599060058594,2844.95849609375
1211.png,768,1868,0,0.0034047055523842573,1191.9796752929688,1887.1735382080078,1204.1725463867188,1940.1142349243164
1211.png,768,1868,0,0.0032446368131786585,1055.2023315429688,1868.2850093841553,1069.0123901367188,1878.1528663635254
1211.png,768,1868,0,0.0027216789312660694,1786.0980224609375,1995.6969909667969,1791.903076171875,2013.8612365722656
1211.png,768,1868,0,0.0026335392612963915,892.2855377197266,2842.2245483398438,914.4531097412109,2883.5335083007812
1211.png,768,1868,2,0.002622025553137064,856.8510971069336,2712.3048095703125,879.8916091918945,2755.8011474609375
1211.png,768,1868,0,0.002595236524939537,905.2669372558594,2301.7146606445312,938.8052673339844,2324.0176391601562
1211.png,768,1868,0,0.0021544594783335924,1531.0292358398438,2120.6722106933594,1540.1675415039062,2137.2701721191406
1211.png,768,1868,0,0.001913235755637288,768.0891590118408,2858.41162109375,774.2927117347717,2873.3179931640625
1211.png,768,1868,3,0.001863215584307909,1256.9829711914062,2023.8685913085938,1308.3396606445312,2036.5261840820312
1211.png,768,1868,1,0.0017687346553429961,894.9105987548828,2213.1282958984375,915.2624053955078,2246.87109375
1211.png,768,1868,1,0.0014735752483829856,1168.2227172851562,2066.362823486328,1183.2413330078125,2104.303436279297
1211.png,768,1868,0,0.0014536508824676275,886.8376159667969,2779.907470703125,906.2490539550781,2805.9580078125
1211.png,768,1868,0,0.0014441449893638492,768.1648569107056,2859.0779418945312,774.703441619873,2880.2243041992188
1211.png,768,1868,0,0.001441671629436314,1785.3150634765625,2216.57177734375,1791.9566650390625,2254.2044677734375
1211.png,768,1868,0,0.0013970196014270186,840.8965301513672,2791.5885009765625,855.4864044189453,2801.9066162109375
1211.png,768,1868,4,0.00136009999550879,1166.5965576171875,1883.9469394683838,1194.1314697265625,1941.3749160766602
1211.png,768,1868,3,0.0013265066081658006,787.1061325073242,2884.71533203125,808.9792022705078,2892.0
1211.png,768,1868,0,0.001276398659683764,798.0989360809326,2834.54443359375,829.4734344482422,2853.412353515625
1211.png,768,1868,0,0.0012458231067284942,1747.4549560546875,2005.2445068359375,1767.7481689453125,2018.0986633300781
1211.png,768,1868,1,0.0011244970373809338,1158.2618408203125,2069.5532836914062,1173.3258666992188,2112.7669982910156
1211.png,768,1868,1,0.0011037177173420787,935.5053100585938,2207.4590759277344,964.1757202148438,2251.7689514160156
1211.png,768,1868,0,0.0010305065661668777,899.1720581054688,2824.5318603515625,911.8545532226562,2840.7205810546875
1211.png,1536,1868,0,0.6618099808692932,1747.0125885009766,2001.794937133789,1762.081802368164,2009.5501556396484
1211.png,1536,1868,1,0.4103653132915497,1812.4302368164062,1868.0,1860.0032348632812,1878.9910793304443
1211.png,1536,1868,0,0.14800173044204712,1805.3635559082031,1997.9535827636719,1813.2105407714844,2016.0834350585938
1211.png,1536,1868,1,0.10908964276313782,2424.5508422851562,2368.25732421875,2438.9950561523438,2403.09619140625
1211.png,1536,1868,1,0.10699355602264404,2449.999267578125,2500.0543212890625,2460.18212890625,2519.3892822265625
1211.png,1536,1868,0,0.058848004788160324,1805.6181640625,1997.3504028320312,1816.0704345703125,2015.188720703125
1211.png,1536,1868,0,0.020146721974015236,1751.9905548095703,2010.3509521484375,1773.412857055664,2019.2366333007812
1211.png,1536,1868,0,0.01920536905527115,1824.688232421875,1868.1404628753662,1881.9961547851562,1876.7871627807617
1211.png,1536,1868,0,0.017818838357925415,1815.8153076171875,1868.0,1864.9158935546875,1880.0891103744507
1211.png,1536,1868,0,0.015368645079433918,1848.8045043945312,1868.2887482643127,1881.7213745117188,1875.5511093139648
1211.png,1536,1868,0,0.013303717598319054,1747.7257080078125,2003.1705780029297,1767.4880065917969,2013.6652374267578
1211.png,1536,1868,1,0.013143370859324932,1843.6983032226562,1868.194396018982,1881.8650512695312,1875.9864463806152
1211.png,1536,1868,0,0.01051359809935093,1801.3826904296875,1998.8170318603516,1807.8372802734375,2016.3944244384766
1211.png,1536,1868,0,0.009892397560179234,1798.6741027832031,1999.385986328125,1805.0324401855469,2016.4147338867188
1211.png,1536,1868,0,0.007940676063299179,1765.6549530029297,2001.2149963378906,1774.4662628173828,2012.2133178710938
1211.png,1536,1868,0,0.005990571342408657,1803.6800842285156,1997.854965209961,1811.0255432128906,2016.1254119873047
1211.png,1536,1868,0,0.005104688461869955,1749.3444519042969,2014.6726379394531,1772.3503112792969,2025.0276184082031
1211.png,1536,1868,0,0.004404955077916384,1795.4215698242188,1998.7110290527344,1804.1914672851562,2016.4647521972656
1211.png,1536,1868,0,0.0042915381491184235,1764.2790069580078,1996.6855773925781,1775.739974975586,2009.6898498535156
1211.png,1536,1868,0,0.003782624611631036,1567.3452167510986,2268.4959716796875,1584.042465209961,2281.7825927734375
1211.png,1536,1868,0,0.003263935213908553,1766.7019805908203,1993.3514251708984,1775.7325592041016,2007.5291900634766
1211.png,1536,1868,1,0.0028219656087458134,2428.8687133789062,2397.933837890625,2442.0831909179688,2434.1904296875
1211.png,1536,1868,2,0.0026743460912257433,1942.7212524414062,2163.7823486328125,1965.4517211914062,2174.9946899414062
1211.png,1536,1868,0,0.002333232667297125,1836.0153503417969,1868.287582397461,1879.3807067871094,1880.1191492080688
1211.png,1536,1868,0,0.002280221087858081,1750.8321228027344,2016.3119812011719,1774.0359191894531,2026.2339782714844
1211.png,1536,1868,0,0.0018175184959545732,1536.0,2122.2592163085938,1541.3281044960022,2139.5048828125
1211.png,1536,1868,0,0.0012506905477494001,1808.1507568359375,2015.7055053710938,1816.6099853515625,2027.1302490234375
1211.png,1536,1868,1,0.0010207530576735735,1860.1796875,1868.139482498169,1890.4743041992188,1874.336739063263
1211.png,1869,1868,2,0.5089268684387207,2837.20849609375,2153.7786254882812,2890.7645263671875,2173.9072265625
1211.png,1869,1868,1,0.308174192905426,2425.163818359375,2368.9659423828125,2438.4893798828125,2403.453125
1211.png,1869,1868,2,0.05070408061146736,2868.890869140625,2153.3832397460938,2892.13720703125,2173.0123901367188
1211.png,1869,1868,0,0.02245684526860714,2877.4736938476562,2138.3492736816406,2892.8532104492188,2156.317840576172
1211.png,1869,1868,1,0.020392144098877907,2438.3681640625,2436.4656982421875,2450.66455078125,2463.20703125
1211.png,1869,1868,1,0.02028244361281395,2877.06103515625,2138.5185546875,2893.0,2162.5052490234375
1211.png,1869,1868,1,0.017140088602900505,2875.6995849609375,2146.36328125,2892.5211181640625,2173.619384765625
1211.png,1869,1868,1,0.016016585752367973,2875.7868041992188,2139.3711547851562,2892.6249389648438,2168.8245239257812
1211.png,1869,1868,2,0.012158132158219814,2836.6080322265625,2152.9627685546875,2892.4517822265625,2180.5615234375
1211.png,1869,1868,1,0.008808710612356663,2874.9671630859375,2153.6965942382812,2892.6124267578125,2185.5615844726562
1211.png,1869,1868,1,0.008106747642159462,2427.5386962890625,2397.3919067382812,2442.6668701171875,2430.8934936523438
1211.png,1869,1868,1,0.005241110920906067,2448.9786987304688,2500.4422607421875,2459.9485473632812,2519.0885009765625
1211.png,1869,1868,2,0.0030033551156520844,1869.0,1868.1353740692139,1884.5842533111572,1874.9342050552368
1211.png,1869,1868,1,0.0028370062354952097,2855.79443359375,2154.7307739257812,2892.334716796875,2186.9342651367188
1211.png,1869,1868,1,0.002031424082815647,2189.7246704101562,2681.0159912109375,2236.0968627929688,2697.6021728515625
1211.png,1869,1868,1,0.0020152961369603872,1869.6916732788086,2885.601318359375,1893.1391487121582,2892.0
1211.png,1869,1868,1,0.0011201404267922044,1869.0,2881.6690673828125,1885.084815979004,2892.0
1362.png,768,0,1,0.013290854170918465,1785.43701171875,607.9879150390625,1792.0,636.1092529296875
1362.png,768,0,1,0.0086045628413558,768.0,1003.187255859375,777.1394472122192,1017.561279296875
1362.png,768,0,1,0.007491383235901594,1785.7529296875,617.58154296875,1792.0,638.474365234375
1362.png,768,0,1,0.006838108412921429,1782.5615234375,590.497802734375,1792.0,633.1781005859375
1362.png,768,0,1,0.004019415471702814,1778.9833984375,597.9693603515625,1792.0,635.9237060546875
1362.png,768,0,0,0.0032769280951470137,1234.5688781738281,301.123291015625,1256.5061340332031,324.890869140625
1362.png,768,0,2,0.0029913168400526047,1786.0865478515625,793.3516845703125,1792.0,809.943359375
1362.png,768,0,1,0.002980648772791028,1041.2989807128906,0.18212413787841797,1080.8306579589844,15.02103328704834
1362.png,768,0,1,0.0026891513261944056,768.0,1001.9680786132812,780.3600263595581,1019.8075561523438
1362.png,768,0,1,0.0026332365814596415,1756.41064453125,590.8461303710938,1792.0,632.3765258789062
1362.png,768,0,2,0.0021992926485836506,1782.7459716796875,848.1649169921875,1792.0,867.5589599609375
1362.png,768,0,1,0.0016913602594286203,1760.9949951171875,566.17578125,1792.0,607.138427734375
1362.png,768,0,1,0.0016903484938666224,768.0,1006.912109375,780.4480791091919,1021.6767578125
1362.png,768,0,1,0.0016353942919522524,768.5489387512207,1015.0032958984375,788.4164409637451,1024.0
1362.png,768,0,0,0.001528292428702116,1786.1202392578125,621.1869506835938,1792.0,643.4367065429688
1362.png,768,0,0,0.0014740104088559747,1237.7415466308594,299.90478515625,1258.6767272949219,323.0810546875
1362.png,768,0,1,0.0011350217973813415,1783.4671630859375,618.772705078125,1792.0,645.722412109375
1362.png,768,0,1,0.0011204051552340388,1779.8038330078125,612.2862548828125,1792.0,637.5579833984375
1362.png,1536,0,1,0.7843768000602722,1784.9635925292969,604.6825561523438,1832.1756896972656,635.1829223632812
1362.png,1536,0,1,0.22235529124736786,1978.8908996582031,1010.3233032226562,2001.2879333496094,1023.6098022460938
1362.png,1536,0,0,0.1030530259013176,2037.5952758789062,174.73727416992188,2048.2284545898438,191.56863403320312
1362.png,1536,0,0,0.033627402037382126,2030.2527465820312,178.4453887939453,2040.9581909179688,193.3541717529297
1362.png,1536,0,1,0.007974720560014248,1811.950439453125,1015.73388671875,1847.892333984375,1023.94580078125
1362.png,1536,0,2,0.007248884066939354,1830.107666015625,1018.8265380859375,1863.2119140625,1024.0
1362.png,1536,0,1,0.006877971347421408,1799.8858032226562,1013.8231201171875,1840.4454956054688,1024.0
1362.png,1536,0,2,0.004860806744545698,1824.2298278808594,1017.86474609375,1851.2523498535156,1024.0
1362.png,1536,0,0,0.004315657075494528,2017.9891967773438,181.7814178466797,2026.0001831054688,196.27125549316406
1362.png,1536,0,2,0.0036406279541552067,1835.1504211425781,1019.2069091796875,1870.8858337402344,1024.0
1362.png,1536,0,2,0.0029883431270718575,1923.3988037109375,1017.1837158203125,1946.52685546875,1024.0
1362.png,1536,0,1,0.001578538678586483,1922.7380676269531,1016.4583740234375,1945.1562805175781,1024.0
1362.png,1536,0,0,0.001379756722599268,2027.4454345703125,179.7698974609375,2038.6923828125,194.5841064453125
1362.png,1536,0,2,0.0012706938432529569,1823.8565063476562,1015.8848876953125,1858.5247802734375,1024.0
1362.png,1536,0,1,0.0012370793847367167,1796.8025512695312,1013.7169189453125,1827.4053344726562,1023.6512451171875
1362.png,1536,0,1,0.001220465637743473,2317.3981323242188,481.7720642089844,2373.1132202148438,508.3363342285156
1362.png,1536,0,2,0.0011580301215872169,1885.547607421875,1017.93359375,1906.3595581054688,1024.0
1362.png,1536,0,2,0.0011085051810368896,1929.9193725585938,1018.3638916015625,1957.7028198242188,1024.0
1362.png,2304,0,1,0.043231915682554245,3008.4115600585938,0.14563369750976562,3019.6858520507812,8.193309783935547
1362.png,2304,0,1,0.03235258534550667,2304.0,469.13165283203125,2322.028341293335,491.42681884765625
1362.png,2304,0,1,0.02626650407910347,3009.2501831054688,0.2241830825805664,3023.2503051757812,8.19430923461914
1362.png,2304,0,2,0.010297049768269062,3008.1649780273438,0.03706836700439453,3020.8692016601562,8.379321098327637
1362.png,2304,0,1,0.009070603176951408,2997.6268310546875,0.031319618225097656,3015.903076171875,6.88995361328125
1362.png,2304,0,1,0.007783190812915564,3011.8685302734375,0.0,3033.9461669921875,7.0750298500061035
1362.png,2304,0,1,0.004147799219936132,2813.595947265625,794.3629150390625,2829.212646484375,829.5343017578125
1362.png,2304,0,1,0.002120789373293519,2304.0,474.3644104003906,2312.9190063476562,499.2265930175781
1362.png,2304,0,0,0.0010294478852301836,2819.689208984375,889.8511352539062,2833.231201171875,908.9031372070312
1362.png,2304,0,1,0.0010044939117506146,2994.5321655273438,0.12164974212646484,3015.5722045898438,8.448081970214844
1362.png,2674,0,0,0.06135878711938858,2819.5370483398438,889.24609375,2833.3558349609375,908.785888671875
1362.png,2674,0,1,0.05271044746041298,3007.9656982421875,0.1499040126800537,3018.32421875,7.917425155639648
1362.png,2674,0,1,0.02063209004700184,3001.5300903320312,0.08611059188842773,3016.8247680664062,7.021516799926758
1362.png,2674,0,1,0.01213132031261921,3010.5344848632812,0.10944747924804688,3026.442626953125,7.391898155212402
1362.png,2674,0,1,0.005198570899665356,2992.7120056152344,0.0,3012.1891174316406,5.785532474517822
1362.png,2674,0,1,0.003521321341395378,2997.35546875,0.0,3016.6248779296875,8.302465438842773
1362.png,2674,0,1,0.002261402551084757,3014.0325927734375,0.0,3037.982421875,6.174432754516602
1362.png,2674,0,1,0.0020030837040394545,2813.812255859375,794.3475341796875,2829.390625,829.2664794921875
1362.png,2674,0,1,0.0019369774963706732,2881.055221557617,528.9116821289062,2896.1433868408203,558.8945922851562
1362.png,2674,0,0,0.0011571511859074235,2782.7056884765625,1003.7257080078125,2795.9486236572266,1023.988525390625
1362.png,0,768,1,0.0016358403954654932,962.610107421875,1785.0302734375,989.974365234375,1792.0
1362.png,768,768,1,0.014881422743201256,1411.89697265625,1728.6123046875,1424.5703125,1742.089111328125
1362.png,768,768,1,0.012775890529155731,1416.0968627929688,1720.6339111328125,1424.4832153320312,1730.5606689453125
1362.png,768,768,1,0.009839333593845367,1783.6298828125,1487.435791015625,1792.0,1524.159423828125
1362.png,768,768,1,0.008887125179171562,1413.2081298828125,1726.012451171875,1424.224609375,1739.635009765625
1362.png,768,768,1,0.008111380971968174,1411.7972412109375,1732.095703125,1424.0396728515625,1745.01953125
1362.png,768,768,1,0.007283855229616165,1414.4622802734375,1786.978515625,1485.403564453125,1792.0
1362.png,768,768,1,0.00638075266033411,1783.7352294921875,1448.611083984375,1792.0,1494.27392578125
1362.png,768,768,1,0.005715513601899147,1786.56884765625,1441.716064453125,1792.0,1490.602783203125
1362.png,768,768,1,0.00534054497256875,1783.6812744140625,1433.576171875,1792.0,1486.734375
1362.png,768,768,1,0.005066986195743084,1418.0089111328125,1715.5169067382812,1424.3289794921875,1728.6282348632812
1362.png,768,768,1,0.004940837621688843,1786.7423095703125,1453.6942138671875,1792.0,1490.3570556640625
1362.png,768,768,1,0.0041934591718018055,1786.774169921875,1462.4437255859375,1792.0,1493.0462646484375
1362.png,768,768,1,0.0032640795689076185,1786.17822265625,1476.0902099609375,1792.0,1502.4014892578125
1362.png,768,768,2,0.002841123379766941,1786.04296875,790.693416595459,1792.0,806.3688697814941
1362.png,768,768,1,0.002391174901276827,1783.1387939453125,1497.3244018554688,1792.0,1528.2603149414062
1362.png,768,768,0,0.002343500265851617,1763.276123046875,768.2642250061035,1779.5947265625,774.9221019744873
1362.png,768,768,1,0.0020740111358463764,1417.525146484375,1718.98291015625,1428.02001953125,1728.0654296875
1362.png,768,768,1,0.0019173769978806376,1785.469970703125,1430.93798828125,1792.0,1482.76416015625
1362.png,768,768,0,0.001833800575695932,1786.005126953125,792.9449634552002,1792.0,809.1126403808594
1362.png,768,768,0,0.0018319084774702787,1765.200439453125,768.3401823043823,1781.9583740234375,777.3460569381714
1362.png,768,768,1,0.0017267984803766012,1786.47900390625,1754.2925415039062,1792.0,1764.9503784179688
1362.png,768,768,1,0.0014843668323010206,1414.770263671875,1777.70849609375,1489.3778076171875,1790.289306640625
1362.png,768,768,2,0.0011820315849035978,1781.658935546875,1072.3720703125,1792.0,1087.4020385742188
1362.png,768,768,1,0.001067759352736175,1422.725341796875,1713.07421875,1428.43994140625,1721.299560546875
1362.png,1536,768,1,0.14216040074825287,2323.270263671875,1229.4018859863281,2343.742431640625,1265.7580871582031
1362.png,1536,768,0,0.028678080067038536,2323.400634765625,1229.4734497070312,2343.55224609375,1265.3944702148438
1362.png,1536,768,2,0.0037149114068597555,1853.2195739746094,768.1324949264526,1873.5251770019531,773.4771881103516
1362.png,1536,768,2,0.0016189798479899764,1859.2276611328125,768.8954768180847,1878.6956787109375,775.8989129066467
1362.png,1536,768,1,0.0013836431317031384,2552.153076171875,1248.2368774414062,2560.0,1288.9327392578125
1362.png,1536,768,2,0.0012366027804091573,1984.5040893554688,768.2381973266602,2005.3457641601562,775.568507194519
1362.png,2304,768,1,0.7079550623893738,2694.0241088867188,1176.7557983398438,2713.6101684570312,1213.3511352539062
1362.png,2304,768,1,0.09807632118463516,2323.1978149414062,1230.0867309570312,2343.732162475586,1266.6813354492188
1362.png,2304,768,0,0.06385714560747147,2323.1563148498535,1229.973388671875,2343.5698623657227,1265.9576416015625
1362.png,2304,768,4,0.030390484258532524,2762.6609497070312,1370.055419921875,2784.3821411132812,1403.798828125
1362.png,2304,768,1,0.018188169226050377,2762.832244873047,1370.0773315429688,2784.017547607422,1403.9978637695312
1362.png,2304,768,0,0.01667364500463009,2763.7266540527344,1370.2882690429688,2784.425811767578,1403.0463256835938
1362.png,2304,768,0,0.011722395196557045,2781.592041015625,1003.9131774902344,2795.97021484375,1024.2272033691406
1362.png,2304,768,0,0.0017435747431591153,2819.725830078125,889.8831558227539,2833.10498046875,908.7225036621094
1362.png,2304,768,0,0.0014697248116135597,2803.8256225585938,1479.4442749023438,2815.9913940429688,1496.8818969726562
1362.png,2674,768,1,0.33236369490623474,2694.0262451171875,1177.2976684570312,2712.7295455932617,1213.3406372070312
1362.png,2674,768,0,0.030215900391340256,2819.716354370117,889.2009353637695,2833.4749298095703,908.9290771484375
1362.png,2674,768,1,0.016590744256973267,2762.7129669189453,1369.4639892578125,2783.6495971679688,1404.1717529296875
1362.png,2674,768,0,0.01619183085858822,2781.8023834228516,1003.6565246582031,2796.1453552246094,1024.5689697265625
1362.png,2674,768,0,0.007686388213187456,2762.715621948242,1369.501220703125,2783.5047454833984,1404.3544921875
1362.png,2674,768,4,0.0059389155358076096,2762.5852661132812,1369.35400390625,2784.0458374023438,1403.9208984375
1362.png,0,1536,1,0.20261292159557343,540.2430419921875,2483.9771728515625,555.1551513671875,2491.0015869140625
1362.png,0,1536,1,0.002551842015236616,1018.1015625,1809.3829040527344,1024.0,1828.4032897949219
1362.png,0,1536,1,0.0024605384096503258,570.9476928710938,2548.484130859375,582.0935668945312,2559.67626953125
1362.png,0,1536,1,0.002262386027723551,1018.2738037109375,1805.1248474121094,1024.0,1822.6990051269531
1362.png,0,1536,1,0.001415241276845336,540.4503173828125,2485.45849609375,556.61572265625,2492.126220703125
1362.png,768,1536,1,0.08505528420209885,1409.1025390625,2468.1196899414062,1426.280517578125,2511.4776000976562
1362.png,768,1536,1,0.02658306248486042,1411.8190307617188,1732.1936645507812,1424.0995483398438,1745.174072265625
1362.png,768,1536,1,0.026245474815368652,1411.9041137695312,1728.8841857910156,1424.6235961914062,1742.2292175292969
1362.png,768,1536,1,0.013223431073129177,1413.1644287109375,1726.5648498535156,1424.2728271484375,1739.8889465332031
1362.png,768,1536,1,0.01294850092381239,1415.9599609375,1721.0855407714844,1424.54931640625,1730.4231872558594
1362.png,768,1536,1,0.003485038410872221,1417.9314575195312,1715.6339569091797,1424.3759155273438,1728.482162475586
1362.png,768,1536,1,0.003204857464879751,979.7247467041016,2105.0648193359375,989.2783050537109,2123.104736328125
1362.png,768,1536,0,0.0024749482981860638,979.8294677734375,2104.8042602539062,989.0348510742188,2123.1378784179688
1362.png,768,1536,1,0.001969229429960251,1417.2332763671875,1719.6970672607422,1428.023193359375,1728.220932006836
1362.png,768,1536,1,0.0011124563170596957,1590.922119140625,2551.7314453125,1622.9677734375,2560.0
1362.png,768,1536,1,0.0010338323190808296,1404.2935791015625,2380.9901123046875,1456.9681396484375,2415.1624755859375
1362.png,1536,1536,1,0.018812241032719612,1592.1381645202637,2551.4483642578125,1623.2095489501953,2560.0
1362.png,1536,1536,1,0.01262682769447565,1595.811668395996,2553.438720703125,1624.1103439331055,2560.0
1362.png,1536,1536,1,0.012526104226708412,1591.364242553711,2547.7852783203125,1621.2409362792969,2559.731201171875
1362.png,1536,1536,1,0.005092589184641838,1536.0267300605774,2526.586669921875,1543.527732849121,2552.880859375
1362.png,1536,1536,1,0.002322004409506917,1536.0,2524.205322265625,1542.7555198669434,2547.428466796875
1362.png,1536,1536,1,0.0020149345509707928,1536.1553654670715,2538.933349609375,1543.8319382667542,2557.5782470703125
1362.png,1536,1536,1,0.001743866829201579,1536.123631477356,2546.886474609375,1548.3835144042969,2559.3707275390625
1362.png,0,2025,3,0.0028231199830770493,0.11910152435302734,2909.5543823242188,9.342716217041016,2924.8284301757812
1362.png,768,2025,1,0.006797331850975752,1409.9005126953125,2468.5210876464844,1425.8675537109375,2510.8165588378906
1362.png,768,2025,1,0.003828347660601139,979.718505859375,2106.4568786621094,989.0544738769531,2123.6682739257812
1362.png,768,2025,1,0.0037040964234620333,1405.3058471679688,2381.0321044921875,1457.3964233398438,2414.83935546875
1362.png,768,2025,0,0.0021683243103325367,979.9842834472656,2105.703453063965,988.9963073730469,2123.819709777832
1362.png,768,2025,0,0.0013629047898575664,1715.9136962890625,2025.0,1734.1890869140625,2031.3641567230225
1362.png,1536,2025,0,0.0027395200449973345,1715.8375854492188,2025.0,1733.7318725585938,2031.5532865524292
1399.png,768,0,1,0.358935683965683,1735.30224609375,843.81298828125,1779.457763671875,873.2474365234375
1399.png,1536,0,1,0.7739518284797668,2434.7410888671875,888.60498046875,2486.5797119140625,918.0458984375
1399.png,1536,0,1,0.31294673681259155,1735.3492126464844,843.5599365234375,1779.4409790039062,873.6251220703125
1399.png,1536,0,2,0.001645459677092731,2121.542724609375,766.847412109375,2174.689208984375,815.0888671875
1399.png,1536,0,0,0.0010073728626593947,2554.891357421875,949.0665283203125,2560.0,967.3868408203125
1399.png,2270,0,1,0.7160356044769287,2434.4263305664062,888.4202880859375,2486.613250732422,919.0074462890625
1399.png,2270,0,0,0.005186798516660929,2701.1016540527344,1018.317626953125,2731.110382080078,1024.0
1399.png,2270,0,1,0.002389770234003663,2700.856414794922,1018.3760986328125,2732.6790466308594,1024.0
1399.png,768,768,2,0.08449806272983551,1734.5595703125,843.4766540527344,1779.688232421875,873.3892364501953
1399.png,768,768,1,0.003993326798081398,1735.140869140625,843.1889495849609,1779.82177734375,873.5000152587891
1399.png,1536,768,1,0.548369288444519,2434.4097900390625,888.7305450439453,2486.6448974609375,918.1845855712891
1399.png,1536,768,1,0.12851691246032715,1735.298599243164,843.7990264892578,1779.1671295166016,873.7163848876953
1399.png,1536,768,2,0.12516528367996216,1829.5187377929688,1478.1954345703125,1893.1619262695312,1544.4373779296875
1399.png,1536,768,2,0.0892217606306076,1806.3810119628906,1433.33935546875,1854.1796569824219,1489.7900390625
1399.png,1536,768,1,0.060397472232580185,2118.8472290039062,768.278377532959,2175.7805786132812,815.0516471862793
1399.png,1536,768,1,0.04620843753218651,2513.2130126953125,1438.182373046875,2559.7076416015625,1495.10400390625
1399.png,1536,768,1,0.04053517431020737,2541.5513916015625,1472.158935546875,2560.0,1520.61962890625
1399.png,1536,768,0,0.02742716856300831,1807.3263549804688,1432.8408813476562,1853.1613159179688,1492.1119995117188
1399.png,1536,768,1,0.011352971196174622,2549.48828125,1385.474853515625,2560.0,1432.65087890625
1399.png,1536,768,0,0.010103211738169193,2118.4366455078125,768.6725578308105,2176.2261962890625,815.0278091430664
1399.png,1536,768,1,0.009693198837339878,2549.74365234375,1380.390869140625,2560.0,1419.1844482421875
1399.png,1536,768,2,0.009621345438063145,1781.005859375,1434.6612548828125,1839.1940307617188,1500.717529296875
1399.png,1536,768,1,0.005666857585310936,2551.7373046875,1385.3779296875,2560.0,1423.6888427734375
1399.png,1536,768,1,0.00512685114517808,2535.0093994140625,1437.553955078125,2560.0,1488.025146484375
1399.png,1536,768,1,0.003912490792572498,2549.69140625,1410.4076538085938,2560.0,1469.4572143554688
1399.png,1536,768,1,0.0034270526375621557,2546.37548828125,1369.2967529296875,2560.0,1413.0806884765625
1399.png,1536,768,1,0.0029941981192678213,2545.1463623046875,1472.0760498046875,2560.0,1529.8564453125
1399.png,1536,768,0,0.0028405599296092987,1917.93310546875,1602.1197509765625,1973.879150390625,1665.0797119140625
1399.png,1536,768,1,0.002699309028685093,2547.0731201171875,1383.6282958984375,2560.0,1422.7276611328125
1399.png,1536,768,1,0.0018034108215942979,2550.62109375,1390.385498046875,2560.0,1442.217041015625
1399.png,1536,768,1,0.0017545256996527314,2550.6528930664062,1371.7191162109375,2559.9766235351562,1413.2999267578125
1399.png,1536,768,1,0.0017067118315026164,2519.7850341796875,1442.5506591796875,2560.0,1517.7276611328125
1399.png,1536,768,1,0.0016996177146211267,2547.644775390625,1651.74755859375,2560.0,1703.1414794921875
1399.png,1536,768,2,0.0011762941721826792,2121.3648681640625,768.6939811706543,2175.7310791015625,814.8175201416016
1399.png,2270,768,1,0.6764208078384399,2434.1019287109375,888.7049255371094,2487.017333984375,918.0051879882812
1399.png,2270,768,1,0.03710559383034706,2270.059000015259,1667.2049560546875,2289.063663482666,1722.2601318359375
1399.png,2270,768,1,0.02549024671316147,2862.5370483398438,1385.7193603515625,2917.5630493164062,1420.0196533203125
1399.png,2270,768,0,0.010534879751503468,3227.8580322265625,1247.6664123535156,3272.3446044921875,1269.3968811035156
1399.png,2270,768,2,0.009093948639929295,2606.165283203125,1725.1129150390625,2647.0055541992188,1747.1417236328125
1399.png,2270,768,4,0.0028329056221991777,2270.0362548828125,1658.09716796875,2287.162094116211,1724.043212890625
1399.png,2270,768,0,0.0014791996218264103,3288.81396484375,1317.4549560546875,3294.0,1335.881591796875
1399.png,0,1536,0,0.0028936476446688175,0.0,1901.2914123535156,20.041702270507812,1964.2055358886719
1399.png,0,1536,0,0.0026278793811798096,0.11412620544433594,1918.3672485351562,16.66103172302246,1966.7446899414062
1399.png,0,1536,0,0.00154467998072505,0.0,1689.5674743652344,9.465469360351562,1758.5810241699219
1399.png,0,1536,0,0.001325983670540154,0.0,1913.5252075195312,21.14960479736328,1977.712646484375
1399.png,1536,1536,0,0.007125176023691893,2550.715576171875,2345.5653686523438,2560.0,2377.8588256835938
1399.png,1536,1536,1,0.0033774615731090307,2552.9288330078125,2051.3372802734375,2560.0,2093.5733642578125
1399.png,1536,1536,0,0.0027286987751722336,2549.0565185546875,2339.208984375,2560.0,2376.4296875
1399.png,1536,1536,1,0.0021626336965709925,2550.4677734375,2036.7879638671875,2560.0,2078.877685546875
1399.png,1536,1536,0,0.0019325652392581105,2552.3350830078125,2359.110107421875,2560.0,2379.9932861328125
1399.png,1536,1536,1,0.001794662093743682,2553.969970703125,2048.9968872070312,2560.0,2081.3101196289062
1399.png,1536,1536,0,0.0014999834820628166,1917.2942504882812,1601.5088958740234,1975.2067260742188,1666.172134399414
1399.png,1536,1536,0,0.0013642534613609314,2550.610107421875,2337.4580078125,2559.985107421875,2369.304931640625
1399.png,1536,1536,1,0.0013483896618708968,2541.4754638671875,2064.48193359375,2560.0,2109.412109375
1399.png,2270,1536,1,0.04861632362008095,2537.950408935547,2068.0053100585938,2563.623321533203,2112.5121459960938
1399.png,2270,1536,1,0.0027587255463004112,2270.0984058380127,1663.3382568359375,2289.037899017334,1722.1737976074219
1399.png,2270,1536,2,0.002476397668942809,2606.249267578125,1725.6022644042969,2647.12548828125,1747.8133239746094
1399.png,2270,1536,2,0.0018510714871808887,2707.069091796875,1562.3173389434814,2788.7705078125,1621.789321899414
1399.png,2270,1536,4,0.0011666440404951572,2270.071870803833,1654.8199920654297,2287.1721935272217,1724.3949737548828
1399.png,2270,1536,2,0.0011524299625307322,3285.66552734375,1869.97607421875,3294.0,1907.8548583984375
1399.png,2270,1536,2,0.0011009260779246688,2270.0294399261475,2233.4124755859375,2285.0788469314575,2296.3310546875
1399.png,0,2035,0,0.001293711131438613,343.5255126953125,2277.388397216797,356.9029541015625,2288.5443420410156
1399.png,768,2035,2,0.0011105842422693968,768.2215929031372,2216.0104217529297,779.8110313415527,2230.068649291992
1399.png,1536,2035,1,0.01626802608370781,2538.149169921875,2068.3885192871094,2559.791748046875,2111.3922119140625
1399.png,1536,2035,1,0.010432594455778599,2550.7508544921875,2053.957893371582,2560.0,2105.212615966797
1399.png,1536,2035,1,0.006419328972697258,2553.679443359375,2049.2417755126953,2560.0,2089.839241027832
1399.png,1536,2035,1,0.003558141179382801,2548.0018920898438,2035.075719833374,2559.8755493164062,2055.4059162139893
1399.png,1536,2035,1,0.0034437072463333607,2547.2158203125,2043.2140827178955,2560.0,2095.391845703125
1399.png,1536,2035,1,0.0020040636882185936,2553.8370361328125,2037.3890266418457,2560.0,2069.9571075439453
1399.png,1536,2035,0,0.00106427154969424,2550.6939697265625,2338.9444580078125,2560.0,2377.4279174804688
1399.png,2270,2035,2,0.0032561973202973604,2270.0,2228.3375244140625,2286.153480529785,2293.6641845703125
1399.png,2270,2035,0,0.003204076085239649,3217.7891845703125,3016.3541259765625,3293.8592529296875,3058.3818359375
1399.png,2270,2035,0,0.0031196598429232836,3277.4207763671875,3013.6082153320312,3294.0,3057.5910034179688
1447.png,0,0,1,0.10116494446992874,725.1585693359375,503.5855712890625,772.8023681640625,532.8939208984375
1447.png,0,0,1,0.06243523210287094,829.9191284179688,0.0,891.2990112304688,21.10622787475586
1447.png,0,0,1,0.03251178190112114,1012.069580078125,54.16546630859375,1023.639404296875,83.53477478027344
1447.png,0,0,2,0.0055534448474645615,988.84814453125,83.26316833496094,1001.708251953125,116.25613403320312
1447.png,0,0,2,0.0014914716593921185,1010.1040649414062,1.3635835647583008,1023.6344604492188,10.814947128295898
1447.png,0,0,2,0.0012363855494186282,1015.1300048828125,5.239906311035156,1023.8922119140625,19.441734313964844
1447.png,0,0,1,0.0011216095881536603,854.3155517578125,0.12401199340820312,899.0718994140625,12.432085037231445
1447.png,0,0,2,0.0010694528464227915,1011.1754150390625,2.4582433700561523,1023.9554443359375,14.91014575958252
1447.png,768,0,1,0.2368694394826889,822.1228561401367,0.0,888.649787902832,21.639963150024414
1447.png,768,0,2,0.13956589996814728,988.2534027099609,82.4586181640625,1001.7912445068359,116.61618041992188
1447.png,768,0,2,0.051685746759176254,1012.6426086425781,52.372406005859375,1024.7274169921875,86.68351745605469
1447.png,768,0,2,0.005086374469101429,821.3875503540039,897.3209838867188,840.0023880004883,947.5884399414062
1447.png,768,0,1,0.0033458981197327375,852.8803100585938,0.07758522033691406,900.0890350341797,13.278825759887695
1447.png,768,0,1,0.0032968895975500345,865.5246734619141,700.3486328125,884.8044281005859,749.679443359375
1447.png,768,0,1,0.0029810566920787096,768.0,0.07366371154785156,785.7865924835205,20.264379501342773
1447.png,768,0,2,0.002801816910505295,1006.7309875488281,0.6417331695556641,1024.7915954589844,13.007739067077637
1447.png,768,0,1,0.0011940656695514917,768.2701740264893,0.7023086547851562,786.4593830108643,26.8840389251709
1447.png,768,0,2,0.0011730996193364263,995.5537414550781,0.5968408584594727,1021.2696533203125,13.364057540893555
1447.png,1536,0,2,0.008645043708384037,2526.19677734375,0.0,2552.423583984375,9.98415756225586
1447.png,1536,0,2,0.002877164399251342,2531.30419921875,0.0,2556.3330078125,9.711915969848633
1447.png,1536,0,2,0.0024229621049016714,2527.351318359375,0.15859699249267578,2548.57177734375,12.19058609008789
1447.png,1536,0,1,0.0014895969070494175,2191.9993896484375,1017.300048828125,2215.2861328125,1024.0
1447.png,0,768,2,0.6483367681503296,625.620849609375,1108.3554077148438,641.424560546875,1154.7041625976562
1447.png,0,768,2,0.5713728070259094,707.6951904296875,1357.1823120117188,726.163818359375,1409.5001831054688
1447.png,0,768,2,0.3478567898273468,557.1460571289062,1309.8626708984375,574.1915893554688,1355.5887451171875
1447.png,0,768,1,0.2601011097431183,625.6617431640625,1108.6514282226562,641.8260498046875,1153.6666870117188
1447.png,0,768,1,0.12406810373067856,638.5525512695312,1103.10205078125,652.3419799804688,1152.9447631835938
1447.png,0,768,1,0.10322694480419159,548.171142578125,1554.2294921875,565.4644775390625,1588.6923828125
1447.png,0,768,1,0.0843784436583519,426.3336181640625,1132.5229797363281,443.283203125,1172.4362487792969
1447.png,0,768,0,0.011687461286783218,744.0651245117188,1194.0690307617188,767.4530639648438,1249.1353149414062
1447.png,0,768,2,0.01006133109331131,745.1893310546875,1194.2373962402344,767.6319580078125,1248.8384094238281
1447.png,0,768,2,0.005160629283636808,821.1696166992188,896.3911437988281,840.0079956054688,947.1700134277344
1447.png,0,768,1,0.004472919274121523,542.09033203125,1553.419189453125,564.683837890625,1588.223876953125
1447.png,0,768,2,0.0032666961196810007,727.8978881835938,1270.1787414550781,745.7440795898438,1329.92578125
1447.png,0,768,4,0.0016560284420847893,639.6905517578125,1105.5284423828125,651.6888427734375,1147.78076171875
1447.png,768,768,2,0.09341615438461304,821.3942184448242,897.1721343994141,839.5334243774414,947.5827484130859
1447.png,768,768,1,0.0012854095548391342,1422.5634765625,1786.741943359375,1444.441650390625,1792.0
1447.png,0,1536,1,0.1308857947587967,548.4635620117188,1553.8532524108887,565.2280883789062,1588.5083961486816
1447.png,0,1536,2,0.018753351643681526,66.61245727539062,2063.4241333007812,86.52377319335938,2119.4275512695312
1447.png,0,1536,2,0.010802590288221836,0.06970787048339844,2041.416259765625,6.317103385925293,2083.50634765625
1447.png,0,1536,2,0.010265728458762169,551.568603515625,2029.3565368652344,571.772216796875,2077.9949951171875
1447.png,0,1536,2,0.008093435317277908,65.75443267822266,2063.0989990234375,88.11727142333984,2135.1614990234375
1447.png,0,1536,2,0.0070118955336511135,549.9193115234375,2028.8625793457031,565.8438720703125,2078.431884765625
1447.png,0,1536,2,0.005787638947367668,0.2890615463256836,2051.0615844726562,6.186193466186523,2090.4417114257812
1447.png,0,1536,2,0.003176609054207802,0.09564495086669922,2050.9979858398438,9.291619300842285,2095.3745727539062
1447.png,0,1536,2,0.0027518102433532476,0.02190399169921875,2032.9320678710938,6.120011329650879,2074.0989379882812
1447.png,0,1536,2,0.001910581486299634,0.1820688247680664,2057.6644287109375,10.96072006225586,2105.0845947265625
1447.png,0,1536,2,0.0018735574558377266,0.0,2036.5732116699219,8.405702590942383,2084.95458984375
1447.png,0,1536,1,0.0017897060606628656,539.0242309570312,1552.412612915039,560.0426635742188,1588.131004333496
1447.png,0,1536,2,0.0010448686080053449,539.8499755859375,1551.358154296875,560.4339599609375,1587.37890625
1447.png,0,1790,2,0.014230945147573948,65.37196350097656,2061.6947021484375,87.39527893066406,2121.2394409179688
1447.png,0,1790,2,0.005924409721046686,0.2114553451538086,2048.4005126953125,6.599344730377197,2095.633056640625
1447.png,0,1790,2,0.004589326214045286,0.33550262451171875,2055.3572387695312,11.975622177124023,2104.249755859375
1447.png,0,1790,2,0.0036843735724687576,145.8842315673828,2792.39794921875,162.04176330566406,2814.0
1447.png,0,1790,2,0.0035228345077484846,152.89248657226562,2794.0821533203125,169.26229858398438,2814.0
1447.png,0,1790,2,0.0025293182116001844,550.4345092773438,2028.0632934570312,565.7622680664062,2075.9368286132812
1447.png,0,1790,2,0.0025148678105324507,0.10003900527954102,2038.7931365966797,6.328175067901611,2083.2090454101562
1447.png,0,1790,2,0.0025075410958379507,552.1720581054688,2028.6136169433594,570.4960327148438,2075.030242919922
1447.png,0,1790,2,0.0013645594008266926,0.0,2064.4248962402344,10.378938674926758,2108.6475524902344
1447.png,0,1790,2,0.0012764028506353498,0.0,1959.6859130859375,8.587174415588379,2000.0180969238281
1447.png,0,1790,2,0.0010545608820393682,0.0,2032.6927642822266,8.757858276367188,2088.0126953125
1456.png,0,1536,1,0.009024769067764282,475.93914794921875,2551.0911865234375,503.51361083984375,2559.9842529296875
1456.png,0,1536,1,0.003128803800791502,477.5684814453125,2547.5836181640625,503.505126953125,2559.9874267578125
1456.png,0,1536,1,0.0014002169482409954,476.99920654296875,2553.1519775390625,505.20587158203125,2560.0
1456.png,768,1536,2,0.023133357986807823,768.0,2051.6556396484375,778.0287818908691,2107.3187255859375
1456.png,768,1536,2,0.013646164909005165,768.0,2081.5963134765625,773.6538162231445,2130.8858642578125
1456.png,768,1536,2,0.008804926648736,768.0,2089.482666015625,773.3789873123169,2139.97119140625
1456.png,768,1536,2,0.00819943007081747,768.0,2071.760498046875,774.0258312225342,2123.518310546875
1456.png,768,1536,2,0.007171037141233683,768.0649175643921,2054.1102905273438,775.1011581420898,2109.9945678710938
1456.png,768,1536,2,0.00526987062767148,768.0,2099.066650390625,773.2115449905396,2151.147216796875
1456.png,768,1536,2,0.0049282945692539215,768.0,2066.8291015625,776.6984395980835,2120.128173828125
1456.png,768,1536,2,0.0040200757794082165,768.0,2108.01708984375,773.2137179374695,2161.09033203125
1456.png,768,1536,2,0.0011877900687977672,768.0,2040.67529296875,779.1535129547119,2099.1993408203125
1456.png,0,1789,1,0.021196996793150902,725.77001953125,2623.089111328125,742.894775390625,2663.4931640625
1456.png,0,1789,1,0.004444807767868042,720.6582641601562,2625.984130859375,740.4673461914062,2683.50146484375
1456.png,0,1789,1,0.0032305768691003323,718.8517456054688,2659.951171875,736.6436157226562,2686.565673828125
1456.png,0,1789,1,0.0022461269982159138,722.689453125,2624.200439453125,740.597900390625,2665.633544921875
1456.png,768,1789,2,0.024436919018626213,768.0,2053.9386596679688,778.1283502578735,2108.9992065429688
1456.png,768,1789,2,0.010484479367733002,768.0169296264648,2058.715789794922,774.6026821136475,2114.434112548828
1456.png,768,1789,2,0.009342336095869541,768.0,2062.4924926757812,776.843936920166,2117.5714721679688
1456.png,768,1789,2,0.00803342368453741,768.0,2077.1829223632812,773.7061743736267,2126.4087524414062
1456.png,768,1789,2,0.0071445307694375515,768.0,2086.0429077148438,773.4364948272705,2135.4384155273438
1456.png,768,1789,2,0.0032870499417185783,768.0,2095.0256958007812,773.202639579773,2146.7037963867188
1456.png,768,1789,2,0.0027402720879763365,768.0,2105.8717651367188,773.2014183998108,2157.4883422851562
1456.png,768,1789,2,0.0010041608475148678,768.092885017395,2048.4651489257812,774.7635345458984,2100.7247924804688
1457.png,0,0,0,0.0023669907823204994,690.2510986328125,0.7145824432373047,716.3988037109375,12.835798263549805
1457.png,0,0,0,0.001726466347463429,1019.1263427734375,165.16839599609375,1024.0,181.721435546875
1457.png,768,0,0,0.3407614827156067,1209.6267395019531,11.232914924621582,1227.8193664550781,21.389041900634766
1457.png,768,0,4,0.004265114665031433,1786.44140625,776.00537109375,1792.0,804.7568359375
1457.png,768,0,2,0.003810327034443617,1003.5010070800781,0.025785446166992188,1031.6534423828125,6.112905502319336
1457.png,768,0,3,0.0037476918660104275,1783.5966186523438,542.495849609375,1791.9651489257812,553.8504638671875
1457.png,768,0,0,0.0034903865307569504,1359.6859130859375,0.007087230682373047,1384.625732421875,4.579195022583008
1457.png,768,0,2,0.003172791562974453,995.849853515625,0.10393857955932617,1022.033447265625,7.468206882476807
1457.png,768,0,0,0.0031712460331618786,1353.7098388671875,0.07179403305053711,1382.8829345703125,4.9487810134887695
1457.png,768,0,1,0.002775986213237047,1786.7628173828125,771.1817626953125,1792.0,795.1324462890625
1457.png,768,0,1,0.0018124000634998083,1785.5730590820312,780.5560302734375,1791.9580688476562,805.4857177734375
1457.png,768,0,0,0.0016919280169531703,1651.0570068359375,0.0037736892700195312,1670.7213134765625,8.64944839477539
1457.png,768,0,1,0.0015898954588919878,1783.76025390625,770.1171875,1792.0,798.19775390625
1457.png,768,0,1,0.0015790121397003531,1783.781982421875,775.52197265625,1792.0,805.710693359375
1457.png,768,0,0,0.0012698258506134152,1459.6548461914062,202.82379150390625,1469.5914916992188,216.51068115234375
1457.png,768,0,4,0.0011507367016747594,1786.05517578125,786.0574951171875,1791.96142578125,805.9371337890625
1457.png,1536,0,0,0.016156410798430443,2413.3737182617188,516.93017578125,2424.5198364257812,530.007080078125
1457.png,1536,0,0,0.004792825784534216,2441.4221801757812,684.62255859375,2450.6295776367188,716.6025390625
1457.png,1536,0,0,0.004106092266738415,1887.0048217773438,75.81988525390625,1901.1450805664062,82.5360107421875
1457.png,1536,0,4,0.0036753348540514708,2273.4896240234375,937.2860107421875,2286.0806884765625,965.6383056640625
1457.png,1536,0,0,0.0020898201037198305,2451.806884765625,674.9981079101562,2460.788330078125,711.1345825195312
1457.png,1536,0,0,0.0018336924258619547,1650.7613525390625,0.014421463012695312,1671.8017272949219,8.784223556518555
1457.png,1536,0,0,0.0010807448998093605,1634.769058227539,0.1703953742980957,1669.4371490478516,7.776491165161133
1457.png,1536,0,0,0.0010341035667806864,1650.592025756836,0.02899646759033203,1684.8387298583984,8.915752410888672
1457.png,2046,0,0,0.01731135882437229,2412.5743103027344,516.7454833984375,2424.2406311035156,531.8524169921875
1457.png,2046,0,0,0.014347653836011887,2441.6505126953125,684.7874755859375,2450.371337890625,715.1832275390625
1457.png,2046,0,0,0.005921686068177223,2961.1361694335938,216.04251098632812,2979.1260375976562,225.40408325195312
1457.png,2046,0,0,0.0022739798296242952,2412.9356079101562,515.6556396484375,2422.8925170898438,529.074951171875
1457.png,2046,0,0,0.002005485352128744,2413.4854125976562,515.5931396484375,2426.1612548828125,529.4403076171875
1457.png,2046,0,3,0.0017344035441055894,2703.4248046875,1016.590576171875,2762.322509765625,1024.0
1457.png,2046,0,0,0.0015062583843246102,2182.0718994140625,746.264892578125,2197.2944946289062,765.532958984375
1457.png,2046,0,1,0.0014051314210519195,2164.034713745117,990.94580078125,2193.4451446533203,1023.724609375
1457.png,0,768,0,0.016712632030248642,470.2742919921875,1465.80810546875,541.4251098632812,1493.234375
1457.png,0,768,0,0.0011373547604307532,1015.8173217773438,1160.8411254882812,1023.7373657226562,1187.2026977539062
1457.png,768,768,1,0.00833140779286623,1389.8970336914062,1529.2544555664062,1398.8541870117188,1546.2129516601562
1457.png,1536,768,4,0.005850465502589941,2274.1925048828125,939.2351379394531,2285.8428955078125,964.7557983398438
1457.png,2046,768,0,0.07622160762548447,2613.5227661132812,1577.0222778320312,2629.1569213867188,1599.7061157226562
1457.png,2046,768,0,0.027460221201181412,2631.185546875,1584.5450439453125,2651.728515625,1619.2784423828125
1457.png,2046,768,1,0.014166822656989098,2631.62255859375,1583.84033203125,2651.38671875,1619.7227783203125
1457.png,2046,768,0,0.007294316776096821,2557.876708984375,1643.5984497070312,2572.9276123046875,1665.3468627929688
1457.png,2046,768,4,0.002687245374545455,2216.705322265625,1236.9325561523438,2244.21435546875,1252.8650512695312
1457.png,2046,768,0,0.0018978663720190525,2613.3391723632812,1643.050537109375,2630.5011596679688,1668.8837890625
1457.png,2046,768,1,0.001285537495277822,2249.624481201172,1262.79833984375,2289.1373901367188,1284.4757080078125
1457.png,0,1536,0,0.03058560937643051,1001.147216796875,2102.0926513671875,1024.0,2118.4921875
1457.png,1536,1536,1,0.09265629947185516,1536.0,2451.890380859375,1570.2621879577637,2463.939208984375
1457.png,1536,1536,1,0.005780843552201986,1536.0296745300293,2439.779052734375,1546.020115852356,2451.6605224609375
1457.png,1536,1536,4,0.0020367486868053675,1536.433645248413,2192.6392822265625,1566.2169723510742,2204.5250244140625
1457.png,1536,1536,0,0.0017459315713495016,2549.0590209960938,2202.0743408203125,2559.8501586914062,2232.7962646484375
1457.png,1536,1536,0,0.0013335762778297067,2551.5039672851562,2195.5972290039062,2559.9762573242188,2225.1128540039062
1457.png,1536,1536,2,0.001065736054442823,2554.24560546875,2119.8189697265625,2560.0,2143.9788818359375
1457.png,1536,1536,0,0.00102692109066993,2372.232666015625,2554.875732421875,2388.8973388671875,2560.0
1457.png,2046,1536,1,0.3866462707519531,2631.7352905273438,1583.7471656799316,2651.1986694335938,1619.3234252929688
1457.png,2046,1536,0,0.3277350068092346,2557.6646118164062,1643.1886596679688,2573.3859252929688,1665.6966247558594
1457.png,2046,1536,0,0.01280132494866848,2613.5240478515625,1576.8850936889648,2629.0557861328125,1599.8763885498047
1457.png,2046,1536,0,0.012696638703346252,2635.0638427734375,1647.6133728027344,2653.3465576171875,1675.4862823486328
1457.png,2046,1536,0,0.00926932692527771,2631.322021484375,1584.5571365356445,2651.508056640625,1618.8628158569336
1457.png,2046,1536,0,0.00892032403498888,2613.8406982421875,1642.825439453125,2630.3360595703125,1668.9395446777344
1457.png,2046,1536,1,0.008840198628604412,2786.2857666015625,1980.4580078125,2851.2030029296875,2009.7849731445312
1457.png,2046,1536,1,0.0020889879669994116,2613.6103515625,1577.003044128418,2628.973388671875,1599.5750198364258
1457.png,0,1786,0,0.007719950284808874,834.4973754882812,2804.13330078125,868.6397094726562,2810.0
1457.png,0,1786,0,0.0035769410897046328,1001.7362060546875,2102.0135498046875,1024.0,2118.1143798828125
1457.png,0,1786,0,0.0033317729830741882,782.3349609375,2790.1829833984375,817.9384765625,2808.1170654296875
1457.png,768,1786,0,0.0178185123950243,834.8236541748047,2804.2420654296875,868.359130859375,2810.0
1457.png,768,1786,2,0.012873093597590923,1451.24365234375,2783.273681640625,1487.365478515625,2809.32177734375
1457.png,768,1786,0,0.009184650145471096,781.5065155029297,2790.2978515625,817.7711181640625,2808.031982421875
1457.png,768,1786,0,0.008563555777072906,768.0,2798.5347900390625,801.5628280639648,2810.0
1457.png,768,1786,0,0.0035941796377301216,768.0,2795.06298828125,806.1096305847168,2810.0
1457.png,768,1786,1,0.0035416989121586084,1491.6783447265625,2448.3255615234375,1544.7379150390625,2460.3641357421875
1457.png,768,1786,0,0.0025364116299897432,768.1644058227539,2795.1141357421875,793.1388263702393,2810.0
1457.png,768,1786,1,0.0012561710318550467,1453.6058349609375,2441.21484375,1515.8192138671875,2456.30859375
1457.png,768,1786,2,0.0012523827608674765,768.2214279174805,2796.269775390625,789.5699977874756,2810.0
1457.png,768,1786,0,0.0011044740676879883,1090.4138793945312,2719.5382690429688,1113.3798217773438,2740.0398559570312
1457.png,1536,1786,0,0.14175227284431458,1789.9486083984375,2594.7767333984375,1801.6876831054688,2618.1859130859375
1457.png,1536,1786,1,0.006285224575549364,1536.0229568481445,2450.47607421875,1570.0751876831055,2464.370849609375
1457.png,1536,1786,0,0.004054730292409658,2549.0484008789062,2202.3682861328125,2559.9555053710938,2232.6015625
1457.png,1536,1786,4,0.002935421885922551,1536.3577613830566,2192.8439331054688,1567.5521068572998,2204.0636596679688
1457.png,1536,1786,2,0.0018650663550943136,2548.93603515625,2202.8566284179688,2560.0,2232.2555541992188
1457.png,1536,1786,1,0.0017094372306019068,2489.3341064453125,2802.6597900390625,2525.7423095703125,2810.0
1457.png,2046,1786,0,0.003783929394558072,2686.9161376953125,1794.1010627746582,2698.3250732421875,1809.3362770080566
1457.png,2046,1786,0,0.001204152125865221,3053.8531494140625,2795.55908203125,3070.0,2810.0
1457.png,2046,1786,1,0.00106137921102345,2487.2069091796875,2800.781982421875,2525.335693359375,2810.0
1530.png,0,0,0,0.034657202661037445,232.72080993652344,70.633056640625,245.51930236816406,97.28305053710938
1530.png,0,0,0,0.001367957447655499,897.0374145507812,769.15380859375,904.3020629882812,781.893798828125
1530.png,768,0,0,0.04675975814461708,1672.7687377929688,1014.8729248046875,1703.0486450195312,1023.9764404296875
1530.png,768,0,1,0.014516991563141346,1112.404296875,487.797607421875,1124.9051513671875,513.5518798828125
1530.png,768,0,1,0.01051399391144514,1097.1090393066406,485.4967041015625,1112.1390686035156,514.25341796875
1530.png,768,0,0,0.004647944122552872,1671.3336791992188,1010.801025390625,1703.2235717773438,1023.91015625
1530.png,768,0,2,0.002980293007567525,1096.6520385742188,485.62811279296875,1111.7958374023438,514.9519653320312
1530.png,1536,0,0,0.040503550320863724,1672.8311462402344,1014.8409423828125,1701.9740905761719,1023.9410400390625
1530.png,1536,0,0,0.0031664364505559206,1671.5169677734375,1011.0272216796875,1702.1044311523438,1023.8792724609375
1530.png,1536,0,0,0.002899897750467062,2547.353515625,797.8843383789062,2559.801513671875,813.2825317382812
1530.png,1536,0,0,0.0010810585226863623,2551.3873291015625,792.8165283203125,2559.8782958984375,807.3026123046875
1530.png,2213,0,0,0.0025338022969663143,3171.2633056640625,880.68017578125,3193.5064697265625,907.221435546875
1530.png,0,768,0,0.057260967791080475,603.5806884765625,1348.5054931640625,627.3934326171875,1359.0045166015625
1530.png,0,768,0,0.02897587977349758,959.8568725585938,1081.2715148925781,972.0029907226562,1107.3333435058594
1530.png,0,768,0,0.0045159729197621346,1008.91748046875,1786.60400390625,1023.322509765625,1792.0
1530.png,0,768,1,0.0022715784143656492,917.8976440429688,1786.4141845703125,943.2930297851562,1792.0
1530.png,0,768,1,0.0019878149032592773,1017.4881591796875,1720.5443115234375,1024.0,1754.5054931640625
1530.png,0,768,0,0.0016670163022354245,578.177734375,1316.290283203125,590.13916015625,1334.1007080078125
1530.png,0,768,1,0.0011347796535119414,1017.3890380859375,1727.4786987304688,1024.0,1762.5160522460938
1530.png,0,768,0,0.0011221513850614429,1019.173828125,1424.9476318359375,1024.0,1445.4500732421875
1530.png,0,768,1,0.0011208694195374846,1018.4473876953125,1715.55712890625,1024.0,1749.047607421875
1530.png,768,768,0,0.5741481184959412,1763.0545654296875,1115.2036743164062,1777.9556884765625,1132.5946655273438
1530.png,768,768,2,0.28839370608329773,1677.613525390625,1073.9478149414062,1708.385498046875,1088.2224731445312
1530.png,768,768,0,0.03716622665524483,1702.9555053710938,1112.6602783203125,1725.3262329101562,1124.283935546875
1530.png,768,768,2,0.03621213510632515,1680.66552734375,1082.1097717285156,1710.757568359375,1098.1117858886719
1530.png,768,768,1,0.021274708211421967,1727.470703125,1052.2096252441406,1742.7396240234375,1081.8099060058594
1530.png,768,768,1,0.019732754677534103,1677.7489624023438,1073.5719604492188,1708.2141723632812,1088.7301635742188
1530.png,768,768,3,0.014156898483633995,959.6914520263672,1081.749267578125,972.0691986083984,1107.685302734375
1530.png,768,768,1,0.013548593968153,959.8231811523438,1081.685791015625,971.7760009765625,1107.2952880859375
1530.png,768,768,4,0.012453598901629448,959.8638000488281,1081.3819580078125,971.752197265625,1106.9482421875
1530.png,768,768,1,0.010266251862049103,1082.7966613769531,1592.6158447265625,1111.3592834472656,1609.7364501953125
1530.png,768,768,0,0.004163750447332859,1727.36865234375,1052.1362609863281,1742.418212890625,1081.8899841308594
1530.png,768,768,0,0.0018116254359483719,1680.6944580078125,1083.9058837890625,1711.1219482421875,1098.681884765625
1530.png,768,768,0,0.0016432348638772964,878.4961700439453,768.038257598877,890.2785186767578,775.198540687561
1530.png,768,768,1,0.0014869197038933635,918.1086730957031,1786.3857421875,943.5106811523438,1792.0
1530.png,768,768,2,0.0013614543713629246,1565.957275390625,768.1471152305603,1577.984130859375,775.4699234962463
1530.png,768,768,1,0.0013376112328842282,955.7751159667969,1081.3924560546875,969.6003723144531,1105.0878295898438
1530.png,768,768,0,0.0012306864373385906,1784.6568603515625,1128.1399536132812,1791.9295654296875,1138.9489135742188
1530.png,1536,768,1,0.7165778279304504,1890.5220947265625,1368.6768798828125,1914.424072265625,1422.9110107421875
1530.png,1536,768,0,0.42616507411003113,1761.8296813964844,1114.761474609375,1778.1510925292969,1132.9385986328125
1530.png,1536,768,2,0.37079524993896484,1677.5330200195312,1073.9922790527344,1708.3059692382812,1088.2074279785156
1530.png,1536,768,0,0.10717730224132538,1912.7108764648438,1371.7222900390625,1926.2692260742188,1401.7882080078125
1530.png,1536,768,1,0.07241161167621613,1727.5455322265625,1052.1508178710938,1742.5065307617188,1082.155029296875
1530.png,1536,768,0,0.0479646734893322,1928.5706787109375,1391.9049682617188,1942.0099487304688,1413.2495727539062
1530.png,1536,768,2,0.04347710683941841,1680.7506408691406,1082.6365356445312,1710.6914367675781,1098.302490234375
1530.png,1536,768,1,0.03614715486764908,1677.6535949707031,1073.6242980957031,1708.1334533691406,1088.6723937988281
1530.png,1536,768,0,0.033572543412446976,1913.5350952148438,1388.2219848632812,1927.1054077148438,1403.5469360351562
1530.png,1536,768,0,0.025465089827775955,1702.7401733398438,1112.6865234375,1725.2801513671875,1124.2650146484375
1530.png,1536,768,3,0.011333175003528595,1929.1117553710938,1392.2798461914062,1941.5540161132812,1413.4871215820312
1530.png,1536,768,0,0.006637320388108492,1921.801025390625,1390.0079345703125,1934.8574829101562,1408.4163818359375
1530.png,1536,768,0,0.006302011664956808,1914.724365234375,1391.0281982421875,1928.01513671875,1405.0455322265625
1530.png,1536,768,0,0.003867518622428179,1890.3046264648438,1368.1317138671875,1911.6646118164062,1420.021728515625
1530.png,1536,768,3,0.0025703643914312124,1919.2884521484375,1392.2823486328125,1933.359375,1415.2293701171875
1530.png,1536,768,3,0.002398464363068342,1947.1718139648438,1406.1051025390625,1957.4541625976562,1416.2816162109375
1530.png,1536,768,2,0.00212613632902503,1565.9828758239746,768.156186580658,1577.7691688537598,775.6667823791504
1530.png,1536,768,3,0.002065482782199979,1906.9911499023438,1371.1785888671875,1922.2584838867188,1413.4525146484375
1530.png,1536,768,0,0.0017393998568877578,1932.8217163085938,1653.7689208984375,1945.9841918945312,1673.4376220703125
1530.png,1536,768,0,0.001730539952404797,2548.005126953125,797.8873138427734,2559.853515625,813.4186706542969
1530.png,1536,768,3,0.0016669553006067872,1536.7417221069336,768.135468006134,1553.2668724060059,775.4033675193787
1530.png,1536,768,3,0.0016007189406082034,1536.133378982544,768.5446434020996,1552.2474937438965,785.7362251281738
1530.png,1536,768,3,0.0012588162207975984,1563.5243320465088,768.0685472488403,1576.6892318725586,774.7041301727295
1530.png,1536,768,3,0.0012317136861383915,1536.0609197616577,768.0,1550.426697731018,779.0295734405518
1530.png,1536,768,1,0.0010786770144477487,2300.3067626953125,768.0987863540649,2359.2117919921875,779.2074565887451
1530.png,1536,768,3,0.001021615113131702,1949.4025268554688,1403.0646362304688,1957.9619140625,1413.4102172851562
1530.png,2213,768,0,0.08423998951911926,3170.54052734375,880.6754760742188,3193.670166015625,907.2390747070312
1530.png,2213,768,0,0.00326632522046566,3042.116943359375,984.3516693115234,3064.728759765625,1016.9795379638672
1530.png,2213,768,0,0.0016286419704556465,3225.4871826171875,1391.80224609375,3237.0,1405.9696044921875
1530.png,2213,768,0,0.001586548169143498,3227.326171875,1118.5498657226562,3236.92919921875,1129.5071411132812
1530.png,2213,768,0,0.0011879779631271958,3224.5406494140625,1387.217041015625,3237.0,1405.828857421875
1530.png,0,1536,0,0.5491719841957092,606.7689208984375,2037.5790405273438,629.4290771484375,2049.7999267578125
1530.png,0,1536,0,0.09170660376548767,406.5126953125,1880.0189819335938,424.50958251953125,1900.55029296875
1530.png,0,1536,0,0.0350576676428318,20.882251739501953,1536.0064849853516,42.88674545288086,1541.2197122573853
1530.png,0,1536,0,0.009344198741018772,1013.3037109375,1914.032958984375,1024.0,1933.8440551757812
1530.png,0,1536,0,0.00852984469383955,2.124635696411133,1536.053960800171,26.347923278808594,1541.3519983291626
1530.png,0,1536,0,0.0024519104044884443,1.9671497344970703,1537.8358354568481,24.342544555664062,1549.0332221984863
1530.png,0,1536,0,0.0022108887787908316,18.205707550048828,1537.511462211609,40.058265686035156,1548.3058738708496
1530.png,0,1536,0,0.001557188224978745,0.32120513916015625,1536.028389930725,16.77762222290039,1544.4392976760864
1530.png,0,1536,0,0.0015491865342482924,18.020469665527344,1536.0,41.88506317138672,1544.1176900863647
1530.png,0,1536,1,0.0010669621406123042,1017.9521484375,1720.3650207519531,1024.0,1753.6820068359375
1530.png,768,1536,1,0.03301252797245979,1082.2586059570312,1593.0457382202148,1111.4563598632812,1610.4352798461914
1530.png,768,1536,0,0.006660688668489456,1081.9087829589844,1592.0764389038086,1111.0986022949219,1611.0063400268555
1530.png,768,1536,0,0.0018196979071944952,768.0527181625366,2520.984619140625,774.9656085968018,2551.357666015625
1530.png,1536,1536,0,0.04354158043861389,2475.4817504882812,2226.8311767578125,2485.0756225585938,2238.7620849609375
1530.png,1536,1536,0,0.017849300056695938,2555.3658447265625,2244.4376220703125,2560.0,2265.2830810546875
1530.png,1536,1536,0,0.005745493806898594,1536.0,2000.4867553710938,1543.951807975769,2021.6987915039062
1530.png,1536,1536,1,0.0020685044582933187,2538.4119873046875,2553.3779296875,2558.9725341796875,2560.0
1530.png,1536,1536,0,0.001935729873366654,2555.5076904296875,2239.6851806640625,2560.0,2260.4732666015625
1530.png,1536,1536,0,0.001754522556439042,1536.0,1999.0228881835938,1548.2086534500122,2025.0227661132812
1530.png,1536,1536,0,0.0015828748000785708,2549.69970703125,2162.5494384765625,2559.372802734375,2189.8909912109375
1530.png,1536,1536,0,0.0011153643717989326,2555.2392578125,2247.3572387695312,2560.0,2269.9622192382812
1530.png,1536,1536,0,0.001014445791952312,1536.0,1997.3397216796875,1545.4297046661377,2023.2237548828125
1530.png,2213,1536,0,0.07130882143974304,2245.551929473877,1887.3521118164062,2255.28609085083,1906.7789916992188
1530.png,2213,1536,0,0.006214468274265528,3232.13818359375,2061.1047973632812,3237.0,2081.1671752929688
1530.png,2213,1536,0,0.002043456071987748,3232.2486572265625,2064.7410278320312,3237.0,2087.4783325195312
1530.png,2213,1536,0,0.0013229392934590578,3232.4544677734375,2050.9556884765625,3237.0,2072.5782470703125
1530.png,0,2195,2,0.01139815617352724,707.2361450195312,2195.0590438842773,728.6790161132812,2202.6556787490845
1530.png,0,2195,0,0.002817426109686494,1012.349365234375,3092.7813720703125,1024.0,3114.188720703125
1530.png,0,2195,2,0.002380572957918048,697.876708984375,2195.063126564026,728.126708984375,2202.311155319214
1530.png,0,2195,1,0.0020560414995998144,645.369384765625,2846.4520263671875,670.6331787109375,2870.6689453125
1530.png,768,2195,0,0.032536085695028305,1213.4361267089844,2827.7601318359375,1234.6774597167969,2855.8345947265625
1530.png,768,2195,0,0.001604342833161354,1778.5833740234375,2665.584259033203,1792.0,2694.1512145996094
1530.png,768,2195,0,0.0010182918049395084,1783.3304443359375,2684.4818420410156,1791.996337890625,2697.170928955078
1530.png,1536,2195,0,0.007017986383289099,2530.384765625,2195.229557991028,2557.8648681640625,2203.0192070007324
1530.png,2213,2195,0,0.04409532621502876,2213.232672691345,3104.4197387695312,2224.266921043396,3128.2044067382812
1530.png,2213,2195,0,0.018834132701158524,2213.727791786194,3106.6319580078125,2224.82435798645,3133.1129150390625
1530.png,2213,2195,0,0.015705514699220657,2213.957878112793,3109.1170654296875,2227.337014198303,3131.2396240234375
1530.png,2213,2195,0,0.012312169186770916,3062.3082885742188,2681.007080078125,3079.3501586914062,2690.2197265625
1530.png,2213,2195,0,0.011068788357079029,2826.493896484375,3189.2955322265625,2840.466064453125,3213.2073974609375
1530.png,2213,2195,0,0.010865146294236183,2892.433349609375,2374.6337280273438,2909.9462890625,2388.665771484375
1530.png,2213,2195,0,0.0049476404674351215,2213.015100479126,3102.5479736328125,2222.9677810668945,3117.4639892578125
1530.png,2213,2195,0,0.0024943468160927296,2213.700119972229,2860.3414306640625,2220.9299602508545,2877.1837158203125
1929.png,0,0,4,0.0026262053288519382,979.7849731445312,1.0757207870483398,1023.4818725585938,8.236438751220703
1929.png,768,0,2,0.002041291445493698,1779.8189697265625,991.78076171875,1792.0,1022.789306640625
1929.png,768,0,1,0.0018294757464900613,1781.2022094726562,993.5726318359375,1791.9280395507812,1023.4522705078125
1929.png,1536,0,1,0.4611535370349884,1913.1471557617188,937.595458984375,1950.5653686523438,1024.0
1929.png,3072,0,0,0.017245467752218246,3649.6761474609375,663.63671875,3678.6949462890625,694.207275390625
1929.png,3840,0,0,0.06804761290550232,4182.965576171875,587.6205444335938,4211.722412109375,597.4397583007812
1929.png,3840,0,0,0.002438467228785157,4677.7275390625,574.6424560546875,4690.1171875,594.0389404296875
1929.png,3955,0,0,0.0035220407880842686,4956.618408203125,1001.3616943359375,4979.0,1023.5594482421875
1929.png,3955,0,0,0.0022696047089993954,4949.2742919921875,1007.730224609375,4979.0,1024.0
1929.png,3955,0,0,0.0015192516148090363,4962.0318603515625,1000.8414306640625,4978.9732666015625,1021.25244140625
1929.png,0,768,0,0.005106146447360516,1012.135986328125,800.2976913452148,1024.0,813.6798629760742
1929.png,0,768,0,0.001557034207507968,0.4378337860107422,1769.97802734375,5.954128265380859,1790.0068359375
1929.png,768,768,0,0.0031930143013596535,1048.8154296875,809.3547286987305,1122.1392822265625,824.5469131469727
1929.png,1536,768,1,0.003956970293074846,2161.221435546875,1405.4830322265625,2197.405029296875,1416.5023193359375
1929.png,1536,768,0,0.001329565653577447,2508.044677734375,1293.424560546875,2546.44189453125,1312.266845703125
1929.png,2304,768,1,0.0015464011812582612,3115.6173095703125,1148.1610412597656,3180.6300048828125,1172.8721008300781
1929.png,3072,768,1,0.2117408812046051,3454.8914794921875,1189.0420837402344,3490.6187744140625,1232.2748718261719
1929.png,3072,768,1,0.005440394394099712,3598.9605712890625,1315.4290771484375,3664.352783203125,1347.6348876953125
1929.png,3072,768,1,0.004113746806979179,3614.4969482421875,1294.83544921875,3686.7381591796875,1323.593505859375
1929.png,3840,768,1,0.6139612793922424,4359.6131591796875,1763.4181518554688,4443.923095703125,1781.5202026367188
1929.png,3840,768,1,0.3866432011127472,4262.161560058594,1767.3477783203125,4348.607421875,1782.4547119140625
1929.png,3840,768,1,0.04430510848760605,4262.287048339844,1766.6095581054688,4326.483825683594,1781.6808471679688
1929.png,3840,768,1,0.04323631525039673,4251.786376953125,1781.9151611328125,4287.87841796875,1792.0
1929.png,3840,768,0,0.029392221942543983,4321.890197753906,1683.53466796875,4337.360534667969,1735.5601806640625
1929.png,3840,768,0,0.017273282632231712,4242.963134765625,1686.5908203125,4257.633117675781,1738.9024658203125
1929.png,3840,768,0,0.014932909049093723,4306.012451171875,1683.325439453125,4319.5692138671875,1736.7601318359375
1929.png,3840,768,1,0.013571236282587051,4263.751495361328,1779.2255859375,4320.947357177734,1791.4224853515625
1929.png,3840,768,0,0.00921962596476078,4224.561340332031,1686.982421875,4241.714050292969,1739.10009765625
1929.png,3840,768,0,0.009095217101275921,4250.355712890625,1783.277099609375,4282.020812988281,1792.0
1929.png,3840,768,1,0.007209596689790487,4258.0006103515625,1780.2667236328125,4292.6650390625,1791.9383544921875
1929.png,3840,768,0,0.00415867380797863,4295.259582519531,1785.0650634765625,4323.763366699219,1792.0
1929.png,3840,768,0,0.0025411639362573624,4221.710784912109,1786.1259765625,4243.086029052734,1792.0
1929.png,3840,768,1,0.0025270923506468534,4259.5517578125,1772.70556640625,4313.212890625,1786.67431640625
1929.png,3840,768,0,0.0014814254827797413,4225.80126953125,1786.06689453125,4260.3870849609375,1792.0
1929.png,3840,768,0,0.001127914059907198,4181.76806640625,1784.0936279296875,4204.5223388671875,1792.0
1929.png,3840,768,0,0.0010904715163633227,4249.243713378906,1779.58642578125,4285.874450683594,1792.0
1929.png,3840,768,0,0.0010522372322157025,4186.962951660156,1784.65283203125,4230.132995605469,1792.0
1929.png,3955,768,1,0.4946146011352539,4360.755859375,1763.3806762695312,4442.891357421875,1781.9015502929688
1929.png,3955,768,1,0.09767681360244751,4261.271179199219,1766.47412109375,4348.0531005859375,1782.697021484375
1929.png,3955,768,1,0.01346626691520214,4250.219970703125,1782.7322998046875,4282.226806640625,1792.0
1929.png,3955,768,0,0.005457656923681498,4739.696838378906,1429.832275390625,4778.988708496094,1441.878662109375
1929.png,3955,768,1,0.005071964580565691,4256.224670410156,1779.9323120117188,4290.535583496094,1791.8836059570312
1929.png,3955,768,0,0.00479267118498683,4321.8685302734375,1682.38623046875,4337.67041015625,1734.740478515625
1929.png,3955,768,3,0.004272380378097296,4360.720397949219,1764.062255859375,4439.880432128906,1781.0009765625
1929.png,3955,768,1,0.003891989588737488,4262.6932373046875,1783.2206420898438,4321.8089599609375,1791.5840454101562
1929.png,3955,768,0,0.002882290631532669,4305.670440673828,1682.1068725585938,4321.691741943359,1736.5740356445312
1929.png,3955,768,0,0.0025745888706296682,4131.242858886719,1421.8875122070312,4141.008117675781,1443.9675903320312
1929.png,3955,768,0,0.0019137373892590404,4223.670349121094,1684.8670043945312,4243.1973876953125,1739.4885864257812
1929.png,3955,768,0,0.001651366357691586,4222.888092041016,1786.0306396484375,4247.668487548828,1792.0
1929.png,3955,768,1,0.0013966350816190243,4262.023529052734,1767.0108032226562,4323.604766845703,1781.3147583007812
1929.png,3955,768,1,0.001308170729316771,4249.813415527344,1779.8570556640625,4286.106750488281,1792.0
1929.png,3955,768,0,0.0012333280174061656,4297.015777587891,1785.58447265625,4323.486114501953,1792.0
1929.png,3955,768,0,0.0012152878334745765,4200.218688964844,1785.325927734375,4243.8004150390625,1792.0
1929.png,3955,768,1,0.0011762997601181269,4260.578125,1780.278076171875,4299.4764404296875,1791.664306640625
1929.png,3955,768,0,0.0010512858862057328,4183.540740966797,1783.8310546875,4205.071502685547,1792.0
1929.png,768,1536,0,0.01595323719084263,768.2100067138672,2499.4027099609375,778.350040435791,2517.5404052734375
1929.png,768,1536,4,0.004898160230368376,1340.01220703125,2313.9027099609375,1402.522216796875,2327.3609619140625
1929.png,768,1536,1,0.003556629875674844,1202.84130859375,2501.6064453125,1230.1318359375,2560.0
1929.png,768,1536,0,0.002749062143266201,1078.817626953125,2518.9263916015625,1101.6783447265625,2553.9674072265625
1929.png,768,1536,4,0.0020595001988112926,1736.1849365234375,1706.6029052734375,1791.5792236328125,1732.6610717773438
1929.png,768,1536,1,0.0014123308937996626,1772.67236328125,1926.2382202148438,1792.0,1977.8773803710938
1929.png,1536,1536,1,0.010018506087362766,1536.0,2263.9798583984375,1554.6130332946777,2283.3985595703125
1929.png,1536,1536,0,0.00385910808108747,2152.415283203125,1536.0,2194.80078125,1542.4178342819214
1929.png,1536,1536,0,0.001963407965376973,1536.1439838409424,2264.4093017578125,1554.6764221191406,2283.3919677734375
1929.png,1536,1536,0,0.001439803745597601,2174.6334228515625,1537.71581697464,2202.894287109375,1552.1854705810547
1929.png,1536,1536,1,0.0012486391933634877,1536.0986557006836,2269.4390869140625,1552.9057159423828,2303.1053466796875
1929.png,1536,1536,0,0.001187494839541614,2081.2921752929688,1536.0,2115.0575561523438,1540.88037109375
1929.png,1536,1536,1,0.0011030224850401282,2157.288818359375,1536.126522064209,2199.62939453125,1545.2574920654297
1929.png,1536,1536,0,0.0010650900658220053,2090.8414306640625,1536.0,2127.9857177734375,1541.0760326385498
1929.png,2304,1536,1,0.0013314499519765377,2873.0718994140625,2554.46875,2894.4674072265625,2560.0
1929.png,3072,1536,1,0.06518040597438812,4038.837158203125,2554.133544921875,4094.7530517578125,2560.0
1929.png,3072,1536,1,0.03883975371718407,4038.9794921875,2550.9146728515625,4094.305419921875,2560.0
1929.png,3072,1536,1,0.015072266571223736,4037.7626342773438,2547.5675048828125,4095.2599487304688,2560.0
1929.png,3072,1536,4,0.014676819555461407,3072.0521869659424,2015.7118225097656,3103.7713470458984,2037.1095275878906
1929.png,3072,1536,1,0.001652756822295487,4064.7916870117188,1687.9531707763672,4086.9431762695312,1745.5460662841797
1929.png,3072,1536,0,0.0012616838794201612,3072.0594940185547,2016.1141967773438,3104.1790084838867,2040.1846313476562
1929.png,3840,1536,1,0.3190513551235199,4038.7357482910156,2550.3758544921875,4093.1261291503906,2559.9620361328125
1929.png,3840,1536,1,0.2063729465007782,4358.3204345703125,1762.5061340332031,4444.296142578125,1781.7012023925781
1929.png,3840,1536,1,0.19585274159908295,4037.92626953125,2554.411865234375,4097.7344970703125,2560.0
1929.png,3840,1536,1,0.02347666770219803,4037.443145751953,2546.8824462890625,4088.2945556640625,2559.7374267578125
1929.png,3840,1536,0,0.021905753761529922,4321.8621826171875,1683.179428100586,4337.3648681640625,1735.7031707763672
1929.png,3840,1536,0,0.011567805893719196,4305.935119628906,1682.881591796875,4319.571594238281,1736.9320678710938
1929.png,3840,1536,1,0.009720412082970142,4041.97900390625,2555.0904541015625,4107.512420654297,2560.0
1929.png,3840,1536,0,0.009229396469891071,4242.841796875,1686.228271484375,4257.5093994140625,1739.0133666992188
1929.png,3840,1536,0,0.0045836507342755795,4224.596710205078,1686.5367736816406,4241.920013427734,1739.2444152832031
1929.png,3840,1536,3,0.003804223146289587,4261.6458740234375,1763.95361328125,4347.29296875,1783.311767578125
1929.png,3840,1536,1,0.003625259269028902,4263.361511230469,1765.8258361816406,4350.434020996094,1782.9262084960938
1929.png,3840,1536,0,0.0019316833931952715,4490.892578125,1794.83154296875,4505.5323486328125,1804.4669189453125
1929.png,3840,1536,0,0.0017691447865217924,4678.427307128906,1827.0238952636719,4702.088195800781,1881.6347351074219
1929.png,3840,1536,0,0.001071172533556819,4688.952697753906,1828.4424438476562,4721.026306152344,1881.5449829101562
1929.png,3955,1536,1,0.2585769593715668,4038.0379943847656,2552.0455322265625,4094.1507873535156,2560.0
1929.png,3955,1536,1,0.16247870028018951,4360.028472900391,1762.5709991455078,4447.148040771484,1781.412338256836
1929.png,3955,1536,1,0.060860611498355865,4038.327102661133,2554.786865234375,4097.069686889648,2560.0
1929.png,3955,1536,1,0.024116363376379013,4036.705780029297,2547.65478515625,4091.430206298828,2560.0
1929.png,3955,1536,0,0.004432245623320341,4679.7484130859375,1826.7043151855469,4701.9935302734375,1881.1174011230469
1929.png,3955,1536,0,0.003455062862485647,4696.6368408203125,1830.0899658203125,4720.8936767578125,1880.8826904296875
1929.png,3955,1536,0,0.0019014248391613364,4321.830383300781,1681.88427734375,4337.675842285156,1734.8095703125
1929.png,3955,1536,0,0.001482137362472713,4305.655853271484,1681.3337707519531,4321.896392822266,1736.760498046875
1929.png,0,2159,0,0.3677963614463806,349.09393310546875,3125.2874145507812,371.45318603515625,3137.5510864257812
1929.png,0,2159,1,0.00734127638861537,864.5721435546875,3108.80029296875,953.6912841796875,3123.854736328125
1929.png,0,2159,0,0.0016442810883745551,1017.294189453125,3051.5081787109375,1023.90087890625,3075.2237548828125
1929.png,768,2159,1,0.013035253621637821,864.5148620605469,3108.8892822265625,953.1964111328125,3123.834228515625
1929.png,768,2159,4,0.009235743433237076,1339.957763671875,2314.1121215820312,1403.135009765625,2327.3049926757812
1929.png,768,2159,0,0.008425385691225529,1524.3304443359375,2263.9151153564453,1557.3673095703125,2284.8624114990234
1929.png,768,2159,1,0.004621987231075764,768.0,3097.5703125,793.520112991333,3113.439208984375
1929.png,768,2159,1,0.004045013803988695,1629.9122924804688,3175.8590087890625,1656.3971557617188,3182.8709716796875
1929.png,768,2159,0,0.003143239300698042,1769.311767578125,2254.0099029541016,1791.5311279296875,2281.7731170654297
1929.png,768,2159,1,0.001904421835206449,1532.665771484375,3133.5108642578125,1557.2646484375,3175.4732666015625
1929.png,768,2159,0,0.0014861936215311289,1129.3705139160156,3178.1402587890625,1161.0375671386719,3183.0
1929.png,768,2159,0,0.001445684116333723,768.1938600540161,2499.054931640625,778.6150197982788,2517.7574462890625
1929.png,1536,2159,1,0.7498900890350342,1536.0,3134.8363037109375,1557.1756534576416,3175.5926513671875
1929.png,1536,2159,1,0.007763598579913378,1629.3331985473633,3176.3341064453125,1659.8787460327148,3183.0
1929.png,1536,2159,0,0.00608203187584877,1536.0548286437988,2265.123001098633,1555.1775207519531,2281.9103240966797
1929.png,1536,2159,0,0.00563519261777401,2084.130615234375,2798.3795166015625,2100.814697265625,2826.7357177734375
1929.png,1536,2159,1,0.004440817050635815,1536.0,2264.9920806884766,1554.9930458068848,2282.330307006836
1929.png,1536,2159,1,0.0014021317474544048,1623.4457626342773,3177.632080078125,1655.8565292358398,3183.0
1929.png,1536,2159,0,0.0013823496410623193,1536.0,2252.8277893066406,1545.7575149536133,2274.4140625
1929.png,1536,2159,0,0.0013216969091445208,1536.9205417633057,3174.4161376953125,1565.5345859527588,3183.0
1929.png,1536,2159,0,0.0012746661668643355,1536.0,3169.28173828125,1550.0130767822266,3183.0
1929.png,1536,2159,0,0.0012195847230032086,1536.4102849960327,2664.5589599609375,1541.7798385620117,2671.1099853515625
1929.png,1536,2159,0,0.0011083732824772596,1536.289227962494,2670.108917236328,1541.4261860847473,2677.93505859375
1929.png,1536,2159,1,0.0010963596869260073,1616.8231048583984,3159.7734375,1654.6648406982422,3181.589599609375
1929.png,2304,2159,0,0.021344760432839394,2601.04736328125,3027.6822509765625,2627.9117431640625,3037.1297607421875
1929.png,2304,2159,1,0.0056946235708892345,2310.424042701721,2929.6666259765625,2336.508186340332,2950.6883544921875
1929.png,2304,2159,2,0.0014633755199611187,2310.6845474243164,2930.1632080078125,2336.7984657287598,2950.4237060546875
1929.png,3072,2159,1,0.04513426870107651,3072.5205307006836,2619.7972412109375,3142.6767196655273,2655.2464599609375
1929.png,3072,2159,4,0.0020145049784332514,3581.8488159179688,2159.0,3631.0639038085938,2166.050064086914
1929.png,3072,2159,1,0.0019139678915962577,3072.0,2632.751708984375,3091.1201457977295,2657.3472900390625
1929.png,3955,2159,1,0.01005755178630352,4934.1253662109375,3135.9457397460938,4979.0,3157.4085083007812
20.png,0,0,1,0.5679606795310974,771.7086181640625,606.8218994140625,828.3250732421875,620.3880615234375
20.png,0,0,1,0.559546709060669,767.395751953125,624.7078857421875,823.372802734375,644.8504638671875
20.png,0,0,1,0.2984364330768585,543.6607666015625,321.70294189453125,571.4661865234375,374.5771484375
20.png,0,0,1,0.2682279944419861,775.3837280273438,593.9454345703125,831.5228881835938,606.8143310546875
20.png,0,0,1,0.004624216817319393,622.5648193359375,561.7261962890625,648.4559326171875,588.8157958984375
20.png,0,0,2,0.0025547053664922714,659.4688110351562,589.2841796875,682.3551635742188,638.3162841796875
20.png,0,0,1,0.0025292413774877787,660.4677124023438,588.310546875,681.8849487304688,638.8660888671875
20.png,0,0,1,0.002405262552201748,609.7706298828125,521.7802734375,635.4620361328125,562.4715576171875
20.png,0,0,0,0.0012589342659339309,777.0509033203125,1005.949462890625,800.1273193359375,1023.72021484375
20.png,0,0,0,0.001139187254011631,1017.4373779296875,551.569091796875,1024.0,564.42822265625
20.png,0,0,2,0.0011301090708002448,729.3355712890625,625.3724365234375,758.9442138671875,646.1417236328125
20.png,0,0,1,0.0010985572589561343,753.2532958984375,638.583251953125,803.9681396484375,680.3184814453125
20.png,768,0,1,0.7498958706855774,768.7642707824707,624.456787109375,822.2156715393066,645.26953125
20.png,768,0,1,0.5279240608215332,772.5906848907471,606.8450927734375,828.1087799072266,620.6783447265625
20.png,768,0,1,0.46482136845588684,776.2666206359863,593.8165893554688,831.1444664001465,607.1150512695312
20.png,768,0,1,0.34709781408309937,768.0,646.430419921875,799.0401916503906,683.28759765625
20.png,768,0,0,0.03858453035354614,776.8389549255371,565.2037353515625,803.9762191772461,585.3699951171875
20.png,768,0,1,0.016411250457167625,768.0,633.8095703125,802.5288391113281,678.721923828125
20.png,768,0,1,0.011310170404613018,773.6514301300049,593.5193481445312,829.6017913818359,613.4108276367188
20.png,768,0,1,0.011212938465178013,768.1592063903809,8.631267547607422,804.4592475891113,41.70795440673828
20.png,768,0,3,0.007612220942974091,1242.82177734375,0.16905975341796875,1255.1919555664062,5.321911811828613
20.png,768,0,1,0.007293515373021364,769.698902130127,606.8740234375,827.0490112304688,632.409912109375
20.png,768,0,1,0.004332402721047401,768.751766204834,606.470458984375,801.0709075927734,636.25439453125
20.png,768,0,2,0.004026392009109259,1245.7820129394531,986.19140625,1263.7287292480469,1023.715576171875
20.png,768,0,2,0.003387282369658351,772.6749687194824,563.5093994140625,803.1286582946777,585.1317138671875
20.png,768,0,1,0.003360303118824959,1223.2501831054688,988.8663330078125,1242.2975463867188,1023.8946533203125
20.png,768,0,0,0.0031401761807501316,778.8113718032837,1005.9659423828125,800.1807022094727,1023.7611083984375
20.png,768,0,3,0.002938368357717991,1246.5613403320312,0.07029438018798828,1256.7897338867188,5.570671558380127
20.png,768,0,1,0.002913930220529437,1211.6182250976562,996.2742309570312,1230.4270629882812,1023.7765502929688
20.png,768,0,0,0.002811295911669731,1247.0914306640625,0.12193965911865234,1256.5474853515625,8.11204719543457
20.png,768,0,1,0.002449973952025175,769.1788749694824,603.4061889648438,801.0696029663086,627.4238891601562
20.png,768,0,1,0.0020042574033141136,769.7081642150879,589.0814208984375,823.0300788879395,609.356201171875
20.png,768,0,2,0.0018609133549034595,768.5314755439758,585.0516967773438,775.6596064567566,611.4851684570312
20.png,768,0,2,0.001735833240672946,768.930347442627,592.1288452148438,784.9541969299316,618.2553100585938
20.png,768,0,1,0.0016083730151876807,1234.1965637207031,986.5369873046875,1253.9588928222656,1023.6671142578125
20.png,768,0,1,0.0015582465566694736,1197.9873657226562,999.228271484375,1219.4716796875,1024.0
20.png,768,0,2,0.0011122660944238305,768.6229028701782,574.325927734375,777.1167697906494,601.15478515625
20.png,1536,0,0,0.0027147503569722176,1536.34814453125,171.12696838378906,1542.911389350891,190.9170379638672
20.png,1536,0,0,0.0013212445192039013,1536.3242967128754,173.24853515625,1544.1191368103027,195.602294921875
20.png,0,768,4,0.01877434365451336,884.5809326171875,1411.527587890625,916.7520751953125,1421.474853515625
20.png,0,768,1,0.01780744083225727,884.285888671875,1411.654296875,916.445068359375,1421.770263671875
20.png,0,768,2,0.015582696534693241,755.968017578125,1213.9519653320312,778.4453125,1258.5480346679688
20.png,768,768,1,0.020041778683662415,884.1511611938477,1411.747314453125,916.4605407714844,1421.548828125
20.png,768,768,2,0.01266880240291357,768.0620613098145,1355.81787109375,793.2981071472168,1389.31982421875
20.png,768,768,0,0.007038202602416277,781.8734426498413,1006.8280639648438,799.9250106811523,1029.2731323242188
20.png,768,768,2,0.005209995433688164,768.1192646026611,1342.375,793.9899520874023,1388.8126220703125
20.png,768,768,2,0.004412029404193163,768.1591958999634,1225.095458984375,777.1827850341797,1260.5272216796875
20.png,768,768,0,0.0016656243242323399,784.7782287597656,998.2417907714844,800.9176864624023,1019.1208190917969
20.png,768,768,2,0.001602217904292047,768.0794429779053,1398.8152465820312,791.6900825500488,1432.0051879882812
20.png,1536,768,0,0.012130290269851685,1536.1267127990723,1655.96923828125,1548.1695356369019,1674.144775390625
20.png,1536,768,0,0.0038177366368472576,1536.234058380127,1655.6760864257812,1546.3583116531372,1679.6000366210938
20.png,1536,768,0,0.001873841043561697,1917.0126037597656,1787.4849853515625,1932.5320129394531,1792.0
20.png,1536,768,2,0.0010933808516710997,2534.3306884765625,1220.3082885742188,2560.0,1288.0695190429688
20.png,1536,768,1,0.0010116503108292818,2411.8099365234375,1776.474365234375,2434.7645263671875,1790.7393798828125
20.png,2069,768,1,0.0032116095535457134,2095.936710357666,1786.995361328125,2111.9378623962402,1792.0
20.png,2069,768,2,0.002887735143303871,2410.0823974609375,1699.4440307617188,2418.2904663085938,1721.7496948242188
20.png,2069,768,0,0.0018072547391057014,2069.4136991500854,1613.1100463867188,2074.8565797805786,1629.0350952148438
20.png,2069,768,1,0.0010668127797544003,2411.8533325195312,1775.265869140625,2435.2061157226562,1789.9990234375
20.png,0,1536,0,0.09068844467401505,978.44677734375,1861.5209045410156,1006.443115234375,1881.1051940917969
20.png,0,1536,0,0.03187542036175728,995.9573364257812,1868.6705627441406,1022.4378051757812,1886.0605773925781
20.png,0,1536,1,0.006392084062099457,995.2921142578125,1868.823974609375,1023.0040283203125,1886.044921875
20.png,0,1536,0,0.0039908490143716335,1018.61181640625,1897.9463195800781,1024.0,1910.4758605957031
20.png,0,1536,0,0.0035140840336680412,1018.80908203125,1900.4697875976562,1024.0,1914.0563354492188
20.png,0,1536,4,0.0012720519443973899,1018.7401123046875,1905.5501403808594,1024.0,1934.2723693847656
20.png,0,1536,1,0.0012034556129947305,1019.153076171875,1884.3733215332031,1024.0,1904.7722473144531
20.png,0,1536,0,0.0010680697159841657,1018.8504638671875,1901.5244750976562,1024.0,1921.6589965820312
20.png,768,1536,0,0.028168411925435066,1329.9334716796875,1907.7728881835938,1343.793701171875,1934.5261840820312
20.png,768,1536,1,0.02130550891160965,1296.7113037109375,1908.4320678710938,1311.201416015625,1932.5009155273438
20.png,768,1536,0,0.007148147094994783,977.7519683837891,1860.53564453125,1006.9803619384766,1880.910888671875
20.png,768,1536,0,0.005295646842569113,1308.5410766601562,1909.3236083984375,1319.4779663085938,1928.9888916015625
20.png,768,1536,1,0.0044877114705741405,1329.6747436523438,1908.1496276855469,1343.0969848632812,1934.0653381347656
20.png,768,1536,0,0.004472347907721996,1777.8079223632812,1577.5360221862793,1791.5443725585938,1586.979549407959
20.png,768,1536,1,0.003477226011455059,1760.7435302734375,2549.4969482421875,1792.0,2560.0
20.png,768,1536,0,0.003284467151388526,1772.37255859375,1565.552490234375,1791.465576171875,1575.9919738769531
20.png,768,1536,0,0.002992964116856456,1297.905029296875,1909.8777770996094,1311.092041015625,1932.4873962402344
20.png,768,1536,0,0.002942353719845414,1717.814453125,1579.4647216796875,1731.8408203125,1587.061279296875
20.png,768,1536,0,0.002379712648689747,1339.5159912109375,1910.0324096679688,1352.5902099609375,1934.9996337890625
20.png,768,1536,0,0.0021263286471366882,1256.9654541015625,2531.85107421875,1277.556884765625,2554.34228515625
20.png,768,1536,1,0.001550506567582488,1763.6640625,2540.244873046875,1792.0,2560.0
20.png,768,1536,0,0.0014030995080247521,1318.3909301757812,1908.5951538085938,1328.6924438476562,1927.4989624023438
20.png,768,1536,0,0.0013457346940413117,1717.8165283203125,1575.926498413086,1730.7796630859375,1585.7283782958984
20.png,768,1536,2,0.001209002686664462,1762.6073608398438,2546.184326171875,1791.9622192382812,2560.0
20.png,768,1536,0,0.0011530877090990543,1316.4085083007812,1914.61279296875,1327.2678833007812,1933.18017578125
20.png,768,1536,1,0.001038505812175572,994.2236938476562,1867.1453857421875,1025.5205688476562,1886.551025390625
20.png,768,1536,0,0.0010150591842830181,1307.9445190429688,1909.7932739257812,1323.1502075195312,1933.1832885742188
20.png,768,1536,0,0.0010112541494891047,1310.8194580078125,1917.0252990722656,1322.2467041015625,1932.6399841308594
20.png,1536,1536,0,0.004021668341010809,1536.1520328521729,1656.198143005371,1548.181206703186,1674.3636779785156
20.png,1536,1536,0,0.0031541248317807913,1536.0,1809.672607421875,1541.655225276947,1829.9732666015625
20.png,1536,1536,3,0.00303358375094831,1767.6027221679688,2104.7095947265625,1790.3411254882812,2115.9959716796875
20.png,1536,1536,0,0.0023692618124186993,1536.2311525344849,1655.89013671875,1546.4134426116943,1679.4661865234375
20.png,1536,1536,3,0.0015141720650717616,1768.1441955566406,2099.8679809570312,1789.0509948730469,2114.0532836914062
20.png,1536,1536,0,0.0013523645466193557,1987.9830932617188,2169.48486328125,1997.1972045898438,2181.417236328125
20.png,1536,1536,0,0.0010667030001059175,1990.5643310546875,2169.5752563476562,1997.4324951171875,2181.5903930664062
20.png,1536,1536,0,0.0010559362126514316,2407.803955078125,1700.7864685058594,2418.962646484375,1721.8282165527344
20.png,2069,1536,0,0.01515059545636177,2069.31188249588,1611.0203399658203,2074.6667923927307,1629.3343658447266
20.png,2069,1536,0,0.011154784820973873,2069.153350830078,1605.0071334838867,2073.8038511276245,1628.6607131958008
20.png,2069,1536,0,0.003421732923015952,2069.0,1608.1616821289062,2077.0856761932373,1629.6590576171875
20.png,2069,1536,0,0.0018302988028153777,2069.0,1597.8191986083984,2073.436384677887,1621.9992218017578
20.png,0,1907,0,0.001229042885825038,1017.339111328125,1907.0,1024.0,1914.1826992034912
20.png,0,1907,0,0.0011222428875043988,1008.4373779296875,1907.0,1023.6553955078125,1912.6680612564087
20.png,768,1907,3,0.03312601521611214,1643.5506591796875,1907.6732931137085,1655.68798828125,1915.0559844970703
20.png,768,1907,3,0.031068667769432068,1642.0428466796875,1907.3435916900635,1655.226806640625,1913.8456444740295
20.png,768,1907,3,0.017097949981689453,1646.9842529296875,1915.7823085784912,1663.070068359375,1926.096263885498
20.png,768,1907,0,0.007238028105348349,1329.1732177734375,1907.5908164978027,1343.8486328125,1934.9363288879395
20.png,768,1907,0,0.004919829778373241,1722.6045532226562,2355.2787475585938,1733.6920776367188,2375.4136352539062
20.png,768,1907,0,0.00288349948823452,1401.51611328125,2053.5809631347656,1418.109375,2077.167266845703
20.png,768,1907,0,0.002639767713844776,1775.5826416015625,2113.071807861328,1791.6068115234375,2132.013214111328
20.png,768,1907,0,0.0018657783512026072,1771.5989990234375,2121.0006103515625,1791.652099609375,2140.5571899414062
20.png,768,1907,2,0.001395225990563631,1728.4205322265625,2923.7257080078125,1770.9652099609375,2931.0
20.png,768,1907,3,0.0013906731037423015,1630.6839599609375,1907.1083569526672,1648.8590087890625,1912.6118845939636
20.png,768,1907,3,0.0013747671619057655,1643.8919677734375,1910.7095398902893,1658.8665771484375,1920.0198078155518
20.png,768,1907,3,0.0013369590742513537,1643.246826171875,1910.178958415985,1659.318115234375,1922.8882751464844
20.png,768,1907,0,0.001270440872758627,1779.718994140625,2343.1111755371094,1792.0,2362.788116455078
20.png,768,1907,1,0.0012171192793175578,1646.8228759765625,1907.7886781692505,1661.6666259765625,1914.1586627960205
20.png,768,1907,0,0.0012160716578364372,1413.1234130859375,2623.2840576171875,1440.0538330078125,2644.0797119140625
20.png,768,1907,0,0.0010266941972076893,1356.2310791015625,1907.0,1371.3948974609375,1921.1582489013672
20.png,768,1907,2,0.001011217595078051,1737.6638793945312,2924.4945068359375,1773.5628051757812,2931.0
20.png,1536,1907,0,0.011213408783078194,2408.4435424804688,2865.3570556640625,2419.3338012695312,2886.2601318359375
20.png,1536,1907,3,0.009561024606227875,1768.7576293945312,2107.193328857422,1787.0444030761719,2116.0258178710938
20.png,1536,1907,3,0.009183630347251892,1769.962631225586,2108.729507446289,1788.1538848876953,2118.708236694336
20.png,1536,1907,3,0.0050274403765797615,1641.8579864501953,1907.2929229736328,1654.811508178711,1913.728310585022
20.png,1536,1907,3,0.003429330186918378,1643.5750274658203,1907.617504119873,1655.585433959961,1915.0732583999634
20.png,1536,1907,0,0.003257488366216421,2058.2115478515625,1916.9103565216064,2073.1668701171875,1927.8603839874268
20.png,1536,1907,3,0.0025869884993880987,1769.1373596191406,2102.746124267578,1787.3309631347656,2114.206817626953
20.png,1536,1907,0,0.0016080766217783093,1772.7664642333984,2111.2885131835938,1789.2405548095703,2123.1727905273438
20.png,2069,1907,4,0.47979536652565,2839.247314453125,2904.404296875,2866.549072265625,2931.0
20.png,2069,1907,1,0.0526314303278923,2836.0147094726562,2904.4322509765625,2867.8406372070312,2930.9522705078125
20.png,2069,1907,1,0.009296831674873829,2069.0,2562.4205932617188,2106.197536468506,2581.9973754882812
20.png,2069,1907,0,0.0018024593591690063,2408.5314025878906,2866.0780029296875,2419.555389404297,2885.8150634765625
20.png,2069,1907,1,0.0010019171750172973,2069.0,2563.5116577148438,2106.5108642578125,2591.6577758789062
2139.png,0,0,1,0.011735477484762669,977.350341796875,1003.75390625,1024.0,1024.0
2139.png,0,0,1,0.005688630044460297,974.44775390625,1012.070068359375,1024.0,1024.0
2139.png,0,0,1,0.0031756639946252108,993.1126708984375,1001.20166015625,1024.0,1024.0
2139.png,768,0,0,0.014132089912891388,1400.669921875,957.6778564453125,1410.057861328125,977.6673583984375
2139.png,1536,0,0,0.13669610023498535,1985.0588989257812,843.3333740234375,1994.0051879882812,858.7384033203125
2139.png,1536,0,0,0.08200260996818542,1961.1907958984375,803.1228637695312,1972.26806640625,817.8513793945312
2139.png,1536,0,0,0.018237996846437454,1999.7163696289062,839.43115234375,2017.9863891601562,868.72998046875
2139.png,1536,0,0,0.016452789306640625,1975.4827880859375,829.240234375,1984.0531005859375,842.275634765625
2139.png,1536,0,0,0.013877645134925842,1985.5914611816406,842.2633056640625,1996.2701110839844,858.6163330078125
2139.png,1536,0,0,0.009098917245864868,1963.5436706542969,828.7061767578125,1975.8812561035156,841.2462158203125
2139.png,1536,0,0,0.00892867986112833,1973.0337524414062,828.7474365234375,1982.1166381835938,842.3350830078125
2139.png,1536,0,1,0.0021202091593295336,2000.2464904785156,839.5228271484375,2018.6564025878906,869.0386962890625
2139.png,1536,0,0,0.001088442513719201,1977.124755859375,830.701171875,1984.9027099609375,844.0712890625
2139.png,0,768,1,0.04227164760231972,915.75537109375,1781.6185302734375,949.273681640625,1792.0
2139.png,0,768,1,0.004170650150626898,914.8497924804688,1779.6214599609375,960.2416381835938,1792.0
2139.png,0,768,1,0.002233571605756879,909.7652587890625,1784.005615234375,941.1629638671875,1792.0
2139.png,0,768,1,0.0013707040343433619,979.4649658203125,1785.7828369140625,1024.0,1792.0
2139.png,0,768,1,0.0010862289927899837,994.1741943359375,1783.046875,1024.0,1792.0
2139.png,0,768,1,0.0010172029724344611,982.6732177734375,1777.4736328125,1023.9796142578125,1791.913818359375
2139.png,768,768,1,0.6466018557548523,1523.35009765625,1540.8519287109375,1539.877197265625,1576.0230712890625
2139.png,768,768,1,0.33230647444725037,1646.52490234375,1532.7943115234375,1662.5498046875,1569.7069091796875
2139.png,768,768,1,0.3314996361732483,1546.3682861328125,1538.0103759765625,1560.5550537109375,1575.4715576171875
2139.png,768,768,4,0.25204965472221375,1536.28857421875,1536.7850341796875,1547.648681640625,1570.1239013671875
2139.png,768,768,1,0.16500046849250793,1551.24853515625,1668.3319091796875,1566.957275390625,1698.6170654296875
2139.png,768,768,1,0.12189654260873795,1636.6295166015625,1530.0445556640625,1650.2513427734375,1566.2825927734375
2139.png,768,768,1,0.12008506804704666,1626.2470703125,1529.893310546875,1640.66015625,1565.201416015625
2139.png,768,768,0,0.11194141209125519,1579.5950927734375,1591.7303466796875,1593.6644287109375,1620.0985107421875
2139.png,768,768,1,0.11090528964996338,1603.7254638671875,1530.4132690429688,1618.2012939453125,1566.9236450195312
2139.png,768,768,4,0.10304298251867294,1582.7938842773438,1670.6670532226562,1594.4398803710938,1697.4988403320312
2139.png,768,768,1,0.07445184886455536,1535.876708984375,1537.2081298828125,1548.056396484375,1572.9537353515625
2139.png,768,768,1,0.055306170135736465,1562.6300048828125,1667.9132690429688,1576.6939697265625,1699.1549682617188
2139.png,768,768,0,0.05437023192644119,1626.7183837890625,1530.1361083984375,1640.153076171875,1564.3646240234375
2139.png,768,768,0,0.05115823075175285,1589.31103515625,1588.8597412109375,1604.1435546875,1617.9461669921875
2139.png,768,768,0,0.04011489078402519,1570.9957275390625,1594.3199462890625,1586.020263671875,1622.479248046875
2139.png,768,768,4,0.0369555689394474,1581.4320068359375,1647.9732055664062,1592.3067626953125,1672.2178344726562
2139.png,768,768,1,0.030206259340047836,915.767822265625,1781.6417236328125,949.3682556152344,1792.0
2139.png,768,768,0,0.024704961106181145,1636.158447265625,1530.9791870117188,1649.994873046875,1565.1116333007812
2139.png,768,768,4,0.02072320319712162,1543.6696166992188,1536.678466796875,1556.9046020507812,1571.679443359375
2139.png,768,768,4,0.016510669142007828,1588.9877319335938,1646.4029541015625,1600.2362670898438,1670.6058349609375
2139.png,768,768,0,0.010624957270920277,1582.41552734375,1670.4404296875,1594.635009765625,1697.6435546875
2139.png,768,768,4,0.009099304676055908,1526.0635986328125,1538.3206787109375,1540.0242919921875,1573.0015869140625
2139.png,768,768,4,0.009037349373102188,1576.264404296875,1650.2733764648438,1587.697265625,1673.6443481445312
2139.png,768,768,0,0.00880417786538601,1555.579345703125,1651.03955078125,1570.927001953125,1676.339111328125
2139.png,768,768,1,0.007325378246605396,915.4777526855469,1782.1005859375,962.1731872558594,1792.0
2139.png,768,768,1,0.0067839110270142555,1588.2872314453125,1589.6992797851562,1603.9761962890625,1617.5524291992188
2139.png,768,768,0,0.006301434710621834,1596.8270263671875,1583.98046875,1615.0875244140625,1618.082275390625
2139.png,768,768,4,0.00560865318402648,1585.74267578125,1647.9056396484375,1597.202392578125,1671.0565185546875
2139.png,768,768,0,0.005424629896879196,1569.062255859375,1594.1045532226562,1582.93408203125,1624.4430541992188
2139.png,768,768,1,0.004868726711720228,1597.1910400390625,1584.4185791015625,1615.53466796875,1618.2469482421875
2139.png,768,768,2,0.004743580706417561,1597.2884521484375,1583.6146240234375,1614.3419189453125,1618.0482177734375
2139.png,768,768,0,0.004212734755128622,1554.234130859375,1656.3944091796875,1570.120849609375,1692.5361328125
2139.png,768,768,1,0.003981010522693396,1599.3359375,1531.9654541015625,1614.06884765625,1565.7860107421875
2139.png,768,768,0,0.0031899178866297007,1592.3366088867188,1586.1549072265625,1606.9214477539062,1618.4979248046875
2139.png,768,768,0,0.0027974145486950874,1563.98876953125,1668.4752197265625,1576.5361328125,1700.0875244140625
2139.png,768,768,4,0.002646768232807517,1546.4979248046875,1537.117431640625,1559.3092041015625,1572.109375
2139.png,768,768,0,0.002402022248134017,1586.615478515625,1646.4822998046875,1598.698974609375,1670.1690673828125
2139.png,768,768,0,0.0022872048430144787,1585.513916015625,1668.8065185546875,1597.3648681640625,1696.4935302734375
2139.png,768,768,1,0.002039677696302533,1585.8818359375,1667.4024047851562,1596.7918701171875,1696.0355834960938
2139.png,768,768,1,0.0019436039729043841,1598.6405029296875,1665.2205200195312,1614.9046630859375,1693.8323364257812
2139.png,768,768,4,0.0018696167971938848,1575.7275390625,1667.6189575195312,1586.479736328125,1696.8303833007812
2139.png,768,768,4,0.0018443387234583497,1432.4544677734375,768.0,1463.1651611328125,779.9553108215332
2139.png,768,768,1,0.001636801054701209,1644.3028564453125,1531.5594482421875,1660.0225830078125,1567.7615966796875
2139.png,768,768,1,0.0015803312417119741,909.0579223632812,1783.963134765625,941.137451171875,1792.0
2139.png,768,768,1,0.001479312195442617,1568.1607666015625,1651.609619140625,1579.1776123046875,1676.012451171875
2139.png,768,768,0,0.0014609276549890637,1589.720947265625,1729.37109375,1598.71484375,1746.763916015625
2139.png,768,768,1,0.0011102092685177922,1583.421142578125,1669.5612182617188,1595.2073974609375,1696.9078979492188
2139.png,768,768,4,0.0010917473118752241,1594.28515625,1667.8278198242188,1604.5567626953125,1695.0922241210938
2139.png,768,768,0,0.0010172921465709805,1598.7518920898438,1664.7274169921875,1614.4617309570312,1692.7083740234375
2139.png,1536,768,1,0.8020039796829224,1982.3209533691406,1381.0087890625,2006.8997497558594,1427.6474609375
2139.png,1536,768,0,0.522372305393219,1963.4047241210938,1439.271484375,2006.7373657226562,1459.01025390625
2139.png,1536,768,4,0.4969802498817444,1968.380615234375,1377.1365966796875,1988.4678955078125,1427.69677734375
2139.png,1536,768,1,0.4407992959022522,2378.60888671875,1496.6771240234375,2397.6240234375,1528.9154052734375
2139.png,1536,768,0,0.4235013425350189,1579.300121307373,1591.8837890625,1593.9876976013184,1619.90966796875
2139.png,1536,768,4,0.3357165455818176,1961.4124145507812,1377.0029296875,1979.8264770507812,1429.820556640625
2139.png,1536,768,1,0.328575074672699,1646.8300704956055,1532.5836181640625,1662.151237487793,1569.396240234375
2139.png,1536,768,0,0.30218711495399475,1588.9635848999023,1589.1273193359375,1604.145149230957,1617.8634033203125
2139.png,1536,768,1,0.17407402396202087,1603.979507446289,1530.3648071289062,1617.4393463134766,1566.6749877929688
2139.png,1536,768,1,0.16496695578098297,1861.7237548828125,1360.18603515625,1880.1614990234375,1392.6173095703125
2139.png,1536,768,1,0.16106100380420685,1637.1362762451172,1529.7881469726562,1650.2101440429688,1566.1847534179688
2139.png,1536,768,0,0.11023352295160294,1570.3555030822754,1595.2622680664062,1584.4621467590332,1622.6249389648438
2139.png,1536,768,1,0.09566165506839752,1952.3451843261719,1379.830810546875,1976.6302795410156,1432.544921875
2139.png,1536,768,1,0.08675401657819748,1626.363037109375,1529.5796508789062,1640.4665069580078,1565.0856323242188
2139.png,1536,768,1,0.07247097790241241,1545.7400703430176,1539.281494140625,1560.2564239501953,1576.374755859375
2139.png,1536,768,0,0.06232111155986786,1550.5569915771484,1668.3715209960938,1565.9777374267578,1698.9338989257812
2139.png,1536,768,2,0.05130564421415329,2371.046142578125,1179.3933715820312,2393.0966796875,1192.2317504882812
2139.png,1536,768,0,0.05058019608259201,1555.7521514892578,1651.1194458007812,1571.1524353027344,1676.1683959960938
2139.png,1536,768,0,0.03599131107330322,1582.4401016235352,1669.876708984375,1594.362319946289,1697.413818359375
2139.png,1536,768,0,0.03388350456953049,1562.395055770874,1667.683837890625,1576.8279037475586,1699.2216796875
2139.png,1536,768,4,0.031747005879879,1582.6755142211914,1670.3729248046875,1594.1616592407227,1697.2872314453125
2139.png,1536,768,0,0.02705560252070427,1552.5037384033203,1668.06640625,1570.4357414245605,1699.093994140625
2139.png,1536,768,0,0.02486005425453186,1596.6142349243164,1584.2298583984375,1614.8090286254883,1617.7730712890625
2139.png,1536,768,1,0.020844198763370514,1536.4539613723755,1536.7832641601562,1547.8477268218994,1567.6812133789062
2139.png,1536,768,0,0.020624056458473206,1984.94091796875,843.0054016113281,1993.8897094726562,858.7147521972656
2139.png,1536,768,0,0.01262724306434393,1554.5291366577148,1653.3369140625,1570.0372772216797,1692.3104248046875
2139.png,1536,768,4,0.012167532928287983,1581.1059875488281,1649.4461059570312,1591.529167175293,1672.4127807617188
2139.png,1536,768,1,0.011477227322757244,2495.2095947265625,1724.9422607421875,2512.0921630859375,1749.6207275390625
2139.png,1536,768,1,0.010851938277482986,1597.1960067749023,1531.8900146484375,1611.7102432250977,1564.984619140625
2139.png,1536,768,1,0.00991546269506216,1950.8218383789062,1381.0675048828125,1971.4948120117188,1437.0977783203125
2139.png,1536,768,0,0.009425029158592224,1986.0398559570312,842.9061126708984,1996.2023315429688,858.3902130126953
2139.png,1536,768,0,0.009032964706420898,1536.356653213501,1537.0693359375,1547.531005859375,1566.2447509765625
2139.png,1536,768,0,0.0078031644225120544,1999.7915649414062,839.2995452880859,2018.7044067382812,868.3642730712891
2139.png,1536,768,0,0.007597419433295727,1959.7626037597656,803.2060928344727,1971.4988098144531,816.7733993530273
2139.png,1536,768,0,0.007037193048745394,1567.5803756713867,1594.054931640625,1582.1043319702148,1624.5263671875
2139.png,1536,768,0,0.006978441961109638,1575.8105278015137,1668.0469970703125,1586.9288749694824,1697.14990234375
2139.png,1536,768,0,0.006878749467432499,1576.2982482910156,1651.1563110351562,1587.538963317871,1673.8663940429688
2139.png,1536,768,1,0.006695304997265339,1536.0,1762.81591796875,1541.7580542564392,1782.680908203125
2139.png,1536,768,1,0.005698221269994974,1593.5997695922852,1534.197998046875,1605.8237533569336,1562.340087890625
2139.png,1536,768,1,0.00511742290109396,1536.2008247375488,1756.9310302734375,1542.2140607833862,1782.6932373046875
2139.png,1536,768,0,0.004585058428347111,1558.0282135009766,1591.7744140625,1573.8097305297852,1625.1416015625
2139.png,1536,768,0,0.004517595749348402,1926.5877075195312,1571.9799194335938,1948.0310668945312,1584.8997192382812
2139.png,1536,768,1,0.004495291039347649,1536.2555103302002,1538.1832275390625,1545.214298248291,1576.4200439453125
2139.png,1536,768,4,0.0037401379086077213,1589.4268646240234,1648.304931640625,1600.3855667114258,1671.77490234375
2139.png,1536,768,0,0.003604861441999674,1585.6513137817383,1668.6925659179688,1597.3371963500977,1696.2366333007812
2139.png,1536,768,1,0.0033365359995514154,1536.0,1762.5711669921875,1544.4490804672241,1783.7396240234375
2139.png,1536,768,0,0.0031705782748758793,2495.39794921875,1724.7803955078125,2511.587158203125,1749.7362060546875
2139.png,1536,768,0,0.002738453447818756,1963.8418884277344,828.8012619018555,1976.1851501464844,841.1799087524414
2139.png,1536,768,0,0.0026094287168234587,1586.779140472412,1646.96826171875,1598.7315711975098,1670.0751953125
2139.png,1536,768,0,0.0024170796386897564,1939.3272094726562,814.2778396606445,1951.5126342773438,834.0624923706055
2139.png,1536,768,1,0.0024161820765584707,1968.7500610351562,1373.7079467773438,1990.4591674804688,1430.6212768554688
2139.png,1536,768,0,0.0017035502241924405,1564.6011428833008,1592.68798828125,1579.978889465332,1623.25244140625
2139.png,1536,768,0,0.001681708381511271,1970.4600219726562,828.7328987121582,1981.5127563476562,841.9668121337891
2139.png,1536,768,0,0.001657821354456246,1568.2179946899414,1660.1701049804688,1581.7721939086914,1690.6533813476562
2139.png,1536,768,2,0.0014795250026509166,2386.3704223632812,1186.4785766601562,2410.7160034179688,1196.8572387695312
2139.png,1536,768,0,0.0014388983836397529,1568.2516555786133,1651.7877197265625,1579.1351852416992,1676.2796630859375
2139.png,1536,768,1,0.001411696313880384,2354.6956787109375,1419.1201782226562,2379.3406982421875,1474.7373657226562
2139.png,1536,768,2,0.0013694297522306442,2375.4920654296875,1183.6934814453125,2402.4808349609375,1196.7813110351562
2139.png,1536,768,1,0.0013681587297469378,1985.1544189453125,1323.6923828125,2004.747802734375,1360.8074951171875
2139.png,1536,768,1,0.0012977002188563347,1891.4887390136719,1376.3756103515625,1916.9595031738281,1422.142333984375
2139.png,1536,768,1,0.0011630001245066524,1536.0227961540222,1542.015869140625,1542.6393971443176,1577.38720703125
2139.png,1536,768,0,0.0011157261906191707,1563.5682373046875,1666.461181640625,1579.8399658203125,1697.44970703125
2139.png,1536,768,2,0.001049277139827609,1537.2532920837402,1734.07861328125,1554.2207374572754,1764.28173828125
2139.png,2110,768,1,0.11388912051916122,2377.982421875,1497.1141967773438,2396.8985595703125,1529.6389770507812
2139.png,2110,768,2,0.014754654839634895,2372.10888671875,1179.404541015625,2393.2421875,1191.52099609375
2139.png,2110,768,1,0.006071487907320261,2356.596160888672,1427.009765625,2379.2342224121094,1474.5999755859375
2139.png,2110,768,0,0.005892775021493435,2495.5178833007812,1724.82177734375,2511.880126953125,1750.227294921875
2139.png,2110,768,0,0.0011040958343073726,2257.3338317871094,1202.8058471679688,2270.8458557128906,1224.3141479492188
2139.png,768,1536,0,0.37766891717910767,1687.3453369140625,1877.0018615722656,1700.0831298828125,1899.4558410644531
2139.png,768,1536,0,0.3582315742969513,1524.117431640625,1539.2550315856934,1541.094970703125,1576.3557586669922
2139.png,768,1536,4,0.1973196566104889,1535.595947265625,1536.6351280212402,1548.597900390625,1571.5062065124512
2139.png,768,1536,1,0.17655989527702332,1647.5311279296875,1536.209831237793,1664.1951904296875,1569.3405075073242
2139.png,768,1536,1,0.17023895680904388,1551.1207885742188,1668.536392211914,1566.5974731445312,1698.352554321289
2139.png,768,1536,1,0.13568785786628723,1637.267822265625,1536.1694202423096,1651.671142578125,1567.202257156372
2139.png,768,1536,0,0.09924952685832977,1579.7442626953125,1591.8018341064453,1593.5283203125,1619.9668579101562
2139.png,768,1536,4,0.09864850342273712,1545.4817504882812,1536.780689239502,1560.4951782226562,1575.8760223388672
2139.png,768,1536,0,0.09367885440587997,1636.798828125,1536.1095237731934,1651.79443359375,1567.322015762329
2139.png,768,1536,1,0.07739417254924774,1624.7871704101562,1536.2798385620117,1640.1975708007812,1565.45405960083
2139.png,768,1536,0,0.04165215790271759,1624.697998046875,1536.3425636291504,1640.662841796875,1565.4279327392578
2139.png,768,1536,4,0.03937118873000145,1539.6775512695312,1536.6467170715332,1558.1569213867188,1572.473014831543
2139.png,768,1536,1,0.03781462460756302,1562.724853515625,1668.5331420898438,1576.49658203125,1698.9933471679688
2139.png,768,1536,0,0.03511282801628113,1589.4114379882812,1588.7252044677734,1603.9779663085938,1617.777847290039
2139.png,768,1536,4,0.03356035426259041,1582.8855590820312,1670.9886474609375,1594.4439086914062,1697.30224609375
2139.png,768,1536,0,0.032044943422079086,1571.060791015625,1594.3980255126953,1585.93017578125,1622.2286224365234
2139.png,768,1536,3,0.027927590534090996,1545.5574951171875,1536.7961769104004,1560.5555419921875,1576.1603889465332
2139.png,768,1536,4,0.017883973196148872,1581.6351928710938,1648.3204650878906,1592.3327026367188,1672.2085266113281
2139.png,768,1536,4,0.017612094059586525,1526.0985107421875,1537.297004699707,1542.0828857421875,1573.8188018798828
2139.png,768,1536,0,0.012213349342346191,1545.2667236328125,1537.245475769043,1560.4630126953125,1575.4747848510742
2139.png,768,1536,3,0.011333020403981209,1563.9510498046875,1536.0809292793274,1591.3975830078125,1542.470561504364
2139.png,768,1536,0,0.009887569583952427,1535.6063232421875,1537.023452758789,1548.2073974609375,1574.7267608642578
2139.png,768,1536,0,0.009703246876597404,1582.4801025390625,1670.7062072753906,1594.6453857421875,1697.4546813964844
2139.png,768,1536,4,0.008500505238771439,1604.727294921875,1536.3515605926514,1619.324462890625,1567.6156978607178
2139.png,768,1536,4,0.006698432378470898,1593.739501953125,1536.5707454681396,1606.71142578125,1565.0909519195557
2139.png,768,1536,4,0.006305530201643705,1589.1967163085938,1646.687973022461,1600.2748413085938,1670.7112426757812
2139.png,768,1536,0,0.005946145858615637,1555.5655517578125,1651.115982055664,1570.7144775390625,1676.1709289550781
2139.png,768,1536,0,0.005251582711935043,1605.0429077148438,1536.3969736099243,1617.9962768554688,1568.0324096679688
2139.png,768,1536,0,0.004687042441219091,1569.4114990234375,1594.1824531555176,1583.0186767578125,1624.076644897461
2139.png,768,1536,3,0.004010539036244154,1593.1312255859375,1536.3828010559082,1606.4530029296875,1564.3851623535156
2139.png,768,1536,4,0.0036631878465414047,1576.4149169921875,1650.8302307128906,1587.6343994140625,1673.7109680175781
2139.png,768,1536,3,0.0036134973634034395,1570.8883666992188,1536.0,1594.1420288085938,1542.1502690315247
2139.png,768,1536,0,0.00299348053522408,1554.1954345703125,1657.5381469726562,1569.9105224609375,1692.6306457519531
2139.png,768,1536,0,0.00287531572394073,1564.0850830078125,1669.1333923339844,1576.4786376953125,1700.0801086425781
2139.png,768,1536,0,0.002651310060173273,1593.5809936523438,1536.296796798706,1609.2538452148438,1566.5319900512695
2139.png,768,1536,4,0.0024799115490168333,1585.7996826171875,1648.139877319336,1597.0960693359375,1670.957992553711
2139.png,768,1536,3,0.002417568350210786,1555.614501953125,1536.5477752685547,1583.691162109375,1567.6347351074219
2139.png,768,1536,0,0.002314800163730979,1589.796630859375,1729.5549011230469,1598.526123046875,1746.6152038574219
2139.png,768,1536,1,0.001897119451314211,1546.2833251953125,1537.9196014404297,1560.2337646484375,1576.0959014892578
2139.png,768,1536,3,0.0018066586926579475,1590.6611328125,1536.3452262878418,1603.6142578125,1562.4347591400146
2139.png,768,1536,0,0.001756977871991694,1781.4215087890625,2015.7987060546875,1792.0,2035.62158203125
2139.png,768,1536,3,0.0016140429070219398,1561.120849609375,1536.5856838226318,1584.025634765625,1554.6674156188965
2139.png,768,1536,0,0.001588218379765749,1585.2538452148438,1669.12841796875,1597.2753295898438,1696.343505859375
2139.png,768,1536,0,0.0013970175059512258,1591.9630126953125,1586.2727508544922,1606.1878662109375,1618.3695526123047
2139.png,768,1536,1,0.0013925768435001373,1598.7073974609375,1665.0001220703125,1614.86083984375,1693.6234130859375
2139.png,768,1536,1,0.0012926554773002863,1585.9185791015625,1667.6597290039062,1596.6673583984375,1695.7843017578125
2139.png,768,1536,0,0.0012046695919707417,1606.134521484375,1536.2057075500488,1624.759765625,1567.3554000854492
2139.png,768,1536,0,0.0011579098645597696,1586.7464599609375,1646.640380859375,1598.6324462890625,1670.0948486328125
2139.png,768,1536,4,0.0010520387440919876,1558.8519287109375,1591.4102592468262,1572.7440185546875,1625.4766387939453
2139.png,1536,1536,0,0.7967224717140198,2188.0773315429688,2526.8995361328125,2200.2494506835938,2547.2828369140625
2139.png,1536,1536,0,0.5511891841888428,1688.0484008789062,1877.450439453125,1700.0576782226562,1899.4942016601562
2139.png,1536,1536,0,0.5060986876487732,1579.5155296325684,1592.0622100830078,1593.9086952209473,1619.7916870117188
2139.png,1536,1536,0,0.40935957431793213,1589.1635971069336,1589.0494194030762,1604.0867233276367,1617.563491821289
2139.png,1536,1536,0,0.39735591411590576,1544.6527347564697,1538.4209098815918,1560.6767597198486,1576.9672660827637
2139.png,1536,1536,0,0.2896530032157898,2279.5936279296875,2511.3523559570312,2295.6412353515625,2541.6719360351562
2139.png,1536,1536,0,0.23679204285144806,1536.174599647522,1536.8751945495605,1549.0808153152466,1570.8899307250977
2139.png,1536,1536,0,0.21040625870227814,1926.5008544921875,1574.0384979248047,1948.1675415039062,1585.02001953125
2139.png,1536,1536,0,0.20002853870391846,1570.3500137329102,1595.4609107971191,1584.2979049682617,1622.5299377441406
2139.png,1536,1536,0,0.1912165880203247,2276.4666748046875,2529.4013671875,2294.0892333984375,2545.90380859375
2139.png,1536,1536,0,0.18471235036849976,2198.8590087890625,2550.176025390625,2219.7430419921875,2559.459716796875
2139.png,1536,1536,0,0.17564299702644348,2282.7484741210938,2508.7723388671875,2296.6389770507812,2536.8873291015625
2139.png,1536,1536,1,0.16478128731250763,2517.9004516601562,1871.767578125,2537.0015258789062,1911.3873291015625
2139.png,1536,1536,0,0.15065473318099976,2275.9808349609375,2523.0608520507812,2294.4232177734375,2546.2749633789062
2139.png,1536,1536,0,0.13876046240329742,1636.8001327514648,1536.0199737548828,1651.8320083618164,1566.5267219543457
2139.png,1536,1536,0,0.13450302183628082,1536.2719888687134,1537.748291015625,1546.3506813049316,1577.0287246704102
2139.png,1536,1536,0,0.13056328892707825,2302.96142578125,2547.7537841796875,2331.056396484375,2560.0
2139.png,1536,1536,0,0.12798959016799927,2185.3068237304688,2528.5087890625,2198.6243286132812,2548.9716796875
2139.png,1536,1536,0,0.12358743697404861,2303.2009887695312,2551.719482421875,2331.6885375976562,2560.0
2139.png,1536,1536,0,0.10021408647298813,2274.98583984375,2513.2734985351562,2293.8359375,2546.0366821289062
2139.png,1536,1536,0,0.07424375414848328,1550.343297958374,1668.3244323730469,1565.9400615692139,1698.7317810058594
2139.png,1536,1536,1,0.06889161467552185,1637.235336303711,1536.120029449463,1651.7799835205078,1566.7717056274414
2139.png,1536,1536,0,0.04855174571275711,2272.5540771484375,2511.213134765625,2288.1448974609375,2541.447265625
2139.png,1536,1536,0,0.04755019769072533,2198.1608276367188,2547.4575805664062,2217.8943481445312,2558.3995971679688
2139.png,1536,1536,0,0.044510819017887115,1624.8498229980469,1536.0,1640.1851806640625,1564.3521747589111
2139.png,1536,1536,0,0.042213983833789825,1582.5011825561523,1670.0985107421875,1594.3397979736328,1697.1715698242188
2139.png,1536,1536,0,0.04051223769783974,1555.7292556762695,1651.0924072265625,1570.9459800720215,1675.7001037597656
2139.png,1536,1536,0,0.039253320544958115,1562.5847835540771,1668.297866821289,1576.795783996582,1699.071273803711
2139.png,1536,1536,0,0.03788820281624794,1536.9229984283447,1536.866569519043,1554.6188373565674,1571.8506317138672
2139.png,1536,1536,1,0.03703834116458893,1647.6392211914062,1536.2062301635742,1664.4807891845703,1568.6861190795898
2139.png,1536,1536,0,0.03468704596161842,1552.8382263183594,1668.2664031982422,1569.186180114746,1698.7351837158203
2139.png,1536,1536,0,0.029919033870100975,1596.811408996582,1584.0219802856445,1614.3083572387695,1617.5439376831055
2139.png,1536,1536,0,0.02845926769077778,1558.2141494750977,1591.6339111328125,1573.7078399658203,1625.0246887207031
2139.png,1536,1536,0,0.02840890921652317,2517.407958984375,1871.7406616210938,2537.06201171875,1908.9004516601562
2139.png,1536,1536,0,0.025597887113690376,1567.8566436767578,1594.1936073303223,1582.2279205322266,1624.4143676757812
2139.png,1536,1536,4,0.024818681180477142,1582.7498779296875,1670.6247863769531,1594.1392669677734,1697.0481872558594
2139.png,1536,1536,0,0.023965658619999886,2300.4620971679688,2553.9547119140625,2329.6255493164062,2560.0
2139.png,1536,1536,1,0.017486080527305603,1624.9530029296875,1536.2085132598877,1640.1424865722656,1564.9949779510498
2139.png,1536,1536,0,0.017114033922553062,2290.686279296875,2522.3358764648438,2308.424072265625,2542.9782104492188
2139.png,1536,1536,0,0.016062181442975998,1604.7453308105469,1536.35329246521,1618.9933166503906,1566.873727798462
2139.png,1536,1536,0,0.014198911376297474,2192.8385009765625,2551.4375610351562,2216.030029296875,2559.9653930664062
2139.png,1536,1536,0,0.01374711561948061,2183.5943603515625,2530.558349609375,2196.2109375,2548.927978515625
2139.png,1536,1536,2,0.01336742378771305,1536.0,1763.7292938232422,1541.8917231559753,1782.0436248779297
2139.png,1536,1536,0,0.013002284802496433,2291.2171630859375,2506.2149658203125,2306.1561279296875,2533.2957763671875
2139.png,1536,1536,0,0.011306481435894966,2292.44921875,2517.8995361328125,2307.3955078125,2540.7364501953125
2139.png,1536,1536,0,0.010955598205327988,1593.2906875610352,1536.5273780822754,1606.2382583618164,1564.0345916748047
2139.png,1536,1536,0,0.010390368290245533,2293.9588623046875,2531.6163330078125,2316.3892822265625,2544.7967529296875
2139.png,1536,1536,0,0.009872479364275932,1554.3982772827148,1654.7571563720703,1569.7061767578125,1692.3334197998047
2139.png,1536,1536,0,0.009724746458232403,1581.1231575012207,1649.7797241210938,1591.340618133545,1672.3999786376953
2139.png,1536,1536,0,0.00896801520138979,1647.2032775878906,1536.077735900879,1664.9696807861328,1569.0781784057617
2139.png,1536,1536,0,0.008634785190224648,2325.216796875,2526.6612548828125,2346.65380859375,2539.7215576171875
2139.png,1536,1536,0,0.008497961796820164,2284.3607177734375,2506.9364013671875,2299.7379150390625,2534.7071533203125
2139.png,1536,1536,2,0.008310738950967789,1647.0755767822266,1536.1861724853516,1664.771713256836,1569.837963104248
2139.png,1536,1536,2,0.007340897340327501,2530.908935546875,1993.056396484375,2560.0,2008.8955078125
2139.png,1536,1536,0,0.006799859460443258,2193.16748046875,2531.381103515625,2204.8743896484375,2549.020751953125
2139.png,1536,1536,0,0.006575141567736864,1576.2275009155273,1651.6099395751953,1587.3700332641602,1673.9453887939453
2139.png,1536,1536,1,0.0064611779525876045,2385.4017333984375,2530.6136474609375,2401.4923095703125,2559.0797119140625
2139.png,1536,1536,0,0.006306375376880169,1575.9326477050781,1668.4072570800781,1586.714126586914,1696.9341125488281
2139.png,1536,1536,0,0.005878947209566832,1585.493911743164,1668.9497680664062,1597.216049194336,1696.0339050292969
2139.png,1536,1536,0,0.005794947501271963,2181.7469482421875,2552.7340698242188,2196.9971923828125,2559.9308471679688
2139.png,1536,1536,0,0.00532936817035079,2293.8699951171875,2555.1251220703125,2315.16259765625,2560.0
2139.png,1536,1536,0,0.005251054652035236,2294.7423095703125,2533.7545166015625,2321.2337646484375,2552.6217041015625
2139.png,1536,1536,0,0.0049264030531048775,1536.6055002212524,1867.675048828125,1547.1275053024292,1886.8147583007812
2139.png,1536,1536,2,0.004626811947673559,1537.5862007141113,1736.7348937988281,1553.6187496185303,1763.5487976074219
2139.png,1536,1536,0,0.0037202571984380484,2201.3719482421875,2534.3729248046875,2221.0438232421875,2547.4674072265625
2139.png,1536,1536,0,0.003646447788923979,2276.4806518554688,2534.7188720703125,2297.3087768554688,2548.2806396484375
2139.png,1536,1536,1,0.0035331856925040483,2531.3570556640625,1994.2750549316406,2559.9959716796875,2008.8101501464844
2139.png,1536,1536,0,0.0035011337604373693,2272.0697021484375,2511.8651733398438,2284.7447509765625,2537.6885375976562
2139.png,1536,1536,0,0.003262357786297798,2307.6857299804688,2553.869873046875,2339.4231567382812,2560.0
2139.png,1536,1536,0,0.0032523800618946552,2117.37890625,2547.5074462890625,2130.611572265625,2560.0
2139.png,1536,1536,0,0.0031391645316034555,2277.7601318359375,2555.1988525390625,2304.6768798828125,2560.0
2139.png,1536,1536,0,0.0030840937979519367,1589.8948707580566,1729.475341796875,1598.2970237731934,1746.4122314453125
2139.png,1536,1536,0,0.002981350291520357,2177.25048828125,2536.1637573242188,2191.127685546875,2550.0038452148438
2139.png,1536,1536,1,0.0029306502547115088,1585.1010437011719,1668.6656494140625,1595.8002319335938,1696.2595825195312
2139.png,1536,1536,0,0.002875169273465872,2307.369140625,2544.5687255859375,2342.002197265625,2559.211669921875
2139.png,1536,1536,0,0.0028529560659080744,1555.6389122009277,1536.6866836547852,1581.5568351745605,1570.0083389282227
2139.png,1536,1536,0,0.0027442791033536196,2495.21142578125,1724.1506652832031,2511.404296875,1750.8084716796875
2139.png,1536,1536,4,0.002695484086871147,1589.4913330078125,1648.7902526855469,1600.3327026367188,1671.748550415039
2139.png,1536,1536,4,0.0026938936207443476,1536.1075057983398,1842.1285400390625,1543.5378422737122,1886.556396484375
2139.png,1536,1536,0,0.002687474014237523,1555.038387298584,1667.7457885742188,1572.142593383789,1700.0708618164062
2139.png,1536,1536,2,0.002665179315954447,1536.005998134613,2173.7120361328125,1543.2375259399414,2240.9161376953125
2139.png,1536,1536,2,0.0026598854456096888,2277.8367309570312,1536.0,2300.2177124023438,1544.4779987335205
2139.png,1536,1536,1,0.002573031932115555,1536.6857843399048,1748.8835754394531,1545.2737226486206,1764.8583068847656
2139.png,1536,1536,0,0.0024422015994787216,1586.7712707519531,1647.0658264160156,1598.731216430664,1669.9411010742188
2139.png,1536,1536,0,0.0024161450564861298,2173.6463623046875,2553.70166015625,2190.6553955078125,2559.8837890625
2139.png,1536,1536,0,0.0022305981256067753,2113.4134521484375,2550.7730712890625,2126.3033447265625,2559.9647216796875
2139.png,1536,1536,1,0.0020378469489514828,1536.0053176879883,1764.021499633789,1544.31871509552,1783.4111785888672
2139.png,1536,1536,1,0.002015412086620927,2355.6805419921875,1857.7088623046875,2367.22802734375,1881.2994995117188
2139.png,1536,1536,0,0.00198944634757936,1567.9504318237305,1660.5680770874023,1581.3359451293945,1690.3203430175781
2139.png,1536,1536,1,0.0019279728876426816,1598.881248474121,1665.4916076660156,1614.6109237670898,1693.261962890625
2139.png,1536,1536,0,0.001854026224464178,1536.0,1557.653434753418,1542.0909461975098,1590.4088745117188
2139.png,1536,1536,0,0.0017746725352481008,2151.0916137695312,2553.4779052734375,2168.4733276367188,2560.0
2139.png,1536,1536,1,0.0017505842261016369,1538.5650424957275,1749.3227844238281,1551.0425491333008,1765.5443115234375
2139.png,1536,1536,0,0.0014600653667002916,1596.1012115478516,1536.5816040039062,1611.4642028808594,1565.8335914611816
2139.png,1536,1536,0,0.001452914671972394,2531.2904052734375,1993.4533081054688,2560.0,2009.0988159179688
2139.png,1536,1536,0,0.0014133325312286615,1598.9814376831055,1665.4794311523438,1614.3991165161133,1692.5121765136719
2139.png,1536,1536,0,0.0013941109646111727,2322.81103515625,2554.5755615234375,2363.844970703125,2560.0
2139.png,1536,1536,2,0.0013176121283322573,2282.9601440429688,1536.0,2304.2125854492188,1542.0364408493042
2139.png,1536,1536,3,0.001282737241126597,2148.9186401367188,1536.0,2165.7575073242188,1541.0342144966125
2139.png,1536,1536,0,0.0012728797737509012,1568.7096481323242,1651.9646301269531,1579.2902908325195,1675.9649810791016
2139.png,1536,1536,3,0.0012709927977994084,2159.68994140625,1536.1020126342773,2176.220703125,1542.258532524109
2139.png,1536,1536,0,0.0012122632469981909,2296.9879760742188,2533.494384765625,2319.8809204101562,2547.67822265625
2139.png,1536,1536,0,0.0011811434524133801,2208.6324462890625,2538.513671875,2226.6776123046875,2550.0076904296875
2139.png,1536,1536,0,0.001137200859375298,2161.4720458984375,2554.2431640625,2179.5216064453125,2559.8421630859375
2139.png,1536,1536,0,0.0011242887703701854,1559.440559387207,1536.7102813720703,1573.6820526123047,1570.786476135254
2139.png,1536,1536,0,0.0011137223336845636,1606.0512466430664,1536.1467113494873,1624.4664688110352,1566.6559677124023
2139.png,1536,1536,0,0.001098088570870459,2118.2481689453125,2547.8922119140625,2135.4420166015625,2559.8734130859375
2139.png,1536,1536,0,0.001073948573321104,1588.49365234375,1589.2110633850098,1607.9965362548828,1620.1179504394531
2139.png,1536,1536,0,0.0010633420897647738,1593.187858581543,1667.797607421875,1604.610450744629,1695.1785278320312
2139.png,1536,1536,0,0.001032856642268598,1570.6411170959473,1589.49951171875,1589.3430976867676,1619.9416961669922
2139.png,1536,1536,0,0.0010130106238648295,2084.1832275390625,2549.8466796875,2095.67236328125,2560.0
2139.png,1536,1536,0,0.0010034011211246252,2299.2996826171875,2532.978759765625,2326.7679443359375,2550.454833984375
2139.png,2110,1536,0,0.7152606844902039,2188.286720275879,2526.6961669921875,2199.7019577026367,2546.7353515625
2139.png,2110,1536,0,0.23869609832763672,2282.9425354003906,2508.6649169921875,2297.2984313964844,2539.5079345703125
2139.png,2110,1536,1,0.23302900791168213,2518.4052124023438,1873.3323364257812,2537.4125366210938,1912.2081909179688
2139.png,2110,1536,0,0.1797730028629303,2198.576934814453,2549.476806640625,2221.259292602539,2559.64990234375
2139.png,2110,1536,1,0.1691713184118271,2290.667755126953,2504.332763671875,2306.2589416503906,2536.4993896484375
2139.png,2110,1536,0,0.1453753560781479,2185.476806640625,2529.3974609375,2196.427520751953,2548.99267578125
2139.png,2110,1536,0,0.11787999421358109,2273.5169525146484,2512.0147094726562,2291.263626098633,2545.9902954101562
2139.png,2110,1536,0,0.09647677838802338,2189.408401489258,2527.9209594726562,2202.183639526367,2548.1043090820312
2139.png,2110,1536,0,0.09212634712457657,2650.338134765625,1784.3892364501953,2669.785400390625,1811.4730834960938
2139.png,2110,1536,0,0.07028200477361679,2117.2366676330566,2546.755859375,2132.716335296631,2560.0
2139.png,2110,1536,0,0.05415249988436699,2517.8573608398438,1872.7684326171875,2538.022216796875,1910.1497802734375
2139.png,2110,1536,0,0.033210255205631256,2193.9618530273438,2545.7744140625,2215.707305908203,2555.5679931640625
2139.png,2110,1536,0,0.028772681951522827,2303.225555419922,2547.7249755859375,2330.6504821777344,2560.0
2139.png,2110,1536,0,0.025896351784467697,2280.5302124023438,2511.1695556640625,2297.552703857422,2543.2528076171875
2139.png,2110,1536,0,0.025159480050206184,2196.5721588134766,2546.4527587890625,2220.468551635742,2557.598388671875
2139.png,2110,1536,0,0.021877553313970566,2110.3325560092926,2535.2919921875,2117.91868019104,2556.416259765625
2139.png,2110,1536,1,0.016813227906823158,2272.807601928711,2511.784912109375,2290.3936309814453,2545.996337890625
2139.png,2110,1536,0,0.016594750806689262,2301.8565063476562,2551.3720703125,2331.1500854492188,2560.0
2139.png,2110,1536,0,0.010003242641687393,2181.38818359375,2531.4920654296875,2194.7232360839844,2548.22216796875
2139.png,2110,1536,0,0.009295637719333172,2298.874710083008,2554.3226318359375,2325.050979614258,2560.0
2139.png,2110,1536,0,0.009052247740328312,2190.008560180664,2551.739990234375,2212.5233459472656,2559.461181640625
2139.png,2110,1536,0,0.007695369888097048,2277.2826232910156,2510.1090087890625,2294.2093200683594,2540.8258056640625
2139.png,2110,1536,0,0.005738756153732538,2150.3459281921387,2553.48046875,2166.3837089538574,2560.0
2139.png,2110,1536,0,0.005417695734649897,2112.075183868408,2546.2546997070312,2123.212261199951,2559.0120239257812
2139.png,2110,1536,0,0.00524044968187809,2110.0,2550.4356689453125,2119.9323406219482,2560.0
2139.png,2110,1536,0,0.004958884324878454,2495.451171875,1723.8065643310547,2512.1001586914062,1751.9393768310547
2139.png,2110,1536,3,0.004825657699257135,2203.2151947021484,2535.860595703125,2218.3860931396484,2548.50390625
2139.png,2110,1536,0,0.004396356642246246,2283.2303314208984,2555.0545654296875,2310.866989135742,2560.0
2139.png,2110,1536,0,0.004079867620021105,2147.8598442077637,2543.7283325195312,2158.866641998291,2557.2599487304688
2139.png,2110,1536,0,0.0037330181803554296,2181.0000381469727,2552.5711669921875,2195.9587478637695,2559.8316650390625
2139.png,2110,1536,0,0.003601448144763708,2273.564193725586,2534.1953125,2297.7128143310547,2549.56640625
2139.png,2110,1536,0,0.0035360390320420265,2199.469207763672,2533.3232421875,2217.3187408447266,2545.2861328125
2139.png,2110,1536,0,0.003445147769525647,2148.0796432495117,2548.1861572265625,2159.2622146606445,2558.9833984375
2139.png,2110,1536,0,0.003260088851675391,2324.486282348633,2526.60791015625,2345.143325805664,2538.365966796875
2139.png,2110,1536,3,0.003144782967865467,2208.649658203125,2536.1520385742188,2222.720916748047,2547.7706909179688
2139.png,2110,1536,0,0.0029621764551848173,2155.7947311401367,2554.138671875,2175.0820388793945,2560.0
2139.png,2110,1536,3,0.00281055411323905,2215.2216567993164,2538.8916015625,2228.7738723754883,2550.111083984375
2139.png,2110,1536,0,0.0027836000081151724,2204.3016662597656,2552.9390869140625,2228.4320068359375,2559.73974609375
2139.png,2110,1536,0,0.0027794300112873316,2287.139129638672,2506.42138671875,2302.5838317871094,2533.418212890625
2139.png,2110,1536,0,0.0025216161739081144,2320.0752563476562,2554.52978515625,2364.8392639160156,2560.0
2139.png,2110,1536,0,0.0024716095067560673,2276.2316131591797,2555.0850830078125,2303.7122650146484,2560.0
2139.png,2110,1536,1,0.0022995369508862495,2385.376708984375,2530.90234375,2400.091064453125,2558.7919921875
2139.png,2110,1536,0,0.0021086379420012236,2146.6104278564453,2552.78662109375,2160.0162200927734,2559.70458984375
2139.png,2110,1536,0,0.0018170702969655395,2171.8855934143066,2537.4034423828125,2183.1087341308594,2550.042724609375
2139.png,2110,1536,4,0.0018003826262429357,2161.0691261291504,2283.284912109375,2170.741268157959,2298.346923828125
2139.png,2110,1536,0,0.001670922851189971,2140.8193435668945,2551.615966796875,2157.8749771118164,2559.717041015625
2139.png,2110,1536,0,0.001554964343085885,2271.69921875,2511.451416015625,2287.4105224609375,2541.10498046875
2139.png,2110,1536,0,0.0015525594353675842,2154.3711166381836,2551.12939453125,2167.4579467773438,2559.82763671875
2139.png,2110,1536,0,0.0014353804290294647,2530.2194213867188,1994.187744140625,2563.4385375976562,2009.5635986328125
2139.png,2110,1536,0,0.0014053147751837969,2171.3737182617188,2553.7235717773438,2187.9727325439453,2559.8695678710938
2139.png,2110,1536,0,0.001352683873847127,2111.0019207000732,2538.5482788085938,2123.3401527404785,2557.3323364257812
2139.png,2110,1536,0,0.0012837639078497887,2297.0029907226562,2543.4188232421875,2324.8894653320312,2559.1341552734375
2139.png,768,1968,0,0.0070140003226697445,1781.900390625,2016.2493591308594,1792.0,2035.9316864013672
2139.png,768,1968,1,0.004254550207406282,1781.0665283203125,2888.019287109375,1792.0,2903.593505859375
2139.png,768,1968,1,0.002223001793026924,1431.965087890625,2986.65966796875,1459.3056640625,2992.0
2139.png,768,1968,1,0.0021660299971699715,1782.4842529296875,2873.6968994140625,1792.0,2903.3946533203125
2139.png,768,1968,1,0.0010581555543467402,1770.2685546875,1968.3189568519592,1789.115234375,1975.1087565422058
2139.png,1536,1968,1,0.1387864500284195,2548.6611328125,2920.28271484375,2560.0,2969.31884765625
2139.png,1536,1968,1,0.06504134088754654,2550.6190185546875,2922.6639404296875,2560.0,2976.8465576171875
2139.png,1536,1968,1,0.05063091591000557,2529.8804931640625,1992.5302619934082,2560.0,2008.9760398864746
2139.png,1536,1968,1,0.04425490275025368,2551.539794921875,2920.8614501953125,2560.0,2964.5958251953125
2139.png,1536,1968,1,0.03622559830546379,2540.44482421875,2889.4951171875,2560.0,2910.201416015625
2139.png,1536,1968,1,0.01600584387779236,2547.3944091796875,2910.6610107421875,2560.0,2946.6177978515625
2139.png,1536,1968,1,0.009543578140437603,2545.8116455078125,2921.1290283203125,2559.9849853515625,2976.0162353515625
2139.png,1536,1968,1,0.005590651649981737,2530.164794921875,2863.89404296875,2559.4249267578125,2878.60205078125
2139.png,1536,1968,1,0.005246555432677269,2518.6129150390625,2986.9476318359375,2556.5755615234375,2992.0
2139.png,1536,1968,1,0.0037643369287252426,2535.7508544921875,2875.7391357421875,2560.0,2895.8914794921875
2139.png,1536,1968,1,0.00373952672816813,2531.4979858398438,2867.8995361328125,2559.7023315429688,2882.4759521484375
2139.png,1536,1968,1,0.0028153907041996717,2547.4388427734375,2915.30029296875,2560.0,2960.658203125
2139.png,1536,1968,2,0.0026638275012373924,1536.0095419883728,2172.7511291503906,1543.3873462677002,2240.5968627929688
2139.png,1536,1968,1,0.002636742778122425,2535.6863403320312,2872.6904296875,2559.7670288085938,2889.2432861328125
2139.png,1536,1968,1,0.0024456926621496677,2531.0047607421875,2857.0281982421875,2559.0618896484375,2871.7879638671875
2139.png,1536,1968,1,0.001899801311083138,2362.9094848632812,2973.1929931640625,2414.3973999023438,2992.0
2139.png,1536,1968,4,0.0017985828453674912,2551.122314453125,2659.65869140625,2560.0,2707.6474609375
2139.png,1536,1968,1,0.0015409059124067426,2537.9383544921875,2887.3934326171875,2559.9315185546875,2906.0947265625
2139.png,1536,1968,1,0.0015320597449317575,2547.0075073242188,2906.2061767578125,2559.9943237304688,2926.6265869140625
2139.png,1536,1968,1,0.0015048376517370343,2550.5902099609375,2915.7570190429688,2560.0,2945.1127319335938
2139.png,1536,1968,1,0.0014173694653436542,2544.1982421875,2904.5662841796875,2559.848388671875,2924.1046142578125
2139.png,1536,1968,0,0.001295067253522575,2187.33349609375,2527.0748291015625,2200.36669921875,2546.9080810546875
2139.png,1536,1968,1,0.0012839992996305227,2516.6149291992188,2827.1679077148438,2545.5026245117188,2840.0828247070312
2139.png,1536,1968,4,0.0012413911754265428,2550.8058471679688,2683.7008056640625,2559.8346557617188,2708.3333740234375
2139.png,2110,1968,0,0.010457020252943039,2187.941131591797,2527.1326293945312,2199.913330078125,2546.2410278320312
2139.png,2110,1968,3,0.00393058592453599,2110.3964138031006,2604.9180908203125,2118.590829849243,2622.3480224609375
2139.png,2110,1968,1,0.0023272850085049868,2361.761962890625,2972.7071533203125,2415.6764526367188,2992.0
2139.png,2110,1968,0,0.0021573416888713837,2131.036865234375,2666.0721435546875,2141.273468017578,2680.6380615234375
2139.png,2110,1968,1,0.0015879045240581036,2185.891876220703,2528.73974609375,2198.5195922851562,2547.548095703125
2139.png,2110,1968,1,0.001082227099686861,2116.5646438598633,1968.0,2144.835250854492,1974.599935054779
2292.png,2304,0,1,0.3146791160106659,3291.556396484375,715.8977661132812,3325.7164306640625,728.5606079101562
2292.png,2304,0,1,0.020261958241462708,3304.1685791015625,737.3753662109375,3328.0,747.2445068359375
2292.png,2304,0,1,0.009952587075531483,3321.14599609375,712.695068359375,3327.649169921875,724.1458740234375
2292.png,2304,0,1,0.0038259371649473906,3323.0430908203125,703.962890625,3328.0,719.354248046875
2292.png,2304,0,1,0.00365982367657125,3295.7510986328125,735.846923828125,3327.7545166015625,748.48486328125
2292.png,2304,0,1,0.0031074141152203083,3082.734375,592.09033203125,3112.6348876953125,603.849609375
2292.png,2304,0,1,0.0025613713078200817,3296.416015625,739.3941040039062,3328.0,750.5635375976562
2292.png,2304,0,1,0.0021353093907237053,3304.6439208984375,722.462890625,3327.9661865234375,740.80224609375
2292.png,2572,0,1,0.007088385988026857,3079.4991455078125,592.1226806640625,3111.9791259765625,603.8193359375
2292.png,0,768,0,0.001271110842935741,565.951904296875,1784.265380859375,585.6583251953125,1792.0
2292.png,2304,768,2,0.002325763227418065,3060.0596923828125,1595.486572265625,3074.5989990234375,1636.840087890625
2292.png,2572,768,2,0.017680469900369644,3059.7733764648438,1595.983642578125,3074.0918579101562,1635.895263671875
2292.png,768,1536,1,0.002806152682751417,814.1522064208984,2268.8309326171875,882.6943511962891,2295.1668701171875
2292.png,1536,1536,0,0.0683591365814209,1979.8472900390625,2544.5877685546875,1993.62646484375,2560.0
2292.png,1536,1536,0,0.005503054242581129,1988.5244750976562,2547.8765869140625,2003.5211791992188,2560.0
2292.png,1536,1536,0,0.0019333332311362028,1994.2040100097656,2549.3970947265625,2007.0462951660156,2560.0
2292.png,1536,1536,0,0.0018940712325274944,1915.1390991210938,2547.9013671875,1930.8231201171875,2560.0
2292.png,1536,1536,0,0.001699125044979155,1985.44287109375,2545.79638671875,1999.828369140625,2560.0
2292.png,1536,1536,0,0.0012652237201109529,1918.1328125,2547.8594970703125,1934.9422607421875,2559.942626953125
2292.png,2304,1536,0,0.04532364383339882,3090.076171875,1936.810302734375,3096.5892333984375,1949.3713989257812
2292.png,2304,1536,0,0.004731828346848488,3094.7032470703125,1938.0406799316406,3101.3922119140625,1949.8817443847656
2292.png,2304,1536,0,0.004645473789423704,3318.9658813476562,2372.0645751953125,3327.6034545898438,2411.7757568359375
2292.png,2304,1536,0,0.003288923529908061,3319.54052734375,2365.6422119140625,3327.944091796875,2405.7845458984375
2292.png,2304,1536,0,0.0028562243096530437,3307.2713623046875,2375.400146484375,3325.1297607421875,2413.986083984375
2292.png,2304,1536,0,0.00248962570913136,3090.8458251953125,1936.6749877929688,3097.8974609375,1950.078125
2292.png,2304,1536,0,0.0018286957638338208,3319.01708984375,2360.4931030273438,3328.0,2380.6438598632812
2292.png,2304,1536,0,0.0014953078934922814,3319.4268798828125,2352.78173828125,3328.0,2379.088623046875
2292.png,2304,1536,1,0.0011232669930905104,2304.0,1585.0154724121094,2318.813166618347,1596.5408020019531
2292.png,2572,1536,0,0.0321321003139019,3087.7779541015625,1935.465087890625,3095.2813720703125,1949.3870849609375
2292.png,2572,1536,2,0.02622036077082157,3318.935546875,2365.8181762695312,3335.1051025390625,2413.4683227539062
2292.png,2572,1536,0,0.025242719799280167,3317.9239501953125,2366.11279296875,3336.0926513671875,2414.6103515625
2292.png,2572,1536,0,0.02143874019384384,3092.8287353515625,1937.23583984375,3100.1744384765625,1949.9117431640625
2292.png,2572,1536,0,0.009534803219139576,3090.2115478515625,1935.8771362304688,3096.2047119140625,1949.8451538085938
2292.png,2572,1536,0,0.0035888622514903545,3093.9306640625,1938.6435546875,3104.031494140625,1950.1419677734375
2292.png,2572,1536,2,0.0032059969380497932,3366.057861328125,2239.25048828125,3423.638427734375,2255.680419921875
2292.png,2572,1536,0,0.0016015925211831927,3059.6887817382812,1595.9531936645508,3073.6362915039062,1635.9745712280273
2292.png,0,1702,1,0.010341988876461983,813.30615234375,2269.173828125,882.069580078125,2295.2607421875
2292.png,0,1702,0,0.007962804287672043,1.2325057983398438,1923.6476745605469,10.68742561340332,1935.2372741699219
2292.png,0,1702,0,0.006999144330620766,1.88458251953125,1923.0868835449219,13.303122520446777,1935.153076171875
2292.png,0,1702,0,0.006020601373165846,1013.7080078125,2652.212890625,1024.0,2672.500244140625
2292.png,0,1702,0,0.005787309259176254,1014.9271240234375,2649.1268920898438,1024.0,2670.9818725585938
2292.png,0,1702,0,0.002588046947494149,774.77783203125,2250.2076416015625,802.828369140625,2261.5770263671875
2292.png,0,1702,0,0.002525581978261471,0.8720197677612305,1921.4407043457031,8.607080459594727,1934.4054260253906
2292.png,0,1702,1,0.0014494011411443353,761.402099609375,2576.3392944335938,829.738525390625,2597.8267211914062
2292.png,0,1702,0,0.0012924597831442952,320.95550537109375,2327.114501953125,345.35809326171875,2336.71240234375
2292.png,768,1702,1,0.04310956224799156,813.3500061035156,2269.2957153320312,881.9157562255859,2295.8843383789062
2292.png,768,1702,1,0.0015735338674858212,768.0,2592.3711547851562,827.9216957092285,2619.1207885742188
2292.png,1536,1702,0,0.006782539654523134,1970.3724365234375,2356.59814453125,1984.6971435546875,2369.4183349609375
2292.png,1536,1702,1,0.002172676147893071,2349.2508544921875,2719.1971435546875,2373.08740234375,2726.0
2292.png,1536,1702,0,0.0015188473043963313,1971.02099609375,2357.3165283203125,1985.447998046875,2374.6385498046875
2292.png,2304,1702,0,0.030303969979286194,3109.7705078125,2708.970947265625,3121.892822265625,2726.0
2292.png,2304,1702,1,0.0061471895314753056,2348.493896484375,2719.2579345703125,2372.6583251953125,2726.0
2292.png,2304,1702,0,0.0034721007104963064,3090.2841186523438,1937.264892578125,3097.1586303710938,1949.0591430664062
2292.png,2304,1702,3,0.0018516768468543887,2304.4795513153076,2695.1124877929688,2334.3389797210693,2712.8436889648438
2292.png,2304,1702,0,0.0013261763378977776,2314.5072174072266,2602.9933471679688,2329.811981201172,2618.3491821289062
2292.png,2304,1702,1,0.001141956658102572,2341.3616790771484,2719.0196533203125,2370.6468811035156,2725.9110107421875
2292.png,2304,1702,3,0.0010481426725164056,2304.0759563446045,2692.372802734375,2330.824426651001,2718.15283203125
2292.png,2572,1702,2,0.010922523215413094,3317.8382568359375,2366.0816650390625,3334.6529541015625,2415.9356689453125
2292.png,2572,1702,2,0.004179301671683788,3546.67236328125,2715.1865234375,3594.924560546875,2726.0
2292.png,2572,1702,0,0.0031684720888733864,3108.2508544921875,2708.2928466796875,3120.7437744140625,2726.0
2293.png,0,0,2,0.20482470095157623,472.9060363769531,991.2149658203125,494.1968078613281,1024.0
2293.png,0,0,2,0.0030388766899704933,447.69140625,994.7835083007812,476.5562744140625,1023.4474487304688
2293.png,0,0,2,0.0012881670845672488,309.87969970703125,984.0842895507812,332.13580322265625,1023.5626831054688
2293.png,0,0,2,0.0011165065225213766,356.9452209472656,977.382080078125,371.1711120605469,1023.640380859375
2293.png,0,0,2,0.0010126555571332574,408.1009216308594,996.623291015625,431.4129943847656,1024.0
2293.png,768,0,1,0.8705345988273621,1442.790771484375,969.2550048828125,1504.8106689453125,1003.92236328125
2293.png,768,0,1,0.8100953698158264,1624.1546630859375,896.8627319335938,1680.6971435546875,931.6952514648438
2293.png,768,0,1,0.8062073588371277,1392.73388671875,992.2154541015625,1454.1868896484375,1022.498046875
2293.png,768,0,1,0.3030906319618225,1507.0465087890625,1001.800537109375,1557.5948486328125,1024.0
2293.png,768,0,1,0.2833231985569,1412.8464965820312,146.0904541015625,1474.5010375976562,161.1729736328125
2293.png,768,0,1,0.07893046736717224,1496.126220703125,952.72119140625,1538.2042236328125,978.3936767578125
2293.png,768,0,1,0.07632686197757721,1628.2579345703125,938.2929077148438,1692.3636474609375,965.6377563476562
2293.png,768,0,1,0.03574676439166069,1514.4002685546875,1010.78369140625,1559.7071533203125,1024.0
2293.png,768,0,1,0.0291194599121809,1618.33544921875,935.0433349609375,1678.69384765625,963.987548828125
2293.png,768,0,1,0.015535266138613224,1467.192138671875,1009.210205078125,1539.96728515625,1024.0
2293.png,768,0,1,0.01289902999997139,1471.4400634765625,1005.0223388671875,1555.0797119140625,1024.0
2293.png,768,0,1,0.01170386467128992,1575.160400390625,955.7586669921875,1630.121337890625,985.3013916015625
2293.png,768,0,1,0.011351675726473331,1522.2845458984375,1015.6456298828125,1560.4161376953125,1024.0
2293.png,768,0,1,0.0033965283073484898,1332.5838623046875,1002.088134765625,1382.9722900390625,1024.0
2293.png,768,0,0,0.003041276941075921,1473.7220458984375,1010.40478515625,1522.9193115234375,1024.0
2293.png,768,0,1,0.0029324188362807035,1519.7081298828125,1005.23388671875,1560.4715576171875,1023.9576416015625
2293.png,768,0,1,0.002772390143945813,1459.51025390625,1011.6253662109375,1523.92919921875,1024.0
2293.png,768,0,0,0.002562647219747305,1762.677001953125,730.9825439453125,1790.83447265625,744.1082763671875
2293.png,768,0,0,0.002015524310991168,1481.8114013671875,732.951171875,1499.9359130859375,772.92724609375
2293.png,768,0,1,0.001781327067874372,1451.4288330078125,1015.31640625,1523.2803955078125,1024.0
2293.png,768,0,1,0.001565118902362883,1785.732177734375,768.3814697265625,1792.0,786.357421875
2293.png,768,0,1,0.0011469158343970776,1348.9012451171875,1013.8946533203125,1410.7435302734375,1024.0
2293.png,1536,0,1,0.7388866543769836,1624.0963745117188,896.531982421875,1680.7255249023438,931.705810546875
2293.png,1536,0,1,0.46227961778640747,2278.7403564453125,511.29437255859375,2328.8988037109375,544.2573852539062
2293.png,1536,0,0,0.044039286673069,2501.1239013671875,234.05209350585938,2523.5460205078125,242.43179321289062
2293.png,1536,0,1,0.03798403963446617,2113.7724609375,584.002197265625,2150.82666015625,605.597412109375
2293.png,1536,0,1,0.022604787722229958,1620.8141784667969,938.04296875,1692.4963073730469,965.602783203125
2293.png,1536,0,1,0.009011536836624146,1617.7249755859375,935.0142822265625,1678.8580474853516,964.1361083984375
2293.png,1536,0,3,0.00648080836981535,2553.4593505859375,605.252197265625,2559.4874267578125,616.185546875
2293.png,1536,0,3,0.005969109944999218,2552.24853515625,668.2122802734375,2560.0,691.8446044921875
2293.png,1536,0,1,0.0044473218731582165,1574.2937278747559,955.623291015625,1630.347412109375,985.22119140625
2293.png,1536,0,3,0.0040661366656422615,2549.2130737304688,742.8348999023438,2559.4152221679688,757.9231567382812
2293.png,1536,0,1,0.003947496879845858,1536.0,1012.08154296875,1562.6283550262451,1023.5615234375
2293.png,1536,0,1,0.0039015214424580336,1536.0,998.2139892578125,1557.3484439849854,1022.1353759765625
2293.png,1536,0,0,0.0036510832142084837,2552.0318603515625,798.2957153320312,2559.4014892578125,812.6913452148438
2293.png,1536,0,3,0.0031549076084047556,2547.8883056640625,742.00830078125,2558.4368896484375,755.9072265625
2293.png,1536,0,1,0.0029710663948208094,1536.1826362609863,1016.325927734375,1562.6820487976074,1023.87646484375
2293.png,1536,0,0,0.0027279332280158997,2552.5173950195312,788.1068725585938,2559.8438110351562,802.5001831054688
2293.png,1536,0,3,0.0026920647360384464,2553.2333984375,656.8341064453125,2560.0,679.4630126953125
2293.png,1536,0,1,0.0026177954860031605,2537.307373046875,12.083477020263672,2559.9041748046875,27.54318618774414
2293.png,1536,0,1,0.0024974250700324774,2055.451416015625,512.3163452148438,2129.847412109375,543.7531127929688
2293.png,1536,0,0,0.002264457754790783,2552.3436279296875,805.745849609375,2559.4571533203125,818.914794921875
2293.png,1536,0,3,0.002016995334997773,2537.33154296875,667.9683837890625,2549.84619140625,687.9886474609375
2293.png,1536,0,0,0.0019108252599835396,1536.0180110931396,939.18359375,1560.1181316375732,965.787841796875
2293.png,1536,0,0,0.001890887157060206,2550.06982421875,805.2166748046875,2560.0,817.0880126953125
2293.png,1536,0,0,0.0018406565068289638,1870.8489990234375,1018.0396728515625,1889.154296875,1024.0
2293.png,1536,0,3,0.0017038828227669,2554.407958984375,607.9263305664062,2559.9371337890625,627.2643432617188
2293.png,1536,0,0,0.0015624640509486198,2552.3094482421875,781.16943359375,2559.9921875,796.252685546875
2293.png,1536,0,3,0.001506337197497487,2554.9345703125,616.47216796875,2560.0,636.447509765625
2293.png,1536,0,1,0.0013800286687910557,1641.0929412841797,938.8192138671875,1692.2129669189453,966.1671142578125
2293.png,1536,0,0,0.001302208285778761,2546.612548828125,801.4714965820312,2557.5758056640625,812.3528442382812
2293.png,1536,0,1,0.0012805387377738953,1536.0,991.6365966796875,1551.8053855895996,1018.3133544921875
2293.png,1536,0,3,0.0010333044920116663,2552.3610229492188,768.9168701171875,2559.9907836914062,781.3052978515625
2293.png,2304,0,1,0.8345838785171509,3098.5716552734375,168.84564208984375,3144.9569091796875,191.02188110351562
2293.png,2304,0,1,0.7162649035453796,2304.0235958099365,512.0655517578125,2328.561435699463,540.1414794921875
2293.png,2304,0,1,0.20214234292507172,2595.0631103515625,920.37109375,2616.391357421875,957.46826171875
2293.png,2304,0,2,0.10810262709856033,2610.0645141601562,845.6901245117188,2667.1317749023438,859.6528930664062
2293.png,2304,0,1,0.0883089005947113,2578.4667358398438,918.3436279296875,2600.9151000976562,956.4703369140625
2293.png,2304,0,1,0.059207383543252945,2520.2236938476562,954.1023559570312,2584.071533203125,971.3485717773438
2293.png,2304,0,1,0.058260727673769,2304.0,512.8409423828125,2327.885015487671,556.7071533203125
2293.png,2304,0,0,0.016710501164197922,2501.2195892333984,234.1380615234375,2523.5491485595703,242.36288452148438
2293.png,2304,0,1,0.013978359289467335,2304.0,524.6181030273438,2330.9712715148926,560.6395874023438
2293.png,2304,0,2,0.007069262210279703,2594.43310546875,0.0,2612.8289794921875,9.15395736694336
2293.png,2304,0,1,0.006607826333492994,2594.1500244140625,0.19234275817871094,2612.475341796875,9.154908180236816
2293.png,2304,0,0,0.004193144850432873,2578.90087890625,919.7459716796875,2601.6038818359375,956.8563232421875
2293.png,2304,0,0,0.003803328610956669,2671.411163330078,845.7535400390625,2711.711212158203,858.6458740234375
2293.png,2304,0,1,0.003688311902806163,2579.2529296875,1014.7470703125,2624.2033081054688,1023.7938232421875
2293.png,2304,0,0,0.003631993429735303,3141.888916015625,76.70458984375,3192.14013671875,107.37393188476562
2293.png,2304,0,0,0.0031140833161771297,2620.8773498535156,0.45134449005126953,2637.204071044922,13.076932907104492
2293.png,2304,0,1,0.002827779157087207,2629.6160888671875,287.604248046875,2681.624755859375,312.96551513671875
2293.png,2304,0,0,0.0019002787303179502,2614.866455078125,0.4758882522583008,2631.62744140625,11.648069381713867
2293.png,2304,0,1,0.0018762811087071896,2304.5523052215576,534.619140625,2334.897876739502,560.954345703125
2293.png,2304,0,1,0.0015666695544496179,2584.3290405273438,1003.3831787109375,2622.4542846679688,1016.20703125
2293.png,2304,0,1,0.00144265778362751,2583.6220092773438,1016.7367553710938,2624.6184692382812,1023.9617309570312
2293.png,2304,0,1,0.001357904402539134,2304.0,535.53271484375,2325.5542163848877,561.22412109375
2293.png,2304,0,1,0.0012489265063777566,2498.9959869384766,308.02490234375,2527.107162475586,329.0045166015625
2293.png,2304,0,1,0.0011832674499601126,2866.529052734375,823.9300537109375,2923.53857421875,846.5819091796875
2293.png,2304,0,2,0.0011511254124343395,3267.139404296875,1009.372802734375,3294.528564453125,1024.0
2293.png,2304,0,0,0.0011013236362487078,2624.363250732422,0.3709564208984375,2646.5587463378906,13.412755966186523
2293.png,2304,0,1,0.0010900632478296757,2617.3861694335938,0.559758186340332,2633.2282104492188,13.227489471435547
2293.png,2573,0,1,0.8696902990341187,3098.662841796875,168.82879638671875,3144.3701171875,191.10467529296875
2293.png,2573,0,2,0.018829211592674255,2609.441635131836,845.8638916015625,2666.2225189208984,859.75439453125
2293.png,2573,0,2,0.016686776652932167,3266.83447265625,1009.6075439453125,3291.765869140625,1023.9637451171875
2293.png,2573,0,0,0.016616934910416603,3366.4832153320312,0.49315834045410156,3389.4740600585938,29.875465393066406
2293.png,2573,0,0,0.007321590092033148,3106.3878173828125,74.86851501464844,3194.0933837890625,120.04048156738281
2293.png,2573,0,0,0.007243619300425053,2573.1255435943604,242.16046142578125,2581.2787551879883,271.31793212890625
2293.png,2573,0,0,0.005999340210109949,2577.918050765991,919.1627197265625,2599.254421234131,955.8306884765625
2293.png,2573,0,0,0.005738478619605303,2611.6704864501953,845.9874267578125,2666.281936645508,859.4390869140625
2293.png,2573,0,3,0.00447638425976038,2865.7879943847656,825.8252563476562,2925.343963623047,844.8195190429688
2293.png,2573,0,1,0.003139668609946966,2580.5022506713867,1005.72216796875,2622.7476921081543,1020.7939453125
2293.png,2573,0,1,0.0031137338373810053,2631.6089782714844,288.826904296875,2682.178665161133,314.9337158203125
2293.png,2573,0,0,0.0029443870298564434,2579.260368347168,1015.4988403320312,2623.487880706787,1023.9971313476562
2293.png,2573,0,1,0.002908294089138508,2865.4071655273438,825.0368041992188,2925.4572143554688,846.2627563476562
2293.png,2573,0,3,0.0025445991195738316,2577.4861068725586,11.623750686645508,2597.420722961426,23.984304428100586
2293.png,2573,0,2,0.0020632490050047636,2596.857681274414,0.1211557388305664,2611.8947830200195,8.330387115478516
2293.png,2573,0,1,0.0017572245560586452,2579.4269638061523,1013.843994140625,2621.1366271972656,1023.54736328125
2293.png,2573,0,0,0.001732781296595931,2580.7489280700684,1005.558349609375,2622.080276489258,1019.0518798828125
2293.png,2573,0,0,0.00165642483625561,3140.1571655273438,76.18231201171875,3192.4104614257812,107.24856567382812
2293.png,2573,0,3,0.001186580047942698,2573.112596511841,6.891958236694336,2592.7891120910645,24.647512435913086
2293.png,2573,0,1,0.0011217731516808271,3591.349853515625,342.0920104980469,3597.0,376.7908630371094
2293.png,2573,0,3,0.0010822847252711654,2863.7928466796875,819.85205078125,2923.8641357421875,843.586181640625
2293.png,2573,0,0,0.0010765534825623035,2831.522979736328,1012.7364501953125,2851.015106201172,1024.0
2293.png,0,768,2,0.14564406871795654,774.9006958007812,1384.7122802734375,824.1799926757812,1429.5189208984375
2293.png,0,768,0,0.005532458890229464,1016.2098999023438,1660.8380737304688,1023.9815063476562,1680.7916870117188
2293.png,0,768,2,0.0027326124254614115,1014.7701416015625,1669.0762939453125,1024.0,1704.8028564453125
2293.png,0,768,3,0.00269381538964808,858.5883178710938,1202.8099365234375,907.7450561523438,1221.2261962890625
2293.png,0,768,2,0.002030100906267762,468.30914306640625,989.1633911132812,491.3553466796875,1041.3304748535156
2293.png,768,768,1,0.8213720917701721,1624.014892578125,896.8607788085938,1681.0185546875,931.8158569335938
2293.png,768,768,1,0.6822305917739868,1443.5091552734375,969.2228546142578,1505.1595458984375,1003.8881988525391
2293.png,768,768,1,0.6536560654640198,772.6313018798828,1384.5607299804688,823.912296295166,1428.4784545898438
2293.png,768,768,1,0.5923564434051514,1395.6239013671875,992.2135467529297,1454.7310791015625,1023.1472320556641
2293.png,768,768,4,0.17803698778152466,1356.0335693359375,1067.6459350585938,1418.5455322265625,1099.6553344726562
2293.png,768,768,1,0.09863990545272827,1212.0219116210938,1082.6972045898438,1263.77978515625,1117.1301879882812
2293.png,768,768,1,0.05921933799982071,1641.300537109375,938.2065734863281,1693.0584716796875,965.9162292480469
2293.png,768,768,1,0.05718564614653587,1618.261474609375,935.0931701660156,1678.714111328125,964.2054748535156
2293.png,768,768,1,0.031264424324035645,1495.977783203125,952.5522766113281,1538.68603515625,978.4235534667969
2293.png,768,768,2,0.022541064769029617,1509.51025390625,1697.1505737304688,1523.05322265625,1728.0794067382812
2293.png,768,768,1,0.02228154055774212,1573.93408203125,955.7463531494141,1630.30859375,985.4165496826172
2293.png,768,768,1,0.018904509022831917,1497.6744384765625,1001.5350952148438,1556.9935302734375,1035.8591613769531
2293.png,768,768,1,0.014938157983124256,1350.4735107421875,1023.5381774902344,1404.4952392578125,1055.9193420410156
2293.png,768,768,2,0.013940953649580479,1783.5296630859375,1544.0657958984375,1792.0,1571.8853759765625
2293.png,768,768,2,0.013781138695776463,1682.9556884765625,1717.6080322265625,1708.7220458984375,1788.7706298828125
2293.png,768,768,1,0.011273144744336605,1619.900634765625,937.5406799316406,1693.181640625,965.6500549316406
2293.png,768,768,2,0.010597382672131062,1782.1463623046875,1542.8825073242188,1792.0,1578.2361450195312
2293.png,768,768,1,0.008961948566138744,1467.6361083984375,1002.4432373046875,1558.7403564453125,1037.5364685058594
2293.png,768,768,2,0.008470852859318256,1699.75439453125,1761.3150634765625,1725.4586181640625,1790.1663818359375
2293.png,768,768,0,0.006388302892446518,768.7115173339844,1297.1742553710938,791.0719776153564,1309.5260620117188
2293.png,768,768,1,0.005727804731577635,1356.624755859375,1066.9534301757812,1417.364990234375,1094.5567016601562
2293.png,768,768,2,0.005612694192677736,1433.81298828125,1472.4655151367188,1447.8603515625,1526.7196655273438
2293.png,768,768,2,0.005460937041789293,1674.3424072265625,1723.1967163085938,1692.0076904296875,1786.9729614257812
2293.png,768,768,1,0.004721249919384718,1207.1583251953125,1139.3583984375,1262.1505126953125,1170.8504638671875
2293.png,768,768,2,0.004647467285394669,1778.6705322265625,1540.499267578125,1791.996337890625,1573.764404296875
2293.png,768,768,2,0.0033412170596420765,963.1246948242188,1783.1556396484375,1002.1881103515625,1792.0
2293.png,768,768,2,0.0033172115217894316,1746.1107177734375,1536.2889404296875,1767.24609375,1581.77978515625
2293.png,768,768,0,0.003111659549176693,1168.0681762695312,1106.1651000976562,1202.7789916992188,1130.6572875976562
2293.png,768,768,2,0.0027610522229224443,1473.937744140625,1588.5840454101562,1492.614990234375,1637.5659790039062
2293.png,768,768,0,0.0025945689994841814,1205.963134765625,1139.5474243164062,1262.2852783203125,1170.4253540039062
2293.png,768,768,3,0.00203708210028708,1787.0582275390625,1271.8074340820312,1792.0,1289.7230834960938
2293.png,768,768,1,0.001984750386327505,768.0,1341.3541259765625,774.5560326576233,1373.5867919921875
2293.png,768,768,2,0.0015913145616650581,1780.53271484375,1541.8590087890625,1792.0,1591.7974853515625
2293.png,768,768,2,0.0015076895942911506,1745.66943359375,1536.403564453125,1764.06298828125,1574.1494140625
2293.png,768,768,2,0.0014830492436885834,1678.8765869140625,1759.7574462890625,1712.1939697265625,1790.30908203125
2293.png,768,768,2,0.001456325757317245,1781.84912109375,1768.0203857421875,1791.8935546875,1792.0
2293.png,768,768,0,0.0014252206310629845,1784.0970458984375,769.1738147735596,1792.0,784.5400466918945
2293.png,768,768,3,0.0013035000301897526,858.4137878417969,1202.8076171875,907.7525482177734,1221.0771484375
2293.png,768,768,0,0.0012773777125403285,1786.7052001953125,1266.53515625,1792.0,1286.81201171875
2293.png,768,768,2,0.0012622229987755418,1720.8989868164062,1281.1790771484375,1737.5122680664062,1318.3587646484375
2293.png,768,768,2,0.0012611143756657839,1763.4954833984375,1769.6751708984375,1783.2086181640625,1791.9420166015625
2293.png,768,768,2,0.0012565575307235122,768.5366287231445,1383.92236328125,822.3634452819824,1426.844970703125
2293.png,768,768,1,0.0011856378987431526,768.0,1360.3868408203125,782.01247215271,1408.58544921875
2293.png,768,768,0,0.0011243043700233102,1782.983642578125,770.0148277282715,1791.9140625,789.396858215332
2293.png,768,768,1,0.0010924262460321188,768.0,1361.496826171875,790.6174278259277,1413.0689697265625
2293.png,1536,768,1,0.8301082253456116,1624.1566162109375,896.75927734375,1680.9988708496094,931.8486938476562
2293.png,1536,768,4,0.4591405391693115,1898.5818481445312,1576.8678588867188,1917.8502197265625,1630.2295532226562
2293.png,1536,768,4,0.4520632028579712,1870.9039306640625,1573.8806762695312,1891.9658203125,1627.2365112304688
2293.png,1536,768,0,0.3511180877685547,1918.6229553222656,1523.0614013671875,1945.6820983886719,1588.6380615234375
2293.png,1536,768,0,0.34796714782714844,1836.6092529296875,1485.10888671875,1854.6898193359375,1545.6495361328125
2293.png,1536,768,4,0.32320693135261536,1885.2169799804688,1553.5921630859375,1904.2684936523438,1611.6334228515625
2293.png,1536,768,2,0.2778593599796295,1822.6577758789062,1494.1031494140625,1841.4865112304688,1544.9766845703125
2293.png,1536,768,0,0.2598986327648163,1870.7743530273438,1573.5850830078125,1893.2864379882812,1626.3875732421875
2293.png,1536,768,4,0.1851581186056137,1869.2006225585938,1574.3717041015625,1890.8196411132812,1642.598388671875
2293.png,1536,768,4,0.16126327216625214,1888.2186279296875,1590.09326171875,1907.3718872070312,1648.720458984375
2293.png,1536,768,4,0.1572386920452118,1862.9765014648438,1523.29443359375,1889.6766967773438,1585.12451171875
2293.png,1536,768,1,0.13452577590942383,1896.3339233398438,1577.3265380859375,1918.5463256835938,1630.9566650390625
2293.png,1536,768,1,0.13066919147968292,1621.4244079589844,938.0161437988281,1692.9145812988281,965.6994323730469
2293.png,1536,768,3,0.10597719252109528,1536.0,1190.6676025390625,1548.1660270690918,1211.90966796875
2293.png,1536,768,0,0.1031552404165268,1887.8322448730469,1585.5836181640625,1907.8628234863281,1661.842041015625
2293.png,1536,768,0,0.10183023661375046,1896.4744567871094,1526.2498779296875,1925.4210510253906,1589.5587158203125
2293.png,1536,768,4,0.07820381224155426,1871.871826171875,1581.9158935546875,1895.6212158203125,1672.4205322265625
2293.png,1536,768,4,0.06625783443450928,1885.7599487304688,1563.7266235351562,1905.8355712890625,1627.8609008789062
2293.png,1536,768,4,0.06015093997120857,1896.4034118652344,1526.8328857421875,1921.7809753417969,1599.2103271484375
2293.png,1536,768,1,0.05683396756649017,1835.7313232421875,1556.687744140625,1871.8447265625,1602.995849609375
2293.png,1536,768,1,0.05456753075122833,1896.3173217773438,1525.25537109375,1924.2962036132812,1593.62646484375
2293.png,1536,768,1,0.05247347429394722,1618.280029296875,935.0147705078125,1678.9441528320312,964.3825378417969
2293.png,1536,768,0,0.04182072728872299,1921.9664306640625,1575.89453125,1949.38134765625,1625.130615234375
2293.png,1536,768,1,0.03403337672352791,1862.6560668945312,1520.2486572265625,1890.5226440429688,1585.72265625
2293.png,1536,768,0,0.03314194828271866,1822.4543762207031,1487.7647705078125,1842.2281799316406,1544.4764404296875
2293.png,1536,768,4,0.03142594173550606,1880.921142578125,1518.0491333007812,1897.77490234375,1555.7792358398438
2293.png,1536,768,0,0.027823934331536293,2495.61328125,1348.806396484375,2509.7371826171875,1395.23779296875
2293.png,1536,768,0,0.027800826355814934,1852.7562255859375,1488.7079467773438,1866.200439453125,1545.0399780273438
2293.png,1536,768,0,0.023908551782369614,1904.0545349121094,1628.6114501953125,1920.3534851074219,1676.31494140625
2293.png,1536,768,4,0.022327492013573647,1907.3097839355469,1580.3733520507812,1924.7696228027344,1627.9293823242188
2293.png,1536,768,1,0.020201995968818665,1901.9082641601562,1582.2626342773438,1919.9791870117188,1631.4331665039062
2293.png,1536,768,2,0.01992618478834629,1682.6165771484375,1717.1177978515625,1708.800537109375,1789.0850830078125
2293.png,1536,768,1,0.018192384392023087,1910.4483642578125,1485.496826171875,1933.93408203125,1534.3206787109375
2293.png,1536,768,2,0.017780130729079247,2203.8858032226562,1768.2667236328125,2221.8363647460938,1791.6109619140625
2293.png,1536,768,0,0.015345601364970207,1912.4377136230469,1484.9886474609375,1933.1794738769531,1534.1397705078125
2293.png,1536,768,4,0.015288914553821087,1904.0053100585938,1628.4840087890625,1921.2407836914062,1673.2449951171875
2293.png,1536,768,1,0.014919379726052284,1920.9388732910156,1576.3343505859375,1953.4391784667969,1624.3558349609375
2293.png,1536,768,2,0.014607363380491734,1745.1983642578125,1536.6796875,1767.6995849609375,1581.58056640625
2293.png,1536,768,0,0.01289181225001812,1910.5650024414062,1581.012451171875,1928.8313598632812,1623.686767578125
2293.png,1536,768,4,0.012217394076287746,1886.8604736328125,1569.0516357421875,1902.759033203125,1633.4659423828125
2293.png,1536,768,4,0.010948666371405125,1880.2416687011719,1551.2683715820312,1900.5582580566406,1623.6856079101562
2293.png,1536,768,4,0.010483792051672935,1900.6906127929688,1588.10302734375,1917.0446166992188,1632.9422607421875
2293.png,1536,768,1,0.009965497069060802,1641.2415161132812,938.6771850585938,1692.6318054199219,966.4560546875
2293.png,1536,768,4,0.009636742062866688,1865.7970581054688,1576.4198608398438,1893.0982055664062,1673.1517944335938
2293.png,1536,768,2,0.009431655518710613,2495.3720703125,1349.88525390625,2508.7491455078125,1395.9498291015625
2293.png,1536,768,0,0.008723695762455463,1890.1090087890625,1635.5792236328125,1909.0006103515625,1685.3834228515625
2293.png,1536,768,0,0.007947218604385853,1911.2943725585938,1484.8527221679688,1936.8748168945312,1544.4650268554688
2293.png,1536,768,1,0.007929977029561996,1917.6445922851562,1523.586669921875,1948.8512573242188,1589.6416015625
2293.png,1536,768,4,0.00745677063241601,1890.8891296386719,1524.0008544921875,1915.3804016113281,1607.08984375
2293.png,1536,768,2,0.007381887640804052,1825.1708984375,1486.0821533203125,1846.454345703125,1545.2947998046875
2293.png,1536,768,4,0.007200425025075674,1873.9551391601562,1603.66845703125,1896.4357299804688,1683.296630859375
2293.png,1536,768,4,0.006966470740735531,1844.095947265625,1576.2510986328125,1880.7723388671875,1669.7244873046875
2293.png,1536,768,2,0.00657065212726593,1699.4748840332031,1761.49755859375,1725.6130065917969,1790.1473388671875
2293.png,1536,768,0,0.006498451344668865,1904.8373413085938,1582.3311157226562,1921.994873046875,1627.7831420898438
2293.png,1536,768,2,0.00649572117254138,1674.2741394042969,1722.931884765625,1692.0409240722656,1787.053466796875
2293.png,1536,768,0,0.006481320131570101,1884.8910827636719,1560.0062866210938,1906.0109558105469,1614.7247924804688
2293.png,1536,768,0,0.006390866823494434,1873.7779235839844,1603.1644287109375,1895.6508483886719,1676.4075927734375
2293.png,1536,768,3,0.006289329845458269,1903.3939819335938,1589.4229736328125,1920.3584594726562,1634.029541015625
2293.png,1536,768,1,0.0058107879012823105,1573.9654388427734,955.7503356933594,1630.2560577392578,985.6213073730469
2293.png,1536,768,4,0.005799474194645882,1892.1535034179688,1623.8035888671875,1909.201171875,1681.40869140625
2293.png,1536,768,4,0.005183178465813398,1905.2952270507812,1523.0203247070312,1926.6690063476562,1595.4013061523438
2293.png,1536,768,1,0.00475867185741663,1834.0482482910156,1540.8690185546875,1871.7259216308594,1604.415283203125
2293.png,1536,768,4,0.004644712898880243,1882.3489990234375,1530.6239013671875,1903.2576904296875,1606.6268310546875
2293.png,1536,768,0,0.0043669757433235645,1842.1903076171875,1577.4232177734375,1874.8082275390625,1662.6715087890625
2293.png,1536,768,4,0.004290154669433832,1886.6414489746094,1589.3858642578125,1905.5691223144531,1676.1600341796875
2293.png,1536,768,0,0.004040655680000782,1536.0,938.9422302246094,1560.3330001831055,966.6248474121094
2293.png,1536,768,3,0.003944814670830965,1536.0,1181.912353515625,1544.8797445297241,1207.1923828125
2293.png,1536,768,4,0.003400755114853382,1897.6084594726562,1524.507568359375,1916.8947143554688,1608.8704833984375
2293.png,1536,768,0,0.0032801926136016846,1891.7772216796875,1489.856201171875,1913.8836059570312,1536.8834228515625
2293.png,1536,768,4,0.002633464289829135,1881.2052612304688,1519.223388671875,1900.0070190429688,1588.370849609375
2293.png,1536,768,3,0.002441424410790205,1536.0,1182.7747802734375,1548.9941959381104,1207.6007080078125
2293.png,1536,768,3,0.002077051904052496,1904.3408508300781,1627.784912109375,1921.8869934082031,1672.0870361328125
2293.png,1536,768,1,0.002014458179473877,1536.0,1133.5078430175781,1555.9564094543457,1167.1309509277344
2293.png,1536,768,0,0.001967680873349309,1896.8092041015625,1527.9368896484375,1919.2870483398438,1583.6434326171875
2293.png,1536,768,0,0.0018984228372573853,1883.1427001953125,1540.2429809570312,1907.3819580078125,1606.9736938476562
2293.png,1536,768,2,0.0018752883188426495,1678.9045715332031,1759.0445556640625,1711.3138122558594,1790.2806396484375
2293.png,1536,768,3,0.0018613631837069988,1536.0,1142.4255981445312,1552.4261512756348,1182.3793334960938
2293.png,1536,768,0,0.001787888933904469,1882.0277404785156,1521.0794677734375,1897.6665954589844,1556.5152587890625
2293.png,1536,768,3,0.001703326590359211,1536.0932502746582,1159.6279296875,1550.178011894226,1199.938720703125
2293.png,1536,768,1,0.001605204539373517,1536.0796585083008,997.4898071289062,1557.0781745910645,1028.5139465332031
2293.png,1536,768,0,0.0013285523746162653,1889.0979614257812,1577.3267822265625,1906.8312377929688,1640.222900390625
2293.png,1536,768,2,0.001286802813410759,1745.8917846679688,1536.9947509765625,1763.5221557617188,1571.7637939453125
2293.png,1536,768,3,0.0012786320876330137,1905.68212890625,1525.3385009765625,1927.619140625,1595.2891845703125
2293.png,1536,768,1,0.0012706461129710078,1841.0143127441406,1578.5271606445312,1876.7291564941406,1662.0626831054688
2293.png,1536,768,2,0.0012531428365036845,2214.6654663085938,1385.6787109375,2231.4172973632812,1450.233642578125
2293.png,1536,768,0,0.0012127460213378072,1785.7758483886719,768.2248840332031,1812.3412170410156,780.8638305664062
2293.png,1536,768,2,0.0010641802800819278,1702.0538330078125,1765.7130126953125,1728.4938049316406,1790.5321044921875
2293.png,1536,768,2,0.001060171634890139,1750.7904357910156,1536.1670532226562,1783.4312438964844,1584.8613891601562
2293.png,1536,768,1,0.0010487070539966226,1536.0959777832031,991.6102294921875,1552.8399047851562,1020.5440063476562
2293.png,1536,768,1,0.0010243161814287305,1536.0,939.1858215332031,1552.3279457092285,982.859130859375
2293.png,2304,768,1,0.2878727614879608,2594.926025390625,920.4685821533203,2616.201416015625,957.5354461669922
2293.png,2304,768,0,0.11049073934555054,2671.2919006347656,845.9450836181641,2708.4779357910156,858.4956817626953
2293.png,2304,768,1,0.08775840699672699,2578.5255737304688,918.2724304199219,2600.853515625,956.4944152832031
2293.png,2304,768,1,0.04894782230257988,2520.821075439453,954.0031433105469,2583.822296142578,971.5117492675781
2293.png,2304,768,1,0.023355402052402496,2866.3077392578125,824.6383743286133,2923.8380126953125,846.3176345825195
2293.png,2304,768,2,0.010914073325693607,2495.5919189453125,1350.01220703125,2509.5474243164062,1394.608154296875
2293.png,2304,768,1,0.0067512597888708115,2666.098388671875,1468.583740234375,2727.8139038085938,1482.281982421875
2293.png,2304,768,1,0.005332273431122303,2304.0,1636.3175659179688,2324.3384647369385,1651.1638793945312
2293.png,2304,768,1,0.0036769958678632975,2667.3314819335938,1458.3944091796875,2729.8341064453125,1469.6768798828125
2293.png,2304,768,1,0.003529172157868743,2304.087188720703,1639.6575317382812,2324.70316696167,1650.2583618164062
2293.png,2304,768,4,0.003460876876488328,2577.4967041015625,1618.7325439453125,2619.9029541015625,1632.2803955078125
2293.png,2304,768,2,0.0033394054044038057,2610.491973876953,845.7525024414062,2666.7452697753906,859.2557830810547
2293.png,2304,768,0,0.0012869946658611298,2826.2575073242188,840.4813690185547,2861.3226928710938,853.6896820068359
2293.png,2304,768,1,0.001072540762834251,2304.0,1637.9969482421875,2324.2452812194824,1658.4713134765625
2293.png,2304,768,0,0.0010269255144521594,2579.3637084960938,920.3014831542969,2603.1874389648438,956.8914489746094
2293.png,2573,768,1,0.04853271320462227,2573.015151977539,1587.4771728515625,2610.986400604248,1602.4576416015625
2293.png,2573,768,1,0.04509760066866875,2576.1713829040527,1618.702880859375,2619.638271331787,1632.904296875
2293.png,2573,768,1,0.0375998318195343,2667.848190307617,1458.3525390625,2725.262466430664,1469.786865234375
2293.png,2573,768,1,0.028459569439291954,2573.0219984054565,1364.5410766601562,2582.4757385253906,1387.0894165039062
2293.png,2573,768,0,0.01883283071219921,2670.1139755249023,846.1027221679688,2700.881965637207,858.2751770019531
2293.png,2573,768,1,0.01590813882648945,2573.00834941864,1359.5970458984375,2582.8665628433228,1383.9307861328125
2293.png,2573,768,1,0.013208488933742046,2666.2669067382812,1469.1517333984375,2729.848617553711,1482.7408447265625
2293.png,2573,768,0,0.01189583819359541,2611.629913330078,845.8230133056641,2666.2804260253906,859.2254180908203
2293.png,2573,768,3,0.011847760528326035,2573.0326261520386,949.4364318847656,2582.3830976486206,971.9519958496094
2293.png,2573,768,3,0.011268315836787224,2865.3958740234375,825.8995819091797,2925.7738037109375,845.4219055175781
2293.png,2573,768,1,0.009749547578394413,2865.2666625976562,825.6618156433105,2925.7518920898438,845.7178802490234
2293.png,2573,768,3,0.008074738085269928,2573.0892763137817,955.6688537597656,2581.9799604415894,979.0205993652344
2293.png,2573,768,1,0.006717991083860397,2573.0,1351.6359252929688,2583.5061264038086,1382.9035034179688
2293.png,2573,768,1,0.005490412469953299,2611.3486251831055,845.1858062744141,2666.7861251831055,858.8666381835938
2293.png,2573,768,1,0.0043679773807525635,2573.0470600128174,1369.8134765625,2581.576986312866,1401.450927734375
2293.png,2573,768,4,0.004102774895727634,2577.537733078003,919.7008361816406,2598.913387298584,956.6905212402344
2293.png,2573,768,4,0.0036301373038440943,3020.3361206054688,768.3836441040039,3035.9793701171875,777.2573413848877
2293.png,2573,768,1,0.003384883049875498,2573.0,1376.2542724609375,2584.6832418441772,1412.1258544921875
2293.png,2573,768,3,0.0031931279227137566,2573.0,952.5927429199219,2585.669722557068,972.1571044921875
2293.png,2573,768,3,0.002937601413577795,2863.42041015625,820.6475982666016,2924.1895141601562,843.1260375976562
2293.png,2573,768,1,0.0027483878657221794,2668.4913024902344,1444.8206787109375,2725.4785766601562,1457.7257080078125
2293.png,2573,768,3,0.00259023392572999,2573.0,955.0286560058594,2585.9329919815063,978.8478088378906
2293.png,2573,768,1,0.0018889533821493387,2573.036702156067,1375.985107421875,2580.8024139404297,1414.4775390625
2293.png,2573,768,1,0.0018450348870828748,2573.0,1407.4696655273438,2584.1151905059814,1452.2643432617188
2293.png,2573,768,0,0.001257268711924553,3020.9264526367188,768.2761898040771,3035.8458862304688,777.1402349472046
2293.png,2573,768,2,0.001162063330411911,2573.0,1341.0028076171875,2584.571135520935,1363.3587646484375
2293.png,2573,768,1,0.0010933730518445373,2666.7032470703125,1464.9379272460938,2727.5604858398438,1479.2977905273438
2293.png,0,1536,2,0.829108715057373,772.98486328125,2090.3889770507812,789.55224609375,2135.7689819335938
2293.png,0,1536,0,0.513263463973999,278.5820007324219,2223.0115966796875,304.6661682128906,2233.8238525390625
2293.png,0,1536,2,0.3249000310897827,263.18756103515625,1878.269775390625,286.93621826171875,1908.016845703125
2293.png,0,1536,0,0.016231218352913857,275.84283447265625,1883.764404296875,298.72698974609375,1911.37890625
2293.png,0,1536,0,0.01307547278702259,1016.1712646484375,1660.1637802124023,1023.9835205078125,1680.6722106933594
2293.png,0,1536,1,0.0062754517421126366,1018.2818603515625,2111.8154296875,1024.0,2128.3031005859375
2293.png,0,1536,0,0.005667819641530514,1016.0390625,1662.9124298095703,1024.0,1685.832748413086
2293.png,0,1536,1,0.004706797190010548,1017.19921875,2105.2430419921875,1024.0,2126.6251220703125
2293.png,0,1536,2,0.003787630470469594,1014.8829345703125,1668.1271362304688,1024.0,1705.0720520019531
2293.png,0,1536,1,0.003497422207146883,598.6937255859375,1976.107421875,621.33154296875,2015.5040283203125
2293.png,0,1536,2,0.003130959579721093,210.97433471679688,1886.5592651367188,261.1947326660156,1904.0657958984375
2293.png,0,1536,0,0.0027836873196065426,1017.3955078125,1648.2326202392578,1024.0,1679.2086334228516
2293.png,0,1536,0,0.0017780631314963102,1016.1618041992188,1665.6733093261719,1023.8937377929688,1702.2127380371094
2293.png,0,1536,1,0.001684266491793096,1010.799072265625,2101.404541015625,1023.744384765625,2122.6748046875
2293.png,0,1536,1,0.0016701261047273874,689.2636108398438,1931.7552490234375,723.0304565429688,1947.202880859375
2293.png,0,1536,1,0.0015857128892093897,1011.10888671875,2109.2755126953125,1023.828369140625,2127.1551513671875
2293.png,0,1536,1,0.001235287287272513,1018.7161865234375,2115.5125732421875,1024.0,2134.62939453125
2293.png,0,1536,3,0.001041272422298789,279.7236633300781,2218.6436767578125,302.1333312988281,2226.1717529296875
2293.png,0,1536,0,0.0010324213653802872,666.1173095703125,2294.1029052734375,686.0238037109375,2336.7469482421875
2293.png,768,1536,2,0.20188620686531067,1430.9364624023438,2442.7364501953125,1449.1879272460938,2491.0814208984375
2293.png,768,1536,0,0.02935713157057762,769.7198295593262,2090.184326171875,793.4057807922363,2137.977294921875
2293.png,768,1536,0,0.027205491438508034,1037.4632873535156,1900.265625,1051.2682189941406,1917.7496337890625
2293.png,768,1536,2,0.024278244003653526,1610.1614990234375,2520.7520751953125,1633.0606689453125,2559.47705078125
2293.png,768,1536,1,0.010576176457107067,1786.8939208984375,1983.60986328125,1792.0,2001.5169677734375
2293.png,768,1536,2,0.010085353627800941,1561.7577514648438,2285.1156005859375,1577.1885375976562,2310.9862060546875
2293.png,768,1536,2,0.008021986111998558,1508.791259765625,1697.0249633789062,1524.77734375,1728.0073852539062
2293.png,768,1536,2,0.006563472095876932,1683.5284423828125,1717.7142944335938,1708.6842041015625,1788.2028198242188
2293.png,768,1536,2,0.006478331051766872,1473.961181640625,1588.0322036743164,1494.0078125,1637.6923446655273
2293.png,768,1536,3,0.005773615557700396,1783.9288330078125,1544.7948999404907,1792.0,1569.6694107055664
2293.png,768,1536,2,0.004742043558508158,1507.7376708984375,1917.3806457519531,1529.0025634765625,1952.5491638183594
2293.png,768,1536,2,0.004701586440205574,1498.3336181640625,1843.3084716796875,1517.1141357421875,1893.6361083984375
2293.png,768,1536,2,0.002689871471375227,1299.5332641601562,1997.2310485839844,1317.6090698242188,2033.2344665527344
2293.png,768,1536,1,0.0025849335361272097,1278.7190246582031,2555.4154052734375,1338.916259765625,2560.0
2293.png,768,1536,3,0.0023775468580424786,1779.0430908203125,1541.2973937988281,1791.9322509765625,1571.3036003112793
2293.png,768,1536,1,0.001839885488152504,1279.8369140625,2545.443115234375,1339.1265869140625,2559.309326171875
2293.png,768,1536,1,0.0015602539060637355,1276.7462158203125,2554.5865478515625,1318.3538818359375,2559.6961669921875
2293.png,768,1536,2,0.001551555236801505,1784.1322021484375,1543.9910764694214,1792.0,1563.5564460754395
2293.png,768,1536,2,0.0014851168962195516,1015.5411834716797,2086.2362060546875,1035.1941528320312,2129.0040283203125
2293.png,768,1536,1,0.0012692671734839678,770.0125789642334,2090.1029052734375,793.7004871368408,2137.9097900390625
2293.png,768,1536,0,0.0012546255020424724,768.1540336608887,2092.3536987304688,778.7063989639282,2145.1065063476562
2293.png,768,1536,0,0.0011999260168522596,768.0,2082.7499389648438,777.6370372772217,2133.0175170898438
2293.png,768,1536,1,0.0011677196016535163,1307.1768188476562,2553.971923828125,1341.8455200195312,2560.0
2293.png,768,1536,2,0.0011053028283640742,1509.3118896484375,1704.3168029785156,1523.5037841796875,1728.6278991699219
2293.png,768,1536,2,0.0010523338569328189,1627.3241577148438,2522.386474609375,1659.8775024414062,2559.9677734375
2293.png,1536,1536,4,0.5353610515594482,1898.71484375,1574.992820739746,1917.928466796875,1629.6378555297852
2293.png,1536,1536,4,0.5317702889442444,1871.3960571289062,1570.7749938964844,1891.6502075195312,1626.3340606689453
2293.png,1536,1536,2,0.4741225242614746,2306.3146362304688,2131.3428955078125,2318.7990112304688,2183.3614501953125
2293.png,1536,1536,4,0.4570294916629791,1885.6415405273438,1549.666603088379,1903.3239135742188,1607.2026824951172
2293.png,1536,1536,1,0.20736289024353027,1837.2242431640625,1540.8465270996094,1871.6424560546875,1602.0597763061523
2293.png,1536,1536,0,0.2018224447965622,1894.9935302734375,1536.0120658874512,1924.036376953125,1590.7681694030762
2293.png,1536,1536,0,0.20053046941757202,1871.1243896484375,1572.8098449707031,1892.771240234375,1625.9746398925781
2293.png,1536,1536,4,0.16950172185897827,1888.685546875,1589.7775115966797,1907.2318115234375,1647.3076782226562
2293.png,1536,1536,4,0.15083788335323334,1859.748046875,1537.100845336914,1889.7352905273438,1584.5635604858398
2293.png,1536,1536,1,0.12173682451248169,1896.4324340820312,1575.6391105651855,1918.4981079101562,1630.8409576416016
2293.png,1536,1536,2,0.09776383638381958,1561.4664611816406,2285.8443603515625,1577.1659927368164,2310.8575439453125
2293.png,1536,1536,4,0.08037430793046951,1886.4268188476562,1561.9703674316406,1906.3715209960938,1628.1615753173828
2293.png,1536,1536,1,0.0655604749917984,1859.27001953125,1537.148666381836,1889.2841186523438,1585.7965240478516
2293.png,1536,1536,4,0.061420466750860214,1872.3580017089844,1582.0494537353516,1894.8960876464844,1672.2039489746094
2293.png,1536,1536,3,0.05084238201379776,1828.3197021484375,1536.1811590194702,1842.638427734375,1545.4132862091064
2293.png,1536,1536,4,0.04573667421936989,1869.4500732421875,1571.8974304199219,1890.5750732421875,1641.9236297607422
2293.png,1536,1536,0,0.040423717349767685,1917.8257446289062,1536.0,1946.4430541992188,1589.0190773010254
2293.png,1536,1536,0,0.03260192275047302,2306.304443359375,2130.302001953125,2319.51904296875,2183.599609375
2293.png,1536,1536,2,0.025810999795794487,1610.85205078125,2521.0133666992188,1632.923828125,2559.4701538085938
2293.png,1536,1536,3,0.02232176810503006,1830.090087890625,1536.0,1848.1990356445312,1544.5762090682983
2293.png,1536,1536,2,0.020149005576968193,1828.1064453125,1536.0,1843.95361328125,1545.8374433517456
2293.png,1536,1536,0,0.019020456820726395,1859.3909912109375,1536.8709182739258,1888.9298706054688,1588.6028366088867
2293.png,1536,1536,4,0.018430199474096298,1873.9981079101562,1600.5822143554688,1895.0266723632812,1678.1494598388672
2293.png,1536,1536,4,0.015820492058992386,1907.799072265625,1577.280704498291,1925.1336669921875,1627.2667846679688
2293.png,1536,1536,4,0.015356441028416157,1879.086669921875,1544.6907043457031,1898.134033203125,1623.5706939697266
2293.png,1536,1536,1,0.01503911241889,1902.6693725585938,1581.8232116699219,1920.5499877929688,1631.0350952148438
2293.png,1536,1536,1,0.014393303543329239,1915.0187377929688,1536.0,1944.1170043945312,1590.4147338867188
2293.png,1536,1536,4,0.01309234369546175,1889.2861938476562,1536.0,1911.5457153320312,1606.0337524414062
2293.png,1536,1536,1,0.011483125388622284,1920.693359375,1574.778923034668,1953.00634765625,1623.364616394043
2293.png,1536,1536,0,0.011105709709227085,1921.3802490234375,1574.4576721191406,1948.0787353515625,1624.0974731445312
2293.png,1536,1536,4,0.010440178215503693,1886.9994506835938,1567.89208984375,1902.5645141601562,1632.7744903564453
2293.png,1536,1536,4,0.010095951147377491,1883.9949340820312,1557.9946899414062,1900.9830932617188,1624.1633911132812
2293.png,1536,1536,4,0.008389587514102459,1897.7143249511719,1536.0,1916.1553039550781,1612.8434982299805
2293.png,1536,1536,2,0.007993596605956554,2317.8410034179688,2129.9833374023438,2335.0934448242188,2181.1622924804688
2293.png,1536,1536,4,0.007738200016319752,1904.4107055664062,1628.3334350585938,1921.0280151367188,1673.1229095458984
2293.png,1536,1536,0,0.0076468405313789845,1889.3126220703125,1582.986400604248,1908.1260375976562,1655.006607055664
2293.png,1536,1536,4,0.007584376726299524,1900.8325805664062,1587.684471130371,1916.8196411132812,1632.902976989746
2293.png,1536,1536,0,0.007026518229395151,1904.3953247070312,1628.5826721191406,1920.2898559570312,1676.3902893066406
2293.png,1536,1536,4,0.006987669970840216,1866.6171569824219,1576.0311126708984,1892.6967468261719,1672.8614807128906
2293.png,1536,1536,2,0.006413260940462351,1683.5823059082031,1717.0604858398438,1708.9375915527344,1788.3612060546875
2293.png,1536,1536,4,0.006353757809847593,1907.4338989257812,1536.0,1926.0828247070312,1595.4598655700684
2293.png,1536,1536,3,0.006016528699547052,1904.5795593261719,1596.9360542297363,1921.4337463378906,1634.881118774414
2293.png,1536,1536,0,0.005700107663869858,1910.6092529296875,1580.0356674194336,1928.8272705078125,1623.3615646362305
2293.png,1536,1536,2,0.005350295454263687,1536.2118873596191,2108.7022094726562,1549.8461599349976,2162.0103149414062
2293.png,1536,1536,3,0.00530517240986228,1828.6943359375,1536.350842475891,1844.4481201171875,1548.1704692840576
2293.png,1536,1536,0,0.0048972866497933865,1882.218994140625,1542.9220275878906,1905.6771240234375,1605.0130004882812
2293.png,1536,1536,4,0.0044009024277329445,1845.214111328125,1575.7560768127441,1880.3951416015625,1669.4695129394531
2293.png,1536,1536,0,0.00423760712146759,1906.48876953125,1580.4874267578125,1922.9442749023438,1627.0151062011719
2293.png,1536,1536,0,0.003940736409276724,1885.2000122070312,1557.9843521118164,1905.3574829101562,1615.3896102905273
2293.png,1536,1536,0,0.0034124040976166725,1869.5195617675781,1536.18208694458,1900.5874328613281,1568.5928916931152
2293.png,1536,1536,4,0.0023847566917538643,1880.1999816894531,1538.141975402832,1902.4936828613281,1606.8139572143555
2293.png,1536,1536,0,0.002368013607338071,1536.1512594223022,2539.3062744140625,1546.1911706924438,2560.0
2293.png,1536,1536,4,0.0019657753873616457,1892.6177978515625,1625.5660247802734,1909.0174560546875,1681.402587890625
2293.png,1536,1536,0,0.0019284355221316218,1890.4917297363281,1635.6345520019531,1908.9055480957031,1685.4317016601562
2293.png,1536,1536,4,0.0018667804542928934,1864.2510375976562,1538.551872253418,1891.2848510742188,1626.2419509887695
2293.png,1536,1536,3,0.0018653362058103085,1834.8292846679688,1536.0584049224854,1853.8092041015625,1547.110113143921
2293.png,1536,1536,2,0.0017932462505996227,2317.3834228515625,2130.951904296875,2330.4593505859375,2181.425537109375
2293.png,1536,1536,4,0.0017632977105677128,1886.7645874023438,1589.7162170410156,1905.2586059570312,1676.1613311767578
2293.png,1536,1536,0,0.0016751469811424613,1874.8130493164062,1536.1218852996826,1903.6693725585938,1550.9687118530273
2293.png,1536,1536,2,0.001624221564270556,1536.0,1947.1304016113281,1542.714271068573,1989.9366149902344
2293.png,1536,1536,2,0.0015920170117169619,1536.0,1967.282958984375,1543.274118423462,2005.9288330078125
2293.png,1536,1536,2,0.0015408076578751206,1746.0328521728516,1536.5157470703125,1766.524917602539,1577.3616790771484
2293.png,1536,1536,3,0.0015055900439620018,1841.434814453125,1536.0,1860.300537109375,1544.1097688674927
2293.png,1536,1536,2,0.001440852414816618,1816.436279296875,1536.2411918640137,1837.5179443359375,1544.8013496398926
2293.png,1536,1536,0,0.0013847281225025654,1876.7302856445312,1536.0,1908.6586303710938,1582.8392601013184
2293.png,1536,1536,1,0.0013697089161723852,1909.5463256835938,1583.470359802246,1927.3605346679688,1628.513298034668
2293.png,1536,1536,0,0.0013532282318919897,1536.0,2512.751220703125,1545.1922664642334,2560.0
2293.png,1536,1536,3,0.0013079964555799961,1905.3827514648438,1627.668228149414,1922.9677124023438,1671.8261108398438
2293.png,1536,1536,0,0.0011643337784335017,1887.9227905273438,1536.5628776550293,1912.1886596679688,1595.9948768615723
2293.png,1536,1536,0,0.0011600494617596269,1873.9562377929688,1607.1045379638672,1895.4131469726562,1676.956039428711
2293.png,2304,1536,1,0.1365114450454712,2304.9801712036133,2131.9306640625,2318.478590965271,2181.5311279296875
2293.png,2304,1536,2,0.03908722847700119,2305.163354873657,2131.9228515625,2318.4899644851685,2184.545654296875
2293.png,2304,1536,0,0.030058087781071663,2304.835855484009,2131.974609375,2317.420503616333,2181.7191162109375
2293.png,2304,1536,4,0.004829059354960918,2577.25048828125,1618.5034942626953,2620.159912109375,1632.1975860595703
2293.png,2304,1536,0,0.0012951536336913705,2410.134323120117,1536.4367198944092,2431.619338989258,1551.9738082885742
2293.png,2573,1536,2,0.00483492249622941,3469.6029663085938,1828.7324523925781,3522.0576782226562,1846.8427429199219
2293.png,2573,1536,1,0.002162512391805649,2573.0,1587.1827697753906,2611.5143547058105,1602.3910369873047
2293.png,0,1702,2,0.7933593392372131,772.4409790039062,2090.991943359375,790.3854370117188,2137.2637939453125
2293.png,0,1702,0,0.41104596853256226,279.130126953125,2223.1536865234375,304.5948486328125,2234.0130615234375
2293.png,0,1702,2,0.1732959896326065,264.2420654296875,1877.4569396972656,286.00146484375,1907.9933166503906
2293.png,0,1702,2,0.08607249706983566,22.983678817749023,2714.1087646484375,55.20861053466797,2726.0
2293.png,0,1702,2,0.025743333622813225,24.488889694213867,2712.828369140625,63.032012939453125,2725.952880859375
2293.png,0,1702,1,0.011093179695308208,744.0968017578125,1702.2515602111816,766.1617431640625,1749.0978469848633
2293.png,0,1702,2,0.00975449662655592,49.28855895996094,2666.7130126953125,69.46019744873047,2716.7188720703125
2293.png,0,1702,1,0.007238792255520821,1015.4468994140625,2102.371124267578,1024.0,2125.563018798828
2293.png,0,1702,1,0.004891525022685528,1018.2725830078125,2108.749267578125,1024.0,2127.7048950195312
2293.png,0,1702,1,0.004325823858380318,665.5969848632812,2293.8778686523438,685.5255737304688,2337.2262573242188
2293.png,0,1702,1,0.0032370323315262794,787.7999877929688,2215.0598754882812,845.8630981445312,2231.6487426757812
2293.png,0,1702,2,0.002959746867418289,268.933349609375,1878.8292846679688,290.0654296875,1909.98681640625
2293.png,0,1702,2,0.002918941667303443,10.018016815185547,2716.367919921875,41.79220962524414,2726.0
2293.png,0,1702,2,0.0024930324871093035,28.974990844726562,2716.8853149414062,70.6646499633789,2725.7262573242188
2293.png,0,1702,0,0.0018940367735922337,274.61517333984375,1881.568115234375,296.66485595703125,1911.6344299316406
2293.png,0,1702,1,0.0018143868073821068,1008.9194946289062,2101.088623046875,1023.8202514648438,2123.4234619140625
2293.png,0,1702,0,0.0017834855243563652,665.6326904296875,2295.0921020507812,686.3226318359375,2337.1547241210938
2293.png,0,1702,1,0.0017647183267399669,1008.6356201171875,2085.7733459472656,1023.9344482421875,2122.1980895996094
2293.png,0,1702,3,0.0015237812185660005,668.36962890625,1702.2669744491577,707.63916015625,1714.6297941207886
2293.png,0,1702,2,0.001093162689357996,211.2137451171875,1887.1751708984375,260.47552490234375,1903.0242004394531
2293.png,768,1702,2,0.5774997472763062,1508.345703125,1702.2103214263916,1534.15771484375,1728.5505809783936
2293.png,768,1702,2,0.10566993057727814,1534.4598388671875,2673.2159423828125,1562.0697021484375,2726.0
2293.png,768,1702,1,0.08261844515800476,1773.5849609375,2620.8065795898438,1791.9228515625,2662.0540161132812
2293.png,768,1702,2,0.0613156296312809,1430.9905395507812,2442.115478515625,1448.8449096679688,2489.9439697265625
2293.png,768,1702,2,0.0542399100959301,1524.2581787109375,2699.05712890625,1560.5059814453125,2726.0
2293.png,768,1702,1,0.024437112733721733,1358.7119140625,2686.8486328125,1379.531982421875,2723.4310302734375
2293.png,768,1702,2,0.022912565618753433,1526.3275756835938,2681.0499267578125,1560.6564331054688,2726.0
2293.png,768,1702,2,0.01895008236169815,1506.97900390625,1702.2913455963135,1529.692626953125,1723.015157699585
2293.png,768,1702,0,0.01370547991245985,1037.4129638671875,1901.1710052490234,1052.127197265625,1917.2635955810547
2293.png,768,1702,1,0.012631703168153763,769.5000705718994,2090.7588500976562,795.1564235687256,2140.3974609375
2293.png,768,1702,2,0.010894997976720333,1497.7179565429688,1844.6487731933594,1517.0757446289062,1891.4514465332031
2293.png,768,1702,2,0.010034243576228619,1302.34716796875,1703.0674896240234,1320.98681640625,1767.9677429199219
2293.png,768,1702,1,0.00841071829199791,790.554708480835,2214.9757080078125,844.7565231323242,2231.224609375
2293.png,768,1702,2,0.004487204365432262,1014.02880859375,2078.1902465820312,1036.3314208984375,2128.8908081054688
2293.png,768,1702,1,0.00392219377681613,1359.1642456054688,2693.8910522460938,1383.8694458007812,2725.3101196289062
2293.png,768,1702,2,0.0034428236540406942,1510.7908935546875,1702.1004581451416,1541.72265625,1718.5151748657227
2293.png,768,1702,0,0.003151596523821354,770.016658782959,2091.224365234375,795.6858558654785,2143.6334228515625
2293.png,768,1702,2,0.0031478891614824533,1562.222900390625,2284.43994140625,1576.795654296875,2310.93798828125
2293.png,768,1702,2,0.0030842346604913473,1450.4476318359375,2711.3428955078125,1474.6861572265625,2726.0
2293.png,768,1702,2,0.002838161075487733,1387.896240234375,2716.8941650390625,1434.58203125,2726.0
2293.png,768,1702,2,0.0018464819295331836,1442.25927734375,2712.7186279296875,1464.922119140625,2726.0
2293.png,768,1702,2,0.0017404351383447647,1299.3675537109375,1996.8983764648438,1317.6895751953125,2034.1483764648438
2293.png,768,1702,3,0.001461044535972178,1772.0201416015625,2001.3243103027344,1791.5550537109375,2017.3233337402344
2293.png,768,1702,0,0.0011346600949764252,768.3115329742432,2092.340118408203,782.3986263275146,2145.5975646972656
2293.png,768,1702,2,0.001022129668854177,1362.64306640625,2704.5556030273438,1390.49267578125,2725.6795043945312
2293.png,768,1702,3,0.0010161781683564186,1782.6075439453125,2002.7883911132812,1791.9862060546875,2023.1557006835938
2293.png,1536,1702,2,0.39525339007377625,2306.2518310546875,2131.2606811523438,2320.1575927734375,2185.7189331054688
2293.png,1536,1702,0,0.05951767787337303,2305.9293212890625,2131.3008728027344,2319.5980224609375,2185.0064392089844
2293.png,1536,1702,2,0.04026952013373375,2283.4201049804688,2676.3966064453125,2307.5255737304688,2725.5181884765625
2293.png,1536,1702,2,0.032091107219457626,1561.3059158325195,2285.7568359375,1577.1046752929688,2309.69580078125
2293.png,1536,1702,2,0.009965300559997559,1536.1582078933716,2109.2645263671875,1549.8620824813843,2161.7061157226562
2293.png,1536,1702,2,0.008837917819619179,1537.0067539215088,2673.8475341796875,1566.8412818908691,2725.8936767578125
2293.png,1536,1702,2,0.00677591934800148,1536.0,1957.6913757324219,1543.3264904022217,1990.8208312988281
2293.png,1536,1702,2,0.0039019715040922165,1536.0,1947.9272766113281,1542.9380559921265,1989.0533142089844
2293.png,1536,1702,0,0.0024610382970422506,1536.180018901825,2544.4244384765625,1543.3226251602173,2566.4967041015625
2293.png,1536,1702,2,0.0014694675337523222,1536.0,1913.295166015625,1544.364037513733,1958.7608947753906
2293.png,1536,1702,0,0.0014066791627556086,2268.9441528320312,2264.7423095703125,2289.0733032226562,2305.0816650390625
2293.png,1536,1702,1,0.001170376199297607,1907.4776000976562,1702.261827468872,1934.2708129882812,1711.1708908081055
2293.png,1536,1702,0,0.001139771076850593,1907.8177490234375,1702.0627164840698,1938.992431640625,1710.8089656829834
2293.png,1536,1702,2,0.0011120488634333014,1536.0,2080.4338989257812,1551.6678276062012,2159.9540405273438
2293.png,1536,1702,2,0.0010969452559947968,1536.0,2114.2334594726562,1548.4711818695068,2169.5689086914062
2293.png,1536,1702,2,0.0010493926238268614,1536.0,1904.8785400390625,1543.2260069847107,1956.4240112304688
2293.png,2304,1702,1,0.18316246569156647,2304.9458141326904,2132.1165161132812,2318.476104736328,2185.1294555664062
2293.png,2304,1702,2,0.14054462313652039,2305.0890617370605,2132.1959228515625,2318.1960830688477,2183.6072998046875
2293.png,2304,1702,2,0.13775892555713654,2322.3518295288086,1795.7478103637695,2353.661087036133,1806.918312072754
2293.png,2304,1702,0,0.07456892728805542,2305.2225065231323,2131.8358154296875,2318.489005088806,2185.36962890625
2293.png,2304,1702,0,0.0015527434879913926,2304.448691368103,2129.1376037597656,2314.936930656433,2185.6094665527344
2293.png,2304,1702,2,0.0014407336711883545,2304.0,1795.641586303711,2312.3526573181152,1824.2806243896484
2293.png,2304,1702,2,0.001093186205253005,2304.0,1802.8328704833984,2312.312569618225,1829.5126190185547
2293.png,2573,1702,2,0.03234995901584625,3470.1358642578125,1828.713638305664,3520.2076416015625,1847.560775756836
2308.png,0,0,0,0.3411390781402588,342.6497802734375,898.887939453125,364.5452880859375,927.044189453125
2308.png,0,0,0,0.017351826652884483,0.07760429382324219,745.2333984375,19.322114944458008,819.950927734375
2308.png,0,0,0,0.0035810337867587805,0.0,752.40185546875,23.12547492980957,834.92431640625
2308.png,0,0,0,0.0027305730618536472,0.05959892272949219,740.5528564453125,13.969040870666504,815.2420654296875
2308.png,768,0,0,0.013134554028511047,1772.2396240234375,584.0263061523438,1791.6900634765625,594.6979370117188
2308.png,768,0,2,0.00576229440048337,1100.7366027832031,1.624795913696289,1186.9630432128906,20.715778350830078
2308.png,1536,0,0,0.3480311930179596,2215.2530517578125,0.0,2237.7938232421875,19.80379295349121
2308.png,1536,0,0,0.0750461146235466,2163.6348876953125,7.8812713623046875,2186.349853515625,38.832420349121094
2308.png,1536,0,0,0.05129065364599228,1941.5499877929688,982.9205322265625,1966.6513671875,1016.4149169921875
2308.png,1536,0,0,0.02740972489118576,2548.7042236328125,122.45567321777344,2560.0,155.86427307128906
2308.png,1536,0,0,0.019839350134134293,2546.9256591796875,112.02522277832031,2560.0,156.5834503173828
2308.png,1536,0,0,0.01714637130498886,2207.32080078125,0.1979198455810547,2234.1552734375,16.07608985900879
2308.png,1536,0,0,0.0094865458086133,2022.9996948242188,862.828125,2039.6590576171875,887.175537109375
2308.png,1536,0,0,0.006807563826441765,2167.6973876953125,2.09246826171875,2190.9986572265625,38.463226318359375
2308.png,1536,0,0,0.0026981192640960217,2171.3011474609375,0.6215457916259766,2196.3721923828125,28.063217163085938
2308.png,1536,0,0,0.0026715497951954603,2544.84423828125,393.5833435058594,2559.942626953125,432.0077209472656
2308.png,1536,0,1,0.0021304311230778694,1709.0899658203125,1017.9710693359375,1773.0223388671875,1024.0
2308.png,1536,0,1,0.001937692053616047,2545.9790649414062,6.37139892578125,2559.6752319335938,28.96758270263672
2308.png,1536,0,1,0.0017647240310907364,2545.5174560546875,9.44101333618164,2559.6614990234375,35.599525451660156
2308.png,1536,0,1,0.001612691325135529,2554.1024169921875,495.35888671875,2560.0,559.0078125
2308.png,1536,0,0,0.0015479855937883258,2275.582763671875,1008.4512329101562,2295.255615234375,1023.7549438476562
2308.png,1536,0,0,0.0011413574684411287,1836.899169921875,388.62060546875,1871.680419921875,426.03369140625
2308.png,1536,0,0,0.0010503112571313977,1536.173080444336,307.3880615234375,1547.3669261932373,358.6822509765625
2308.png,2304,0,0,0.3080942928791046,3106.2548828125,319.36492919921875,3127.556640625,350.26068115234375
2308.png,2304,0,2,0.02560591697692871,3194.0362548828125,188.39508056640625,3218.8597412109375,246.428955078125
2308.png,2304,0,0,0.02066294103860855,3199.3408203125,150.82723999023438,3221.2330322265625,180.64028930664062
2308.png,2304,0,0,0.00761847710236907,3313.08447265625,139.55517578125,3328.0,199.69024658203125
2308.png,2304,0,0,0.0028496491722762585,3315.99609375,152.08880615234375,3328.0,197.31436157226562
2308.png,2304,0,2,0.002697985852137208,3182.8911743164062,189.1401824951172,3209.7240600585938,247.3507843017578
2308.png,2304,0,0,0.0013982715317979455,3012.000732421875,708.245849609375,3031.57421875,745.08642578125
2308.png,3072,0,0,0.418373167514801,3106.5991744995117,318.78485107421875,3128.1415100097656,349.88177490234375
2308.png,3072,0,4,0.22295282781124115,4030.0274658203125,914.8858642578125,4067.8751220703125,960.9549560546875
2308.png,3072,0,2,0.01910599321126938,3193.819122314453,188.3662567138672,3218.8469848632812,246.8119354248047
2308.png,3072,0,0,0.012491587549448013,3199.8061294555664,151.29400634765625,3221.5553283691406,179.84661865234375
2308.png,3072,0,0,0.005263096187263727,4085.117919921875,198.16798400878906,4096.0,219.26026916503906
2308.png,3072,0,2,0.00420454703271389,3182.2464904785156,189.01071166992188,3209.221969604492,247.544189453125
2308.png,3072,0,0,0.003565845312550664,3549.67919921875,40.9625244140625,3566.085693359375,63.72395324707031
2308.png,3072,0,0,0.0011666901409626007,4022.3756103515625,198.98675537109375,4037.650634765625,228.3382568359375
2308.png,3840,0,0,0.5765699148178101,4725.058410644531,77.36900329589844,4774.302307128906,128.54087829589844
2308.png,3840,0,0,0.014224023558199406,4520.839172363281,573.4150390625,4602.380554199219,640.57421875
2308.png,3840,0,0,0.007075493223965168,4438.4617919921875,201.32522583007812,4483.0596923828125,244.70321655273438
2308.png,3840,0,1,0.007034590933471918,4140.532287597656,747.4925537109375,4199.756408691406,824.3968505859375
2308.png,3840,0,2,0.0067806001752614975,4371.607727050781,992.3212890625,4422.673278808594,1024.0
2308.png,3840,0,2,0.004127567168325186,4320.691833496094,987.2308349609375,4405.728576660156,1023.5284423828125
2308.png,3840,0,0,0.0036185618955641985,4368.195617675781,993.2227783203125,4412.439758300781,1024.0
2308.png,3840,0,0,0.0014951241901144385,4207.470764160156,557.3922119140625,4272.574890136719,641.4869384765625
2308.png,3840,0,3,0.0012724905973300338,4389.34228515625,227.46331787109375,4424.23486328125,255.28005981445312
2308.png,3840,0,0,0.0011764399241656065,4856.7642822265625,374.419189453125,4864.0,448.16778564453125
2308.png,4608,0,0,0.3810400664806366,4725.134902954102,77.392822265625,4774.269760131836,128.4784393310547
2308.png,4608,0,0,0.032354213297367096,4891.984954833984,235.99404907226562,4949.219573974609,276.2253723144531
2308.png,4608,0,0,0.022523829713463783,4608.0,0.19488525390625,4639.579515457153,38.5472412109375
2308.png,4608,0,0,0.020810510963201523,4608.0,106.02389526367188,4648.076713562012,179.27685546875
2308.png,4608,0,0,0.012303700670599937,4608.0,0.2771186828613281,4646.845741271973,30.88384437561035
2308.png,4608,0,0,0.011735963635146618,4608.140853881836,0.0,4629.137887954712,40.72514724731445
2308.png,4608,0,0,0.010552659630775452,4608.001029968262,463.7945556640625,4624.935308456421,535.3857421875
2308.png,4608,0,0,0.010027259588241577,4608.0,106.93910217285156,4645.908576965332,154.98985290527344
2308.png,4608,0,0,0.0043006883934140205,4608.173833847046,0.0,4627.640151977539,52.1207389831543
2308.png,4608,0,0,0.0036247307434678078,4608.0,470.7161865234375,4627.407997131348,555.3997802734375
2308.png,4608,0,2,0.0025201255921274424,4608.0,104.88316345214844,4649.1054611206055,188.9470672607422
2308.png,4608,0,4,0.0022426077630370855,4608.0,621.4867553710938,4641.1367263793945,692.0950317382812
2308.png,4608,0,0,0.0019632342737168074,5510.9012451171875,67.53627014160156,5567.6339111328125,87.05714416503906
2308.png,4608,0,0,0.00150140596088022,4608.0,470.3255615234375,4621.662291526794,549.4873046875
2308.png,4608,0,4,0.0013727563200518489,4608.0,624.6996459960938,4653.270309448242,694.0902709960938
2308.png,4608,0,0,0.0013413744745776057,4608.0,495.3701477050781,4620.56219959259,561.6005859375
2308.png,4608,0,3,0.0011094000656157732,4634.508127212524,1009.2802734375,4684.015846252441,1024.0
2308.png,4608,0,0,0.0010831867111846805,5489.0791015625,566.661376953125,5517.76171875,615.6815185546875
2308.png,5376,0,0,0.022392306476831436,5488.997344970703,566.8486328125,5516.911834716797,613.62841796875
2308.png,5376,0,0,0.007440420798957348,5419.567565917969,517.3333740234375,5445.802581787109,562.0233154296875
2308.png,5376,0,0,0.004422428086400032,5512.429351806641,67.00265502929688,5566.482940673828,86.803466796875
2308.png,5376,0,0,0.002004763809964061,6182.98681640625,444.106689453125,6223.753173828125,492.6903076171875
2308.png,5376,0,0,0.00176140945404768,5376.0,0.0,5386.422727584839,46.146697998046875
2308.png,5376,0,0,0.0013976922491565347,6382.872314453125,521.6831665039062,6400.0,600.3087768554688
2308.png,5376,0,0,0.001291528344154358,5376.00636100769,23.820831298828125,5385.865343093872,92.763916015625
2308.png,6144,0,0,0.0032290646340698004,6144.0,490.0997009277344,6151.312147140503,539.8638916015625
2308.png,6144,0,2,0.0020587975159287453,6916.613037109375,1012.4094848632812,6941.83935546875,1023.7142944335938
2308.png,6144,0,0,0.0017453399486839771,6144.053021430969,494.87957763671875,6151.906735420227,559.0508422851562
2308.png,6144,0,0,0.00150407908950001,6144.0,483.07110595703125,6150.6990275383,531.9337768554688
2308.png,6144,0,2,0.001376815722323954,6903.621398925781,1012.3638916015625,6921.698547363281,1023.737548828125
2308.png,6144,0,2,0.0011066250735893846,6908.75048828125,1011.15478515625,6926.4066162109375,1023.9521484375
2308.png,6144,0,0,0.0010844204807654023,6144.0,460.1226501464844,6153.914136886597,508.0630798339844
2308.png,6180,0,0,0.007818666286766529,6180.0,528.9130859375,6203.633899688721,572.7694091796875
2308.png,6180,0,0,0.0023135847877711058,6180.020528793335,524.75830078125,6211.077030181885,571.0458984375
2308.png,6180,0,1,0.0022365597542375326,6180.0114822387695,116.86811065673828,6208.739255905151,183.6561279296875
2308.png,6180,0,0,0.002038796665146947,6180.0,532.7600708007812,6193.32285118103,586.4358520507812
2308.png,6180,0,2,0.001580851967446506,6922.275634765625,1012.7265014648438,6945.833740234375,1023.6126098632812
2308.png,6180,0,2,0.0014683462213724852,6911.2171630859375,1011.4649658203125,6932.0340576171875,1023.9615478515625
2308.png,6180,0,4,0.0010661102132871747,6180.0,536.2623291015625,6189.275033950806,607.8572998046875
2308.png,6180,0,2,0.001041076029650867,6907.329345703125,1012.2466430664062,6922.404296875,1023.6356811523438
2308.png,0,768,0,0.019891884177923203,0.0,768.0,23.007034301757812,823.6441307067871
2308.png,0,768,0,0.011349251493811607,0.0,1565.9771728515625,32.57687759399414,1624.2623291015625
2308.png,0,768,0,0.009427080862224102,342.8365478515625,898.8240661621094,364.4798583984375,927.2591857910156
2308.png,0,768,0,0.003219052217900753,0.5733709335327148,768.0,32.38507843017578,825.5011672973633
2308.png,0,768,0,0.0018507597269490361,0.019420623779296875,768.0,18.477901458740234,835.8736724853516
2308.png,0,768,0,0.0015704360557720065,695.55029296875,1743.20556640625,724.906982421875,1792.0
2308.png,768,768,0,0.6462103724479675,1763.5570678710938,1734.1343994140625,1790.8253784179688,1776.7491455078125
2308.png,768,768,1,0.009264961816370487,1478.3243408203125,1780.46337890625,1552.3267822265625,1792.0
2308.png,768,768,1,0.0024930385407060385,1469.465576171875,1781.5413818359375,1530.254150390625,1792.0
2308.png,768,768,2,0.0024841760750859976,1628.3477783203125,1746.9771118164062,1716.1649169921875,1762.3377075195312
2308.png,768,768,0,0.0022669315803796053,1751.3226928710938,1716.270751953125,1775.0751342773438,1747.4951171875
2308.png,768,768,0,0.001591597218066454,1771.958251953125,1761.9525146484375,1792.0,1792.0
2308.png,768,768,0,0.0015616304008290172,1784.6560668945312,1754.399169921875,1791.9358520507812,1785.8465576171875
2308.png,768,768,0,0.0014421831583604217,1783.0042724609375,1765.7462158203125,1792.0,1792.0
2308.png,1536,768,0,0.6768501996994019,1762.7246398925781,1734.7959594726562,1793.9457092285156,1777.8535766601562
2308.png,1536,768,0,0.028706934303045273,2022.9187927246094,863.0303497314453,2039.3750305175781,887.1496734619141
2308.png,1536,768,2,0.00922455359250307,2081.9359130859375,1370.6377563476562,2133.8812255859375,1385.7832641601562
2308.png,1536,768,0,0.007935373112559319,2506.942626953125,1725.479248046875,2513.074951171875,1738.01513671875
2308.png,1536,768,0,0.007239402271807194,1942.4442443847656,982.553466796875,1966.1824645996094,1016.0780029296875
2308.png,1536,768,0,0.0053699566051363945,2503.3389892578125,1726.6065673828125,2508.0565185546875,1738.8240966796875
2308.png,1536,768,0,0.0027736693155020475,2506.8460693359375,1727.4801025390625,2512.3123779296875,1740.4630126953125
2308.png,1536,768,0,0.0022621480748057365,2506.1439208984375,1722.972900390625,2513.7227783203125,1736.083251953125
2308.png,1536,768,2,0.0021484605967998505,1627.7904815673828,1746.7847900390625,1715.907455444336,1762.5823974609375
2308.png,1536,768,0,0.0016246252926066518,2498.555419921875,1727.3088989257812,2505.1630859375,1738.2327270507812
2308.png,2304,768,0,0.03362208604812622,2677.4349975585938,1524.3814697265625,2703.8665161132812,1557.233154296875
2308.png,2304,768,0,0.003393429098650813,2834.6980590820312,768.4825601577759,2866.7457885742188,776.9436206817627
2308.png,2304,768,1,0.0026663783937692642,3126.482177734375,768.120237827301,3184.16064453125,774.3648452758789
2308.png,2304,768,0,0.00214180164039135,2865.5576171875,771.2646589279175,2886.809814453125,780.1727962493896
2308.png,2304,768,0,0.0015953774563968182,2995.7933349609375,768.3635673522949,3023.7679443359375,772.9475574493408
2308.png,2304,768,1,0.0014937373343855143,2867.0987548828125,1299.9483642578125,2958.33154296875,1323.2288818359375
2308.png,2304,768,0,0.0011638503056019545,3003.0153198242188,768.1154389381409,3035.5961303710938,772.4313235282898
2308.png,2304,768,1,0.0010273971129208803,3122.924560546875,768.0859589576721,3168.02001953125,775.3057584762573
2308.png,3072,768,0,0.6126887798309326,3978.138427734375,1468.052001953125,4011.611083984375,1519.1201171875
2308.png,3072,768,0,0.14843806624412537,3915.7046508789062,1454.7755126953125,3946.4607543945312,1501.9986572265625
2308.png,3072,768,4,0.050686758011579514,4030.2188720703125,913.9866638183594,4068.3001708984375,960.8392639160156
2308.png,3072,768,0,0.015073590911924839,4067.8802490234375,1565.44287109375,4095.927734375,1617.201171875
2308.png,3072,768,0,0.007760080508887768,4082.970947265625,1531.734375,4096.0,1588.27490234375
2308.png,3072,768,0,0.003928090911358595,4052.910400390625,1610.0369873046875,4086.3731689453125,1657.6815185546875
2308.png,3072,768,0,0.0028849381487816572,3880.90283203125,1453.6571044921875,3906.176025390625,1487.6014404296875
2308.png,3072,768,1,0.0025420200545340776,3120.8325691223145,768.0869054794312,3189.730758666992,774.7576112747192
2308.png,3072,768,0,0.0023483948316425085,4078.2991943359375,1533.9411010742188,4096.0,1591.1847534179688
2308.png,3072,768,0,0.002248043892905116,4087.835205078125,1655.7320556640625,4096.0,1697.6090087890625
2308.png,3072,768,0,0.0018524500774219632,4089.0869140625,1191.4851684570312,4096.0,1244.7310180664062
2308.png,3072,768,0,0.0012871111975982785,4084.834716796875,1662.5321044921875,4096.0,1709.5440673828125
2308.png,3072,768,0,0.0010789077496156096,3072.0,1575.7630615234375,3078.9100728034973,1606.0877685546875
2308.png,3840,768,0,0.5494607090950012,4065.6158752441406,1566.8079223632812,4101.591735839844,1616.9192504882812
2308.png,3840,768,0,0.12496835738420486,3977.9971313476562,1467.9923706054688,4011.62255859375,1522.0769653320312
2308.png,3840,768,0,0.01795877516269684,3840.134693145752,1486.9892578125,3863.215534210205,1556.1741943359375
2308.png,3840,768,0,0.011852874420583248,3915.251434326172,1454.5638427734375,3946.4483795166016,1502.8282470703125
2308.png,3840,768,0,0.0066658202558755875,3840.2634563446045,1630.8084716796875,3849.2073802948,1667.3592529296875
2308.png,3840,768,0,0.006153805647045374,4053.2157592773438,1610.5910034179688,4085.525848388672,1656.5546264648438
2308.png,3840,768,0,0.005148679483681917,3840.0,1580.6785888671875,3851.307982444763,1649.9632568359375
2308.png,3840,768,0,0.0050735147669911385,3840.0,1601.59765625,3850.982898712158,1650.28759765625
2308.png,3840,768,0,0.003446852555498481,3840.181070327759,1624.346435546875,3849.9908084869385,1655.68603515625
2308.png,3840,768,0,0.002877715742215514,3840.0,1627.99853515625,3852.598211288452,1671.03955078125
2308.png,3840,768,0,0.002321322914212942,3840.0,1551.3088989257812,3855.2308254241943,1643.3228149414062
2308.png,3840,768,0,0.002041816245764494,4638.139953613281,768.0713233947754,4678.312927246094,790.0661754608154
2308.png,3840,768,2,0.0018078226130455732,3840.0050163269043,1618.142578125,3853.116478919983,1657.306884765625
2308.png,3840,768,0,0.0017109058098867536,3840.1464128494263,1635.9661254882812,3848.8459901809692,1686.6627807617188
2308.png,3840,768,0,0.0016162851825356483,4642.256103515625,768.0316905975342,4690.06494140625,790.7419052124023
2308.png,3840,768,0,0.0013410310493782163,3840.132649421692,1539.154296875,3855.188501358032,1624.246337890625
2308.png,3840,768,0,0.0011497823288664222,4421.77490234375,768.1868724822998,4490.7886962890625,780.4592361450195
2308.png,3840,768,0,0.001115008955821395,4091.8560791015625,1185.9012451171875,4130.398681640625,1242.1224365234375
2308.png,4608,768,0,0.03603339195251465,4641.880386352539,768.1234951019287,4674.393974304199,790.1063938140869
2308.png,4608,768,0,0.029667722061276436,5617.0352783203125,1143.8417358398438,5632.0,1191.6002807617188
2308.png,4608,768,0,0.020366108044981956,4645.537437438965,768.0351696014404,4687.342216491699,791.0136756896973
2308.png,4608,768,0,0.004760743118822575,4629.10807800293,768.1721725463867,4672.2031326293945,789.2585868835449
2308.png,4608,768,0,0.004659497644752264,5616.222900390625,1356.40576171875,5632.0,1399.0963134765625
2308.png,4608,768,0,0.0030291567090898752,4626.229425430298,768.0789604187012,4665.285057067871,786.7375831604004
2308.png,4608,768,0,0.002180264564231038,5616.6097412109375,1136.0260009765625,5631.9259033203125,1166.4432983398438
2308.png,4608,768,0,0.0017488511512055993,5617.76171875,1124.1337890625,5631.952880859375,1159.5445556640625
2308.png,4608,768,0,0.0016502095386385918,5545.6934814453125,820.2940826416016,5566.6405029296875,854.3171691894531
2308.png,4608,768,0,0.001424479065462947,4608.0,768.2291679382324,4637.239826202393,784.5827674865723
2308.png,4608,768,0,0.0012987364316359162,4608.0,768.0,4625.617767333984,816.3439064025879
2308.png,4608,768,0,0.0010580734815448523,5615.6624755859375,1132.9773559570312,5632.0,1180.7141723632812
2308.png,5376,768,0,0.1991232931613922,5742.155700683594,1696.0531005859375,5764.165100097656,1733.1263427734375
2308.png,5376,768,0,0.1575959026813507,5615.419525146484,1358.2843017578125,5640.271331787109,1398.7861328125
2308.png,5376,768,0,0.013864457607269287,5561.182220458984,1560.182373046875,5579.804962158203,1586.277587890625
2308.png,5376,768,0,0.006804817356169224,5733.547180175781,1443.6273193359375,5769.858337402344,1516.4471435546875
2308.png,5376,768,2,0.0034457927104085684,5376.0,1061.1077880859375,5394.140068054199,1133.3297119140625
2308.png,5376,768,0,0.0026760725304484367,5633.062561035156,1450.8693237304688,5656.409973144531,1487.0735473632812
2308.png,5376,768,0,0.0022826683707535267,5515.459503173828,1783.7125244140625,5530.926300048828,1792.0
2308.png,5376,768,0,0.001122516579926014,5376.071243286133,888.6626815795898,5386.027751922607,919.1908874511719
2308.png,5376,768,0,0.0010258215479552746,5376.0,887.0919494628906,5389.200345993042,920.7369995117188
2308.png,6180,768,0,0.0012521364260464907,7179.353759765625,1772.734619140625,7204.0,1792.0
2308.png,6180,768,1,0.0011956009548157454,7172.439636230469,1783.5059814453125,7198.386047363281,1792.0
2308.png,6180,768,1,0.0010793384863063693,7178.410888671875,1782.7021484375,7202.70654296875,1792.0
2308.png,0,1536,0,0.008252928964793682,0.033458709716796875,1567.0371551513672,32.063663482666016,1623.5334014892578
2308.png,0,1536,0,0.006947831250727177,948.3822631835938,2121.397216796875,970.8341674804688,2146.329345703125
2308.png,0,1536,0,0.005776627454906702,993.174072265625,2123.052734375,1023.83935546875,2138.66455078125
2308.png,0,1536,0,0.0012214286252856255,57.941368103027344,2295.3919677734375,77.1856460571289,2318.9862060546875
2308.png,768,1536,0,0.2211579531431198,1764.3536376953125,1734.0148620605469,1791.0499267578125,1775.9137268066406
2308.png,768,1536,0,0.02768893539905548,768.0,2306.0306396484375,773.6559867858887,2351.5523681640625
2308.png,768,1536,0,0.01671622134745121,768.0130167007446,2294.78369140625,774.665599822998,2351.05029296875
2308.png,768,1536,0,0.008937726728618145,1775.1468505859375,2261.0466918945312,1792.0,2285.0221557617188
2308.png,768,1536,0,0.008486165665090084,1778.0599365234375,2289.4627685546875,1791.9898681640625,2299.8553466796875
2308.png,768,1536,0,0.007625065743923187,1777.415283203125,2280.6407470703125,1791.786376953125,2292.7442626953125
2308.png,768,1536,1,0.0051106177270412445,768.0,2295.7962646484375,776.5643730163574,2350.2177734375
2308.png,768,1536,0,0.00333184702321887,1719.96337890625,1795.2557983398438,1738.708251953125,1822.0471801757812
2308.png,768,1536,0,0.0027860100381076336,768.0,1949.4313354492188,784.9390487670898,1984.9882202148438
2308.png,768,1536,0,0.002062756335362792,1767.1048583984375,2541.497314453125,1791.8419189453125,2559.83935546875
2308.png,768,1536,0,0.0019289329648017883,1780.9569091796875,2538.3739624023438,1792.0,2559.9392700195312
2308.png,768,1536,0,0.001587081584148109,1023.2074584960938,1536.1581954956055,1039.13916015625,1542.3441047668457
2308.png,768,1536,0,0.0014323354698717594,1775.0745849609375,2268.4195556640625,1792.0,2292.5765380859375
2308.png,768,1536,0,0.0013653634814545512,1751.3621826171875,1716.73388671875,1775.4305419921875,1747.7877197265625
2308.png,768,1536,0,0.0013057745527476072,768.0,2283.62890625,775.5420899391174,2346.1126708984375
2308.png,768,1536,0,0.0011949940817430615,1780.712158203125,2291.0733642578125,1791.93505859375,2300.64013671875
2308.png,768,1536,0,0.0011867665452882648,768.0,2308.9925537109375,776.6150426864624,2351.9166259765625
2308.png,768,1536,4,0.0011598201235756278,1755.8074951171875,1538.8691520690918,1792.0,1555.8932647705078
2308.png,1536,1536,1,0.1458033174276352,2487.4478759765625,2480.2423095703125,2560.0,2518.2818603515625
2308.png,1536,1536,0,0.04641401022672653,1763.5423278808594,1734.2142028808594,1795.3785705566406,1777.7008056640625
2308.png,1536,1536,1,0.002587293740361929,2482.860595703125,2489.6784057617188,2554.0107421875,2523.4402465820312
2308.png,1536,1536,2,0.0015470770886167884,1628.227066040039,1747.5826263427734,1716.7974090576172,1761.6409149169922
2308.png,2304,1536,0,0.026130877435207367,2483.276580810547,2479.885009765625,2563.8072814941406,2516.6734619140625
2308.png,2304,1536,1,0.019313087686896324,2486.9328002929688,2479.767333984375,2563.856903076172,2517.9267578125
2308.png,2304,1536,0,0.012659887783229351,2304.1363248825073,2486.5535888671875,2319.0151929855347,2558.4857177734375
2308.png,2304,1536,0,0.010010517202317715,2304.0,2498.4810791015625,2327.7004318237305,2559.4259033203125
2308.png,2304,1536,1,0.005626451224088669,2304.0,2502.1575927734375,2319.240002632141,2559.5130615234375
2308.png,2304,1536,0,0.0033244325313717127,3313.1430053710938,2535.4481811523438,3327.8368530273438,2559.7388305664062
2308.png,2304,1536,1,0.0028295600786805153,2304.0,2521.39990234375,2341.897285461426,2560.0
2308.png,2304,1536,0,0.0026446885894984007,3300.7890625,2549.96240234375,3327.74560546875,2560.0
2308.png,2304,1536,0,0.0018818366806954145,2310.692108154297,2511.8604736328125,2346.363540649414,2560.0
2308.png,2304,1536,2,0.001875726506114006,2312.1842460632324,2516.1585693359375,2349.3954849243164,2560.0
2308.png,2304,1536,0,0.0014043876435607672,3306.2279052734375,2546.09716796875,3327.8399658203125,2559.913330078125
2308.png,2304,1536,4,0.001254500006325543,2304.0140056610107,2483.4827880859375,2321.015739440918,2557.1365966796875
2308.png,2304,1536,0,0.0011825270485132933,2676.6382446289062,1536.0,2709.9019165039062,1562.3163719177246
2308.png,2304,1536,0,0.0011674099368974566,3287.268310546875,2552.3370361328125,3327.1947021484375,2560.0
2308.png,2304,1536,0,0.001065870514139533,2436.974563598633,2128.9848022460938,2475.386917114258,2140.8479614257812
2308.png,3072,1536,2,0.09950105845928192,3993.0794677734375,2517.02197265625,4061.4276123046875,2560.0
2308.png,3072,1536,2,0.04357382282614708,4006.51220703125,2523.022216796875,4062.92919921875,2560.0
2308.png,3072,1536,2,0.036519311368465424,3980.548828125,2508.1202392578125,4060.293701171875,2559.8856201171875
2308.png,3072,1536,2,0.015340622514486313,3974.203125,2487.9874267578125,4060.181396484375,2560.0
2308.png,3072,1536,0,0.004794782493263483,3677.607666015625,2470.3629150390625,3714.029541015625,2552.862548828125
2308.png,3072,1536,0,0.00401854095980525,4087.6007080078125,1655.3551330566406,4096.0,1697.7179565429688
2308.png,3072,1536,0,0.0034161328803747892,4065.297119140625,1818.8541259765625,4094.0986328125,1858.3681030273438
2308.png,3072,1536,0,0.0029531363397836685,4086.1678466796875,1664.846206665039,4096.0,1713.7061920166016
2308.png,3072,1536,0,0.0024759441148489714,4004.5037841796875,1536.2626247406006,4053.4371337890625,1546.463005065918
2308.png,3072,1536,0,0.002144040772691369,4083.3072509765625,1536.0,4095.9171142578125,1584.6025085449219
2308.png,3072,1536,0,0.0019641201943159103,3640.3816528320312,2538.6102294921875,3668.1796264648438,2560.0
2308.png,3072,1536,0,0.001648061559535563,4078.8388671875,1663.700828552246,4095.9456787109375,1724.5164489746094
2308.png,3072,1536,0,0.0016024954384192824,3298.392578125,2553.8262939453125,3335.9906616210938,2560.0
2308.png,3072,1536,2,0.0014644942712038755,4080.5138549804688,1536.0,4095.9487915039062,1585.9853057861328
2308.png,3072,1536,2,0.0011965641751885414,3432.865966796875,2444.497802734375,3500.6046142578125,2510.609619140625
2308.png,3072,1536,0,0.0010367432842031121,4078.27587890625,1536.0,4096.0,1594.9992599487305
2308.png,3840,1536,2,0.13701669871807098,3996.1444396972656,2518.4078369140625,4061.7129821777344,2560.0
2308.png,3840,1536,2,0.11806982755661011,4008.2052307128906,2523.9989013671875,4063.313446044922,2560.0
2308.png,3840,1536,0,0.06467659026384354,4065.6038513183594,1567.2101516723633,4101.257659912109,1617.1960983276367
2308.png,3840,1536,2,0.043205611407756805,3981.7769775390625,2509.047119140625,4060.7859497070312,2559.981689453125
2308.png,3840,1536,3,0.03922232985496521,3840.0,1536.659652709961,3858.5192337036133,1570.850830078125
2308.png,3840,1536,2,0.01813530921936035,3974.052947998047,2489.2803955078125,4060.4976196289062,2560.0
2308.png,3840,1536,3,0.009234927594661713,3840.5174293518066,1536.312373161316,3868.8279609680176,1548.171420097351
2308.png,3840,1536,3,0.006512616295367479,3840.153736114502,1536.3023948669434,3855.878776550293,1584.243423461914
2308.png,3840,1536,0,0.005794820841401815,3840.2673559188843,1630.8841857910156,3849.041684150696,1667.1322021484375
2308.png,3840,1536,3,0.005548620130866766,3850.714942932129,1536.0376768112183,3883.8069076538086,1548.7230062484741
2308.png,3840,1536,3,0.004692856688052416,3840.0042877197266,1536.0,3855.0793533325195,1560.835729598999
2308.png,3840,1536,0,0.004510777536779642,3840.007918357849,1606.6387176513672,3850.4024200439453,1649.7820587158203
2308.png,3840,1536,0,0.003927062731236219,3840.00395488739,1585.2083854675293,3850.6314067840576,1649.2044830322266
2308.png,3840,1536,0,0.0036042826250195503,3840.1912965774536,1625.992820739746,3849.6921100616455,1655.9987716674805
2308.png,3840,1536,0,0.003334947396069765,3840.0,1551.653823852539,3854.5329189300537,1642.1890411376953
2308.png,3840,1536,3,0.00312836654484272,3847.828601837158,1536.0,3880.124313354492,1551.1541576385498
2308.png,3840,1536,0,0.0030033832881599665,4053.172378540039,1610.7491302490234,4085.7369842529297,1657.5067138671875
2308.png,3840,1536,0,0.00270482269115746,4004.679931640625,1536.2471284866333,4052.0718994140625,1545.9161558151245
2308.png,3840,1536,0,0.0025623731780797243,3840.0,1628.6810302734375,3852.487539291382,1670.9854888916016
2308.png,3840,1536,0,0.0021867724135518074,4061.51611328125,1816.1114501953125,4097.230407714844,1862.9012451171875
2308.png,3840,1536,1,0.002083351369947195,3840.2158527374268,1536.0,3854.6685104370117,1615.028335571289
2308.png,3840,1536,3,0.0018080221489071846,3840.0317420959473,1536.0,3861.0769271850586,1554.1136627197266
2308.png,3840,1536,2,0.0015346069121733308,4150.43603515625,1702.8213806152344,4171.145263671875,1746.1645812988281
2308.png,3840,1536,0,0.001485923188738525,3840.1481533050537,1635.9692993164062,3848.610764503479,1684.5093231201172
2308.png,3840,1536,0,0.0011894232593476772,3840.0,1563.2985038757324,3850.99395942688,1645.8752899169922
2308.png,3840,1536,0,0.0011046339059248567,3840.0,2461.51953125,3854.2945232391357,2529.73193359375
2308.png,3840,1536,2,0.0010922035435214639,3840.01881980896,1620.4578857421875,3852.9088068008423,1657.4739227294922
2308.png,4608,1536,0,0.24515913426876068,5164.160888671875,1966.0562133789062,5207.6396484375,1980.8973999023438
2308.png,4608,1536,0,0.08095408976078033,5442.356201171875,2476.340087890625,5463.797119140625,2509.3775634765625
2308.png,4608,1536,0,0.018397603183984756,5366.7327880859375,2421.135986328125,5389.8516845703125,2456.461669921875
2308.png,4608,1536,0,0.017422933131456375,5351.72802734375,2433.188720703125,5377.81982421875,2467.9488525390625
2308.png,4608,1536,0,0.013593033887445927,5612.3306884765625,2347.2320556640625,5631.9613037109375,2371.2034912109375
2308.png,4608,1536,0,0.01196415163576603,5118.54150390625,1536.4184875488281,5167.588134765625,1557.3331413269043
2308.png,4608,1536,0,0.010183308273553848,5355.562255859375,2424.5054931640625,5378.7158203125,2467.7276611328125
2308.png,4608,1536,0,0.0092979297041893,5302.0166015625,1536.2251892089844,5328.8631591796875,1548.4393873214722
2308.png,4608,1536,0,0.0062057930044829845,5493.5926513671875,2465.9295654296875,5515.0628662109375,2497.9542236328125
2308.png,4608,1536,0,0.004577675834298134,5625.0848388671875,2412.55224609375,5632.0,2446.7333984375
2308.png,4608,1536,3,0.0035410260315984488,4608.0,2300.5667724609375,4625.185111999512,2328.1043701171875
2308.png,4608,1536,0,0.0034217233769595623,5262.4652099609375,1536.2910442352295,5286.5169677734375,1547.191442489624
2308.png,4608,1536,0,0.0031642746180295944,5283.131896972656,1536.3853673934937,5317.243469238281,1548.0221490859985
2308.png,4608,1536,0,0.003071525599807501,5455.7177734375,2550.6820068359375,5484.8046875,2559.9095458984375
2308.png,4608,1536,0,0.0030581438913941383,5278.11474609375,1536.1628427505493,5312.632568359375,1546.7235488891602
2308.png,4608,1536,0,0.002893262542784214,5270.676513671875,1536.319133758545,5299.7996826171875,1547.3383255004883
2308.png,4608,1536,0,0.002162521705031395,5269.281799316406,2491.734619140625,5330.461242675781,2515.113037109375
2308.png,4608,1536,3,0.0021169481333345175,4608.1516761779785,2303.4888916015625,4630.2063846588135,2327.9871826171875
2308.png,4608,1536,0,0.001947845914401114,5371.371032714844,1536.6416988372803,5416.597351074219,1553.0122909545898
2308.png,4608,1536,3,0.001936948043294251,4608.0,2294.254638671875,4623.515351295471,2326.18701171875
2308.png,4608,1536,0,0.0018270974978804588,5458.3795166015625,2545.8607177734375,5483.7550048828125,2559.1458740234375
2308.png,4608,1536,0,0.0017928248271346092,5301.947265625,1536.2293663024902,5328.313232421875,1554.0168895721436
2308.png,4608,1536,0,0.0015771264443174005,5624.5631103515625,2414.9581298828125,5632.0,2455.5592041015625
2308.png,4608,1536,0,0.0014933313941583037,5449.8394775390625,2552.4635009765625,5477.6131591796875,2560.0
2308.png,4608,1536,0,0.0012845075689256191,5251.999267578125,1536.2230968475342,5283.212890625,1547.4251956939697
2308.png,4608,1536,0,0.0011955405352637172,5398.512939453125,2554.4012451171875,5436.115966796875,2560.0
2308.png,4608,1536,0,0.0011615310795605183,5436.424255371094,2551.745361328125,5465.327697753906,2560.0
2308.png,4608,1536,0,0.0011354376329109073,5280.8284912109375,1536.9996070861816,5307.1800537109375,1556.862937927246
2308.png,4608,1536,0,0.0010960354702547193,5575.9427490234375,1603.8446502685547,5631.7801513671875,1623.520736694336
2308.png,4608,1536,0,0.0010672458447515965,5421.3245849609375,2552.5135498046875,5450.6331787109375,2560.0
2308.png,4608,1536,0,0.0010615087812766433,5621.7030029296875,2491.5476684570312,5632.0,2515.6942749023438
2308.png,5376,1536,0,0.8267036080360413,5854.693756103516,2230.8896484375,5874.908843994141,2261.7467041015625
2308.png,5376,1536,0,0.8197585940361023,5738.455261230469,2449.442626953125,5765.747741699219,2490.0040283203125
2308.png,5376,1536,0,0.8177234530448914,5716.720642089844,1832.3971557617188,5740.118103027344,1866.0753173828125
2308.png,5376,1536,0,0.46679505705833435,5877.091369628906,2319.5694580078125,5901.727111816406,2360.2652587890625
2308.png,5376,1536,0,0.45324188470840454,5778.0084228515625,1864.3773193359375,5808.089660644531,1916.3872680664062
2308.png,5376,1536,0,0.22144447267055511,5742.302551269531,1695.9131164550781,5764.206298828125,1732.7129516601562
2308.png,5376,1536,0,0.10768157988786697,5442.643287658691,2476.7761840820312,5463.47908782959,2509.2235717773438
2308.png,5376,1536,1,0.025516532361507416,6375.133544921875,2139.486572265625,6399.8974609375,2171.5830078125
2308.png,5376,1536,0,0.020563367754220963,5753.193298339844,2532.316650390625,5771.973693847656,2559.1787109375
2308.png,5376,1536,0,0.020429670810699463,5873.250671386719,2468.9845581054688,5895.681213378906,2505.3153686523438
2308.png,5376,1536,0,0.015515092760324478,5652.509460449219,2480.6224365234375,5688.4573974609375,2529.2291259765625
2308.png,5376,1536,0,0.01058244425803423,5657.537048339844,2500.5990600585938,5687.543029785156,2528.8751831054688
2308.png,5376,1536,0,0.007756446488201618,5751.121765136719,2544.1923828125,5772.560119628906,2559.883544921875
2308.png,5376,1536,0,0.006960693281143904,5779.4500732421875,1863.465576171875,5808.2696533203125,1938.5540161132812
2308.png,5376,1536,0,0.005169211886823177,5752.713653564453,2548.0283203125,5774.469390869141,2559.989990234375
2308.png,5376,1536,0,0.004927368834614754,5561.240264892578,1558.1973705291748,5579.791534423828,1586.3096618652344
2308.png,5376,1536,0,0.004235867410898209,5494.633071899414,2465.6605224609375,5515.707168579102,2497.28662109375
2308.png,5376,1536,0,0.003140703309327364,5768.174743652344,2544.3126220703125,5787.750793457031,2559.9520263671875
2308.png,5376,1536,0,0.003101817797869444,5376.377685546875,1536.8421478271484,5416.499465942383,1556.653907775879
2308.png,5376,1536,0,0.0028216654900461435,5689.9019775390625,1536.2285652160645,5723.36865234375,1547.7211065292358
2308.png,5376,1536,0,0.00266826874576509,5697.388641357422,1536.172327041626,5724.872467041016,1550.536060333252
2308.png,5376,1536,0,0.0026029834989458323,5766.161437988281,2551.5723876953125,5782.634460449219,2560.0
2308.png,5376,1536,0,0.0023619404528290033,5782.004333496094,2522.48486328125,5805.990661621094,2559.766357421875
2308.png,5376,1536,0,0.0023526172153651714,5770.015808105469,2545.5184326171875,5793.917663574219,2559.7279052734375
2308.png,5376,1536,0,0.0023024980910122395,5769.2852783203125,2550.329345703125,5789.8907470703125,2560.0
2308.png,5376,1536,0,0.002242108341306448,5696.9808349609375,2459.8780517578125,5715.9317626953125,2518.6533203125
2308.png,5376,1536,0,0.0021507926285266876,5760.3328857421875,2538.2130126953125,5778.0528564453125,2559.8470458984375
2308.png,5376,1536,0,0.0021392430644482374,5771.397033691406,2552.8443603515625,5795.6278076171875,2560.0
2308.png,5376,1536,0,0.002121207071468234,5614.918640136719,2551.6873779296875,5653.125732421875,2560.0
2308.png,5376,1536,0,0.001635480672121048,5783.674499511719,2551.89208984375,5806.497253417969,2560.0
2308.png,5376,1536,0,0.0016318432753905654,5889.853942871094,2309.5023193359375,5907.882995605469,2344.084716796875
2308.png,5376,1536,0,0.001620626077055931,5813.507995605469,2545.8436279296875,5837.931579589844,2560.0
2308.png,5376,1536,4,0.0016194275813177228,5376.130928993225,2419.0938720703125,5388.990437507629,2452.4564208984375
2308.png,5376,1536,0,0.0014743100618943572,5790.400543212891,2549.4786376953125,5812.392120361328,2560.0
2308.png,5376,1536,1,0.0014016064815223217,6269.47265625,2273.308837890625,6358.3096923828125,2323.845947265625
2308.png,5376,1536,0,0.0013772636884823442,5890.1790771484375,2307.9451904296875,5911.5540771484375,2330.4215087890625
2308.png,5376,1536,0,0.0012812071945518255,5455.782958984375,2550.708251953125,5485.685699462891,2559.9541015625
2308.png,5376,1536,1,0.001280478434637189,6376.315124511719,2124.6827392578125,6399.957214355469,2171.5172119140625
2308.png,5376,1536,0,0.0012338366359472275,5771.0452880859375,2522.0612182617188,5799.7542724609375,2559.6786499023438
2308.png,5376,1536,0,0.0012319331290200353,5778.720367431641,1863.8495483398438,5805.237945556641,1905.5977783203125
2308.png,5376,1536,0,0.0012259562499821186,5397.466218948364,2553.6483154296875,5436.725936889648,2560.0
2308.png,5376,1536,0,0.0010472593130543828,5682.935211181641,2460.2386474609375,5708.440093994141,2519.3609619140625
2308.png,5376,1536,0,0.0010339588625356555,6232.737548828125,2005.755615234375,6249.831298828125,2039.9288330078125
2308.png,5376,1536,0,0.0010215041693300009,5706.686462402344,1536.2178688049316,5742.121765136719,1551.0097608566284
2308.png,6144,1536,1,0.03056769259274006,6373.3037109375,2146.180419921875,6427.808410644531,2170.6318359375
2308.png,6144,1536,1,0.0037962659262120724,6269.747489929199,2272.8636474609375,6358.653259277344,2330.8297119140625
2308.png,6144,1536,0,0.002853710437193513,6372.7227783203125,2146.1001586914062,6427.6865234375,2170.5375366210938
2308.png,6144,1536,0,0.0019405059283599257,6232.302581787109,2005.7007751464844,6249.994934082031,2040.0082702636719
2308.png,6144,1536,1,0.0010048059048131108,6190.3535232543945,1958.314697265625,6212.2067794799805,1992.4720458984375
2308.png,6180,1536,1,0.009420466609299183,7180.133056640625,1761.0233459472656,7204.0,1816.8624572753906
2308.png,6180,1536,1,0.005105729680508375,6270.065368652344,2272.5906982421875,6359.916076660156,2328.4866943359375
2308.png,6180,1536,1,0.0024389647878706455,6373.741638183594,2145.824462890625,6427.4638671875,2170.156494140625
2308.png,6180,1536,1,0.0021546336356550455,7179.4815673828125,1772.5545654296875,7204.0,1830.0591430664062
2308.png,6180,1536,1,0.0014049032470211387,7194.8345947265625,1824.6016235351562,7204.0,1855.9494018554688
2308.png,6180,1536,1,0.0011170427314937115,7191.10009765625,1831.1028442382812,7204.0,1861.068115234375
2308.png,6180,1536,1,0.0010076933540403843,7195.78466796875,1795.539794921875,7204.0,1857.3865966796875
2308.png,0,2304,0,0.013020624406635761,57.26344299316406,2304.204605102539,76.80525207519531,2319.40020942688
2308.png,0,2304,2,0.0069424547255039215,793.6093139648438,2788.7406005859375,813.7450561523438,2820.166015625
2308.png,0,2304,1,0.0020244207698851824,43.373512268066406,2304.2607431411743,75.48690795898438,2318.0782012939453
2308.png,768,2304,0,0.022977370768785477,768.1136527061462,2304.3456687927246,775.9644541740417,2350.4257316589355
2308.png,768,2304,2,0.0019699623808264732,794.5554943084717,2788.554931640625,813.5842590332031,2818.8073120117188
2308.png,768,2304,0,0.0018494469113647938,768.1423034667969,2307.916618347168,773.928656578064,2352.149646759033
2308.png,768,2304,0,0.0017615684773772955,794.5534114837646,2788.4915161132812,813.6025161743164,2819.22607421875
2308.png,768,2304,1,0.001556664938107133,768.2254343032837,2476.9924926757812,783.5727405548096,2550.8616943359375
2308.png,768,2304,0,0.0013233916833996773,768.0,2304.0,779.1141977310181,2347.428882598877
2308.png,1536,2304,1,0.003400515764951706,2487.720947265625,2479.961944580078,2560.0,2518.0775451660156
2308.png,1536,2304,0,0.0015025916509330273,2483.6493530273438,2479.3219299316406,2559.3268432617188,2516.998779296875
2308.png,1536,2304,0,0.0011461381800472736,2473.549072265625,2994.2171630859375,2510.5458984375,3035.80126953125
2308.png,2304,2304,1,0.02197973057627678,3007.3682861328125,3318.943115234375,3061.5430908203125,3328.0
2308.png,2304,2304,1,0.011951837688684464,3016.3779296875,3319.9549560546875,3071.05615234375,3328.0
2308.png,2304,2304,1,0.011503083631396294,2994.33203125,3318.0823974609375,3053.1951904296875,3328.0
2308.png,2304,2304,0,0.010751216672360897,2304.192276954651,2490.0657958984375,2316.9763526916504,2557.8032836914062
2308.png,2304,2304,1,0.00525653176009655,2997.6670532226562,3315.091064453125,3057.1436157226562,3328.0
2308.png,2304,2304,1,0.004075921140611172,3036.86767578125,3319.6036376953125,3095.4560546875,3328.0
2308.png,2304,2304,1,0.003787403693422675,3067.337646484375,3318.2818603515625,3099.41455078125,3328.0
2308.png,2304,2304,0,0.002250251593068242,2483.2084045410156,2479.8973388671875,2563.82275390625,2517.2265625
2308.png,2304,2304,0,0.001059783506207168,2472.8404846191406,2994.9600219726562,2509.1801147460938,3038.2339477539062
2308.png,3072,2304,0,0.08257436752319336,4070.4385986328125,3206.5809326171875,4096.0,3225.1197509765625
2308.png,3072,2304,1,0.06126665696501732,3364.4696044921875,3299.3106689453125,3399.6651611328125,3328.0
2308.png,3072,2304,0,0.017474187538027763,3072.0,2639.67333984375,3094.114288330078,2675.441162109375
2308.png,3072,2304,2,0.015832390636205673,4012.697265625,2510.875457763672,4064.477783203125,2583.358917236328
2308.png,3072,2304,0,0.013580413535237312,4083.443603515625,3301.5983276367188,4096.0,3320.9109497070312
2308.png,3072,2304,0,0.012273581698536873,4080.939697265625,3295.7225341796875,4096.0,3320.931640625
2308.png,3072,2304,4,0.010378177277743816,3365.6351318359375,3299.10791015625,3399.6390380859375,3328.0
2308.png,3072,2304,0,0.0054839481599628925,4081.2154541015625,3302.0057373046875,4096.0,3324.3975830078125
2308.png,3072,2304,0,0.005272686015814543,4063.3330078125,3192.859375,4096.0,3220.63623046875
2308.png,3072,2304,0,0.0045511722564697266,3454.8118286132812,2304.919132232666,3489.8322143554688,2331.7075119018555
2308.png,3072,2304,0,0.004154399037361145,4057.6806640625,3183.1026611328125,4093.61279296875,3202.9866943359375
2308.png,3072,2304,0,0.003546216757968068,4058.98828125,3185.6875,4095.745361328125,3211.622802734375
2308.png,3072,2304,3,0.0031965477392077446,3077.719151496887,3317.1295166015625,3103.1295166015625,3328.0
2308.png,3072,2304,2,0.00301702250726521,3433.9000549316406,2441.960433959961,3507.245391845703,2510.510971069336
2308.png,3072,2304,0,0.00210143206641078,3445.2734985351562,2304.0,3485.8235473632812,2311.058970451355
2308.png,3072,2304,0,0.0020806575194001198,4072.0252685546875,3214.4132080078125,4096.0,3238.415771484375
2308.png,3072,2304,1,0.0018998673185706139,3445.0769653320312,3259.2470092773438,3491.7622680664062,3323.3703002929688
2308.png,3072,2304,0,0.0013902003411203623,4083.5093994140625,3313.950927734375,4096.0,3328.0
2308.png,3072,2304,0,0.00138378597330302,4076.6482543945312,3317.9462890625,4095.5259399414062,3327.59375
2308.png,3072,2304,2,0.0011978751281276345,3924.6541748046875,2304.3180770874023,3962.1075439453125,2336.5867462158203
2308.png,3840,2304,0,0.17286467552185059,4555.3812255859375,3286.1485595703125,4588.3365478515625,3328.0
2308.png,3840,2304,0,0.03320618346333504,4525.810302734375,2304.0916090011597,4565.03076171875,2311.629235267639
2308.png,3840,2304,2,0.024727387353777885,4011.4957275390625,2510.2536010742188,4065.0808715820312,2583.2481079101562
2308.png,3840,2304,2,0.006781274452805519,4647.1466064453125,2488.6724853515625,4769.2225341796875,2555.1508178710938
2308.png,3840,2304,2,0.005321210250258446,3840.116159439087,2556.042694091797,3853.755268096924,2628.537628173828
2308.png,3840,2304,0,0.003664871444925666,4622.1202392578125,3291.8775634765625,4651.1121826171875,3327.8336181640625
2308.png,3840,2304,0,0.003269405337050557,3840.0,2460.0634155273438,3855.6957626342773,2529.7407836914062
2308.png,3840,2304,0,0.0032208964694291353,4559.0166015625,3250.2908935546875,4581.658203125,3287.19482421875
2308.png,3840,2304,0,0.002808375284075737,4403.80517578125,2304.0768613815308,4437.235595703125,2309.9477910995483
2308.png,3840,2304,1,0.002659083576872945,3840.0,3166.6943359375,3851.1499366760254,3213.5234375
2308.png,3840,2304,2,0.002555593615397811,3840.0245344638824,2617.3728942871094,3848.010564804077,2671.990203857422
2308.png,3840,2304,0,0.002455288078635931,4542.901428222656,3303.33154296875,4581.724914550781,3328.0
2308.png,3840,2304,0,0.002185335149988532,4624.5003662109375,3294.5927734375,4660.5694580078125,3327.823486328125
2308.png,3840,2304,0,0.001549378503113985,4523.86328125,2304.0,4574.665771484375,2312.630865097046
2308.png,3840,2304,0,0.0014799301279708743,3840.0,2470.866241455078,3857.604238510132,2542.0287475585938
2308.png,3840,2304,0,0.0014605867909267545,4611.8382568359375,3287.322509765625,4651.2669677734375,3328.0
2308.png,3840,2304,2,0.0014518613461405039,3925.9717864990234,2304.301170349121,3961.618453979492,2336.982723236084
2308.png,3840,2304,0,0.0012863329611718655,4400.536193847656,2304.1120052337646,4432.731384277344,2310.8029088974
2308.png,3840,2304,0,0.0011950909392908216,4445.856506347656,2304.036507129669,4479.906311035156,2308.7241263389587
2308.png,3840,2304,1,0.001160288113169372,4233.64013671875,2466.1725158691406,4288.294006347656,2548.2838745117188
2308.png,3840,2304,0,0.001130603952333331,4405.024658203125,2304.0,4446.259765625,2308.912133693695
2308.png,3840,2304,2,0.001102274633012712,3840.0,2403.394027709961,3851.833903312683,2480.4512786865234
2308.png,4608,2304,0,0.008709194138646126,5516.659729003906,2983.1573486328125,5534.233337402344,3004.1510009765625
2308.png,4608,2304,2,0.0058697969652712345,5300.2684326171875,3304.6395263671875,5344.9830322265625,3327.8365478515625
2308.png,4608,2304,2,0.005022893659770489,4646.482162475586,2489.497024536133,4769.092636108398,2554.424789428711
2308.png,4608,2304,0,0.0035709859803318977,5611.30908203125,2346.903465270996,5631.985595703125,2371.282470703125
2308.png,4608,2304,0,0.0020971300546079874,4608.0,3275.44384765625,4624.88943862915,3328.0
2308.png,4608,2304,0,0.0017586498288437724,5624.65625,2412.102569580078,5632.0,2449.564483642578
2308.png,4608,2304,0,0.0016596200875937939,5503.287353515625,2985.780517578125,5520.958740234375,3003.0419921875
2308.png,4608,2304,0,0.0014392532175406814,5012.786346435547,2304.0,5056.564727783203,2314.340521812439
2308.png,4608,2304,0,0.001332938321866095,4619.427196502686,3293.1497802734375,4650.241195678711,3327.7291259765625
2308.png,4608,2304,2,0.0013155313208699226,4674.145202636719,2495.6084594726562,4766.937545776367,2552.1414184570312
2308.png,4608,2304,0,0.0013128583086654544,5442.474609375,2477.311737060547,5463.886474609375,2510.029083251953
2308.png,4608,2304,0,0.0011319925542920828,4608.0,3126.1746826171875,4618.372222900391,3175.1768798828125
2308.png,5376,2304,0,0.4932717978954315,5738.659484863281,2449.777801513672,5765.984558105469,2489.966766357422
2308.png,5376,2304,0,0.09454307705163956,6367.403076171875,2825.96044921875,6400.0,2887.474853515625
2308.png,5376,2304,0,0.06678920239210129,6268.383483886719,2920.349609375,6329.512634277344,2947.3482666015625
2308.png,5376,2304,0,0.034256286919116974,5872.736633300781,2468.8551330566406,5896.183410644531,2504.7996520996094
2308.png,5376,2304,0,0.029593825340270996,5876.50830078125,2319.6565742492676,5902.072021484375,2359.134433746338
2308.png,5376,2304,0,0.009592313319444656,6278.9488525390625,2981.3294067382812,6321.6973876953125,3002.5131225585938
2308.png,5376,2304,1,0.006685937289148569,6367.376953125,2823.7803344726562,6399.93603515625,2889.2241821289062
2308.png,5376,2304,4,0.0035733042750507593,5376.1500453948975,2417.958564758301,5389.171531677246,2453.4737548828125
2308.png,5376,2304,0,0.002917857840657234,5516.302230834961,2982.7677001953125,5534.622970581055,3004.31005859375
2308.png,5376,2304,0,0.002623698441311717,5443.042892456055,2476.8876037597656,5463.412887573242,2509.74609375
2308.png,5376,2304,0,0.0019808863289654255,6393.081787109375,2822.1572265625,6400.0,2863.761474609375
2308.png,5376,2304,4,0.0011979599948972464,5376.031932830811,2904.1215209960938,5389.703755378723,2977.8013305664062
2308.png,5376,2304,1,0.001051886472851038,5657.7520751953125,2885.9913330078125,5714.493225097656,2909.0311279296875
2308.png,6144,2304,0,0.4103708565235138,6367.856658935547,2825.38623046875,6405.669982910156,2884.0142822265625
2308.png,6144,2304,0,0.021838098764419556,6773.859375,2669.1211547851562,6824.547607421875,2690.6242065429688
2308.png,6144,2304,1,0.0030391670297831297,6911.2086181640625,2304.0,6999.6153564453125,2312.7895736694336
2308.png,6144,2304,0,0.0030362571123987436,6268.325210571289,2920.23681640625,6329.43830871582,2946.70751953125
2308.png,6144,2304,1,0.001963136252015829,6764.332092285156,2807.9978637695312,6842.428771972656,2835.2936401367188
2308.png,6144,2304,1,0.001858371077105403,7138.6949462890625,3302.60986328125,7167.8546142578125,3328.0
2308.png,6144,2304,3,0.0011720111360773444,6736.2745361328125,2752.5971069335938,6754.2982177734375,2777.2106323242188
2308.png,6144,2304,4,0.0010370055679231882,6735.7315673828125,2730.014923095703,6819.4083251953125,2754.013458251953
2308.png,6180,2304,0,0.13110432028770447,6368.988433837891,2826.3487548828125,6406.393585205078,2883.677490234375
2308.png,6180,2304,1,0.007464500609785318,6914.046203613281,2304.0,6999.499450683594,2313.5298414230347
2308.png,6180,2304,0,0.004370120353996754,6773.5047607421875,2669.0264282226562,6824.1300048828125,2690.8585815429688
2308.png,6180,2304,0,0.0014357625041157007,7197.68896484375,2948.0191650390625,7203.9478759765625,2959.217041015625
2308.png,6180,2304,0,0.001363137038424611,7027.6376953125,3182.30712890625,7056.494140625,3199.215576171875
2308.png,6180,2304,2,0.0012344632996246219,6624.3892822265625,2990.910400390625,6673.1826171875,3007.6343994140625
2308.png,6180,2304,0,0.0012168927351012826,7197.190185546875,2942.4368896484375,7204.0,2958.7535400390625
2308.png,6180,2304,1,0.0011435383930802345,6761.4544677734375,2807.29931640625,6840.1878662109375,2835.5411376953125
2308.png,6180,2304,0,0.0010775529081001878,6268.613098144531,2920.8140869140625,6328.9854736328125,2947.1383056640625
2308.png,0,3072,1,0.06565729528665543,872.416015625,3990.4696044921875,913.5723876953125,4002.3873291015625
2308.png,768,3072,1,0.05485144630074501,872.3898162841797,3990.15771484375,913.8292846679688,4002.33056640625
2308.png,768,3072,0,0.008508003316819668,1056.4141235351562,3108.221260070801,1105.1175537109375,3138.3473205566406
2308.png,768,3072,2,0.002581888809800148,1671.361083984375,3780.220458984375,1718.5703125,3809.5078125
2308.png,768,3072,0,0.0014949148753657937,1785.889892578125,3869.33544921875,1792.0,3888.3497314453125
2308.png,768,3072,1,0.001401965506374836,768.2698440551758,3967.9323120117188,776.2396087646484,4005.0939331054688
2308.png,768,3072,1,0.0013050795532763004,768.0493812561035,3960.4769287109375,775.5145893096924,3990.0811767578125
2308.png,768,3072,0,0.001226943451911211,1785.8511962890625,3875.4456787109375,1792.0,3893.3670654296875
2308.png,768,3072,2,0.0011109636398032308,1712.141357421875,3705.0777587890625,1747.984375,3764.6375732421875
2308.png,1536,3072,1,0.005170236807316542,1536.073631286621,3665.4296875,1562.217939376831,3696.5697021484375
2308.png,1536,3072,1,0.004290204029530287,1536.0397872924805,3663.78466796875,1560.978307723999,3685.88671875
2308.png,1536,3072,1,0.0034320494160056114,1536.0358219146729,3664.385009765625,1565.1439476013184,3709.389404296875
2308.png,1536,3072,0,0.0018420517444610596,2446.5064697265625,3122.907958984375,2482.78271484375,3146.65145111084
2308.png,1536,3072,0,0.0016154544427990913,2239.0827026367188,4051.0484619140625,2270.1155395507812,4095.6478271484375
2308.png,1536,3072,2,0.0013882891507819295,2414.5572509765625,3144.097686767578,2445.096923828125,3162.237762451172
2308.png,1536,3072,0,0.0012897888664156199,1700.786361694336,3658.443115234375,1718.0721282958984,3686.9622802734375
2308.png,1536,3072,0,0.0011245657224208117,2277.4288330078125,4056.6270751953125,2310.0589599609375,4096.0
2308.png,1536,3072,0,0.0011135776294395328,1536.0,3072.4715881347656,1544.3877449035645,3118.5306816101074
2308.png,1536,3072,0,0.0010125580010935664,2554.9375,3097.832441329956,2560.0,3136.2788848876953
2308.png,2304,3072,0,0.015979841351509094,2446.931915283203,3123.237648010254,2482.6456604003906,3146.4098587036133
2308.png,2304,3072,0,0.004001823253929615,2543.6018981933594,3072.033914089203,2594.7781677246094,3079.9090390205383
2308.png,2304,3072,2,0.0027096762787550688,2415.072738647461,3144.2952728271484,2445.15966796875,3161.9715423583984
2308.png,2304,3072,2,0.002201393712311983,2304.2710876464844,3173.404998779297,2349.936752319336,3188.4994354248047
2308.png,2304,3072,0,0.0021215614397078753,2544.7386474609375,3072.004256248474,2581.4825439453125,3080.772554397583
2308.png,2304,3072,1,0.0021053615491837263,2304.0,4055.6378173828125,2322.7286796569824,4096.0
2308.png,2304,3072,1,0.0018352720653638244,2304.0,4038.982177734375,2317.5127172470093,4096.0
2308.png,2304,3072,0,0.0012485096231102943,2306.1304845809937,3072.0,2336.709426879883,3082.7226028442383
2308.png,3072,3072,0,0.8125796318054199,3976.9453125,3712.8880615234375,4004.4686279296875,3753.692138671875
2308.png,3072,3072,0,0.09149064123630524,4070.5538330078125,3206.9389038085938,4096.0,3225.005401611328
2308.png,3072,3072,0,0.07859360426664352,4082.6851806640625,3300.529541015625,4095.986083984375,3319.2391052246094
2308.png,3072,3072,0,0.030696794390678406,4088.697509765625,3721.183349609375,4096.0,3739.69384765625
2308.png,3072,3072,0,0.023867901414632797,4089.40771484375,3714.696533203125,4096.0,3737.7979736328125
2308.png,3072,3072,0,0.02289154753088951,4088.252685546875,3312.5226440429688,4096.0,3337.211456298828
2308.png,3072,3072,0,0.019310543313622475,4082.0980224609375,3294.7923889160156,4095.924072265625,3318.084716796875
2308.png,3072,3072,0,0.018460070714354515,4089.171142578125,3704.71484375,4096.0,3726.5
2308.png,3072,3072,0,0.011926354840397835,4057.9423828125,3183.6746368408203,4093.84130859375,3204.2846069335938
2308.png,3072,3072,0,0.009736628271639347,4084.0606689453125,3304.3219604492188,4096.0,3332.102783203125
2308.png,3072,3072,0,0.008497199043631554,4088.4462890625,3316.1166076660156,4095.98388671875,3345.117462158203
2308.png,3072,3072,0,0.008332089520990849,4058.930908203125,3185.9797973632812,4095.772216796875,3211.927719116211
2308.png,3072,3072,0,0.007903002202510834,4062.376708984375,3191.592170715332,4096.0,3219.6581420898438
2308.png,3072,3072,0,0.006045244168490171,4085.8837890625,3321.410110473633,4095.62255859375,3348.9081420898438
2308.png,3072,3072,0,0.005905792582780123,4087.47314453125,3708.6016845703125,4096.0,3733.4610595703125
2308.png,3072,3072,4,0.005538604222238064,3364.3367614746094,3294.2391052246094,3401.230499267578,3345.200469970703
2308.png,3072,3072,0,0.004262358881533146,4071.8450927734375,3208.4952239990234,4096.0,3230.201705932617
2308.png,3072,3072,0,0.004011352546513081,4081.871826171875,3313.61376953125,4095.631591796875,3346.2020874023438
2308.png,3072,3072,0,0.0035431350115686655,4089.4052734375,3723.7607421875,4096.0,3743.598388671875
2308.png,3072,3072,0,0.0030219866894185543,3772.6443481445312,3815.263916015625,3809.8750610351562,3836.933349609375
2308.png,3072,3072,4,0.003011969616636634,4036.3070068359375,3736.3851318359375,4070.3365478515625,3749.1790771484375
2308.png,3072,3072,0,0.002892719116061926,4071.9443359375,3214.2945556640625,4095.991943359375,3238.36328125
2308.png,3072,3072,0,0.002209921134635806,4083.786865234375,3721.632568359375,4096.0,3739.506103515625
2308.png,3072,3072,0,0.0020906166173517704,4010.4439697265625,3072.0646390914917,4043.8060302734375,3086.719150543213
2308.png,3072,3072,1,0.0019210358150303364,4040.5625,4016.4026489257812,4096.0,4082.4364624023438
2308.png,3072,3072,0,0.00184304965659976,4083.7083740234375,3711.720947265625,4096.0,3736.8822021484375
2308.png,3072,3072,0,0.0017909902380779386,3072.070432662964,3331.2064208984375,3078.7646284103394,3379.5496826171875
2308.png,3072,3072,0,0.0016018898459151387,4089.4157104492188,3115.0758361816406,4095.6237182617188,3134.25772857666
2308.png,3072,3072,0,0.001498532947152853,3986.7515869140625,3072.4852323532104,4006.3953857421875,3084.060338973999
2308.png,3072,3072,4,0.0014055422507226467,3072.0,4066.1209716796875,3097.3003120422363,4094.4464111328125
2308.png,3072,3072,0,0.0013570626033470035,4090.0972900390625,3113.536609649658,4095.7413330078125,3131.2967109680176
2308.png,3072,3072,0,0.0012505477061495185,4083.5831298828125,3286.7681579589844,4095.6290283203125,3308.2381896972656
2308.png,3072,3072,0,0.0011486344737932086,4002.5235595703125,3072.2345638275146,4025.8389892578125,3086.939558029175
2308.png,3072,3072,0,0.0010358542203903198,3977.1163330078125,3072.230435371399,4001.4400634765625,3078.93421459198
2308.png,3840,3072,0,0.6606647372245789,3977.3152770996094,3713.34326171875,4004.438934326172,3754.1243896484375
2308.png,3840,3072,0,0.00950706284493208,4846.469299316406,3874.4270629882812,4863.981018066406,3932.6884155273438
2308.png,3840,3072,1,0.007866473868489265,3840.0,3635.043212890625,3851.798608779907,3693.37890625
2308.png,3840,3072,4,0.0068852538242936134,4036.2788696289062,3736.1448974609375,4070.0637817382812,3749.2037353515625
2308.png,3840,3072,0,0.002876792335882783,4133.264099121094,3072.0,4170.346984863281,3086.4328994750977
2308.png,3840,3072,0,0.0013043687213212252,4623.3375244140625,3292.0447387695312,4649.09423828125,3345.1495666503906
2308.png,3840,3072,1,0.0010696561075747013,3840.0,3167.902328491211,3851.0850162506104,3212.918487548828
2308.png,3840,3072,0,0.0010288114426657557,4010.339141845703,3072.0738487243652,4043.5902404785156,3087.7250661849976
2308.png,3840,3072,0,0.0010221695993095636,3986.6142578125,3072.488268852234,4006.3244018554688,3084.1447019577026
2308.png,3840,3072,2,0.0010149891022592783,3840.136859893799,3486.2650756835938,3853.460041999817,3565.2533569335938
2308.png,4608,3072,0,0.00274574663490057,4608.120195388794,3356.5098266601562,4617.667788505554,3420.9752807617188
2308.png,4608,3072,0,0.002377061638981104,5416.478088378906,3416.8619384765625,5455.075012207031,3434.189208984375
2308.png,4608,3072,0,0.0018685831455513835,5193.952392578125,3507.775421142578,5214.28564453125,3528.5962829589844
2308.png,4608,3072,0,0.0015419555129483342,4608.0,3130.389205932617,4618.345242500305,3175.9222412109375
2308.png,4608,3072,0,0.00121259072329849,4608.0,3365.6795654296875,4617.905500411987,3435.430908203125
2308.png,5376,3072,0,0.10776421427726746,5416.440505981445,3417.1484985351562,5454.579284667969,3434.2147827148438
2308.png,5376,3072,0,0.006271819118410349,5928.155700683594,4068.119384765625,5953.102844238281,4095.55908203125
2308.png,5376,3072,0,0.0035774933639913797,5383.223419189453,3448.6384887695312,5416.257064819336,3464.4276123046875
2308.png,5376,3072,3,0.003022535238415003,5717.095672607422,4074.3133544921875,5748.545806884766,4095.7147216796875
2308.png,5376,3072,4,0.0011507910676300526,5505.596954345703,4071.4188842773438,5549.770477294922,4094.6912231445312
2308.png,5376,3072,0,0.0010902450885623693,6204.226379394531,3712.0794677734375,6230.330505371094,3781.7232666015625
2308.png,5376,3072,2,0.001070006750524044,5516.41943359375,3337.0963745117188,5605.624786376953,3433.7628784179688
2308.png,5376,3072,0,0.0010422773193567991,5503.868881225586,4071.947998046875,5550.090805053711,4095.3427734375
2308.png,6144,3072,3,0.04227404296398163,6598.214538574219,3072.4746232032776,6625.993103027344,3079.3831071853638
2308.png,6144,3072,3,0.007553169038146734,6600.472595214844,3072.370928287506,6635.392395019531,3078.878189563751
2308.png,6144,3072,0,0.003461587242782116,6204.209808349609,3713.2154541015625,6229.812194824219,3782.1910400390625
2308.png,6144,3072,0,0.0029130340553820133,6163.088674545288,3904.2083129882812,6194.702949523926,3922.2334594726562
2308.png,6144,3072,1,0.002403956139460206,6145.803596496582,3072.393810272217,6169.4799880981445,3090.7092323303223
2308.png,6144,3072,3,0.0020124746952205896,6602.514099121094,3072.3041410446167,6646.314453125,3078.037043571472
2308.png,6180,3072,3,0.024197475984692574,6598.032623291016,3072.4104232788086,6625.286468505859,3079.549533843994
2308.png,6180,3072,1,0.02204722911119461,7170.041748046875,3981.9268188476562,7204.0,4001.7050170898438
2308.png,6180,3072,2,0.009991100057959557,6180.0,3673.42724609375,6194.041591644287,3737.3468017578125
2308.png,6180,3072,0,0.007978372275829315,7027.5673828125,3182.243721008301,7056.30419921875,3199.057304382324
2308.png,6180,3072,2,0.003874998539686203,6180.0,3578.1912841796875,6194.00007724762,3647.9111328125
2308.png,6180,3072,3,0.003024284727871418,6603.539794921875,3072.2601857185364,6644.2244873046875,3078.087377548218
2308.png,6180,3072,0,0.0029895780608057976,6180.0,3851.9775390625,6194.925798416138,3917.785888671875
2308.png,6180,3072,3,0.0024766630958765745,6591.279296875,3072.2044134140015,6621.5596923828125,3079.077344894409
2308.png,6180,3072,0,0.0017949525499716401,6206.899381637573,3716.4326171875,6232.354644775391,3782.312744140625
2308.png,6180,3072,0,0.0015093847177922726,6613.746856689453,3072.2574124336243,6651.135833740234,3077.6650156974792
2308.png,6180,3072,1,0.0013099374482408166,7170.547607421875,3981.90087890625,7204.0,4030.3505859375
2308.png,6180,3072,1,0.001225750078447163,6820.39892578125,3281.7669372558594,6896.1904296875,3351.8680725097656
2308.png,6180,3072,1,0.0010522345546633005,6180.0,3713.8857421875,6190.152442932129,3788.8023681640625
2308.png,0,3840,1,0.06362936645746231,872.5548706054688,3990.431671142578,913.7610473632812,4002.3987426757812
2308.png,768,3840,1,0.04766461253166199,872.5747985839844,3990.214584350586,913.6614990234375,4002.3099517822266
2308.png,768,3840,1,0.010566500015556812,1290.7176513671875,4288.903717041016,1338.0281982421875,4305.964019775391
2308.png,768,3840,0,0.001883096294477582,1784.6591796875,4754.2637939453125,1792.0,4775.68212890625
2308.png,768,3840,1,0.0017240929882973433,768.0237951278687,3959.4371948242188,775.5962352752686,3994.5347595214844
2308.png,768,3840,1,0.0014743226347491145,768.3052740097046,3967.1660919189453,776.7755279541016,4007.3014068603516
2308.png,768,3840,1,0.0014405889669433236,842.6956481933594,3840.2002959251404,863.4179077148438,3844.992598056793
2308.png,768,3840,0,0.0014376136241480708,1784.134765625,4759.310485839844,1792.0,4777.830383300781
2308.png,768,3840,1,0.0011129259364679456,1783.46484375,3973.593475341797,1792.0,4002.644256591797
2308.png,1536,3840,1,0.01345021091401577,1883.1290588378906,4205.62060546875,1924.3980407714844,4258.140869140625
2308.png,1536,3840,1,0.0030861925333738327,2530.385986328125,4136.977294921875,2560.0,4229.48974609375
2308.png,1536,3840,0,0.0028941829223185778,1785.9717254638672,4755.061706542969,1798.8121948242188,4773.346496582031
2308.png,1536,3840,0,0.0022003736812621355,2275.8579711914062,4053.4747314453125,2309.0653686523438,4100.973083496094
2308.png,1536,3840,0,0.0012390852207317948,2138.39697265625,4801.437072753906,2171.24609375,4826.736022949219
2308.png,2304,3840,1,0.0063042654655873775,2529.5108032226562,4137.233428955078,2578.9384765625,4228.790679931641
2308.png,2304,3840,1,0.0032826103270053864,2524.98583984375,4176.568756103516,2565.0086059570312,4249.912750244141
2308.png,2304,3840,1,0.003076024819165468,3302.3388671875,4439.2384033203125,3328.0,4471.88330078125
2308.png,2304,3840,2,0.0024953873362392187,3177.494140625,4796.444152832031,3288.1417236328125,4840.145812988281
2308.png,2304,3840,0,0.002424283418804407,2304.0,4273.648620605469,2319.3279418945312,4346.077575683594
2308.png,2304,3840,0,0.0024165958166122437,2304.0773458480835,4309.692199707031,2318.0305976867676,4379.471862792969
2308.png,2304,3840,0,0.0022425425704568624,3283.1773071289062,4847.2010498046875,3327.5731811523438,4864.0
2308.png,2304,3840,0,0.0016157604986801744,2304.0,4303.2064208984375,2318.6945581436157,4355.7835693359375
2308.png,2304,3840,0,0.0014840997755527496,2304.0,4035.155517578125,2313.4120330810547,4085.5011596679688
2308.png,2304,3840,1,0.001467071590013802,2525.7859497070312,4134.751770019531,2570.5900268554688,4220.634521484375
2308.png,2304,3840,1,0.0010240253759548068,3295.541259765625,4427.7696533203125,3328.0,4467.3148193359375
2308.png,3072,3840,0,0.010152105242013931,4031.76171875,4315.635314941406,4061.986572265625,4350.402160644531
2308.png,3072,3840,1,0.009626452811062336,3681.0914306640625,4826.869873046875,3746.3353271484375,4864.0
2308.png,3072,3840,2,0.002722476376220584,3072.0,4068.936721801758,3096.2047576904297,4163.656677246094
2308.png,3072,3840,2,0.0024178167805075645,3072.0,4082.294418334961,3083.894673347473,4161.7481689453125
2308.png,3072,3840,1,0.002102992497384548,4020.7197875976562,4286.08251953125,4045.6530151367188,4319.106384277344
2308.png,3072,3840,2,0.0018071584636345506,3072.0,4097.841735839844,3095.710609436035,4173.033752441406
2308.png,3072,3840,2,0.0017351086717098951,3177.5341796875,4795.9146728515625,3288.8438415527344,4841.7156982421875
2308.png,3072,3840,0,0.0016626653959974647,3749.7049560546875,4851.3480224609375,3797.6038818359375,4864.0
2308.png,3072,3840,1,0.0015511505771428347,3673.7431640625,4842.8125,3745.215087890625,4864.0
2308.png,3072,3840,2,0.001220119884237647,3072.0,4068.596923828125,3091.173536300659,4151.946350097656
2308.png,3840,3840,0,0.14133360981941223,4129.797424316406,4082.127227783203,4168.861999511719,4139.909820556641
2308.png,3840,3840,0,0.010776421055197716,4846.3885498046875,3873.759880065918,4864.0,3931.595039367676
2308.png,3840,3840,3,0.0024070320650935173,4843.227722167969,4832.465087890625,4862.269836425781,4857.3154296875
2308.png,3840,3840,3,0.0016283844597637653,4460.548767089844,4813.3123779296875,4496.239196777344,4834.9781494140625
2308.png,3840,3840,0,0.0016051189741119742,4850.6810302734375,3840.3028564453125,4864.0,3874.371078491211
2308.png,3840,3840,0,0.0015468113124370575,4833.9931640625,3840.044662475586,4864.0,3877.344871520996
2308.png,3840,3840,0,0.0014698923332616687,4820.5419921875,3840.0,4847.28125,3846.418731689453
2308.png,3840,3840,0,0.0011745549272745848,4825.3067626953125,3840.0,4862.1964111328125,3851.959349632263
2308.png,3840,3840,4,0.0011655999114736915,4855.302734375,4824.3802490234375,4863.7633056640625,4855.4842529296875
2308.png,4608,3840,0,0.6460688710212708,5298.7110595703125,4419.9271240234375,5328.302978515625,4432.5155029296875
2308.png,4608,3840,0,0.004876534920185804,4608.115795135498,3840.0,4623.749255180359,3884.409942626953
2308.png,4608,3840,0,0.003677638713270426,5624.3258056640625,4717.9390869140625,5632.0,4735.8839111328125
2308.png,4608,3840,0,0.0035054930485785007,5624.7802734375,4723.003234863281,5632.0,4746.835144042969
2308.png,4608,3840,0,0.002180815674364567,5625.0906982421875,4731.5736083984375,5632.0,4750.509521484375
2308.png,4608,3840,2,0.002140444703400135,5479.571533203125,3840.0664100646973,5530.30224609375,3849.142381668091
2308.png,4608,3840,2,0.0018883438315242529,5472.8458251953125,3840.075942993164,5510.2083740234375,3850.955062866211
2308.png,4608,3840,0,0.001305418903939426,5624.459716796875,4710.18701171875,5632.0,4730.809814453125
2308.png,5376,3840,0,0.10329238325357437,5626.163330078125,4730.5892333984375,5660.597839355469,4751.29736328125
2308.png,5376,3840,0,0.08858747035264969,5977.764465332031,4842.9693603515625,6003.294250488281,4863.9381103515625
2308.png,5376,3840,0,0.07846607267856598,5901.2269287109375,4727.25341796875,5922.876953125,4758.14208984375
2308.png,5376,3840,0,0.05881724879145622,5751.417236328125,4754.1361083984375,5777.630676269531,4788.8927001953125
2308.png,5376,3840,0,0.005392267368733883,6221.125244140625,3840.4086837768555,6249.7880859375,3868.618734359741
2308.png,5376,3840,0,0.003738738363608718,5983.021728515625,4846.3485107421875,6033.28564453125,4863.8731689453125
2308.png,5376,3840,0,0.00339789898134768,5980.1741943359375,4844.7435302734375,6013.4825439453125,4863.8441162109375
2308.png,5376,3840,0,0.0033045888412743807,5692.1455078125,4816.246765136719,5721.092590332031,4833.521545410156
2308.png,5376,3840,0,0.002782819326967001,5759.608703613281,4858.2659912109375,5792.865417480469,4864.0
2308.png,5376,3840,2,0.0023195359390228987,5969.599853515625,4679.553649902344,6036.539794921875,4742.154846191406
2308.png,5376,3840,2,0.0018594610737636685,5473.01496887207,3840.0873413085938,5509.608016967773,3850.8386516571045
2308.png,5376,3840,2,0.0016258577816188335,5479.837051391602,3840.073763847351,5529.353713989258,3849.0963592529297
2308.png,5376,3840,0,0.0015750681050121784,5970.548095703125,4844.166259765625,6001.81591796875,4864.0
2308.png,5376,3840,0,0.0012718526413664222,5894.896423339844,4736.8101806640625,5921.152648925781,4768.2762451171875
2308.png,5376,3840,0,0.00125265889801085,5640.585693359375,4683.83642578125,5674.032958984375,4701.107177734375
2308.png,5376,3840,0,0.001195417600683868,5950.765380859375,4844.0859375,6001.505615234375,4864.0
2308.png,5376,3840,0,0.0011199024738743901,5765.913513183594,4857.640869140625,5805.9801025390625,4864.0
2308.png,5376,3840,0,0.0010206568986177444,5786.085174560547,3840.0,5864.763885498047,3847.919819831848
2308.png,5376,3840,0,0.0010182951809838414,5926.1180419921875,4719.826171875,5960.9451904296875,4746.916015625
2308.png,6144,3840,0,0.7445573210716248,6418.299072265625,4292.1925048828125,6436.1207275390625,4317.9017333984375
2308.png,6144,3840,0,0.37253662943840027,6477.931243896484,4310.014984130859,6503.703033447266,4320.609039306641
2308.png,6144,3840,0,0.08803970366716385,6162.79860496521,3904.589141845703,6194.192588806152,3921.413543701172
2308.png,6144,3840,0,0.00423639640212059,6225.242095947266,3840.4322261810303,6247.392517089844,3866.455265045166
2308.png,6144,3840,0,0.0035770495887845755,6506.3944091796875,4280.636566162109,6522.680603027344,4305.668426513672
2308.png,6144,3840,1,0.0015198425389826298,6661.9093017578125,4721.7596435546875,6703.1160888671875,4763.667236328125
2308.png,6180,3840,0,0.808682382106781,6418.949920654297,4292.46875,6435.856719970703,4318.10009765625
2308.png,6180,3840,0,0.3005613088607788,6476.6702880859375,4309.484802246094,6503.902526855469,4320.738037109375
2308.png,6180,3840,1,0.01542617380619049,7169.5440673828125,3982.505859375,7204.0,4001.8848266601562
2308.png,6180,3840,1,0.00737145496532321,6663.550842285156,4721.8424072265625,6704.854919433594,4764.64697265625
2308.png,0,4434,0,0.003207478439435363,94.82190704345703,4888.1085205078125,108.5925521850586,4906.574462890625
2308.png,0,4434,0,0.0019632165785878897,90.51060485839844,4887.7840576171875,98.17547607421875,4904.725830078125
2308.png,0,4434,0,0.0014138966798782349,91.39845275878906,4888.5819091796875,100.92335510253906,4906.3062744140625
2308.png,768,4434,0,0.0013557960046455264,1786.3609619140625,4436.54109954834,1792.0,4458.388244628906
2308.png,1536,4434,4,0.07389955222606659,1939.2257995605469,4434.079936981201,1954.1782531738281,4445.761140823364
2308.png,1536,4434,4,0.04488345980644226,1933.484619140625,4434.116284370422,1950.2486572265625,4446.31453037262
2308.png,1536,4434,0,0.030270861461758614,1536.0,4901.976318359375,1549.1354207992554,4959.483337402344
2308.png,1536,4434,0,0.011084750294685364,1536.0,4919.2679443359375,1548.9830045700073,4961.845153808594
2308.png,1536,4434,4,0.007199838757514954,1946.4273071289062,4434.243263244629,1962.1232299804688,4445.496972084045
2308.png,1536,4434,4,0.007086238358169794,1926.8540954589844,4434.263919830322,1944.9640197753906,4445.913779258728
2308.png,1536,4434,0,0.005245299078524113,1785.466567993164,4755.4945068359375,1799.0638427734375,4773.77587890625
2308.png,1536,4434,0,0.002957383869215846,2374.866455078125,5440.3487548828125,2432.08837890625,5458.0
2308.png,1536,4434,0,0.0024056974798440933,1536.0,4933.312896728516,1549.1404819488525,4960.5377197265625
2308.png,1536,4434,4,0.0021479555871337652,1916.5785827636719,4434.791976928711,1934.8338317871094,4443.833435058594
2308.png,1536,4434,0,0.0019005256472155452,1536.0,4947.9571533203125,1550.2325801849365,4993.3194580078125
2308.png,1536,4434,0,0.00135395722463727,2424.2881469726562,5452.657958984375,2446.8941040039062,5458.0
2308.png,2304,4434,0,0.0024716269690543413,2374.6717376708984,5439.711181640625,2432.9422912597656,5458.0
2308.png,2304,4434,0,0.0020785725209861994,3319.1285400390625,4949.746276855469,3328.0,4966.161804199219
2308.png,2304,4434,3,0.001268336665816605,2374.6114501953125,5437.25634765625,2431.229217529297,5458.0
2308.png,2304,4434,0,0.00124957668595016,2423.932243347168,5452.535888671875,2447.2308349609375,5458.0
2308.png,2304,4434,2,0.0010013454593718052,2304.0,4723.587860107422,2315.424352645874,4781.441925048828
2308.png,3072,4434,0,0.030415004119277,3701.2586669921875,4434.142276287079,3747.8919677734375,4440.831208705902
2308.png,3072,4434,0,0.009102890267968178,3905.17724609375,4434.411799430847,3923.8330078125,4443.316082954407
2308.png,3072,4434,0,0.007506611756980419,3899.1481323242188,5451.1549072265625,3955.2063598632812,5458.0
2308.png,3072,4434,0,0.003611950669437647,3706.0604248046875,4434.1075077056885,3760.6007080078125,4439.372198104858
2308.png,3072,4434,0,0.0025851360987871885,3682.287841796875,4434.0,3735.7689208984375,4439.741204738617
2308.png,3072,4434,0,0.0019300513667985797,3683.580322265625,4434.063681602478,3748.0948486328125,4441.083172798157
2308.png,3072,4434,0,0.001440683496184647,3902.7579345703125,5448.564453125,3971.9439697265625,5458.0
2308.png,3072,4434,0,0.0014355513267219067,4062.3278198242188,4434.304466247559,4085.7131958007812,4459.948017120361
2308.png,3072,4434,0,0.0012527226936072111,3892.50341796875,5450.851806640625,3927.3623046875,5458.0
2308.png,3072,4434,0,0.0012385571608319879,3890.7454833984375,5397.836242675781,3943.9246826171875,5423.517639160156
2308.png,3072,4434,0,0.0010968528222292662,3906.4819946289062,5425.874816894531,3968.4562377929688,5451.930603027344
2308.png,3072,4434,4,0.001086208620108664,3737.254638671875,4434.0,3778.82763671875,4438.91897726059
2308.png,3840,4434,1,0.009971832856535912,3840.0,4869.554016113281,3857.1554565429688,4938.234069824219
2308.png,3840,4434,0,0.005062855780124664,3896.111415863037,5451.2044677734375,3955.1021118164062,5458.0
2308.png,3840,4434,4,0.003197540296241641,3840.0,4863.751953125,3855.5101013183594,4938.5286865234375
2308.png,3840,4434,0,0.002949469955638051,3840.0530433654785,5349.392395019531,3851.6568546295166,5391.173767089844
2308.png,3840,4434,2,0.0023293709382414818,4813.6478271484375,4434.0,4851.8983154296875,4440.5328488349915
2308.png,3840,4434,0,0.001991923665627837,3840.0,5360.455871582031,3854.2327842712402,5393.320861816406
2308.png,3840,4434,0,0.0014922254486009479,3906.0118713378906,5425.648681640625,3968.612335205078,5452.01708984375
2308.png,3840,4434,0,0.0014133029617369175,3901.3392944335938,5448.7784423828125,3972.0046997070312,5458.0
2308.png,3840,4434,4,0.001275323098525405,3840.35147857666,5447.863037109375,3872.8663024902344,5457.99609375
2308.png,3840,4434,4,0.0011495485669001937,3840.1684226989746,5442.586486816406,3859.52530670166,5457.909484863281
2308.png,3840,4434,0,0.0011474951170384884,3889.623302459717,5450.819091796875,3926.687301635742,5458.0
2308.png,3840,4434,4,0.001113296952098608,3840.0,5444.9453125,3867.3720207214355,5458.0
2308.png,4608,4434,1,0.0072845895774662495,5180.41943359375,4434.0,5228.5777587890625,4439.790934085846
2308.png,4608,4434,2,0.005032607354223728,4906.421936035156,4979.7249755859375,4939.724670410156,5001.0943603515625
2308.png,4608,4434,1,0.0038350040558725595,5178.693420410156,4434.0,5219.219299316406,4438.980747699738
2308.png,4608,4434,0,0.0033309655264019966,5625.0570068359375,4717.112335205078,5632.0,4735.898834228516
2308.png,4608,4434,1,0.002600455656647682,5177.60888671875,4434.0,5246.236572265625,4441.939096450806
2308.png,4608,4434,0,0.002546142553910613,5623.481201171875,4712.3958740234375,5632.0,4732.3157958984375
2308.png,4608,4434,1,0.0022454154677689075,5167.968994140625,4434.117389678955,5205.1368408203125,4438.945512771606
2308.png,4608,4434,0,0.0016061378410086036,5625.5589599609375,4728.93212890625,5632.0,4748.7178955078125
2308.png,4608,4434,0,0.001383849885314703,5374.5986328125,4434.102816104889,5431.959716796875,4441.005638599396
2308.png,5376,4434,0,0.49972060322761536,6356.2474365234375,5031.1357421875,6397.3829345703125,5056.1048583984375
2308.png,5376,4434,0,0.1507594734430313,5626.377197265625,4730.1558837890625,5661.307312011719,4750.420166015625
2308.png,5376,4434,0,0.13848409056663513,5901.545654296875,4728.727935791016,5922.464599609375,4758.341705322266
2308.png,5376,4434,0,0.006342427805066109,5921.260925292969,4810.8448486328125,5949.071350097656,4831.164794921875
2308.png,5376,4434,0,0.005773845594376326,5927.8280029296875,4721.4954833984375,5960.191650390625,4747.4822998046875
2308.png,5376,4434,0,0.005695277359336615,5751.304504394531,4753.336730957031,5776.3966064453125,4788.048522949219
2308.png,5376,4434,0,0.005635326262563467,5833.012268066406,4651.689544677734,5862.444885253906,4675.589508056641
2308.png,5376,4434,0,0.0044659581035375595,5977.0623779296875,4843.206115722656,6001.9344482421875,4873.070129394531
2308.png,5376,4434,1,0.003357494017109275,6361.7003173828125,5436.937744140625,6400.0,5458.0
2308.png,5376,4434,1,0.00226640235632658,6388.9434814453125,5430.5601806640625,6400.0,5458.0
2308.png,5376,4434,0,0.0021961722522974014,6393.238037109375,5043.5340576171875,6400.0,5066.0887451171875
2308.png,5376,4434,0,0.001987459370866418,6391.6541748046875,5033.1195068359375,6399.5267333984375,5057.735595703125
2308.png,5376,4434,0,0.001937313936650753,5918.3603515625,4811.918914794922,5946.158935546875,4833.901397705078
2308.png,5376,4434,0,0.001828478998504579,6361.248046875,5030.8973388671875,6398.906005859375,5051.3421630859375
2308.png,5376,4434,0,0.0018043949967250228,5904.372497558594,4726.5428466796875,5925.943664550781,4756.648620605469
2308.png,5376,4434,2,0.0014644816983491182,5795.565399169922,4434.129993438721,5845.669647216797,4442.3415784835815
2308.png,5376,4434,1,0.0012027885532006621,6384.9844970703125,5432.7841796875,6400.0,5458.0
2308.png,5376,4434,1,0.0011365662794560194,6338.299560546875,5438.522216796875,6398.357177734375,5458.0
2308.png,5376,4434,4,0.0010954942554235458,6386.4844970703125,4737.193634033203,6400.0,4780.530914306641
2308.png,5376,4434,0,0.0010890020057559013,6391.228271484375,5060.0972900390625,6400.0,5102.9249267578125
2308.png,5376,4434,0,0.0010845441138371825,5882.536102294922,4755.192565917969,5918.10107421875,4770.9945068359375
2308.png,5376,4434,0,0.0010135294869542122,5641.493469238281,4684.430389404297,5673.516357421875,4701.143341064453
2308.png,6144,4434,0,0.24645568430423737,6355.68701171875,5030.33544921875,6396.534423828125,5055.98779296875
2308.png,6144,4434,0,0.006726932246237993,6452.0892333984375,4995.7255859375,6473.09814453125,5028.433837890625
2308.png,6144,4434,2,0.001221645507030189,6245.040817260742,4434.238136291504,6294.354873657227,4477.424121856689
2308.png,6180,4434,0,0.2933436930179596,6355.3369140625,5030.3125,6394.637542724609,5055.69189453125
2308.png,6180,4434,0,0.0034144059754908085,6451.412048339844,4995.640380859375,6474.3741455078125,5028.734130859375
2308.png,6180,4434,0,0.0010863530915230513,6389.355285644531,5046.0889892578125,6413.804962158203,5064.6702880859375
2308.png,6180,4434,2,0.0010229337494820356,6180.0,4474.398284912109,6277.756042480469,4524.38427734375
2384.png,0,0,0,0.14163315296173096,173.64459228515625,115.48716735839844,180.1741943359375,128.815185546875
2384.png,0,0,0,0.13359537720680237,301.64495849609375,696.6549072265625,312.14508056640625,721.2984619140625
2384.png,0,0,1,0.021264176815748215,302.3125,696.6280517578125,311.95428466796875,721.6417236328125
2384.png,0,0,0,0.017191622406244278,314.99615478515625,699.5604248046875,320.06683349609375,714.0902099609375
2384.png,0,0,2,0.01452064048498869,283.56195068359375,0.32286643981933594,288.18121337890625,10.629524230957031
2384.png,0,0,3,0.010582279413938522,191.97962951660156,48.44488525390625,199.22508239746094,59.404808044433594
2384.png,0,0,2,0.0067140161991119385,287.1965637207031,0.35198974609375,292.3741149902344,9.98695182800293
2384.png,0,0,3,0.005724736955016851,190.56202697753906,3.140753746032715,196.27391052246094,14.531018257141113
2384.png,0,0,0,0.0036626053042709827,315.6046142578125,700.2040405273438,324.0413818359375,712.5026245117188
2384.png,0,0,0,0.0034672038163989782,71.07119750976562,1015.7061767578125,97.34902954101562,1023.762939453125
2384.png,0,0,0,0.0031663598492741585,63.36934280395508,486.30389404296875,83.75453186035156,494.59234619140625
2384.png,0,0,1,0.0030748348217457533,13.991588592529297,1002.7012939453125,41.893619537353516,1015.1029052734375
2384.png,0,0,3,0.0029861165676265955,192.185791015625,0.5444307327270508,197.49945068359375,7.193031311035156
2384.png,0,0,0,0.0029032942838966846,782.7205810546875,123.5032730102539,788.7012939453125,134.50869750976562
2384.png,0,0,3,0.0028079734183847904,187.61480712890625,57.35810470581055,196.69818115234375,71.09361267089844
2384.png,0,0,0,0.002793137216940522,403.4532775878906,751.3346557617188,409.7933654785156,758.9235229492188
2384.png,0,0,0,0.002590700751170516,179.9581756591797,679.4271240234375,186.12879943847656,689.9439697265625
2384.png,0,0,0,0.002439175033941865,183.3346405029297,680.5186767578125,188.0998992919922,692.0960693359375
2384.png,0,0,3,0.0023171359207481146,312.24652099609375,701.0654907226562,318.05401611328125,720.4905395507812
2384.png,0,0,0,0.0020599174313247204,409.2082214355469,939.9788818359375,414.1560974121094,948.6195068359375
2384.png,0,0,0,0.001996355364099145,403.87786865234375,751.2259521484375,412.02301025390625,758.9381103515625
2384.png,0,0,0,0.001991900848224759,779.971435546875,123.53663635253906,787.853759765625,134.78892517089844
2384.png,0,0,0,0.0017918581143021584,404.2130126953125,750.6654052734375,409.26568603515625,760.2230224609375
2384.png,0,0,0,0.0017879215301945806,64.41773986816406,487.2963562011719,90.39295959472656,496.5154724121094
2384.png,0,0,3,0.0016055552987381816,194.91586303710938,47.325355529785156,204.22457885742188,57.17610168457031
2384.png,0,0,0,0.0011891836766153574,71.50836181640625,1011.8350830078125,97.58575439453125,1023.9156494140625
2384.png,0,0,0,0.0011877509532496333,31.011363983154297,1016.15625,43.80857467651367,1024.0
2384.png,0,0,1,0.001128742704167962,0.3008432388305664,994.5171508789062,10.78354263305664,1009.6276245117188
2384.png,0,0,3,0.0011011651949957013,187.8753662109375,3.8394408226013184,195.71942138671875,15.521955490112305
2384.png,0,0,0,0.0010499076452106237,1016.3480224609375,812.4801635742188,1024.0,828.6763305664062
2384.png,345,0,0,0.008543837815523148,403.9547424316406,751.4097290039062,410.9951477050781,758.9115600585938
2384.png,345,0,0,0.0040466031059622765,1362.390625,840.2020263671875,1369.0,851.0430908203125
2384.png,345,0,0,0.0031072916463017464,1302.766357421875,910.1434936523438,1310.527099609375,924.0949096679688
2384.png,345,0,0,0.003035109955817461,1300.9442749023438,909.067626953125,1309.7129516601562,923.3359375
2384.png,345,0,0,0.0025775881949812174,1362.6153564453125,845.8076171875,1369.0,855.761474609375
2384.png,345,0,0,0.002284053713083267,434.70801544189453,295.4019775390625,446.5094223022461,303.046875
2384.png,345,0,2,0.0018020354909822345,398.8901710510254,828.3726806640625,404.9273109436035,844.9136962890625
2384.png,345,0,0,0.0016443062340840697,409.4729309082031,939.99072265625,415.1319274902344,949.2872314453125
2384.png,345,0,0,0.0014566115569323301,401.06321716308594,762.903076171875,405.42388916015625,771.426513671875
2384.png,345,0,0,0.0011288626119494438,400.17506408691406,775.9038696289062,405.27716064453125,785.5397338867188
2384.png,0,310,1,0.030479414388537407,0.10944843292236328,995.7044067382812,13.624363899230957,1010.1077270507812
2384.png,0,310,2,0.016538070514798164,365.8628845214844,310.4024920463562,386.0253601074219,316.95090770721436
2384.png,0,310,0,0.01505198609083891,179.97119140625,679.5924987792969,186.4918212890625,690.5018005371094
2384.png,0,310,0,0.014877039939165115,302.51458740234375,695.9352416992188,312.208740234375,720.5262451171875
2384.png,0,310,0,0.010727244429290295,182.58563232421875,679.8514099121094,188.03488159179688,690.6422424316406
2384.png,0,310,1,0.010224475525319576,0.0,990.015625,14.074728012084961,1008.039306640625
2384.png,0,310,0,0.007602533791214228,1014.1113891601562,1269.5414428710938,1023.6759643554688,1277.4579467773438
2384.png,0,310,0,0.005044593010097742,1008.6790161132812,1270.7840576171875,1022.6557006835938,1277.4034423828125
2384.png,0,310,2,0.004320913925766945,366.5765380859375,316.0401110649109,383.0606689453125,326.00622940063477
2384.png,0,310,0,0.0033967269118875265,395.8936767578125,449.46128845214844,417.37060546875,457.43067932128906
2384.png,0,310,2,0.002503869356587529,356.1826171875,310.0,370.44488525390625,315.3764133453369
2384.png,0,310,0,0.0018496992997825146,1016.690673828125,1274.05224609375,1024.0,1283.757568359375
2384.png,0,310,2,0.0014483814593404531,1.124979019165039,1136.7392578125,17.223953247070312,1146.074462890625
2384.png,0,310,2,0.0013225626898929477,0.16961956024169922,584.6497192382812,5.512757778167725,599.1669311523438
2384.png,0,310,1,0.001114110229536891,14.80030345916748,1001.7371826171875,39.3422737121582,1015.7874755859375
2384.png,0,310,2,0.001010830863378942,367.0051574707031,311.11271953582764,385.3351135253906,319.69940662384033
2384.png,345,310,0,0.007458917330950499,1351.3037109375,1133.7439575195312,1366.48095703125,1143.4622192382812
2384.png,345,310,1,0.0019904719665646553,366.3191032409668,310.5323977470398,384.754940032959,316.3952708244324
2384.png,345,310,2,0.0017900740494951606,345.24724292755127,796.1024169921875,350.18413257598877,807.3152465820312
2384.png,345,310,0,0.0012282868847250938,369.1988525390625,316.10921716690063,383.27507400512695,325.20252418518066
2384.png,345,310,0,0.001191058661788702,1055.2850341796875,406.4755401611328,1060.3907470703125,417.3578338623047
2384.png,345,310,0,0.0010975494515150785,401.3468246459961,761.3082275390625,405.3781967163086,771.5936279296875
2391.png,0,0,0,0.0018092583632096648,63.89720153808594,0.0,119.97999572753906,5.469180107116699
2391.png,0,0,1,0.001212386880069971,0.0,0.0,36.243587493896484,40.91694641113281
2391.png,0,0,1,0.0010255704401060939,0.06006813049316406,0.0,17.661224365234375,48.92082214355469
2391.png,768,0,1,0.0034602105151861906,1743.4144287109375,1003.2325439453125,1792.0,1016.1729736328125
2391.png,1536,0,1,0.5824873447418213,2238.177734375,943.6876220703125,2268.593505859375,997.4139404296875
2391.png,1536,0,1,0.023897649720311165,2258.953125,415.333740234375,2292.2021484375,478.380615234375
2391.png,1536,0,0,0.004178000148385763,2409.1593017578125,369.7919921875,2436.4686279296875,413.7933349609375
2391.png,1536,0,4,0.002534672385081649,1536.0998544692993,532.2479248046875,1543.157229423523,567.1595458984375
2391.png,1536,0,1,0.0023488106671720743,1536.2634201049805,114.918701171875,1560.6439666748047,133.51109313964844
2391.png,1536,0,1,0.0018759845988824964,1536.0,61.1728515625,1555.644422531128,112.81785583496094
2391.png,1536,0,1,0.0017950107576325536,2127.3697509765625,958.62841796875,2169.9383544921875,977.912353515625
2391.png,1536,0,1,0.0015627018874511123,1894.9379577636719,1010.8419189453125,1933.3994445800781,1024.0
2391.png,1536,0,0,0.001499213045462966,1536.0301322937012,139.2538299560547,1558.3662033081055,161.70960998535156
2391.png,1536,0,1,0.0010964202228933573,2213.0238037109375,0.0,2312.7149658203125,34.90336608886719
2391.png,2304,0,1,0.5597819685935974,3294.0565185546875,214.2266845703125,3328.0,231.07125854492188
2391.png,2304,0,0,0.18351216614246368,2409.6915435791016,370.76641845703125,2435.972640991211,414.36358642578125
2391.png,2304,0,1,0.014765548519790173,3310.377197265625,188.41827392578125,3327.892578125,208.0362548828125
2391.png,2304,0,1,0.0051462785340845585,3297.9889526367188,218.92515563964844,3327.6578979492188,239.85047912597656
2391.png,2304,0,1,0.004750625696033239,3303.1170654296875,210.567626953125,3327.6175537109375,231.12762451171875
2391.png,2304,0,1,0.001562447752803564,3241.1849365234375,208.82046508789062,3290.094482421875,221.74441528320312
2391.png,3072,0,0,0.05292832851409912,3866.1653442382812,704.01318359375,3893.4391479492188,744.2227783203125
2391.png,3072,0,1,0.022009219974279404,4070.1273193359375,189.52294921875,4096.0,211.90798950195312
2391.png,3072,0,1,0.019559383392333984,3840.8348388671875,651.5965576171875,3877.6097412109375,686.3680419921875
2391.png,3072,0,0,0.015314110554754734,3840.55859375,651.0690307617188,3878.33544921875,686.5379028320312
2391.png,3072,0,1,0.012805868871510029,4077.0616455078125,625.547607421875,4095.7977294921875,639.472900390625
2391.png,3072,0,0,0.0106605039909482,3873.2410278320312,610.390380859375,3898.5115356445312,643.94189453125
2391.png,3072,0,1,0.009328960441052914,4089.1019287109375,836.643798828125,4096.0,860.98974609375
2391.png,3072,0,4,0.005670598708093166,3840.72509765625,651.59912109375,3878.00830078125,686.121337890625
2391.png,3072,0,1,0.005368151236325502,4086.7138671875,849.1920776367188,4095.979736328125,870.0197143554688
2391.png,3072,0,1,0.005305917467921972,4075.3580932617188,625.958251953125,4095.9807739257812,644.746337890625
2391.png,3072,0,1,0.00512211536988616,4087.7412109375,841.095703125,4096.0,867.052978515625
2391.png,3072,0,1,0.00478709302842617,4065.1781005859375,863.9697875976562,4079.1417236328125,891.4264526367188
2391.png,3072,0,1,0.004507825709879398,4070.2869873046875,178.099365234375,4096.0,207.79742431640625
2391.png,3072,0,1,0.0036459765397012234,3968.3038330078125,807.6066284179688,4012.6866455078125,821.6557006835938
2391.png,3072,0,1,0.0030303364619612694,4091.2493896484375,765.4366455078125,4096.0,776.3165283203125
2391.png,3072,0,1,0.0027775641065090895,4070.020751953125,1018.076171875,4082.70849609375,1024.0
2391.png,3072,0,1,0.0026177805848419666,4073.406982421875,1018.20556640625,4088.373779296875,1024.0
2391.png,3072,0,1,0.0025898581370711327,4086.6490478515625,683.3823852539062,4096.0,710.8026733398438
2391.png,3072,0,1,0.0025702689308673143,3292.2779235839844,215.35818481445312,3335.5851135253906,231.19247436523438
2391.png,3072,0,1,0.002559480257332325,3858.0858154296875,186.85189819335938,3953.8709716796875,203.25076293945312
2391.png,3072,0,1,0.0022310586646199226,4090.7093505859375,826.7431030273438,4096.0,855.2948608398438
2391.png,3072,0,1,0.0017665522173047066,4083.0364990234375,684.1199951171875,4095.9471435546875,709.4696044921875
2391.png,3072,0,1,0.0015991071704775095,4083.60791015625,851.0257568359375,4096.0,870.3717041015625
2391.png,3072,0,1,0.00154125748667866,4091.4195556640625,770.436279296875,4096.0,786.8984375
2391.png,3072,0,1,0.001378753106109798,3241.4564514160156,208.7704315185547,3289.3455505371094,221.80006408691406
2391.png,3072,0,1,0.001359871355816722,4087.2335205078125,854.89501953125,4095.9881591796875,876.874755859375
2391.png,3072,0,1,0.001277902047149837,4076.3311767578125,639.64453125,4096.0,659.3212890625
2391.png,3072,0,0,0.0012634564191102982,3293.1895751953125,214.9205322265625,3335.0584106445312,231.5325927734375
2391.png,3072,0,1,0.0012164788786321878,4081.2559814453125,700.3737182617188,4096.0,720.2863159179688
2391.png,3072,0,1,0.0011972084175795317,4091.18701171875,755.631103515625,4096.0,773.379638671875
2391.png,3072,0,1,0.001034954679198563,4088.55322265625,609.401611328125,4096.0,635.229736328125
2391.png,3072,0,1,0.001032874919474125,4070.9083251953125,197.44973754882812,4096.0,223.32720947265625
2391.png,3840,0,4,0.44640418887138367,3840.942569732666,649.6705322265625,3877.8221168518066,687.2576904296875
2391.png,3840,0,0,0.1254652887582779,4733.953186035156,161.73753356933594,4771.000671386719,179.23985290527344
2391.png,3840,0,1,0.11671829223632812,4289.647644042969,681.9739379882812,4315.358215332031,699.3496704101562
2391.png,3840,0,4,0.09705725312232971,3840.0,657.4793701171875,3850.1823959350586,687.8785400390625
2391.png,3840,0,3,0.0651676207780838,3864.586181640625,702.9608154296875,3893.2857818603516,746.159423828125
2391.png,3840,0,0,0.032055728137493134,4424.7835693359375,971.586669921875,4444.2803955078125,1002.59521484375
2391.png,3840,0,0,0.030712727457284927,4423.231750488281,1015.7109375,4444.962707519531,1023.90869140625
2391.png,3840,0,4,0.018059613183140755,3840.0,676.0706176757812,3848.0941467285156,736.1713256835938
2391.png,3840,0,0,0.014108565635979176,3870.832733154297,609.7608642578125,3897.8850326538086,644.7315673828125
2391.png,3840,0,4,0.012526609934866428,3840.0,662.403076171875,3847.7729721069336,708.961669921875
2391.png,3840,0,0,0.011412166990339756,3841.1416358947754,650.4163818359375,3876.0554428100586,686.9473876953125
2391.png,3840,0,0,0.009868741035461426,3864.999454498291,703.454833984375,3891.701000213623,742.292236328125
2391.png,3840,0,1,0.009622171521186829,3852.637626647949,187.10476684570312,3953.6962509155273,203.34658813476562
2391.png,3840,0,4,0.007854866795241833,3864.7469482421875,702.96728515625,3894.3020935058594,746.741943359375
2391.png,3840,0,0,0.00707485806196928,4635.679443359375,928.9510498046875,4659.01318359375,963.9010009765625
2391.png,3840,0,1,0.004915886092931032,4166.913146972656,625.7054443359375,4176.292297363281,649.8409423828125
2391.png,3840,0,1,0.004751511849462986,4070.4238891601562,1018.0611572265625,4083.5220336914062,1024.0
2391.png,3840,0,1,0.003907112404704094,4073.0433502197266,1018.44921875,4088.4087982177734,1024.0
2391.png,3840,0,0,0.003743029898032546,4580.1859130859375,970.0651245117188,4614.9993896484375,984.1293334960938
2391.png,3840,0,1,0.003719156375154853,3970.0004272460938,807.717529296875,4012.6912231445312,821.5908203125
2391.png,3840,0,0,0.0030631227418780327,4316.716522216797,332.3179016113281,4330.908966064453,370.8107604980469
2391.png,3840,0,0,0.0020622997544705868,4421.350769042969,1011.97021484375,4444.251647949219,1024.0
2391.png,3840,0,0,0.0019734962843358517,4434.4715576171875,459.30438232421875,4453.9840087890625,492.65350341796875
2391.png,3840,0,1,0.0017467511352151632,4182.117462158203,1009.14794921875,4194.989715576172,1023.8741455078125
2391.png,3840,0,1,0.0013589425943791866,4288.305938720703,1000.7301025390625,4305.090911865234,1023.8101806640625
2391.png,3840,0,4,0.001170112518593669,3840.2232093811035,689.515869140625,3847.7971448898315,738.2021484375
2391.png,4608,0,0,0.7001990079879761,5007.872955322266,284.13067626953125,5031.584747314453,318.93658447265625
2391.png,4608,0,0,0.1080624982714653,5120.898681640625,405.25469970703125,5140.727294921875,445.29278564453125
2391.png,4608,0,0,0.05294274166226387,4733.106658935547,161.42849731445312,4771.585540771484,179.90621948242188
2391.png,4608,0,0,0.039538219571113586,5113.770690917969,457.8414306640625,5132.923767089844,494.650390625
2391.png,4608,0,0,0.02753623202443123,5119.151519775391,156.86221313476562,5142.4498291015625,197.35891723632812
2391.png,4608,0,0,0.025047870352864265,4608.056189537048,375.7513427734375,4614.374235153198,391.87548828125
2391.png,4608,0,0,0.0036608322989195585,4635.465076446533,928.8349609375,4658.7711753845215,963.8719482421875
2391.png,4608,0,1,0.002987705171108246,4819.556732177734,1015.461181640625,4848.668914794922,1024.0
2391.png,4608,0,0,0.0029608248732984066,5008.553253173828,281.30731201171875,5029.444366455078,299.03839111328125
2391.png,4608,0,0,0.001867390819825232,4608.0,374.158447265625,4616.520900726318,393.2088623046875
2391.png,4608,0,0,0.001187348854728043,4608.003867149353,437.1573486328125,4614.560227394104,466.5072021484375
2391.png,4608,0,0,0.001135201775468886,4608.059130191803,377.91424560546875,4613.406409263611,402.91729736328125
2391.png,4608,0,1,0.0010565107222646475,5123.569274902344,1018.5831298828125,5182.574401855469,1024.0
2391.png,5376,0,3,0.0032553570345044136,6248.859375,0.3622884750366211,6268.73583984375,15.14087200164795
2391.png,5376,0,4,0.0027341553941369057,5376.953689575195,816.77880859375,5385.874568939209,835.910400390625
2391.png,5376,0,3,0.0011391383595764637,6255.9168701171875,0.18000507354736328,6271.13134765625,15.049325942993164
2391.png,6048,0,3,0.005065798759460449,6248.22607421875,0.36719226837158203,6268.6566162109375,15.293819427490234
2391.png,6048,0,3,0.0018690526485443115,6256.223815917969,0.14705181121826172,6271.59375,15.12956428527832
2391.png,0,768,0,0.009562429040670395,150.99200439453125,1778.25732421875,169.52969360351562,1791.785400390625
2391.png,0,768,0,0.004086163826286793,150.48672485351562,1768.60791015625,168.91415405273438,1791.6644287109375
2391.png,0,768,2,0.001904388191178441,1006.04248046875,1483.294189453125,1024.0,1533.365966796875
2391.png,0,768,0,0.0011212960816919804,144.2578125,1782.060546875,168.75991821289062,1791.9404296875
2391.png,768,768,0,0.05262622609734535,1121.1369018554688,768.0,1212.0762329101562,776.548773765564
2391.png,768,768,0,0.009950228966772556,1047.2830200195312,768.2186985015869,1086.9166870117188,780.5608777999878
2391.png,768,768,0,0.00827784277498722,1134.0522766113281,768.0,1228.8176574707031,776.7821407318115
2391.png,768,768,1,0.004423169419169426,1474.95947265625,768.164647102356,1569.140869140625,779.8373651504517
2391.png,768,768,3,0.003199557540938258,1048.3180541992188,768.1427392959595,1086.8067016601562,780.6323909759521
2391.png,768,768,3,0.0024092132225632668,1075.3533935546875,768.023512840271,1143.178466796875,776.956524848938
2391.png,768,768,0,0.0019548945128917694,1120.6776733398438,768.909502029419,1216.3869018554688,791.3477916717529
2391.png,768,768,0,0.0017695312853902578,1198.693115234375,768.0,1300.9781494140625,777.5020380020142
2391.png,768,768,0,0.001077521126717329,1072.2653198242188,768.0284624099731,1145.9188842773438,775.547872543335
2391.png,768,768,0,0.001033674692735076,1099.9531860351562,768.0,1197.9572143554688,776.0110282897949
2391.png,1536,768,1,0.6834498047828674,2237.7702026367188,945.4862365722656,2268.3737182617188,996.9049072265625
2391.png,1536,768,1,0.02637609839439392,2128.0899658203125,958.7044677734375,2172.3328857421875,978.5208435058594
2391.png,1536,768,1,0.025245359167456627,2296.2763671875,1582.1873168945312,2352.266845703125,1600.4603881835938
2391.png,1536,768,1,0.01860516518354416,2436.1782836914062,768.1204490661621,2454.4657592773438,792.0048561096191
2391.png,1536,768,0,0.0052100177854299545,2439.95068359375,768.3460655212402,2454.6767578125,791.621150970459
2391.png,1536,768,0,0.004736083559691906,1536.0,768.0,1565.5356941223145,778.7465944290161
2391.png,1536,768,0,0.00382045260630548,1542.2816772460938,791.4137573242188,1572.1705856323242,806.8310737609863
2391.png,1536,768,1,0.0014255137648433447,2310.671630859375,1581.7244262695312,2351.6341552734375,1603.2792358398438
2391.png,1536,768,1,0.001341966213658452,1714.2745361328125,1667.3172607421875,1792.1255493164062,1690.8907470703125
2391.png,1536,768,1,0.001137248007580638,2410.6053466796875,768.0,2448.69189453125,790.3545303344727
2391.png,1536,768,4,0.001092134858481586,1536.0,768.0,1565.2266998291016,777.4421272277832
2391.png,2304,768,1,0.30915364623069763,2806.8914794921875,1151.150634765625,2867.822509765625,1162.6656494140625
2391.png,2304,768,1,0.03697008267045021,2806.8660888671875,1139.9259033203125,2870.463134765625,1161.107421875
2391.png,2304,768,1,0.014259705320000648,2806.2357788085938,1152.6109619140625,2868.9042358398438,1165.935791015625
2391.png,2304,768,0,0.01285812258720398,2304.1892471313477,1582.7677001953125,2349.693374633789,1598.950439453125
2391.png,2304,768,1,0.005733874626457691,2304.0286016464233,1756.413818359375,2318.4603986740112,1792.0
2391.png,2304,768,3,0.005500700790435076,2657.1992797851562,768.1270713806152,2693.4378051757812,775.4491481781006
2391.png,2304,768,1,0.005283451173454523,2304.0,1764.8802490234375,2333.032953262329,1792.0
2391.png,2304,768,1,0.003943508956581354,3296.7289428710938,769.1160135269165,3325.0619506835938,778.471435546875
2391.png,2304,768,0,0.0028459366876631975,2304.220332145691,1457.5390625,2311.5210275650024,1476.11669921875
2391.png,2304,768,1,0.0025186650454998016,2425.8480224609375,768.0191993713379,2453.6493225097656,790.7588233947754
2391.png,2304,768,0,0.0018126682844012976,3308.0994873046875,798.5475025177002,3327.9508056640625,810.9986419677734
2391.png,2304,768,0,0.0017428509891033173,2655.636505126953,768.2229890823364,2691.802703857422,777.0862445831299
2391.png,2304,768,3,0.0015961575554683805,2669.8623657226562,768.0609211921692,2697.5745849609375,774.0448398590088
2391.png,2304,768,1,0.001568630919791758,2710.7274780273438,1780.5213623046875,2735.5512084960938,1791.8431396484375
2391.png,2304,768,0,0.0013387881917878985,2440.711135864258,768.3858165740967,2454.761734008789,790.6219692230225
2391.png,2304,768,0,0.0012319354573264718,2304.0891451835632,1343.095947265625,2308.8665285110474,1358.024658203125
2391.png,2304,768,1,0.0011447933502495289,2308.0322265625,1768.3465576171875,2351.499786376953,1791.6463623046875
2391.png,2304,768,2,0.0011347876861691475,3086.9500732421875,1787.110595703125,3111.8311767578125,1792.0
2391.png,3072,768,1,0.20591257512569427,3988.6278076171875,1580.887939453125,3999.70947265625,1608.115478515625
2391.png,3072,768,0,0.1330118030309677,3989.9019775390625,768.0,4020.3555908203125,776.320366859436
2391.png,3072,768,1,0.03376392275094986,3968.32470703125,1542.927978515625,3989.8936767578125,1569.03076171875
2391.png,3072,768,1,0.011984128504991531,4083.6171264648438,1566.9765625,4095.1199340820312,1584.015625
2391.png,3072,768,1,0.009839440695941448,4089.604736328125,1147.534912109375,4096.0,1200.1876831054688
2391.png,3072,768,1,0.006797415670007467,4088.84619140625,836.6981964111328,4096.0,860.5229644775391
2391.png,3072,768,0,0.006148631684482098,3346.6443481445312,768.1347560882568,3381.2301635742188,775.2039594650269
2391.png,3072,768,0,0.004486978519707918,3324.8488159179688,768.3440341949463,3354.4304809570312,776.0963001251221
2391.png,3072,768,1,0.003235294483602047,4090.1949462890625,1700.8231201171875,4095.9666748046875,1715.1036376953125
2391.png,3072,768,1,0.0031829101499170065,4090.507568359375,1681.5196533203125,4096.0,1712.0301513671875
2391.png,3072,768,1,0.003176953410729766,4087.442626953125,841.7308044433594,4096.0,866.9408721923828
2391.png,3072,768,1,0.0031026704236865044,4086.0496826171875,1147.8617553710938,4096.0,1198.1061401367188
2391.png,3072,768,1,0.0029136657249182463,4086.38818359375,850.0649642944336,4095.96337890625,869.7868423461914
2391.png,3072,768,1,0.002647620625793934,3967.3755493164062,807.4413528442383,4012.9435424804688,822.3639602661133
2391.png,3072,768,1,0.0026068997103720903,4081.7977294921875,1567.020263671875,4094.726318359375,1580.87109375
2391.png,3072,768,1,0.002431123284623027,4088.5054931640625,1569.462890625,4095.9739990234375,1602.8245849609375
2391.png,3072,768,1,0.002347657922655344,4090.4029541015625,1673.193115234375,4096.0,1708.2490234375
2391.png,3072,768,1,0.0020823762752115726,4001.0904541015625,768.1136441230774,4034.6180419921875,773.776201248169
2391.png,3072,768,1,0.001796005410142243,4091.0177001953125,791.8257331848145,4096.0,812.6268501281738
2391.png,3072,768,1,0.0017418424831703305,3072.089889526367,768.2706379890442,3114.999610900879,775.4857468605042
2391.png,3072,768,1,0.0016126144910231233,4090.3232421875,1702.4346313476562,4096.0,1727.2056274414062
2391.png,3072,768,1,0.0015640015481039882,4083.6845703125,852.1452331542969,4096.0,870.0057067871094
2391.png,3072,768,1,0.0014606320764869452,3150.9878845214844,840.7981109619141,3165.508514404297,865.2560272216797
2391.png,3072,768,1,0.0014430651208385825,3988.0779418945312,768.0,4019.5053100585938,780.0458173751831
2391.png,3072,768,2,0.0014348850818350911,3072.0,1766.508056640625,3083.5087900161743,1789.275390625
2391.png,3072,768,1,0.0013173468178138137,4090.5648193359375,768.1950235366821,4096.0,773.9100227355957
2391.png,3072,768,1,0.0013049354311078787,4090.51171875,826.1887054443359,4096.0,855.1566619873047
2391.png,3072,768,1,0.0012850721832364798,4087.3634033203125,1673.8101196289062,4096.0,1707.6616821289062
2391.png,3072,768,0,0.0012505768099799752,3294.8868103027344,769.5266742706299,3324.659149169922,780.366756439209
2391.png,3072,768,3,0.001188606140203774,3994.673095703125,768.0576286315918,4022.5068359375,780.1145715713501
2391.png,3072,768,2,0.0011044740676879883,3072.0,1764.918701171875,3078.504574775696,1789.9541015625
2391.png,3072,768,1,0.0010875733569264412,4065.00244140625,863.9643325805664,4079.5809326171875,891.0450057983398
2391.png,3072,768,2,0.0010526538826525211,3078.9654426574707,1787.152587890625,3105.5082359313965,1792.0
2391.png,3072,768,1,0.0010506785474717617,4090.668701171875,1705.1968994140625,4096.0,1735.7105712890625
2391.png,3072,768,1,0.0010066954419016838,4079.8779296875,1147.29150390625,4096.0,1198.9033203125
2391.png,3840,768,0,0.7888641953468323,4435.225341796875,1195.0233154296875,4460.0670166015625,1227.2218017578125
2391.png,3840,768,0,0.6914238929748535,4433.3258056640625,1120.525634765625,4456.1395263671875,1158.2588500976562
2391.png,3840,768,0,0.5613198280334473,4430.455810546875,1050.9109497070312,4450.323486328125,1079.6798706054688
2391.png,3840,768,1,0.4654797613620758,3987.6069946289062,1580.6634521484375,4000.5679931640625,1608.093505859375
2391.png,3840,768,0,0.35941487550735474,4589.481689453125,1282.4666137695312,4630.9345703125,1300.0790405273438
2391.png,3840,768,0,0.29817354679107666,4432.9984130859375,1085.1962280273438,4453.88232421875,1119.0435180664062
2391.png,3840,768,1,0.23059949278831482,4094.4012451171875,1581.7363891601562,4107.069885253906,1606.8659057617188
2391.png,3840,768,0,0.0818837359547615,4424.436950683594,972.6337280273438,4445.223693847656,1005.910888671875
2391.png,3840,768,0,0.06562892347574234,4841.8863525390625,1283.2349853515625,4857.0511474609375,1312.5863037109375
2391.png,3840,768,0,0.04757719486951828,4426.66650390625,1014.8164215087891,4445.405517578125,1043.4493408203125
2391.png,3840,768,1,0.04060670733451843,3968.27880859375,1543.1546630859375,3990.3696899414062,1568.374267578125
2391.png,3840,768,0,0.028231844305992126,4824.181823730469,1281.2078857421875,4841.604064941406,1311.3729248046875
2391.png,3840,768,0,0.017260806635022163,3987.440872192383,768.0,4021.2975006103516,776.770941734314
2391.png,3840,768,0,0.016899948939681053,4443.6370849609375,1308.9271240234375,4461.27001953125,1340.1021728515625
2391.png,3840,768,0,0.013875491917133331,4434.496398925781,1160.2388916015625,4453.551574707031,1192.8974609375
2391.png,3840,768,0,0.006117928773164749,4603.22705078125,1282.6874389648438,4631.7218017578125,1299.0619506835938
2391.png,3840,768,1,0.005098330322653055,3968.4256286621094,807.5010261535645,4012.8179626464844,821.997257232666
2391.png,3840,768,0,0.004830093123018742,4472.899658203125,1591.7462158203125,4490.6236572265625,1628.5169677734375
2391.png,3840,768,0,0.003236249089241028,4580.1591796875,969.9349060058594,4615.2919921875,984.9683532714844
2391.png,3840,768,0,0.0027715994510799646,4635.614807128906,928.6671752929688,4659.280700683594,964.1416625976562
2391.png,3840,768,0,0.0024173555430024862,4588.4039306640625,1450.0645751953125,4605.425048828125,1481.5606689453125
2391.png,3840,768,0,0.002009378047659993,4420.981018066406,1051.6834106445312,4443.595275878906,1083.2902221679688
2391.png,3840,768,1,0.0018435847014188766,4185.817352294922,797.2935943603516,4196.875762939453,821.3434448242188
2391.png,3840,768,1,0.0018330876482650638,3987.4297485351562,768.0,4020.0802001953125,780.05686378479
2391.png,3840,768,0,0.0014895075000822544,4533.2862548828125,768.3620834350586,4584.0164794921875,784.2483558654785
2391.png,3840,768,0,0.0013363341568037868,4353.3955078125,1061.9451904296875,4373.06298828125,1096.3077392578125
2391.png,3840,768,1,0.0011948848841711879,4587.665222167969,1449.5367431640625,4605.342468261719,1486.2396240234375
2391.png,3840,768,0,0.0011163129238411784,4529.1097412109375,768.1751470565796,4576.1815185546875,781.7597332000732
2391.png,4608,768,1,0.6044896245002747,4930.658996582031,1762.7554321289062,4973.446594238281,1782.7725219726562
2391.png,4608,768,0,0.0507986806333065,4608.106977462769,1282.78076171875,4628.80025100708,1300.736083984375
2391.png,4608,768,1,0.02849740721285343,4931.0001220703125,1771.4724731445312,4975.7152099609375,1790.6001586914062
2391.png,4608,768,0,0.016365010291337967,4931.120788574219,1762.313720703125,4973.340881347656,1784.02880859375
2391.png,4608,768,0,0.01497134193778038,4882.950439453125,1738.3535766601562,4903.80078125,1771.7225952148438
2391.png,4608,768,1,0.008721989579498768,4608.10650062561,1282.6015014648438,4628.242267608643,1302.3919067382812
2391.png,4608,768,0,0.008096812292933464,4873.177764892578,1626.542724609375,4892.401031494141,1659.790771484375
2391.png,4608,768,0,0.006746720988303423,4608.261451721191,1355.7408447265625,4635.87593460083,1373.8226318359375
2391.png,4608,768,1,0.004697426687926054,4608.338283538818,1355.437744140625,4635.049533843994,1372.903076171875
2391.png,4608,768,1,0.0034326857421547174,5016.408386230469,1784.667236328125,5072.978576660156,1792.0
2391.png,4608,768,0,0.0032813965808600187,4608.094973564148,1124.2951049804688,4618.11408996582,1166.9496459960938
2391.png,4608,768,1,0.0029826911631971598,4608.030750274658,1282.4676513671875,4627.511585235596,1310.2269287109375
2391.png,4608,768,0,0.0027619923930615187,4630.845678329468,1448.04638671875,4651.037498474121,1477.340087890625
2391.png,4608,768,1,0.0023566093295812607,4608.389741897583,1341.5441284179688,4634.064889907837,1355.5166625976562
2391.png,4608,768,0,0.001723615569062531,4608.061511993408,1121.5624084472656,4617.904458999634,1147.0882263183594
2391.png,4608,768,1,0.0016854495042935014,5482.086181640625,1065.737548828125,5521.855712890625,1097.4578247070312
2391.png,4608,768,1,0.0012157000601291656,5141.974182128906,1750.9464721679688,5164.057922363281,1781.1410522460938
2391.png,4608,768,1,0.0011020125821232796,4897.086608886719,1786.6171875,4925.146545410156,1792.0
2391.png,4608,768,0,0.0010761588346213102,4608.0,1122.7135009765625,4620.323844909668,1160.667724609375
2391.png,4608,768,1,0.001000822870992124,4853.423034667969,768.3907742500305,4871.242858886719,784.1954498291016
2391.png,5376,768,1,0.2990536093711853,6173.3529052734375,1773.2664794921875,6196.9471435546875,1791.8580322265625
2391.png,5376,768,1,0.04527938365936279,6265.567626953125,1315.4581298828125,6286.568359375,1331.47900390625
2391.png,5376,768,0,0.013747031800448895,5702.185485839844,1380.516845703125,5719.987854003906,1414.926513671875
2391.png,5376,768,1,0.005653847008943558,6176.3087158203125,1346.4482421875,6191.2540283203125,1358.262939453125
2391.png,5376,768,1,0.001106897136196494,6266.981689453125,1316.8568115234375,6286.612060546875,1337.4984130859375
2391.png,6048,768,1,0.2616381049156189,6173.164016723633,1773.287841796875,6197.278457641602,1791.862060546875
2391.png,6048,768,1,0.012022734619677067,6266.043640136719,1315.2161254882812,6286.4420166015625,1331.7396850585938
2391.png,6048,768,1,0.00801334623247385,6176.307815551758,1346.36962890625,6191.351211547852,1358.66357421875
2391.png,6048,768,2,0.0034026270732283592,7050.1453857421875,1477.534423828125,7072.0,1532.9583740234375
2391.png,6048,768,0,0.0017685653874650598,7058.607421875,924.7612609863281,7072.0,981.9229125976562
2391.png,6048,768,1,0.0014997748658061028,6175.2340087890625,1775.250732421875,6203.926605224609,1792.0
2391.png,6048,768,0,0.0011546561727300286,7060.6339111328125,926.3810424804688,7072.0,971.9696960449219
2391.png,6048,768,0,0.001038815127685666,7062.5419921875,935.0304870605469,7072.0,996.0827941894531
2391.png,0,1536,4,0.24767349660396576,934.6187744140625,2273.8004150390625,955.749755859375,2316.2606201171875
2391.png,0,1536,1,0.0011176110710948706,860.8955078125,2355.283203125,911.26611328125,2375.998779296875
2391.png,768,1536,4,0.3455302119255066,934.7313842773438,2273.8836059570312,955.59765625,2315.9595336914062
2391.png,768,1536,0,0.0069338069297373295,1605.7362060546875,1536.1200160980225,1638.9168701171875,1544.1422233581543
2391.png,1536,1536,1,0.07257428765296936,2298.6487426757812,1582.7640228271484,2351.6914672851562,1599.3010330200195
2391.png,1536,1536,4,0.011859511956572533,1962.13525390625,2465.9052734375,1992.8031005859375,2537.3974609375
2391.png,1536,1536,4,0.010619955137372017,1935.6897277832031,2468.6741943359375,1990.1282043457031,2541.2552490234375
2391.png,1536,1536,0,0.006343957502394915,1605.7876586914062,1536.1227478981018,1638.1260070800781,1543.5687985420227
2391.png,1536,1536,0,0.003482063766568899,2226.871337890625,1536.2079439163208,2276.187744140625,1545.5416831970215
2391.png,1536,1536,0,0.0020688814111053944,2227.1255493164062,1536.1760544776917,2286.8999633789062,1543.8147501945496
2391.png,1536,1536,4,0.002045400906354189,1933.7951049804688,2470.8333129882812,1968.0763549804688,2539.4382934570312
2391.png,1536,1536,1,0.001667512464337051,2315.6332397460938,1582.7317199707031,2351.2280883789062,1605.7571868896484
2391.png,1536,1536,0,0.0010612336918711662,2222.0458984375,1536.2268724441528,2239.08642578125,1546.6149082183838
2391.png,2304,1536,2,0.5494175553321838,3206.4678955078125,1844.2857360839844,3239.5302734375,1911.5884704589844
2391.png,2304,1536,0,0.014360533095896244,3170.369140625,1952.3839721679688,3204.416259765625,1967.4805297851562
2391.png,2304,1536,0,0.00553794763982296,2304.219341278076,1582.53657913208,2349.9651489257812,1598.9979362487793
2391.png,2304,1536,3,0.00471236277371645,3171.1719970703125,1952.2646789550781,3208.8480224609375,1967.0855407714844
2391.png,2304,1536,3,0.0030213613063097,3167.3995361328125,1853.2208862304688,3184.6925048828125,1865.6869506835938
2391.png,2304,1536,0,0.00231771357357502,3073.1067504882812,1536.1365928649902,3088.4624633789062,1544.253475189209
2391.png,2304,1536,3,0.002072557806968689,3166.3961181640625,1850.8095397949219,3183.2275390625,1860.4727478027344
2391.png,2304,1536,0,0.0019540463108569384,3317.2816162109375,2462.3602294921875,3327.924560546875,2478.9691162109375
2391.png,2304,1536,1,0.0018088906072080135,3069.7300415039062,1536.1317358016968,3088.5527954101562,1544.1934127807617
2391.png,2304,1536,0,0.0014478520024567842,3317.7967529296875,2455.7686157226562,3328.0,2475.4535522460938
2391.png,2304,1536,1,0.0014202495804056525,3072.1405029296875,1536.0,3089.3280029296875,1548.6955423355103
2391.png,2304,1536,0,0.0010725867468863726,3057.8272705078125,2247.7797241210938,3091.1844482421875,2261.0579223632812
2391.png,3072,1536,2,0.3490883708000183,3206.2822875976562,1843.2667236328125,3239.7787475585938,1912.437744140625
2391.png,3072,1536,1,0.01862764172255993,3989.6172485351562,1581.3711853027344,3998.4703979492188,1608.3433380126953
2391.png,3072,1536,1,0.018145395442843437,4077.3959350585938,2548.625732421875,4088.5772094726562,2560.0
2391.png,3072,1536,0,0.012745416723191738,3170.4307250976562,1952.5932312011719,3204.388885498047,1967.2030944824219
2391.png,3072,1536,0,0.011988572776317596,3565.7476806640625,2450.9487915039062,3580.1660766601562,2478.2909545898438
2391.png,3072,1536,1,0.011551928706467152,4082.950439453125,1567.1148147583008,4095.122802734375,1584.1981735229492
2391.png,3072,1536,1,0.010851805098354816,4080.6542358398438,1536.9806594848633,4095.1393432617188,1548.071081161499
2391.png,3072,1536,1,0.01075100339949131,4073.6134033203125,2549.8394775390625,4088.2210693359375,2560.0
2391.png,3072,1536,0,0.009924819692969322,4086.602294921875,2278.3028564453125,4096.0,2303.5279541015625
2391.png,3072,1536,0,0.009250324219465256,4087.0174560546875,2288.7694091796875,4096.0,2313.0460205078125
2391.png,3072,1536,1,0.008441857062280178,4090.544921875,1680.1424255371094,4096.0,1712.2411804199219
2391.png,3072,1536,1,0.00761179206892848,3072.687400817871,1536.1132984161377,3090.4794483184814,1544.6036005020142
2391.png,3072,1536,1,0.007024283055216074,3627.087890625,2547.4930419921875,3672.765869140625,2560.0
2391.png,3072,1536,1,0.006961481645703316,3072.23872756958,1536.2908039093018,3085.490156173706,1564.2001056671143
2391.png,3072,1536,0,0.0068327379412949085,4087.561279296875,2257.3275756835938,4096.0,2294.8892211914062
2391.png,3072,1536,1,0.006564659532159567,4090.3536376953125,1700.0695190429688,4096.0,1715.9987487792969
2391.png,3072,1536,1,0.006353875622153282,4090.19384765625,2342.433349609375,4096.0,2391.842529296875
2391.png,3072,1536,0,0.00606546550989151,4086.178955078125,2280.6597900390625,4096.0,2309.5308837890625
2391.png,3072,1536,3,0.005250083282589912,3171.5404357910156,1952.4529724121094,3208.7528686523438,1966.7428283691406
2391.png,3072,1536,0,0.00465617049485445,4087.365234375,2291.275634765625,4096.0,2320.5986328125
2391.png,3072,1536,0,0.004375031683593988,3570.6345825195312,2482.1246337890625,3584.5630493164062,2513.6890869140625
2391.png,3072,1536,0,0.004352768417447805,4086.23583984375,2275.248779296875,4096.0,2297.68212890625
2391.png,3072,1536,0,0.004283621441572905,4090.4464111328125,2331.1298828125,4096.0,2367.74267578125
2391.png,3072,1536,0,0.00396259780973196,4090.12939453125,2323.289306640625,4095.987548828125,2358.3360595703125
2391.png,3072,1536,1,0.0036550783552229404,4090.4373779296875,1702.0966339111328,4096.0,1728.291244506836
2391.png,3072,1536,0,0.0034519811160862446,3553.7348022460938,2480.4710693359375,3567.6710815429688,2512.5279541015625
2391.png,3072,1536,1,0.003258298384025693,4087.3199462890625,2347.2459716796875,4096.0,2394.0611572265625
2391.png,3072,1536,0,0.003130255499854684,4088.6344604492188,2294.1307983398438,4095.9979858398438,2331.5127563476562
2391.png,3072,1536,1,0.003027957398444414,4087.4578857421875,1673.7201232910156,4096.0,1707.7413024902344
2391.png,3072,1536,3,0.0029514676425606012,3167.8950119018555,1852.989013671875,3183.595832824707,1865.5313110351562
2391.png,3072,1536,0,0.0029125078581273556,4090.45703125,2338.8536987304688,4096.0,2378.0139770507812
2391.png,3072,1536,1,0.0029064486734569073,3074.50724029541,1536.0,3101.8841285705566,1543.6022262573242
2391.png,3072,1536,1,0.0028732246719300747,3619.7928466796875,2548.883544921875,3665.73681640625,2560.0
2391.png,3072,1536,1,0.0027648492250591516,4081.6219482421875,1537.425521850586,4095.4490966796875,1563.3637313842773
2391.png,3072,1536,0,0.002750048413872719,4089.2369384765625,2318.4949951171875,4095.935791015625,2352.3861083984375
2391.png,3072,1536,1,0.002710297703742981,3871.8396606445312,2262.3825073242188,3889.8457641601562,2298.4024047851562
2391.png,3072,1536,1,0.002645087195560336,4090.645263671875,2353.9183959960938,4096.0,2397.3475952148438
2391.png,3072,1536,0,0.002543253358453512,4083.6734619140625,2286.883056640625,4096.0,2311.951904296875
2391.png,3072,1536,0,0.0023733952548354864,4088.936279296875,2312.51513671875,4096.0,2338.671630859375
2391.png,3072,1536,1,0.002247133757919073,4090.6492919921875,1704.1485290527344,4096.0,1736.6096496582031
2391.png,3072,1536,1,0.0022448257077485323,3073.693197250366,1549.6306982040405,3083.3327836990356,1573.0400848388672
2391.png,3072,1536,1,0.002244766103103757,4087.0198974609375,2543.5906982421875,4095.7137451171875,2560.0
2391.png,3072,1536,1,0.002187484409660101,4087.792724609375,1569.2065124511719,4095.91845703125,1602.557502746582
2391.png,3072,1536,1,0.0021672083530575037,4087.5528564453125,2339.7626953125,4096.0,2383.812744140625
2391.png,3072,1536,0,0.001991474535316229,4090.5552978515625,2378.0867919921875,4095.9844970703125,2407.5323486328125
2391.png,3072,1536,1,0.001976335421204567,4084.7587890625,2232.6055908203125,4095.9384765625,2250.1483154296875
2391.png,3072,1536,0,0.001972401514649391,4087.3489990234375,2316.1524658203125,4096.0,2347.6326904296875
2391.png,3072,1536,1,0.001958246808499098,4087.5274658203125,1690.2591552734375,4096.0,1716.7251586914062
2391.png,3072,1536,1,0.0018865662859752774,3962.0361328125,1536.2779779434204,3987.603759765625,1548.81103515625
2391.png,3072,1536,1,0.001876402529887855,4017.6126708984375,2553.28759765625,4061.7633056640625,2560.0
2391.png,3072,1536,1,0.0018465319881215692,3072.7804851531982,1536.0,3091.9102115631104,1553.6293563842773
2391.png,3072,1536,1,0.001787378336302936,4084.22998046875,1550.2285842895508,4095.691650390625,1578.8360900878906
2391.png,3072,1536,3,0.0017551355995237827,3167.043243408203,1850.8518676757812,3183.1353912353516,1860.7940063476562
2391.png,3072,1536,1,0.0015976447612047195,3558.232666015625,2549.0494384765625,3585.4151611328125,2560.0
2391.png,3072,1536,1,0.001584129291586578,4082.4271240234375,2337.6337890625,4095.8104248046875,2385.081787109375
2391.png,3072,1536,0,0.0015543048502877355,4056.4921875,2129.2590942382812,4085.719970703125,2143.2593383789062
2391.png,3072,1536,1,0.001472132746130228,4090.441162109375,1672.353271484375,4096.0,1702.2432861328125
2391.png,3072,1536,1,0.0014663480687886477,3966.420166015625,1537.055890083313,3991.1337890625,1546.3834762573242
2391.png,3072,1536,1,0.001433505560271442,3326.2210235595703,1986.0567626953125,3349.2725219726562,2067.3305053710938
2391.png,3072,1536,1,0.0013494850136339664,3076.2133865356445,1553.3303527832031,3090.249771118164,1575.1194152832031
2391.png,3072,1536,1,0.0012825301382690668,4081.6771240234375,2549.5360107421875,4095.6441650390625,2560.0
2391.png,3072,1536,0,0.0012522771721705794,4087.5640869140625,2327.3297119140625,4096.0,2370.6845703125
2391.png,3072,1536,1,0.0011969746556133032,4090.8226318359375,2384.2755126953125,4096.0,2413.9600830078125
2391.png,3072,1536,1,0.0011801618384197354,4023.3583984375,2175.7320556640625,4096.0,2201.410400390625
2391.png,3072,1536,0,0.0011730906553566456,4088.15673828125,2247.854248046875,4096.0,2289.25341796875
2391.png,3072,1536,1,0.0011589928762987256,4083.19677734375,2257.543212890625,4096.0,2295.1436767578125
2391.png,3072,1536,1,0.0011208576615899801,3985.9546508789062,2555.1240234375,4012.2627563476562,2560.0
2391.png,3072,1536,1,0.0010964109096676111,4085.677490234375,2246.5541381835938,4096.0,2281.0921020507812
2391.png,3072,1536,1,0.0010365156922489405,4069.3296508789062,2551.03955078125,4086.0796508789062,2560.0
2391.png,3840,1536,1,0.11671633273363113,4094.5743713378906,1581.447364807129,4106.651092529297,1606.526222229004
2391.png,3840,1536,1,0.09892217814922333,3840.0,2003.6410522460938,3848.9038038253784,2034.9428100585938
2391.png,3840,1536,1,0.023592395707964897,3989.3849487304688,1581.4839096069336,3999.014892578125,1608.3153533935547
2391.png,3840,1536,1,0.018868573009967804,4077.835983276367,2548.629638671875,4088.1254119873047,2560.0
2391.png,3840,1536,1,0.008796066977083683,3840.0,2003.5781860351562,3852.1627712249756,2036.7598266601562
2391.png,3840,1536,1,0.0072433375753462315,4074.5066528320312,2549.5703125,4087.9470825195312,2560.0
2391.png,3840,1536,1,0.006050093565136194,3871.562488555908,2262.510498046875,3889.639621734619,2298.0283203125
2391.png,3840,1536,0,0.0060404520481824875,4298.072265625,1536.3882675170898,4332.4862060546875,1566.8372383117676
2391.png,3840,1536,1,0.005725589115172625,3840.056303024292,1996.19287109375,3846.855701446533,2034.5432739257812
2391.png,3840,1536,1,0.003281034529209137,3840.3336086273193,2541.1009521484375,3849.1991596221924,2559.9993896484375
2391.png,3840,1536,1,0.002663934836164117,4079.526641845703,2550.2353515625,4103.153167724609,2560.0
2391.png,3840,1536,1,0.0024286960251629353,4187.600738525391,2548.274658203125,4200.463958740234,2560.0
2391.png,3840,1536,1,0.0021608490496873856,4095.5817260742188,2551.9052734375,4122.5980224609375,2560.0
2391.png,3840,1536,1,0.0020258123986423016,3844.861005783081,2546.67236328125,3863.449188232422,2560.0
2391.png,3840,1536,1,0.0020010017324239016,3851.4745473861694,2261.54052734375,3873.8555221557617,2304.0872802734375
2391.png,3840,1536,0,0.0016503329388797283,4859.177978515625,2479.90771484375,4864.0,2500.800048828125
2391.png,3840,1536,1,0.0016030510887503624,3961.4712677001953,1536.250916481018,3987.790786743164,1548.8860034942627
2391.png,3840,1536,1,0.0014549444895237684,3840.259199142456,2545.8504638671875,3851.259183883667,2560.0
2391.png,3840,1536,0,0.0013621801044791937,3840.0036306381226,1823.8007202148438,3845.5738277435303,1846.2313842773438
2391.png,3840,1536,0,0.0013475746382027864,4283.795593261719,1536.18825340271,4325.495910644531,1555.3283519744873
2391.png,3840,1536,1,0.0012953830882906914,4100.501281738281,2552.0235595703125,4133.897766113281,2560.0
2391.png,3840,1536,1,0.0012737364741042256,4776.365234375,1567.158145904541,4817.7467041015625,1582.3265800476074
2391.png,3840,1536,1,0.0012263363460078835,3936.3419189453125,2438.9158935546875,3951.0420989990234,2465.0697021484375
2391.png,3840,1536,1,0.0011875185882672668,3964.616630554199,1537.0273942947388,3991.221435546875,1546.9693746566772
2391.png,3840,1536,1,0.00117655866779387,3840.1924571990967,2531.2320556640625,3848.769495010376,2558.5242919921875
2391.png,3840,1536,1,0.001167344395071268,4016.6109924316406,2553.470458984375,4061.4136657714844,2560.0
2391.png,3840,1536,1,0.0011280108010396361,3985.853759765625,2555.115234375,4012.7227172851562,2560.0
2391.png,3840,1536,0,0.0010809395462274551,4473.53515625,1591.4231719970703,4490.025390625,1628.65771484375
2391.png,3840,1536,0,0.0010522868251428008,4303.2078857421875,1536.3193683624268,4346.519958496094,1564.9585208892822
2391.png,3840,1536,1,0.001044087577611208,4182.4298095703125,2548.656005859375,4200.329162597656,2560.0
2391.png,4608,1536,1,0.1801815927028656,4930.790863037109,1762.4821014404297,4972.823883056641,1783.7721099853516
2391.png,4608,1536,0,0.012465792708098888,4931.667236328125,1761.7776184082031,4972.15283203125,1783.9624938964844
2391.png,4608,1536,0,0.006300273351371288,4882.345458984375,1737.1282958984375,4904.5601806640625,1773.5174865722656
2391.png,4608,1536,2,0.0016858379822224379,5623.116455078125,2288.9613647460938,5632.0,2336.5925903320312
2391.png,4608,1536,1,0.001285196514800191,5619.1136474609375,2307.50341796875,5632.0,2348.6273193359375
2391.png,4608,1536,0,0.0011341371573507786,5610.9849853515625,2525.06396484375,5631.684326171875,2547.5673828125
2391.png,4608,1536,1,0.0010988001013174653,4608.029708862305,1807.4864196777344,4623.260402679443,1855.5450134277344
2391.png,4608,1536,2,0.0010612265905365348,5617.5745849609375,2289.675048828125,5632.0,2338.6962890625
2391.png,5376,1536,1,0.0121515654027462,5663.515777587891,1536.1341247558594,5709.741058349609,1568.0395889282227
2391.png,5376,1536,0,0.0019005745416507125,5655.076995849609,1760.3730773925781,5675.032745361328,1786.1604919433594
2391.png,5376,1536,1,0.0018029948696494102,5450.469543457031,2312.9321899414062,5477.1431884765625,2328.4343872070312
2391.png,5376,1536,1,0.001116596395149827,5640.705078125,1536.2666110992432,5706.8780517578125,1566.5625095367432
2391.png,5376,1536,1,0.001044087577611208,6394.9527587890625,2501.8538818359375,6400.0,2515.30126953125
2391.png,6048,1536,1,0.0010880205081775784,6163.282455444336,1536.0,6178.575942993164,1543.5791034698486
2391.png,6048,1536,0,0.0010130236623808742,6829.04443359375,2553.692626953125,6865.79248046875,2560.0
2391.png,0,2304,4,0.007069527171552181,960.3944091796875,2304.3661403656006,987.3291015625,2312.900203704834
2391.png,0,2304,1,0.0050657675601542,9.194656372070312,2731.799072265625,31.32266616821289,2753.88134765625
2391.png,0,2304,1,0.0030619828030467033,928.7520751953125,2304.4390296936035,955.3192138671875,2313.44633102417
2391.png,0,2304,1,0.0023141230922192335,934.235595703125,2304.2588357925415,961.021728515625,2313.7569999694824
2391.png,0,2304,4,0.0020651291124522686,934.0650634765625,2304.0,958.7681884765625,2313.8615016937256
2391.png,768,2304,1,0.004431542940437794,933.4676361083984,2304.2554903030396,957.5344390869141,2313.5702018737793
2391.png,768,2304,4,0.0034795531537383795,960.6779327392578,2304.3785362243652,986.5040130615234,2312.490228652954
2391.png,768,2304,4,0.002663506893441081,934.5249633789062,2304.0,958.0279541015625,2313.594343185425
2391.png,768,2304,4,0.002194356871768832,768.0745606422424,3293.0213623046875,774.4610900878906,3327.5135498046875
2391.png,768,2304,4,0.001678231987170875,768.2470378875732,3296.7247314453125,776.967414855957,3328.0
2391.png,768,2304,1,0.0016517821932211518,1078.3576049804688,3322.5615234375,1121.8432006835938,3328.0
2391.png,768,2304,4,0.0014541583368554711,787.9544372558594,3313.511962890625,817.1736450195312,3327.599365234375
2391.png,1536,2304,4,0.02454325184226036,2549.8131103515625,3308.427734375,2560.0,3326.5504150390625
2391.png,1536,2304,4,0.010204863734543324,1960.2685852050781,2461.4175720214844,1993.7880554199219,2542.404510498047
2391.png,1536,2304,4,0.007769234944134951,1937.7897338867188,2468.4549865722656,1990.5609741210938,2541.6432189941406
2391.png,1536,2304,1,0.00531924469396472,1961.6386108398438,2464.9021911621094,1993.6703491210938,2538.0243225097656
2391.png,1536,2304,1,0.003260670229792595,1808.6524047851562,3312.419921875,1871.3385620117188,3327.9456787109375
2391.png,1536,2304,4,0.0032604513689875603,2472.992919921875,3299.1666259765625,2494.716552734375,3327.9366455078125
2391.png,1536,2304,4,0.0031529853586107492,2546.13818359375,3312.3834228515625,2560.0,3327.1878662109375
2391.png,1536,2304,1,0.00295191234908998,1536.0,3068.6357421875,1555.9298057556152,3115.21142578125
2391.png,1536,2304,0,0.0028734321240335703,2336.35888671875,2872.3482055664062,2390.936767578125,2903.0139770507812
2391.png,1536,2304,1,0.002807757118716836,1807.0582885742188,3319.087890625,1872.4046020507812,3328.0
2391.png,1536,2304,1,0.001787629327736795,2210.9442749023438,2947.83056640625,2246.7365112304688,2964.0068359375
2391.png,1536,2304,1,0.001298866351135075,1810.6943359375,3300.0164794921875,1869.6302490234375,3313.3983154296875
2391.png,1536,2304,4,0.0012232705485075712,1536.4333715438843,2411.317512512207,1548.8278818130493,2472.1882934570312
2391.png,1536,2304,3,0.0011941498378291726,1536.20090675354,3068.5072021484375,1558.16969871521,3087.6419677734375
2391.png,2304,2304,0,0.7942200899124146,2616.9542236328125,2862.857177734375,2638.6802978515625,2900.15869140625
2391.png,2304,2304,0,0.014330820180475712,2471.6582946777344,3299.178466796875,2494.7276306152344,3328.0
2391.png,2304,2304,2,0.009888232685625553,2615.6832275390625,2304.38773727417,2639.8683471679688,2342.223155975342
2391.png,2304,2304,0,0.007855286821722984,2633.3765258789062,2586.9979248046875,2651.6860961914062,2623.0487060546875
2391.png,2304,2304,0,0.005428091157227755,2374.2406997680664,3320.9676513671875,2390.1689224243164,3328.0
2391.png,2304,2304,4,0.0040600914508104324,2923.5887451171875,2304.4217205047607,2946.7674560546875,2333.33150100708
2391.png,2304,2304,4,0.00270382990129292,2857.4466552734375,2304.3522415161133,2879.6324462890625,2338.0794944763184
2391.png,2304,2304,0,0.002449808409437537,2370.5106048583984,3320.69775390625,2388.430145263672,3328.0
2391.png,2304,2304,0,0.0022878905292600393,2619.5853271484375,2304.0,2639.0499267578125,2342.4720001220703
2391.png,2304,2304,4,0.0017759078182280064,2551.4625854492188,3311.196044921875,2576.3599243164062,3326.72412109375
2391.png,2304,2304,1,0.0013669325271621346,3318.729248046875,2778.1372680664062,3328.0,2805.2654418945312
2391.png,2304,2304,0,0.0010061790235340595,2374.095657348633,3319.782958984375,2393.7200469970703,3328.0
2391.png,3072,2304,1,0.14672206342220306,4085.494140625,2707.7489624023438,4096.0,2734.515380859375
2391.png,3072,2304,1,0.03232508525252342,4061.8720703125,2304.4615955352783,4077.92578125,2324.203914642334
2391.png,3072,2304,1,0.030292805284261703,4088.0413208007812,2706.0917053222656,4095.8375854492188,2733.573455810547
2391.png,3072,2304,1,0.026983747258782387,4088.9652099609375,2718.9896850585938,4096.0,2762.7260131835938
2391.png,3072,2304,1,0.02580827847123146,4085.1732177734375,2676.9404296875,4095.90185546875,2701.73974609375
2391.png,3072,2304,1,0.023420806974172592,4056.17041015625,2304.1116046905518,4077.401123046875,2324.118850708008
2391.png,3072,2304,1,0.01536092720925808,4090.0228271484375,2340.710380554199,4096.0,2395.542655944824
2391.png,3072,2304,1,0.013650182634592056,4089.0445556640625,2740.83837890625,4096.0,2782.1725463867188
2391.png,3072,2304,1,0.013136951252818108,4087.3988037109375,2347.3089752197266,4096.0,2396.634078979492
2391.png,3072,2304,0,0.012499307282269001,4087.257568359375,2317.2786407470703,4096.0,2353.46541595459
2391.png,3072,2304,1,0.01086091436445713,4087.5565185546875,2337.5391235351562,4096.0,2386.647361755371
2391.png,3072,2304,1,0.009685292840003967,4086.6119995117188,2677.0812377929688,4095.8173217773438,2710.5433959960938
2391.png,3072,2304,0,0.00821072980761528,4089.506591796875,2319.507978439331,4095.994384765625,2359.559097290039
2391.png,3072,2304,1,0.00808958150446415,4086.8651123046875,2738.8391723632812,4095.9886474609375,2796.8899536132812
2391.png,3072,2304,1,0.006898798514157534,4080.3212890625,2304.2528381347656,4095.489501953125,2314.0958766937256
2391.png,3072,2304,1,0.006540503818541765,4084.799072265625,2740.4904174804688,4096.0,2788.4523315429688
2391.png,3072,2304,0,0.006336855236440897,4088.5582275390625,2312.2036056518555,4096.0,2339.3510818481445
2391.png,3072,2304,0,0.0060837180353701115,4090.031005859375,2327.1900024414062,4096.0,2369.7906799316406
2391.png,3072,2304,1,0.0059969862923026085,4090.2138671875,2336.073585510254,4096.0,2381.8306884765625
2391.png,3072,2304,1,0.005305308382958174,4086.0108642578125,2574.498046875,4094.0496826171875,2601.331787109375
2391.png,3072,2304,0,0.004308884032070637,4088.80322265625,2305.9548902511597,4095.895263671875,2334.096050262451
2391.png,3072,2304,1,0.003937060013413429,4090.4298095703125,2375.2501373291016,4095.9478759765625,2408.5528106689453
2391.png,3072,2304,1,0.0037874956615269184,4087.339599609375,2554.3943481445312,4096.0,2592.670166015625
2391.png,3072,2304,1,0.0036723169032484293,4085.225341796875,2304.499153137207,4096.0,2327.220703125
2391.png,3072,2304,1,0.003612268017604947,4090.5726318359375,2925.1593017578125,4096.0,2948.9022216796875
2391.png,3072,2304,1,0.003465043380856514,4045.9281616210938,2304.2007789611816,4077.0167846679688,2322.344367980957
2391.png,3072,2304,1,0.003446374088525772,4087.7355346679688,2669.9367065429688,4095.9113159179688,2700.3921508789062
2391.png,3072,2304,1,0.003386902390047908,4080.141845703125,2579.5748901367188,4090.228515625,2602.7586059570312
2391.png,3072,2304,1,0.003317896043881774,4078.4129638671875,2548.305877685547,4089.7880859375,2570.245391845703
2391.png,3072,2304,1,0.003260956611484289,3934.4067993164062,2304.0,3958.6339721679688,2310.024531364441
2391.png,3072,2304,1,0.003116455627605319,4090.1473388671875,2911.1240234375,4096.0,2923.811279296875
2391.png,3072,2304,1,0.003044117707759142,4068.5906982421875,2360.202323913574,4081.9527587890625,2391.1745834350586
2391.png,3072,2304,1,0.002961893565952778,4090.7618408203125,2382.9431915283203,4096.0,2414.518081665039
2391.png,3072,2304,1,0.00294961454346776,3072.248414039612,2982.98583984375,3083.7356243133545,3007.37109375
2391.png,3072,2304,1,0.0028569388668984175,4090.58740234375,2915.3402099609375,4096.0,2930.3765869140625
2391.png,3072,2304,1,0.002839957596734166,4082.527587890625,2335.1503143310547,4095.89306640625,2388.5007553100586
2391.png,3072,2304,1,0.0028388265054672956,3072.3256511688232,2896.975341796875,3078.3006868362427,2919.4285888671875
2391.png,3072,2304,1,0.0027769540902227163,4087.5267333984375,2376.9976501464844,4096.0,2410.452911376953
2391.png,3072,2304,0,0.0027303083334118128,4087.5330810546875,2323.081563949585,4096.0,2367.6906661987305
2391.png,3072,2304,1,0.0025845044292509556,4081.07568359375,2304.5181312561035,4095.97412109375,2332.007667541504
2391.png,3072,2304,1,0.002453572815284133,4083.14013671875,2702.5586547851562,4095.6756591796875,2733.4852905273438
2391.png,3072,2304,0,0.0020934517960995436,4062.2847900390625,2305.215929031372,4077.941162109375,2325.229175567627
2391.png,3072,2304,1,0.002076666569337249,4076.8701782226562,2516.852752685547,4089.1809692382812,2536.8734436035156
2391.png,3072,2304,1,0.0019851792603731155,4083.7056884765625,2316.2702674865723,4096.0,2352.342128753662
2391.png,3072,2304,1,0.0019757053814828396,4070.4287109375,2394.5679779052734,4082.2432861328125,2418.916946411133
2391.png,3072,2304,0,0.0019733309745788574,4087.8995361328125,2304.0565853118896,4096.0,2314.5996503829956
2391.png,3072,2304,1,0.0016482123173773289,4090.722412109375,2390.9039001464844,4096.0,2431.692428588867
2391.png,3072,2304,1,0.001614273525774479,4087.1121826171875,2609.319549560547,4094.4178466796875,2632.5816955566406
2391.png,3072,2304,1,0.0014714013086631894,4087.2164306640625,2391.500045776367,4096.0,2427.0904693603516
2391.png,3072,2304,1,0.0014314987929537892,4089.0440673828125,2934.110595703125,4095.9788818359375,2953.6884765625
2391.png,3072,2304,1,0.0014210267690941691,4089.1055908203125,2437.10009765625,4096.0,2494.5614013671875
2391.png,3072,2304,1,0.001325165037997067,4089.0609741210938,2542.5157470703125,4095.4583129882812,2569.2066650390625
2391.png,3072,2304,1,0.0012734830379486084,4090.9144287109375,2898.2659912109375,4096.0,2920.844970703125
2391.png,3072,2304,0,0.0012514721602201462,4083.2705078125,2308.8394927978516,4096.0,2339.807792663574
2391.png,3072,2304,1,0.0012372778728604317,4080.4378662109375,2714.4127807617188,4095.4212646484375,2763.2664184570312
2391.png,3072,2304,1,0.0011600721627473831,4089.5770263671875,2524.778076171875,4096.0,2560.015869140625
2391.png,3072,2304,1,0.0011274843709543347,4082.1925659179688,2578.8766479492188,4092.5131225585938,2601.8192138671875
2391.png,3072,2304,1,0.0010851724073290825,3147.9627532958984,2798.0452270507812,3169.532684326172,2846.7489624023438
2391.png,3072,2304,1,0.001035997411236167,4084.260986328125,3020.78369140625,4096.0,3053.3660888671875
2391.png,3840,2304,0,0.010025054216384888,4230.299377441406,3280.4627685546875,4239.663146972656,3298.3834228515625
2391.png,3840,2304,0,0.009392168372869492,4087.2054138183594,2708.908935546875,4096.973968505859,2732.2750854492188
2391.png,3840,2304,1,0.008516720496118069,4373.5794677734375,2304.2271308898926,4390.5845947265625,2323.269313812256
2391.png,3840,2304,1,0.006686089560389519,4087.5181274414062,2709.462158203125,4097.450500488281,2732.0135498046875
2391.png,3840,2304,1,0.005796280223876238,4061.885757446289,2304.5146083831787,4078.0445098876953,2323.8668327331543
2391.png,3840,2304,1,0.0049620214849710464,4360.4715576171875,2304.1500186920166,4381.8306884765625,2322.1141986846924
2391.png,3840,2304,1,0.003966548014432192,4182.59521484375,3316.3531494140625,4216.56787109375,3327.7293701171875
2391.png,3840,2304,1,0.003643806790933013,3934.291191101074,2304.0,3958.736885070801,2309.935877799988
2391.png,3840,2304,0,0.0031159413047134876,4858.8870849609375,2480.987335205078,4864.0,2507.4551696777344
2391.png,3840,2304,0,0.00287379021756351,4851.0335693359375,2840.798828125,4864.0,2853.5494384765625
2391.png,3840,2304,1,0.0026905853301286697,4358.416809082031,2304.2458124160767,4377.509338378906,2318.350625038147
2391.png,3840,2304,1,0.002481987467035651,4526.075927734375,2362.631134033203,4586.079833984375,2411.7861328125
2391.png,3840,2304,1,0.0024815199431031942,4379.706726074219,2304.148549079895,4395.961364746094,2311.7921018600464
2391.png,3840,2304,1,0.0021262539085000753,4174.047546386719,2304.2200088500977,4188.764709472656,2320.806121826172
2391.png,3840,2304,0,0.0019739405252039433,4061.9527282714844,2304.53631401062,4077.4932250976562,2323.509557723999
2391.png,3840,2304,1,0.0015077866846695542,4161.039001464844,2304.10546207428,4187.669616699219,2318.461280822754
2391.png,3840,2304,1,0.00136431900318712,4384.8138427734375,2304.0621457099915,4405.7359619140625,2309.403790950775
2391.png,3840,2304,1,0.0012996996520087123,3840.1053190231323,2874.1707763671875,3847.579257965088,2894.2213134765625
2391.png,3840,2304,1,0.0012830665800720453,4044.995330810547,2304.241958618164,4076.7000427246094,2322.219944000244
2391.png,3840,2304,1,0.0012323145056143403,4221.347869873047,2895.4892578125,4265.097259521484,2911.576416015625
2391.png,3840,2304,1,0.001164571032859385,4055.7332305908203,2304.0524559020996,4077.593948364258,2323.9362144470215
2391.png,3840,2304,1,0.001015174319036305,4085.8903198242188,2304.438278198242,4126.8436279296875,2314.529109954834
2391.png,4608,2304,0,0.006501993164420128,5609.1610107421875,3119.9427490234375,5632.0,3146.628662109375
2391.png,4608,2304,0,0.006429205182939768,5289.381286621094,2304.195339202881,5319.509704589844,2316.4931211471558
2391.png,4608,2304,0,0.005785732064396143,5609.437316894531,3295.6309814453125,5631.902648925781,3320.6536865234375
2391.png,4608,2304,0,0.0043784682638943195,5609.6119384765625,3118.335693359375,5631.87158203125,3136.009033203125
2391.png,4608,2304,1,0.004103328101336956,5610.1385498046875,3294.4140625,5632.0,3321.6279296875
2391.png,4608,2304,1,0.0034909688401967287,5616.4542236328125,2307.043212890625,5632.0,2337.398693084717
2391.png,4608,2304,0,0.0034617865458130836,4930.382629394531,3290.8331298828125,4974.447814941406,3312.2149658203125
2391.png,4608,2304,1,0.0033635611180216074,5621.86328125,2309.1754779815674,5631.91455078125,2335.4939556121826
2391.png,4608,2304,0,0.0031954857986420393,5610.733093261719,3130.0333251953125,5631.857360839844,3149.4232177734375
2391.png,4608,2304,1,0.003097889479249716,5495.9412841796875,3315.1597900390625,5518.072021484375,3327.8243408203125
2391.png,4608,2304,1,0.0017577750841155648,5603.188232421875,2304.8968963623047,5632.0,2316.4880599975586
2391.png,4608,2304,1,0.0016120986547321081,5117.0540771484375,3320.558837890625,5133.997314453125,3327.8436279296875
2391.png,4608,2304,4,0.0015685772523283958,5609.361572265625,3281.405029296875,5631.909423828125,3318.619873046875
2391.png,4608,2304,1,0.0014860676601529121,5110.6661376953125,3320.6813354492188,5128.619567871094,3327.8976440429688
2391.png,4608,2304,1,0.001409395830705762,5082.273864746094,3251.9212646484375,5106.347473144531,3266.502685546875
2391.png,4608,2304,1,0.0011913616908714175,5617.299560546875,2305.2839031219482,5632.0,2321.252956390381
2391.png,4608,2304,0,0.0011808217968791723,5610.8087158203125,2525.7156372070312,5631.1373291015625,2546.2482299804688
2391.png,4608,2304,0,0.0011105419835075736,5619.0399169921875,3104.3240966796875,5631.9942626953125,3124.7493896484375
2391.png,5376,2304,1,0.0012220791541039944,5495.925476074219,3315.380126953125,5518.102508544922,3327.777099609375
2391.png,6048,2304,1,0.002506299875676632,6816.92626953125,3319.0563354492188,6841.301025390625,3326.6033325195312
2391.png,0,3072,4,0.01764475367963314,979.836181640625,4079.6021728515625,1009.652587890625,4096.0
2391.png,0,3072,0,0.005256010685116053,343.6119384765625,4074.685546875,364.85968017578125,4095.84619140625
2391.png,0,3072,4,0.0028711953200399876,1004.8887329101562,4084.2203369140625,1023.6774291992188,4096.0
2391.png,0,3072,4,0.002762448275461793,1004.02197265625,4078.2144775390625,1023.901611328125,4096.0
2391.png,0,3072,4,0.0012914513936266303,1004.8939208984375,4056.502685546875,1024.0,4096.0
2391.png,0,3072,1,0.0010578305227681994,345.66595458984375,4078.5732421875,378.46429443359375,4095.9833984375
2391.png,768,3072,3,0.1910782903432846,1747.99658203125,3072.0,1773.22119140625,3088.4869689941406
2391.png,768,3072,4,0.11405948549509048,1748.9647216796875,3072.0,1773.3541259765625,3088.1438179016113
2391.png,768,3072,3,0.016789723187685013,1687.5748901367188,3072.0,1726.5636596679688,3078.7643575668335
2391.png,768,3072,3,0.015042233280837536,1737.7855224609375,3072.098042488098,1768.8958740234375,3087.7495765686035
2391.png,768,3072,3,0.00918375700712204,1733.3582763671875,3072.2147178649902,1755.7596435546875,3087.9407539367676
2391.png,768,3072,3,0.007408980280160904,1735.9063720703125,3072.1065998077393,1755.0997314453125,3084.104428291321
2391.png,768,3072,1,0.005790830589830875,1775.53564453125,3929.034423828125,1792.0,3982.433349609375
2391.png,768,3072,1,0.0045167081989347935,1776.33154296875,3943.857666015625,1792.0,3981.7451171875
2391.png,768,3072,1,0.004509145859628916,1600.7314453125,3072.4485511779785,1630.9581298828125,3094.5627040863037
2391.png,768,3072,4,0.004441027995198965,1044.7621459960938,4081.65185546875,1083.7644653320312,4096.0
2391.png,768,3072,3,0.0027512437663972378,1731.4464111328125,3072.041555404663,1747.6212158203125,3086.320903778076
2391.png,768,3072,4,0.00232070148922503,1561.6558837890625,3072.119972229004,1627.2261962890625,3093.592445373535
2391.png,768,3072,4,0.002291215816512704,1760.1595458984375,3072.304196834564,1783.721923828125,3088.1461143493652
2391.png,768,3072,1,0.0020047363359481096,1589.252197265625,3072.400032043457,1629.9315185546875,3094.234510421753
2391.png,768,3072,2,0.0016675814986228943,1561.950439453125,3072.3794651031494,1626.05126953125,3090.978786468506
2391.png,768,3072,4,0.001631994149647653,1587.3013305664062,3072.3399391174316,1631.2175903320312,3093.850471496582
2391.png,768,3072,1,0.0015838162507861853,1558.3484497070312,3072.404609680176,1627.8709106445312,3092.7658367156982
2391.png,768,3072,3,0.0015144215431064367,1695.7139282226562,3072.6456575393677,1731.6934204101562,3084.5506954193115
2391.png,768,3072,1,0.0012385984882712364,1603.3594360351562,3072.6467208862305,1648.4851684570312,3094.7530784606934
2391.png,768,3072,3,0.0012325834250077605,1719.2281494140625,3072.6361660957336,1743.5042724609375,3087.4167671203613
2391.png,768,3072,1,0.0011695849243551493,1778.828125,4037.5562744140625,1792.0,4080.5985107421875
2391.png,1536,3072,4,0.18832892179489136,1748.649169921875,3072.0,1773.8223266601562,3087.5779781341553
2391.png,1536,3072,0,0.10506141930818558,2459.3031005859375,3546.6515502929688,2483.7353515625,3588.6727905273438
2391.png,1536,3072,3,0.0061002387665212154,2551.6734619140625,3311.5081787109375,2560.0,3325.6333923339844
2391.png,1536,3072,4,0.005128011107444763,1753.7958984375,3072.3230085372925,1785.407470703125,3086.94473361969
2391.png,1536,3072,1,0.0031022266484797,1820.5590209960938,3350.2466430664062,1875.7869262695312,3367.4945678710938
2391.png,1536,3072,4,0.0030113323591649532,1737.4317321777344,3072.023383140564,1764.6421203613281,3085.0193729400635
2391.png,1536,3072,3,0.002669030101969838,2547.8958740234375,3312.30322265625,2560.0,3326.9150390625
2391.png,1536,3072,1,0.0016350618097931147,1600.7469482421875,3072.5269088745117,1630.1180419921875,3094.5418395996094
2391.png,1536,3072,1,0.0015520568704232574,2147.828125,3251.0921325683594,2174.635986328125,3267.136688232422
2391.png,1536,3072,4,0.0014697228325530887,2550.4124755859375,3313.009979248047,2560.0,3332.7694091796875
2391.png,1536,3072,4,0.001430136151611805,2542.88671875,3784.9920043945312,2559.7265625,3832.2424926757812
2391.png,1536,3072,2,0.001398605527356267,1560.9237594604492,3072.584915161133,1626.4958114624023,3090.7669219970703
2391.png,1536,3072,3,0.0012697369093075395,1687.7460327148438,3072.0,1725.5901489257812,3078.4020013809204
2391.png,1536,3072,1,0.001075033680535853,1813.7318725585938,3318.80712890625,1873.9645385742188,3336.7989501953125
2391.png,1536,3072,4,0.0010141544044017792,2552.681884765625,3302.3914489746094,2560.0,3317.689483642578
2391.png,2304,3072,0,0.3357265591621399,2615.9378051757812,3597.255126953125,2637.6915893554688,3640.08447265625
2391.png,2304,3072,0,0.09927360713481903,2458.788787841797,3546.1530151367188,2484.221649169922,3588.9929809570312
2391.png,2304,3072,0,0.006283611059188843,3096.0469360351562,3609.3292236328125,3137.8718872070312,3626.3350830078125
2391.png,2304,3072,1,0.004359543323516846,3177.4955444335938,4081.83544921875,3210.4087524414062,4095.51318359375
2391.png,2304,3072,0,0.0027356590144336224,3307.3824462890625,3731.4068603515625,3327.5836181640625,3747.2105712890625
2391.png,2304,3072,0,0.0016570715233683586,3300.4140625,3731.601806640625,3327.45556640625,3746.0809326171875
2391.png,2304,3072,0,0.001453300705179572,3312.99365234375,3730.1011962890625,3327.876220703125,3745.9669189453125
2391.png,2304,3072,3,0.0014401170192286372,3263.3389892578125,3720.9009399414062,3293.7994384765625,3733.4369506835938
2391.png,2304,3072,0,0.0014392492594197392,3317.1893920898438,3717.6348876953125,3327.8067016601562,3729.1143798828125
2391.png,2304,3072,1,0.0014082741690799594,3134.6941528320312,4088.0444946289062,3152.9076538085938,4095.9105834960938
2391.png,2304,3072,1,0.0013531296281144023,3176.0167236328125,4085.3632202148438,3208.9007568359375,4095.7594604492188
2391.png,2304,3072,3,0.0013263380387797952,3195.9091796875,3721.218017578125,3224.3294677734375,3733.46875
2391.png,2304,3072,0,0.00121863663662225,2805.7381286621094,3072.3404397964478,2827.9393310546875,3086.467339515686
2391.png,2304,3072,0,0.0010291634825989604,3321.3684692382812,3602.435302734375,3327.9873657226562,3616.438720703125
2391.png,3072,3072,1,0.018697617575526237,3446.618408203125,3072.2393531799316,3485.973388671875,3097.710874557495
2391.png,3072,3072,2,0.00896509550511837,3446.891387939453,3072.1947746276855,3485.891632080078,3097.1300010681152
2391.png,3072,3072,1,0.007476786617189646,3177.036178588867,4081.527587890625,3210.7571563720703,4095.4188232421875
2391.png,3072,3072,0,0.006282389629632235,3902.848388671875,3575.8681640625,3964.201171875,3596.2750244140625
2391.png,3072,3072,2,0.004883950110524893,3072.749180793762,3076.231845855713,3085.788007736206,3104.245376586914
2391.png,3072,3072,0,0.0048330919817090034,3096.4842987060547,3608.6124267578125,3140.066131591797,3626.8958740234375
2391.png,3072,3072,0,0.003884054021909833,3900.8198852539062,3582.05810546875,3965.6770629882812,3599.571044921875
2391.png,3072,3072,0,0.002452413085848093,3490.5188598632812,3935.6011962890625,3511.0740356445312,3973.04296875
2391.png,3072,3072,4,0.0023763910867273808,3360.4407958984375,3072.2780113220215,3383.421630859375,3100.387149810791
2391.png,3072,3072,1,0.002211230807006359,3072.0,3855.0422973632812,3096.535430908203,3871.1533813476562
2391.png,3072,3072,1,0.0011856823693960905,3680.2044677734375,4089.54638671875,3714.629638671875,4096.0
2391.png,3072,3072,1,0.0010305659379810095,3134.65665435791,4088.6630859375,3153.8871841430664,4095.888916015625
2391.png,3072,3072,1,0.0010276077082380652,3675.9701538085938,4086.4427490234375,3709.8422241210938,4096.0
2391.png,3840,3072,1,0.23942974209785461,4425.2528076171875,3420.9973754882812,4455.6036376953125,3473.2619018554688
2391.png,3840,3072,1,0.009150998666882515,4772.533508300781,4091.4022216796875,4825.805236816406,4096.0
2391.png,3840,3072,0,0.004761084448546171,4230.4581298828125,3280.4586486816406,4239.6678466796875,3298.3826599121094
2391.png,3840,3072,0,0.00424700602889061,3902.442295074463,3578.9502563476562,3964.1470642089844,3596.8843383789062
2391.png,3840,3072,0,0.003661308903247118,3901.840435028076,3574.3170776367188,3964.9468536376953,3593.9209594726562
2391.png,3840,3072,0,0.0027587004005908966,3900.364044189453,3584.0424194335938,3965.653335571289,3599.3740844726562
2391.png,3840,3072,1,0.0018585355719551444,4160.9334716796875,3072.106098175049,4204.7581787109375,3080.328229904175
2391.png,3840,3072,0,0.0013589633163064718,4520.313171386719,4087.805419921875,4548.081726074219,4096.0
2391.png,4608,3072,0,0.008416968397796154,5602.3426513671875,3072.1636877059937,5632.0,3079.3637685775757
2391.png,4608,3072,1,0.00558977946639061,5059.724365234375,3611.9429931640625,5139.067932128906,3637.4200439453125
2391.png,4608,3072,0,0.004491869360208511,5610.710693359375,3076.5252418518066,5631.0810546875,3093.6595363616943
2391.png,4608,3072,0,0.003393064718693495,5609.2867431640625,3119.317672729492,5632.0,3145.0296783447266
2391.png,4608,3072,1,0.003234096569940448,5082.361236572266,3251.9118041992188,5106.177032470703,3265.6494140625
2391.png,4608,3072,0,0.0019253058126196265,5606.9278564453125,3075.7168674468994,5632.0,3089.033721923828
2391.png,4608,3072,1,0.0017636568518355489,4772.7916259765625,4091.33740234375,4827.257385253906,4096.0
2391.png,4608,3072,0,0.0016289971536025405,5609.8992919921875,3118.46378326416,5631.8839111328125,3137.2140045166016
2391.png,4608,3072,1,0.0013883791398257017,5064.030822753906,3638.7742919921875,5140.774597167969,3661.6429443359375
2391.png,4608,3072,4,0.001217481680214405,5609.7449951171875,3296.7041778564453,5631.7098388671875,3318.8900604248047
2391.png,4608,3072,0,0.0010742939775809646,5610.094421386719,3131.7413330078125,5631.763000488281,3149.986602783203
2391.png,4608,3072,1,0.0010354783153161407,5350.9757080078125,3287.898452758789,5386.9415283203125,3300.198989868164
2391.png,5376,3072,0,0.020552365109324455,6385.0107421875,3072.208616256714,6400.0,3083.958607673645
2391.png,5376,3072,0,0.018410783261060715,6385.005859375,3072.033550262451,6400.0,3099.72652053833
2391.png,5376,3072,1,0.0018873384688049555,5376.0,3289.118377685547,5401.888858795166,3314.004180908203
2391.png,5376,3072,0,0.0013891535345464945,6386.8035888671875,3073.4766006469727,6400.0,3107.467140197754
2391.png,6048,3072,0,0.009394555352628231,6388.391418457031,3072.021297931671,6428.126037597656,3079.9371581077576
2391.png,6048,3072,0,0.007627073209732771,6387.179443359375,3072.0640449523926,6410.591735839844,3081.7906951904297
2391.png,6048,3072,0,0.006939256098121405,6382.993896484375,3072.073826789856,6404.8079833984375,3082.6473388671875
2391.png,6048,3072,0,0.0060110013000667095,6388.006774902344,3072.033850669861,6421.474060058594,3082.058303833008
2391.png,6048,3072,0,0.0027179953176528215,6390.0924072265625,3072.0,6440.314453125,3081.08358669281
2391.png,6048,3072,0,0.0012525598285719752,6391.7073974609375,3072.0,6435.849060058594,3077.8178548812866
2391.png,6048,3072,0,0.0011592396767809987,6387.036437988281,3072.219531059265,6422.522888183594,3085.968186378479
2391.png,0,3840,0,0.3095110356807709,610.9752197265625,4194.700622558594,639.7884521484375,4207.168273925781
2391.png,0,3840,0,0.01527939923107624,354.82672119140625,4201.858703613281,386.71966552734375,4261.176818847656
2391.png,0,3840,4,0.001891818828880787,1012.3929443359375,4322.3988037109375,1024.0,4364.7708740234375
2391.png,0,3840,3,0.0015871796058490872,550.2178955078125,4245.572692871094,583.0850830078125,4264.010559082031
2391.png,0,3840,0,0.0011833428870886564,536.3076171875,4119.5426025390625,561.59521484375,4171.593811035156
2391.png,768,3840,1,0.0028676821384578943,1776.6932373046875,3946.066604614258,1792.0,3981.4249114990234
2391.png,1536,3840,0,0.008167257532477379,2550.1024169921875,4344.3173828125,2559.910888671875,4374.3670654296875
2391.png,1536,3840,0,0.005279435310512781,2550.2228393554688,4336.527099609375,2559.9019165039062,4370.667724609375
2391.png,1536,3840,4,0.0016355180414393544,2552.5164794921875,4154.090759277344,2560.0,4193.785095214844
2391.png,1536,3840,4,0.001341837807558477,1799.1565551757812,4191.822570800781,1832.5817260742188,4239.283874511719
2391.png,1536,3840,4,0.001313940272666514,2552.9910888671875,4161.182678222656,2560.0,4199.920349121094
2391.png,1536,3840,4,0.0010589442681521177,2552.0225830078125,4145.545349121094,2559.9945068359375,4185.540466308594
2391.png,2304,3840,0,0.03252621367573738,3112.640380859375,3840.274667739868,3142.7625732421875,3850.480270385742
2391.png,2304,3840,1,0.011557909660041332,2597.705047607422,4372.75,2627.563446044922,4435.4715576171875
2391.png,2304,3840,1,0.002700196346268058,3085.29248046875,3840.332565307617,3138.037109375,3848.94553565979
2391.png,2304,3840,1,0.0026858821511268616,3157.6116333007812,3840.7765827178955,3196.8508911132812,3856.707778930664
2391.png,2304,3840,1,0.0022486397065222263,3075.48046875,3840.424376487732,3129.574951171875,3849.024386405945
2391.png,2304,3840,1,0.0012500927550718188,2590.281036376953,4223.49072265625,2619.631805419922,4292.468811035156
2391.png,2304,3840,0,0.00115877203643322,3137.9835205078125,4154.399322509766,3154.0540771484375,4182.867218017578
2391.png,2304,3840,4,0.0011518053943291306,2590.838134765625,4221.9049072265625,2618.298828125,4287.1612548828125
2391.png,2304,3840,1,0.0011068680323660374,3117.978759765625,3840.124897003174,3161.14990234375,3849.0020790100098
2391.png,2304,3840,0,0.0010986729757860303,2591.1173095703125,4221.3167724609375,2620.22607421875,4291.5980224609375
2391.png,2304,3840,1,0.0010081130312755704,3303.550048828125,4251.0579833984375,3327.85546875,4278.622741699219
2391.png,3072,3840,1,0.20633625984191895,3387.668701171875,4844.6363525390625,3443.755615234375,4862.9090576171875
2391.png,3072,3840,1,0.05815050005912781,3559.948486328125,4288.4443359375,3591.9342041015625,4299.6417236328125
2391.png,3072,3840,1,0.018540941178798676,3559.8158569335938,4290.54833984375,3592.0512084960938,4301.61572265625
2391.png,3072,3840,1,0.013421635143458843,3072.176435470581,4435.3199462890625,3101.0427684783936,4449.6641845703125
2391.png,3072,3840,0,0.005158445797860622,3111.8770904541016,3840.5639333724976,3144.3383026123047,3852.7672328948975
2391.png,3072,3840,1,0.00391744077205658,3409.4075317382812,3840.180824279785,3449.1781616210938,3848.7985458374023
2391.png,3072,3840,1,0.0038422285579144955,3405.8521423339844,3840.1450176239014,3444.425506591797,3850.326591491699
2391.png,3072,3840,1,0.0035425068344920874,3386.0048828125,3840.002109527588,3445.17236328125,3851.161838531494
2391.png,3072,3840,1,0.003079729387536645,3072.0140590667725,3854.540370941162,3096.134494781494,3872.0177268981934
2391.png,3072,3840,1,0.0028077170718461275,3379.993194580078,3840.272304534912,3445.9691467285156,3854.526979446411
2391.png,3072,3840,0,0.00268952245824039,3490.8377380371094,3935.144302368164,3510.4434509277344,3972.7018127441406
2391.png,3072,3840,1,0.001977359876036644,3156.2220764160156,3840.6554985046387,3197.6671447753906,3856.6720008850098
2391.png,3072,3840,1,0.0019262377172708511,3371.9026489257812,3840.282241821289,3416.2400512695312,3853.238676071167
2391.png,3072,3840,1,0.0015841631684452295,3359.6403198242188,4850.0338134765625,3436.3163452148438,4863.8140869140625
2391.png,3072,3840,1,0.0014932460617274046,3072.7647953033447,3842.3444747924805,3096.5345611572266,3862.1699028015137
2391.png,3072,3840,1,0.001202981686219573,4080.55224609375,4447.355224609375,4096.0,4473.6328125
2391.png,3072,3840,1,0.001121144974604249,3566.988037109375,4255.016052246094,3598.6861572265625,4268.3411865234375
2391.png,3072,3840,0,0.0010186800500378013,3082.0184020996094,3840.1963815689087,3140.7337493896484,3849.5389823913574
2391.png,3840,3840,0,0.20971520245075226,4541.4678955078125,4848.313232421875,4553.3458251953125,4863.792724609375
2391.png,3840,3840,0,0.003948119468986988,4541.544860839844,4848.0438232421875,4572.991394042969,4863.8424072265625
2391.png,3840,3840,0,0.0035643712617456913,4730.592529296875,3857.903491973877,4744.640380859375,3883.435661315918
2391.png,4608,3840,0,0.1237080916762352,5022.2821044921875,4802.377197265625,5039.09375,4829.7266845703125
2391.png,4608,3840,0,0.007178506348282099,4819.040374755859,4781.1658935546875,4833.511749267578,4804.4566650390625
2391.png,4608,3840,2,0.0066233291290700436,5021.837799072266,4802.452697753906,5038.948272705078,4829.616149902344
2391.png,4608,3840,0,0.004386581014841795,4730.832008361816,3858.264362335205,4744.438690185547,3882.747528076172
2391.png,4608,3840,1,0.004187492188066244,5083.692199707031,3840.093134880066,5147.208801269531,3849.3719005584717
2391.png,4608,3840,1,0.002743368735536933,5283.29443359375,4724.6456298828125,5292.804443359375,4744.0885009765625
2391.png,4608,3840,0,0.0017820505890995264,5057.8585205078125,4819.521484375,5066.22314453125,4845.9912109375
2391.png,4608,3840,0,0.0012292845640331507,5082.667419433594,3840.0,5150.923156738281,3852.9884643554688
2391.png,0,4608,0,0.12729483842849731,751.4261474609375,4972.7723388671875,782.7740478515625,5028.354553222656
2391.png,0,4608,4,0.05402890220284462,679.2801513671875,5005.379943847656,708.9129638671875,5070.637023925781
2391.png,0,4608,4,0.005914370529353619,751.92919921875,4973.014190673828,783.54931640625,5027.880828857422
2391.png,0,4608,4,0.0014937203377485275,1011.137451171875,4608.591901779175,1023.837646484375,4625.478500366211
2391.png,768,4608,3,0.25938165187835693,768.0551433563232,5009.836029052734,782.1602544784546,5030.182830810547
2391.png,768,4608,0,0.1708269566297531,768.0111637115479,4975.0572509765625,777.9639520645142,5015.156494140625
2391.png,768,4608,0,0.013155386783182621,1052.41943359375,5232.673095703125,1085.540283203125,5246.9189453125
2391.png,768,4608,0,0.01209996361285448,768.0130624771118,5010.077697753906,781.748857498169,5031.040466308594
2391.png,768,4608,1,0.005274944473057985,1214.0655517578125,5626.1566162109375,1251.5498046875,5632.0
2391.png,768,4608,0,0.0027661484200507402,768.0,5151.310791015625,774.6644244194031,5180.0263671875
2391.png,768,4608,1,0.0026510856114327908,768.0386447906494,4977.054748535156,780.479474067688,5018.827697753906
2391.png,768,4608,1,0.002023810986429453,1051.6337280273438,5233.6602783203125,1083.8880004882812,5247.7279052734375
2391.png,768,4608,0,0.0014892168110236526,768.0,5147.0863037109375,781.1726884841919,5180.9434814453125
2391.png,768,4608,0,0.0013109372230246663,768.0,5146.8734130859375,774.8091621398926,5173.2279052734375
2391.png,2304,4608,3,0.012326674535870552,3284.8218994140625,4608.122186183929,3319.3209228515625,4614.8054728508
2391.png,2304,4608,3,0.002957967109978199,3285.8787841796875,4613.528978347778,3324.5797119140625,4632.969751358032
2391.png,2304,4608,1,0.002446256810799241,3188.9979858398438,4608.079131126404,3255.1674194335938,4621.572093009949
2391.png,2304,4608,1,0.0020122285932302475,2993.554931640625,4608.0,3054.239013671875,4616.473182678223
2391.png,2304,4608,0,0.0019930247217416763,3285.31982421875,4608.0,3321.53515625,4616.213654518127
2391.png,2304,4608,1,0.0019353798124939203,3185.7940673828125,4608.199631690979,3226.8624267578125,4619.661665916443
2391.png,2304,4608,3,0.0017124017467722297,3285.14990234375,4609.987419605255,3323.007080078125,4625.476848602295
2391.png,2304,4608,1,0.001608781167306006,3169.966064453125,4608.147386550903,3225.34375,4617.2949504852295
2391.png,2304,4608,0,0.0011944137513637543,3219.91845703125,5055.194152832031,3318.41650390625,5142.846618652344
2391.png,2304,4608,1,0.0010669510811567307,3307.4063110351562,4608.0,3327.9960327148438,4614.030410289764
2391.png,3072,4608,1,0.015028421767055988,4065.926513671875,4925.101501464844,4096.0,4979.892761230469
2391.png,3072,4608,1,0.004967757500708103,3188.6209869384766,4608.1132555007935,3255.299057006836,4621.71665763855
2391.png,3072,4608,1,0.004274354781955481,3987.9713134765625,4608.224394321442,4017.6685791015625,4614.541661739349
2391.png,3072,4608,1,0.0030633879359811544,3186.7681045532227,4608.195516586304,3226.875762939453,4620.009754180908
2391.png,3072,4608,1,0.0022802946623414755,3170.8134765625,4608.1482763290405,3226.4540405273438,4617.730234146118
2391.png,3072,4608,1,0.0022588560823351145,3085.473617553711,4608.09841632843,3121.824478149414,4619.778886795044
2391.png,3072,4608,1,0.0018498306162655354,3096.787805557251,4608.142853736877,3146.8542098999023,4619.170498847961
2391.png,3072,4608,1,0.0013476278400048614,3283.6261291503906,4608.091183185577,3337.8592834472656,4615.824280261993
2391.png,3072,4608,1,0.0010417287703603506,3325.8779296875,4609.009728431702,3358.182861328125,4619.877058982849
2391.png,3840,4608,0,0.727552592754364,4542.133850097656,4846.378479003906,4552.281677246094,4863.835418701172
2391.png,3840,4608,0,0.0034101412165910006,4542.5989990234375,4843.216979980469,4553.705078125,4863.178894042969
2391.png,3840,4608,0,0.0020758642349392176,4543.084228515625,4845.498046875,4556.036376953125,4864.1578369140625
2391.png,3840,4608,1,0.0019210815662518144,3987.8263549804688,4608.192539215088,4017.147247314453,4614.653009414673
2391.png,4608,4608,0,0.5804981589317322,5056.926574707031,5480.2222900390625,5077.3681640625,5511.4403076171875
2391.png,4608,4608,1,0.3892057240009308,5041.426086425781,5241.0413818359375,5072.4952392578125,5309.1220703125
2391.png,4608,4608,0,0.14071567356586456,5040.757385253906,5239.9957275390625,5072.452941894531,5306.9683837890625
2391.png,4608,4608,0,0.1346568465232849,5022.5185546875,4802.717147827148,5038.3927001953125,4829.404739379883
2391.png,4608,4608,0,0.03170467168092728,5260.160339355469,5255.843566894531,5278.727111816406,5292.862976074219
2391.png,4608,4608,0,0.00591265270486474,5021.787109375,4898.359375,5045.8560791015625,4938.5614013671875
2391.png,4608,4608,0,0.0030859431717544794,4818.897125244141,4781.058074951172,4833.627593994141,4804.50537109375
2391.png,4608,4608,0,0.002883458510041237,5045.041656494141,4608.0110511779785,5061.382476806641,4614.69181728363
2391.png,4608,4608,1,0.002337914891541004,5283.2469482421875,4724.295120239258,5292.8472900390625,4744.2249755859375
2391.png,4608,4608,0,0.0016566613921895623,5028.3577880859375,4608.0,5052.58984375,4614.857792854309
2391.png,4608,4608,0,0.0014204239705577493,5022.222320556641,4608.043800354004,5049.784759521484,4614.955090999603
2391.png,4608,4608,0,0.00134913285728544,5062.707702636719,5547.6656494140625,5077.262023925781,5571.76220703125
2391.png,4608,4608,2,0.0012375807855278254,5021.3643798828125,4803.053863525391,5038.9019775390625,4830.255096435547
2391.png,4608,4608,0,0.0011162683367729187,5019.715545654297,4608.0,5041.164764404297,4615.055393218994
2391.png,4608,4608,0,0.001109330216422677,5046.840637207031,4608.022099018097,5072.391784667969,4614.061980724335
2391.png,5376,4608,1,0.005527173168957233,5430.306945800781,4988.3941650390625,5461.254150390625,4996.158203125
2391.png,5376,4608,0,0.0015419782139360905,5635.736328125,4961.865264892578,5660.2694091796875,4975.347625732422
2391.png,6048,4608,1,0.001518657780252397,6481.60302734375,5626.447021484375,6520.2532958984375,5632.0
2391.png,0,4908,0,0.26412975788116455,752.574951171875,4973.01432800293,781.8349609375,5021.687713623047
2391.png,0,4908,4,0.23598866164684296,679.0457763671875,5008.764236450195,709.464599609375,5070.151931762695
2391.png,0,4908,4,0.0012083275942131877,752.2674560546875,4972.399368286133,782.544921875,5021.006057739258
2391.png,768,4908,0,0.078984834253788,768.0606937408447,4974.903656005859,778.6240921020508,5016.178375244141
2391.png,768,4908,1,0.020404405891895294,768.0,4975.177604675293,778.7053146362305,5016.547676086426
2391.png,768,4908,3,0.0063542332500219345,768.016658782959,5004.236000061035,781.9175939559937,5033.850120544434
2391.png,768,4908,0,0.0050029088743031025,1537.3726806640625,4908.0,1582.7288818359375,4913.727527618408
2391.png,768,4908,3,0.002842405578121543,768.0,4987.8299560546875,780.8379325866699,5025.4871826171875
2391.png,768,4908,1,0.002724961843341589,768.0,4976.005722045898,780.7466373443604,5023.336120605469
2391.png,1536,4908,0,0.021487634629011154,2081.306396484375,5925.6343994140625,2108.739013671875,5932.0
2391.png,1536,4908,0,0.01878635585308075,2078.5345458984375,5925.994140625,2100.3936767578125,5932.0
2391.png,1536,4908,0,0.005837898701429367,2089.9428100585938,5926.5081787109375,2118.8383178710938,5932.0
2391.png,1536,4908,4,0.005316092167049646,2535.797119140625,4908.222436904907,2556.51806640625,4924.562671661377
2391.png,1536,4908,1,0.005307636223733425,2097.4468994140625,5927.10205078125,2129.7557373046875,5932.0
2391.png,1536,4908,0,0.0029519798699766397,2555.058349609375,5674.3355712890625,2560.0,5693.9161376953125
2391.png,1536,4908,0,0.0017652425449341536,2084.1970825195312,5923.887451171875,2106.6325073242188,5932.0
2391.png,1536,4908,4,0.0016972884768620133,2534.45947265625,4908.227317810059,2554.1258544921875,4928.608669281006
2391.png,1536,4908,0,0.001640229020267725,2089.4267578125,5923.9224853515625,2118.03857421875,5932.0
2391.png,2304,4908,4,0.06184108927845955,2714.3585510253906,5022.044174194336,2732.6709899902344,5052.593673706055
2391.png,2304,4908,4,0.01163087785243988,2533.1558227539062,4908.140216827393,2592.3980712890625,4928.699806213379
2391.png,3072,4908,0,0.007847137749195099,3986.607177734375,5703.500427246094,4025.6302490234375,5714.150695800781
2391.png,3072,4908,3,0.0038240309804677963,3611.1172485351562,5922.806396484375,3655.1443481445312,5932.0
2391.png,3072,4908,1,0.003278495743870735,3330.4177856445312,4908.129512786865,3384.5844116210938,4924.6000328063965
2391.png,3072,4908,3,0.0032310178503394127,3616.3255615234375,5923.8489990234375,3662.2171630859375,5932.0
2391.png,3072,4908,1,0.0028175613842904568,3322.514389038086,4908.13761806488,3380.979248046875,4921.238942146301
2391.png,3072,4908,0,0.0026308256201446056,3582.759735107422,5915.50146484375,3634.712646484375,5932.0
2391.png,3072,4908,1,0.002421816810965538,3578.6181030273438,5911.294189453125,3632.5427856445312,5932.0
2391.png,3072,4908,1,0.0020544424187391996,3408.6201171875,4908.32234954834,3451.3177490234375,4926.075634002686
2391.png,3072,4908,0,0.0017245437484234571,3699.6748046875,5688.7249755859375,3741.915283203125,5704.8795166015625
2391.png,3072,4908,1,0.0016749302158132195,3304.5629272460938,4908.045432090759,3376.7676391601562,4918.016234397888
2391.png,3072,4908,0,0.0015833082143217325,3578.5347290039062,5910.39404296875,3631.1112670898438,5932.0
2391.png,3072,4908,0,0.0013292598305270076,4074.695556640625,5678.689270019531,4096.0,5695.676452636719
2391.png,3072,4908,1,0.0012493410613387823,3477.8154907226562,4908.446327209473,3519.7310791015625,4928.344219207764
2391.png,3840,4908,1,0.012254636734724045,4802.33740234375,4908.071880340576,4827.602294921875,4936.227769851685
2391.png,3840,4908,1,0.007916850969195366,4215.962646484375,5701.637939453125,4256.065185546875,5713.46533203125
2391.png,3840,4908,4,0.007780064828693867,4802.9486083984375,4908.0,4828.9920654296875,4936.081129074097
2391.png,3840,4908,4,0.002673773793503642,4849.102294921875,5646.125,4864.0,5672.1553955078125
2391.png,3840,4908,4,0.0022474483121186495,4763.14892578125,5646.1309814453125,4780.297607421875,5680.36572265625
2391.png,3840,4908,0,0.0014964246656745672,3986.8133392333984,5703.4228515625,4025.8014068603516,5713.941162109375
2391.png,3840,4908,1,0.0012248159619048238,4090.780746459961,5848.374206542969,4103.82470703125,5876.214660644531
2391.png,3840,4908,0,0.0010863876668736339,4171.593078613281,5678.3013916015625,4211.970642089844,5693.7525634765625
2391.png,4608,4908,0,0.521571159362793,5056.716552734375,5479.9560546875,5078.2724609375,5511.14208984375
2391.png,4608,4908,1,0.44020888209342957,5208.273681640625,5882.8924560546875,5245.920654296875,5932.0
2391.png,4608,4908,1,0.4082189202308655,5040.611877441406,5239.182830810547,5072.782653808594,5308.352264404297
2391.png,4608,4908,1,0.015432193875312805,5308.876953125,5716.78662109375,5437.28955078125,5751.0810546875
2391.png,4608,4908,1,0.01226972695440054,5301.2999267578125,5344.086853027344,5425.5665283203125,5371.478942871094
2391.png,4608,4908,0,0.012136314064264297,5108.828582763672,4908.188331604004,5133.198486328125,4932.976528167725
2391.png,4608,4908,1,0.008046863600611687,5296.762023925781,5679.2459716796875,5410.238342285156,5709.3804931640625
2391.png,4608,4908,2,0.007698505651205778,4640.203784942627,5727.635986328125,4657.728687286377,5779.7169189453125
2391.png,4608,4908,1,0.006655201781541109,5317.497314453125,5230.299865722656,5351.647216796875,5286.733215332031
2391.png,4608,4908,0,0.00602077879011631,5041.910430908203,5239.561828613281,5072.488861083984,5305.685607910156
2391.png,4608,4908,1,0.005232268013060093,5331.911071777344,5645.5928955078125,5437.338439941406,5671.8958740234375
2391.png,4608,4908,1,0.00503582926467061,5337.3514404296875,5720.23828125,5442.5240478515625,5748.464111328125
2391.png,4608,4908,0,0.004285439848899841,5029.983459472656,5702.861083984375,5044.074279785156,5727.77294921875
2391.png,4608,4908,0,0.00424606679007411,5020.652526855469,4908.248126983643,5047.389709472656,4937.8652629852295
2391.png,4608,4908,1,0.0038854065351188183,5175.021728515625,5567.2261962890625,5241.420166015625,5633.0189208984375
2391.png,4608,4908,0,0.003750416450202465,5109.866760253906,4908.147737503052,5138.267395019531,4925.863941192627
2391.png,4608,4908,0,0.0016465856460854411,5259.625244140625,5255.6712646484375,5278.5701904296875,5291.9019775390625
2391.png,4608,4908,1,0.001368203666061163,4802.543731689453,4908.095741271973,4827.616973876953,4936.400108337402
2391.png,4608,4908,1,0.0011334794107824564,5325.1361083984375,5390.40576171875,5422.2896728515625,5414.059814453125
2391.png,5376,4908,0,0.03833071142435074,5633.908020019531,4960.826103210449,5660.786315917969,4975.501014709473
2391.png,5376,4908,4,0.009062815457582474,5376.254261016846,5289.1597900390625,5403.8166580200195,5308.159240722656
2391.png,5376,4908,1,0.001024366356432438,5376.0,5713.8414306640625,5443.682388305664,5727.4815673828125
2391.png,6048,4908,2,0.00660109706223011,6055.830135345459,5862.462951660156,6062.881498336792,5878.814270019531
2460.png,0,0,0,0.23461104929447174,533.4915771484375,79.23506164550781,540.0211181640625,95.16786193847656
2460.png,0,0,1,0.05466855317354202,532.209716796875,166.14816284179688,542.5908203125,195.49749755859375
2460.png,0,0,1,0.046513404697179794,558.6823120117188,163.97128295898438,570.1675415039062,189.98703002929688
2460.png,0,0,0,0.014280243776738644,262.9915771484375,62.577083587646484,287.850830078125,79.19259643554688
2460.png,0,0,0,0.007495393976569176,261.65667724609375,59.2923469543457,285.83489990234375,75.17292785644531
2460.png,0,0,0,0.007092685904353857,310.49981689453125,0.0,324.79730224609375,5.301973342895508
2460.png,0,0,0,0.0025632872711867094,312.98553466796875,0.0,328.33709716796875,5.229472637176514
2460.png,0,0,0,0.002429153537377715,491.8298645019531,2.543074607849121,506.2373962402344,13.115800857543945
2460.png,0,0,0,0.0019502602517604828,569.8733520507812,226.28695678710938,578.0178833007812,238.56884765625
2460.png,0,0,1,0.0019375501433387399,711.966796875,1016.7906494140625,739.060546875,1023.7987060546875
2460.png,0,0,0,0.0017448555445298553,160.6007843017578,628.4866943359375,188.87840270996094,640.1640625
2460.png,0,0,1,0.0014519195538014174,531.2720336914062,159.41189575195312,540.5751342773438,194.44607543945312
2460.png,0,0,0,0.0011281224433332682,471.1368713378906,123.05015563964844,481.3214416503906,144.73573303222656
2460.png,0,0,0,0.0011173236416652799,309.1358642578125,0.0,325.823486328125,8.148040771484375
2460.png,0,0,0,0.0010728228371590376,303.568359375,0.046297550201416016,318.4813232421875,5.564143180847168
2460.png,572,0,0,0.0022326919715851545,1000.8547668457031,282.9969787597656,1009.6396179199219,296.0536804199219
2460.png,572,0,0,0.0018046313198283315,572.0,223.51016235351562,577.542730808258,241.33883666992188
2460.png,572,0,0,0.0015499398577958345,998.395751953125,282.05657958984375,1008.513427734375,295.82318115234375
2470.png,0,0,0,0.01676522195339203,928.2271728515625,773.1346435546875,955.517822265625,801.0462646484375
2470.png,0,0,0,0.0030820053070783615,1001.8160400390625,647.843017578125,1024.0,681.798095703125
2470.png,768,0,2,0.0076789152808487415,1261.52001953125,402.97808837890625,1298.2759399414062,415.95684814453125
2470.png,768,0,2,0.004702407401055098,1258.65625,401.8244323730469,1320.20654296875,418.7575378417969
2470.png,768,0,0,0.0012942107859998941,928.0857543945312,773.130126953125,955.44091796875,801.7357177734375
2470.png,0,768,0,0.30556052923202515,928.3123779296875,772.7898559570312,955.0396728515625,800.8498420715332
2470.png,0,768,2,0.008942602202296257,714.1544189453125,1688.962890625,760.076416015625,1728.066650390625
2470.png,0,768,1,0.005231567658483982,651.1461791992188,1671.6883544921875,706.3507690429688,1708.1290283203125
2470.png,0,768,3,0.0027786039281636477,927.8128662109375,771.1111726760864,952.9954833984375,797.9336357116699
2470.png,0,768,0,0.0024089631624519825,695.0152587890625,1629.62109375,722.9376220703125,1650.9671630859375
2470.png,0,768,0,0.0017505965661257505,1018.64501953125,1500.20361328125,1024.0,1528.665283203125
2470.png,768,768,0,0.14290012419223785,928.1223754882812,772.6056327819824,955.0302124023438,801.1950950622559
2470.png,768,768,3,0.002844031900167465,927.3317565917969,770.9822454452515,953.4876098632812,798.5541152954102
2470.png,768,768,3,0.0013739831047132611,1027.2008056640625,768.0520677566528,1054.08349609375,775.6202039718628
2470.png,768,768,0,0.0010749209905043244,1610.7183837890625,1763.4314575195312,1634.0809326171875,1773.3778686523438
2470.png,1536,768,2,0.001613791799172759,2069.057373046875,1781.51904296875,2137.94140625,1792.0
2470.png,0,1536,1,0.570305347442627,65.77719116210938,2225.8279418945312,116.86886596679688,2255.8135375976562
2470.png,0,1536,1,0.11485549807548523,651.493408203125,1671.5361633300781,706.2138671875,1707.8505249023438
2470.png,0,1536,1,0.08064760267734528,153.56640625,2182.850341796875,196.43499755859375,2213.9781494140625
2470.png,0,1536,1,0.07011760771274567,567.2129516601562,1800.3921508789062,626.5028686523438,1847.9367065429688
2470.png,0,1536,0,0.005741935223340988,1004.5091552734375,2530.804931640625,1023.8270263671875,2548.0517578125
2470.png,0,1536,0,0.003948125056922436,1017.6031494140625,2392.6236572265625,1024.0,2417.9691162109375
2470.png,0,1536,2,0.0036883011925965548,714.2687377929688,1689.2598876953125,760.1105346679688,1727.7176818847656
2470.png,0,1536,1,0.003247000277042389,1018.1015625,2399.842041015625,1024.0,2427.47021484375
2470.png,0,1536,1,0.0018350703176110983,1016.34228515625,2372.7960205078125,1024.0,2414.6629638671875
2470.png,0,1536,1,0.0012009739875793457,285.9484558105469,2036.6596374511719,329.6971130371094,2072.1123046875
2470.png,768,1536,0,0.6811951994895935,1621.7744140625,2241.8511962890625,1660.0301513671875,2263.9486083984375
2470.png,768,1536,0,0.07489675283432007,1480.5034790039062,1964.4901123046875,1516.6500854492188,1995.642333984375
2470.png,768,1536,1,0.03784720227122307,1160.1680297851562,2300.6241455078125,1221.9972534179688,2348.4053955078125
2470.png,768,1536,0,0.033894509077072144,1203.1845703125,2053.1715087890625,1234.7646484375,2067.5577392578125
2470.png,768,1536,0,0.004828149452805519,1113.0565795898438,2172.1907348632812,1180.8525390625,2224.2261352539062
2470.png,768,1536,2,0.001893817912787199,1160.8115844726562,2300.450439453125,1221.8469848632812,2348.568603515625
2470.png,768,1536,0,0.001867626328021288,1210.9036254882812,2071.577392578125,1246.8840942382812,2087.8177490234375
2470.png,768,1536,1,0.0011307110544294119,1211.3004150390625,2071.8006591796875,1244.8848876953125,2086.9407958984375
2470.png,1536,1536,0,0.6921553015708923,1621.3280792236328,2241.3822631835938,1660.2338256835938,2264.5647583007812
2470.png,1536,1536,0,0.6896541118621826,2355.898193359375,2531.4249267578125,2398.1485595703125,2555.401123046875
2470.png,1536,1536,0,0.08761341124773026,2045.3006896972656,1995.1817321777344,2063.9552001953125,2026.9195251464844
2470.png,1536,1536,0,0.05968530476093292,2359.0689697265625,2514.0953369140625,2392.7921142578125,2535.1324462890625
2470.png,1536,1536,0,0.03099180944263935,2355.84228515625,2535.158447265625,2403.273193359375,2558.918212890625
2470.png,1536,1536,0,0.01681608147919178,2543.5411376953125,2335.832763671875,2560.0,2380.185546875
2470.png,1536,1536,1,0.015951193869113922,2544.059326171875,2346.158935546875,2560.0,2378.6845703125
2470.png,1536,1536,0,0.014217552728950977,1536.0727229118347,2182.906005859375,1551.9648094177246,2206.689697265625
2470.png,1536,1536,1,0.011856354773044586,1536.2343735694885,2182.970458984375,1551.9253406524658,2213.475341796875
2470.png,1536,1536,0,0.005223457235842943,2046.0024719238281,2006.7022705078125,2062.70068359375,2030.1751098632812
2470.png,1536,1536,2,0.003681369125843048,1536.0,1992.0361938476562,1555.1033020019531,2033.5580444335938
2470.png,1536,1536,2,0.0034180537331849337,2543.3516845703125,2335.0208740234375,2560.0,2379.4884033203125
2470.png,1536,1536,0,0.0033245966769754887,2357.917236328125,2518.025634765625,2393.089111328125,2543.228515625
2470.png,1536,1536,1,0.002997100353240967,2545.2264404296875,2358.44873046875,2560.0,2389.3731689453125
2470.png,1536,1536,2,0.002578763058409095,1536.0,1981.5211791992188,1554.2290267944336,2020.2846069335938
2470.png,1536,1536,2,0.0015166988596320152,1536.0,1994.6327209472656,1556.8513259887695,2044.1539611816406
2470.png,1536,1536,2,0.0010479619959369302,1536.0,1969.5978393554688,1552.963233947754,2013.2234497070312
2470.png,2169,1536,0,0.6510217189788818,2356.311538696289,2529.756591796875,2396.1924896240234,2554.732421875
2470.png,2169,1536,0,0.07857869565486908,2881.5104370117188,2102.3836669921875,2910.1895141601562,2125.4547119140625
2470.png,2169,1536,0,0.02357589267194271,2355.5383911132812,2532.6944580078125,2401.5645446777344,2558.5411376953125
2470.png,2169,1536,0,0.010589001700282097,2359.984817504883,2515.039794921875,2390.399124145508,2534.706298828125
2470.png,2169,1536,0,0.004802828188985586,2543.7220458984375,2338.39501953125,2588.508544921875,2378.75537109375
2470.png,2169,1536,1,0.0031070210970938206,3026.1029052734375,1730.2492980957031,3074.989990234375,1766.1359252929688
2470.png,2169,1536,0,0.003016272559762001,2191.3557891845703,2235.4451293945312,2201.3135681152344,2249.8688354492188
2470.png,2169,1536,0,0.0010855543659999967,2911.394287109375,2141.3377685546875,2940.935546875,2163.5042724609375
2470.png,0,2172,1,0.2137526422739029,67.89949035644531,2225.5078125,116.68983459472656,2255.0345764160156
2470.png,0,2172,0,0.011298413388431072,1016.544677734375,2382.176559448242,1024.0,2413.6451568603516
2470.png,0,2172,0,0.007318422663956881,1003.6051025390625,2534.4451904296875,1023.2281494140625,2548.0916748046875
2470.png,0,2172,0,0.006305183283984661,1017.301513671875,2398.787811279297,1024.0,2419.8568420410156
2470.png,0,2172,0,0.005500792525708675,40.920989990234375,2172.219246864319,52.03779602050781,2178.811809539795
2470.png,0,2172,1,0.0033413502387702465,1017.74560546875,2401.527587890625,1024.0,2429.1326599121094
2470.png,0,2172,0,0.00325021636672318,1015.1424560546875,2387.801971435547,1024.0,2416.9246520996094
2470.png,0,2172,0,0.002796557964757085,1003.05419921875,2530.4927368164062,1023.662353515625,2545.7899780273438
2470.png,0,2172,1,0.0025431071408092976,1016.25830078125,2375.0052795410156,1024.0,2415.165557861328
2470.png,0,2172,1,0.0018452106742188334,1010.740478515625,2379.5843811035156,1024.0,2414.993438720703
2470.png,0,2172,0,0.001567173982039094,1015.4361572265625,2401.1188049316406,1024.0,2436.0099182128906
2470.png,0,2172,0,0.0010754700051620603,29.52853012084961,2172.010431289673,47.40163803100586,2176.9334325790405
2470.png,768,2172,1,0.5661640167236328,1160.6385498046875,2300.1290283203125,1221.8377685546875,2349.0010375976562
2470.png,768,2172,0,0.12719063460826874,1087.4134521484375,2172.0,1130.300048828125,2186.0550575256348
2470.png,768,2172,0,0.06401313096284866,1087.0214233398438,2172.33211517334,1119.4345092773438,2185.501181602478
2470.png,768,2172,1,0.01324788760393858,1095.2723388671875,2352.5714111328125,1146.88818359375,2391.722412109375
2470.png,768,2172,0,0.006153418216854334,1089.3331909179688,2172.289577484131,1131.8880004882812,2190.9780921936035
2470.png,768,2172,0,0.002705575432628393,1622.838623046875,2242.370933532715,1659.80029296875,2263.209144592285
2470.png,768,2172,0,0.0020780819468200207,1092.6690673828125,2172.282262802124,1135.1546630859375,2195.8966579437256
2470.png,768,2172,0,0.0019331788644194603,775.2262811660767,2172.0,806.7577972412109,2177.6266651153564
2470.png,768,2172,1,0.00154656614176929,1785.848876953125,2402.0677795410156,1792.0,2450.313995361328
2470.png,768,2172,1,0.001012932974845171,1079.2161865234375,2172.397720336914,1108.9307861328125,2184.70130443573
2470.png,1536,2172,0,0.034017473459243774,2542.948974609375,2335.67138671875,2560.0,2379.0188598632812
2470.png,1536,2172,2,0.025435982272028923,2543.6173095703125,2339.3306884765625,2560.0,2379.1531677246094
2470.png,1536,2172,1,0.020613212138414383,2543.697265625,2344.431915283203,2560.0,2378.7464904785156
2470.png,1536,2172,0,0.015051844529807568,2356.9338989257812,2531.4619750976562,2399.9723510742188,2556.3579711914062
2470.png,1536,2172,0,0.01172585878521204,2539.289306640625,2838.8798217773438,2559.918701171875,2880.7052612304688
2470.png,1536,2172,2,0.004465428180992603,2540.41455078125,2331.4515991210938,2560.0,2380.0123596191406
2470.png,1536,2172,0,0.004247498232871294,2545.392578125,2832.6815795898438,2560.0,2872.2284545898438
2470.png,1536,2172,0,0.0016352004604414105,2325.4724731445312,2475.3238525390625,2369.3262329101562,2508.5369262695312
2470.png,1536,2172,2,0.0013508686097338796,2121.12255859375,2172.034825325012,2137.755126953125,2181.4481468200684
2470.png,1536,2172,0,0.001289993990212679,2549.431396484375,2828.0869140625,2560.0,2864.229248046875
2470.png,1536,2172,0,0.0012056929990649223,2360.0487060546875,2515.0009765625,2390.5537109375,2535.1073608398438
2470.png,2169,2172,1,0.00604742206633091,2634.1573486328125,2343.8031005859375,2687.667724609375,2392.3670043945312
2470.png,2169,2172,0,0.00316381873562932,2543.9609375,2339.128631591797,2588.5484619140625,2379.2943725585938
2470.png,2169,2172,0,0.0023943206761032343,2190.699535369873,2172.1429715156555,2207.825092315674,2178.5739941596985
2470.png,2169,2172,0,0.0018628910183906555,2169.6519804000854,2172.608097076416,2183.3978242874146,2189.442506790161
2470.png,2169,2172,0,0.0013241374399513006,2357.664093017578,2532.3383178710938,2401.610565185547,2556.90283203125
2470.png,2169,2172,0,0.0012099999003112316,2183.3931827545166,2172.0,2200.7918376922607,2177.5163040161133
2470.png,2169,2172,0,0.0010982962558045983,2187.365867614746,2172.0805158615112,2207.2033462524414,2180.3304948806763
2472.png,0,0,0,0.05432112514972687,62.20562744140625,739.492431640625,84.41500854492188,757.0130615234375
2472.png,768,0,1,0.5855916738510132,1337.3978881835938,807.54296875,1393.5481567382812,831.2403564453125
2472.png,768,0,2,0.5268106460571289,1218.2295532226562,798.757080078125,1275.1346435546875,833.66748046875
2472.png,768,0,1,0.005134339910000563,1217.6784057617188,799.1092529296875,1276.3184204101562,833.671875
2472.png,768,0,2,0.0033026484306901693,1491.2948608398438,987.310302734375,1521.3370971679688,1023.81201171875
2472.png,768,0,0,0.0030486476607620716,1642.4430541992188,958.190673828125,1649.6174926757812,970.920654296875
2472.png,768,0,0,0.002928981324657798,1371.98583984375,609.7039794921875,1380.76904296875,622.5821533203125
2472.png,768,0,2,0.001539413700811565,1374.5111083984375,610.461181640625,1380.8458251953125,623.2542724609375
2472.png,768,0,2,0.0011206131894141436,1532.362548828125,705.25732421875,1549.7874755859375,716.09033203125
2472.png,768,0,0,0.001033485634252429,1374.822509765625,610.3272705078125,1384.04833984375,623.3936767578125
2472.png,1536,0,0,0.005039701238274574,1536.0812273025513,704.3981323242188,1548.4949045181274,717.6399536132812
2472.png,1536,0,2,0.0027047262992709875,1536.0,704.489501953125,1548.6802940368652,717.814697265625
2472.png,0,768,0,0.0012082637986168265,819.3867797851562,1206.7624816894531,845.3003540039062,1232.6794738769531
2472.png,768,768,1,0.8842685222625732,1338.3214111328125,807.4982681274414,1394.3057861328125,831.3179550170898
2472.png,768,768,2,0.5886074304580688,1217.8077392578125,799.9060897827148,1275.1455078125,833.2863693237305
2472.png,768,768,1,0.16742362082004547,1282.363525390625,787.3181915283203,1336.15576171875,812.0181198120117
2472.png,768,768,1,0.10491937398910522,1218.6051025390625,799.5394134521484,1275.64453125,833.7935638427734
2472.png,768,768,1,0.03023110330104828,1519.5148315429688,1523.0587768554688,1583.3274536132812,1553.4911499023438
2472.png,768,768,0,0.023030344396829605,1555.5379638671875,773.0300998687744,1570.310302734375,783.1413669586182
2472.png,768,768,2,0.010148492641746998,1282.7027587890625,787.6652641296387,1336.2017822265625,812.145133972168
2472.png,768,768,0,0.0049475752748548985,1553.4689331054688,771.7959713935852,1569.5880737304688,781.9858684539795
2472.png,768,768,1,0.0027665141969919205,1123.1068420410156,1036.96337890625,1192.2115173339844,1067.699951171875
2472.png,768,768,2,0.0026714811101555824,1670.2425537109375,1779.934326171875,1696.5836181640625,1791.8878173828125
2472.png,768,768,0,0.0023481380194425583,1550.009521484375,770.9810495376587,1567.7232666015625,778.0160293579102
2472.png,768,768,0,0.002199366921558976,1672.6061401367188,1782.8353271484375,1697.0697631835938,1791.8658447265625
2472.png,768,768,0,0.002170058200135827,1541.0370483398438,768.2601089477539,1558.7318725585938,773.4068756103516
2472.png,768,768,1,0.0019150448497384787,1443.765380859375,783.8047924041748,1485.11083984375,799.4853763580322
2472.png,768,768,0,0.0017807419644668698,1461.8057861328125,1779.8917236328125,1475.237548828125,1791.9661865234375
2472.png,768,768,0,0.0015715056797489524,1530.0618286132812,768.1805777549744,1546.0635375976562,773.0122761726379
2472.png,768,768,2,0.0015141734620556235,1670.254150390625,1776.147216796875,1696.3182373046875,1790.1566162109375
2472.png,768,768,1,0.0015108780935406685,1286.806396484375,815.2737655639648,1343.71484375,835.98974609375
2472.png,768,768,0,0.0014832342276349664,1088.0412902832031,1000.6028900146484,1106.4314880371094,1057.156005859375
2472.png,768,768,2,0.0014701385516673326,1296.0888671875,768.0,1354.6689453125,773.1852231025696
2472.png,768,768,0,0.0012242997763678432,1538.8765869140625,769.3941993713379,1552.949951171875,777.897439956665
2472.png,768,768,0,0.0012193797156214714,1557.6848754882812,772.498293876648,1572.3445434570312,782.1100034713745
2472.png,768,768,2,0.0011501975823193789,1320.3399658203125,768.0043091773987,1376.9583740234375,773.3126540184021
2472.png,768,768,0,0.0010417585726827383,1668.03857421875,1764.56787109375,1695.703857421875,1778.070556640625
2472.png,768,768,1,0.001028137980028987,1479.4367065429688,768.5487289428711,1510.6630249023438,781.6801900863647
2472.png,768,768,0,0.0010043168440461159,1562.0457763671875,769.7225985527039,1574.9705810546875,773.9109282493591
2472.png,768,768,0,0.0010028878459706903,1663.53369140625,772.9790878295898,1679.917236328125,782.4923763275146
2472.png,1536,768,2,0.04465535655617714,1941.7190551757812,1085.5019226074219,1969.7704467773438,1100.9188537597656
2472.png,1536,768,0,0.02362125553190708,1554.6439590454102,773.1083779335022,1569.8744354248047,782.6876201629639
2472.png,1536,768,0,0.009262602776288986,1941.550048828125,1085.5311889648438,1970.0025634765625,1100.857177734375
2472.png,1536,768,2,0.00544365681707859,1668.0747833251953,1764.514892578125,1695.5045623779297,1777.934814453125
2472.png,1536,768,2,0.005250503774732351,1670.3966369628906,1779.94189453125,1696.3800354003906,1791.920166015625
2472.png,1536,768,2,0.002842362504452467,1670.4341888427734,1776.04931640625,1696.2211151123047,1789.959228515625
2472.png,1536,768,2,0.0028153143357485533,1672.7600860595703,1782.6387329101562,1696.6411590576172,1791.9954223632812
2472.png,1536,768,0,0.0015028822235763073,1536.0897054672241,772.3589305877686,1546.5861015319824,782.693193435669
2472.png,0,1536,1,0.003479910548776388,705.5841674804688,2204.0489501953125,744.9951782226562,2228.9132080078125
2472.png,0,1536,0,0.0033703262452036142,810.3442993164062,2552.7451171875,830.4013061523438,2560.0
2472.png,0,1536,0,0.001765574561432004,817.0196533203125,2552.6529541015625,837.6275634765625,2560.0
2472.png,0,1536,0,0.0012428873451426625,521.9200439453125,2171.362548828125,575.4244384765625,2186.78271484375
2472.png,768,1536,0,0.0026282831095159054,807.8678588867188,2552.6273193359375,830.5137481689453,2560.0
2472.png,768,1536,0,0.0013188079465180635,816.3015670776367,2552.5313720703125,838.7708282470703,2560.0
2472.png,1536,1536,2,0.6541993021965027,2082.749755859375,1946.1423034667969,2131.829833984375,1967.6874084472656
2472.png,1536,1536,1,0.09057632088661194,2477.8326416015625,2548.8013916015625,2530.4896240234375,2560.0
2472.png,1536,1536,2,0.0745067372918129,2197.44873046875,1817.8664855957031,2242.591552734375,1837.4065246582031
2472.png,1536,1536,1,0.0075830877758562565,1896.6044311523438,1963.9852905273438,1954.1271362304688,1988.8696899414062
2472.png,1536,1536,1,0.006837864872068167,2050.9093017578125,1972.7284851074219,2131.2857666015625,2027.3524475097656
2472.png,1536,1536,2,0.005081425420939922,2244.06982421875,2017.0834045410156,2273.037109375,2030.9986877441406
2472.png,1536,1536,1,0.004528605844825506,2031.5499267578125,1930.2197265625,2079.1717529296875,1953.599609375
2472.png,1536,1536,1,0.003884760895743966,2099.0527954101562,2329.3668212890625,2111.2151489257812,2370.656005859375
2472.png,1536,1536,1,0.0019294818630442023,1953.45751953125,1896.3076171875,2003.18896484375,1926.8121337890625
2472.png,1536,1536,2,0.00167418725322932,2551.9093627929688,1699.5262145996094,2559.9761352539062,1723.9122009277344
2472.png,1536,1536,2,0.0015679814387112856,2549.8602294921875,1703.6766357421875,2560.0,1744.845458984375
2472.png,1536,1536,1,0.0014345325762405992,1898.4089660644531,1928.8456420898438,1949.7267150878906,1953.8943481445312
2472.png,1536,1536,2,0.0013437049929052591,2553.458984375,1684.3072509765625,2560.0,1720.6731567382812
2472.png,1536,1536,2,0.0012634438462555408,2547.3516845703125,1699.2519836425781,2560.0,1724.2447814941406
2472.png,1536,1536,2,0.0012598753673955798,2547.4803466796875,1703.0974731445312,2560.0,1734.8803100585938
2472.png,2169,1536,1,0.03545262664556503,2482.1229858398438,2549.88134765625,2530.2454223632812,2560.0
2472.png,2169,1536,2,0.003254152135923505,2242.2605590820312,2016.6967163085938,2273.5862426757812,2031.3465576171875
2472.png,2169,1536,1,0.0010670084739103913,2475.1956787109375,2547.8751220703125,2529.64013671875,2560.0
2472.png,2169,1536,2,0.0010163665283471346,2197.55460357666,1817.8408203125,2243.6673583984375,1836.645263671875
2472.png,0,2172,1,0.6796442270278931,950.1475830078125,2607.082763671875,974.5863037109375,2658.2471923828125
2472.png,0,2172,1,0.22819364070892334,1001.7447509765625,2875.0419921875,1023.3973388671875,2927.698974609375
2472.png,0,2172,2,0.06062034144997597,982.6534423828125,3108.7048950195312,1024.0,3141.6222534179688
2472.png,0,2172,1,0.023804327473044395,983.0263671875,3109.3822021484375,1024.0,3141.1097412109375
2472.png,0,2172,0,0.00405860086902976,229.28411865234375,2701.9176025390625,245.413330078125,2714.5264892578125
2472.png,0,2172,1,0.002940224017947912,707.0982666015625,2205.5609283447266,746.2122802734375,2229.7620010375977
2472.png,0,2172,1,0.002886485541239381,1011.5213623046875,2910.2473754882812,1023.4156494140625,2930.0181274414062
2472.png,0,2172,1,0.001949821598827839,1017.3720703125,2936.40234375,1024.0,2962.7684326171875
2472.png,0,2172,0,0.0017431537853553891,227.06585693359375,2703.1218872070312,241.15850830078125,2715.3286743164062
2472.png,0,2172,1,0.0016412327531725168,1015.2635498046875,2937.4889526367188,1024.0,2973.7124633789062
2472.png,0,2172,1,0.00162247265689075,1015.2796630859375,2915.475830078125,1023.7786865234375,2932.216552734375
2472.png,0,2172,0,0.0015013809315860271,231.11814880371094,2699.2154541015625,247.0951385498047,2712.5989990234375
2472.png,0,2172,2,0.0014625652693212032,672.6492309570312,3186.9725341796875,693.1216430664062,3196.0
2472.png,0,2172,1,0.0011185707990080118,1017.97265625,2927.4019165039062,1024.0,2951.7487182617188
2472.png,0,2172,0,0.0010450134286656976,469.9529113769531,2938.2745361328125,486.2180480957031,2956.3797607421875
2472.png,768,2172,1,0.77790367603302,1640.144775390625,2880.8184814453125,1697.6396484375,2907.1492919921875
2472.png,768,2172,1,0.7011100649833679,982.3313903808594,3109.3615112304688,1029.1323852539062,3140.0779418945312
2472.png,768,2172,1,0.6750643849372864,1643.614990234375,2889.4539794921875,1702.988525390625,2919.1842041015625
2472.png,768,2172,1,0.5534859895706177,950.3476257324219,2607.132110595703,974.4540100097656,2658.367645263672
2472.png,768,2172,1,0.19301766157150269,1636.3605346679688,2871.5968017578125,1693.1022338867188,2896.2366943359375
2472.png,768,2172,2,0.05412454530596733,1757.5518798828125,2785.4508666992188,1792.0,2813.7312622070312
2472.png,768,2172,2,0.053890570998191833,1634.408447265625,2868.4434204101562,1691.943359375,2895.2677612304688
2472.png,768,2172,1,0.01664576679468155,1687.2525024414062,2815.1507568359375,1752.5476684570312,2836.2296142578125
2472.png,768,2172,2,0.014389989897608757,1686.4785766601562,2821.4481811523438,1753.1211547851562,2835.9888305664062
2472.png,768,2172,2,0.009941781871020794,1687.184326171875,2815.8632202148438,1746.7822265625,2835.8993530273438
2472.png,768,2172,1,0.008024407550692558,1638.2858276367188,2877.7836303710938,1694.9690551757812,2900.2645874023438
2472.png,768,2172,2,0.005846506450325251,1757.3326416015625,2795.443603515625,1791.6810302734375,2813.78515625
2472.png,768,2172,0,0.005299953743815422,1002.1922912597656,2875.0274658203125,1022.4464416503906,2924.4866943359375
2472.png,768,2172,1,0.002753316890448332,1638.9664306640625,2887.7269287109375,1687.5938720703125,2907.0299072265625
2472.png,1536,2172,1,0.7219653129577637,1640.1404495239258,2880.8262939453125,1697.7489013671875,2907.1121826171875
2472.png,1536,2172,1,0.5980701446533203,1643.6252670288086,2889.9549560546875,1702.9784240722656,2919.2364501953125
2472.png,1536,2172,1,0.41173070669174194,2069.8126831054688,2714.6434326171875,2125.7777709960938,2736.04638671875
2472.png,1536,2172,1,0.27627959847450256,2072.2704467773438,2736.6826782226562,2131.0811157226562,2757.3250122070312
2472.png,1536,2172,0,0.2557279169559479,2066.6910400390625,2690.506103515625,2121.6256103515625,2716.24267578125
2472.png,1536,2172,1,0.1650690734386444,1636.3928527832031,2871.8651123046875,1693.2251586914062,2896.1683349609375
2472.png,1536,2172,1,0.10774202644824982,2095.0137939453125,2826.0820922851562,2148.368408203125,2839.0650024414062
2472.png,1536,2172,1,0.0730615109205246,1642.9447479248047,2884.2446899414062,1699.734603881836,2915.7400512695312
2472.png,1536,2172,1,0.07149863988161087,2086.734130859375,2775.612548828125,2139.14501953125,2796.572509765625
2472.png,1536,2172,2,0.057044025510549545,2357.029296875,2838.4373779296875,2409.012939453125,2865.752197265625
2472.png,1536,2172,2,0.03596706688404083,1634.3163757324219,2868.303955078125,1691.9141387939453,2895.1859130859375
2472.png,1536,2172,2,0.03270192816853523,1686.2098693847656,2820.9122924804688,1754.095703125,2835.8136596679688
2472.png,1536,2172,2,0.024127451702952385,1686.783187866211,2815.4508056640625,1747.8071746826172,2835.9261474609375
2472.png,1536,2172,1,0.021805955097079277,2150.2843627929688,2600.9064331054688,2164.5739135742188,2631.3139038085938
2472.png,1536,2172,1,0.017308998852968216,1686.7629089355469,2814.684814453125,1753.2471008300781,2836.238037109375
2472.png,1536,2172,1,0.015130815096199512,2066.55712890625,2691.476806640625,2122.401123046875,2716.2548828125
2472.png,1536,2172,1,0.013060650788247585,2128.12939453125,2672.6047973632812,2141.0400390625,2710.9508666992188
2472.png,1536,2172,2,0.011455229483544827,2066.6812744140625,2690.1710205078125,2121.2840576171875,2717.0382080078125
2472.png,1536,2172,1,0.007719377055764198,2180.66015625,3188.3233642578125,2203.630126953125,3196.0
2472.png,1536,2172,1,0.007308975327759981,2287.3193359375,2698.1866455078125,2314.73876953125,2754.625
2472.png,1536,2172,1,0.0068686907179653645,2185.8438720703125,3187.3804931640625,2220.3011474609375,3196.0
2472.png,1536,2172,1,0.0056457193568348885,1638.4067993164062,2877.9833374023438,1695.1712341308594,2900.2090454101562
2472.png,1536,2172,1,0.0053958590142428875,2172.4879760742188,3187.9283447265625,2201.5991821289062,3196.0
2472.png,1536,2172,0,0.005014493595808744,2315.859375,2670.17529296875,2329.036376953125,2691.1048583984375
2472.png,1536,2172,1,0.004507654346525669,2356.6234130859375,2838.1345825195312,2408.7066650390625,2865.8339233398438
2472.png,1536,2172,1,0.003617599606513977,1638.9484100341797,2887.7429809570312,1687.182632446289,2906.9979858398438
2472.png,1536,2172,1,0.0028782712761312723,2156.4130859375,3187.4737548828125,2202.059814453125,3196.0
2472.png,1536,2172,0,0.002048839582130313,2175.427734375,3161.1365966796875,2202.3331298828125,3179.0511474609375
2472.png,1536,2172,1,0.0020161422435194254,2099.157958984375,2329.755126953125,2110.298583984375,2369.6318359375
2472.png,1536,2172,0,0.001954423962160945,2286.7664794921875,2699.8214721679688,2314.9163818359375,2754.2061157226562
2472.png,1536,2172,2,0.0015693361638113856,2479.443603515625,2547.60107421875,2531.7109375,2570.6832275390625
2472.png,1536,2172,3,0.0014587263576686382,2095.30517578125,2826.47216796875,2147.3818359375,2840.01611328125
2472.png,1536,2172,0,0.0012161064660176635,2152.176513671875,2807.1926879882812,2162.260009765625,2835.4739379882812
2472.png,1536,2172,2,0.00111013266723603,2066.7520751953125,2701.743408203125,2125.147216796875,2719.99072265625
2472.png,2169,2172,1,0.20389819145202637,2356.3973083496094,2837.951904296875,2409.121795654297,2865.31494140625
2472.png,2169,2172,1,0.0693058967590332,2287.4305877685547,2699.56640625,2315.445114135742,2755.279052734375
2472.png,2169,2172,2,0.05064599588513374,2357.462371826172,2838.1373901367188,2408.727264404297,2865.6740112304688
2472.png,2169,2172,2,0.03920762985944748,2657.1316528320312,3018.170166015625,2706.6371459960938,3043.2216796875
2472.png,2169,2172,0,0.02568264864385128,2316.6038818359375,2669.6382446289062,2329.0046997070312,2692.6500854492188
2472.png,2169,2172,1,0.020380517467856407,2172.8021812438965,3161.84716796875,2202.605567932129,3179.083740234375
2472.png,2169,2172,1,0.017312243580818176,2176.2838735580444,3187.5474853515625,2205.16951751709,3196.0
2472.png,2169,2172,0,0.006555777974426746,2173.3870429992676,3161.8206176757812,2202.792209625244,3179.1279907226562
2472.png,2169,2172,2,0.004446715582162142,2184.7775497436523,3187.817626953125,2224.264923095703,3196.0
2472.png,2169,2172,1,0.0037631001323461533,2170.529667854309,3182.0365600585938,2200.754367828369,3195.7748413085938
2472.png,2169,2172,2,0.0014241881435737014,2183.1871032714844,3189.8448486328125,2219.4568634033203,3196.0
2543.png,0,0,0,0.0055044060572981834,1010.994873046875,284.5948486328125,1023.961181640625,303.2725830078125
2543.png,0,0,0,0.0027779920492321253,1011.091796875,276.1243591308594,1024.0,300.4863586425781
2543.png,0,0,2,0.0024956283159554005,951.0901489257812,0.03237342834472656,1014.9380493164062,21.163433074951172
2543.png,0,0,0,0.0018497356213629246,895.021484375,0.0,941.975341796875,9.449697494506836
2543.png,0,0,0,0.0015156982699409127,1012.454345703125,268.6349792480469,1024.0,300.5279235839844
2543.png,0,0,0,0.0014846898848190904,887.7886352539062,0.0,934.1691284179688,8.574677467346191
2543.png,0,0,0,0.001349740196019411,894.35595703125,0.3795585632324219,940.865234375,12.875089645385742
2543.png,0,0,3,0.0012865725439041853,0.004171848297119141,468.8984680175781,6.79672908782959,492.8210144042969
2543.png,0,0,1,0.0012017200933769345,935.284423828125,0.09911727905273438,1008.086181640625,14.664178848266602
2543.png,0,0,1,0.00104195112362504,245.60537719726562,429.6689147949219,290.4554748535156,466.9294128417969
2543.png,0,0,1,0.001005148165859282,937.8467407226562,0.5138816833496094,1003.1797485351562,25.358062744140625
2543.png,768,0,0,0.0019753887318074703,895.1868286132812,0.0,936.9013977050781,9.153383255004883
2543.png,768,0,1,0.0013231472112238407,1618.694091796875,1009.0084228515625,1675.7373046875,1024.0
2543.png,768,0,0,0.0012830120977014303,894.3495635986328,0.40636348724365234,937.8891754150391,12.862119674682617
2543.png,768,0,1,0.0010292233200743794,768.0522918701172,270.98651123046875,800.1437683105469,316.421142578125
2543.png,1888,0,0,0.005338787101209164,2882.0421142578125,0.0,2905.850830078125,11.783109664916992
2543.png,1888,0,0,0.0011439447989687324,2889.701904296875,0.0,2911.1103515625,11.75758171081543
2543.png,0,768,3,0.021961625665426254,0.0,768.0,19.127168655395508,776.3547172546387
2543.png,0,768,3,0.008306063711643219,361.5625,1597.4124755859375,388.51043701171875,1626.6744384765625
2543.png,0,768,3,0.00385619536973536,0.0,768.2600536346436,18.412002563476562,788.3690567016602
2543.png,0,768,0,0.0027898005209863186,1009.832763671875,1136.5913391113281,1024.0,1181.6893615722656
2543.png,0,768,0,0.0024505264591425657,1011.1702880859375,1146.7085571289062,1024.0,1186.6430053710938
2543.png,0,768,1,0.0018414714140817523,880.51171875,1183.1705322265625,915.613525390625,1212.6622314453125
2543.png,0,768,3,0.0014651922974735498,0.0,768.0,12.841568946838379,777.3083248138428
2543.png,0,768,3,0.0013435130240395665,0.2107553482055664,768.0,13.216240882873535,786.6427993774414
2543.png,0,768,3,0.0011144609889015555,351.7405090332031,768.1495609283447,390.4722595214844,776.3354454040527
2543.png,768,768,0,0.007582836784422398,768.0455188751221,1645.4999389648438,784.8449954986572,1663.0630493164062
2543.png,768,768,1,0.0020907369907945395,1121.7432250976562,768.0,1173.1912231445312,779.2779397964478
2543.png,768,768,1,0.0012547319056466222,880.7799530029297,1183.2724609375,915.6422271728516,1212.6531982421875
2543.png,768,768,1,0.0011751943966373801,1106.2118530273438,768.0,1163.5985717773438,776.1251573562622
2543.png,1536,768,0,0.009950125589966774,1985.4655151367188,768.0,1997.9924926757812,776.253680229187
2543.png,1536,768,0,0.0018877877155318856,1977.4271850585938,768.1304640769958,1996.4736938476562,775.1821579933167
2543.png,1536,768,3,0.001502719707787037,1837.2898559570312,768.0165109634399,1879.6661987304688,776.9210176467896
2543.png,1888,768,0,0.00834012683480978,1888.0,1060.2733764648438,1914.3123512268066,1085.9917602539062
2543.png,1888,768,0,0.007422022521495819,1985.299659729004,768.0,1998.127555847168,776.2421808242798
2543.png,1888,768,2,0.005709728226065636,1888.0,1669.70361328125,1913.320650100708,1697.2275390625
2543.png,1888,768,0,0.0017350510461255908,1977.1532440185547,768.1269040107727,1996.6281280517578,775.0955653190613
2543.png,1888,768,0,0.0012914815451949835,2896.5909423828125,1741.294189453125,2911.7010498046875,1762.694091796875
2543.png,0,1404,3,0.004816474858671427,362.8855285644531,1597.8151092529297,387.5951843261719,1624.9928436279297
2543.png,768,1404,0,0.011445773765444756,768.0,1643.369873046875,783.0825653076172,1661.9404907226562
2543.png,768,1404,0,0.0054602790623903275,1470.2012329101562,1826.0864868164062,1495.7141723632812,1851.4736938476562
2543.png,768,1404,1,0.0019057791214436293,1784.188720703125,1701.7520751953125,1792.0,1736.4979248046875
2543.png,768,1404,0,0.0017730293329805136,768.1144905090332,1646.1490478515625,779.8634490966797,1669.4639282226562
2543.png,768,1404,0,0.0017523198621347547,890.4711303710938,1930.3550415039062,907.8417358398438,1946.3229370117188
2543.png,768,1404,0,0.001132937497459352,1783.6767578125,1706.8942565917969,1792.0,1736.8501892089844
2543.png,768,1404,0,0.0010806132340803742,1621.2271728515625,1885.0338745117188,1645.1539306640625,1904.0162963867188
2543.png,1536,1404,0,0.004084194544702768,1620.9264831542969,1884.9859619140625,1645.1349487304688,1903.9614868164062
2543.png,1536,1404,1,0.0012835683301091194,2304.716552734375,2416.9122314453125,2330.2562255859375,2427.6512451171875
2543.png,1888,1404,2,0.003191657830029726,1888.0,1670.9083251953125,1910.489107131958,1697.0708618164062
2543.png,1888,1404,1,0.0010984940454363823,2304.628143310547,2416.8283081054688,2330.361541748047,2427.6780395507812
2543.png,1888,1404,1,0.0010126081760972738,2736.2728881835938,2415.2479248046875,2754.0631713867188,2427.5474853515625
31.png,0,0,1,0.8862097263336182,251.76158142089844,367.2664489746094,298.364013671875,403.2317199707031
31.png,0,0,0,0.09216124564409256,74.37884521484375,0.00647735595703125,95.52030944824219,9.569501876831055
31.png,0,0,1,0.03531758859753609,185.63088989257812,320.44671630859375,237.01345825195312,360.58624267578125
31.png,0,0,2,0.008184890262782574,884.1943969726562,778.7536010742188,932.0929565429688,816.8856811523438
31.png,0,0,1,0.004019470419734716,636.034912109375,916.8741455078125,685.593994140625,951.7305908203125
31.png,0,0,0,0.0036130372900515795,185.76048278808594,321.01824951171875,237.0709991455078,360.36468505859375
31.png,0,0,0,0.0018728880677372217,77.8521957397461,0.12267732620239258,102.58759307861328,7.5749921798706055
31.png,0,0,0,0.0018129099626094103,77.05520629882812,0.1669292449951172,96.02871704101562,12.084746360778809
31.png,768,0,1,0.6360657215118408,1039.2124633789062,591.1618041992188,1085.3029174804688,621.3030395507812
31.png,768,0,1,0.5258179903030396,1723.556396484375,800.1400146484375,1772.386474609375,825.8980712890625
31.png,768,0,1,0.3087230324745178,1341.8992919921875,812.0906982421875,1390.3616943359375,846.0350341796875
31.png,768,0,0,0.00865981262177229,1486.8423461914062,0.0296478271484375,1504.8992309570312,5.872005462646484
31.png,768,0,0,0.006906254217028618,1489.9024047851562,0.004944801330566406,1515.7963256835938,5.544732570648193
31.png,768,0,2,0.002845640294253826,884.1567840576172,778.6058349609375,932.0688018798828,816.8385009765625
31.png,768,0,1,0.002444414421916008,1732.70703125,780.8709106445312,1775.236328125,804.4777221679688
31.png,768,0,1,0.0022578611969947815,1722.49072265625,793.466064453125,1773.2529296875,823.08740234375
31.png,1536,0,1,0.5108954310417175,1723.6691589355469,799.6525268554688,1772.6180114746094,825.3153686523438
31.png,1536,0,1,0.0011401012307032943,1726.1620635986328,787.5064697265625,1772.0562591552734,810.6900634765625
31.png,0,768,0,0.02293677069246769,767.9261474609375,1782.0997314453125,787.008056640625,1791.6871337890625
31.png,0,768,1,0.006639018189162016,636.395751953125,916.6430053710938,685.169189453125,951.1723022460938
31.png,0,768,0,0.0024792770855128765,1005.9169921875,1528.911865234375,1023.29052734375,1550.74609375
31.png,0,768,1,0.0016477219760417938,46.71913146972656,1781.364501953125,68.92626953125,1792.0
31.png,768,768,1,0.4542059600353241,1723.64013671875,800.0759963989258,1772.6639404296875,825.9950485229492
31.png,768,768,1,0.1796436607837677,1342.0323486328125,812.2792739868164,1390.0887451171875,845.986946105957
31.png,768,768,1,0.0676329955458641,1076.580078125,1351.521240234375,1104.8477783203125,1373.2474365234375
31.png,768,768,0,0.047849494963884354,782.4918413162231,768.1103935241699,796.4367561340332,775.6896018981934
31.png,768,768,0,0.023237140849232674,1239.7960205078125,768.000726222992,1260.10009765625,773.8199224472046
31.png,768,768,0,0.010631154291331768,1243.0106811523438,768.0377159118652,1264.6244506835938,773.7416801452637
31.png,768,768,1,0.007340088486671448,1728.8533935546875,782.0273590087891,1777.3829345703125,805.1080703735352
31.png,768,768,1,0.005801638122648001,1048.2496948242188,1387.92626953125,1070.1438598632812,1419.620361328125
31.png,768,768,0,0.005021392833441496,1446.1607666015625,771.1094436645508,1457.3218994140625,784.206356048584
31.png,768,768,0,0.004081110004335642,778.7474231719971,768.0,794.4667339324951,774.4709692001343
31.png,768,768,0,0.003885034006088972,768.8694305419922,1783.0291748046875,786.9761047363281,1791.5093994140625
31.png,768,768,0,0.0028626620769500732,1150.1124877929688,1230.9470825195312,1182.5607299804688,1252.7162475585938
31.png,768,768,1,0.002730984939262271,1726.16357421875,786.8212814331055,1771.26708984375,807.808895111084
31.png,768,768,1,0.002217737725004554,1227.8353576660156,768.0,1258.8413391113281,773.8431348800659
31.png,768,768,1,0.002154398011043668,1723.189697265625,794.6264572143555,1773.2374267578125,822.3053436279297
31.png,768,768,0,0.001689669443294406,768.0,781.2538175582886,773.295569896698,796.5635566711426
31.png,768,768,0,0.0011716344160959125,1443.73974609375,770.2074055671692,1455.46728515625,783.116283416748
31.png,768,768,0,0.0010717547265812755,1156.2061767578125,1265.76416015625,1171.48291015625,1276.9196166992188
31.png,1536,768,1,0.2738144099712372,1723.616943359375,799.7728462219238,1772.59716796875,825.7141380310059
31.png,1536,768,2,0.003320315619930625,2133.3681030273438,1739.661865234375,2168.9365844726562,1782.78369140625
31.png,1536,768,1,0.002800034824758768,1725.7911682128906,787.0782012939453,1771.2618713378906,808.8814277648926
31.png,2070,768,1,0.8219306468963623,2625.0987548828125,1630.6890869140625,2667.9332275390625,1665.0460205078125
31.png,2070,768,0,0.007592786569148302,3013.6981201171875,1659.271484375,3048.945068359375,1677.652099609375
31.png,2070,768,2,0.0017072942573577166,2183.917007446289,1204.8719482421875,2194.819122314453,1212.4603271484375
31.png,0,1536,0,0.014295512810349464,767.5745849609375,1782.4889221191406,786.8382568359375,1791.2991333007812
31.png,0,1536,2,0.0019147414714097977,685.55029296875,2167.334228515625,714.2852783203125,2195.209716796875
31.png,0,1536,0,0.0011322945356369019,43.61848449707031,2287.832275390625,58.42608642578125,2313.2080078125
31.png,768,1536,1,0.11326092481613159,1771.4654541015625,2048.9248046875,1792.0,2089.177001953125
31.png,768,1536,1,0.030051399022340775,1772.1658935546875,2048.9071655273438,1792.0,2076.1268920898438
31.png,768,1536,0,0.018271291628479958,768.2459754943848,1782.0864868164062,786.8456993103027,1791.269775390625
31.png,768,1536,1,0.004704376216977835,1772.7132568359375,2050.44970703125,1792.0,2107.624755859375
31.png,768,1536,4,0.0028275575023144484,1150.3260498046875,2534.08642578125,1177.1082153320312,2559.9287109375
31.png,768,1536,1,0.002636752789840102,768.3213882446289,1782.9461669921875,784.0443801879883,1796.484130859375
31.png,768,1536,1,0.0018722346285358071,1719.7191162109375,1998.7225952148438,1761.1551513671875,2028.4586791992188
31.png,768,1536,0,0.0016226039733737707,768.0,2209.81591796875,775.5443835258484,2230.4439697265625
31.png,1536,1536,1,0.14188551902770996,2539.1572265625,2454.3615112304688,2560.0,2487.0303344726562
31.png,1536,1536,1,0.015358821488916874,1944.8792114257812,2104.2601318359375,1984.8475341796875,2135.4813232421875
31.png,1536,1536,1,0.013853626325726509,2541.965087890625,2454.3482055664062,2560.0,2500.5308227539062
31.png,1536,1536,1,0.011253842152655125,1807.9370422363281,2016.1116943359375,1848.6623840332031,2045.1278076171875
31.png,1536,1536,1,0.007133009377866983,1719.7166137695312,1999.3414916992188,1761.339599609375,2028.0501098632812
31.png,1536,1536,1,0.004909925162792206,2267.204345703125,2361.0524291992188,2305.431396484375,2391.7693481445312
31.png,1536,1536,1,0.0026874663308262825,1543.7908067703247,2548.8321533203125,1567.3603401184082,2560.0
31.png,1536,1536,1,0.0019987537525594234,1987.5929565429688,2269.14111328125,2025.0841674804688,2299.222412109375
31.png,1536,1536,0,0.0019403877668082714,2001.0385131835938,2508.3076171875,2019.8930053710938,2524.828857421875
31.png,2070,1536,1,0.7785424590110779,2626.40087890625,1631.5043640136719,2667.834716796875,1664.9714660644531
31.png,2070,1536,1,0.7048531770706177,2538.8246459960938,2453.1618041992188,2580.6464233398438,2484.2051391601562
31.png,2070,1536,1,0.017430998384952545,2070.0,2228.9453125,2103.1732635498047,2269.844970703125
31.png,2070,1536,1,0.011105903424322605,2070.0638008117676,2223.4614868164062,2109.1765518188477,2257.9271850585938
31.png,2070,1536,1,0.006821243558079004,2266.8049926757812,2360.665283203125,2305.55029296875,2391.8887939453125
31.png,2070,1536,1,0.006303675007075071,2070.806121826172,2189.8406982421875,2142.071876525879,2244.2093505859375
31.png,2070,1536,0,0.005131870973855257,3014.046630859375,1658.9043579101562,3048.191162109375,1677.5921020507812
31.png,2070,1536,1,0.0010754746617749333,2615.8455200195312,1627.1478424072266,2667.5514526367188,1663.6994171142578
31.png,2070,1536,0,0.0010310389334335923,3019.2711181640625,2553.6036376953125,3041.2655029296875,2560.0
31.png,0,1908,0,0.06301812082529068,1015.97509765625,1927.3059577941895,1023.643798828125,1943.8659934997559
31.png,0,1908,0,0.0040168482810258865,0.0976095199584961,2559.2955322265625,6.853568077087402,2577.23779296875
31.png,0,1908,2,0.003443170804530382,0.012326717376708984,2545.1978759765625,7.2901482582092285,2575.8487548828125
31.png,0,1908,0,0.0031388960778713226,1017.3153076171875,1928.4297142028809,1023.5509033203125,1946.4652252197266
31.png,0,1908,2,0.0030199557077139616,463.6175537109375,1908.017216205597,492.30615234375,1912.974217414856
31.png,0,1908,2,0.002729743719100952,0.0,2895.5029296875,9.936749458312988,2930.58447265625
31.png,0,1908,2,0.002727911341935396,471.83685302734375,1908.0323872566223,496.01617431640625,1913.0052013397217
31.png,0,1908,2,0.002653369912877679,0.1043996810913086,2897.3760986328125,6.833934783935547,2931.1827392578125
31.png,0,1908,2,0.0024262340739369392,0.0,2525.1917724609375,6.593461990356445,2575.3958740234375
31.png,0,1908,1,0.002055393997579813,643.6415405273438,1908.0861196517944,662.4929809570312,1914.1322565078735
31.png,0,1908,0,0.001964883878827095,0.08147144317626953,2560.70458984375,6.553873062133789,2583.49462890625
31.png,0,1908,0,0.0017234899569302797,1011.7811279296875,1926.9510879516602,1023.800048828125,1943.6562042236328
31.png,0,1908,1,0.0014190340880304575,648.4610595703125,1908.1305980682373,668.0609130859375,1913.8089504241943
31.png,0,1908,2,0.001302702003158629,0.044510841369628906,2524.3570556640625,10.473703384399414,2575.2493896484375
31.png,0,1908,0,0.0012931833043694496,730.6605224609375,1908.0066547393799,748.5924072265625,1916.5908241271973
31.png,0,1908,2,0.001272327615879476,0.0,2538.183349609375,9.07789421081543,2575.5247802734375
31.png,0,1908,0,0.00124145217705518,1018.5386962890625,1914.1282939910889,1024.0,1931.808973312378
31.png,0,1908,0,0.0011353311128914356,633.9148559570312,2903.1224365234375,647.2146606445312,2912.4854736328125
31.png,0,1908,0,0.0010803445475175977,0.8791875839233398,2646.409912109375,10.3702392578125,2665.36376953125
31.png,768,1908,1,0.2418181300163269,1771.046630859375,2049.4005737304688,1792.0,2086.9447021484375
31.png,768,1908,0,0.03602547571063042,1374.3721923828125,2607.2689208984375,1398.4368896484375,2633.2467041015625
31.png,768,1908,1,0.01879665069282055,1770.356201171875,2050.9405517578125,1792.0,2100.5955200195312
31.png,768,1908,1,0.004134325310587883,1719.8331298828125,2000.1960754394531,1760.8699951171875,2028.502914428711
31.png,768,1908,1,0.0025508578401058912,1777.7215576171875,2040.8707885742188,1792.0,2071.7617797851562
31.png,768,1908,2,0.0025330756325274706,768.0,2239.7705078125,781.0393009185791,2276.359130859375
31.png,768,1908,0,0.0020105496514588594,768.0662446022034,2234.8934936523438,775.0693125724792,2261.8778686523438
31.png,768,1908,1,0.001931426813825965,775.3427810668945,2914.931884765625,810.255989074707,2932.0
31.png,768,1908,2,0.0014385710237547755,768.0,2237.7826538085938,778.9155082702637,2271.7930297851562
31.png,768,1908,1,0.0014323701616376638,1772.40771484375,2046.5944519042969,1792.0,2072.4313049316406
31.png,768,1908,0,0.001054620137438178,778.6285438537598,2914.641357421875,809.3509521484375,2931.8369140625
31.png,1536,1908,1,0.10792253166437149,2538.946044921875,2454.470458984375,2560.0,2485.7750244140625
31.png,1536,1908,1,0.08635823428630829,2267.254638671875,2361.0618286132812,2306.580810546875,2392.4707641601562
31.png,1536,1908,1,0.07191718369722366,1808.2603759765625,2016.0687866210938,1849.064208984375,2044.5485534667969
31.png,1536,1908,1,0.04879280552268028,1944.763916015625,2104.529052734375,1984.86962890625,2135.4403686523438
31.png,1536,1908,1,0.010010329075157642,2500.489990234375,2656.0721435546875,2559.8115234375,2696.4642333984375
31.png,1536,1908,1,0.00940800178796053,1719.7652893066406,2000.5502624511719,1760.4201965332031,2027.9594116210938
31.png,1536,1908,1,0.0023708289954811335,2545.344482421875,2449.0018310546875,2559.935791015625,2479.4989013671875
31.png,1536,1908,1,0.0021105753257870674,2543.997314453125,2455.3447875976562,2560.0,2508.3639526367188
31.png,1536,1908,0,0.001822476857341826,1536.0,2638.76220703125,1541.3215284347534,2654.646484375
31.png,1536,1908,0,0.0012619573390111327,1536.0,2633.5252685546875,1541.2711305618286,2650.6671142578125
31.png,1536,1908,0,0.0010291477665305138,1536.0,2641.1551513671875,1541.2804341316223,2670.0089111328125
31.png,2070,1908,1,0.7321918606758118,2538.4331665039062,2454.0447998046875,2580.8812866210938,2484.7164306640625
31.png,2070,1908,1,0.019914574921131134,2266.0276794433594,2361.0814208984375,2305.7381286621094,2392.1322631835938
31.png,2070,1908,0,0.01827077753841877,2070.0,2897.8572998046875,2075.4364109039307,2919.0130615234375
31.png,2070,1908,1,0.00977100059390068,2070.1963386535645,2224.3699951171875,2110.3078536987305,2258.1842041015625
31.png,2070,1908,1,0.006149491295218468,2070.0,2231.4256591796875,2103.466506958008,2270.0613403320312
31.png,2070,1908,0,0.003524820087477565,2070.112280845642,2901.688720703125,2075.9638929367065,2929.8980712890625
31.png,2070,1908,0,0.0032553046476095915,2070.0,2884.3145751953125,2074.978084564209,2911.7972412109375
31.png,2070,1908,0,0.0028056539595127106,2070.0,2893.36669921875,2078.226028442383,2913.899658203125
31.png,2070,1908,1,0.0024003705475479364,3005.9259033203125,2769.2166137695312,3078.54443359375,2818.5696411132812
31.png,2070,1908,0,0.0012768254382535815,2695.27783203125,2921.4091796875,2710.2701416015625,2931.662841796875
