threshold_set,threshold,image,idx,cls,conf,type,ref_gt,size,n_obj,x1,y1,x2,y2,brightness,size_bin,objects_bin,brightness_bin,fp
conf0.25,0.25,1181.png,0,Cargo Truck,0.6608032584190369,bkg,-1,31.22841320609153,33,626.0267333984375,419.720703125,672.5921630859375,440.66357421875,53.01740646362305,"[24, 32)","[31, 76)","[45, 59)",True
conf0.25,0.25,1181.png,1,Cargo Truck,0.523135781288147,cls,19,32.786202483003315,33,438.044189453125,286.474609375,490.052978515625,307.1429443359375,62.40909194946289,"[32, 48)","[31, 76)","[59, 82)",True
conf0.25,0.25,1181.png,2,Truck w/Box,0.5139023065567017,bkg,-1,20.10445775791451,33,278.00341796875,334.9595947265625,299.811767578125,353.4932861328125,58.21590805053711,"[16, 24)","[31, 76)","[45, 59)",True
conf0.25,0.25,1181.png,3,Truck w/Box,0.4138773381710052,bkg,-1,22.093733599358586,33,416.5504455566406,757.1654052734375,442.2876281738281,776.1314697265625,50.738887786865234,"[16, 24)","[31, 76)","[45, 59)",True
conf0.25,0.25,1181.png,4,Truck w/Flatbed,0.4096222519874573,bkg,-1,14.39766748080094,33,2709.524780273437,684.2760009765625,2717.4615478515625,710.39404296875,69.60493469238281,"[8, 16)","[31, 76)","[59, 82)",True
conf0.25,0.25,1181.png,5,Truck w/Box,0.3996807336807251,bkg,-1,9.07792125529046,33,2694.260681152344,659.6968383789062,2701.1441040039062,671.6688842773438,58.68269348144531,"[8, 16)","[31, 76)","[45, 59)",True
conf0.25,0.25,1181.png,6,Cargo Truck,0.378795176744461,bkg,-1,17.257115597501837,33,25.61918258666992,834.0890502929688,48.683589935302734,847.0010681152344,67.42559814453125,"[16, 24)","[31, 76)","[59, 82)",True
conf0.25,0.25,1181.png,7,Truck w/Flatbed,0.3654443025588989,bkg,-1,16.120957835470445,33,2700.534545898437,682.7239379882812,2709.537109375,711.5918579101562,63.323333740234375,"[16, 24)","[31, 76)","[59, 82)",True
conf0.25,0.25,1181.png,8,Truck Tractor,0.2699883282184601,bkg,-1,23.000659933159305,33,535.6363525390625,367.059814453125,556.1656494140625,392.829345703125,50.7010498046875,"[16, 24)","[31, 76)","[45, 59)",True
conf0.25,0.25,1181.png,9,Truck Tractor,0.2690520584583282,bkg,-1,39.702515320120156,33,372.6773376464844,29.008087158203125,409.8584899902344,71.40294647216797,59.9547119140625,"[32, 48)","[31, 76)","[59, 82)",True
conf0.25,0.25,1181.png,10,Cargo Truck,0.2680844366550445,cls,32,33.15167570604074,33,69.91767883300781,614.9560546875,113.1906280517578,640.353759765625,57.35555648803711,"[32, 48)","[31, 76)","[45, 59)",True
conf0.25,0.25,1206.png,0,Truck w/Box,0.8927685618400574,bkg,-1,38.88297163049512,97,1477.9989013671875,2513.823974609375,1529.3599853515625,2543.2603759765625,82.1832046508789,"[32, 48)","[97, inf)","[82, inf)",True
conf0.25,0.25,1206.png,1,Truck w/Box,0.8153448104858398,cls,84,40.262296074680506,97,1394.457275390625,2306.21435546875,1429.9464111328125,2351.8917846679688,88.9112319946289,"[32, 48)","[97, inf)","[82, inf)",True
conf0.25,0.25,1206.png,2,Truck w/Box,0.7737953066825867,bkg,-1,41.849252148894294,97,2162.574584960937,1811.113739013672,2217.903686523437,1842.7672424316409,57.81417465209961,"[32, 48)","[97, inf)","[45, 59)",True
conf0.25,0.25,1206.png,3,Truck w/Box,0.7449331283569336,bkg,-1,42.368416601762505,97,1878.52974319458,1876.8303833007808,1913.6719284057615,1927.9109497070312,72.32318115234375,"[32, 48)","[97, inf)","[59, 82)",True
conf0.25,0.25,1206.png,4,Truck w/Box,0.7391526103019714,cls,69,40.83774720926237,97,2391.059326171875,2051.906768798828,2447.5640869140625,2081.4214782714844,61.70798110961914,"[32, 48)","[97, inf)","[59, 82)",True
conf0.25,0.25,1206.png,5,Truck w/Box,0.7104447484016418,both,95,39.39694546898753,97,1362.68505859375,2218.8377685546875,1412.427490234375,2250.0408935546875,96.00178527832031,"[32, 48)","[97, inf)","[82, inf)",True
conf0.25,0.25,1206.png,6,Truck w/Box,0.7064242362976074,cls,65,35.618171182124,97,2596.116455078125,1949.8078002929688,2644.738037109375,1975.9002075195312,63.533634185791016,"[32, 48)","[97, inf)","[59, 82)",True
conf0.25,0.25,1206.png,7,Cargo Truck,0.7011154294013977,TP,68,26.271218630687628,97,1702.3536376953125,2439.4298095703125,1734.4217529296875,2460.9520263671875,59.31956100463867,"[24, 32)","[97, inf)","[59, 82)",False
conf0.25,0.25,1206.png,8,Cargo Truck,0.6921453475952148,TP,42,33.519204245140195,97,2307.188232421875,989.63525390625,2346.215087890625,1018.424072265625,58.13083267211914,"[32, 48)","[97, inf)","[45, 59)",False
conf0.25,0.25,1206.png,9,Cargo Truck,0.6708328127861023,loc,36,33.930042106010355,97,2243.1246337890625,768.4824829101562,2269.2039794921875,812.6265258789062,74.93744659423828,"[32, 48)","[97, inf)","[59, 82)",True
conf0.25,0.25,1206.png,10,Truck w/Flatbed,0.65555739402771,bkg,-1,40.136516526169906,97,2287.669708251953,903.6390991210938,2321.262908935547,951.5934448242188,49.81982421875,"[32, 48)","[97, inf)","[45, 59)",True
conf0.25,0.25,1206.png,11,Truck w/Box,0.6540482044219971,both,84,46.88407541874251,97,1398.4008178710938,2280.519592285156,1440.7439575195312,2332.431579589844,86.06757354736328,"[32, 48)","[97, inf)","[82, inf)",True
conf0.25,0.25,1206.png,12,Truck w/Box,0.6458392143249512,bkg,-1,35.20195707118403,97,1402.7689819335938,1545.6357421875,1432.6980590820312,1587.03955078125,75.8102035522461,"[32, 48)","[97, inf)","[59, 82)",True
conf0.25,0.25,1206.png,13,Cargo Truck,0.6216503977775574,bkg,-1,18.172476180440544,97,1741.588134765625,1410.702392578125,1759.203857421875,1429.44921875,57.3815803527832,"[16, 24)","[97, inf)","[45, 59)",True
conf0.25,0.25,1206.png,14,Cargo Truck,0.620497465133667,TP,88,29.53022623053599,97,2266.0386962890625,765.5779418945312,2288.010131835937,805.2673950195312,72.6808090209961,"[24, 32)","[97, inf)","[59, 82)",False
conf0.25,0.25,1206.png,15,Truck w/Box,0.6182349920272827,bkg,-1,38.21957614117682,97,2518.9315185546875,2050.2274017333984,2560.0,2085.795700073242,74.08135223388672,"[32, 48)","[97, inf)","[59, 82)",True
conf0.25,0.25,1206.png,16,Truck w/Box,0.6106672883033752,bkg,-1,20.891764507729032,97,1910.1756591796875,1086.14599609375,1928.3494873046875,1110.1621704101562,55.09684371948242,"[16, 24)","[97, inf)","[45, 59)",True
conf0.25,0.25,1206.png,17,Truck w/Box,0.6059140563011169,cls,46,43.035491249890676,97,1362.2325439453125,2301.458251953125,1399.76123046875,2350.80859375,81.2142105102539,"[32, 48)","[97, inf)","[59, 82)",True
conf0.25,0.25,1206.png,18,Truck w/Box,0.6027205586433411,cls,62,35.10075920624077,97,2141.05078125,2180.726318359375,2186.956298828125,2207.5654296875,69.7220458984375,"[32, 48)","[97, inf)","[59, 82)",True
conf0.25,0.25,1206.png,19,Truck w/Box,0.600875198841095,bkg,-1,32.838963374972494,97,1919.8860778808596,1084.3643188476562,1943.8778991699216,1129.3128662109375,57.114784240722656,"[32, 48)","[97, inf)","[45, 59)",True
conf0.25,0.25,1206.png,20,Cargo Truck,0.6004027724266052,bkg,-1,29.317809775173302,97,1857.13232421875,1840.3259887695312,1882.473693847656,1874.244201660156,86.22197723388672,"[24, 32)","[97, inf)","[82, inf)",True
conf0.25,0.25,1206.png,21,Truck w/Box,0.5940492749214172,both,76,34.84017715568272,97,1194.634033203125,2661.8683471679688,1242.8857421875,2687.024719238281,81.04157257080078,"[32, 48)","[97, inf)","[59, 82)",True
conf0.25,0.25,1206.png,22,Truck Tractor,0.5766633152961731,bkg,-1,15.825294840357863,97,2270.998413085937,688.6416625976562,2283.8463134765625,708.1343383789062,77.36054229736328,"[8, 16)","[97, inf)","[59, 82)",True
conf0.25,0.25,1206.png,23,Truck w/Box,0.55428147315979,bkg,-1,25.31650785841619,97,245.2657165527344,336.588134765625,275.2668151855469,357.9515380859375,53.35777282714844,"[24, 32)","[97, inf)","[45, 59)",True
conf0.25,0.25,1206.png,24,Cargo Truck,0.5365842580795288,TP,8,18.270180042060407,97,1930.4702758789065,833.4197998046875,1947.9038696289065,852.5667114257812,119.59166717529297,"[16, 24)","[97, inf)","[82, inf)",False
conf0.25,0.25,1206.png,25,Cargo Truck,0.5246092081069946,loc,70,30.093697029930706,97,2255.9537353515625,765.540771484375,2277.7877197265625,807.018798828125,74.4893798828125,"[24, 32)","[97, inf)","[59, 82)",True
conf0.25,0.25,1206.png,26,Cargo Truck,0.5043567419052124,TP,47,31.29519470549183,97,2246.570251464844,822.0381469726562,2269.8026123046875,864.1943969726562,64.23062133789062,"[24, 32)","[97, inf)","[59, 82)",False
conf0.25,0.25,1206.png,27,Cargo Truck,0.4962616860866546,bkg,-1,44.85263484442611,97,1877.1992950439453,1874.5877323150637,1914.973274230957,1927.8455276489256,72.39230346679688,"[32, 48)","[97, inf)","[59, 82)",True
conf0.25,0.25,1206.png,28,Truck w/Box,0.4863124787807464,bkg,-1,31.673874474467052,97,883.1280517578125,1087.7181396484375,934.8576965332032,1107.1119384765625,33.592491149902344,"[24, 32)","[97, inf)","[-inf, 45)",True
conf0.25,0.25,1206.png,29,Cargo Truck,0.4721486270427704,cls,62,34.05243490277299,97,2141.3356323242188,2180.674865722656,2186.7621459960938,2206.201110839844,69.41304016113281,"[32, 48)","[97, inf)","[59, 82)",True
conf0.25,0.25,1206.png,30,Cargo Truck,0.4712747633457184,bkg,-1,35.03991876966492,97,1403.5758056640625,1544.5118865966797,1432.3182373046875,1587.229076385498,75.58181762695312,"[32, 48)","[97, inf)","[59, 82)",True
conf0.25,0.25,1206.png,31,Truck w/Box,0.4342743456363678,cls,51,33.25649340314151,97,2521.2596435546875,1990.8017272949216,2559.4459228515625,2019.7648620605469,66.22734832763672,"[32, 48)","[97, inf)","[59, 82)",True
conf0.25,0.25,1206.png,32,Truck w/Box,0.4176265895366668,bkg,-1,24.094649365531573,97,1801.529541015625,786.9989814758301,1833.3617553710935,805.2368621826172,89.89545440673828,"[24, 32)","[97, inf)","[82, inf)",True
conf0.25,0.25,1206.png,33,Cargo Truck,0.4167461097240448,bkg,-1,17.987488727320635,97,1085.453125,2657.33544921875,1101.485107421875,2677.516967773437,89.58543395996094,"[16, 24)","[97, inf)","[82, inf)",True
conf0.25,0.25,1206.png,34,Cargo Truck,0.3770864903926849,TP,87,29.425434454602804,97,1222.6279296875,2687.49755859375,1246.9555053710938,2723.089111328125,62.47999954223633,"[24, 32)","[97, inf)","[59, 82)",False
conf0.25,0.25,1206.png,35,Truck w/Box,0.3749203085899353,cls,33,29.997008526793962,97,1537.6288871765137,2166.533569335937,1576.6690521240234,2189.5821533203125,107.16458129882812,"[24, 32)","[97, inf)","[82, inf)",True
conf0.25,0.25,1206.png,36,Cargo Truck,0.3715442717075348,bkg,-1,19.664258428513676,97,1755.91015625,2359.9957275390625,1777.0482177734375,2378.2889404296875,68.25652313232422,"[16, 24)","[97, inf)","[59, 82)",True
conf0.25,0.25,1206.png,37,Truck w/Box,0.3604753911495209,cls,80,37.07879441997671,97,1970.680145263672,2072.8787841796875,1999.1210021972656,2121.218994140625,67.69666290283203,"[32, 48)","[97, inf)","[59, 82)",True
conf0.25,0.25,1206.png,38,Truck w/Box,0.3509679734706878,both,70,32.81341254762052,97,2252.0570678710938,768.1668663024902,2280.790954589844,805.6389999389648,73.81306457519531,"[32, 48)","[97, inf)","[59, 82)",True
conf0.25,0.25,1206.png,39,Cargo Truck,0.3464198112487793,bkg,-1,15.683858819339136,97,1729.4271850585938,1420.1217041015625,1744.6262817382812,1436.3057861328125,62.757354736328125,"[8, 16)","[97, inf)","[59, 82)",True
conf0.25,0.25,1206.png,40,Truck w/Box,0.3453921973705292,bkg,-1,21.767160016558623,97,2450.6293334960938,38.227333068847656,2468.0437622070312,65.43518829345703,87.06015014648438,"[16, 24)","[97, inf)","[82, inf)",True
conf0.25,0.25,1206.png,41,Truck Tractor,0.3415376842021942,both,30,22.454822444264753,97,2237.364013671875,730.7392578125,2256.5616455078125,757.00390625,80.3892822265625,"[16, 24)","[97, inf)","[59, 82)",True
conf0.25,0.25,1206.png,42,Cargo Truck,0.3383992314338684,bkg,-1,17.166674446903553,97,156.62933349609375,2434.5858154296875,178.69036865234375,2447.9439697265625,78.3944091796875,"[16, 24)","[97, inf)","[59, 82)",True
conf0.25,0.25,1206.png,43,Truck w/Box,0.3321392238140106,cls,41,41.91561820901813,97,1349.086669921875,2349.961242675781,1407.1097412109375,2380.2409057617188,77.05243682861328,"[32, 48)","[97, inf)","[59, 82)",True
conf0.25,0.25,1206.png,44,Cargo Truck,0.3046086132526397,TP,17,16.11672735643725,97,2425.05908203125,278.29644775390625,2446.667236328125,290.3173217773437,106.97901916503906,"[16, 24)","[97, inf)","[82, inf)",False
conf0.25,0.25,1206.png,45,Truck w/Box,0.2958615124225616,cls,26,31.773676523633732,97,2215.0341796875,768.1017379760742,2244.311279296875,802.5848846435547,63.84381103515625,"[24, 32)","[97, inf)","[59, 82)",True
conf0.25,0.25,1206.png,46,Truck w/Box,0.2894046306610107,both,36,36.8504207413601,97,2237.0786743164062,768.0,2267.5382690429688,812.5821266174316,73.47526550292969,"[32, 48)","[97, inf)","[59, 82)",True
conf0.25,0.25,1206.png,47,Truck w/Flatbed,0.2820938229560852,both,88,20.26693730631555,97,2271.4410400390625,768.0,2292.552978515625,787.4557571411133,64.8204574584961,"[16, 24)","[97, inf)","[59, 82)",True
conf0.25,0.25,1206.png,48,Truck w/Box,0.2711285948753357,cls,34,36.46959021171631,97,2295.8756103515625,774.06005859375,2323.1619873046875,822.803466796875,71.8472900390625,"[32, 48)","[97, inf)","[59, 82)",True
conf0.25,0.25,1206.png,49,Truck Tractor,0.2689009308815002,bkg,-1,42.00225318463636,97,1878.1641807556152,1874.349006652832,1913.021514892578,1924.9607162475584,73.00435638427734,"[32, 48)","[97, inf)","[59, 82)",True
conf0.25,0.25,1206.png,50,Cargo Truck,0.2629484832286834,bkg,-1,20.42134894296919,97,2282.84326171875,741.9296264648438,2300.3681640625,765.7261352539062,71.56631469726562,"[16, 24)","[97, inf)","[59, 82)",True
conf0.25,0.25,1206.png,51,Cargo Truck,0.2620530426502228,bkg,-1,18.984087004949444,97,1911.687149047852,1085.6530151367188,1926.5630493164065,1109.8798217773438,54.8025016784668,"[16, 24)","[97, inf)","[45, 59)",True
conf0.25,0.25,1206.png,52,Truck w/Box,0.2580794095993042,cls,61,28.789116757159302,97,2511.96875,1521.7362060546875,2536.3370361328125,1555.7481689453125,55.52527618408203,"[24, 32)","[97, inf)","[45, 59)",True
conf0.25,0.25,1206.png,53,Truck w/Liquid,0.2570013105869293,bkg,-1,27.273555194794202,97,1694.2677612304688,635.564208984375,1727.2460327148438,658.119873046875,84.44730377197266,"[24, 32)","[97, inf)","[82, inf)",True
conf0.25,0.25,1206.png,54,Cargo Truck,0.2515459656715393,bkg,-1,22.646452547670375,97,887.5827331542969,1105.3914184570312,917.7117004394532,1122.4136352539062,30.672042846679688,"[16, 24)","[97, inf)","[-inf, 45)",True
conf0.25,0.25,1211.png,0,Truck w/Box,0.8514952659606934,cls,45,33.5307806378566,167,855.38232421875,2711.9132690429688,880.132080078125,2757.3405151367188,90.27413940429688,"[32, 48)","[97, inf)","[82, inf)",True
conf0.25,0.25,1211.png,1,Cargo Truck,0.827948272228241,TP,71,15.230195390648102,167,2120.457717895508,631.0042724609375,2135.1000366210938,646.845947265625,104.43359375,"[8, 16)","[97, inf)","[82, inf)",False
conf0.25,0.25,1211.png,2,Cargo Truck,0.7944363951683044,TP,55,21.71306238829722,167,826.5874633789062,2819.476867675781,851.5645141601562,2838.352478027344,84.25961303710938,"[16, 24)","[97, inf)","[82, inf)",False
conf0.25,0.25,1211.png,3,Truck w/Flatbed,0.7851071953773499,bkg,-1,14.520363093545246,167,1573.1413345336914,966.226043701172,1585.1916580200195,983.7227478027344,75.76495361328125,"[8, 16)","[97, inf)","[59, 82)",True
conf0.25,0.25,1211.png,4,Cargo Truck,0.7800717949867249,bkg,-1,20.69507997496666,167,1067.248016357422,1915.865966796875,1100.8738708496094,1928.602783203125,95.19327545166016,"[16, 24)","[97, inf)","[82, inf)",True
conf0.25,0.25,1211.png,5,Cargo Truck,0.7560192346572876,TP,154,20.75500256489433,167,1092.685028076172,2016.5377807617188,1128.5067443847656,2028.5631713867188,73.13721466064453,"[16, 24)","[97, inf)","[59, 82)",False
conf0.25,0.25,1211.png,6,Truck w/Box,0.6850571036338806,cls,46,31.0596554723063,167,622.5302124023438,2810.651611328125,664.5840454101562,2833.59130859375,54.68992233276367,"[24, 32)","[97, inf)","[45, 59)",True
conf0.25,0.25,1211.png,7,Truck w/Box,0.6381762027740479,both,157,21.843933996578,167,768.1772785186768,1951.8899536132808,792.1451416015625,1971.7981719970703,59.068572998046875,"[16, 24)","[97, inf)","[45, 59)",True
conf0.25,0.25,1211.png,8,Cargo Truck,0.6379987001419067,TP,48,24.83546300664593,167,684.7013549804688,2852.2607421875,705.1881713867188,2882.367919921875,58.98093795776367,"[24, 32)","[97, inf)","[45, 59)",False
conf0.25,0.25,1211.png,9,Cargo Truck,0.5523548126220703,bkg,-1,14.401868505580321,167,1111.1953735351562,1315.5262451171875,1128.2207641601562,1327.7088623046875,61.632476806640625,"[8, 16)","[97, inf)","[59, 82)",True
conf0.25,0.25,1211.png,10,Cargo Truck,0.5400238037109375,bkg,-1,14.984336278684092,167,2226.0779418945312,951.4863891601562,2240.192443847656,967.3941650390624,84.38431549072266,"[8, 16)","[97, inf)","[82, inf)",True
conf0.25,0.25,1211.png,11,Truck w/Box,0.536983072757721,cls,33,41.81176967100631,167,640.2938232421875,2257.365753173828,678.0582275390625,2303.658660888672,63.66012191772461,"[32, 48)","[97, inf)","[59, 82)",True
conf0.25,0.25,1211.png,12,Truck w/Box,0.5174753665924072,bkg,-1,18.943456789350762,167,768.3131465911865,1941.517974853516,791.8834590911865,1956.7428283691409,94.75260162353516,"[16, 24)","[97, inf)","[82, inf)",True
conf0.25,0.25,1211.png,13,Cargo Truck,0.5118615031242371,TP,52,22.87138643313675,167,651.6311645507812,2860.6385498046875,683.6112670898438,2876.99560546875,44.94117736816406,"[16, 24)","[97, inf)","[-inf, 45)",False
conf0.25,0.25,1211.png,14,Truck w/Box,0.5078037977218628,cls,37,38.40604886265397,167,690.9490966796875,2231.5892944335938,720.62841796875,2281.288024902344,66.32068634033203,"[32, 48)","[97, inf)","[59, 82)",True
conf0.25,0.25,1211.png,15,Truck w/Box,0.5049555897712708,TP,150,23.516558728420268,167,2192.6305541992188,2682.042907714844,2236.624084472656,2694.613586425781,69.76068115234375,"[16, 24)","[97, inf)","[59, 82)",False
conf0.25,0.25,1211.png,16,Cargo Truck,0.4961119294166565,bkg,-1,20.974695979087777,167,2275.66455078125,1571.2045364379885,2307.250244140625,1585.132926940918,69.61616516113281,"[16, 24)","[97, inf)","[59, 82)",True
conf0.25,0.25,1211.png,17,Cargo Truck,0.4921343922615051,bkg,-1,17.606328707509928,167,123.50018310546876,538.1036376953125,137.51116943359375,560.2279052734375,79.568115234375,"[16, 24)","[97, inf)","[59, 82)",True
conf0.25,0.25,1211.png,18,Cargo Truck,0.4484824240207672,bkg,-1,19.088357435502274,167,1058.0775756835938,2006.910446166992,1088.5228881835938,2018.8783111572263,54.68238067626953,"[16, 24)","[97, inf)","[45, 59)",True
conf0.25,0.25,1211.png,19,Truck w/Box,0.4402069449424743,bkg,-1,23.488117270101068,167,2424.1671142578125,2369.295166015625,2439.6483154296875,2404.931396484375,58.93923568725586,"[16, 24)","[97, inf)","[45, 59)",True
conf0.25,0.25,1211.png,20,Cargo Truck,0.4357448518276214,bkg,-1,13.380271931021078,167,120.19955444335938,549.083984375,132.19552612304688,564.00830078125,88.21154022216797,"[8, 16)","[97, inf)","[82, inf)",True
conf0.25,0.25,1211.png,21,Truck w/Box,0.4314204454421997,cls,49,28.563768383719843,167,634.102294921875,2828.178100585937,675.91552734375,2847.690795898437,55.96666717529297,"[24, 32)","[97, inf)","[45, 59)",True
conf0.25,0.25,1211.png,22,Cargo Truck,0.4308735430240631,TP,53,21.5169027291226,167,660.9750366210938,2868.06494140625,688.5341186523438,2884.8643798828125,48.3651123046875,"[16, 24)","[97, inf)","[45, 59)",False
conf0.25,0.25,1211.png,23,Cargo Truck,0.4219404757022857,TP,56,18.727159148157554,167,890.5620422363281,2825.1484375,907.053466796875,2846.414428710937,67.4823226928711,"[16, 24)","[97, inf)","[59, 82)",False
conf0.25,0.25,1211.png,24,Cargo Truck,0.4047050178050995,TP,9,16.15575633595266,167,2051.21044921875,1402.229736328125,2067.3199462890625,1418.431884765625,90.07612609863281,"[16, 24)","[97, inf)","[82, inf)",False
conf0.25,0.25,1211.png,25,Cargo Truck,0.4005940556526184,bkg,-1,20.36252404824263,167,1599.1845703125,1590.7418975830078,1637.02294921875,1601.6998825073242,90.55555725097656,"[16, 24)","[97, inf)","[82, inf)",True
conf0.25,0.25,1211.png,26,Truck w/Flatbed,0.3964079022407532,bkg,-1,19.220850805548512,167,1711.5506286621094,783.4754295349121,1741.9774475097656,795.6173858642578,91.66004943847656,"[16, 24)","[97, inf)","[82, inf)",True
conf0.25,0.25,1211.png,27,Cargo Truck,0.3693792819976806,TP,26,11.909079458292737,167,1530.6401977539062,2122.2769775390625,1540.2619018554688,2137.0172119140625,91.76136016845703,"[8, 16)","[97, inf)","[82, inf)",False
conf0.25,0.25,1211.png,28,Truck w/Box,0.3669334948062897,bkg,-1,17.456194504397992,167,938.83349609375,2116.9214477539062,952.802001953125,2138.7361450195312,98.9072494506836,"[16, 24)","[97, inf)","[82, inf)",True
conf0.25,0.25,1211.png,29,Cargo Truck,0.3654980361461639,bkg,-1,14.737918437401184,167,1961.8187637329104,168.00469970703125,1981.6786727905276,178.94161987304688,91.37662506103516,"[8, 16)","[97, inf)","[82, inf)",True
conf0.25,0.25,1211.png,30,Truck w/Box,0.3619889318943023,cls,47,21.668119895934996,167,619.4481201171875,2799.784240722656,649.9500732421875,2815.1769409179688,52.55787658691406,"[16, 24)","[97, inf)","[45, 59)",True
conf0.25,0.25,1211.png,31,Cargo Truck,0.3562797307968139,bkg,-1,11.182370671589872,167,1748.0693969726562,2001.3403930664065,1763.3792114257812,2009.508056640625,109.5625,"[8, 16)","[97, inf)","[82, inf)",True
conf0.25,0.25,1211.png,32,Cargo Truck,0.3514740765094757,TP,11,15.496731556456696,167,2020.9552001953125,1554.023063659668,2044.4117431640625,1564.2610893249512,70.26545715332031,"[8, 16)","[97, inf)","[59, 82)",False
conf0.25,0.25,1211.png,33,Cargo Truck,0.3498383164405823,TP,66,20.240740456360527,167,1559.2517547607422,1016.968231201172,1583.6539840698242,1033.7571716308594,77.24888610839844,"[16, 24)","[97, inf)","[59, 82)",False
conf0.25,0.25,1211.png,34,Cargo Truck,0.3475157022476196,TP,130,21.246966443494145,167,538.1529541015625,1538.3010864257812,558.9256591796875,1560.0331420898438,78.43892669677734,"[16, 24)","[97, inf)","[59, 82)",False
conf0.25,0.25,1211.png,35,Truck w/Box,0.312683492898941,both,160,26.338308102574178,167,1806.5682067871091,1868.0,1858.366607666016,1881.392430305481,63.36253356933594,"[24, 32)","[97, inf)","[59, 82)",True
conf0.25,0.25,1211.png,36,Truck w/Box,0.3008549213409424,cls,18,24.602951009201497,167,1540.6403923034668,1574.8650665283203,1584.7919387817385,1588.5747833251953,78.25333404541016,"[24, 32)","[97, inf)","[59, 82)",True
conf0.25,0.25,1211.png,37,Truck w/Box,0.2901724874973297,cls,151,31.406570537791307,167,1175.066162109375,1886.6227416992188,1193.318603515625,1940.663330078125,54.50334930419922,"[24, 32)","[97, inf)","[45, 59)",True
conf0.25,0.25,1211.png,38,Truck w/Box,0.2893699407577514,bkg,-1,13.203554148724836,167,2450.525390625,2499.829040527344,2460.1650390625,2517.914123535156,71.2200927734375,"[8, 16)","[97, inf)","[59, 82)",True
conf0.25,0.25,1211.png,39,Truck w/Flatbed,0.2763005793094635,bkg,-1,10.992398896451599,167,1814.636138916016,2777.150390625,1828.3360900878904,2785.9703369140625,96.81481170654297,"[8, 16)","[97, inf)","[82, inf)",True
conf0.25,0.25,1211.png,40,Cargo Truck,0.2753874957561493,bkg,-1,30.52834538374275,167,903.1718139648438,2805.872436523437,930.4849243164062,2839.994506835937,114.32347106933594,"[24, 32)","[97, inf)","[82, inf)",True
conf0.25,0.25,1211.png,41,Cargo Truck,0.2693020403385162,bkg,-1,19.084994918589206,167,581.054443359375,1589.2720336914062,598.332275390625,1610.3532104492188,80.77777862548828,"[16, 24)","[97, inf)","[59, 82)",True
conf0.25,0.25,1211.png,42,Cargo Truck,0.2671685516834259,TP,90,17.300157840234476,167,2241.6209716796875,451.7458190917969,2257.133178710937,471.0400085449219,71.49299621582031,"[16, 24)","[97, inf)","[59, 82)",False
conf0.25,0.25,1211.png,43,Cargo Truck,0.2630089223384857,bkg,-1,9.030895029833594,167,2201.5679931640625,2695.9103393554688,2209.679931640625,2705.9642944335938,87.58586120605469,"[8, 16)","[97, inf)","[82, inf)",True
conf0.25,0.25,1211.png,44,Cargo Truck,0.2590698003768921,TP,84,15.328831203259101,167,1757.4739990234375,33.311702728271484,1769.8848876953125,52.2445182800293,54.93461608886719,"[8, 16)","[97, inf)","[45, 59)",False
conf0.25,0.25,1362.png,0,Truck w/Liquid,0.8487590551376343,TP,15,26.431874064386644,16,1410.390869140625,2469.318359375,1426.992919921875,2511.400146484375,112.11080932617188,"[24, 32)","[-inf, 31)","[82, inf)",False
conf0.25,0.25,1362.png,1,Cargo Truck,0.7959048748016357,bkg,-1,14.688745878013258,16,2131.4998779296875,2530.173217773437,2144.8663330078125,2546.3150634765625,87.0882339477539,"[8, 16)","[-inf, 31)","[82, inf)",True
conf0.25,0.25,1362.png,2,Truck w/Box,0.78486168384552,cls,5,41.521040335332366,16,1403.854736328125,2383.78369140625,1458.231201171875,2415.488525390625,88.68830871582031,"[32, 48)","[-inf, 31)","[82, inf)",True
conf0.25,0.25,1362.png,3,Cargo Truck,0.6716146469116211,TP,12,16.59710792809415,16,2928.309555053711,643.0882568359375,2941.90771484375,663.345703125,70.350341796875,"[16, 24)","[-inf, 31)","[59, 82)",False
conf0.25,0.25,1362.png,4,Truck w/Box,0.638339638710022,bkg,-1,40.739332452734885,16,1782.4985961914062,603.753662109375,1832.9236450195312,636.667724609375,105.78085327148438,"[32, 48)","[-inf, 31)","[82, inf)",True
conf0.25,0.25,1362.png,5,Cargo Truck,0.3631345927715301,both,11,15.753362229590559,16,1342.218505859375,2615.199523925781,1356.25048828125,2632.8854370117188,88.02963256835938,"[8, 16)","[-inf, 31)","[82, inf)",True
conf0.25,0.25,1362.png,6,Cargo Truck,0.3568797409534454,bkg,-1,28.29406143992548,16,2763.1883850097656,1366.5045166015625,2785.8952026367188,1401.7606201171875,116.1002426147461,"[24, 32)","[-inf, 31)","[82, inf)",True
conf0.25,0.25,1362.png,7,Cargo Truck,0.3148753643035888,bkg,-1,18.019827474147682,16,1615.8696899414062,1246.71923828125,1646.8886108398438,1257.1875,117.15885162353516,"[16, 24)","[-inf, 31)","[82, inf)",True
conf0.25,0.25,1362.png,8,Cargo Truck,0.2696950137615204,bkg,-1,18.334794385130706,16,2892.514602661133,522.4229125976562,2906.843002319336,545.8843383789062,55.61111068725586,"[16, 24)","[-inf, 31)","[45, 59)",True
conf0.25,0.25,1362.png,9,Truck w/Box,0.2664985656738281,both,11,26.085192523199762,16,1328.36376953125,2583.839111328125,1349.14404296875,2616.58349609375,75.57085418701172,"[24, 32)","[-inf, 31)","[59, 82)",True
conf0.25,0.25,1399.png,0,Truck w/Flatbed,0.881349503993988,cls,14,40.15439035139534,28,2435.1140747070312,887.1678466796875,2486.8637084960938,918.3250732421876,25.77644157409668,"[32, 48)","[-inf, 31)","[-inf, 45)",True
conf0.25,0.25,1399.png,1,Truck w/Box,0.7057557106018066,TP,20,44.836531525655,28,2859.9385986328125,1385.41748046875,2919.248413085937,1419.3126220703125,26.92927360534668,"[32, 48)","[-inf, 31)","[-inf, 45)",False
conf0.25,0.25,1399.png,2,Truck w/Box,0.6998957991600037,TP,17,43.72415745841121,28,2805.280639648437,1361.756103515625,2863.6414794921875,1394.514404296875,27.041873931884766,"[32, 48)","[-inf, 31)","[-inf, 45)",False
conf0.25,0.25,1399.png,3,Cargo Truck,0.6380273699760437,cls,24,54.100183300382966,28,2694.270812988281,2488.6739501953125,2743.6615600585938,2547.9326171875,33.345001220703125,"[48, 96)","[-inf, 31)","[-inf, 45)",True
conf0.25,0.25,1399.png,4,Truck w/Box,0.572880744934082,loc,25,27.9303119248167,28,3232.2947998046875,1250.2689208984375,3271.2716064453125,1270.283447265625,33.259525299072266,"[24, 32)","[-inf, 31)","[-inf, 45)",True
conf0.25,0.25,1399.png,5,Truck w/Box,0.5709033012390137,cls,22,29.02247057590179,28,2537.6297607421875,2069.561866760254,2559.5694580078125,2107.9536361694336,41.31103515625,"[24, 32)","[-inf, 31)","[-inf, 45)",True
conf0.25,0.25,1399.png,6,Truck w/Flatbed,0.4962998032569885,bkg,-1,53.86270807326304,28,38.256309509277344,1635.5608673095703,85.91754150390625,1696.4319610595703,23.30275535583496,"[48, 96)","[-inf, 31)","[-inf, 45)",True
conf0.25,0.25,1399.png,7,Cargo Truck,0.4569838345050812,TP,19,41.257872499271876,28,2912.116577148437,1410.0306396484375,2968.0279541015625,1440.4754638671875,28.157329559326172,"[32, 48)","[-inf, 31)","[-inf, 45)",False
conf0.25,0.25,1399.png,8,Truck w/Flatbed,0.4387135803699493,bkg,-1,41.11158389101142,28,1733.9146728515625,840.2766418457031,1783.1639404296875,874.5951690673828,27.52492904663086,"[32, 48)","[-inf, 31)","[-inf, 45)",True
conf0.25,0.25,1399.png,9,Truck w/Flatbed,0.314820647239685,bkg,-1,30.325203948521718,28,2270.081573486328,1676.9640502929688,2289.955921173096,1723.2356567382812,29.31770896911621,"[24, 32)","[-inf, 31)","[-inf, 45)",True
conf0.25,0.25,1399.png,10,Truck w/Flatbed,0.2525635063648224,cls,15,48.007321190201985,28,2122.717163085937,768.7125816345215,2172.5086669921875,814.9996528625488,32.18815231323242,"[48, 96)","[-inf, 31)","[-inf, 45)",True
conf0.25,0.25,1447.png,0,Truck w/Flatbed,0.8359177112579346,bkg,-1,24.44092945193489,43,426.030029296875,1133.5067138671875,441.2203369140625,1172.8317260742188,32.696876525878906,"[24, 32)","[31, 76)","[-inf, 45)",True
conf0.25,0.25,1447.png,1,Truck w/Flatbed,0.8329963684082031,TP,16,30.654704643616874,43,514.7435913085938,1341.4580078125,534.9465942382812,1387.971435546875,32.379940032958984,"[24, 32)","[31, 76)","[-inf, 45)",False
conf0.25,0.25,1447.png,2,Truck w/Flatbed,0.659095823764801,TP,6,28.22987758027524,43,647.09375,911.5580596923828,666.3017578125,953.0473175048828,32.816280364990234,"[24, 32)","[31, 76)","[-inf, 45)",False
conf0.25,0.25,1447.png,3,Truck w/Flatbed,0.6008840799331665,bkg,-1,22.017306582519883,43,660.6392211914062,853.1886672973633,676.7667846679688,883.2466354370117,30.834915161132812,"[16, 24)","[31, 76)","[-inf, 45)",True
conf0.25,0.25,1447.png,4,Truck w/Flatbed,0.5899069905281067,TP,13,32.80505913471465,43,556.511962890625,1309.45751953125,578.43505859375,1358.5460205078125,32.04782485961914,"[32, 48)","[31, 76)","[-inf, 45)",False
conf0.25,0.25,1447.png,5,Cargo Truck,0.502757728099823,bkg,-1,22.60051838199998,43,248.28549194335935,140.37001037597656,264.3229064941406,172.21949768066406,54.04991149902344,"[16, 24)","[31, 76)","[45, 59)",True
conf0.25,0.25,1447.png,6,Truck w/Flatbed,0.4789005517959595,bkg,-1,28.038195241763145,43,624.8378295898438,1108.5357971191406,641.7200317382812,1155.102020263672,35.91319274902344,"[24, 32)","[31, 76)","[-inf, 45)",True
conf0.25,0.25,1447.png,7,Truck w/Box,0.4688034653663635,bkg,-1,27.320340336258287,43,624.2403564453125,1108.8900756835938,640.5380859375,1154.6879272460938,35.909889221191406,"[24, 32)","[31, 76)","[-inf, 45)",True
conf0.25,0.25,1447.png,8,Truck w/Box,0.4510027468204498,cls,12,29.908880254623114,43,564.279052734375,1310.962890625,583.2705078125,1358.065185546875,31.462244033813477,"[24, 32)","[31, 76)","[-inf, 45)",True
conf0.25,0.25,1447.png,9,Truck w/Flatbed,0.4142042696475982,TP,15,29.31996407468268,43,706.4277954101562,1357.95703125,724.3075561523438,1406.037109375,29.636842727661133,"[24, 32)","[31, 76)","[-inf, 45)",False
conf0.25,0.25,1447.png,10,Truck w/Box,0.3954486548900604,both,7,25.877874841253696,43,637.7454833984375,1106.4844360351562,651.8441162109375,1153.9829711914062,33.46111297607422,"[24, 32)","[31, 76)","[-inf, 45)",True
conf0.25,0.25,1447.png,11,Truck w/Flatbed,0.3273271918296814,loc,7,27.442982371127577,43,636.5594482421875,1106.4852905273438,652.1871337890625,1154.676513671875,32.16566467285156,"[24, 32)","[31, 76)","[-inf, 45)",True
conf0.25,0.25,1447.png,12,Truck w/Flatbed,0.2916500866413116,TP,5,23.3519666173508,43,663.3890380859375,914.260498046875,679.1805419921875,948.7926330566406,30.47226905822754,"[16, 24)","[31, 76)","[-inf, 45)",False
conf0.25,0.25,1447.png,13,Truck w/Box,0.2514730095863342,cls,15,27.48055740266231,43,707.5250244140625,1359.0555419921875,723.6153564453125,1405.9893798828125,29.897371292114258,"[24, 32)","[31, 76)","[-inf, 45)",True
conf0.25,0.25,1456.png,0,Cargo Truck,0.5069051384925842,cls,7,16.978081176634028,8,700.8555908203125,2755.032592773437,714.0450439453125,2776.8875732421875,75.24242401123047,"[16, 24)","[-inf, 31)","[59, 82)",True
conf0.25,0.25,1457.png,0,Cargo Truck,0.8098254799842834,TP,11,16.91014060061359,13,2558.7939453125,1644.1893463134766,2572.775146484375,1664.6420135498047,127.0952377319336,"[16, 24)","[-inf, 31)","[82, inf)",False
conf0.25,0.25,1457.png,1,Cargo Truck,0.788860023021698,TP,2,21.730763906167496,13,2634.2271728515625,1647.8976440429688,2651.004272460937,1676.0447082519531,105.87407684326172,"[16, 24)","[-inf, 31)","[82, inf)",False
conf0.25,0.25,1457.png,2,Cargo Truck,0.7325271368026733,bkg,-1,26.164193062785426,13,1271.0703735351562,2153.440795898437,1312.1026000976562,2170.124389648437,100.75529479980469,"[24, 32)","[-inf, 31)","[82, inf)",True
conf0.25,0.25,1457.png,3,Cargo Truck,0.7199986577033997,TP,3,23.238169140336012,13,2604.5708618164062,1668.915008544922,2623.8035278320312,1696.9928894042969,106.81034851074219,"[16, 24)","[-inf, 31)","[82, inf)",False
conf0.25,0.25,1457.png,4,Cargo Truck,0.7074181437492371,TP,4,23.28782642866304,13,2612.5509033203125,1641.4601287841797,2631.391967773437,1670.2442169189453,105.79499816894531,"[16, 24)","[-inf, 31)","[82, inf)",False
conf0.25,0.25,1457.png,5,Cargo Truck,0.6648257970809937,bkg,-1,13.163873469436291,13,1210.2420654296875,10.665775299072266,1227.4468383789062,20.737838745117188,79.53030395507812,"[8, 16)","[-inf, 31)","[59, 82)",True
conf0.25,0.25,1457.png,6,Cargo Truck,0.6504135131835938,bkg,-1,26.961606181830213,13,2512.1183471679688,1926.5030212402344,2532.5652465820312,1962.0550231933596,116.4620361328125,"[24, 32)","[-inf, 31)","[82, inf)",True
conf0.25,0.25,1457.png,7,Cargo Truck,0.5514549016952515,bkg,-1,14.166555661813796,13,1753.52783203125,937.0918884277344,1764.31005859375,955.705047607422,109.25877380371094,"[8, 16)","[-inf, 31)","[82, inf)",True
conf0.25,0.25,1457.png,8,Cargo Truck,0.4859646558761596,TP,9,18.895320710865555,13,2613.559326171875,1578.188491821289,2629.31005859375,1600.8562088012695,118.94373321533203,"[16, 24)","[-inf, 31)","[82, inf)",False
conf0.25,0.25,1457.png,9,Cargo Truck,0.2909381687641144,TP,0,16.420511858811004,13,2489.089111328125,2065.568115234375,2511.848876953125,2077.4150390625,119.58193969726562,"[16, 24)","[-inf, 31)","[82, inf)",False
conf0.25,0.25,1457.png,10,Cargo Truck,0.25980344414711,bkg,-1,17.670518262304203,13,2181.36865234375,745.011474609375,2197.1690673828125,764.7734375,70.59117889404297,"[16, 24)","[-inf, 31)","[59, 82)",True
conf0.25,0.25,1457.png,11,Cargo Truck,0.2531951069831848,bkg,-1,13.529568199850294,13,1727.9481201171875,1831.118408203125,1737.6966552734375,1849.8955078125,136.440185546875,"[8, 16)","[-inf, 31)","[82, inf)",True
conf0.25,0.25,1457.png,12,Cargo Truck,0.2508086562156677,bkg,-1,16.38335493114803,13,1350.1978759765625,2165.8960571289062,1373.2945556640625,2177.5173950195312,77.45191955566406,"[16, 24)","[-inf, 31)","[59, 82)",True
conf0.25,0.25,1530.png,0,Cargo Truck,0.7769787907600403,bkg,-1,25.38700075780905,14,3041.743225097656,985.107421875,3062.797180175781,1015.71923828125,64.47067260742188,"[24, 32)","[-inf, 31)","[59, 82)",True
conf0.25,0.25,1530.png,1,Truck w/Box,0.7592741847038269,cls,11,37.48951802325746,14,1889.2145385742188,1368.5895385742188,1914.776428222656,1423.5723266601562,46.54807662963867,"[32, 48)","[-inf, 31)","[45, 59)",True
conf0.25,0.25,1530.png,2,Cargo Truck,0.7018886804580688,bkg,-1,15.010298715132773,14,961.32177734375,1082.26708984375,971.9229736328124,1103.520263671875,54.88429641723633,"[8, 16)","[-inf, 31)","[45, 59)",True
conf0.25,0.25,1530.png,3,Cargo Truck,0.6885440349578857,bkg,-1,20.270729067777026,14,2889.166015625,2373.3017578125,2911.095947265625,2392.038818359375,65.8065185546875,"[16, 24)","[-inf, 31)","[59, 82)",True
conf0.25,0.25,1530.png,4,Truck w/Liquid,0.6572424173355103,TP,7,21.76380404874089,14,1096.508056640625,487.1597290039063,1112.2457275390625,517.2571411132812,66.93927764892578,"[16, 24)","[-inf, 31)","[59, 82)",False
conf0.25,0.25,1530.png,5,Cargo Truck,0.6089295148849487,TP,1,18.213925213511516,14,605.6382446289062,2036.969665527344,629.6729125976562,2050.772521972656,63.45066833496094,"[16, 24)","[-inf, 31)","[59, 82)",False
conf0.25,0.25,1530.png,6,Cargo Truck,0.4279849529266357,bkg,-1,21.364389288319106,14,776.8068008422852,2517.773803710937,790.7640495300293,2550.476318359375,64.61764526367188,"[16, 24)","[-inf, 31)","[59, 82)",True
conf0.25,0.25,1530.png,7,Truck w/Liquid,0.4147564768791199,TP,12,19.2311335140168,14,1111.7258911132812,488.88958740234375,1125.0457153320312,516.6554565429688,81.01839447021484,"[16, 24)","[-inf, 31)","[59, 82)",False
conf0.25,0.25,1530.png,8,Cargo Truck,0.3991442918777466,TP,5,16.587120581759812,14,2827.08544921875,3187.8045043945312,2839.09375,3210.7163696289062,82.7724380493164,"[16, 24)","[-inf, 31)","[82, inf)",False
conf0.25,0.25,1530.png,9,Truck w/Box,0.3903607726097107,cls,13,22.712328033342104,14,1726.386474609375,1051.3213500976562,1743.469970703125,1081.5171508789062,46.00896072387695,"[16, 24)","[-inf, 31)","[45, 59)",True
conf0.25,0.25,1530.png,10,Cargo Truck,0.3385754227638244,bkg,-1,19.092051637710753,14,1272.6050415039062,1669.0398406982422,1295.4860229492188,1684.9703826904297,29.02083396911621,"[16, 24)","[-inf, 31)","[-inf, 45)",True
conf0.25,0.25,1530.png,11,Truck Tractor,0.2629871070384979,both,13,33.3600872732752,14,1727.7058410644531,1022.4732513427734,1751.5957946777344,1069.0574951171875,50.97416687011719,"[32, 48)","[-inf, 31)","[45, 59)",True
conf0.25,0.25,1929.png,0,Truck w/Box,0.8496518135070801,bkg,-1,42.74334772362428,77,3453.6069946289062,1187.9284973144531,3492.252014160156,1235.2048034667969,51.581634521484375,"[32, 48)","[76, 97)","[45, 59)",True
conf0.25,0.25,1929.png,1,Truck w/Box,0.8082342743873596,bkg,-1,29.01518922952873,77,1536.0,3134.853515625,1555.9914512634275,3176.965576171875,48.270931243896484,"[24, 32)","[76, 97)","[45, 59)",True
conf0.25,0.25,1929.png,2,Truck w/Box,0.7196107506752014,cls,6,30.397848342435232,77,4300.290924072266,1786.4274139404297,4315.008697509766,1849.2106323242188,60.77734375,"[24, 32)","[76, 97)","[59, 82)",True
conf0.25,0.25,1929.png,3,Truck w/Flatbed,0.6863831877708435,cls,40,31.880467476773365,77,4223.793518066406,1682.2181396484375,4241.753356933594,1738.80908203125,71.11172485351562,"[24, 32)","[76, 97)","[59, 82)",True
conf0.25,0.25,1929.png,4,Truck w/Flatbed,0.6575366854667664,cls,42,32.49974921638676,77,4320.382507324219,1680.7774047851562,4340.297180175781,1733.8153686523438,93.25749206542969,"[32, 48)","[76, 97)","[82, inf)",True
conf0.25,0.25,1929.png,5,Truck w/Flatbed,0.620503306388855,bkg,-1,31.703859444332195,77,4242.201690673828,1682.501220703125,4259.985076904297,1739.022216796875,47.61781692504883,"[24, 32)","[76, 97)","[45, 59)",True
conf0.25,0.25,1929.png,6,Truck w/Box,0.5804203152656555,bkg,-1,42.08094259787478,77,1199.1213684082031,2500.6494140625,1228.9577331542969,2560.0,48.6783332824707,"[32, 48)","[76, 97)","[45, 59)",True
conf0.25,0.25,1929.png,7,Truck w/Flatbed,0.5693556070327759,cls,41,32.71276668422767,77,4302.349243164063,1680.6600341796875,4322.002746582031,1735.109619140625,63.92687225341797,"[32, 48)","[76, 97)","[59, 82)",True
conf0.25,0.25,1929.png,8,Truck w/Box,0.5106223225593567,cls,3,38.278255085471436,77,4358.867919921875,1763.6219787597656,4446.505615234375,1780.3410949707031,57.060550689697266,"[32, 48)","[76, 97)","[45, 59)",True
conf0.25,0.25,1929.png,9,Truck w/Box,0.4098837971687317,cls,65,47.36275448810991,77,2353.0652198791504,1718.8057861328125,2405.873809814453,1761.2843017578125,71.28473663330078,"[32, 48)","[76, 97)","[59, 82)",True
conf0.25,0.25,1929.png,10,Truck w/Box,0.3840107321739197,bkg,-1,35.843755018429725,77,4065.479370117188,1683.4336853027344,4086.024169921875,1745.9689636230469,66.02236938476562,"[32, 48)","[76, 97)","[59, 82)",True
conf0.25,0.25,1929.png,11,Truck w/Box,0.3374830484390259,bkg,-1,23.12718549417877,77,4228.4649658203125,1788.6608276367188,4243.599365234375,1824.001953125,100.04560852050781,"[16, 24)","[76, 97)","[82, inf)",True
conf0.25,0.25,20.png,0,Truck w/Box,0.8462270498275757,TP,1,32.563104127941166,43,768.299446105957,624.6190185546875,822.2049102783203,644.2896728515625,62.98181915283203,"[32, 48)","[31, 76)","[59, 82)",False
conf0.25,0.25,20.png,1,Truck w/Box,0.7976012229919434,bkg,-1,26.645834331109164,43,773.0948219299316,606.86279296875,828.2970161437988,619.724609375,93.30484771728516,"[24, 32)","[31, 76)","[82, inf)",True
conf0.25,0.25,20.png,2,Truck w/Box,0.7947772145271301,TP,0,27.014366869646228,43,778.7105712890625,594.3304443359375,832.5936279296875,607.8741455078125,100.22856903076172,"[24, 32)","[31, 76)","[82, inf)",False
conf0.25,0.25,20.png,3,Truck w/Box,0.6422247886657715,TP,5,34.72809806068748,43,768.0,639.8855590820312,803.5041656494141,673.8545532226562,77.81587219238281,"[32, 48)","[31, 76)","[59, 82)",False
conf0.25,0.25,20.png,4,Cargo Truck,0.6280316710472107,bkg,-1,21.573294920086592,43,1328.85595703125,1907.8090362548828,1345.51220703125,1935.7509231567385,106.76628112792969,"[16, 24)","[31, 76)","[82, inf)",True
conf0.25,0.25,20.png,5,Truck w/Box,0.5157873630523682,bkg,-1,27.387524948909647,43,622.8729248046875,560.5676879882812,650.4510498046875,587.7659301757812,125.20689392089844,"[24, 32)","[31, 76)","[82, inf)",True
conf0.25,0.25,20.png,6,Cargo Truck,0.3729785978794098,cls,26,24.086018248827195,43,1332.9160766601562,2602.428100585937,1354.8607788085938,2628.8643798828125,74.86151123046875,"[24, 32)","[31, 76)","[59, 82)",True
conf0.25,0.25,20.png,7,Truck w/Box,0.3185323476791382,TP,2,36.124606008674604,43,658.3914794921875,586.588623046875,682.173095703125,641.46240234375,76.82071685791016,"[32, 48)","[31, 76)","[59, 82)",False
conf0.25,0.25,20.png,8,Cargo Truck,0.3099514245986938,bkg,-1,22.6080862046344,43,1292.650390625,1908.9763298034668,1312.987548828125,1934.1089248657229,105.84832763671875,"[16, 24)","[31, 76)","[82, inf)",True
conf0.25,0.25,20.png,9,Truck w/Box,0.2942549884319305,TP,10,23.341067740934555,43,835.2156982421875,888.5015258789062,848.6678466796875,929.0010375976562,88.73639678955078,"[16, 24)","[31, 76)","[82, inf)",False
conf0.25,0.25,20.png,10,Truck w/Flatbed,0.2871466279029846,cls,4,46.44098575801791,43,721.0006103515625,646.526123046875,767.6666259765625,692.7431640625,69.13490295410156,"[32, 48)","[31, 76)","[59, 82)",True
conf0.25,0.25,20.png,11,Cargo Truck,0.2844709753990173,bkg,-1,20.295320439194686,43,1306.60791015625,1907.8548278808596,1323.789306640625,1931.8284339904783,93.32221984863281,"[16, 24)","[31, 76)","[82, inf)",True
conf0.25,0.25,20.png,12,Cargo Truck,0.2682985961437225,cls,37,22.220046618543382,43,1554.836669921875,2657.495178222656,1574.353271484375,2682.7931518554688,99.61172485351562,"[16, 24)","[31, 76)","[82, inf)",True
conf0.25,0.25,20.png,13,Cargo Truck,0.2677411139011383,cls,25,24.15224653456124,43,1303.851318359375,2574.1591796875,1325.82958984375,2600.700439453125,64.52657318115234,"[24, 32)","[31, 76)","[59, 82)",True
conf0.25,0.25,20.png,14,Cargo Truck,0.2544943988323211,cls,24,22.87875656123229,43,1318.4819946289062,2606.7674560546875,1339.9929809570312,2631.100952148437,65.45629119873047,"[16, 24)","[31, 76)","[59, 82)",True
conf0.25,0.25,2139.png,0,Truck w/Box,0.8284416794776917,TP,50,29.545880700003604,92,2522.931640625,1652.6115112304688,2559.525634765625,1676.466766357422,81.54631805419922,"[24, 32)","[76, 97)","[59, 82)",False
conf0.25,0.25,2139.png,1,Cargo Truck,0.7933309078216553,TP,55,16.613433914326258,92,2392.0863647460938,2025.0753784179688,2404.6843872070312,2046.9840698242188,74.25524139404297,"[16, 24)","[76, 97)","[59, 82)",False
conf0.25,0.25,2139.png,2,Cargo Truck,0.7473124861717224,TP,45,25.219331338302144,92,1999.2966918945312,838.2256851196289,2019.087951660156,870.3618240356445,43.69264221191406,"[24, 32)","[76, 97)","[-inf, 45)",False
conf0.25,0.25,2139.png,3,Cargo Truck,0.7319907546043396,TP,33,14.26194621322401,92,1400.530029296875,958.353271484375,1410.565673828125,978.621337890625,77.40259552001953,"[8, 16)","[76, 97)","[59, 82)",False
conf0.25,0.25,2139.png,4,Cargo Truck,0.6732781529426575,TP,63,20.703684391166117,92,2385.317687988281,2630.146484375,2401.2261352539062,2657.0908203125,114.51050567626953,"[16, 24)","[76, 97)","[82, inf)",False
conf0.25,0.25,2139.png,5,Truck w/Box,0.6487072110176086,bkg,-1,25.0325783870877,92,1462.205078125,1971.5067672729488,1479.56494140625,2007.6032485961916,68.07958221435547,"[24, 32)","[76, 97)","[59, 82)",True
conf0.25,0.25,2139.png,6,Truck w/Box,0.6225019097328186,cls,22,25.531319175145864,92,2377.7544555664062,1496.1268310546875,2398.144470214844,1528.0958251953125,82.4173583984375,"[24, 32)","[76, 97)","[82, inf)",True
conf0.25,0.25,2139.png,7,Truck w/Box,0.5822150111198425,TP,53,23.91712910313641,92,1523.6182861328125,1540.7235107421875,1539.4793701171875,1576.7884521484375,110.76470947265625,"[16, 24)","[76, 97)","[82, inf)",False
conf0.25,0.25,2139.png,8,Truck w/Flatbed,0.5737059712409973,cls,17,23.191255176244926,92,1546.4710502624512,1537.8674201965332,1560.3530616760254,1576.6106758117676,90.2683334350586,"[16, 24)","[76, 97)","[82, inf)",True
conf0.25,0.25,2139.png,9,Cargo Truck,0.5550967454910278,cls,10,21.65540768690331,92,1503.9720458984375,1625.0350341796875,1540.1683349609375,1637.990966796875,143.2591094970703,"[16, 24)","[76, 97)","[82, inf)",True
conf0.25,0.25,2139.png,10,Cargo Truck,0.5315147638320923,TP,60,22.843439430781864,92,1561.3576049804688,1668.427963256836,1577.9974975585938,1699.7877044677734,111.03125,"[16, 24)","[76, 97)","[82, inf)",False
conf0.25,0.25,2139.png,11,Truck w/Flatbed,0.4476635456085205,bkg,-1,20.407386604807698,92,1647.577178955078,1536.0,1660.640625,1567.8799057006836,96.88169860839844,"[16, 24)","[76, 97)","[82, inf)",True
conf0.25,0.25,2139.png,12,Cargo Truck,0.419959545135498,loc,60,23.795225104083116,92,1548.526123046875,1668.4356994628906,1566.65771484375,1699.6636657714844,100.27467346191406,"[16, 24)","[76, 97)","[82, inf)",True
conf0.25,0.25,2139.png,13,Cargo Truck,0.4129975438117981,loc,43,20.908868052685897,92,1502.198974609375,1606.8216552734375,1537.230224609375,1619.3013916015625,116.65079498291016,"[16, 24)","[76, 97)","[82, inf)",True
conf0.25,0.25,2139.png,14,Truck w/Box,0.4006490409374237,bkg,-1,31.943777376318813,92,1965.16455078125,1374.6026611328125,1983.7724609375,1429.4398193359375,71.38157653808594,"[24, 32)","[76, 97)","[59, 82)",True
conf0.25,0.25,2139.png,15,Cargo Truck,0.3792800307273865,TP,86,13.998701351999065,92,1504.2454833984375,1639.7205657958984,1524.8131103515625,1649.2483367919922,138.2770538330078,"[8, 16)","[76, 97)","[82, inf)",False
conf0.25,0.25,2139.png,16,Truck w/Flatbed,0.374611496925354,cls,40,18.369641456906074,92,1536.1684370040894,1537.795066833496,1548.413682937622,1565.3521881103516,79.1273193359375,"[16, 24)","[76, 97)","[59, 82)",True
conf0.25,0.25,2139.png,17,Cargo Truck,0.3579941689968109,bkg,-1,16.39596405907732,92,1422.4630126953125,999.971435546875,1435.916259765625,1019.9537963867188,46.25510025024414,"[16, 24)","[76, 97)","[45, 59)",True
conf0.25,0.25,2139.png,18,Cargo Truck,0.3444389104843139,bkg,-1,12.176636490510763,92,2911.8893432617188,2201.210693359375,2921.3367309570312,2216.905029296875,138.17613220214844,"[8, 16)","[76, 97)","[82, inf)",True
conf0.25,0.25,2139.png,19,Cargo Truck,0.3432725071907043,bkg,-1,13.551586792744965,92,1698.3033599853516,2888.30224609375,1707.4828338623047,2908.308349609375,56.20476150512695,"[8, 16)","[76, 97)","[45, 59)",True
conf0.25,0.25,2139.png,20,Cargo Truck,0.342325210571289,bkg,-1,13.52356901385854,92,1375.436767578125,1372.8597412109375,1384.9483642578125,1392.0875244140625,42.17142868041992,"[8, 16)","[76, 97)","[-inf, 45)",True
conf0.25,0.25,2139.png,21,Truck w/Flatbed,0.3315503597259521,cls,5,19.873603504844972,92,1637.0653839111328,1536.0,1650.2284088134766,1566.0052700042725,141.34332275390625,"[16, 24)","[76, 97)","[82, inf)",True
conf0.25,0.25,2139.png,22,Truck w/Liquid,0.3127130270004272,cls,79,24.194087311884747,92,2639.595947265625,2524.326477050781,2670.054931640625,2543.544250488281,85.9984359741211,"[24, 32)","[76, 97)","[82, inf)",True
conf0.25,0.25,2139.png,23,Truck w/Flatbed,0.2991917729377746,cls,89,21.24835712842872,92,1603.8304595947266,1536.0,1618.8630981445312,1566.0341606140137,138.4778289794922,"[16, 24)","[76, 97)","[82, inf)",True
conf0.25,0.25,2139.png,24,Cargo Truck,0.2884251177310943,TP,43,20.04948774089763,92,1503.2024536132812,1617.1544799804688,1538.4164428710938,1628.5698852539062,86.99305725097656,"[16, 24)","[76, 97)","[82, inf)",False
conf0.25,0.25,2139.png,25,Truck w/Flatbed,0.286712497472763,cls,82,26.490312749573334,92,1627.331901550293,1627.9207763671875,1645.3181686401367,1666.9359130859375,105.91447448730469,"[24, 32)","[76, 97)","[82, inf)",True
conf0.25,0.25,2139.png,26,Cargo Truck,0.2848552763462066,cls,17,22.272059361934666,92,1547.2001953125,1539.1460723876953,1560.76318359375,1575.7194747924805,94.53668212890625,"[16, 24)","[76, 97)","[82, inf)",True
conf0.25,0.25,2139.png,27,Cargo Truck,0.2739403247833252,TP,27,19.047367758279652,92,1980.219482421875,941.6759643554688,1996.3424072265625,964.17822265625,67.04901885986328,"[16, 24)","[76, 97)","[59, 82)",False
conf0.25,0.25,2139.png,28,Truck w/Box,0.2731423079967499,bkg,-1,43.3488825082905,92,2421.52880859375,1861.696685791016,2483.919189453125,1891.8155212402344,88.09114074707031,"[32, 48)","[76, 97)","[82, inf)",True
conf0.25,0.25,2139.png,29,Cargo Truck,0.2571064829826355,bkg,-1,13.342002330131486,92,2957.952514648437,2197.963104248047,2970.367431640625,2212.3014221191406,139.2767791748047,"[8, 16)","[76, 97)","[82, inf)",True
conf0.25,0.25,2139.png,30,Truck w/Box,0.2501726746559143,bkg,-1,31.489248617948448,92,1950.833740234375,1381.3160400390625,1969.922119140625,1433.262451171875,62.15471649169922,"[24, 32)","[76, 97)","[59, 82)",True
conf0.25,0.25,2292.png,0,Cargo Truck,0.3043901026248932,TP,25,13.74205990439856,30,889.7951049804688,2292.6236572265625,900.7333068847656,2309.8883056640625,90.31481170654297,"[8, 16)","[-inf, 31)","[82, inf)",False
conf0.25,0.25,2293.png,0,Truck w/Box,0.8026809096336365,cls,42,44.604060768083095,145,1624.5098876953125,898.1720581054688,1679.3714599609375,934.4364624023438,45.070945739746094,"[32, 48)","[97, inf)","[-inf, 45)",True
conf0.25,0.25,2293.png,1,Truck w/Flatbed,0.7728261351585388,cls,3,20.97229204662719,145,2578.772705078125,1620.3199462890625,2619.3980712890625,1631.1466064453125,86.56150817871094,"[16, 24)","[97, inf)","[82, inf)",True
conf0.25,0.25,2293.png,2,Truck w/Box,0.7722111344337463,cls,9,35.91651073468555,145,2863.767578125,827.0299072265625,2926.5983276367188,847.5611877441406,45.43452453613281,"[32, 48)","[97, inf)","[45, 59)",True
conf0.25,0.25,2293.png,3,Truck w/Box,0.721856951713562,both,77,25.28833308834346,145,2304.1329021453857,511.38482666015625,2329.820636749268,536.2799682617188,36.152366638183594,"[24, 32)","[97, inf)","[-inf, 45)",True
conf0.25,0.25,2293.png,4,Truck w/Flatbed,0.7079326510429382,bkg,-1,32.83916484575249,145,1819.7686462402344,1495.9991455078125,1840.769989013672,1547.3487548828125,40.289878845214844,"[32, 48)","[97, inf)","[-inf, 45)",True
conf0.25,0.25,2293.png,5,Truck w/Box,0.6657813787460327,cls,103,24.16907217670734,145,2411.726821899414,1515.8311767578125,2427.970230102539,1551.7930908203125,59.13831329345703,"[24, 32)","[97, inf)","[45, 59)",True
conf0.25,0.25,2293.png,6,Truck w/Box,0.6551901698112488,cls,96,25.242799649989028,145,2526.7827758789062,1594.9552307128906,2567.378448486328,1610.6514587402344,57.516807556152344,"[24, 32)","[97, inf)","[45, 59)",True
conf0.25,0.25,2293.png,7,Cargo Truck,0.6519333124160767,bkg,-1,28.560698986985486,145,1898.0472412109373,1536.163055419922,1914.4764404296875,1585.8132858276367,44.68470764160156,"[24, 32)","[97, inf)","[-inf, 45)",True
conf0.25,0.25,2293.png,8,Truck w/Box,0.6314454078674316,cls,122,38.598645774264796,145,1493.3651733398438,951.563934326172,1547.2470092773438,979.21435546875,58.48902893066406,"[32, 48)","[97, inf)","[45, 59)",True
conf0.25,0.25,2293.png,9,Truck w/Flatbed,0.6138213276863098,both,105,44.46409235580134,145,284.6429748535156,1833.2296142578125,322.5884704589844,1885.3321228027344,39.28011703491211,"[32, 48)","[97, inf)","[-inf, 45)",True
conf0.25,0.25,2293.png,10,Truck w/Flatbed,0.6126313209533691,TP,101,27.44398086521631,145,2305.302556037903,2129.4219970703125,2319.73770236969,2181.5982666015625,31.45911979675293,"[24, 32)","[97, inf)","[-inf, 45)",False
conf0.25,0.25,2293.png,11,Cargo Truck,0.602080762386322,TP,141,26.004138403978242,145,2285.6103515625,2623.9600830078125,2300.11962890625,2670.565795898437,66.15625,"[24, 32)","[97, inf)","[59, 82)",False
conf0.25,0.25,2293.png,12,Cargo Truck,0.5957401990890503,bkg,-1,20.72762816644754,145,2384.769897460937,938.94677734375,2398.825561523437,969.513427734375,92.44999694824219,"[16, 24)","[97, inf)","[82, inf)",True
conf0.25,0.25,2293.png,13,Truck w/Flatbed,0.5702163577079773,both,0,37.45893330428581,145,323.1058349609375,1796.0244903564453,353.2681884765625,1842.5451202392576,41.49622344970703,"[32, 48)","[97, inf)","[-inf, 45)",True
conf0.25,0.25,2293.png,14,Cargo Truck,0.556459367275238,bkg,-1,35.37410649192274,145,1407.1639404296875,143.68319702148438,1475.2552490234375,162.06039428710938,89.05579376220703,"[32, 48)","[97, inf)","[82, inf)",True
conf0.25,0.25,2293.png,15,Truck w/Box,0.5559499263763428,cls,125,27.30217561685416,145,2573.0,1587.5331420898438,2611.371898651123,1606.9590454101562,85.12051391601562,"[24, 32)","[97, inf)","[82, inf)",True
conf0.25,0.25,2293.png,16,Truck w/Flatbed,0.5541665554046631,cls,13,45.64282261038077,145,775.5601806640625,1384.5006103515625,825.6195068359375,1426.1165771484375,37.14865493774414,"[32, 48)","[97, inf)","[-inf, 45)",True
conf0.25,0.25,2293.png,17,Truck w/Box,0.5168088674545288,cls,83,19.516416577533086,145,2532.045379638672,1619.7129669189453,2570.4523010253906,1629.6302032470703,102.93006896972656,"[16, 24)","[97, inf)","[82, inf)",True
conf0.25,0.25,2293.png,18,Truck w/Box,0.5159261226654053,bkg,-1,31.03320656396536,145,2285.1317138671875,2676.98876953125,2304.781494140625,2726.0,60.244998931884766,"[24, 32)","[97, inf)","[59, 82)",True
conf0.25,0.25,2293.png,19,Truck w/Box,0.5145022869110107,loc,128,30.15331421787282,145,2594.3737030029297,918.0632934570312,2617.408363342285,957.5352172851562,53.62187576293945,"[24, 32)","[97, inf)","[45, 59)",True
conf0.25,0.25,2293.png,20,Truck w/Box,0.492260068655014,cls,48,34.14691189083352,145,1248.510498046875,1067.8884887695312,1295.3561401367188,1092.7789916992188,54.330928802490234,"[32, 48)","[97, inf)","[45, 59)",True
conf0.25,0.25,2293.png,21,Cargo Truck,0.4904393553733825,loc,123,26.23089584377808,145,274.956787109375,1884.7440185546875,298.6395263671875,1913.7972412109373,45.930667877197266,"[24, 32)","[97, inf)","[45, 59)",True
conf0.25,0.25,2293.png,22,Cargo Truck,0.4066270291805267,loc,81,31.533981864625066,145,259.3964538574219,1877.866455078125,289.2978210449219,1911.1221923828125,45.026729583740234,"[24, 32)","[97, inf)","[-inf, 45)",True
conf0.25,0.25,2293.png,23,Truck w/Flatbed,0.4027682840824127,bkg,-1,48.87456803484585,145,2415.2994384765625,2663.525390625,2453.534545898437,2726.0,21.285715103149414,"[48, 96)","[97, inf)","[-inf, 45)",True
conf0.25,0.25,2293.png,24,Truck Tractor,0.3946278095245361,bkg,-1,47.97006667629634,145,341.1060791015625,1845.474349975586,385.728271484375,1897.043472290039,57.967716217041016,"[32, 48)","[97, inf)","[45, 59)",True
conf0.25,0.25,2293.png,25,Truck w/Box,0.3934942483901977,cls,3,22.62461261967579,145,2576.5435791015625,1619.8270263671875,2619.0957832336426,1631.8563232421875,80.22552490234375,"[16, 24)","[97, inf)","[59, 82)",True
conf0.25,0.25,2293.png,26,Truck w/Box,0.3881561160087585,bkg,-1,30.18203867948069,145,1490.4494018554688,1189.743408203125,1514.6991577148438,1227.3089599609375,65.66358947753906,"[24, 32)","[97, inf)","[59, 82)",True
conf0.25,0.25,2293.png,27,Cargo Truck,0.3867792785167694,TP,20,29.7729816749088,145,1921.8607177734373,1536.0,1940.4510498046875,1583.6823348999023,45.87812423706055,"[24, 32)","[97, inf)","[45, 59)",False
conf0.25,0.25,2293.png,28,Truck w/Box,0.3604050576686859,cls,72,37.2836723719764,145,1299.4747314453125,1041.542236328125,1349.2205810546875,1069.4857177734375,54.62812805175781,"[32, 48)","[97, inf)","[45, 59)",True
conf0.25,0.25,2293.png,29,Cargo Truck,0.3365212082862854,cls,115,28.173387572548325,145,2578.182006835937,919.6961669921876,2599.5203857421875,956.8939208984376,35.20454406738281,"[24, 32)","[97, inf)","[-inf, 45)",True
conf0.25,0.25,2293.png,30,Cargo Truck,0.3276244103908539,bkg,-1,23.878167364219944,145,1361.4298095703125,2688.29345703125,1378.5992431640625,2721.501708984375,17.3006534576416,"[16, 24)","[97, inf)","[-inf, 45)",True
conf0.25,0.25,2293.png,31,Truck w/Box,0.3165798783302307,cls,65,30.680068425683466,145,772.3864250183105,2089.576416015625,791.6017875671387,2138.5615234375,60.132999420166016,"[24, 32)","[97, inf)","[59, 82)",True
conf0.25,0.25,2293.png,32,Cargo Truck,0.3111228346824646,TP,31,29.004809208635653,145,1884.0970458984373,1546.3104038238523,1901.299072265625,1595.216209411621,29.211111068725586,"[24, 32)","[97, inf)","[-inf, 45)",False
conf0.25,0.25,2293.png,33,Truck w/Flatbed,0.2988709211349487,bkg,-1,30.338481767892716,145,1624.9989013671875,553.2951049804688,1690.3729248046875,567.3744506835938,32.707462310791016,"[24, 32)","[97, inf)","[-inf, 45)",True
conf0.25,0.25,2293.png,34,Truck w/Box,0.288313090801239,cls,38,31.41720557646531,145,1432.69384765625,1474.1953125,1449.883056640625,1531.617431640625,81.87451934814453,"[24, 32)","[97, inf)","[82, inf)",True
conf0.25,0.25,2293.png,35,Cargo Truck,0.2737321853637695,bkg,-1,21.17873457783171,145,2848.65380859375,10.611793518066406,2868.290771484375,33.45335006713867,65.96428680419922,"[16, 24)","[97, inf)","[59, 82)",True
conf0.25,0.25,2293.png,36,Truck w/Flatbed,0.2704453766345978,cls,83,20.19826266988531,145,2531.6713256835938,1619.3751831054688,2570.044677734375,1630.0067749023438,98.05208587646484,"[16, 24)","[97, inf)","[82, inf)",True
conf0.25,0.25,2293.png,37,Truck w/Flatbed,0.263707548379898,cls,35,30.798980753984825,145,1888.9701538085935,1638.694480895996,1907.4592895507808,1689.999053955078,54.63172912597656,"[24, 32)","[97, inf)","[45, 59)",True
conf0.25,0.25,2308.png,0,Cargo Truck,0.754364013671875,TP,44,27.053970543319764,76,5873.0474853515625,2470.820678710937,5895.2373046875,2503.805053710937,62.95907974243164,"[24, 32)","[31, 76)","[59, 82)",False
conf0.25,0.25,2308.png,1,Cargo Truck,0.7479478120803833,TP,18,25.874296326214157,76,6161.7786865234375,4816.133056640625,6198.6409912109375,4834.294677734375,43.88088607788086,"[24, 32)","[31, 76)","[-inf, 45)",False
conf0.25,0.25,2308.png,2,Cargo Truck,0.7333517074584961,bkg,-1,29.283322588159535,76,3145.8634033203125,3543.051147460937,3165.730834960937,3586.212890625,29.445886611938477,"[24, 32)","[31, 76)","[-inf, 45)",True
conf0.25,0.25,2308.png,3,Cargo Truck,0.7328527569770813,bkg,-1,22.468481073194095,76,2539.1532287597656,10.311058044433594,2574.134826660156,24.742435455322266,19.409259796142578,"[16, 24)","[31, 76)","[-inf, 45)",True
conf0.25,0.25,2308.png,4,Cargo Truck,0.7254222631454468,bkg,-1,32.61995785535017,76,5503.799072265625,4071.675842285156,5549.779296875,4094.8175659179688,66.99201965332031,"[32, 48)","[31, 76)","[59, 82)",True
conf0.25,0.25,2308.png,5,Cargo Truck,0.6890498399734497,TP,71,32.34437570035762,76,3975.725341796875,3711.0869140625,4004.094055175781,3747.964111328125,99.87567901611328,"[32, 48)","[31, 76)","[82, inf)",False
conf0.25,0.25,2308.png,6,Cargo Truck,0.6864045262336731,bkg,-1,40.066999186877446,76,2870.34326171875,4055.0411987304688,2910.27001953125,4095.2489318847656,43.151100158691406,"[32, 48)","[31, 76)","[-inf, 45)",True
conf0.25,0.25,2308.png,7,Truck w/Box,0.6476563215255737,bkg,-1,68.8972623261796,76,4145.731323242188,745.14306640625,4203.752197265625,826.95556640625,51.1535758972168,"[48, 96)","[31, 76)","[45, 59)",True
conf0.25,0.25,2308.png,8,Cargo Truck,0.6425682902336121,bkg,-1,23.839273936302945,76,4319.182495117188,2673.4497985839844,4339.267456054688,2701.745147705078,40.46469497680664,"[16, 24)","[31, 76)","[-inf, 45)",True
conf0.25,0.25,2308.png,9,Cargo Truck,0.6392514705657959,bkg,-1,21.233780823772324,76,2213.4285888671875,0.0,2237.1158447265625,19.03443145751953,23.077999114990234,"[16, 24)","[31, 76)","[-inf, 45)",True
conf0.25,0.25,2308.png,10,Cargo Truck,0.624408483505249,bkg,-1,30.330259567367523,76,5877.4993896484375,2323.0838623046875,5902.3858642578125,2360.0487060546875,44.919029235839844,"[24, 32)","[31, 76)","[-inf, 45)",True
conf0.25,0.25,2308.png,11,Cargo Truck,0.6127761602401733,bkg,-1,30.62631713427492,76,2160.865478515625,6.390903472900391,2187.132568359375,42.09989547729492,34.66795349121094,"[24, 32)","[31, 76)","[-inf, 45)",True
conf0.25,0.25,2308.png,12,Truck w/Box,0.6075328588485718,cls,37,49.51787016875796,76,6370.565155029297,2824.0572509765625,6407.036407470703,2891.288818359375,76.92298889160156,"[48, 96)","[31, 76)","[59, 82)",True
conf0.25,0.25,2308.png,13,Cargo Truck,0.5697640776634216,TP,19,30.09309254430251,76,6148.6475830078125,4832.9947509765625,6196.172729492188,4852.0498046875,32.406219482421875,"[24, 32)","[31, 76)","[-inf, 45)",False
conf0.25,0.25,2308.png,14,Cargo Truck,0.5683755278587341,bkg,-1,32.87526812229899,76,5419.3056640625,519.893798828125,5445.651092529297,560.9173583984375,25.267196655273438,"[32, 48)","[31, 76)","[-inf, 45)",True
conf0.25,0.25,2308.png,15,Cargo Truck,0.5681059956550598,bkg,-1,25.63048021954225,76,178.59881591796875,4151.9102783203125,201.11602783203125,4181.08447265625,78.80376434326172,"[24, 32)","[31, 76)","[59, 82)",True
conf0.25,0.25,2308.png,16,Cargo Truck,0.568009614944458,bkg,-1,36.91309936962399,76,6507.832183837891,2866.9580078125,6564.450714111328,2891.02392578125,75.96021270751953,"[32, 48)","[31, 76)","[59, 82)",True
conf0.25,0.25,2308.png,17,Cargo Truck,0.5425807237625122,TP,73,52.96555692773686,76,4435.9114990234375,194.71823120117188,4487.52001953125,249.07650756835935,31.700471878051758,"[48, 96)","[31, 76)","[-inf, 45)",False
conf0.25,0.25,2308.png,18,Cargo Truck,0.5415101647377014,TP,28,37.3076631803207,76,6539.4716796875,3022.3699951171875,6569.432189941406,3068.826538085937,90.94165802001953,"[32, 48)","[31, 76)","[82, inf)",False
conf0.25,0.25,2308.png,19,Cargo Truck,0.5371347665786743,TP,40,32.255344611566436,76,5737.992431640625,2447.448135375977,5764.2073974609375,2487.1356658935547,58.7691650390625,"[32, 48)","[31, 76)","[45, 59)",False
conf0.25,0.25,2308.png,20,Cargo Truck,0.5225067138671875,bkg,-1,55.12114247914733,76,4723.798522949219,73.56680297851562,4778.261901855469,129.35365295410156,20.271930694580078,"[48, 96)","[31, 76)","[-inf, 45)",True
conf0.25,0.25,2308.png,21,Cargo Truck,0.5024996995925903,bkg,-1,33.429043890455674,76,2278.460327148437,4052.4730224609375,2305.223022460937,4094.2289428710938,40.06478500366211,"[32, 48)","[31, 76)","[-inf, 45)",True
conf0.25,0.25,2308.png,22,Cargo Truck,0.5006399154663086,bkg,-1,23.584181715414093,76,5437.708450317383,1413.5635375976562,5456.425827026367,1443.2799682617188,21.911291122436523,"[16, 24)","[31, 76)","[-inf, 45)",True
conf0.25,0.25,2308.png,23,Cargo Truck,0.4935256242752075,TP,32,28.960958061488807,76,6531.4107666015625,2989.7978515625,6557.290771484375,3022.20654296875,94.71895599365234,"[24, 32)","[31, 76)","[82, inf)",False
conf0.25,0.25,2308.png,24,Cargo Truck,0.4707499146461487,bkg,-1,23.086853416301768,76,5186.362182617188,3579.6917419433594,5205.976196289063,3606.866333007813,73.43571472167969,"[16, 24)","[31, 76)","[59, 82)",True
conf0.25,0.25,2308.png,25,Cargo Truck,0.4694835543632507,bkg,-1,23.211424345472462,76,3435.401397705078,3123.640014648437,3454.0855407714844,3152.4757080078125,36.36000061035156,"[16, 24)","[31, 76)","[-inf, 45)",True
conf0.25,0.25,2308.png,26,Cargo Truck,0.4452651143074035,bkg,-1,50.123653261335164,76,4894.056640625,233.3294677734375,4952.4749755859375,276.336181640625,21.190292358398438,"[48, 96)","[31, 76)","[-inf, 45)",True
conf0.25,0.25,2308.png,27,Cargo Truck,0.4156723022460937,bkg,-1,34.535547411527915,76,3864.623718261719,5374.6126708984375,3889.6326293945312,5422.3038330078125,53.80769348144531,"[32, 48)","[31, 76)","[45, 59)",True
conf0.25,0.25,2308.png,28,Cargo Truck,0.3777410387992859,loc,13,21.824155139301237,76,5978.981506347656,4843.9287109375,6002.711608886719,4864.0,81.07238006591797,"[16, 24)","[31, 76)","[59, 82)",True
conf0.25,0.25,2308.png,29,Truck w/Flatbed,0.3609665930271148,bkg,-1,46.0404921754246,76,911.0389404296876,4321.6060791015625,996.7286376953124,4346.343322753906,74.63998413085938,"[32, 48)","[31, 76)","[59, 82)",True
conf0.25,0.25,2308.png,30,Cargo Truck,0.3557631075382232,bkg,-1,30.3451014678407,76,6355.8424072265625,5030.7786865234375,6393.9698486328125,5054.929931640625,114.52922821044922,"[24, 32)","[31, 76)","[82, inf)",True
conf0.25,0.25,2308.png,31,Cargo Truck,0.3474153578281402,bkg,-1,79.87627746143667,76,5333.062561035156,3331.4476928710938,5425.553894042969,3400.4295043945312,38.26651382446289,"[48, 96)","[31, 76)","[-inf, 45)",True
conf0.25,0.25,2308.png,32,Cargo Truck,0.347012996673584,bkg,-1,76.4544060225746,76,4206.266052246094,561.580810546875,4274.369812011719,647.4097900390625,46.422454833984375,"[48, 96)","[31, 76)","[45, 59)",True
conf0.25,0.25,2308.png,33,Cargo Truck,0.3457500338554382,bkg,-1,38.166271605730365,76,5532.8272705078125,3783.855407714844,5564.4903564453125,3829.8605346679688,73.82527160644531,"[32, 48)","[31, 76)","[59, 82)",True
conf0.25,0.25,2308.png,34,Truck w/Box,0.3423057198524475,bkg,-1,36.538155300386016,76,3916.329223632813,1455.5999755859375,3946.524536132813,1499.8133544921875,60.556270599365234,"[32, 48)","[31, 76)","[59, 82)",True
conf0.25,0.25,2308.png,35,Cargo Truck,0.3322080075740814,TP,35,34.94126159047353,76,6327.718475341797,2841.5797729492188,6360.908599853516,2878.364562988281,59.56501388549805,"[32, 48)","[31, 76)","[59, 82)",False
conf0.25,0.25,2308.png,36,Truck w/Flatbed,0.3176808655261993,bkg,-1,74.55075639659856,76,2862.6329345703125,4622.128829956055,2963.0411376953125,4677.481033325195,49.527835845947266,"[48, 96)","[31, 76)","[45, 59)",True
conf0.25,0.25,2308.png,37,Cargo Truck,0.3162189126014709,TP,65,25.280234826904643,76,3009.0375366210938,2104.7413940429688,3043.4105834960938,2123.3341674804688,66.66000366210938,"[24, 32)","[31, 76)","[59, 82)",False
conf0.25,0.25,2308.png,38,Truck w/Liquid,0.2894226908683777,cls,33,42.05393754105094,76,6269.844451904297,2918.849365234375,6329.523101806641,2948.483642578125,55.12215805053711,"[32, 48)","[31, 76)","[45, 59)",True
conf0.25,0.25,2308.png,39,Truck w/Box,0.2845255136489868,bkg,-1,51.63410724209597,76,4126.443603515625,4081.175674438477,4168.668762207031,4144.315307617188,99.13590240478516,"[48, 96)","[31, 76)","[82, inf)",True
conf0.25,0.25,2308.png,40,Truck w/Flatbed,0.2812054753303528,bkg,-1,32.96729483308301,76,5504.326202392578,4070.894775390625,5551.008392333984,4094.176513671875,64.9366683959961,"[32, 48)","[31, 76)","[59, 82)",True
conf0.25,0.25,2308.png,41,Cargo Truck,0.2780288457870483,bkg,-1,44.771069927183845,76,2516.598022460937,4486.1412353515625,2560.0,4532.3245849609375,44.024662017822266,"[32, 48)","[31, 76)","[-inf, 45)",True
conf0.25,0.25,2308.png,42,Cargo Truck,0.269451379776001,TP,75,32.50755497620219,76,3190.92724609375,2096.050720214844,3250.0048828125,2113.9380493164062,70.12386322021484,"[32, 48)","[31, 76)","[59, 82)",False
conf0.25,0.25,2308.png,43,Cargo Truck,0.2655119597911834,TP,62,29.53735629483449,76,1774.3446044921875,2261.705078125,1797.947998046875,2298.668212890625,68.09977722167969,"[24, 32)","[31, 76)","[59, 82)",False
conf0.25,0.25,2308.png,44,Truck w/Box,0.2567010521888733,bkg,-1,47.05778162673369,76,573.7042236328125,316.7096252441406,661.857421875,341.8299255371094,122.94598388671875,"[32, 48)","[31, 76)","[82, inf)",True
conf0.25,0.25,2308.png,45,Cargo Truck,0.2521379590034485,bkg,-1,33.68477098291669,76,5082.832550048828,526.0355224609375,5105.748382568359,575.5499267578125,21.525833129882812,"[32, 48)","[31, 76)","[-inf, 45)",True
conf0.25,0.25,2384.png,0,Truck w/Box,0.7276070713996887,cls,89,17.311995973204645,90,301.16278076171875,696.0938110351562,312.48712158203125,722.5593872070312,52.58024597167969,"[16, 24)","[76, 97)","[45, 59)",True
conf0.25,0.25,2384.png,1,Truck w/Box,0.6157438158988953,TP,48,17.06808092198137,90,80.17153930664062,1004.5038452148438,107.11224365234376,1015.3171997070312,77.09821319580078,"[16, 24)","[76, 97)","[59, 82)",False
conf0.25,0.25,2384.png,2,Cargo Truck,0.4973688423633575,bkg,-1,21.912271920827134,90,1084.8154296875,701.179931640625,1108.159423828125,721.748291015625,53.16761779785156,"[16, 24)","[76, 97)","[45, 59)",True
conf0.25,0.25,2384.png,3,Truck w/Box,0.2588168978691101,TP,85,17.906840809806628,90,14.563281059265137,1004.3997192382812,42.8687629699707,1015.7280883789062,79.5948257446289,"[16, 24)","[76, 97)","[59, 82)",False
conf0.25,0.25,2391.png,0,Truck w/Box,0.8337803483009338,TP,26,43.48638952487809,108,2236.746459960937,939.6821899414062,2270.7529296875,995.2911987304688,110.80852508544922,"[32, 48)","[97, inf)","[82, inf)",False
conf0.25,0.25,2391.png,1,Cargo Truck,0.8294739723205566,bkg,-1,27.71264019002775,108,2732.0135498046875,5830.0689697265625,2755.295288085937,5863.0557861328125,74.59803771972656,"[24, 32)","[97, inf)","[59, 82)",True
conf0.25,0.25,2391.png,2,Truck w/Box,0.788573145866394,TP,99,42.300876886103104,108,5041.9072265625,5245.442443847656,5070.8116455078125,5307.348693847656,111.2502670288086,"[32, 48)","[97, inf)","[82, inf)",False
conf0.25,0.25,2391.png,3,Truck w/Box,0.7504470348358154,bkg,-1,43.36043581068785,108,4424.4945068359375,3421.3558959960938,4459.220581054688,3475.49755859375,109.05000305175781,"[32, 48)","[97, inf)","[82, inf)",True
conf0.25,0.25,2391.png,4,Cargo Truck,0.7210965156555176,bkg,-1,25.738694306204646,108,4503.8990478515625,3780.195434570313,4525.5479736328125,3810.7965087890634,89.58765411376953,"[24, 32)","[97, inf)","[82, inf)",True
conf0.25,0.25,2391.png,5,Cargo Truck,0.6882025003433228,bkg,-1,26.963881175778894,108,1923.3653564453125,4313.179290771484,1966.7208251953125,4329.948822021484,69.04545593261719,"[24, 32)","[97, inf)","[59, 82)",True
conf0.25,0.25,2391.png,6,Truck w/Box,0.6850995421409607,bkg,-1,37.53521891808132,108,3212.2120208740234,1846.7018737792969,3236.354446411133,1905.0594177246091,60.40533447265625,"[32, 48)","[97, inf)","[59, 82)",True
conf0.25,0.25,2391.png,7,Truck w/Box,0.6621942520141602,bkg,-1,51.99058510183233,108,3701.9840087890634,5761.1292724609375,3752.2525634765625,5814.90087890625,58.496795654296875,"[48, 96)","[97, inf)","[45, 59)",True
conf0.25,0.25,2391.png,8,Cargo Truck,0.6567655801773071,bkg,-1,27.272684684427837,108,4733.217735290527,162.07015991210938,4772.648101806641,180.93377685546875,85.40131378173828,"[24, 32)","[97, inf)","[82, inf)",True
conf0.25,0.25,2391.png,9,Cargo Truck,0.6409152746200562,bkg,-1,27.179332389688273,108,4736.8326416015625,5103.590881347656,4771.0579833984375,5125.174774169922,54.380435943603516,"[24, 32)","[97, inf)","[45, 59)",True
conf0.25,0.25,2391.png,10,Cargo Truck,0.6384294629096985,bkg,-1,26.116909430923755,108,5121.2081298828125,161.07086181640625,5142.500244140625,193.1058654785156,86.83333587646484,"[24, 32)","[97, inf)","[82, inf)",True
conf0.25,0.25,2391.png,11,Cargo Truck,0.6309374570846558,bkg,-1,31.94695705258519,108,1056.2246704101562,2934.483764648437,1083.6002197265625,2971.7655029296875,100.25657653808594,"[24, 32)","[97, inf)","[82, inf)",True
conf0.25,0.25,2391.png,12,Truck w/Box,0.6274098753929138,bkg,-1,34.15593391810557,108,756.94482421875,4973.6732177734375,782.572998046875,5019.194519042969,71.46808624267578,"[32, 48)","[97, inf)","[59, 82)",True
conf0.25,0.25,2391.png,13,Cargo Truck,0.6075595021247864,bkg,-1,38.32968800670581,108,355.6787109375,4206.207702636719,386.3536376953125,4254.102355957031,68.43048095703125,"[32, 48)","[97, inf)","[59, 82)",True
conf0.25,0.25,2391.png,14,Cargo Truck,0.6051559448242188,bkg,-1,26.152142617533112,108,4433.9193115234375,1119.7354431152344,4455.843627929688,1150.930694580078,106.59375,"[24, 32)","[97, inf)","[82, inf)",True
conf0.25,0.25,2391.png,15,Cargo Truck,0.6037643551826477,bkg,-1,32.961787180088024,108,724.6597900390625,5584.825439453125,752.7335205078125,5623.5263671875,109.23534393310547,"[32, 48)","[97, inf)","[82, inf)",True
conf0.25,0.25,2391.png,16,Cargo Truck,0.5993331074714661,bkg,-1,25.215014583443583,108,3566.3663940429688,1374.349853515625,3586.697204589844,1405.6224365234375,84.44791412353516,"[24, 32)","[97, inf)","[82, inf)",True
conf0.25,0.25,2391.png,17,Cargo Truck,0.58531254529953,cls,38,34.966554554908306,108,4470.283081054688,5721.0255126953125,4525.424072265625,5743.198852539063,53.956520080566406,"[32, 48)","[97, inf)","[45, 59)",True
conf0.25,0.25,2391.png,18,Cargo Truck,0.570872962474823,bkg,-1,16.0565280286547,108,2442.616714477539,768.0,2453.668838500977,791.3269271850586,45.32986068725586,"[16, 24)","[97, inf)","[-inf, 45)",True
conf0.25,0.25,2391.png,19,Truck w/Box,0.5636955499649048,bkg,-1,32.06445172245915,108,5855.357666015625,4524.4952392578125,5877.986328125,4569.9300537109375,86.72400665283203,"[32, 48)","[97, inf)","[82, inf)",True
conf0.25,0.25,2391.png,20,Truck w/Box,0.5621025562286377,TP,85,42.64885021729046,108,2259.70947265625,415.75775146484375,2290.621459960937,474.5997924804688,101.36927032470703,"[32, 48)","[97, inf)","[82, inf)",False
conf0.25,0.25,2391.png,21,Cargo Truck,0.5617774128913879,bkg,-1,30.31639709000689,108,3851.989379882813,2258.8660888671875,3873.5914306640634,2301.4122314453125,86.312255859375,"[24, 32)","[97, inf)","[82, inf)",True
conf0.25,0.25,2391.png,22,Truck w/Box,0.5433526635169983,bkg,-1,49.4596986171102,108,6455.711608886719,5496.1334228515625,6490.054992675781,5567.362915039063,67.70833587646484,"[48, 96)","[97, inf)","[59, 82)",True
conf0.25,0.25,2391.png,23,Cargo Truck,0.5396542549133301,bkg,-1,24.228995786995796,108,2620.2993774414062,2862.727478027344,2638.1463623046875,2895.6206665039062,96.99845123291016,"[24, 32)","[97, inf)","[82, inf)",True
conf0.25,0.25,2391.png,24,Cargo Truck,0.5232728719711304,bkg,-1,22.233742560843673,108,4967.007171630859,4815.1510009765625,5000.894134521484,4829.7388916015625,99.99215698242188,"[16, 24)","[97, inf)","[82, inf)",True
conf0.25,0.25,2391.png,25,Cargo Truck,0.5189704298973083,bkg,-1,24.886715629264888,108,438.5212097167969,4165.384338378906,458.1800231933594,4196.889221191406,88.8125,"[24, 32)","[97, inf)","[82, inf)",True
conf0.25,0.25,2391.png,26,Truck w/Box,0.5144136548042297,cls,50,29.49873255071864,108,3842.847900390625,652.5335693359375,3870.092529296875,684.472900390625,80.68025207519531,"[24, 32)","[97, inf)","[59, 82)",True
conf0.25,0.25,2391.png,27,Truck w/Box,0.4985735714435577,cls,36,30.38736322692693,108,3389.169311523437,4843.716796875,3443.695556640625,4860.651611328125,96.50100708007812,"[24, 32)","[97, inf)","[82, inf)",True
conf0.25,0.25,2391.png,28,Cargo Truck,0.4906763136386871,bkg,-1,24.611901086404828,108,2360.240478515625,537.4913940429688,2379.443115234375,569.0363159179688,21.14090919494629,"[24, 32)","[97, inf)","[-inf, 45)",True
conf0.25,0.25,2391.png,29,Truck w/Box,0.4754121899604797,bkg,-1,32.57029511288144,108,2807.279235839844,1153.39404296875,2869.8297729492188,1170.353515625,46.69664764404297,"[32, 48)","[97, inf)","[45, 59)",True
conf0.25,0.25,2391.png,30,Truck Tractor,0.4537718892097473,bkg,-1,31.971857257849653,108,1893.9666748046875,2954.579345703125,1922.419189453125,2990.505859375,94.31261444091797,"[24, 32)","[97, inf)","[82, inf)",True
conf0.25,0.25,2391.png,31,Cargo Truck,0.432941198348999,bkg,-1,23.384894591632417,108,3489.551086425781,3937.246200561523,3508.5787963867188,3965.986038208008,99.76206970214844,"[16, 24)","[97, inf)","[82, inf)",True
conf0.25,0.25,2391.png,32,Truck w/Flatbed,0.4301529824733734,bkg,-1,24.20938600327822,108,5901.428161621094,1081.929718017578,5918.748596191406,1115.768035888672,69.33968353271484,"[24, 32)","[97, inf)","[59, 82)",True
conf0.25,0.25,2391.png,33,Cargo Truck,0.4227131009101867,bkg,-1,23.135414829380014,108,2733.621032714844,5426.5831298828125,2749.5389404296875,5460.208618164063,46.840335845947266,"[16, 24)","[97, inf)","[45, 59)",True
conf0.25,0.25,2391.png,34,Truck w/Box,0.4173278212547302,bkg,-1,23.03836273270278,108,4274.636047363281,2844.06396484375,4308.203063964844,2859.8760986328125,42.532142639160156,"[16, 24)","[97, inf)","[-inf, 45)",True
conf0.25,0.25,2391.png,35,Cargo Truck,0.4091813862323761,bkg,-1,25.736140322631492,108,4513.086608886719,4063.50439453125,4534.127746582031,4094.983154296875,76.45028686523438,"[24, 32)","[97, inf)","[59, 82)",True
conf0.25,0.25,2391.png,36,Cargo Truck,0.4082239866256714,bkg,-1,25.316917556968235,108,2857.46826171875,2304.082588195801,2877.170654296875,2336.613983154297,76.46320343017578,"[24, 32)","[97, inf)","[59, 82)",True
conf0.25,0.25,2391.png,37,Truck w/Flatbed,0.3977881669998169,bkg,-1,30.637643069110467,108,2712.9014892578125,3698.471435546875,2749.900695800781,3723.84130859375,72.09817504882812,"[24, 32)","[97, inf)","[59, 82)",True
conf0.25,0.25,2391.png,38,Truck w/Box,0.3956459760665893,bkg,-1,41.78601896535326,108,5097.504333496094,4619.865478515625,5127.038635253906,4678.985595703125,51.10752868652344,"[32, 48)","[97, inf)","[45, 59)",True
conf0.25,0.25,2391.png,39,Truck w/Flatbed,0.3944150507450104,bkg,-1,30.80222353222331,108,3448.3872680664062,3252.479248046875,3466.853454589844,3303.8583984375,56.532386779785156,"[24, 32)","[97, inf)","[45, 59)",True
conf0.25,0.25,2391.png,40,Cargo Truck,0.3699888586997986,bkg,-1,25.34679129305339,108,1533.3754272460938,790.958740234375,1571.2553100585938,807.919189453125,60.2065544128418,"[24, 32)","[97, inf)","[59, 82)",True
conf0.25,0.25,2391.png,41,Cargo Truck,0.3516567349433899,cls,39,28.557816876866045,108,5019.5941162109375,4908.01651763916,5046.77685546875,4938.018972396851,88.61289978027344,"[24, 32)","[97, inf)","[82, inf)",True
conf0.25,0.25,2391.png,42,Cargo Truck,0.3364932835102081,bkg,-1,26.6929273926965,108,5055.712768554688,5479.612060546875,5078.124633789063,5511.40380859375,89.39393615722656,"[24, 32)","[97, inf)","[82, inf)",True
conf0.25,0.25,2391.png,43,Truck w/Flatbed,0.3354845643043518,bkg,-1,44.41438596938145,108,2598.2334899902344,4375.951171875,2627.440216064453,4443.49169921875,80.69951629638672,"[32, 48)","[97, inf)","[59, 82)",True
conf0.25,0.25,2391.png,44,Cargo Truck,0.3219042718410492,bkg,-1,25.194974306187717,108,3531.2496337890625,5832.0263671875,3553.1060791015625,5861.06982421875,106.71739196777344,"[24, 32)","[97, inf)","[82, inf)",True
conf0.25,0.25,2391.png,45,Truck w/Flatbed,0.3119463324546814,bkg,-1,19.4786987051282,108,4142.124328613281,3315.5593872070312,4173.522888183594,3327.6433715820312,39.85095977783203,"[16, 24)","[97, inf)","[-inf, 45)",True
conf0.25,0.25,2391.png,46,Cargo Truck,0.3028288185596466,bkg,-1,22.18620019013418,108,3294.2733154296875,214.50201416015625,3327.4610595703125,229.3336181640625,82.43014526367188,"[16, 24)","[97, inf)","[82, inf)",True
conf0.25,0.25,2391.png,47,Cargo Truck,0.2974763214588165,bkg,-1,24.208889340687527,108,4499.3956298828125,507.211669921875,4518.815307617188,537.390869140625,87.53225708007812,"[24, 32)","[97, inf)","[82, inf)",True
conf0.25,0.25,2391.png,48,Cargo Truck,0.2948764264583587,bkg,-1,19.28941920025193,108,5007.809631347656,5047.150695800781,5021.540832519531,5074.248229980469,79.16666412353516,"[16, 24)","[97, inf)","[59, 82)",True
conf0.25,0.25,2391.png,49,Cargo Truck,0.290935218334198,bkg,-1,25.085579511591813,108,2874.2432861328125,2304.0150299072266,2895.631591796875,2333.4370098114014,77.44393920898438,"[24, 32)","[97, inf)","[59, 82)",True
conf0.25,0.25,2391.png,50,Cargo Truck,0.2904237508773803,bkg,-1,25.932703862219096,108,3871.06298828125,2262.9844970703125,3891.0328369140634,2296.660522460937,89.21632385253906,"[24, 32)","[97, inf)","[82, inf)",True
conf0.25,0.25,2391.png,51,Truck w/Box,0.284971684217453,bkg,-1,44.255142817358596,108,2590.9960021972656,4222.458038330078,2619.244110107422,4291.790740966797,61.527618408203125,"[32, 48)","[97, inf)","[59, 82)",True
conf0.25,0.25,2391.png,52,Cargo Truck,0.2804504632949829,bkg,-1,19.823837687020383,108,4071.7568359375,5678.5997314453125,4095.687744140625,5695.021362304688,40.9022216796875,"[16, 24)","[97, inf)","[-inf, 45)",True
conf0.25,0.25,2391.png,53,Cargo Truck,0.2714268565177917,bkg,-1,34.18468750834281,108,2806.1373291015625,1153.3413696289062,2870.540283203125,1171.4863891601562,48.100406646728516,"[32, 48)","[97, inf)","[45, 59)",True
conf0.25,0.25,2391.png,54,Truck w/Liquid,0.2639622092247009,bkg,-1,24.906770166172507,108,3532.199157714844,5831.0557861328125,3552.4566040039062,5861.678955078125,104.43932342529297,"[24, 32)","[97, inf)","[82, inf)",True
conf0.25,0.25,2391.png,55,Cargo Truck,0.2632425427436828,bkg,-1,20.323989535477498,108,2133.5107421875,963.7599487304688,2164.98583984375,976.8834838867188,117.53794860839844,"[16, 24)","[97, inf)","[82, inf)",True
conf0.25,0.25,2391.png,56,Truck w/Liquid,0.2592900693416595,bkg,-1,24.925601482116456,108,3608.346557617188,5829.6331787109375,3628.0198974609375,5861.2132568359375,95.06781768798828,"[24, 32)","[97, inf)","[82, inf)",True
conf0.25,0.25,2460.png,0,Cargo Truck,0.2545667886734009,bkg,-1,16.543361272850344,86,357.5762939453125,320.0512084960937,375.7288208007813,335.1280517578125,45.22368240356445,"[16, 24)","[76, 97)","[-inf, 45)",True
conf0.25,0.25,2470.png,0,Truck w/Flatbed,0.8744973540306091,cls,105,41.61242789314933,153,2322.2705078125,2473.2077026367188,2367.854736328125,2511.194396972656,42.940914154052734,"[32, 48)","[97, inf)","[-inf, 45)",True
conf0.25,0.25,2470.png,1,Truck w/Flatbed,0.8729392290115356,cls,100,57.52432131188692,153,562.7845458984375,1798.9486694335938,628.1278076171875,1849.5896606445312,46.14121627807617,"[48, 96)","[97, inf)","[45, 59)",True
conf0.25,0.25,2470.png,2,Truck w/Flatbed,0.835629940032959,cls,92,43.36392968071556,153,445.886474609375,1905.5885314941409,496.1199951171875,1943.0223083496091,44.400394439697266,"[32, 48)","[97, inf)","[-inf, 45)",True
conf0.25,0.25,2470.png,3,Cargo Truck,0.8180456161499023,both,9,29.9297511113909,153,2356.636978149414,2530.8648681640625,2394.7396697998047,2554.374755859375,42.694358825683594,"[24, 32)","[97, inf)","[-inf, 45)",True
conf0.25,0.25,2470.png,4,Truck w/Flatbed,0.815221905708313,cls,83,53.0084319405283,153,2631.508728027344,2344.349609375,2690.0818481445312,2392.322021484375,41.89387893676758,"[48, 96)","[97, inf)","[-inf, 45)",True
conf0.25,0.25,2470.png,5,Cargo Truck,0.7813771963119507,cls,135,34.34505393928048,153,1614.6838836669922,2241.878845214844,1664.1744995117188,2265.7133178710938,45.105098724365234,"[32, 48)","[97, inf)","[-inf, 45)",True
conf0.25,0.25,2470.png,6,Cargo Truck,0.7511386275291443,cls,9,25.923769537012603,153,2360.0739135742188,2514.344116210937,2392.1394653320312,2535.302490234375,41.03718948364258,"[24, 32)","[97, inf)","[-inf, 45)",True
conf0.25,0.25,2470.png,7,Cargo Truck,0.7467494010925293,both,152,27.851923440182972,153,2045.2096252441409,1993.339599609375,2065.140991210937,2032.2596435546875,44.79999923706055,"[24, 32)","[97, inf)","[-inf, 45)",True
conf0.25,0.25,2470.png,8,Cargo Truck,0.7459930181503296,cls,22,36.90003281827051,153,2868.210205078125,2832.5084228515625,2913.196044921875,2862.7760009765625,47.32047653198242,"[32, 48)","[97, inf)","[45, 59)",True
conf0.25,0.25,2470.png,9,Cargo Truck,0.7259388566017151,bkg,-1,31.0249152051352,153,985.62646484375,2510.074584960937,1021.415771484375,2536.9693603515625,45.86286163330078,"[24, 32)","[97, inf)","[45, 59)",True
conf0.25,0.25,2470.png,10,Cargo Truck,0.6837977766990662,bkg,-1,27.689631076544174,153,2879.2110595703125,2102.12353515625,2909.6378173828125,2127.322265625,43.4007453918457,"[24, 32)","[97, inf)","[-inf, 45)",True
conf0.25,0.25,2470.png,11,Cargo Truck,0.6739414930343628,bkg,-1,21.957128842850818,153,1001.6817626953124,2526.2801818847656,1023.9378662109376,2547.942352294922,47.46047592163086,"[16, 24)","[97, inf)","[45, 59)",True
conf0.25,0.25,2470.png,12,Cargo Truck,0.6717288494110107,cls,45,25.01309340925012,153,2310.274383544922,2711.010498046875,2327.876190185547,2746.555419921875,46.16666793823242,"[24, 32)","[97, inf)","[45, 59)",True
conf0.25,0.25,2470.png,13,Cargo Truck,0.6334784626960754,bkg,-1,25.933980450201325,153,693.5361328125,1629.0179901123047,724.2880859375,1650.8888397216797,48.6676139831543,"[24, 32)","[97, inf)","[45, 59)",True
conf0.25,0.25,2470.png,14,Truck w/Flatbed,0.5998848676681519,cls,143,52.116798502357106,153,401.56005859375,1933.8466796875,462.08056640625,1978.7266845703125,46.37517547607422,"[48, 96)","[97, inf)","[45, 59)",True
conf0.25,0.25,2470.png,15,Cargo Truck,0.5976110696792603,bkg,-1,25.828019580406426,153,2908.6890258789062,2142.3682861328125,2938.5065307617188,2164.740600585937,43.00701141357422,"[24, 32)","[97, inf)","[-inf, 45)",True
conf0.25,0.25,2470.png,16,Cargo Truck,0.5692658424377441,bkg,-1,18.116326295585008,153,983.8477172851562,2547.6126403808594,998.4363403320312,2570.1097106933594,47.95051956176758,"[16, 24)","[97, inf)","[45, 59)",True
conf0.25,0.25,2470.png,17,Truck w/Flatbed,0.5621266961097717,cls,151,54.284336500586264,153,594.616455078125,1813.053771972656,657.25244140625,1860.1000366210935,46.00390625,"[48, 96)","[97, inf)","[45, 59)",True
conf0.25,0.25,2470.png,18,Cargo Truck,0.5569456219673157,bkg,-1,15.972229024081118,153,2209.642578125,2439.014404296875,2223.167022705078,2457.87744140625,46.74736785888672,"[8, 16)","[97, inf)","[45, 59)",True
conf0.25,0.25,2470.png,19,Truck w/Flatbed,0.5339424014091492,bkg,-1,42.44570034087929,153,61.26600646972656,2226.2965087890625,117.9398956298828,2258.0860595703125,43.48378372192383,"[32, 48)","[97, inf)","[-inf, 45)",True
conf0.25,0.25,2470.png,20,Cargo Truck,0.5140960812568665,bkg,-1,28.009487023832335,153,2922.369140625,2159.551025390625,2952.941162109375,2185.2127685546875,43.182796478271484,"[24, 32)","[97, inf)","[-inf, 45)",True
conf0.25,0.25,2470.png,21,Cargo Truck,0.501922070980072,bkg,-1,17.428514561669243,153,2427.4825439453125,3135.328857421875,2447.6063232421875,3150.423095703125,44.81547546386719,"[16, 24)","[97, inf)","[-inf, 45)",True
conf0.25,0.25,2470.png,22,Truck w/Flatbed,0.4708294868469238,cls,113,42.57966900572046,153,284.8778686523437,2034.5143432617188,330.33258056640625,2074.4008178710938,45.30876922607422,"[32, 48)","[97, inf)","[-inf, 45)",True
conf0.25,0.25,2470.png,23,Cargo Truck,0.4660606980323791,cls,20,30.251796901549977,153,2634.932159423828,2837.6025390625,2665.054473876953,2867.984375,40.85383224487305,"[24, 32)","[97, inf)","[-inf, 45)",True
conf0.25,0.25,2470.png,24,Truck w/Flatbed,0.4560827612876892,cls,82,30.44307344585897,153,1136.8114013671875,2021.806396484375,1185.833740234375,2040.711669921875,42.893001556396484,"[24, 32)","[97, inf)","[-inf, 45)",True
conf0.25,0.25,2470.png,25,Truck w/Flatbed,0.424917608499527,both,113,45.25903926907348,153,318.5479736328125,2043.5261840820312,369.67822265625,2083.588195800781,43.69746780395508,"[32, 48)","[97, inf)","[-inf, 45)",True
conf0.25,0.25,2470.png,26,Cargo Truck,0.4114584028720855,bkg,-1,30.006296185571347,153,927.1283569335938,771.7163887023926,957.8847045898438,800.9909248352051,40.93655776977539,"[24, 32)","[97, inf)","[-inf, 45)",True
conf0.25,0.25,2470.png,27,Truck w/Flatbed,0.4044481813907623,cls,35,33.90991698913583,153,770.9782257080078,741.46728515625,805.8738784790039,774.4193115234375,41.843135833740234,"[32, 48)","[97, inf)","[-inf, 45)",True
conf0.25,0.25,2470.png,28,Cargo Truck,0.3714748024940491,cls,41,48.19944081764252,153,1120.531005859375,1351.7109375,1172.5714111328125,1396.3529052734375,51.64602279663086,"[48, 96)","[97, inf)","[45, 59)",True
conf0.25,0.25,2470.png,29,Truck w/Box,0.3692302405834198,bkg,-1,41.90768094828263,153,62.32707595825195,2226.594394683838,118.48152160644533,2257.8698120117188,43.480812072753906,"[32, 48)","[97, inf)","[-inf, 45)",True
conf0.25,0.25,2470.png,30,Truck w/Box,0.3254533410072326,TP,102,37.37547826779915,153,1141.2532958984375,2040.4478759765625,1203.5172729492188,2062.8834228515625,42.919254302978516,"[32, 48)","[97, inf)","[-inf, 45)",False
conf0.25,0.25,2470.png,31,Truck w/Flatbed,0.3154348134994507,cls,96,45.7588483469458,153,2539.735656738281,2338.8494567871094,2589.3423461914062,2381.0589294433594,41.29010772705078,"[32, 48)","[97, inf)","[-inf, 45)",True
conf0.25,0.25,2470.png,32,Cargo Truck,0.3038584589958191,bkg,-1,28.33422533704444,153,2083.3338012695312,2916.7351684570312,2122.900695800781,2937.0255737304688,48.470455169677734,"[24, 32)","[97, inf)","[45, 59)",True
conf0.25,0.25,2470.png,33,Truck w/Flatbed,0.2960568368434906,bkg,-1,56.508595975003814,153,1018.929931640625,2362.973022460937,1078.0438842773438,2416.9910888671875,50.05454635620117,"[48, 96)","[97, inf)","[45, 59)",True
conf0.25,0.25,2470.png,34,Cargo Truck,0.2833458483219147,cls,79,43.59356310848796,153,1073.0584716796875,2326.650634765625,1121.073974609375,2366.2294921875,45.50721740722656,"[32, 48)","[97, inf)","[45, 59)",True
conf0.25,0.25,2470.png,35,Cargo Truck,0.2789695560932159,cls,35,33.12605285995611,153,769.2047119140625,743.0179443359375,805.006103515625,773.6685791015625,42.02005386352539,"[32, 48)","[97, inf)","[-inf, 45)",True
conf0.25,0.25,2470.png,36,Cargo Truck,0.2737302184104919,cls,88,31.09992409228088,153,2376.9500732421875,2476.8511352539062,2409.1353759765625,2506.902282714844,42.386146545410156,"[24, 32)","[97, inf)","[-inf, 45)",True
conf0.25,0.25,2472.png,0,Truck w/Flatbed,0.868336021900177,cls,92,44.85499372577536,101,1219.2453308105469,799.6085224151611,1275.7337951660156,835.2258911132812,37.853485107421875,"[32, 48)","[97, inf)","[-inf, 45)",True
conf0.25,0.25,2472.png,1,Truck w/Flatbed,0.7589035034179688,cls,35,31.922668192770136,101,2072.13232421875,2738.23779296875,2131.382080078125,2755.4371337890625,50.64259338378906,"[24, 32)","[97, inf)","[45, 59)",True
conf0.25,0.25,2472.png,2,Truck w/Box,0.7531061768531799,TP,90,38.035366490640705,101,1279.933135986328,787.934476852417,1338.714599609375,812.5457916259766,42.16217803955078,"[32, 48)","[97, inf)","[-inf, 45)",False
conf0.25,0.25,2472.png,3,Truck w/Box,0.7339172959327698,cls,31,28.544774207856445,101,2094.2431640625,2843.6727294921875,2155.068725585937,2857.0684814453125,56.22795867919922,"[24, 32)","[97, inf)","[45, 59)",True
conf0.25,0.25,2472.png,4,Truck w/Box,0.7219180464744568,cls,34,35.978193226655726,101,2085.2818603515625,2775.671875,2143.5128173828125,2797.901123046875,53.414886474609375,"[32, 48)","[97, inf)","[45, 59)",True
conf0.25,0.25,2472.png,5,Cargo Truck,0.6421634554862976,bkg,-1,26.008124137535496,101,1020.4374542236328,2952.4537963867188,1038.8413696289062,2989.208068847656,50.50692367553711,"[24, 32)","[97, inf)","[45, 59)",True
conf0.25,0.25,2472.png,6,Truck w/Flatbed,0.6350195407867432,bkg,-1,43.83834091094631,101,265.3861694335937,1386.3404541015625,318.8925170898437,1422.2576904296875,38.5645637512207,"[32, 48)","[97, inf)","[-inf, 45)",True
conf0.25,0.25,2472.png,7,Cargo Truck,0.6270892024040222,bkg,-1,39.00432162457655,101,1580.279296875,2892.3023681640625,1609.259033203125,2944.7989501953125,52.96226501464844,"[32, 48)","[97, inf)","[45, 59)",True
conf0.25,0.25,2472.png,8,Cargo Truck,0.6045001745223999,bkg,-1,35.44280769321137,101,951.1846923828124,2605.859344482422,974.6817626953124,2659.321014404297,44.987876892089844,"[32, 48)","[97, inf)","[-inf, 45)",True
conf0.25,0.25,2472.png,9,Truck w/Box,0.5785583853721619,cls,33,33.70438724677822,101,2147.933349609375,2804.2518310546875,2169.777587890625,2856.2557373046875,53.5422477722168,"[32, 48)","[97, inf)","[45, 59)",True
conf0.25,0.25,2472.png,10,Cargo Truck,0.5686371326446533,bkg,-1,24.58994902966232,101,542.9803466796875,952.01513671875,567.457275390625,976.7186279296876,50.08615493774414,"[24, 32)","[97, inf)","[45, 59)",True
conf0.25,0.25,2472.png,11,Cargo Truck,0.5684452652931213,cls,95,33.923649190210845,101,1633.7713623046875,3011.7443237304688,1653.0018310546875,3071.5875854492188,54.622169494628906,"[32, 48)","[97, inf)","[45, 59)",True
conf0.25,0.25,2472.png,12,Truck w/Box,0.5490173101425171,bkg,-1,33.870245385634725,101,2064.53515625,2715.89794921875,2125.990478515625,2734.5650634765625,47.821773529052734,"[32, 48)","[97, inf)","[45, 59)",True
conf0.25,0.25,2472.png,13,Truck w/Box,0.5261525511741638,bkg,-1,44.14963316998588,101,978.7989501953124,3107.4205322265625,1032.0973205566406,3143.9918212890625,44.62899398803711,"[32, 48)","[97, inf)","[-inf, 45)",True
conf0.25,0.25,2472.png,14,Cargo Truck,0.4908521771430969,bkg,-1,14.035754376053024,101,1483.4214477539062,1836.4810791015625,1493.4794311523438,1856.0677490234373,49.72294235229492,"[8, 16)","[97, inf)","[45, 59)",True
conf0.25,0.25,2472.png,15,Truck w/Box,0.4880225658416748,TP,72,31.065847284619043,101,1650.11767578125,3089.2339477539062,1710.0810546875,3105.3285522460938,46.12150573730469,"[24, 32)","[97, inf)","[45, 59)",False
conf0.25,0.25,2472.png,16,Cargo Truck,0.4821111261844635,cls,98,33.63816623676481,101,1530.9185791015625,2674.049743652344,1557.5013427734375,2716.6159057617188,50.25249099731445,"[32, 48)","[97, inf)","[45, 59)",True
conf0.25,0.25,2472.png,17,Truck w/Box,0.4809669554233551,TP,94,40.45783335645746,101,1637.962043762207,2879.2607421875,1697.62744140625,2906.6943359375,50.236534118652344,"[32, 48)","[97, inf)","[45, 59)",False
conf0.25,0.25,2472.png,18,Cargo Truck,0.4601215124130249,both,81,36.136710821234956,101,999.9278564453124,2873.4610595703125,1022.9241943359376,2930.2467041015625,51.403018951416016,"[32, 48)","[97, inf)","[45, 59)",True
conf0.25,0.25,2472.png,19,Truck w/Box,0.4486541152000427,cls,36,36.601136231764606,101,2063.265380859375,2691.797119140625,2120.8046875,2715.079345703125,50.526206970214844,"[32, 48)","[97, inf)","[45, 59)",True
conf0.25,0.25,2472.png,20,Truck w/Box,0.4257931411266327,bkg,-1,42.16761008282811,101,2284.714172363281,2697.996032714844,2314.559631347656,2757.573181152344,51.31517791748047,"[32, 48)","[97, inf)","[45, 59)",True
conf0.25,0.25,2472.png,21,Truck w/Flatbed,0.4109649360179901,cls,91,33.664855189561756,101,1074.3287353515625,1007.0200958251952,1096.3223876953125,1058.5496215820312,42.07190704345703,"[32, 48)","[97, inf)","[-inf, 45)",True
conf0.25,0.25,2472.png,22,Truck w/Box,0.400529533624649,TP,77,40.52017474033546,101,1632.7785339355469,2868.702087402344,1692.004425048828,2896.4244995117188,50.862632751464844,"[32, 48)","[97, inf)","[45, 59)",False
conf0.25,0.25,2472.png,23,Cargo Truck,0.3974605202674866,bkg,-1,24.312703541042406,101,422.5930786132813,2828.1150512695312,449.432861328125,2850.138610839844,62.82453536987305,"[24, 32)","[97, inf)","[59, 82)",True
conf0.25,0.25,2472.png,24,Truck w/Flatbed,0.3920821845531463,both,76,27.784027253651157,101,1755.88671875,2792.1226196289062,1791.72412109375,2813.663024902344,49.727272033691406,"[24, 32)","[97, inf)","[45, 59)",True
conf0.25,0.25,2472.png,25,Truck w/Box,0.3895884752273559,TP,53,43.19611472540356,101,324.9450988769531,1343.04443359375,373.5329284667969,1381.4471435546875,37.5076904296875,"[32, 48)","[97, inf)","[-inf, 45)",False
conf0.25,0.25,2472.png,26,Truck w/Flatbed,0.3820594847202301,bkg,-1,35.10361732512103,101,1896.151885986328,1928.468505859375,1950.5539245605469,1951.1195678710935,48.594696044921875,"[32, 48)","[97, inf)","[45, 59)",True
conf0.25,0.25,2472.png,27,Cargo Truck,0.3536082208156585,cls,44,32.01872038131556,101,1007.2560119628906,1354.3026123046875,1045.8888244628906,1380.839599609375,40.070274353027344,"[32, 48)","[97, inf)","[-inf, 45)",True
conf0.25,0.25,2472.png,28,Cargo Truck,0.353412926197052,cls,39,37.33922893652733,101,2358.1705932617188,2839.4490356445312,2409.840301513672,2866.4323120117188,49.00755310058594,"[32, 48)","[97, inf)","[45, 59)",True
conf0.25,0.25,2472.png,29,Cargo Truck,0.3474882543087005,bkg,-1,21.056576229726247,101,1665.7281494140625,1762.6846618652344,1694.447265625,1778.1231384277344,45.813724517822266,"[16, 24)","[97, inf)","[45, 59)",True
conf0.25,0.25,2472.png,30,Truck w/Box,0.3466449379920959,bkg,-1,26.94199124132962,101,1301.005126953125,692.743408203125,1343.131103515625,709.974365234375,40.29069900512695,"[24, 32)","[97, inf)","[-inf, 45)",True
conf0.25,0.25,2472.png,31,Truck w/Box,0.3354773223400116,bkg,-1,46.81247817713492,101,1120.9569091796875,1037.8858642578125,1195.5546264648438,1067.26220703125,38.6591682434082,"[32, 48)","[97, inf)","[-inf, 45)",True
conf0.25,0.25,2472.png,32,Truck w/Flatbed,0.3334849774837494,cls,77,41.23784252062368,101,1632.644287109375,2868.7071533203125,1692.27294921875,2897.226318359375,50.72294998168945,"[32, 48)","[97, inf)","[45, 59)",True
conf0.25,0.25,2472.png,33,Truck w/Box,0.3302229046821594,TP,89,39.495765800970766,101,1080.5154418945312,1087.1200561523438,1107.400634765625,1145.1414184570312,39.8983039855957,"[32, 48)","[97, inf)","[-inf, 45)",False
conf0.25,0.25,2472.png,34,Truck w/Box,0.3253524303436279,cls,32,29.62070412161372,101,2093.909240722656,2823.91357421875,2149.450134277344,2839.710693359375,52.84416961669922,"[24, 32)","[97, inf)","[45, 59)",True
conf0.25,0.25,2472.png,35,Truck w/Flatbed,0.3205310702323913,bkg,-1,46.26120864521221,101,1516.569580078125,1520.5155029296875,1583.5048828125,1552.4881591796875,39.820411682128906,"[32, 48)","[97, inf)","[-inf, 45)",True
conf0.25,0.25,2472.png,36,Truck w/Box,0.3191618025302887,TP,59,31.600447435828652,101,516.1261596679688,2170.5894775390625,578.5388793945312,2186.589233398437,39.28384780883789,"[24, 32)","[97, inf)","[-inf, 45)",False
conf0.25,0.25,2472.png,37,Truck w/Flatbed,0.3188789784908294,cls,32,29.09562574008727,101,2092.915405273437,2824.6231689453125,2148.3721923828125,2839.8883056640625,53.24122619628906,"[24, 32)","[97, inf)","[45, 59)",True
conf0.25,0.25,2472.png,38,Truck w/Box,0.3054051399230957,bkg,-1,40.138757879987594,101,1578.9965438842771,2890.728820800781,1608.3566207885742,2945.6033325195312,52.64112854003906,"[32, 48)","[97, inf)","[45, 59)",True
conf0.25,0.25,2472.png,39,Truck w/Box,0.3043695092201233,TP,80,34.06301926137226,101,1643.2150268554688,2902.168701171875,1705.2234802246094,2920.8804931640625,48.83542251586914,"[32, 48)","[97, inf)","[45, 59)",False
conf0.25,0.25,2472.png,40,Truck w/Box,0.2974277138710022,loc,89,39.8578583057934,101,1067.0853271484375,1089.8924560546875,1095.6268920898438,1145.5533447265625,39.46884536743164,"[32, 48)","[97, inf)","[-inf, 45)",True
conf0.25,0.25,2472.png,41,Cargo Truck,0.2966355383396148,bkg,-1,13.582733014386616,101,1472.443359375,1850.966064453125,1482.168701171875,1869.9361572265625,43.12727355957031,"[8, 16)","[97, inf)","[-inf, 45)",True
conf0.25,0.25,2472.png,42,Truck w/Flatbed,0.2766798436641693,cls,40,27.628661067915132,101,2473.9213256835938,2547.2059326171875,2533.5851440429688,2560.0,52.349308013916016,"[24, 32)","[97, inf)","[45, 59)",True
conf0.25,0.25,2472.png,43,Truck w/Box,0.276253879070282,TP,95,34.681442898216986,101,1631.682113647461,3012.1051025390625,1652.4107513427734,3070.131225585937,54.03929138183594,"[32, 48)","[97, inf)","[45, 59)",False
conf0.25,0.25,2472.png,44,Truck w/Flatbed,0.2669968008995056,cls,89,39.005735040235095,101,1079.1498413085938,1087.5957946777344,1105.8335571289062,1144.6136169433594,39.82630920410156,"[32, 48)","[97, inf)","[-inf, 45)",True
conf0.25,0.25,2472.png,45,Truck w/Box,0.2636471688747406,TP,99,41.546773649653815,101,1810.1303100585935,2751.270263671875,1871.4611206054688,2779.4149169921875,58.435482025146484,"[32, 48)","[97, inf)","[45, 59)",False
conf0.25,0.25,2472.png,46,Truck w/Box,0.2506714165210724,cls,41,38.30698045461081,101,1893.8278198242188,1964.445373535156,1956.1956176757808,1987.9739379882808,48.63541793823242,"[32, 48)","[97, inf)","[45, 59)",True
conf0.25,0.25,2543.png,0,Cargo Truck,0.7016937136650085,both,38,28.061163810999666,97,1655.5123291015625,1141.7989501953125,1685.5369873046875,1168.0250244140625,62.64170455932617,"[24, 32)","[97, inf)","[59, 82)",True
conf0.25,0.25,2543.png,1,Truck w/Box,0.5613059401512146,cls,5,41.16335915692041,97,269.12274169921875,547.883056640625,318.58416748046875,582.1405029296875,101.86944580078125,"[32, 48)","[97, inf)","[82, inf)",True
conf0.25,0.25,2543.png,2,Truck w/Liquid,0.3477992713451385,bkg,-1,57.40341563812387,97,1158.775634765625,396.743896484375,1225.8160400390625,445.8956298828125,81.86823272705078,"[48, 96)","[97, inf)","[82, inf)",True
conf0.25,0.25,2543.png,3,Cargo Truck,0.3078589141368866,bkg,-1,17.261088046179452,97,834.1282653808594,411.98638916015625,852.0043640136719,428.6536254882813,90.23391723632812,"[16, 24)","[97, inf)","[82, inf)",True
conf0.25,0.25,2543.png,4,Cargo Truck,0.2885892689228058,TP,26,20.723986082704776,97,2843.4549560546875,1718.6097412109375,2874.8414306640625,1732.29345703125,77.50416564941406,"[16, 24)","[97, inf)","[59, 82)",False
conf0.25,0.25,2543.png,5,Truck w/Flatbed,0.275629460811615,bkg,-1,28.747323668992095,97,1777.3546142578125,1859.9965209960935,1792.0,1916.4244384765625,67.47816467285156,"[24, 32)","[97, inf)","[59, 82)",True
conf0.25,0.25,2543.png,6,Cargo Truck,0.2750521302223205,TP,5,42.398284076070766,97,269.534912109375,547.668701171875,318.69091796875,584.23828125,99.18789672851562,"[32, 48)","[97, inf)","[82, inf)",False
conf0.25,0.25,31.png,0,Truck w/Flatbed,0.8625128269195557,bkg,-1,44.18975113278218,35,634.169189453125,915.9966735839844,686.4066162109375,953.3785705566406,87.65989685058594,"[32, 48)","[31, 76)","[82, inf)",True
conf0.25,0.25,31.png,1,Cargo Truck,0.7559744119644165,bkg,-1,21.583666930549427,35,1210.5125732421875,1222.0729370117188,1235.8366088867188,1240.4686889648438,104.61335754394531,"[16, 24)","[31, 76)","[82, inf)",True
conf0.25,0.25,31.png,2,Cargo Truck,0.7547664046287537,bkg,-1,19.266775895058508,35,1275.197998046875,1217.8405151367188,1292.2984619140625,1239.5480346679688,71.63768005371094,"[16, 24)","[31, 76)","[59, 82)",True
conf0.25,0.25,31.png,3,Cargo Truck,0.7519638538360596,bkg,-1,23.057452671045258,35,1148.23046875,1270.872314453125,1173.527099609375,1291.8887939453125,98.86188507080078,"[16, 24)","[31, 76)","[82, inf)",True
conf0.25,0.25,31.png,4,Cargo Truck,0.7478310465812683,bkg,-1,21.46650700637657,35,1276.9408264160156,1254.3163146972656,1296.3358154296875,1278.0755920410156,82.72190856933594,"[16, 24)","[31, 76)","[82, inf)",True
conf0.25,0.25,31.png,5,Cargo Truck,0.7275797724723816,bkg,-1,26.81643979722694,35,1223.1192016601562,1113.6494140625,1253.0216064453125,1137.6983642578125,83.45548248291016,"[24, 32)","[31, 76)","[82, inf)",True
conf0.25,0.25,31.png,6,Cargo Truck,0.710981547832489,bkg,-1,19.56601395902006,35,1181.978546142578,1254.0631103515625,1203.320343017578,1272.0010986328125,91.06178283691406,"[16, 24)","[31, 76)","[82, inf)",True
conf0.25,0.25,31.png,7,Cargo Truck,0.7105773091316223,bkg,-1,20.34942774092505,35,1253.0040893554688,1233.23486328125,1271.3158569335938,1255.8486938476562,88.03661346435547,"[16, 24)","[31, 76)","[82, inf)",True
conf0.25,0.25,31.png,8,Cargo Truck,0.6933083534240723,bkg,-1,22.2496274105899,35,989.3895263671876,48.27397918701172,1011.3968505859376,70.7685775756836,80.1720199584961,"[16, 24)","[31, 76)","[59, 82)",True
conf0.25,0.25,31.png,9,Cargo Truck,0.6899678111076355,TP,4,22.42493911036387,35,1565.6693115234375,967.877685546875,1589.2774658203125,989.1787109375,67.58261108398438,"[16, 24)","[31, 76)","[59, 82)",False
conf0.25,0.25,31.png,10,Cargo Truck,0.6798959970474243,bkg,-1,18.919333067492268,35,1234.729034423828,1227.2109985351562,1248.1831970214844,1253.8154907226562,84.59259033203125,"[16, 24)","[31, 76)","[82, inf)",True
conf0.25,0.25,31.png,11,Cargo Truck,0.6730246543884277,bkg,-1,25.005007018317336,35,1277.312744140625,1191.1036376953125,1301.754150390625,1216.6852416992188,76.36461639404297,"[24, 32)","[31, 76)","[59, 82)",True
conf0.25,0.25,31.png,12,Cargo Truck,0.6512067317962646,bkg,-1,24.693527264557215,35,1296.1998291015625,1221.0126953125,1317.5001220703125,1249.6400146484375,71.52821350097656,"[24, 32)","[31, 76)","[59, 82)",True
conf0.25,0.25,31.png,13,Truck w/Box,0.6488840579986572,bkg,-1,23.308750471390873,35,1108.2554931640625,1377.1315307617188,1136.460693359375,1396.3938598632812,95.34827423095703,"[16, 24)","[31, 76)","[82, inf)",True
conf0.25,0.25,31.png,14,Truck w/Box,0.6361425518989563,bkg,-1,23.645309575339763,35,1136.6515502929688,1379.9970703125,1157.5857543945312,1406.70458984375,84.82630157470703,"[16, 24)","[31, 76)","[82, inf)",True
conf0.25,0.25,31.png,15,Cargo Truck,0.6352750062942505,bkg,-1,24.471853880123582,35,1151.2459716796875,1234.3719482421875,1183.606201171875,1252.8783569335938,88.05103302001953,"[24, 32)","[31, 76)","[82, inf)",True
conf0.25,0.25,31.png,16,Cargo Truck,0.630624532699585,bkg,-1,14.04172183882244,35,766.0978393554688,1781.6678466796875,786.6851196289062,1791.2451171875,75.36796569824219,"[8, 16)","[31, 76)","[59, 82)",True
conf0.25,0.25,31.png,17,Cargo Truck,0.6072970628738403,bkg,-1,22.990454908879656,35,1221.8673706054688,1250.7044067382812,1246.6964721679688,1271.9923706054688,85.50874328613281,"[16, 24)","[31, 76)","[82, inf)",True
conf0.25,0.25,31.png,18,Cargo Truck,0.5842007398605347,bkg,-1,20.677184946981974,35,1257.4883422851562,1247.1494750976562,1275.7875366210938,1270.513671875,84.71929931640625,"[16, 24)","[31, 76)","[82, inf)",True
conf0.25,0.25,31.png,19,Cargo Truck,0.5628294348716736,cls,22,20.820614295922855,35,880.5557861328125,2187.4469604492188,896.9499206542969,2213.8892211914062,76.49237823486328,"[16, 24)","[31, 76)","[59, 82)",True
conf0.25,0.25,31.png,20,Cargo Truck,0.5551272034645081,bkg,-1,26.47075057984233,35,831.9701309204102,2259.631225585937,857.8111343383789,2286.7470703125,71.45767211914062,"[24, 32)","[31, 76)","[59, 82)",True
conf0.25,0.25,31.png,21,Cargo Truck,0.5455084443092346,bkg,-1,18.916072964322886,35,1150.6353149414062,1260.377685546875,1174.0558471679688,1275.6556396484375,96.62999725341797,"[16, 24)","[31, 76)","[82, inf)",True
conf0.25,0.25,31.png,22,Cargo Truck,0.504485011100769,bkg,-1,22.778700534799505,35,1326.3690185546875,1127.8323974609375,1346.3912353515625,1153.7470703125,79.456787109375,"[16, 24)","[31, 76)","[59, 82)",True
conf0.25,0.25,31.png,23,Cargo Truck,0.4953008890151977,bkg,-1,26.173873525579705,35,1305.7021484375,1170.65087890625,1328.5181884765625,1200.6767578125,72.69757843017578,"[24, 32)","[31, 76)","[59, 82)",True
conf0.25,0.25,31.png,24,Cargo Truck,0.4641063809394836,bkg,-1,18.158812336335792,35,1229.298095703125,1165.6318969726562,1243.443359375,1188.9430541992188,82.62777709960938,"[16, 24)","[31, 76)","[82, inf)",True
conf0.25,0.25,31.png,25,Truck Tractor,0.4448624849319458,bkg,-1,16.224973916729326,35,964.091796875,2178.909423828125,980.2844848632812,2195.166748046875,84.90849304199219,"[16, 24)","[31, 76)","[82, inf)",True
conf0.25,0.25,31.png,26,Cargo Truck,0.4392504692077636,bkg,-1,21.375800136598112,35,1244.8966064453125,1231.07470703125,1262.4461669921875,1257.1109619140625,73.58869171142578,"[16, 24)","[31, 76)","[59, 82)",True
conf0.25,0.25,31.png,27,Truck w/Box,0.4208596348762512,bkg,-1,23.353712655340384,35,1048.8783569335938,1390.6309814453125,1067.7005615234375,1419.607177734375,91.2316665649414,"[16, 24)","[31, 76)","[82, inf)",True
conf0.25,0.25,31.png,28,Truck w/Box,0.407718151807785,bkg,-1,22.888926869767282,35,1047.9020690917969,1373.7757568359375,1075.3909606933594,1392.83447265625,84.87931060791016,"[16, 24)","[31, 76)","[82, inf)",True
conf0.25,0.25,31.png,29,Cargo Truck,0.4003818333148956,bkg,-1,21.442294301854833,35,1182.1592407226562,1200.7518920898438,1206.4342651367188,1219.6920166015625,85.197998046875,"[16, 24)","[31, 76)","[82, inf)",True
conf0.25,0.25,31.png,30,Cargo Truck,0.3904985189437866,bkg,-1,22.58709422685405,35,1105.6445922851562,1158.4520874023438,1133.1257934570312,1177.0166625976562,82.57930755615234,"[16, 24)","[31, 76)","[82, inf)",True
conf0.25,0.25,31.png,31,Cargo Truck,0.381547600030899,bkg,-1,22.884624883172233,35,1195.8019409179688,1196.359130859375,1222.5062866210938,1215.9703979492188,95.80178833007812,"[16, 24)","[31, 76)","[82, inf)",True
conf0.25,0.25,31.png,32,Cargo Truck,0.367462009191513,bkg,-1,22.88877480226029,35,1253.8687133789062,1200.21435546875,1271.4342651367188,1230.03955078125,80.28182983398438,"[16, 24)","[31, 76)","[59, 82)",True
conf0.25,0.25,31.png,33,Cargo Truck,0.3356199860572815,bkg,-1,25.891471319461296,35,1320.1212768554688,1305.07373046875,1349.6234741210938,1327.79638671875,107.64057922363281,"[24, 32)","[31, 76)","[82, inf)",True
conf0.25,0.25,31.png,34,Cargo Truck,0.2996588945388794,TP,10,22.9060024935063,35,2273.408569335937,2835.930908203125,2295.1160888671875,2860.1015625,95.45986938476562,"[16, 24)","[31, 76)","[82, inf)",False
conf0.25,0.25,31.png,35,Truck Tractor,0.2868908047676086,bkg,-1,25.178650997131857,35,886.7337646484375,2286.892333984375,910.7811279296876,2313.2554931640625,73.9942855834961,"[24, 32)","[31, 76)","[59, 82)",True
conf0.25,0.25,31.png,36,Truck w/Flatbed,0.2860504388809204,bkg,-1,38.05252672047828,35,1190.977783203125,815.2037239074707,1223.929931640625,859.1460723876953,102.31241607666016,"[32, 48)","[31, 76)","[82, inf)",True
conf0.25,0.25,31.png,37,Cargo Truck,0.2758932411670685,bkg,-1,28.20373569471932,35,976.09228515625,2104.6807861328125,1007.692138671875,2129.8533935546875,89.49038696289062,"[24, 32)","[31, 76)","[82, inf)",True
conf0.25,0.25,31.png,38,Cargo Truck,0.2726865112781524,loc,2,17.281151751518046,35,768.2797136306763,326.4005126953125,781.4952354431152,348.998046875,140.69876098632812,"[16, 24)","[31, 76)","[82, inf)",True
conf0.25,0.25,31.png,39,Cargo Truck,0.2642560005187988,bkg,-1,21.11382522658601,35,917.2242431640624,2209.5729370117188,936.3656005859376,2232.8624877929688,77.27291870117188,"[16, 24)","[31, 76)","[59, 82)",True
conf0.25,0.25,31.png,40,Cargo Truck,0.2609333097934723,bkg,-1,24.04306620090794,35,1075.610595703125,1352.0159912109375,1103.9895629882812,1372.3856201171875,90.22660064697266,"[24, 32)","[31, 76)","[82, inf)",True
conf0.25,0.25,31.png,41,Cargo Truck,0.2592564523220062,bkg,-1,19.64599464883939,35,932.259521484375,2199.255920410156,953.85595703125,2217.1276245117188,127.34928131103516,"[16, 24)","[31, 76)","[82, inf)",True
conf0.25,0.25,31.png,42,Cargo Truck,0.2529637217521667,bkg,-1,13.559169933437074,35,1070.0531005859375,1777.091064453125,1082.3847045898438,1792.0,77.81538391113281,"[8, 16)","[31, 76)","[59, 82)",True
conf0.25,0.25,31.png,43,Truck Tractor,0.2507006227970123,bkg,-1,25.878643634745714,35,831.873218536377,2259.9119567871094,857.3998260498047,2286.147491455078,71.45767211914062,"[24, 32)","[31, 76)","[59, 82)",True
f1opt,0.0246792733669281,1181.png,0,Cargo Truck,0.6608032584190369,bkg,-1,31.22841320609153,33,626.0267333984375,419.720703125,672.5921630859375,440.66357421875,53.01740646362305,"[24, 32)","[31, 76)","[45, 59)",True
f1opt,0.0246792733669281,1181.png,1,Cargo Truck,0.523135781288147,cls,19,32.786202483003315,33,438.044189453125,286.474609375,490.052978515625,307.1429443359375,62.40909194946289,"[32, 48)","[31, 76)","[59, 82)",True
f1opt,0.0582255758345127,1181.png,2,Truck w/Box,0.5139023065567017,bkg,-1,20.10445775791451,33,278.00341796875,334.9595947265625,299.811767578125,353.4932861328125,58.21590805053711,"[16, 24)","[31, 76)","[45, 59)",True
f1opt,0.0582255758345127,1181.png,3,Truck w/Box,0.4138773381710052,bkg,-1,22.093733599358586,33,416.5504455566406,757.1654052734375,442.2876281738281,776.1314697265625,50.738887786865234,"[16, 24)","[31, 76)","[45, 59)",True
f1opt,0.2916500866413116,1181.png,4,Truck w/Flatbed,0.4096222519874573,bkg,-1,14.39766748080094,33,2709.524780273437,684.2760009765625,2717.4615478515625,710.39404296875,69.60493469238281,"[8, 16)","[31, 76)","[59, 82)",True
f1opt,0.0582255758345127,1181.png,5,Truck w/Box,0.3996807336807251,bkg,-1,9.07792125529046,33,2694.260681152344,659.6968383789062,2701.1441040039062,671.6688842773438,58.68269348144531,"[8, 16)","[31, 76)","[45, 59)",True
f1opt,0.0246792733669281,1181.png,6,Cargo Truck,0.378795176744461,bkg,-1,17.257115597501837,33,25.61918258666992,834.0890502929688,48.683589935302734,847.0010681152344,67.42559814453125,"[16, 24)","[31, 76)","[59, 82)",True
f1opt,0.2916500866413116,1181.png,7,Truck w/Flatbed,0.3654443025588989,bkg,-1,16.120957835470445,33,2700.534545898437,682.7239379882812,2709.537109375,711.5918579101562,63.323333740234375,"[16, 24)","[31, 76)","[59, 82)",True
f1opt,0.0193771533668041,1181.png,8,Truck Tractor,0.2699883282184601,bkg,-1,23.000659933159305,33,535.6363525390625,367.059814453125,556.1656494140625,392.829345703125,50.7010498046875,"[16, 24)","[31, 76)","[45, 59)",True
f1opt,0.0193771533668041,1181.png,9,Truck Tractor,0.2690520584583282,bkg,-1,39.702515320120156,33,372.6773376464844,29.008087158203125,409.8584899902344,71.40294647216797,59.9547119140625,"[32, 48)","[31, 76)","[59, 82)",True
f1opt,0.0246792733669281,1181.png,10,Cargo Truck,0.2680844366550445,cls,32,33.15167570604074,33,69.91767883300781,614.9560546875,113.1906280517578,640.353759765625,57.35555648803711,"[32, 48)","[31, 76)","[45, 59)",True
f1opt,0.0582255758345127,1181.png,11,Truck w/Box,0.225424438714981,bkg,-1,11.53106975414548,33,2680.3582763671875,657.6792602539062,2687.700439453125,675.7891235351562,78.6381607055664,"[8, 16)","[31, 76)","[59, 82)",True
f1opt,0.0246792733669281,1181.png,12,Cargo Truck,0.205945536494255,bkg,-1,11.10300202670659,33,1335.9364013671875,1081.8720092773438,1351.8807373046875,1089.6036987304688,38.3725471496582,"[8, 16)","[31, 76)","[-inf, 45)",True
f1opt,0.0246792733669281,1181.png,13,Cargo Truck,0.204708844423294,cls,22,37.93071293294303,33,462.6270751953125,345.173095703125,515.783447265625,372.2392578125,53.98147964477539,"[32, 48)","[31, 76)","[45, 59)",True
f1opt,0.0246792733669281,1181.png,14,Cargo Truck,0.1912458091974258,cls,27,20.812703540453956,33,588.4166259765625,352.8941650390625,611.5233154296875,371.640625,61.485416412353516,"[16, 24)","[31, 76)","[59, 82)",True
f1opt,0.0246792733669281,1181.png,15,Cargo Truck,0.1551870256662368,bkg,-1,21.56999231865604,33,267.32958984375,313.59356689453125,288.0516357421875,336.04620361328125,61.51515197753906,"[16, 24)","[31, 76)","[59, 82)",True
f1opt,0.0246792733669281,1181.png,16,Cargo Truck,0.1499441862106323,bkg,-1,33.77176449453079,33,627.92041015625,432.4971923828125,675.96923828125,456.234130859375,50.88571548461914,"[32, 48)","[31, 76)","[45, 59)",True
f1opt,0.0246792733669281,1181.png,17,Cargo Truck,0.1363309025764465,both,30,22.98811649208371,33,43.25567626953125,587.3443603515625,82.58816528320312,600.7799072265625,52.558929443359375,"[16, 24)","[31, 76)","[45, 59)",True
f1opt,0.0246792733669281,1181.png,18,Cargo Truck,0.1293775886297226,bkg,-1,33.777648800438236,33,618.23193359375,399.9103393554688,671.067138671875,421.5044555664063,57.77536392211914,"[32, 48)","[31, 76)","[45, 59)",True
f1opt,0.0246792733669281,1181.png,19,Cargo Truck,0.1029065772891044,bkg,-1,14.304819634586163,33,2466.583740234375,638.4267578125,2485.6591796875,649.154052734375,78.98332977294922,"[8, 16)","[31, 76)","[59, 82)",True
f1opt,0.0246792733669281,1181.png,20,Cargo Truck,0.1018766909837722,bkg,-1,18.676534900905537,33,2618.7218627929688,1012.6130676269532,2642.160461425781,1027.4950561523438,88.80249786376953,"[16, 24)","[31, 76)","[82, inf)",True
f1opt,0.0582255758345127,1181.png,21,Truck w/Box,0.0986491441726684,bkg,-1,21.764877514624906,33,266.6835327148437,313.82843017578125,288.22344970703125,335.82061767578125,60.499053955078125,"[16, 24)","[31, 76)","[59, 82)",True
f1opt,0.0582255758345127,1181.png,22,Truck w/Box,0.0916525647044181,both,32,42.05923209029689,33,71.0391845703125,623.2771606445312,121.55325317382812,658.2966918945312,46.660675048828125,"[32, 48)","[31, 76)","[45, 59)",True
f1opt,0.0246792733669281,1181.png,23,Cargo Truck,0.0868879258632659,cls,20,32.446040856048526,33,452.4752807617188,314.5027160644531,502.1824340820313,335.6816711425781,61.4144401550293,"[32, 48)","[31, 76)","[59, 82)",True
f1opt,0.0246792733669281,1181.png,24,Cargo Truck,0.0547762252390384,bkg,-1,13.509623326080296,33,415.3786010742188,768.2256803512573,436.181396484375,776.9990167617798,49.121212005615234,"[8, 16)","[31, 76)","[45, 59)",True
f1opt,0.0246792733669281,1181.png,25,Cargo Truck,0.0449128188192844,cls,18,37.61608624881444,33,429.91412353515625,262.134521484375,484.1204833984375,288.2379150390625,58.76322937011719,"[32, 48)","[31, 76)","[45, 59)",True
f1opt,0.0193771533668041,1181.png,26,Truck Tractor,0.0402930043637752,cls,18,35.563249495055025,33,428.8767700195313,262.6805114746094,483.9360961914063,285.6510925292969,57.418155670166016,"[32, 48)","[31, 76)","[45, 59)",True
f1opt,0.0246792733669281,1181.png,27,Cargo Truck,0.0356604754924774,bkg,-1,8.663891992705667,33,2662.8734741210938,658.62890625,2668.8175659179688,671.257080078125,85.26530456542969,"[8, 16)","[31, 76)","[82, inf)",True
f1opt,0.0246792733669281,1181.png,28,Cargo Truck,0.0300664156675338,bkg,-1,8.732634150809453,33,2654.6920776367188,658.8031005859375,2660.3849487304688,672.1986083984375,57.96190643310547,"[8, 16)","[31, 76)","[45, 59)",True
f1opt,0.0246792733669281,1181.png,29,Cargo Truck,0.0254216026514768,bkg,-1,17.203907281861635,33,2194.456787109375,48.94540786743164,2219.61865234375,60.70822525024414,74.08876037597656,"[16, 24)","[31, 76)","[59, 82)",True
f1opt,0.0582255758345127,1206.png,0,Truck w/Box,0.8927685618400574,bkg,-1,38.88297163049512,97,1477.9989013671875,2513.823974609375,1529.3599853515625,2543.2603759765625,82.1832046508789,"[32, 48)","[97, inf)","[82, inf)",True
f1opt,0.0582255758345127,1206.png,1,Truck w/Box,0.8153448104858398,cls,84,40.262296074680506,97,1394.457275390625,2306.21435546875,1429.9464111328125,2351.8917846679688,88.9112319946289,"[32, 48)","[97, inf)","[82, inf)",True
f1opt,0.0582255758345127,1206.png,2,Truck w/Box,0.7737953066825867,bkg,-1,41.849252148894294,97,2162.574584960937,1811.113739013672,2217.903686523437,1842.7672424316409,57.81417465209961,"[32, 48)","[97, inf)","[45, 59)",True
f1opt,0.0582255758345127,1206.png,3,Truck w/Box,0.7449331283569336,bkg,-1,42.368416601762505,97,1878.52974319458,1876.8303833007808,1913.6719284057615,1927.9109497070312,72.32318115234375,"[32, 48)","[97, inf)","[59, 82)",True
f1opt,0.0582255758345127,1206.png,4,Truck w/Box,0.7391526103019714,cls,69,40.83774720926237,97,2391.059326171875,2051.906768798828,2447.5640869140625,2081.4214782714844,61.70798110961914,"[32, 48)","[97, inf)","[59, 82)",True
f1opt,0.0582255758345127,1206.png,5,Truck w/Box,0.7104447484016418,both,95,39.39694546898753,97,1362.68505859375,2218.8377685546875,1412.427490234375,2250.0408935546875,96.00178527832031,"[32, 48)","[97, inf)","[82, inf)",True
f1opt,0.0582255758345127,1206.png,6,Truck w/Box,0.7064242362976074,cls,65,35.618171182124,97,2596.116455078125,1949.8078002929688,2644.738037109375,1975.9002075195312,63.533634185791016,"[32, 48)","[97, inf)","[59, 82)",True
f1opt,0.0246792733669281,1206.png,7,Cargo Truck,0.7011154294013977,TP,68,26.271218630687628,97,1702.3536376953125,2439.4298095703125,1734.4217529296875,2460.9520263671875,59.31956100463867,"[24, 32)","[97, inf)","[59, 82)",False
f1opt,0.0246792733669281,1206.png,8,Cargo Truck,0.6921453475952148,TP,42,33.519204245140195,97,2307.188232421875,989.63525390625,2346.215087890625,1018.424072265625,58.13083267211914,"[32, 48)","[97, inf)","[45, 59)",False
f1opt,0.0246792733669281,1206.png,9,Cargo Truck,0.6708328127861023,loc,36,33.930042106010355,97,2243.1246337890625,768.4824829101562,2269.2039794921875,812.6265258789062,74.93744659423828,"[32, 48)","[97, inf)","[59, 82)",True
f1opt,0.2916500866413116,1206.png,10,Truck w/Flatbed,0.65555739402771,bkg,-1,40.136516526169906,97,2287.669708251953,903.6390991210938,2321.262908935547,951.5934448242188,49.81982421875,"[32, 48)","[97, inf)","[45, 59)",True
f1opt,0.0582255758345127,1206.png,11,Truck w/Box,0.6540482044219971,both,84,46.88407541874251,97,1398.4008178710938,2280.519592285156,1440.7439575195312,2332.431579589844,86.06757354736328,"[32, 48)","[97, inf)","[82, inf)",True
f1opt,0.0582255758345127,1206.png,12,Truck w/Box,0.6458392143249512,bkg,-1,35.20195707118403,97,1402.7689819335938,1545.6357421875,1432.6980590820312,1587.03955078125,75.8102035522461,"[32, 48)","[97, inf)","[59, 82)",True
f1opt,0.0246792733669281,1206.png,13,Cargo Truck,0.6216503977775574,bkg,-1,18.172476180440544,97,1741.588134765625,1410.702392578125,1759.203857421875,1429.44921875,57.3815803527832,"[16, 24)","[97, inf)","[45, 59)",True
f1opt,0.0246792733669281,1206.png,14,Cargo Truck,0.620497465133667,TP,88,29.53022623053599,97,2266.0386962890625,765.5779418945312,2288.010131835937,805.2673950195312,72.6808090209961,"[24, 32)","[97, inf)","[59, 82)",False
f1opt,0.0582255758345127,1206.png,15,Truck w/Box,0.6182349920272827,bkg,-1,38.21957614117682,97,2518.9315185546875,2050.2274017333984,2560.0,2085.795700073242,74.08135223388672,"[32, 48)","[97, inf)","[59, 82)",True
f1opt,0.0582255758345127,1206.png,16,Truck w/Box,0.6106672883033752,bkg,-1,20.891764507729032,97,1910.1756591796875,1086.14599609375,1928.3494873046875,1110.1621704101562,55.09684371948242,"[16, 24)","[97, inf)","[45, 59)",True
f1opt,0.0582255758345127,1206.png,17,Truck w/Box,0.6059140563011169,cls,46,43.035491249890676,97,1362.2325439453125,2301.458251953125,1399.76123046875,2350.80859375,81.2142105102539,"[32, 48)","[97, inf)","[59, 82)",True
f1opt,0.0582255758345127,1206.png,18,Truck w/Box,0.6027205586433411,cls,62,35.10075920624077,97,2141.05078125,2180.726318359375,2186.956298828125,2207.5654296875,69.7220458984375,"[32, 48)","[97, inf)","[59, 82)",True
f1opt,0.0582255758345127,1206.png,19,Truck w/Box,0.600875198841095,bkg,-1,32.838963374972494,97,1919.8860778808596,1084.3643188476562,1943.8778991699216,1129.3128662109375,57.114784240722656,"[32, 48)","[97, inf)","[45, 59)",True
f1opt,0.0246792733669281,1206.png,20,Cargo Truck,0.6004027724266052,bkg,-1,29.317809775173302,97,1857.13232421875,1840.3259887695312,1882.473693847656,1874.244201660156,86.22197723388672,"[24, 32)","[97, inf)","[82, inf)",True
f1opt,0.0582255758345127,1206.png,21,Truck w/Box,0.5940492749214172,both,76,34.84017715568272,97,1194.634033203125,2661.8683471679688,1242.8857421875,2687.024719238281,81.04157257080078,"[32, 48)","[97, inf)","[59, 82)",True
f1opt,0.0193771533668041,1206.png,22,Truck Tractor,0.5766633152961731,bkg,-1,15.825294840357863,97,2270.998413085937,688.6416625976562,2283.8463134765625,708.1343383789062,77.36054229736328,"[8, 16)","[97, inf)","[59, 82)",True
f1opt,0.0582255758345127,1206.png,23,Truck w/Box,0.55428147315979,bkg,-1,25.31650785841619,97,245.2657165527344,336.588134765625,275.2668151855469,357.9515380859375,53.35777282714844,"[24, 32)","[97, inf)","[45, 59)",True
f1opt,0.0246792733669281,1206.png,24,Cargo Truck,0.5365842580795288,TP,8,18.270180042060407,97,1930.4702758789065,833.4197998046875,1947.9038696289065,852.5667114257812,119.59166717529297,"[16, 24)","[97, inf)","[82, inf)",False
f1opt,0.0246792733669281,1206.png,25,Cargo Truck,0.5246092081069946,loc,70,30.093697029930706,97,2255.9537353515625,765.540771484375,2277.7877197265625,807.018798828125,74.4893798828125,"[24, 32)","[97, inf)","[59, 82)",True
f1opt,0.0246792733669281,1206.png,26,Cargo Truck,0.5043567419052124,TP,47,31.29519470549183,97,2246.570251464844,822.0381469726562,2269.8026123046875,864.1943969726562,64.23062133789062,"[24, 32)","[97, inf)","[59, 82)",False
f1opt,0.0246792733669281,1206.png,27,Cargo Truck,0.4962616860866546,bkg,-1,44.85263484442611,97,1877.1992950439453,1874.5877323150637,1914.973274230957,1927.8455276489256,72.39230346679688,"[32, 48)","[97, inf)","[59, 82)",True
f1opt,0.0582255758345127,1206.png,28,Truck w/Box,0.4863124787807464,bkg,-1,31.673874474467052,97,883.1280517578125,1087.7181396484375,934.8576965332032,1107.1119384765625,33.592491149902344,"[24, 32)","[97, inf)","[-inf, 45)",True
f1opt,0.0246792733669281,1206.png,29,Cargo Truck,0.4721486270427704,cls,62,34.05243490277299,97,2141.3356323242188,2180.674865722656,2186.7621459960938,2206.201110839844,69.41304016113281,"[32, 48)","[97, inf)","[59, 82)",True
f1opt,0.0246792733669281,1206.png,30,Cargo Truck,0.4712747633457184,bkg,-1,35.03991876966492,97,1403.5758056640625,1544.5118865966797,1432.3182373046875,1587.229076385498,75.58181762695312,"[32, 48)","[97, inf)","[59, 82)",True
f1opt,0.0582255758345127,1206.png,31,Truck w/Box,0.4342743456363678,cls,51,33.25649340314151,97,2521.2596435546875,1990.8017272949216,2559.4459228515625,2019.7648620605469,66.22734832763672,"[32, 48)","[97, inf)","[59, 82)",True
f1opt,0.0582255758345127,1206.png,32,Truck w/Box,0.4176265895366668,bkg,-1,24.094649365531573,97,1801.529541015625,786.9989814758301,1833.3617553710935,805.2368621826172,89.89545440673828,"[24, 32)","[97, inf)","[82, inf)",True
f1opt,0.0246792733669281,1206.png,33,Cargo Truck,0.4167461097240448,bkg,-1,17.987488727320635,97,1085.453125,2657.33544921875,1101.485107421875,2677.516967773437,89.58543395996094,"[16, 24)","[97, inf)","[82, inf)",True
f1opt,0.0246792733669281,1206.png,34,Cargo Truck,0.3770864903926849,TP,87,29.425434454602804,97,1222.6279296875,2687.49755859375,1246.9555053710938,2723.089111328125,62.47999954223633,"[24, 32)","[97, inf)","[59, 82)",False
f1opt,0.0582255758345127,1206.png,35,Truck w/Box,0.3749203085899353,cls,33,29.997008526793962,97,1537.6288871765137,2166.533569335937,1576.6690521240234,2189.5821533203125,107.16458129882812,"[24, 32)","[97, inf)","[82, inf)",True
f1opt,0.0246792733669281,1206.png,36,Cargo Truck,0.3715442717075348,bkg,-1,19.664258428513676,97,1755.91015625,2359.9957275390625,1777.0482177734375,2378.2889404296875,68.25652313232422,"[16, 24)","[97, inf)","[59, 82)",True
f1opt,0.0582255758345127,1206.png,37,Truck w/Box,0.3604753911495209,cls,80,37.07879441997671,97,1970.680145263672,2072.8787841796875,1999.1210021972656,2121.218994140625,67.69666290283203,"[32, 48)","[97, inf)","[59, 82)",True
f1opt,0.0582255758345127,1206.png,38,Truck w/Box,0.3509679734706878,both,70,32.81341254762052,97,2252.0570678710938,768.1668663024902,2280.790954589844,805.6389999389648,73.81306457519531,"[32, 48)","[97, inf)","[59, 82)",True
f1opt,0.0246792733669281,1206.png,39,Cargo Truck,0.3464198112487793,bkg,-1,15.683858819339136,97,1729.4271850585938,1420.1217041015625,1744.6262817382812,1436.3057861328125,62.757354736328125,"[8, 16)","[97, inf)","[59, 82)",True
f1opt,0.0582255758345127,1206.png,40,Truck w/Box,0.3453921973705292,bkg,-1,21.767160016558623,97,2450.6293334960938,38.227333068847656,2468.0437622070312,65.43518829345703,87.06015014648438,"[16, 24)","[97, inf)","[82, inf)",True
f1opt,0.0193771533668041,1206.png,41,Truck Tractor,0.3415376842021942,both,30,22.454822444264753,97,2237.364013671875,730.7392578125,2256.5616455078125,757.00390625,80.3892822265625,"[16, 24)","[97, inf)","[59, 82)",True
f1opt,0.0246792733669281,1206.png,42,Cargo Truck,0.3383992314338684,bkg,-1,17.166674446903553,97,156.62933349609375,2434.5858154296875,178.69036865234375,2447.9439697265625,78.3944091796875,"[16, 24)","[97, inf)","[59, 82)",True
f1opt,0.0582255758345127,1206.png,43,Truck w/Box,0.3321392238140106,cls,41,41.91561820901813,97,1349.086669921875,2349.961242675781,1407.1097412109375,2380.2409057617188,77.05243682861328,"[32, 48)","[97, inf)","[59, 82)",True
f1opt,0.0246792733669281,1206.png,44,Cargo Truck,0.3046086132526397,TP,17,16.11672735643725,97,2425.05908203125,278.29644775390625,2446.667236328125,290.3173217773437,106.97901916503906,"[16, 24)","[97, inf)","[82, inf)",False
f1opt,0.0582255758345127,1206.png,45,Truck w/Box,0.2958615124225616,cls,26,31.773676523633732,97,2215.0341796875,768.1017379760742,2244.311279296875,802.5848846435547,63.84381103515625,"[24, 32)","[97, inf)","[59, 82)",True
f1opt,0.0582255758345127,1206.png,46,Truck w/Box,0.2894046306610107,both,36,36.8504207413601,97,2237.0786743164062,768.0,2267.5382690429688,812.5821266174316,73.47526550292969,"[32, 48)","[97, inf)","[59, 82)",True
f1opt,0.0582255758345127,1206.png,47,Truck w/Box,0.2711285948753357,cls,34,36.46959021171631,97,2295.8756103515625,774.06005859375,2323.1619873046875,822.803466796875,71.8472900390625,"[32, 48)","[97, inf)","[59, 82)",True
f1opt,0.0193771533668041,1206.png,48,Truck Tractor,0.2689009308815002,bkg,-1,42.00225318463636,97,1878.1641807556152,1874.349006652832,1913.021514892578,1924.9607162475584,73.00435638427734,"[32, 48)","[97, inf)","[59, 82)",True
f1opt,0.0246792733669281,1206.png,49,Cargo Truck,0.2629484832286834,bkg,-1,20.42134894296919,97,2282.84326171875,741.9296264648438,2300.3681640625,765.7261352539062,71.56631469726562,"[16, 24)","[97, inf)","[59, 82)",True
f1opt,0.0246792733669281,1206.png,50,Cargo Truck,0.2620530426502228,bkg,-1,18.984087004949444,97,1911.687149047852,1085.6530151367188,1926.5630493164065,1109.8798217773438,54.8025016784668,"[16, 24)","[97, inf)","[45, 59)",True
f1opt,0.0582255758345127,1206.png,51,Truck w/Box,0.2580794095993042,cls,61,28.789116757159302,97,2511.96875,1521.7362060546875,2536.3370361328125,1555.7481689453125,55.52527618408203,"[24, 32)","[97, inf)","[45, 59)",True
f1opt,0.0246792733669281,1206.png,52,Cargo Truck,0.2515459656715393,bkg,-1,22.646452547670375,97,887.5827331542969,1105.3914184570312,917.7117004394532,1122.4136352539062,30.672042846679688,"[16, 24)","[97, inf)","[-inf, 45)",True
f1opt,0.0246792733669281,1206.png,53,Cargo Truck,0.2465953677892685,TP,0,19.857556449274295,97,1267.2921752929688,1515.754150390625,1285.09521484375,1537.9033203125,41.06407165527344,"[16, 24)","[97, inf)","[-inf, 45)",False
f1opt,0.0246792733669281,1206.png,54,Cargo Truck,0.2428972423076629,TP,11,18.576406404148525,97,1868.0,792.169511795044,1882.2597427368164,816.3693084716797,135.7866668701172,"[16, 24)","[97, inf)","[82, inf)",False
f1opt,0.0246792733669281,1206.png,55,Cargo Truck,0.242501750588417,TP,34,36.727959143173976,97,2298.25830078125,770.646484375,2324.3873291015625,822.272705078125,73.02515411376953,"[32, 48)","[97, inf)","[59, 82)",False
f1opt,0.0582255758345127,1206.png,56,Truck w/Box,0.2266602218151092,bkg,-1,27.544743635581046,97,1351.0985107421875,2245.135986328125,1382.0247802734375,2269.6689453125,86.47000122070312,"[24, 32)","[97, inf)","[82, inf)",True
f1opt,0.0582255758345127,1206.png,57,Truck w/Box,0.224149152636528,both,88,27.905790988956962,97,2263.6258544921875,768.0,2293.64111328125,793.9445762634277,65.64640045166016,"[24, 32)","[97, inf)","[59, 82)",True
f1opt,0.0246792733669281,1206.png,58,Cargo Truck,0.2121500819921493,loc,88,27.203378614835565,97,2270.821655273437,752.397216796875,2291.473388671875,788.230712890625,65.26904296875,"[24, 32)","[97, inf)","[59, 82)",True
f1opt,0.0582255758345127,1206.png,59,Truck w/Box,0.2068348973989486,bkg,-1,27.481416026844325,97,1694.0592651367188,635.4598999023438,1727.2267456054688,658.2300415039062,84.44730377197266,"[24, 32)","[97, inf)","[82, inf)",True
f1opt,0.0582255758345127,1206.png,60,Truck w/Box,0.2025801241397857,bkg,-1,29.663797396946332,97,1508.3089599609375,2154.681030273437,1545.8499755859375,2178.120483398437,78.85789489746094,"[24, 32)","[97, inf)","[59, 82)",True
f1opt,0.0246792733669281,1206.png,61,Cargo Truck,0.1983491033315658,bkg,-1,25.728289958879568,97,1752.4681396484375,819.003662109375,1785.9027099609375,838.8018798828125,85.23823547363281,"[24, 32)","[97, inf)","[82, inf)",True
f1opt,0.0246792733669281,1206.png,62,Cargo Truck,0.1963268965482711,bkg,-1,22.507411653642656,97,2366.3675231933594,1722.6409912109375,2393.736694335937,1741.1502685546875,66.96785736083984,"[16, 24)","[97, inf)","[59, 82)",True
f1opt,0.0246792733669281,1206.png,63,Cargo Truck,0.1891702860593795,loc,20,22.09585283407921,97,2762.2293090820312,1898.0374755859373,2793.429992675781,1913.6854248046875,53.33203125,"[16, 24)","[97, inf)","[45, 59)",True
f1opt,0.0246792733669281,1206.png,64,Cargo Truck,0.1889463514089584,loc,29,19.532137719389016,97,1855.4469604492188,2544.9326171875,1880.766845703125,2560.0,88.51683044433594,"[16, 24)","[97, inf)","[82, inf)",True
f1opt,0.0246792733669281,1206.png,65,Cargo Truck,0.1739778518676757,bkg,-1,19.735760453642644,97,1592.1133422851562,2871.6713256835938,1612.6296997070312,2890.656188964844,59.77619171142578,"[16, 24)","[97, inf)","[59, 82)",True
f1opt,0.0582255758345127,1206.png,66,Truck w/Box,0.1607199907302856,bkg,-1,21.317641630161056,97,1749.8694458007812,2181.6541748046875,1774.3884887695312,2200.188415527344,76.64423370361328,"[16, 24)","[97, inf)","[59, 82)",True
f1opt,0.0193771533668041,1206.png,67,Truck Tractor,0.1547203063964843,both,30,18.580788196295302,97,2231.496307373047,742.8141479492188,2249.164825439453,762.3543090820312,76.37092590332031,"[16, 24)","[97, inf)","[59, 82)",True
f1opt,0.0246792733669281,1206.png,68,Cargo Truck,0.1545689404010772,bkg,-1,17.18620294293444,97,2490.614013671875,71.95297241210938,2505.515869140625,91.77369689941406,80.25297546386719,"[16, 24)","[97, inf)","[59, 82)",True
f1opt,0.0582255758345127,1206.png,69,Truck w/Box,0.1544922590255737,bkg,-1,23.712357713898378,97,1868.0,1833.378967285156,1881.9380111694336,1873.7201538085935,99.5,"[16, 24)","[97, inf)","[82, inf)",True
f1opt,0.0246792733669281,1206.png,70,Cargo Truck,0.1540328413248062,loc,17,13.81365699690697,97,2434.223022460937,282.8896179199219,2448.9859619140625,295.8150329589844,86.5047607421875,"[8, 16)","[97, inf)","[82, inf)",True
f1opt,0.0582255758345127,1206.png,71,Truck w/Box,0.1475711315870285,both,88,25.604386745145415,97,2261.722717285156,753.0994262695312,2280.344787597656,788.3041381835938,66.9625015258789,"[24, 32)","[97, inf)","[59, 82)",True
f1opt,0.0582255758345127,1206.png,72,Truck w/Box,0.1436021476984024,cls,32,32.396695414211266,97,2274.8943481445312,1782.2061767578125,2314.8963012695312,1808.4435424804688,75.9141845703125,"[32, 48)","[97, inf)","[59, 82)",True
f1opt,0.0193771533668041,1206.png,73,Truck Tractor,0.1419709920883178,both,30,19.50539920466906,97,2244.727325439453,735.0379028320312,2264.519500732422,754.2606811523438,82.08809661865234,"[16, 24)","[97, inf)","[82, inf)",True
f1opt,0.0246792733669281,1206.png,74,Cargo Truck,0.1390596777200698,TP,26,27.818490575649612,97,2219.736083984375,769.3103179931641,2243.102783203125,802.4287490844727,63.85176467895508,"[24, 32)","[97, inf)","[59, 82)",False
f1opt,0.0246792733669281,1206.png,75,Cargo Truck,0.1295114904642105,bkg,-1,19.299157070247738,97,730.76171875,2846.354736328125,749.064208984375,2866.704833984375,58.58571243286133,"[16, 24)","[97, inf)","[45, 59)",True
f1opt,0.0582255758345127,1206.png,76,Truck w/Box,0.1230278834700584,bkg,-1,30.659524245011166,97,923.9837036132812,1169.3944091796875,941.7417602539062,1222.3284912109375,52.105262756347656,"[24, 32)","[97, inf)","[45, 59)",True
f1opt,0.0246792733669281,1206.png,77,Cargo Truck,0.1190364062786102,bkg,-1,15.863418904517077,97,1915.230926513672,819.0874252319336,1929.3467712402344,836.9147720336914,115.82962799072266,"[8, 16)","[97, inf)","[82, inf)",True
f1opt,0.0246792733669281,1206.png,78,Cargo Truck,0.1156356558203697,bkg,-1,24.48120459667592,97,1663.3011779785156,2432.6365966796875,1692.9310913085938,2452.86376953125,49.16984176635742,"[24, 32)","[97, inf)","[45, 59)",True
f1opt,0.0246792733669281,1206.png,79,Cargo Truck,0.1029329821467399,bkg,-1,10.262273594116627,97,2644.868530273437,2529.802490234375,2653.0537109375,2542.6689453125,91.57142639160156,"[8, 16)","[97, inf)","[82, inf)",True
f1opt,0.0582255758345127,1206.png,80,Truck w/Box,0.1027481108903884,cls,76,27.830977860175413,97,1209.3326721191406,2675.8026123046875,1240.0990295410156,2700.978271484375,84.38461303710938,"[24, 32)","[97, inf)","[82, inf)",True
f1opt,0.0246792733669281,1206.png,81,Cargo Truck,0.0995567068457603,bkg,-1,13.766607104323322,97,2243.018859863281,2102.9200286865234,2255.6300659179688,2117.947891235352,72.81730651855469,"[8, 16)","[97, inf)","[59, 82)",True
f1opt,0.0582255758345127,1206.png,82,Truck w/Box,0.0948035791516304,bkg,-1,37.22668814748618,97,798.2766971588135,1146.7493896484375,844.2021865844727,1176.9249267578125,81.49553680419922,"[32, 48)","[97, inf)","[59, 82)",True
f1opt,0.0193771533668041,1206.png,83,Truck Tractor,0.0870042890310287,cls,27,35.259589788845204,97,2274.4930419921875,694.3484497070312,2304.751342773437,735.4359741210938,76.42857360839844,"[32, 48)","[97, inf)","[59, 82)",True
f1opt,0.0582255758345127,1206.png,84,Truck w/Box,0.0832246616482734,bkg,-1,40.14141036626006,97,6.681676864624023,0.1497173309326172,63.48926544189453,28.514463424682617,60.774078369140625,"[32, 48)","[97, inf)","[59, 82)",True
f1opt,0.0193771533668041,1206.png,85,Truck Tractor,0.0826788619160652,bkg,-1,27.438294925448965,97,1693.8666381835938,635.2438354492188,1727.0369873046875,657.9406127929688,85.62360382080078,"[24, 32)","[97, inf)","[82, inf)",True
f1opt,0.0246792733669281,1206.png,86,Cargo Truck,0.0803351998329162,bkg,-1,15.503351085816327,97,1580.249610900879,1925.7340507507324,1594.0817108154297,1943.110580444336,79.55789184570312,"[8, 16)","[97, inf)","[59, 82)",True
f1opt,0.0246792733669281,1206.png,87,Cargo Truck,0.0790484026074409,TP,28,26.157189557417734,97,2330.4100341796875,835.9403381347656,2351.723999023437,868.0412902832031,54.907752990722656,"[24, 32)","[97, inf)","[45, 59)",False
f1opt,0.0582255758345127,1206.png,88,Truck w/Box,0.0787270665168762,bkg,-1,38.411581819325036,97,1457.2964477539062,2321.9688720703125,1485.9666137695312,2373.4317626953125,90.01106262207031,"[32, 48)","[97, inf)","[82, inf)",True
f1opt,0.0246792733669281,1206.png,89,Cargo Truck,0.0781835988163948,bkg,-1,19.800961362493798,97,2745.3740234375,564.4471435546875,2762.681030273437,587.1014404296875,73.17361450195312,"[16, 24)","[97, inf)","[59, 82)",True
f1opt,0.0246792733669281,1206.png,90,Cargo Truck,0.0778433755040168,TP,16,16.671173723589348,97,2417.0397338867188,264.98974609375,2437.2437133789062,278.745849609375,105.87936401367188,"[16, 24)","[97, inf)","[82, inf)",False
f1opt,0.0246792733669281,1206.png,91,Cargo Truck,0.0735785886645317,bkg,-1,11.19383287601484,97,1055.553253173828,2879.8472900390625,1066.7883605957031,2891.0,85.22916412353516,"[8, 16)","[97, inf)","[82, inf)",True
f1opt,0.0193771533668041,1206.png,92,Truck Tractor,0.0715949982404708,cls,70,29.886805526057145,97,2253.716186523437,768.0575828552246,2277.1075439453125,806.2435302734375,73.96205139160156,"[24, 32)","[97, inf)","[59, 82)",True
f1opt,0.0246792733669281,1206.png,93,Cargo Truck,0.0702874884009361,bkg,-1,41.33192806160714,97,2288.087890625,902.693359375,2322.499267578125,952.337646484375,49.33445358276367,"[32, 48)","[97, inf)","[45, 59)",True
f1opt,0.0246792733669281,1206.png,94,Cargo Truck,0.0696016252040863,bkg,-1,13.565934988854972,97,2403.7914428710938,306.7940368652344,2416.3220825195312,321.4808044433594,108.34821319580078,"[8, 16)","[97, inf)","[82, inf)",True
f1opt,0.0582255758345127,1206.png,95,Truck w/Box,0.0686121731996536,bkg,-1,30.43195280376823,97,1511.841552734375,2175.8009643554688,1549.67431640625,2200.2798461914062,105.55621337890625,"[24, 32)","[97, inf)","[82, inf)",True
f1opt,0.0582255758345127,1206.png,96,Truck w/Box,0.0658382773399353,bkg,-1,34.314306321916526,97,1341.9801025390625,2757.2263793945312,1369.3702392578125,2800.2152709960938,66.3597183227539,"[32, 48)","[97, inf)","[59, 82)",True
f1opt,0.0246792733669281,1206.png,97,Cargo Truck,0.0627865120768547,TP,83,29.15237245247757,97,2252.846435546875,709.8994750976562,2274.14501953125,749.8016967773438,73.56415557861328,"[24, 32)","[97, inf)","[59, 82)",False
f1opt,0.0246792733669281,1206.png,98,Cargo Truck,0.0600237138569355,TP,10,16.504047570947872,97,1876.28870010376,788.5578117370605,1889.76082611084,808.7761192321777,141.5748291015625,"[16, 24)","[97, inf)","[82, inf)",False
f1opt,0.0246792733669281,1206.png,99,Cargo Truck,0.0598534867167472,TP,36,30.254968107190148,97,2233.1687622070312,769.2266616821289,2257.3751831054688,807.0415496826172,70.005126953125,"[24, 32)","[97, inf)","[59, 82)",False
f1opt,0.0193771533668041,1206.png,100,Truck Tractor,0.0587368421256542,cls,83,32.83214412762847,97,2250.0241088867188,700.3284912109375,2272.6527709960938,747.9649658203125,70.42300415039062,"[32, 48)","[97, inf)","[59, 82)",True
f1opt,0.0246792733669281,1206.png,101,Cargo Truck,0.0532139390707016,bkg,-1,22.92634996582832,97,1609.8492584228516,485.8325805664063,1636.971923828125,505.21185302734375,89.34183502197266,"[16, 24)","[97, inf)","[82, inf)",True
f1opt,0.0246792733669281,1206.png,102,Cargo Truck,0.0524956732988357,bkg,-1,12.363609294509104,97,2817.3017578125,1867.0,2834.76904296875,1875.7511501312256,54.87036895751953,"[8, 16)","[97, inf)","[45, 59)",True
f1opt,0.0246792733669281,1206.png,103,Cargo Truck,0.0521633401513099,bkg,-1,17.79470743002587,97,2739.4282836914062,2167.6541748046875,2763.0101928710938,2181.0819091796875,50.071998596191406,"[16, 24)","[97, inf)","[45, 59)",True
f1opt,0.0246792733669281,1206.png,104,Cargo Truck,0.0515290014445781,bkg,-1,19.105014816691252,97,2515.241943359375,551.4081420898438,2539.306884765625,566.5755004882812,70.10250091552734,"[16, 24)","[97, inf)","[59, 82)",True
f1opt,0.0193771533668041,1206.png,105,Truck Tractor,0.0499637052416801,bkg,-1,18.7087841630703,97,0.2103462219238281,200.88841247558597,17.527864456176758,221.1002349853516,68.89898681640625,"[16, 24)","[97, inf)","[59, 82)",True
f1opt,0.0246792733669281,1206.png,106,Cargo Truck,0.0458512082695961,bkg,-1,19.120151367967466,97,1550.641845703125,374.5127868652344,1577.687744140625,388.0298156738281,49.80476379394531,"[16, 24)","[97, inf)","[45, 59)",True
f1opt,0.0193771533668041,1206.png,107,Truck Tractor,0.045211985707283,both,27,30.599719226007156,97,2266.8722534179688,703.4505004882812,2289.3126831054688,745.1762084960938,77.51065826416016,"[24, 32)","[97, inf)","[59, 82)",True
f1opt,0.0246792733669281,1206.png,108,Cargo Truck,0.044259987771511,bkg,-1,19.538505976399396,97,2326.5612182617188,1743.1142578125,2350.6627807617188,1758.95361328125,73.85749816894531,"[16, 24)","[97, inf)","[59, 82)",True
f1opt,0.0246792733669281,1206.png,109,Cargo Truck,0.042106993496418,bkg,-1,11.717348533751785,97,2833.3145751953125,2226.137939453125,2846.8404541015625,2236.28857421875,100.79869842529297,"[8, 16)","[97, inf)","[82, inf)",True
f1opt,0.0246792733669281,1206.png,110,Cargo Truck,0.0407593436539173,TP,33,28.92541681944876,97,1537.094970703125,2166.0484008789062,1575.5809326171875,2187.7882690429688,108.44172668457031,"[24, 32)","[97, inf)","[82, inf)",False
f1opt,0.0246792733669281,1206.png,111,Cargo Truck,0.0397614911198616,bkg,-1,16.71132630212014,97,2367.2310180664062,239.13937377929688,2382.4907836914062,257.4403381347656,113.47697448730469,"[16, 24)","[97, inf)","[82, inf)",True
f1opt,0.0246792733669281,1206.png,112,Cargo Truck,0.038111038506031,TP,30,30.91354900489889,97,2232.8800659179688,716.0624389648438,2255.8087768554688,757.7415161132812,74.04762268066406,"[24, 32)","[97, inf)","[59, 82)",False
f1opt,0.0246792733669281,1206.png,113,Cargo Truck,0.0380051471292972,loc,52,17.77356506045108,97,2821.6064453125,1880.8010540008545,2844.16455078125,1894.8048725128172,49.28333282470703,"[16, 24)","[97, inf)","[45, 59)",True
f1opt,0.0246792733669281,1206.png,114,Cargo Truck,0.0375284291803836,bkg,-1,14.807190653270466,97,248.63131713867188,964.1461029052734,267.8036804199219,975.5819854736328,99.19166564941406,"[8, 16)","[97, inf)","[82, inf)",True
f1opt,0.0246792733669281,1206.png,115,Cargo Truck,0.0347528234124183,loc,30,27.697488972055428,97,2241.5206909179688,706.9493408203125,2262.2975463867188,743.8726806640625,68.42344665527344,"[24, 32)","[97, inf)","[59, 82)",True
f1opt,0.0246792733669281,1206.png,116,Cargo Truck,0.0331118889153003,TP,9,17.770228885434623,97,1881.682565689087,787.2513885498047,1898.179277420044,806.3934478759766,133.0861053466797,"[16, 24)","[97, inf)","[82, inf)",False
f1opt,0.0246792733669281,1206.png,117,Cargo Truck,0.0319116115570068,bkg,-1,18.921813328450746,97,0.3388137817382812,201.9185028076172,18.47207260131836,221.6631622314453,69.15538787841797,"[16, 24)","[97, inf)","[59, 82)",True
f1opt,0.0246792733669281,1206.png,118,Cargo Truck,0.0309190303087234,bkg,-1,18.43932322967617,97,2289.3477478027344,961.8870239257812,2316.541534423828,974.3901977539062,46.13010025024414,"[16, 24)","[97, inf)","[45, 59)",True
f1opt,0.0246792733669281,1206.png,119,Cargo Truck,0.0309079587459564,bkg,-1,13.726014464483532,97,2876.809875488281,476.9713439941406,2889.8394165039062,491.4310607910156,75.41517639160156,"[8, 16)","[97, inf)","[59, 82)",True
f1opt,0.0246792733669281,1206.png,120,Cargo Truck,0.0308580379933118,bkg,-1,20.03219454676319,97,2846.4951171875,1872.9070434570312,2873.4951171875,1887.769592285156,46.953125,"[16, 24)","[97, inf)","[45, 59)",True
f1opt,0.0246792733669281,1206.png,121,Cargo Truck,0.0296049043536186,bkg,-1,12.549925759844406,97,2465.514892578125,68.69143676757812,2475.968994140625,83.75735473632812,101.43181610107422,"[8, 16)","[97, inf)","[82, inf)",True
f1opt,0.0246792733669281,1206.png,122,Cargo Truck,0.0265957862138748,bkg,-1,11.658829458586984,97,397.70947265625,2581.181396484375,406.4891357421875,2596.66357421875,81.5,"[8, 16)","[97, inf)","[59, 82)",True
f1opt,0.0246792733669281,1206.png,123,Cargo Truck,0.0262870267033576,bkg,-1,23.1044415880063,97,840.6576843261719,1336.7730712890625,857.4039306640625,1368.6497802734375,86.07575988769531,"[16, 24)","[97, inf)","[82, inf)",True
f1opt,0.0246792733669281,1206.png,124,Cargo Truck,0.0253108702600002,bkg,-1,12.98468259844965,97,2808.1229248046875,1867.0,2824.20556640625,1877.48347568512,47.38502502441406,"[8, 16)","[97, inf)","[45, 59)",True
f1opt,0.0246792733669281,1206.png,125,Cargo Truck,0.0252282340079545,TP,7,14.085333530343291,97,2106.08837890625,1152.1112670898438,2118.517944335937,1168.0729370117188,102.11764526367188,"[8, 16)","[97, inf)","[82, inf)",False
f1opt,0.0246792733669281,1206.png,126,Cargo Truck,0.0251844376325607,bkg,-1,13.7822695331205,97,1110.844482421875,2869.820068359375,1124.1234130859375,2884.124755859375,110.17500305175781,"[8, 16)","[97, inf)","[82, inf)",True
f1opt,0.0246792733669281,1206.png,127,Cargo Truck,0.024798622354865,bkg,-1,14.501867185684802,97,1868.3934326171875,1867.0,1889.5640869140625,1876.9337577819824,76.51363372802734,"[8, 16)","[97, inf)","[59, 82)",True
f1opt,0.0193771533668041,1206.png,128,Truck Tractor,0.0218371208757162,both,70,28.999338052035036,97,2245.883056640625,762.02880859375,2265.577392578125,804.7294921875,70.80731201171875,"[24, 32)","[97, inf)","[59, 82)",True
f1opt,0.0193771533668041,1206.png,129,Truck Tractor,0.0198561213910579,bkg,-1,17.132689837786298,97,1877.1717977523804,1867.0,1896.0611038208008,1882.539430618286,79.38749694824219,"[16, 24)","[97, inf)","[59, 82)",True
f1opt,0.0582255758345127,1211.png,0,Truck w/Box,0.8514952659606934,cls,45,33.5307806378566,167,855.38232421875,2711.9132690429688,880.132080078125,2757.3405151367188,90.27413940429688,"[32, 48)","[97, inf)","[82, inf)",True
f1opt,0.0246792733669281,1211.png,1,Cargo Truck,0.827948272228241,TP,71,15.230195390648102,167,2120.457717895508,631.0042724609375,2135.1000366210938,646.845947265625,104.43359375,"[8, 16)","[97, inf)","[82, inf)",False
f1opt,0.0246792733669281,1211.png,2,Cargo Truck,0.7944363951683044,TP,55,21.71306238829722,167,826.5874633789062,2819.476867675781,851.5645141601562,2838.352478027344,84.25961303710938,"[16, 24)","[97, inf)","[82, inf)",False
f1opt,0.2916500866413116,1211.png,3,Truck w/Flatbed,0.7851071953773499,bkg,-1,14.520363093545246,167,1573.1413345336914,966.226043701172,1585.1916580200195,983.7227478027344,75.76495361328125,"[8, 16)","[97, inf)","[59, 82)",True
f1opt,0.0246792733669281,1211.png,4,Cargo Truck,0.7800717949867249,bkg,-1,20.69507997496666,167,1067.248016357422,1915.865966796875,1100.8738708496094,1928.602783203125,95.19327545166016,"[16, 24)","[97, inf)","[82, inf)",True
f1opt,0.0246792733669281,1211.png,5,Cargo Truck,0.7560192346572876,TP,154,20.75500256489433,167,1092.685028076172,2016.5377807617188,1128.5067443847656,2028.5631713867188,73.13721466064453,"[16, 24)","[97, inf)","[59, 82)",False
f1opt,0.0582255758345127,1211.png,6,Truck w/Box,0.6850571036338806,cls,46,31.0596554723063,167,622.5302124023438,2810.651611328125,664.5840454101562,2833.59130859375,54.68992233276367,"[24, 32)","[97, inf)","[45, 59)",True
f1opt,0.0582255758345127,1211.png,7,Truck w/Box,0.6381762027740479,both,157,21.843933996578,167,768.1772785186768,1951.8899536132808,792.1451416015625,1971.7981719970703,59.068572998046875,"[16, 24)","[97, inf)","[45, 59)",True
f1opt,0.0246792733669281,1211.png,8,Cargo Truck,0.6379987001419067,TP,48,24.83546300664593,167,684.7013549804688,2852.2607421875,705.1881713867188,2882.367919921875,58.98093795776367,"[24, 32)","[97, inf)","[45, 59)",False
f1opt,0.0246792733669281,1211.png,9,Cargo Truck,0.5523548126220703,bkg,-1,14.401868505580321,167,1111.1953735351562,1315.5262451171875,1128.2207641601562,1327.7088623046875,61.632476806640625,"[8, 16)","[97, inf)","[59, 82)",True
f1opt,0.0246792733669281,1211.png,10,Cargo Truck,0.5400238037109375,bkg,-1,14.984336278684092,167,2226.0779418945312,951.4863891601562,2240.192443847656,967.3941650390624,84.38431549072266,"[8, 16)","[97, inf)","[82, inf)",True
f1opt,0.0582255758345127,1211.png,11,Truck w/Box,0.536983072757721,cls,33,41.81176967100631,167,640.2938232421875,2257.365753173828,678.0582275390625,2303.658660888672,63.66012191772461,"[32, 48)","[97, inf)","[59, 82)",True
f1opt,0.0582255758345127,1211.png,12,Truck w/Box,0.5174753665924072,bkg,-1,18.943456789350762,167,768.3131465911865,1941.517974853516,791.8834590911865,1956.7428283691409,94.75260162353516,"[16, 24)","[97, inf)","[82, inf)",True
f1opt,0.0246792733669281,1211.png,13,Cargo Truck,0.5118615031242371,TP,52,22.87138643313675,167,651.6311645507812,2860.6385498046875,683.6112670898438,2876.99560546875,44.94117736816406,"[16, 24)","[97, inf)","[-inf, 45)",False
f1opt,0.0582255758345127,1211.png,14,Truck w/Box,0.5078037977218628,cls,37,38.40604886265397,167,690.9490966796875,2231.5892944335938,720.62841796875,2281.288024902344,66.32068634033203,"[32, 48)","[97, inf)","[59, 82)",True
f1opt,0.0582255758345127,1211.png,15,Truck w/Box,0.5049555897712708,TP,150,23.516558728420268,167,2192.6305541992188,2682.042907714844,2236.624084472656,2694.613586425781,69.76068115234375,"[16, 24)","[97, inf)","[59, 82)",False
f1opt,0.0246792733669281,1211.png,16,Cargo Truck,0.4961119294166565,bkg,-1,20.974695979087777,167,2275.66455078125,1571.2045364379885,2307.250244140625,1585.132926940918,69.61616516113281,"[16, 24)","[97, inf)","[59, 82)",True
f1opt,0.0246792733669281,1211.png,17,Cargo Truck,0.4921343922615051,bkg,-1,17.606328707509928,167,123.50018310546876,538.1036376953125,137.51116943359375,560.2279052734375,79.568115234375,"[16, 24)","[97, inf)","[59, 82)",True
f1opt,0.0246792733669281,1211.png,18,Cargo Truck,0.4484824240207672,bkg,-1,19.088357435502274,167,1058.0775756835938,2006.910446166992,1088.5228881835938,2018.8783111572263,54.68238067626953,"[16, 24)","[97, inf)","[45, 59)",True
f1opt,0.0582255758345127,1211.png,19,Truck w/Box,0.4402069449424743,bkg,-1,23.488117270101068,167,2424.1671142578125,2369.295166015625,2439.6483154296875,2404.931396484375,58.93923568725586,"[16, 24)","[97, inf)","[45, 59)",True
f1opt,0.0246792733669281,1211.png,20,Cargo Truck,0.4357448518276214,bkg,-1,13.380271931021078,167,120.19955444335938,549.083984375,132.19552612304688,564.00830078125,88.21154022216797,"[8, 16)","[97, inf)","[82, inf)",True
f1opt,0.0582255758345127,1211.png,21,Truck w/Box,0.4314204454421997,cls,49,28.563768383719843,167,634.102294921875,2828.178100585937,675.91552734375,2847.690795898437,55.96666717529297,"[24, 32)","[97, inf)","[45, 59)",True
f1opt,0.0246792733669281,1211.png,22,Cargo Truck,0.4308735430240631,TP,53,21.5169027291226,167,660.9750366210938,2868.06494140625,688.5341186523438,2884.8643798828125,48.3651123046875,"[16, 24)","[97, inf)","[45, 59)",False
f1opt,0.0246792733669281,1211.png,23,Cargo Truck,0.4219404757022857,TP,56,18.727159148157554,167,890.5620422363281,2825.1484375,907.053466796875,2846.414428710937,67.4823226928711,"[16, 24)","[97, inf)","[59, 82)",False
f1opt,0.0246792733669281,1211.png,24,Cargo Truck,0.4047050178050995,TP,9,16.15575633595266,167,2051.21044921875,1402.229736328125,2067.3199462890625,1418.431884765625,90.07612609863281,"[16, 24)","[97, inf)","[82, inf)",False
f1opt,0.0246792733669281,1211.png,25,Cargo Truck,0.4005940556526184,bkg,-1,20.36252404824263,167,1599.1845703125,1590.7418975830078,1637.02294921875,1601.6998825073242,90.55555725097656,"[16, 24)","[97, inf)","[82, inf)",True
f1opt,0.2916500866413116,1211.png,26,Truck w/Flatbed,0.3964079022407532,bkg,-1,19.220850805548512,167,1711.5506286621094,783.4754295349121,1741.9774475097656,795.6173858642578,91.66004943847656,"[16, 24)","[97, inf)","[82, inf)",True
f1opt,0.0246792733669281,1211.png,27,Cargo Truck,0.3693792819976806,TP,26,11.909079458292737,167,1530.6401977539062,2122.2769775390625,1540.2619018554688,2137.0172119140625,91.76136016845703,"[8, 16)","[97, inf)","[82, inf)",False
f1opt,0.0582255758345127,1211.png,28,Truck w/Box,0.3669334948062897,bkg,-1,17.456194504397992,167,938.83349609375,2116.9214477539062,952.802001953125,2138.7361450195312,98.9072494506836,"[16, 24)","[97, inf)","[82, inf)",True
f1opt,0.0246792733669281,1211.png,29,Cargo Truck,0.3654980361461639,bkg,-1,14.737918437401184,167,1961.8187637329104,168.00469970703125,1981.6786727905276,178.94161987304688,91.37662506103516,"[8, 16)","[97, inf)","[82, inf)",True
f1opt,0.0582255758345127,1211.png,30,Truck w/Box,0.3619889318943023,cls,47,21.668119895934996,167,619.4481201171875,2799.784240722656,649.9500732421875,2815.1769409179688,52.55787658691406,"[16, 24)","[97, inf)","[45, 59)",True
f1opt,0.0246792733669281,1211.png,31,Cargo Truck,0.3562797307968139,bkg,-1,11.182370671589872,167,1748.0693969726562,2001.3403930664065,1763.3792114257812,2009.508056640625,109.5625,"[8, 16)","[97, inf)","[82, inf)",True
f1opt,0.0246792733669281,1211.png,32,Cargo Truck,0.3514740765094757,TP,11,15.496731556456696,167,2020.9552001953125,1554.023063659668,2044.4117431640625,1564.2610893249512,70.26545715332031,"[8, 16)","[97, inf)","[59, 82)",False
f1opt,0.0246792733669281,1211.png,33,Cargo Truck,0.3498383164405823,TP,66,20.240740456360527,167,1559.2517547607422,1016.968231201172,1583.6539840698242,1033.7571716308594,77.24888610839844,"[16, 24)","[97, inf)","[59, 82)",False
f1opt,0.0246792733669281,1211.png,34,Cargo Truck,0.3475157022476196,TP,130,21.246966443494145,167,538.1529541015625,1538.3010864257812,558.9256591796875,1560.0331420898438,78.43892669677734,"[16, 24)","[97, inf)","[59, 82)",False
f1opt,0.0582255758345127,1211.png,35,Truck w/Box,0.312683492898941,both,160,26.338308102574178,167,1806.5682067871091,1868.0,1858.366607666016,1881.392430305481,63.36253356933594,"[24, 32)","[97, inf)","[59, 82)",True
f1opt,0.0582255758345127,1211.png,36,Truck w/Box,0.3008549213409424,cls,18,24.602951009201497,167,1540.6403923034668,1574.8650665283203,1584.7919387817385,1588.5747833251953,78.25333404541016,"[24, 32)","[97, inf)","[59, 82)",True
f1opt,0.0582255758345127,1211.png,37,Truck w/Box,0.2901724874973297,cls,151,31.406570537791307,167,1175.066162109375,1886.6227416992188,1193.318603515625,1940.663330078125,54.50334930419922,"[24, 32)","[97, inf)","[45, 59)",True
f1opt,0.0582255758345127,1211.png,38,Truck w/Box,0.2893699407577514,bkg,-1,13.203554148724836,167,2450.525390625,2499.829040527344,2460.1650390625,2517.914123535156,71.2200927734375,"[8, 16)","[97, inf)","[59, 82)",True
f1opt,0.0246792733669281,1211.png,39,Cargo Truck,0.2753874957561493,bkg,-1,30.52834538374275,167,903.1718139648438,2805.872436523437,930.4849243164062,2839.994506835937,114.32347106933594,"[24, 32)","[97, inf)","[82, inf)",True
f1opt,0.0246792733669281,1211.png,40,Cargo Truck,0.2693020403385162,bkg,-1,19.084994918589206,167,581.054443359375,1589.2720336914062,598.332275390625,1610.3532104492188,80.77777862548828,"[16, 24)","[97, inf)","[59, 82)",True
f1opt,0.0246792733669281,1211.png,41,Cargo Truck,0.2671685516834259,TP,90,17.300157840234476,167,2241.6209716796875,451.7458190917969,2257.133178710937,471.0400085449219,71.49299621582031,"[16, 24)","[97, inf)","[59, 82)",False
f1opt,0.0246792733669281,1211.png,42,Cargo Truck,0.2630089223384857,bkg,-1,9.030895029833594,167,2201.5679931640625,2695.9103393554688,2209.679931640625,2705.9642944335938,87.58586120605469,"[8, 16)","[97, inf)","[82, inf)",True
f1opt,0.0246792733669281,1211.png,43,Cargo Truck,0.2590698003768921,TP,84,15.328831203259101,167,1757.4739990234375,33.311702728271484,1769.8848876953125,52.2445182800293,54.93461608886719,"[8, 16)","[97, inf)","[45, 59)",False
f1opt,0.0246792733669281,1211.png,44,Cargo Truck,0.2459138631820678,bkg,-1,10.30194712880833,167,1279.335205078125,1828.6895751953125,1295.5333251953125,1835.2415771484373,96.86764526367188,"[8, 16)","[97, inf)","[82, inf)",True
f1opt,0.0246792733669281,1211.png,45,Cargo Truck,0.2454965412616729,bkg,-1,16.430404858294672,167,1107.2976989746094,2714.9862060546875,1130.5585021972656,2726.5919189453125,57.18269348144531,"[16, 24)","[97, inf)","[45, 59)",True
f1opt,0.0582255758345127,1211.png,46,Truck w/Box,0.2269079238176345,bkg,-1,37.92328130010821,167,1552.0223388671875,1330.386962890625,1595.0845947265625,1363.7845458984375,54.69585418701172,"[32, 48)","[97, inf)","[45, 59)",True
f1opt,0.0246792733669281,1211.png,47,Cargo Truck,0.2255042195320129,bkg,-1,13.074831469681216,167,320.120849609375,373.928466796875,332.21173095703125,388.06732177734375,67.76441955566406,"[8, 16)","[97, inf)","[59, 82)",True
f1opt,0.0246792733669281,1211.png,48,Cargo Truck,0.224497452378273,bkg,-1,17.358933748234808,167,1154.4089965820312,1274.1617126464844,1173.6828002929688,1289.7960205078125,84.40625,"[16, 24)","[97, inf)","[82, inf)",True
f1opt,0.0582255758345127,1211.png,49,Truck w/Box,0.2223086208105087,bkg,-1,20.831045306608114,167,1598.693603515625,1590.5650024414062,1637.4200134277344,1601.7700805664062,89.65833282470703,"[16, 24)","[97, inf)","[82, inf)",True
f1opt,0.0193771533668041,1211.png,50,Truck Tractor,0.2179820835590362,bkg,-1,20.884376360499832,167,1598.641544342041,1590.6099319458008,1637.6221313476562,1601.7990188598633,89.65833282470703,"[16, 24)","[97, inf)","[82, inf)",True
f1opt,0.0246792733669281,1211.png,51,Cargo Truck,0.2144526690244674,bkg,-1,19.698112435547515,167,1067.9428100585938,1923.3175964355469,1100.6766967773438,1935.1712341308596,76.31900787353516,"[16, 24)","[97, inf)","[59, 82)",True
f1opt,0.0246792733669281,1211.png,52,Cargo Truck,0.2122716456651687,cls,27,26.933575882052086,167,1256.00439453125,2021.790802001953,1305.84228515625,2036.3463439941409,57.366249084472656,"[24, 32)","[97, inf)","[45, 59)",True
f1opt,0.0246792733669281,1211.png,53,Cargo Truck,0.199377179145813,TP,50,23.26422734286386,167,645.0955810546875,2848.5634765625,679.4244384765625,2864.329345703125,40.01008224487305,"[16, 24)","[97, inf)","[-inf, 45)",False
f1opt,0.0246792733669281,1211.png,54,Cargo Truck,0.1953030079603195,bkg,-1,14.674809902721048,167,2245.7642822265625,2766.095947265625,2263.9957275390625,2777.907958984375,89.77192687988281,"[8, 16)","[97, inf)","[82, inf)",True
f1opt,0.0246792733669281,1211.png,55,Cargo Truck,0.1831901520490646,TP,54,23.915582537205058,167,886.8399658203125,2778.0685424804688,907.445068359375,2805.826477050781,91.94642639160156,"[16, 24)","[97, inf)","[82, inf)",False
f1opt,0.0246792733669281,1211.png,56,Cargo Truck,0.1826859712600708,bkg,-1,19.49151801295498,167,131.89739990234375,2242.417907714844,151.655517578125,2261.646423339844,58.97142791748047,"[16, 24)","[97, inf)","[45, 59)",True
f1opt,0.0246792733669281,1211.png,57,Cargo Truck,0.1815682649612426,TP,159,29.141975477325396,167,1155.3203735351562,2068.264404296875,1173.7789306640625,2114.2731323242188,59.63269805908203,"[24, 32)","[97, inf)","[59, 82)",False
f1opt,0.0246792733669281,1211.png,58,Cargo Truck,0.1742890477180481,bkg,-1,11.82654395679699,167,1552.0521240234375,170.06585693359375,1561.2288818359375,185.30731201171875,80.9749984741211,"[8, 16)","[97, inf)","[59, 82)",True
f1opt,0.0246792733669281,1211.png,59,Cargo Truck,0.1529546529054641,loc,50,24.67363542753132,167,643.6046752929688,2839.0704956054688,679.6260375976562,2855.9712524414062,42.9395866394043,"[24, 32)","[97, inf)","[-inf, 45)",True
f1opt,0.0246792733669281,1211.png,60,Cargo Truck,0.1495342850685119,bkg,-1,17.266362555962786,167,1668.327896118164,2315.744384765625,1689.3372955322266,2329.9345703125,101.50909423828125,"[16, 24)","[97, inf)","[82, inf)",True
f1opt,0.0246792733669281,1211.png,61,Cargo Truck,0.1492518037557602,loc,9,15.160797877643729,167,2056.712219238281,1408.3853149414062,2072.830017089844,1422.6459350585938,90.78823852539062,"[8, 16)","[97, inf)","[82, inf)",True
f1opt,0.0582255758345127,1211.png,62,Truck w/Box,0.1423647105693817,cls,43,27.53014150070105,167,904.5082397460938,2300.7655029296875,939.3612670898438,2322.5113525390625,63.44082260131836,"[24, 32)","[97, inf)","[59, 82)",True
f1opt,0.0246792733669281,1211.png,63,Cargo Truck,0.1396250575780868,TP,40,18.6209883497843,167,642.4449462890625,2177.706787109375,661.9683837890625,2195.467041015625,87.43421173095703,"[16, 24)","[97, inf)","[82, inf)",False
f1opt,0.0246792733669281,1211.png,64,Cargo Truck,0.1386917531490326,loc,160,26.867753822249284,167,1810.6336059570312,1868.0045490264893,1860.9949951171875,1882.3384704589844,63.125492095947266,"[24, 32)","[97, inf)","[59, 82)",True
f1opt,0.0246792733669281,1211.png,65,Cargo Truck,0.1377495676279068,bkg,-1,11.62658127418043,167,2241.374938964844,750.0526123046875,2250.5641479492188,764.7630615234375,80.8066635131836,"[8, 16)","[97, inf)","[59, 82)",True
f1opt,0.0246792733669281,1211.png,66,Cargo Truck,0.1352394968271255,bkg,-1,25.14594850195091,167,2192.2078857421875,2503.6596069335938,2231.909545898437,2519.5863647460938,56.27941131591797,"[24, 32)","[97, inf)","[45, 59)",True
f1opt,0.0246792733669281,1211.png,67,Cargo Truck,0.1321085691452026,bkg,-1,20.225680261660834,167,2658.889038085937,429.40277099609375,2686.6190185546875,444.1549682617188,52.08405303955078,"[16, 24)","[97, inf)","[45, 59)",True
f1opt,0.0246792733669281,1211.png,68,Cargo Truck,0.1316979229450225,TP,60,17.623440947465802,167,1439.3709106445312,1943.859436035156,1461.1809692382812,1958.0999145507808,85.37228393554688,"[16, 24)","[97, inf)","[82, inf)",False
f1opt,0.0582255758345127,1211.png,69,Truck w/Box,0.1309720575809478,cls,56,18.985318712239728,167,890.57080078125,2824.7052612304688,907.097412109375,2846.5150756835938,67.50965881347656,"[16, 24)","[97, inf)","[59, 82)",True
f1opt,0.0582255758345127,1211.png,70,Truck w/Box,0.1263230592012405,cls,156,28.149155892663003,167,1199.5084228515625,1888.5877075195312,1215.030029296875,1939.6375122070312,61.466064453125,"[24, 32)","[97, inf)","[59, 82)",True
f1opt,0.0582255758345127,1211.png,71,Truck w/Box,0.1210105791687965,bkg,-1,17.684723605831778,167,950.7734375,2124.170654296875,965.078857421875,2146.032958984375,79.51630401611328,"[16, 24)","[97, inf)","[59, 82)",True
f1opt,0.0582255758345127,1211.png,72,Truck w/Box,0.1160417348146438,both,159,27.738679640454777,167,1157.219696044922,2067.215087890625,1173.2096862792969,2115.3348388671875,59.49219512939453,"[24, 32)","[97, inf)","[59, 82)",True
f1opt,0.0193771533668041,1211.png,73,Truck Tractor,0.1118703261017799,bkg,-1,29.49396524692326,167,906.4674072265624,2805.1466064453125,932.7244873046876,2838.2764892578125,116.89106750488281,"[24, 32)","[97, inf)","[82, inf)",True
f1opt,0.0246792733669281,1211.png,74,Cargo Truck,0.1090481355786323,TP,47,22.811905581424725,167,617.9969482421875,2799.1954345703125,650.388427734375,2815.2608642578125,52.083045959472656,"[16, 24)","[97, inf)","[45, 59)",False
f1opt,0.0246792733669281,1211.png,75,Cargo Truck,0.1070435941219329,bkg,-1,17.53173507596914,167,1788.9855041503906,1855.364044189453,1814.5691833496091,1867.3780212402344,48.78347396850586,"[16, 24)","[97, inf)","[45, 59)",True
f1opt,0.0193771533668041,1211.png,76,Truck Tractor,0.1070249006152153,cls,11,15.570832128629897,167,2020.8135986328125,1554.0804901123047,2045.041748046875,1564.0874786376953,70.28671264648438,"[8, 16)","[97, inf)","[59, 82)",True
f1opt,0.0246792733669281,1211.png,77,Cargo Truck,0.1043389216065406,bkg,-1,12.687892433169282,167,1314.89892578125,10.404670715332031,1324.6536865234375,26.907649993896484,68.73262023925781,"[8, 16)","[97, inf)","[59, 82)",True
f1opt,0.0246792733669281,1211.png,78,Cargo Truck,0.0906108915805816,bkg,-1,13.190896952102149,167,2235.084228515625,2759.8212890625,2250.4344482421875,2771.156616210937,78.67788696289062,"[8, 16)","[97, inf)","[59, 82)",True
f1opt,0.0246792733669281,1211.png,79,Cargo Truck,0.0881369188427925,TP,61,15.744458616391372,167,1449.887451171875,1954.824615478516,1468.96435546875,1967.818756103516,77.58928680419922,"[8, 16)","[97, inf)","[59, 82)",False
f1opt,0.0246792733669281,1211.png,80,Cargo Truck,0.0835807397961616,bkg,-1,18.993173684266758,167,1969.628662109375,1033.19970703125,1992.200439453125,1049.181640625,60.30147171020508,"[16, 24)","[97, inf)","[59, 82)",True
f1opt,0.0246792733669281,1211.png,81,Cargo Truck,0.0835501328110694,bkg,-1,14.817119876358076,167,1872.5114226341248,710.572021484375,1881.8404750823972,734.105712890625,94.92400360107422,"[8, 16)","[97, inf)","[82, inf)",True
f1opt,0.0246792733669281,1211.png,82,Cargo Truck,0.0812328830361366,bkg,-1,17.997452796160026,167,958.4564514160156,2129.31201171875,976.049285888672,2147.723388671875,63.695289611816406,"[16, 24)","[97, inf)","[59, 82)",True
f1opt,0.0246792733669281,1211.png,83,Cargo Truck,0.0804984644055366,TP,155,28.56686513231077,167,1167.1582641601562,2067.4000854492188,1186.3800048828125,2109.855438232422,66.57441711425781,"[24, 32)","[97, inf)","[59, 82)",False
f1opt,0.0246792733669281,1211.png,84,Cargo Truck,0.0797233581542968,bkg,-1,15.30323693497617,167,2433.302001953125,2408.5033569335938,2442.712158203125,2433.3901977539062,41.7423095703125,"[8, 16)","[97, inf)","[-inf, 45)",True
f1opt,0.0246792733669281,1211.png,85,Cargo Truck,0.0784694552421569,bkg,-1,14.288182502124428,167,2202.6671752929688,736.930419921875,2220.947326660156,748.098388671875,76.27530670166016,"[8, 16)","[97, inf)","[59, 82)",True
f1opt,0.0246792733669281,1211.png,86,Cargo Truck,0.0749703198671341,bkg,-1,12.595248852554668,167,1767.0986328125,1994.5506591796875,1779.324462890625,2007.5264892578125,98.75823974609375,"[8, 16)","[97, inf)","[82, inf)",True
f1opt,0.0246792733669281,1211.png,87,Cargo Truck,0.0743651092052459,bkg,-1,18.594918426498285,167,1059.0316162109375,2014.9874877929688,1090.17041015625,2026.0916748046875,63.80769348144531,"[16, 24)","[97, inf)","[59, 82)",True
f1opt,0.0246792733669281,1211.png,88,Cargo Truck,0.0710787400603294,bkg,-1,11.304781410496833,167,888.0714721679688,1536.8200073242188,898.508544921875,1549.0646362304688,86.88311767578125,"[8, 16)","[97, inf)","[82, inf)",True
f1opt,0.0246792733669281,1211.png,89,Cargo Truck,0.0706309229135513,TP,72,16.671461828666068,167,398.9217529296875,360.8528442382813,422.3643798828125,372.70892333984375,92.33846282958984,"[16, 24)","[97, inf)","[82, inf)",False
f1opt,0.0246792733669281,1211.png,90,Cargo Truck,0.0678910240530967,bkg,-1,13.29987759370244,167,1751.830078125,2009.5568237304688,1771.045654296875,2018.76220703125,110.02857208251953,"[8, 16)","[97, inf)","[82, inf)",True
f1opt,0.0582255758345127,1211.png,91,Truck w/Box,0.0660395696759224,cls,130,22.051870083624458,167,537.8463134765625,1537.7935276031494,559.296142578125,1560.4643363952637,75.84420013427734,"[16, 24)","[97, inf)","[59, 82)",True
f1opt,0.0193771533668041,1211.png,92,Truck Tractor,0.0633557885885238,cls,72,16.834320795273957,167,398.8068542480469,360.5970764160156,421.9341735839844,372.8507385253906,93.44551086425781,"[16, 24)","[97, inf)","[82, inf)",True
f1opt,0.0246792733669281,1211.png,93,Cargo Truck,0.0618198253214359,bkg,-1,17.373622428018926,167,855.18896484375,2691.8837890625,871.108154296875,2710.8447265625,72.8441162109375,"[16, 24)","[97, inf)","[59, 82)",True
f1opt,0.0246792733669281,1211.png,94,Cargo Truck,0.058988656848669,bkg,-1,15.451042459249964,167,1387.4093017578125,2618.4052734375,1400.3839111328125,2636.805419921875,74.2255630493164,"[8, 16)","[97, inf)","[59, 82)",True
f1opt,0.0582255758345127,1211.png,95,Truck w/Box,0.0589091219007968,bkg,-1,24.39254345057818,167,51.91227722167969,1985.1233673095703,81.188232421875,2005.4470825195312,64.39170837402344,"[24, 32)","[97, inf)","[59, 82)",True
f1opt,0.0246792733669281,1211.png,96,Cargo Truck,0.0585664547979831,bkg,-1,9.990685145145171,167,96.46861267089844,2234.5482788085938,110.07611083984376,2241.8834838867188,82.125,"[8, 16)","[97, inf)","[82, inf)",True
f1opt,0.0246792733669281,1211.png,97,Cargo Truck,0.0583468042314052,bkg,-1,20.571420407552182,167,769.0936651229858,2878.3377685546875,800.0683517456055,2892.0,78.57588958740234,"[16, 24)","[97, inf)","[59, 82)",True
f1opt,0.0246792733669281,1211.png,98,Cargo Truck,0.0575398579239845,bkg,-1,11.065825355868382,167,1987.2553100585935,930.8230895996094,1999.9486694335935,940.4700622558594,75.97901916503906,"[8, 16)","[97, inf)","[59, 82)",True
f1opt,0.0246792733669281,1211.png,99,Cargo Truck,0.0540816001594066,bkg,-1,9.877522361454425,167,1039.522003173828,2022.4838256835935,1055.9476623535156,2028.4236450195312,87.2520980834961,"[8, 16)","[97, inf)","[82, inf)",True
f1opt,0.0246792733669281,1211.png,100,Cargo Truck,0.05322290584445,bkg,-1,14.253168755008188,167,1869.0268020629885,1861.5972900390625,1884.7404069900515,1874.5257568359373,63.27678680419922,"[8, 16)","[97, inf)","[59, 82)",True
f1opt,0.0246792733669281,1211.png,101,Cargo Truck,0.0517154783010482,bkg,-1,10.077299139650266,167,1878.155517578125,684.3876953125,1886.3951416015625,696.7125244140625,90.77777862548828,"[8, 16)","[97, inf)","[82, inf)",True
f1opt,0.0246792733669281,1211.png,102,Cargo Truck,0.0507924258708953,bkg,-1,16.931425607947233,167,226.0709991455078,1787.1649017333984,248.73524475097656,1799.8135986328125,62.94648742675781,"[16, 24)","[97, inf)","[59, 82)",True
f1opt,0.0246792733669281,1211.png,103,Cargo Truck,0.0490498356521129,bkg,-1,15.365750968755968,167,19.70296859741211,11.777225494384766,39.90597534179688,23.463916778564453,76.19047546386719,"[8, 16)","[97, inf)","[59, 82)",True
f1opt,0.0246792733669281,1211.png,104,Cargo Truck,0.0487167537212371,bkg,-1,16.983813104573578,167,2809.580444335937,1340.6363525390625,2826.146728515625,1358.0482177734375,63.73684310913086,"[16, 24)","[97, inf)","[59, 82)",True
f1opt,0.0246792733669281,1211.png,105,Cargo Truck,0.0483017340302467,bkg,-1,8.910066422708304,167,1765.28173828125,675.0132446289062,1771.7158203125,687.3521118164062,86.37362670898438,"[8, 16)","[97, inf)","[82, inf)",True
f1opt,0.0193771533668041,1211.png,106,Truck Tractor,0.0473485775291919,bkg,-1,20.023428384091925,167,770.2817707061768,2878.2919921875,799.5301990509033,2892.0,79.79762268066406,"[16, 24)","[97, inf)","[59, 82)",True
f1opt,0.0246792733669281,1211.png,107,Cargo Truck,0.0470666475594043,bkg,-1,10.742814235784211,167,1316.9207763671875,1884.9796104431152,1330.8944091796875,1893.238597869873,99.30000305175781,"[8, 16)","[97, inf)","[82, inf)",True
f1opt,0.0246792733669281,1211.png,108,Cargo Truck,0.0469840764999389,loc,161,27.45685358189448,167,564.7786865234375,2182.607177734375,610.3267822265625,2199.158447265625,63.177303314208984,"[24, 32)","[97, inf)","[59, 82)",True
f1opt,0.0246792733669281,1211.png,109,Cargo Truck,0.0467189699411392,bkg,-1,23.25326883758357,167,2424.755920410156,2369.6220703125,2440.2767944335938,2404.4599609375,60.014705657958984,"[16, 24)","[97, inf)","[59, 82)",True
f1opt,0.0246792733669281,1211.png,110,Cargo Truck,0.0456478483974933,bkg,-1,15.384919643176005,167,262.8861694335937,2515.495361328125,276.84503173828125,2532.4520263671875,64.2259292602539,"[8, 16)","[97, inf)","[59, 82)",True
f1opt,0.0246792733669281,1211.png,111,Cargo Truck,0.0456436276435852,loc,160,24.994065785753413,167,1829.7191162109373,1868.0,1885.178466796875,1879.264165878296,67.8114013671875,"[24, 32)","[97, inf)","[59, 82)",True
f1opt,0.0246792733669281,1211.png,112,Cargo Truck,0.0451294332742691,bkg,-1,15.224589785207852,167,2242.6334228515625,2776.3019409179688,2262.6248779296875,2787.8963012695312,88.06745910644531,"[8, 16)","[97, inf)","[82, inf)",True
f1opt,0.0246792733669281,1211.png,113,Cargo Truck,0.0447380766272544,bkg,-1,11.717248152817678,167,721.2476196289062,2176.238647460937,737.0997924804688,2184.8995361328125,89.16339874267578,"[8, 16)","[97, inf)","[82, inf)",True
f1opt,0.0246792733669281,1211.png,114,Cargo Truck,0.0445099659264087,bkg,-1,17.720912907301628,167,1750.7320556640625,2013.98095703125,1775.8028564453125,2026.5067138671875,114.71428680419922,"[16, 24)","[97, inf)","[82, inf)",True
f1opt,0.0246792733669281,1211.png,115,Cargo Truck,0.0438224636018276,bkg,-1,11.842897959485704,167,2381.1627807617188,1193.7615051269531,2394.4457397460938,1204.3204650878906,91.94047546386719,"[8, 16)","[97, inf)","[82, inf)",True
f1opt,0.0246792733669281,1211.png,116,Cargo Truck,0.0437662340700626,bkg,-1,17.807276464936436,167,1842.9300537109373,175.09109497070312,1858.052734375,196.05953979492188,51.80213928222656,"[16, 24)","[97, inf)","[45, 59)",True
f1opt,0.0246792733669281,1211.png,117,Cargo Truck,0.0431834459304809,bkg,-1,11.07878067887209,167,2264.103912353516,39.46565246582031,2277.9275817871094,48.34458160400391,80.68571472167969,"[8, 16)","[97, inf)","[59, 82)",True
f1opt,0.0246792733669281,1211.png,118,Cargo Truck,0.042961336672306,bkg,-1,12.464928434818445,167,1875.8197479248047,623.124755859375,1885.7298011779783,638.80322265625,82.45454406738281,"[8, 16)","[97, inf)","[82, inf)",True
f1opt,0.0246792733669281,1211.png,119,Cargo Truck,0.0429450646042823,TP,121,11.703925865487419,167,2634.6005859375,1104.15771484375,2648.505859375,1114.0087890625,77.58181762695312,"[8, 16)","[97, inf)","[59, 82)",False
f1opt,0.0246792733669281,1211.png,120,Cargo Truck,0.0423786863684654,bkg,-1,11.983674741377174,167,1804.204833984375,1998.8287963867188,1812.8282470703125,2015.4821166992188,104.10493469238281,"[8, 16)","[97, inf)","[82, inf)",True
f1opt,0.0246792733669281,1211.png,121,Cargo Truck,0.0420578643679618,bkg,-1,10.929970450621084,167,1888.6420288085935,685.6090087890625,1897.26025390625,699.4708251953125,48.599998474121094,"[8, 16)","[97, inf)","[45, 59)",True
f1opt,0.0246792733669281,1211.png,122,Cargo Truck,0.040707029402256,bkg,-1,15.084681343554204,167,437.7399291992188,2440.643920898437,453.5607299804688,2455.026733398437,80.6875,"[8, 16)","[97, inf)","[59, 82)",True
f1opt,0.0246792733669281,1211.png,123,Cargo Truck,0.0386504903435707,bkg,-1,22.008309192806752,167,2283.3809814453125,1554.0822868347168,2310.750366210937,1571.779640197754,68.01388549804688,"[16, 24)","[97, inf)","[59, 82)",True
f1opt,0.0246792733669281,1211.png,124,Cargo Truck,0.038269780576229,bkg,-1,11.655953918715557,167,2363.5015869140625,2570.002868652344,2380.03076171875,2578.2223510742188,123.01234436035156,"[8, 16)","[97, inf)","[82, inf)",True
f1opt,0.0246792733669281,1211.png,125,Cargo Truck,0.0361330844461917,TP,151,31.428466365654277,167,1175.4523315429688,1886.511962890625,1193.5645141601562,1941.0469970703125,54.38909912109375,"[24, 32)","[97, inf)","[45, 59)",False
f1opt,0.0193771533668041,1211.png,126,Truck Tractor,0.0335066691040992,bkg,-1,9.9754884002742,167,1523.280029296875,2433.2928466796875,1530.683837890625,2446.7332763671875,74.94642639160156,"[8, 16)","[97, inf)","[59, 82)",True
f1opt,0.0246792733669281,1211.png,127,Cargo Truck,0.0334412567317485,bkg,-1,11.431930517460417,167,1014.2752685546876,1022.6998291015624,1023.9683837890624,1036.1824951171875,81.84666442871094,"[8, 16)","[97, inf)","[82, inf)",True
f1opt,0.0246792733669281,1211.png,128,Cargo Truck,0.0330449044704437,bkg,-1,11.615988158967623,167,128.10186767578125,2265.313537597656,142.0411376953125,2274.993469238281,77.27999877929688,"[8, 16)","[97, inf)","[59, 82)",True
f1opt,0.0246792733669281,1211.png,129,Cargo Truck,0.0323118418455123,TP,23,18.083655959502032,167,1617.1868896484375,2289.870361328125,1637.8870849609375,2305.668212890625,104.68907928466797,"[16, 24)","[97, inf)","[82, inf)",False
f1opt,0.0246792733669281,1211.png,130,Cargo Truck,0.0306160934269428,TP,43,29.31703715550926,167,904.8082275390624,2300.313751220703,940.4471435546876,2324.4303283691406,65.96756744384766,"[24, 32)","[97, inf)","[59, 82)",False
f1opt,0.0246792733669281,1211.png,131,Cargo Truck,0.0305559616535902,bkg,-1,13.903809065848058,167,2281.793212890625,507.8562622070313,2294.4432373046875,523.1381225585938,64.01680755615234,"[8, 16)","[97, inf)","[59, 82)",True
f1opt,0.0246792733669281,1211.png,132,Cargo Truck,0.0305525176227092,bkg,-1,13.43689989812574,167,1782.581787109375,1994.4787902832031,1791.636962890625,2014.4176940917969,75.5857162475586,"[8, 16)","[97, inf)","[59, 82)",True
f1opt,0.0246792733669281,1211.png,133,Cargo Truck,0.0304984990507364,bkg,-1,8.996854918027994,167,1935.827209472656,2209.6861572265625,1944.2205200195312,2219.3299560546875,90.93636322021484,"[8, 16)","[97, inf)","[82, inf)",True
f1opt,0.0246792733669281,1211.png,134,Cargo Truck,0.0297758337110281,bkg,-1,11.981349732327159,167,1387.1824951171875,1925.9458618164065,1404.7728271484375,1934.1067504882808,87.91666412353516,"[8, 16)","[97, inf)","[82, inf)",True
f1opt,0.0246792733669281,1211.png,135,Cargo Truck,0.0295750685036182,bkg,-1,10.271312216574303,167,93.2990493774414,2229.5596923828125,108.13782501220705,2236.66943359375,90.203125,"[8, 16)","[97, inf)","[82, inf)",True
f1opt,0.0246792733669281,1211.png,136,Cargo Truck,0.0289986561983823,bkg,-1,13.639606319812295,167,219.3353271484375,2696.8638916015625,235.76373291015625,2708.1881103515625,86.35294342041016,"[8, 16)","[97, inf)","[82, inf)",True
f1opt,0.0246792733669281,1211.png,137,Cargo Truck,0.0283688716590404,bkg,-1,13.6289603575851,167,1377.3262939453125,2816.7594604492188,1392.2969970703125,2829.166931152344,100.25,"[8, 16)","[97, inf)","[82, inf)",True
f1opt,0.0246792733669281,1211.png,138,Cargo Truck,0.028145058080554,TP,85,17.91426451915403,167,1770.4498596191406,11.71966552734375,1785.2630310058594,33.38422775268555,63.77445602416992,"[16, 24)","[97, inf)","[59, 82)",False
f1opt,0.0246792733669281,1211.png,139,Cargo Truck,0.0274848714470863,bkg,-1,13.088336490106244,167,2748.333374023437,228.8189239501953,2764.802124023437,239.22071838378903,90.04901885986328,"[8, 16)","[97, inf)","[82, inf)",True
f1opt,0.0246792733669281,1211.png,140,Cargo Truck,0.0274141356348991,bkg,-1,11.635441791020073,167,2386.5602416992188,2543.303466796875,2395.7387084960938,2558.0535888671875,79.1312484741211,"[8, 16)","[97, inf)","[59, 82)",True
f1opt,0.0246792733669281,1211.png,141,Cargo Truck,0.0273496229201555,bkg,-1,18.381973696893024,167,213.1876220703125,447.1202392578125,235.53756713867188,462.23870849609375,98.54891204833984,"[16, 24)","[97, inf)","[82, inf)",True
f1opt,0.0246792733669281,1211.png,142,Cargo Truck,0.0259315595030784,loc,53,21.18155958231384,167,665.2877197265625,2876.81787109375,696.9722900390625,2890.97802734375,46.22291564941406,"[16, 24)","[97, inf)","[45, 59)",True
f1opt,0.0246792733669281,1211.png,143,Cargo Truck,0.0259138196706771,bkg,-1,12.693110981131012,167,1773.5877685546875,1994.464111328125,1784.9698486328125,2008.6192626953125,74.35555267333984,"[8, 16)","[97, inf)","[59, 82)",True
f1opt,0.0246792733669281,1211.png,144,Cargo Truck,0.0254509057849645,bkg,-1,18.098011541965043,167,1364.5681762695312,420.8786315917969,1387.5960083007812,435.1022033691406,57.3046875,"[16, 24)","[97, inf)","[45, 59)",True
f1opt,0.0246792733669281,1211.png,145,Cargo Truck,0.0253930166363716,bkg,-1,20.772760923227274,167,910.673583984375,2847.877197265625,926.593017578125,2874.98291015625,156.10084533691406,"[16, 24)","[97, inf)","[82, inf)",True
f1opt,0.0246792733669281,1211.png,146,Cargo Truck,0.0248278249055147,bkg,-1,14.431144421878136,167,413.02545166015625,1010.7349243164062,431.3527221679688,1022.0982055664062,90.67206573486328,"[8, 16)","[97, inf)","[82, inf)",True
f1opt,0.4147564768791199,1362.png,0,Truck w/Liquid,0.8487590551376343,TP,15,26.431874064386644,16,1410.390869140625,2469.318359375,1426.992919921875,2511.400146484375,112.11080932617188,"[24, 32)","[-inf, 31)","[82, inf)",False
f1opt,0.0246792733669281,1362.png,1,Cargo Truck,0.7959048748016357,bkg,-1,14.688745878013258,16,2131.4998779296875,2530.173217773437,2144.8663330078125,2546.3150634765625,87.0882339477539,"[8, 16)","[-inf, 31)","[82, inf)",True
f1opt,0.0582255758345127,1362.png,2,Truck w/Box,0.78486168384552,cls,5,41.521040335332366,16,1403.854736328125,2383.78369140625,1458.231201171875,2415.488525390625,88.68830871582031,"[32, 48)","[-inf, 31)","[82, inf)",True
f1opt,0.0246792733669281,1362.png,3,Cargo Truck,0.6716146469116211,TP,12,16.59710792809415,16,2928.309555053711,643.0882568359375,2941.90771484375,663.345703125,70.350341796875,"[16, 24)","[-inf, 31)","[59, 82)",False
f1opt,0.0582255758345127,1362.png,4,Truck w/Box,0.638339638710022,bkg,-1,40.739332452734885,16,1782.4985961914062,603.753662109375,1832.9236450195312,636.667724609375,105.78085327148438,"[32, 48)","[-inf, 31)","[82, inf)",True
f1opt,0.0246792733669281,1362.png,5,Cargo Truck,0.3631345927715301,both,11,15.753362229590559,16,1342.218505859375,2615.199523925781,1356.25048828125,2632.8854370117188,88.02963256835938,"[8, 16)","[-inf, 31)","[82, inf)",True
f1opt,0.0246792733669281,1362.png,6,Cargo Truck,0.3568797409534454,bkg,-1,28.29406143992548,16,2763.1883850097656,1366.5045166015625,2785.8952026367188,1401.7606201171875,116.1002426147461,"[24, 32)","[-inf, 31)","[82, inf)",True
f1opt,0.0246792733669281,1362.png,7,Cargo Truck,0.3148753643035888,bkg,-1,18.019827474147682,16,1615.8696899414062,1246.71923828125,1646.8886108398438,1257.1875,117.15885162353516,"[16, 24)","[-inf, 31)","[82, inf)",True
f1opt,0.0246792733669281,1362.png,8,Cargo Truck,0.2696950137615204,bkg,-1,18.334794385130706,16,2892.514602661133,522.4229125976562,2906.843002319336,545.8843383789062,55.61111068725586,"[16, 24)","[-inf, 31)","[45, 59)",True
f1opt,0.0582255758345127,1362.png,9,Truck w/Box,0.2664985656738281,both,11,26.085192523199762,16,1328.36376953125,2583.839111328125,1349.14404296875,2616.58349609375,75.57085418701172,"[24, 32)","[-inf, 31)","[59, 82)",True
f1opt,0.0246792733669281,1362.png,10,Cargo Truck,0.1704029440879821,bkg,-1,13.493709303885964,16,2804.5552978515625,1480.2081298828125,2815.730682373047,1496.5010986328125,98.5686264038086,"[8, 16)","[-inf, 31)","[82, inf)",True
f1opt,0.0582255758345127,1362.png,11,Truck w/Box,0.167211040854454,bkg,-1,28.029070144742462,16,1781.6607208251953,2779.6646728515625,1811.4495239257808,2806.0379638671875,79.536865234375,"[24, 32)","[-inf, 31)","[59, 82)",True
f1opt,0.0582255758345127,1362.png,12,Truck w/Box,0.1568076610565185,cls,15,25.27509802974755,16,1411.2626953125,2470.096069335937,1426.4195556640625,2512.2440185546875,115.55668640136719,"[24, 32)","[-inf, 31)","[82, inf)",True
f1opt,0.0246792733669281,1362.png,13,Cargo Truck,0.1421840786933899,TP,7,16.36853999101116,16,2781.5558471679688,1003.6246337890624,2794.7055053710938,1024.0,62.45578384399414,"[16, 24)","[-inf, 31)","[59, 82)",False
f1opt,0.0246792733669281,1362.png,14,Cargo Truck,0.0856737494468689,bkg,-1,13.039168908820393,16,571.43212890625,2545.88623046875,583.478515625,2560.0,30.21538543701172,"[8, 16)","[-inf, 31)","[-inf, 45)",True
f1opt,0.0246792733669281,1362.png,15,Cargo Truck,0.0792608335614204,bkg,-1,27.41482942497151,16,861.6963043212891,2280.807556152344,905.5237884521484,2297.955993652344,58.02345657348633,"[24, 32)","[-inf, 31)","[45, 59)",True
f1opt,0.0582255758345127,1362.png,16,Truck w/Box,0.0732235610485076,bkg,-1,28.851484443213955,16,2762.871307373047,1365.377685546875,2785.5882720947266,1402.020263671875,113.00218963623047,"[24, 32)","[-inf, 31)","[82, inf)",True
f1opt,0.0246792733669281,1362.png,17,Cargo Truck,0.0667730942368507,bkg,-1,23.84871593670327,16,2336.158378601074,2229.34765625,2361.387107849121,2251.891845703125,66.26087188720703,"[16, 24)","[-inf, 31)","[59, 82)",True
f1opt,0.0246792733669281,1362.png,18,Cargo Truck,0.0403756722807884,cls,15,27.14605202108599,16,1409.1911010742188,2470.656982421875,1427.3252563476562,2511.29345703125,110.68170166015625,"[24, 32)","[-inf, 31)","[82, inf)",True
f1opt,0.0246792733669281,1362.png,19,Cargo Truck,0.0355697087943553,bkg,-1,14.663218624849723,16,541.7860107421875,1139.26123046875,558.6173095703125,1152.03564453125,68.94444274902344,"[8, 16)","[-inf, 31)","[59, 82)",True
f1opt,0.0246792733669281,1362.png,20,Cargo Truck,0.0353319533169269,bkg,-1,13.68961711082689,16,2335.1248779296875,2177.373413085937,2348.524780273437,2191.3590087890625,73.10952758789062,"[8, 16)","[-inf, 31)","[59, 82)",True
f1opt,0.0246792733669281,1362.png,21,Cargo Truck,0.0352417007088661,bkg,-1,17.10394202939431,16,2810.3627319335938,1406.2969970703125,2822.300720214844,1430.8023681640625,108.04615020751953,"[16, 24)","[-inf, 31)","[82, inf)",True
f1opt,0.0246792733669281,1362.png,22,Cargo Truck,0.0325076431035995,cls,10,27.966657301328198,16,1746.16357421875,2681.4927368164062,1784.2176513671875,2702.045959472656,54.46853256225586,"[24, 32)","[-inf, 31)","[45, 59)",True
f1opt,0.0193771533668041,1362.png,23,Truck Tractor,0.0263120103627443,bkg,-1,26.514072291826334,16,863.353759765625,2280.7510681152344,904.343994140625,2297.901397705078,57.4193115234375,"[24, 32)","[-inf, 31)","[45, 59)",True
f1opt,0.2916500866413116,1399.png,0,Truck w/Flatbed,0.881349503993988,cls,14,40.15439035139534,28,2435.1140747070312,887.1678466796875,2486.8637084960938,918.3250732421876,25.77644157409668,"[32, 48)","[-inf, 31)","[-inf, 45)",True
f1opt,0.0582255758345127,1399.png,1,Truck w/Box,0.7057557106018066,TP,20,44.836531525655,28,2859.9385986328125,1385.41748046875,2919.248413085937,1419.3126220703125,26.92927360534668,"[32, 48)","[-inf, 31)","[-inf, 45)",False
f1opt,0.0582255758345127,1399.png,2,Truck w/Box,0.6998957991600037,TP,17,43.72415745841121,28,2805.280639648437,1361.756103515625,2863.6414794921875,1394.514404296875,27.041873931884766,"[32, 48)","[-inf, 31)","[-inf, 45)",False
f1opt,0.0246792733669281,1399.png,3,Cargo Truck,0.6380273699760437,cls,24,54.100183300382966,28,2694.270812988281,2488.6739501953125,2743.6615600585938,2547.9326171875,33.345001220703125,"[48, 96)","[-inf, 31)","[-inf, 45)",True
f1opt,0.0582255758345127,1399.png,4,Truck w/Box,0.572880744934082,loc,25,27.9303119248167,28,3232.2947998046875,1250.2689208984375,3271.2716064453125,1270.283447265625,33.259525299072266,"[24, 32)","[-inf, 31)","[-inf, 45)",True
f1opt,0.0582255758345127,1399.png,5,Truck w/Box,0.5709033012390137,cls,22,29.02247057590179,28,2537.6297607421875,2069.561866760254,2559.5694580078125,2107.9536361694336,41.31103515625,"[24, 32)","[-inf, 31)","[-inf, 45)",True
f1opt,0.2916500866413116,1399.png,6,Truck w/Flatbed,0.4962998032569885,bkg,-1,53.86270807326304,28,38.256309509277344,1635.5608673095703,85.91754150390625,1696.4319610595703,23.30275535583496,"[48, 96)","[-inf, 31)","[-inf, 45)",True
f1opt,0.0246792733669281,1399.png,7,Cargo Truck,0.4569838345050812,TP,19,41.257872499271876,28,2912.116577148437,1410.0306396484375,2968.0279541015625,1440.4754638671875,28.157329559326172,"[32, 48)","[-inf, 31)","[-inf, 45)",False
f1opt,0.2916500866413116,1399.png,8,Truck w/Flatbed,0.4387135803699493,bkg,-1,41.11158389101142,28,1733.9146728515625,840.2766418457031,1783.1639404296875,874.5951690673828,27.52492904663086,"[32, 48)","[-inf, 31)","[-inf, 45)",True
f1opt,0.2916500866413116,1399.png,9,Truck w/Flatbed,0.314820647239685,bkg,-1,30.325203948521718,28,2270.081573486328,1676.9640502929688,2289.955921173096,1723.2356567382812,29.31770896911621,"[24, 32)","[-inf, 31)","[-inf, 45)",True
f1opt,0.0582255758345127,1399.png,10,Truck w/Box,0.1815492063760757,TP,26,50.58046766040493,28,3251.743530273437,2786.009765625,3294.0,2846.553955078125,20.926420211791992,"[48, 96)","[-inf, 31)","[-inf, 45)",False
f1opt,0.0582255758345127,1399.png,11,Truck w/Box,0.1282533109188079,bkg,-1,30.806516923494627,28,2270.0,1674.701416015625,2289.3584518432617,1723.72607421875,29.0939998626709,"[24, 32)","[-inf, 31)","[-inf, 45)",True
f1opt,0.0582255758345127,1399.png,12,Truck w/Box,0.0657340064644813,bkg,-1,40.173970709744324,28,1733.6465606689453,840.291015625,1780.8677520751953,874.469482421875,27.495237350463867,"[32, 48)","[-inf, 31)","[-inf, 45)",True
f1opt,0.0246792733669281,1399.png,13,Cargo Truck,0.0346625633537769,bkg,-1,37.7643270152114,28,1734.4400329589844,842.3314208984375,1779.0085754394531,874.330322265625,27.625164031982422,"[32, 48)","[-inf, 31)","[-inf, 45)",True
f1opt,0.0193771533668041,1399.png,14,Truck Tractor,0.0303069688379764,bkg,-1,20.339238420899914,28,2251.117431640625,806.2859573364258,2266.51123046875,833.1594161987305,24.90625,"[16, 24)","[-inf, 31)","[-inf, 45)",True
f1opt,0.0246792733669281,1399.png,15,Cargo Truck,0.0254970956593751,bkg,-1,33.521596931384714,28,3057.6990356445312,2535.002258300781,3103.098937988281,2559.7533569335938,20.3923397064209,"[32, 48)","[-inf, 31)","[-inf, 45)",True
f1opt,0.2916500866413116,1447.png,0,Truck w/Flatbed,0.8359177112579346,bkg,-1,24.44092945193489,43,426.030029296875,1133.5067138671875,441.2203369140625,1172.8317260742188,32.696876525878906,"[24, 32)","[31, 76)","[-inf, 45)",True
f1opt,0.2916500866413116,1447.png,1,Truck w/Flatbed,0.8329963684082031,TP,16,30.654704643616874,43,514.7435913085938,1341.4580078125,534.9465942382812,1387.971435546875,32.379940032958984,"[24, 32)","[31, 76)","[-inf, 45)",False
f1opt,0.2916500866413116,1447.png,2,Truck w/Flatbed,0.659095823764801,TP,6,28.22987758027524,43,647.09375,911.5580596923828,666.3017578125,953.0473175048828,32.816280364990234,"[24, 32)","[31, 76)","[-inf, 45)",False
f1opt,0.2916500866413116,1447.png,3,Truck w/Flatbed,0.6008840799331665,bkg,-1,22.017306582519883,43,660.6392211914062,853.1886672973633,676.7667846679688,883.2466354370117,30.834915161132812,"[16, 24)","[31, 76)","[-inf, 45)",True
f1opt,0.2916500866413116,1447.png,4,Truck w/Flatbed,0.5899069905281067,TP,13,32.80505913471465,43,556.511962890625,1309.45751953125,578.43505859375,1358.5460205078125,32.04782485961914,"[32, 48)","[31, 76)","[-inf, 45)",False
f1opt,0.0246792733669281,1447.png,5,Cargo Truck,0.502757728099823,bkg,-1,22.60051838199998,43,248.28549194335935,140.37001037597656,264.3229064941406,172.21949768066406,54.04991149902344,"[16, 24)","[31, 76)","[45, 59)",True
f1opt,0.2916500866413116,1447.png,6,Truck w/Flatbed,0.4789005517959595,bkg,-1,28.038195241763145,43,624.8378295898438,1108.5357971191406,641.7200317382812,1155.102020263672,35.91319274902344,"[24, 32)","[31, 76)","[-inf, 45)",True
f1opt,0.0582255758345127,1447.png,7,Truck w/Box,0.4688034653663635,bkg,-1,27.320340336258287,43,624.2403564453125,1108.8900756835938,640.5380859375,1154.6879272460938,35.909889221191406,"[24, 32)","[31, 76)","[-inf, 45)",True
f1opt,0.0582255758345127,1447.png,8,Truck w/Box,0.4510027468204498,cls,12,29.908880254623114,43,564.279052734375,1310.962890625,583.2705078125,1358.065185546875,31.462244033813477,"[24, 32)","[31, 76)","[-inf, 45)",True
f1opt,0.2916500866413116,1447.png,9,Truck w/Flatbed,0.4142042696475982,TP,15,29.31996407468268,43,706.4277954101562,1357.95703125,724.3075561523438,1406.037109375,29.636842727661133,"[24, 32)","[31, 76)","[-inf, 45)",False
f1opt,0.0582255758345127,1447.png,10,Truck w/Box,0.3954486548900604,both,7,25.877874841253696,43,637.7454833984375,1106.4844360351562,651.8441162109375,1153.9829711914062,33.46111297607422,"[24, 32)","[31, 76)","[-inf, 45)",True
f1opt,0.2916500866413116,1447.png,11,Truck w/Flatbed,0.3273271918296814,loc,7,27.442982371127577,43,636.5594482421875,1106.4852905273438,652.1871337890625,1154.676513671875,32.16566467285156,"[24, 32)","[31, 76)","[-inf, 45)",True
f1opt,0.2916500866413116,1447.png,12,Truck w/Flatbed,0.2916500866413116,TP,5,23.3519666173508,43,663.3890380859375,914.260498046875,679.1805419921875,948.7926330566406,30.47226905822754,"[16, 24)","[31, 76)","[-inf, 45)",False
f1opt,0.0582255758345127,1447.png,13,Truck w/Box,0.2514730095863342,cls,15,27.48055740266231,43,707.5250244140625,1359.0555419921875,723.6153564453125,1405.9893798828125,29.897371292114258,"[24, 32)","[31, 76)","[-inf, 45)",True
f1opt,0.0246792733669281,1447.png,14,Cargo Truck,0.1713360846042633,bkg,-1,12.799666806711981,43,261.04833984375,1843.9627685546875,271.5069580078125,1859.6275024414065,75.33155059814453,"[8, 16)","[31, 76)","[59, 82)",True
f1opt,0.0246792733669281,1447.png,15,Cargo Truck,0.1689182668924331,bkg,-1,13.449034552260786,43,895.3878631591797,841.1651306152344,905.0819854736328,859.8235015869141,87.69856262207031,"[8, 16)","[31, 76)","[82, inf)",True
f1opt,0.0582255758345127,1447.png,16,Truck w/Box,0.1361107975244522,cls,10,26.812668225176363,43,579.503173828125,1310.144287109375,594.47509765625,1358.162109375,31.53316307067871,"[24, 32)","[31, 76)","[-inf, 45)",True
f1opt,0.0246792733669281,1447.png,17,Cargo Truck,0.1198215633630752,bkg,-1,13.75088850213544,43,899.52880859375,840.6372756958008,909.6881103515624,859.2494735717773,86.54090881347656,"[8, 16)","[31, 76)","[82, inf)",True
f1opt,0.0582255758345127,1447.png,18,Truck w/Box,0.0880037173628807,bkg,-1,26.673271843212177,43,727.7523193359375,1273.2275390625,743.6551513671875,1317.9656982421875,29.732027053833008,"[24, 32)","[31, 76)","[-inf, 45)",True
f1opt,0.0582255758345127,1447.png,19,Truck w/Box,0.0793589130043983,bkg,-1,17.7393747533235,43,620.7219848632812,1433.830078125,631.3526000976562,1463.431884765625,35.18817138671875,"[16, 24)","[31, 76)","[-inf, 45)",True
f1opt,0.0246792733669281,1447.png,20,Cargo Truck,0.0708215981721878,bkg,-1,14.376771445850194,43,244.074951171875,158.52273559570312,257.11785888671875,174.36978149414062,63.17647171020508,"[8, 16)","[31, 76)","[59, 82)",True
f1opt,0.0246792733669281,1447.png,21,Cargo Truck,0.0650867968797683,bkg,-1,9.803119005596853,43,917.7510223388672,843.1058044433594,923.6625518798828,859.3623657226562,78.84873962402344,"[8, 16)","[31, 76)","[59, 82)",True
f1opt,0.0246792733669281,1447.png,22,Cargo Truck,0.0610509663820266,bkg,-1,13.917308011191176,43,882.0650634765625,836.590576171875,892.4527587890625,855.23681640625,67.1500015258789,"[8, 16)","[31, 76)","[59, 82)",True
f1opt,0.0246792733669281,1447.png,23,Cargo Truck,0.0439824685454368,bkg,-1,11.58267699366548,43,920.9049377441406,843.682975769043,929.2834777832032,859.6951217651367,79.89411926269531,"[8, 16)","[31, 76)","[59, 82)",True
f1opt,0.0246792733669281,1447.png,24,Cargo Truck,0.0430349148809909,bkg,-1,15.153909423969587,43,895.1469879150391,813.2013092041016,905.2530670166016,835.9243621826172,82.312255859375,"[8, 16)","[31, 76)","[82, inf)",True
f1opt,0.0246792733669281,1447.png,25,Cargo Truck,0.0423746779561042,bkg,-1,11.696407604166236,43,912.6598510742188,842.9288024902344,921.3178100585938,858.72998046875,83.08235168457031,"[8, 16)","[31, 76)","[82, inf)",True
f1opt,0.0193771533668041,1447.png,26,Truck Tractor,0.0308616012334823,bkg,-1,14.43665647403483,43,895.2380523681641,814.6565704345703,904.9142608642578,836.1956939697266,81.5,"[8, 16)","[31, 76)","[59, 82)",True
f1opt,0.0246792733669281,1447.png,27,Cargo Truck,0.0267669092863798,bkg,-1,10.292225275568313,43,119.31231689453124,2800.9542236328125,127.62054443359376,2813.7042236328125,61.02381134033203,"[8, 16)","[31, 76)","[59, 82)",True
f1opt,0.0193771533668041,1447.png,28,Truck Tractor,0.0235292743891477,bkg,-1,16.339958068295058,43,886.5660095214844,811.2757949829102,897.5001831054688,835.6941223144531,70.15666961669922,"[16, 24)","[31, 76)","[59, 82)",True
f1opt,0.0246792733669281,1456.png,0,Cargo Truck,0.5069051384925842,cls,7,16.978081176634028,8,700.8555908203125,2755.032592773437,714.0450439453125,2776.8875732421875,75.24242401123047,"[16, 24)","[-inf, 31)","[59, 82)",True
f1opt,0.0246792733669281,1456.png,1,Cargo Truck,0.1282757073640823,cls,6,16.820347444840845,8,704.6288452148438,2737.0701293945312,718.1004028320312,2758.0717163085938,74.71212005615234,"[16, 24)","[-inf, 31)","[59, 82)",True
f1opt,0.0193771533668041,1456.png,2,Truck Tractor,0.0590739734470844,both,6,30.41442524389644,8,706.288818359375,2714.654541015625,725.890380859375,2761.8465576171875,76.78646087646484,"[24, 32)","[-inf, 31)","[59, 82)",True
f1opt,0.0193771533668041,1456.png,3,Truck Tractor,0.0264451038092374,both,2,23.338346817342835,8,720.6895141601562,2662.8698120117188,737.7011108398438,2694.8878784179688,77.89562225341797,"[16, 24)","[-inf, 31)","[59, 82)",True
f1opt,0.0193771533668041,1456.png,4,Truck Tractor,0.0208972953259944,both,1,27.328736505051875,8,727.42724609375,2623.6989135742188,743.99267578125,2668.7843627929688,80.02173614501953,"[24, 32)","[-inf, 31)","[59, 82)",True
f1opt,0.0246792733669281,1457.png,0,Cargo Truck,0.8098254799842834,TP,11,16.91014060061359,13,2558.7939453125,1644.1893463134766,2572.775146484375,1664.6420135498047,127.0952377319336,"[16, 24)","[-inf, 31)","[82, inf)",False
f1opt,0.0246792733669281,1457.png,1,Cargo Truck,0.788860023021698,TP,2,21.730763906167496,13,2634.2271728515625,1647.8976440429688,2651.004272460937,1676.0447082519531,105.87407684326172,"[16, 24)","[-inf, 31)","[82, inf)",False
f1opt,0.0246792733669281,1457.png,2,Cargo Truck,0.7325271368026733,bkg,-1,26.164193062785426,13,1271.0703735351562,2153.440795898437,1312.1026000976562,2170.124389648437,100.75529479980469,"[24, 32)","[-inf, 31)","[82, inf)",True
f1opt,0.0246792733669281,1457.png,3,Cargo Truck,0.7199986577033997,TP,3,23.238169140336012,13,2604.5708618164062,1668.915008544922,2623.8035278320312,1696.9928894042969,106.81034851074219,"[16, 24)","[-inf, 31)","[82, inf)",False
f1opt,0.0246792733669281,1457.png,4,Cargo Truck,0.7074181437492371,TP,4,23.28782642866304,13,2612.5509033203125,1641.4601287841797,2631.391967773437,1670.2442169189453,105.79499816894531,"[16, 24)","[-inf, 31)","[82, inf)",False
f1opt,0.0246792733669281,1457.png,5,Cargo Truck,0.6648257970809937,bkg,-1,13.163873469436291,13,1210.2420654296875,10.665775299072266,1227.4468383789062,20.737838745117188,79.53030395507812,"[8, 16)","[-inf, 31)","[59, 82)",True
f1opt,0.0246792733669281,1457.png,6,Cargo Truck,0.6504135131835938,bkg,-1,26.961606181830213,13,2512.1183471679688,1926.5030212402344,2532.5652465820312,1962.0550231933596,116.4620361328125,"[24, 32)","[-inf, 31)","[82, inf)",True
f1opt,0.0246792733669281,1457.png,7,Cargo Truck,0.5514549016952515,bkg,-1,14.166555661813796,13,1753.52783203125,937.0918884277344,1764.31005859375,955.705047607422,109.25877380371094,"[8, 16)","[-inf, 31)","[82, inf)",True
f1opt,0.0246792733669281,1457.png,8,Cargo Truck,0.4859646558761596,TP,9,18.895320710865555,13,2613.559326171875,1578.188491821289,2629.31005859375,1600.8562088012695,118.94373321533203,"[16, 24)","[-inf, 31)","[82, inf)",False
f1opt,0.0246792733669281,1457.png,9,Cargo Truck,0.2909381687641144,TP,0,16.420511858811004,13,2489.089111328125,2065.568115234375,2511.848876953125,2077.4150390625,119.58193969726562,"[16, 24)","[-inf, 31)","[82, inf)",False
f1opt,0.0246792733669281,1457.png,10,Cargo Truck,0.25980344414711,bkg,-1,17.670518262304203,13,2181.36865234375,745.011474609375,2197.1690673828125,764.7734375,70.59117889404297,"[16, 24)","[-inf, 31)","[59, 82)",True
f1opt,0.0246792733669281,1457.png,11,Cargo Truck,0.2531951069831848,bkg,-1,13.529568199850294,13,1727.9481201171875,1831.118408203125,1737.6966552734375,1849.8955078125,136.440185546875,"[8, 16)","[-inf, 31)","[82, inf)",True
f1opt,0.0246792733669281,1457.png,12,Cargo Truck,0.2508086562156677,bkg,-1,16.38335493114803,13,1350.1978759765625,2165.8960571289062,1373.2945556640625,2177.5173950195312,77.45191955566406,"[16, 24)","[-inf, 31)","[59, 82)",True
f1opt,0.0582255758345127,1457.png,13,Truck w/Box,0.247992604970932,bkg,-1,21.198825320108526,13,1930.4905700683596,1601.2322998046875,1945.468780517578,1631.2352294921875,54.82258224487305,"[16, 24)","[-inf, 31)","[45, 59)",True
f1opt,0.0246792733669281,1457.png,14,Cargo Truck,0.1885779052972793,bkg,-1,12.808251180020289,13,2412.0926513671875,516.5510864257812,2421.7335205078125,533.5673217773438,71.98332977294922,"[8, 16)","[-inf, 31)","[59, 82)",True
f1opt,0.0246792733669281,1457.png,15,Cargo Truck,0.1605910211801529,loc,0,15.877837880639884,13,2489.0451049804688,2074.033142089844,2510.087951660156,2086.013732910156,123.6258773803711,"[8, 16)","[-inf, 31)","[82, inf)",True
f1opt,0.0246792733669281,1457.png,16,Cargo Truck,0.1404360234737396,loc,10,16.14297514771663,13,2493.619873046875,2055.9678955078125,2514.645751953125,2068.3619384765625,101.41883087158203,"[16, 24)","[-inf, 31)","[82, inf)",True
f1opt,0.0582255758345127,1457.png,17,Truck w/Box,0.1371152848005294,TP,5,25.881876055193363,13,2631.63916015625,1584.942626953125,2650.6629638671875,1620.1549072265625,112.57432556152344,"[24, 32)","[-inf, 31)","[82, inf)",False
f1opt,0.0246792733669281,1457.png,18,Cargo Truck,0.1357146650552749,cls,8,21.382984602503516,13,1434.0648193359375,254.83523559570312,1462.2786865234375,271.0411682128906,115.46551513671875,"[16, 24)","[-inf, 31)","[82, inf)",True
f1opt,0.0246792733669281,1457.png,19,Cargo Truck,0.1240367591381073,bkg,-1,19.049682075495458,13,2439.3153076171875,686.2783203125,2450.778686523437,717.934814453125,79.45052337646484,"[16, 24)","[-inf, 31)","[59, 82)",True
f1opt,0.0246792733669281,1457.png,20,Cargo Truck,0.1048468947410583,bkg,-1,10.995736355165386,13,2517.385986328125,359.4295654296875,2525.058349609375,375.188232421875,72.86927795410156,"[8, 16)","[-inf, 31)","[59, 82)",True
f1opt,0.0246792733669281,1457.png,21,Cargo Truck,0.0926748290657997,bkg,-1,13.285211842843188,13,670.2064208984375,1589.6087799072266,687.6263427734375,1599.7406768798828,89.3131332397461,"[8, 16)","[-inf, 31)","[82, inf)",True
f1opt,0.0246792733669281,1457.png,22,Cargo Truck,0.0874265879392623,bkg,-1,11.17708828588754,13,813.8016662597656,1732.9093627929688,821.8623809814453,1748.4076538085938,28.633987426757812,"[8, 16)","[-inf, 31)","[-inf, 45)",True
f1opt,0.0582255758345127,1457.png,23,Truck w/Box,0.0818848460912704,bkg,-1,27.10843532030307,13,2511.993530273437,1926.9126434326167,2532.8487548828125,1962.1492462158203,115.78623962402344,"[24, 32)","[-inf, 31)","[82, inf)",True
f1opt,0.0246792733669281,1457.png,24,Cargo Truck,0.0810387134552002,bkg,-1,16.67448969927479,13,1707.825439453125,2034.232894897461,1718.9610595703125,2059.2012939453125,104.13140869140625,"[16, 24)","[-inf, 31)","[82, inf)",True
f1opt,0.0246792733669281,1457.png,25,Cargo Truck,0.0805927813053131,cls,5,26.067484686086548,13,2631.4345703125,1584.74409866333,2650.790771484375,1619.849838256836,112.6763916015625,"[24, 32)","[-inf, 31)","[82, inf)",True
f1opt,0.0246792733669281,1457.png,26,Cargo Truck,0.0735196471214294,bkg,-1,14.972699701458636,13,2177.3798828125,652.3419189453125,2187.519775390625,674.4508056640625,73.41897583007812,"[8, 16)","[-inf, 31)","[59, 82)",True
f1opt,0.0246792733669281,1457.png,27,Cargo Truck,0.0727503299713134,bkg,-1,11.9136844709491,13,1801.459991455078,931.1625366210938,1812.584442138672,943.9214477539062,72.21794891357422,"[8, 16)","[-inf, 31)","[59, 82)",True
f1opt,0.0246792733669281,1457.png,28,Cargo Truck,0.0555815063416957,bkg,-1,12.485902711471127,13,1551.463360786438,1536.511475563049,1571.7280158996582,1544.2045631408691,156.56613159179688,"[8, 16)","[-inf, 31)","[82, inf)",True
f1opt,0.0246792733669281,1457.png,29,Cargo Truck,0.0553293861448764,bkg,-1,10.902051982107148,13,809.8186302185059,1754.3446044921875,817.6826972961426,1769.458251953125,25.11805534362793,"[8, 16)","[-inf, 31)","[-inf, 45)",True
f1opt,0.0246792733669281,1457.png,30,Cargo Truck,0.0398959405720233,bkg,-1,13.102493595392124,13,1704.1024780273438,2070.6218872070312,1713.1223754882812,2089.6548461914062,95.40499877929688,"[8, 16)","[-inf, 31)","[82, inf)",True
f1opt,0.0246792733669281,1457.png,31,Cargo Truck,0.0298597197979688,bkg,-1,9.869749175488122,13,2605.693115234375,782.7575950622559,2612.355712890625,797.3783111572266,96.1015625,"[8, 16)","[-inf, 31)","[82, inf)",True
f1opt,0.0246792733669281,1457.png,32,Cargo Truck,0.0289956610649824,bkg,-1,11.20982777295392,13,1563.6257934570312,1536.0,1578.4415893554688,1544.4815044403076,139.59027099609375,"[8, 16)","[-inf, 31)","[82, inf)",True
f1opt,0.0246792733669281,1457.png,33,Cargo Truck,0.0280071552842855,bkg,-1,13.827692130160449,13,52.52631378173828,1536.3062438964844,68.1773452758789,1548.5230150222778,86.28506469726562,"[8, 16)","[-inf, 31)","[82, inf)",True
f1opt,0.0246792733669281,1457.png,34,Cargo Truck,0.0274963453412055,bkg,-1,13.649316755372212,13,1452.1636962890625,1791.3417339324951,1463.75732421875,1807.4112377166748,92.85294342041016,"[8, 16)","[-inf, 31)","[82, inf)",True
f1opt,0.0246792733669281,1457.png,35,Cargo Truck,0.0267224367707967,bkg,-1,13.089291015334094,13,1694.3665771484375,2032.3487548828125,1703.6373291015625,2050.829406738281,128.3894805908203,"[8, 16)","[-inf, 31)","[82, inf)",True
f1opt,0.0246792733669281,1457.png,36,Cargo Truck,0.0259303897619247,TP,6,16.65921668458816,13,1789.740692138672,2595.14501953125,1801.5673522949216,2618.6114501953125,79.50640869140625,"[16, 24)","[-inf, 31)","[59, 82)",False
f1opt,0.0246792733669281,1530.png,0,Cargo Truck,0.7769787907600403,bkg,-1,25.38700075780905,14,3041.743225097656,985.107421875,3062.797180175781,1015.71923828125,64.47067260742188,"[24, 32)","[-inf, 31)","[59, 82)",True
f1opt,0.0582255758345127,1530.png,1,Truck w/Box,0.7592741847038269,cls,11,37.48951802325746,14,1889.2145385742188,1368.5895385742188,1914.776428222656,1423.5723266601562,46.54807662963867,"[32, 48)","[-inf, 31)","[45, 59)",True
f1opt,0.0246792733669281,1530.png,2,Cargo Truck,0.7018886804580688,bkg,-1,15.010298715132773,14,961.32177734375,1082.26708984375,971.9229736328124,1103.520263671875,54.88429641723633,"[8, 16)","[-inf, 31)","[45, 59)",True
f1opt,0.0246792733669281,1530.png,3,Cargo Truck,0.6885440349578857,bkg,-1,20.270729067777026,14,2889.166015625,2373.3017578125,2911.095947265625,2392.038818359375,65.8065185546875,"[16, 24)","[-inf, 31)","[59, 82)",True
f1opt,0.4147564768791199,1530.png,4,Truck w/Liquid,0.6572424173355103,TP,7,21.76380404874089,14,1096.508056640625,487.1597290039063,1112.2457275390625,517.2571411132812,66.93927764892578,"[16, 24)","[-inf, 31)","[59, 82)",False
f1opt,0.0246792733669281,1530.png,5,Cargo Truck,0.6089295148849487,TP,1,18.213925213511516,14,605.6382446289062,2036.969665527344,629.6729125976562,2050.772521972656,63.45066833496094,"[16, 24)","[-inf, 31)","[59, 82)",False
f1opt,0.0246792733669281,1530.png,6,Cargo Truck,0.4279849529266357,bkg,-1,21.364389288319106,14,776.8068008422852,2517.773803710937,790.7640495300293,2550.476318359375,64.61764526367188,"[16, 24)","[-inf, 31)","[59, 82)",True
f1opt,0.4147564768791199,1530.png,7,Truck w/Liquid,0.4147564768791199,TP,12,19.2311335140168,14,1111.7258911132812,488.88958740234375,1125.0457153320312,516.6554565429688,81.01839447021484,"[16, 24)","[-inf, 31)","[59, 82)",False
f1opt,0.0246792733669281,1530.png,8,Cargo Truck,0.3991442918777466,TP,5,16.587120581759812,14,2827.08544921875,3187.8045043945312,2839.09375,3210.7163696289062,82.7724380493164,"[16, 24)","[-inf, 31)","[82, inf)",False
f1opt,0.0582255758345127,1530.png,9,Truck w/Box,0.3903607726097107,cls,13,22.712328033342104,14,1726.386474609375,1051.3213500976562,1743.469970703125,1081.5171508789062,46.00896072387695,"[16, 24)","[-inf, 31)","[45, 59)",True
f1opt,0.0246792733669281,1530.png,10,Cargo Truck,0.3385754227638244,bkg,-1,19.092051637710753,14,1272.6050415039062,1669.0398406982422,1295.4860229492188,1684.9703826904297,29.02083396911621,"[16, 24)","[-inf, 31)","[-inf, 45)",True
f1opt,0.0193771533668041,1530.png,11,Truck Tractor,0.2629871070384979,both,13,33.3600872732752,14,1727.7058410644531,1022.4732513427734,1751.5957946777344,1069.0574951171875,50.97416687011719,"[32, 48)","[-inf, 31)","[45, 59)",True
f1opt,0.0582255758345127,1530.png,12,Truck w/Box,0.2193476259708404,bkg,-1,19.600586179637176,14,1912.7752380371091,1372.63623046875,1925.050201416016,1403.934326171875,45.64285659790039,"[16, 24)","[-inf, 31)","[45, 59)",True
f1opt,0.0246792733669281,1530.png,13,Cargo Truck,0.2083689719438552,bkg,-1,22.984482995096577,14,716.623779296875,2779.9039916992188,736.167236328125,2806.9353637695312,43.60544204711914,"[16, 24)","[-inf, 31)","[-inf, 45)",True
f1opt,0.0246792733669281,1530.png,14,Cargo Truck,0.1566118597984314,TP,13,21.55721565723701,14,1726.11376953125,1052.4963073730469,1742.4352722167969,1080.968780517578,46.48884201049805,"[16, 24)","[-inf, 31)","[45, 59)",False
f1opt,0.0246792733669281,1530.png,15,Cargo Truck,0.1443512141704559,bkg,-1,20.759874895386194,14,813.4615478515625,2732.2438354492188,840.9078369140625,2747.946228027344,39.58481979370117,"[16, 24)","[-inf, 31)","[-inf, 45)",True
f1opt,0.0246792733669281,1530.png,16,Cargo Truck,0.123508334159851,loc,1,17.20441246065776,14,608.39990234375,2047.5078125,634.952880859375,2058.655029296875,70.22222137451172,"[16, 24)","[-inf, 31)","[59, 82)",True
f1opt,0.0246792733669281,1530.png,17,Cargo Truck,0.0949622690677642,TP,9,21.52070590718837,14,1675.2554626464844,1074.7034912109375,1708.4473571777344,1088.6569213867188,40.20588302612305,"[16, 24)","[-inf, 31)","[-inf, 45)",False
f1opt,0.0582255758345127,1530.png,18,Truck w/Box,0.0911765992641449,bkg,-1,18.781389124858027,14,1205.9481811523438,713.9556884765625,1216.8397827148438,746.3421630859375,29.191177368164062,"[16, 24)","[-inf, 31)","[-inf, 45)",True
f1opt,0.0193771533668041,1530.png,19,Truck Tractor,0.0850467756390571,bkg,-1,17.749371521696663,14,814.2720947265625,3080.1306762695312,829.1409912109375,3101.3185424804688,46.36079406738281,"[16, 24)","[-inf, 31)","[45, 59)",True
f1opt,0.0582255758345127,1530.png,20,Truck w/Box,0.0623461380600929,bkg,-1,17.739958708797992,14,814.1268005371094,3080.395263671875,829.0344696044922,3101.505615234375,46.36079406738281,"[16, 24)","[-inf, 31)","[45, 59)",True
f1opt,0.0246792733669281,1530.png,21,Cargo Truck,0.0606256127357482,bkg,-1,18.997787908572548,14,768.5780429840088,2518.2813720703125,779.5900859832764,2551.056030273437,39.22549057006836,"[16, 24)","[-inf, 31)","[-inf, 45)",True
f1opt,0.0246792733669281,1530.png,22,Cargo Truck,0.0600526742637157,bkg,-1,10.437360614142861,14,2401.9535522460938,2857.0304565429688,2410.0747680664062,2870.4445190429688,119.57857513427734,"[8, 16)","[-inf, 31)","[82, inf)",True
f1opt,0.0246792733669281,1530.png,23,Cargo Truck,0.0599618144333362,bkg,-1,19.999982068591237,14,768.0,2195.0,783.664722442627,2220.5350379943848,59.28605651855469,"[16, 24)","[-inf, 31)","[59, 82)",True
f1opt,0.0246792733669281,1530.png,24,Cargo Truck,0.058127574622631,bkg,-1,13.059757324319715,14,721.1155395507812,1095.8020629882812,738.1915893554688,1105.7901611328125,71.92929077148438,"[8, 16)","[-inf, 31)","[59, 82)",True
f1opt,0.0193771533668041,1530.png,25,Truck Tractor,0.0547332800924778,cls,9,21.24881447612563,14,1675.7418212890625,1074.6777954101562,1708.7218017578125,1088.3682861328125,40.20588302612305,"[16, 24)","[-inf, 31)","[-inf, 45)",True
f1opt,0.0246792733669281,1530.png,26,Cargo Truck,0.0545004904270172,bkg,-1,9.833295086933449,14,1685.4759216308594,0.0998983383178711,1703.005340576172,5.615979194641113,53.81578826904297,"[8, 16)","[-inf, 31)","[45, 59)",True
f1opt,0.0246792733669281,1530.png,27,Cargo Truck,0.0474900230765342,loc,6,13.53574400447247,14,2844.7587890625,3164.819702148437,2862.504638671875,3175.1441650390625,63.078948974609375,"[8, 16)","[-inf, 31)","[59, 82)",True
f1opt,0.0246792733669281,1530.png,28,Cargo Truck,0.047065146267414,bkg,-1,11.941853263269111,14,780.9382801055908,2551.2725830078125,797.2784938812256,2560.0,49.48765563964844,"[8, 16)","[-inf, 31)","[45, 59)",True
f1opt,0.0246792733669281,1530.png,29,Cargo Truck,0.0432406701147556,bkg,-1,24.779539358028916,14,768.8085193634033,713.8738403320312,794.6116981506348,737.6703491210938,38.139259338378906,"[24, 32)","[-inf, 31)","[-inf, 45)",True
f1opt,0.0246792733669281,1530.png,30,Cargo Truck,0.0371106714010238,bkg,-1,9.609346699866824,14,2214.1997566223145,2862.3974609375,2220.8586082458496,2876.2646484375,64.87619018554688,"[8, 16)","[-inf, 31)","[59, 82)",True
f1opt,0.0246792733669281,1530.png,31,Cargo Truck,0.0350309498608112,bkg,-1,17.415398651279865,14,1667.896240234375,120.49197387695312,1685.568603515625,137.65414428710938,61.82163619995117,"[16, 24)","[-inf, 31)","[59, 82)",True
f1opt,0.0246792733669281,1530.png,32,Cargo Truck,0.0247378777712583,bkg,-1,12.698952329147259,14,3180.9814453125,2433.269287109375,3195.4549560546875,2444.4112548828125,21.07291603088379,"[8, 16)","[-inf, 31)","[-inf, 45)",True
f1opt,0.0582255758345127,1929.png,0,Truck w/Box,0.8496518135070801,bkg,-1,42.74334772362428,77,3453.6069946289062,1187.9284973144531,3492.252014160156,1235.2048034667969,51.581634521484375,"[32, 48)","[76, 97)","[45, 59)",True
f1opt,0.0582255758345127,1929.png,1,Truck w/Box,0.8082342743873596,bkg,-1,29.01518922952873,77,1536.0,3134.853515625,1555.9914512634275,3176.965576171875,48.270931243896484,"[24, 32)","[76, 97)","[45, 59)",True
f1opt,0.0582255758345127,1929.png,2,Truck w/Box,0.7196107506752014,cls,6,30.397848342435232,77,4300.290924072266,1786.4274139404297,4315.008697509766,1849.2106323242188,60.77734375,"[24, 32)","[76, 97)","[59, 82)",True
f1opt,0.2916500866413116,1929.png,3,Truck w/Flatbed,0.6863831877708435,cls,40,31.880467476773365,77,4223.793518066406,1682.2181396484375,4241.753356933594,1738.80908203125,71.11172485351562,"[24, 32)","[76, 97)","[59, 82)",True
f1opt,0.2916500866413116,1929.png,4,Truck w/Flatbed,0.6575366854667664,cls,42,32.49974921638676,77,4320.382507324219,1680.7774047851562,4340.297180175781,1733.8153686523438,93.25749206542969,"[32, 48)","[76, 97)","[82, inf)",True
f1opt,0.2916500866413116,1929.png,5,Truck w/Flatbed,0.620503306388855,bkg,-1,31.703859444332195,77,4242.201690673828,1682.501220703125,4259.985076904297,1739.022216796875,47.61781692504883,"[24, 32)","[76, 97)","[45, 59)",True
f1opt,0.0582255758345127,1929.png,6,Truck w/Box,0.5804203152656555,bkg,-1,42.08094259787478,77,1199.1213684082031,2500.6494140625,1228.9577331542969,2560.0,48.6783332824707,"[32, 48)","[76, 97)","[45, 59)",True
f1opt,0.2916500866413116,1929.png,7,Truck w/Flatbed,0.5693556070327759,cls,41,32.71276668422767,77,4302.349243164063,1680.6600341796875,4322.002746582031,1735.109619140625,63.92687225341797,"[32, 48)","[76, 97)","[59, 82)",True
f1opt,0.0582255758345127,1929.png,8,Truck w/Box,0.5106223225593567,cls,3,38.278255085471436,77,4358.867919921875,1763.6219787597656,4446.505615234375,1780.3410949707031,57.060550689697266,"[32, 48)","[76, 97)","[45, 59)",True
f1opt,0.0582255758345127,1929.png,9,Truck w/Box,0.4098837971687317,cls,65,47.36275448810991,77,2353.0652198791504,1718.8057861328125,2405.873809814453,1761.2843017578125,71.28473663330078,"[32, 48)","[76, 97)","[59, 82)",True
f1opt,0.0582255758345127,1929.png,10,Truck w/Box,0.3840107321739197,bkg,-1,35.843755018429725,77,4065.479370117188,1683.4336853027344,4086.024169921875,1745.9689636230469,66.02236938476562,"[32, 48)","[76, 97)","[59, 82)",True
f1opt,0.0582255758345127,1929.png,11,Truck w/Box,0.3374830484390259,bkg,-1,23.12718549417877,77,4228.4649658203125,1788.6608276367188,4243.599365234375,1824.001953125,100.04560852050781,"[16, 24)","[76, 97)","[82, inf)",True
f1opt,0.0246792733669281,1929.png,12,Cargo Truck,0.2479511499404907,bkg,-1,14.940510837427551,77,4676.982421875,576.1741943359375,4689.3519287109375,594.2200927734375,47.70676803588867,"[8, 16)","[76, 97)","[45, 59)",True
f1opt,0.0246792733669281,1929.png,13,Cargo Truck,0.1801574975252151,bkg,-1,23.09442684913565,77,4882.797180175781,2373.9060668945312,4903.123596191406,2400.145446777344,68.70941925048828,"[16, 24)","[76, 97)","[59, 82)",True
f1opt,0.0246792733669281,1929.png,14,Cargo Truck,0.179064929485321,bkg,-1,27.38510691319428,77,3072.0,2016.885009765625,3105.010627746582,2039.603271484375,34.775733947753906,"[24, 32)","[76, 97)","[-inf, 45)",True
f1opt,0.0582255758345127,1929.png,15,Truck w/Box,0.1466756165027618,cls,76,46.83078590549008,77,3615.28076171875,1294.2315673828125,3687.39306640625,1324.6441650390625,38.203712463378906,"[32, 48)","[76, 97)","[-inf, 45)",True
f1opt,0.0246792733669281,1929.png,16,Cargo Truck,0.1245762109756469,bkg,-1,16.64839145326445,77,4416.9033203125,634.45166015625,4444.189208984375,644.609619140625,75.70846557617188,"[16, 24)","[76, 97)","[59, 82)",True
f1opt,0.0582255758345127,1929.png,17,Truck w/Box,0.1165251731872558,bkg,-1,24.707004013913664,77,804.2378082275391,3111.823608398437,823.1670608520508,3144.0718994140625,79.27941131591797,"[24, 32)","[76, 97)","[59, 82)",True
f1opt,0.0582255758345127,1929.png,18,Truck w/Box,0.115409679710865,bkg,-1,34.72922562642089,77,1335.4508056640625,2313.148803710937,1406.9835205078125,2330.0098876953125,55.03935241699219,"[32, 48)","[76, 97)","[45, 59)",True
f1opt,0.0582255758345127,1929.png,19,Truck w/Box,0.1117313578724861,bkg,-1,18.15548951516092,77,2304.2181663513184,2355.7301025390625,2326.988468170166,2370.2060546875,64.26358795166016,"[16, 24)","[76, 97)","[59, 82)",True
f1opt,0.0582255758345127,1929.png,20,Truck w/Box,0.0886329934000969,cls,7,28.96876425984591,77,4319.0924072265625,1798.5078125,4336.307495117188,1847.255126953125,74.65333557128906,"[24, 32)","[76, 97)","[59, 82)",True
f1opt,0.0246792733669281,1929.png,21,Cargo Truck,0.084513746201992,TP,1,31.43994167545723,77,4680.9580078125,1824.240478515625,4698.7392578125,1879.8310546875,122.13627624511719,"[24, 32)","[76, 97)","[82, inf)",False
f1opt,0.0246792733669281,1929.png,22,Cargo Truck,0.0810640677809715,TP,37,15.96764343817248,77,2731.930908203125,2791.740966796875,2744.824462890625,2811.515625,115.38095092773438,"[8, 16)","[76, 97)","[82, inf)",False
f1opt,0.0582255758345127,1929.png,23,Truck w/Box,0.0662707313895225,bkg,-1,25.166647522223958,77,4250.3092041015625,1780.5917510986328,4266.47705078125,1819.7658081054688,75.85735321044922,"[24, 32)","[76, 97)","[59, 82)",True
f1opt,0.0582255758345127,1929.png,24,Truck w/Box,0.0658260136842727,bkg,-1,36.63680237043579,77,3477.3003540039062,1190.305908203125,3514.3764038085938,1226.5086669921875,55.52133560180664,"[32, 48)","[76, 97)","[45, 59)",True
f1opt,0.0246792733669281,1929.png,25,Cargo Truck,0.056822769343853,bkg,-1,11.788962508498651,77,4624.163635253906,570.912353515625,4640.212707519531,579.572021484375,38.32352828979492,"[8, 16)","[76, 97)","[-inf, 45)",True
f1opt,0.0246792733669281,1929.png,26,Cargo Truck,0.0441322848200798,bkg,-1,12.906046806888053,77,1541.7994995117188,1331.37109375,1553.1057739257812,1346.103271484375,41.35095977783203,"[8, 16)","[76, 97)","[-inf, 45)",True
f1opt,0.0246792733669281,1929.png,27,Cargo Truck,0.0292181130498647,bkg,-1,16.588344582585133,77,4183.9615478515625,587.607666015625,4212.724609375,597.174560546875,73.61212158203125,"[16, 24)","[76, 97)","[59, 82)",True
f1opt,0.0246792733669281,1929.png,28,Cargo Truck,0.0266951657831668,TP,3,38.810949016705095,77,4360.1275634765625,1764.221923828125,4451.5927734375,1780.6903686523438,58.95268630981445,"[32, 48)","[76, 97)","[45, 59)",False
f1opt,0.0582255758345127,20.png,0,Truck w/Box,0.8462270498275757,TP,1,32.563104127941166,43,768.299446105957,624.6190185546875,822.2049102783203,644.2896728515625,62.98181915283203,"[32, 48)","[31, 76)","[59, 82)",False
f1opt,0.0582255758345127,20.png,1,Truck w/Box,0.7976012229919434,bkg,-1,26.645834331109164,43,773.0948219299316,606.86279296875,828.2970161437988,619.724609375,93.30484771728516,"[24, 32)","[31, 76)","[82, inf)",True
f1opt,0.0582255758345127,20.png,2,Truck w/Box,0.7947772145271301,TP,0,27.014366869646228,43,778.7105712890625,594.3304443359375,832.5936279296875,607.8741455078125,100.22856903076172,"[24, 32)","[31, 76)","[82, inf)",False
f1opt,0.0582255758345127,20.png,3,Truck w/Box,0.6422247886657715,TP,5,34.72809806068748,43,768.0,639.8855590820312,803.5041656494141,673.8545532226562,77.81587219238281,"[32, 48)","[31, 76)","[59, 82)",False
f1opt,0.0246792733669281,20.png,4,Cargo Truck,0.6280316710472107,bkg,-1,21.573294920086592,43,1328.85595703125,1907.8090362548828,1345.51220703125,1935.7509231567385,106.76628112792969,"[16, 24)","[31, 76)","[82, inf)",True
f1opt,0.0582255758345127,20.png,5,Truck w/Box,0.5157873630523682,bkg,-1,27.387524948909647,43,622.8729248046875,560.5676879882812,650.4510498046875,587.7659301757812,125.20689392089844,"[24, 32)","[31, 76)","[82, inf)",True
f1opt,0.0246792733669281,20.png,6,Cargo Truck,0.3729785978794098,cls,26,24.086018248827195,43,1332.9160766601562,2602.428100585937,1354.8607788085938,2628.8643798828125,74.86151123046875,"[24, 32)","[31, 76)","[59, 82)",True
f1opt,0.0582255758345127,20.png,7,Truck w/Box,0.3185323476791382,TP,2,36.124606008674604,43,658.3914794921875,586.588623046875,682.173095703125,641.46240234375,76.82071685791016,"[32, 48)","[31, 76)","[59, 82)",False
f1opt,0.0246792733669281,20.png,8,Cargo Truck,0.3099514245986938,bkg,-1,22.6080862046344,43,1292.650390625,1908.9763298034668,1312.987548828125,1934.1089248657229,105.84832763671875,"[16, 24)","[31, 76)","[82, inf)",True
f1opt,0.0582255758345127,20.png,9,Truck w/Box,0.2942549884319305,TP,10,23.341067740934555,43,835.2156982421875,888.5015258789062,848.6678466796875,929.0010375976562,88.73639678955078,"[16, 24)","[31, 76)","[82, inf)",False
f1opt,0.0246792733669281,20.png,10,Cargo Truck,0.2844709753990173,bkg,-1,20.295320439194686,43,1306.60791015625,1907.8548278808596,1323.789306640625,1931.8284339904783,93.32221984863281,"[16, 24)","[31, 76)","[82, inf)",True
f1opt,0.0246792733669281,20.png,11,Cargo Truck,0.2682985961437225,cls,37,22.220046618543382,43,1554.836669921875,2657.495178222656,1574.353271484375,2682.7931518554688,99.61172485351562,"[16, 24)","[31, 76)","[82, inf)",True
f1opt,0.0246792733669281,20.png,12,Cargo Truck,0.2677411139011383,cls,25,24.15224653456124,43,1303.851318359375,2574.1591796875,1325.82958984375,2600.700439453125,64.52657318115234,"[24, 32)","[31, 76)","[59, 82)",True
f1opt,0.0246792733669281,20.png,13,Cargo Truck,0.2544943988323211,cls,24,22.87875656123229,43,1318.4819946289062,2606.7674560546875,1339.9929809570312,2631.100952148437,65.45629119873047,"[16, 24)","[31, 76)","[59, 82)",True
f1opt,0.0246792733669281,20.png,14,Cargo Truck,0.2436141520738601,cls,19,22.030077956522103,43,1291.855224609375,2577.19140625,1312.7020263671875,2600.471923828125,67.65530395507812,"[16, 24)","[31, 76)","[59, 82)",True
f1opt,0.0246792733669281,20.png,15,Cargo Truck,0.2409561276435852,bkg,-1,18.0791593641479,43,2468.607147216797,1876.4832763671875,2483.273406982422,1898.76953125,153.11956787109375,"[16, 24)","[31, 76)","[82, inf)",True
f1opt,0.0246792733669281,20.png,16,Cargo Truck,0.2280203253030777,bkg,-1,21.42989971008533,43,1314.9539794921875,1907.4651718139648,1332.1041259765625,1934.242820739746,89.44548797607422,"[16, 24)","[31, 76)","[82, inf)",True
f1opt,0.0246792733669281,20.png,17,Cargo Truck,0.2231283336877823,bkg,-1,19.483374893474824,43,2409.9796142578125,1775.6074829101562,2436.4561767578125,1789.9447631835938,77.95237731933594,"[16, 24)","[31, 76)","[59, 82)",True
f1opt,0.0246792733669281,20.png,18,Cargo Truck,0.2000889629125595,bkg,-1,17.06921287089377,43,1338.857421875,1881.0187377929688,1352.9652099609375,1901.6710205078125,94.46349334716797,"[16, 24)","[31, 76)","[82, inf)",True
f1opt,0.0246792733669281,20.png,19,Cargo Truck,0.1882936507463455,bkg,-1,28.080053614557738,43,2837.4044189453125,2903.794677734375,2866.3873291015625,2931.0,106.64286041259766,"[24, 32)","[31, 76)","[82, inf)",True
f1opt,0.0246792733669281,20.png,20,Cargo Truck,0.1767624616622924,cls,18,24.35604007665722,43,1277.2930908203125,2578.777587890625,1300.6676025390625,2604.1563720703125,69.34259033203125,"[24, 32)","[31, 76)","[59, 82)",True
f1opt,0.0582255758345127,20.png,21,Truck w/Box,0.1696009486913681,bkg,-1,19.322148420548533,43,885.2938232421875,1409.9403076171875,916.5238037109376,1421.89501953125,57.331729888916016,"[16, 24)","[31, 76)","[45, 59)",True
f1opt,0.0246792733669281,20.png,22,Cargo Truck,0.1589312553405761,bkg,-1,23.097964624662378,43,1342.762451171875,1907.0,1365.39990234375,1930.5678462982175,101.03646087646484,"[16, 24)","[31, 76)","[82, inf)",True
f1opt,0.0582255758345127,20.png,23,Truck w/Box,0.1556012779474258,bkg,-1,23.027350734874865,43,3021.331420898437,2513.85498046875,3035.8719482421875,2550.322631835937,91.87368774414062,"[16, 24)","[31, 76)","[82, inf)",True
f1opt,0.0582255758345127,20.png,24,Truck w/Box,0.1472911685705185,bkg,-1,24.596598951852645,43,1224.0203857421875,991.9912109375,1242.9913940429688,1023.881591796875,100.48484802246094,"[24, 32)","[31, 76)","[82, inf)",True
f1opt,0.0582255758345127,20.png,25,Truck w/Box,0.1090780571103096,loc,11,24.662352279720054,43,778.7666625976562,996.78076171875,801.5639038085938,1023.4608154296876,112.04166412353516,"[24, 32)","[31, 76)","[82, inf)",True
f1opt,0.0582255758345127,20.png,26,Truck w/Box,0.1055603772401809,bkg,-1,24.63072284409269,43,1245.3160400390625,988.6893310546876,1262.6380615234375,1023.7125244140624,91.21759033203125,"[24, 32)","[31, 76)","[82, inf)",True
f1opt,0.0246792733669281,20.png,27,Cargo Truck,0.0924423336982727,bkg,-1,21.18801855480286,43,1546.3703088760376,1201.5662231445312,1561.5861434936523,1231.0704956054688,71.70967864990234,"[16, 24)","[31, 76)","[59, 82)",True
f1opt,0.0582255758345127,20.png,28,Truck w/Box,0.0923050120472908,TP,9,31.023171109833235,43,756.8779296875,883.156494140625,776.5367431640625,932.113525390625,72.74381256103516,"[24, 32)","[31, 76)","[59, 82)",False
f1opt,0.0246792733669281,20.png,29,Cargo Truck,0.0886802226305008,cls,20,22.847465836528105,43,1294.0791015625,2549.408142089844,1316.21923828125,2572.9855346679688,67.41666412353516,"[16, 24)","[31, 76)","[59, 82)",True
f1opt,0.0582255758345127,20.png,30,Truck w/Box,0.0796394050121307,bkg,-1,25.596743393490872,43,1233.0308837890625,989.161865234375,1252.0257568359375,1023.655029296875,94.92857360839844,"[24, 32)","[31, 76)","[82, inf)",True
f1opt,0.0246792733669281,20.png,31,Cargo Truck,0.0666943863034248,bkg,-1,12.970929106596952,43,2078.84143447876,1520.5350341796875,2096.710090637207,1529.95068359375,109.95789337158203,"[8, 16)","[31, 76)","[82, inf)",True
f1opt,0.0246792733669281,20.png,32,Cargo Truck,0.0628611966967582,bkg,-1,19.106837497959276,43,1356.6793212890625,1898.0382385253904,1371.8929443359375,1922.034576416016,96.34500122070312,"[16, 24)","[31, 76)","[82, inf)",True
f1opt,0.0193771533668041,20.png,33,Truck Tractor,0.0544188432395458,bkg,-1,30.17148494875765,43,1140.8874816894531,2166.7709350585938,1166.4573669433594,2202.372131347656,98.77377319335938,"[24, 32)","[31, 76)","[82, inf)",True
f1opt,0.0246792733669281,20.png,34,Cargo Truck,0.0518553107976913,bkg,-1,16.846436001081116,43,2650.686889648437,2715.829406738281,2664.0654296875,2737.0426635742188,128.7391357421875,"[16, 24)","[31, 76)","[82, inf)",True
f1opt,0.0193771533668041,20.png,35,Truck Tractor,0.0516080632805824,cls,4,48.24097190159394,43,722.0487060546875,645.958984375,769.9317626953125,694.560546875,69.48542022705078,"[48, 96)","[31, 76)","[59, 82)",True
f1opt,0.0246792733669281,20.png,36,Cargo Truck,0.0504803992807865,bkg,-1,12.015959473358402,43,1555.4313354492188,1814.5401306152344,1565.1444702148438,1829.4048767089844,156.0170440673828,"[8, 16)","[31, 76)","[82, inf)",True
f1opt,0.0246792733669281,20.png,37,Cargo Truck,0.0442851670086383,bkg,-1,18.863354822008347,43,1372.5994262695312,1870.0241088867188,1395.5927124023438,1885.4993286132808,159.28125,"[16, 24)","[31, 76)","[82, inf)",True
f1opt,0.0193771533668041,20.png,38,Truck Tractor,0.0429950691759586,bkg,-1,15.459310512512323,43,2786.17626953125,2810.4252319335938,2804.827392578125,2823.2389526367188,97.68421173095703,"[8, 16)","[31, 76)","[82, inf)",True
f1opt,0.0246792733669281,20.png,39,Cargo Truck,0.0421539656817913,bkg,-1,15.52113004908633,43,2641.642944335937,2717.315673828125,2652.8204345703125,2738.868408203125,99.54924011230469,"[8, 16)","[31, 76)","[82, inf)",True
f1opt,0.0582255758345127,2139.png,0,Truck w/Box,0.8284416794776917,TP,50,29.545880700003604,92,2522.931640625,1652.6115112304688,2559.525634765625,1676.466766357422,81.54631805419922,"[24, 32)","[76, 97)","[59, 82)",False
f1opt,0.0246792733669281,2139.png,1,Cargo Truck,0.7933309078216553,TP,55,16.613433914326258,92,2392.0863647460938,2025.0753784179688,2404.6843872070312,2046.9840698242188,74.25524139404297,"[16, 24)","[76, 97)","[59, 82)",False
f1opt,0.0246792733669281,2139.png,2,Cargo Truck,0.7473124861717224,TP,45,25.219331338302144,92,1999.2966918945312,838.2256851196289,2019.087951660156,870.3618240356445,43.69264221191406,"[24, 32)","[76, 97)","[-inf, 45)",False
f1opt,0.0246792733669281,2139.png,3,Cargo Truck,0.7319907546043396,TP,33,14.26194621322401,92,1400.530029296875,958.353271484375,1410.565673828125,978.621337890625,77.40259552001953,"[8, 16)","[76, 97)","[59, 82)",False
f1opt,0.0246792733669281,2139.png,4,Cargo Truck,0.6732781529426575,TP,63,20.703684391166117,92,2385.317687988281,2630.146484375,2401.2261352539062,2657.0908203125,114.51050567626953,"[16, 24)","[76, 97)","[82, inf)",False
f1opt,0.0582255758345127,2139.png,5,Truck w/Box,0.6487072110176086,bkg,-1,25.0325783870877,92,1462.205078125,1971.5067672729488,1479.56494140625,2007.6032485961916,68.07958221435547,"[24, 32)","[76, 97)","[59, 82)",True
f1opt,0.0582255758345127,2139.png,6,Truck w/Box,0.6225019097328186,cls,22,25.531319175145864,92,2377.7544555664062,1496.1268310546875,2398.144470214844,1528.0958251953125,82.4173583984375,"[24, 32)","[76, 97)","[82, inf)",True
f1opt,0.0582255758345127,2139.png,7,Truck w/Box,0.5822150111198425,TP,53,23.91712910313641,92,1523.6182861328125,1540.7235107421875,1539.4793701171875,1576.7884521484375,110.76470947265625,"[16, 24)","[76, 97)","[82, inf)",False
f1opt,0.2916500866413116,2139.png,8,Truck w/Flatbed,0.5737059712409973,cls,17,23.191255176244926,92,1546.4710502624512,1537.8674201965332,1560.3530616760254,1576.6106758117676,90.2683334350586,"[16, 24)","[76, 97)","[82, inf)",True
f1opt,0.0246792733669281,2139.png,9,Cargo Truck,0.5550967454910278,cls,10,21.65540768690331,92,1503.9720458984375,1625.0350341796875,1540.1683349609375,1637.990966796875,143.2591094970703,"[16, 24)","[76, 97)","[82, inf)",True
f1opt,0.0246792733669281,2139.png,10,Cargo Truck,0.5315147638320923,TP,60,22.843439430781864,92,1561.3576049804688,1668.427963256836,1577.9974975585938,1699.7877044677734,111.03125,"[16, 24)","[76, 97)","[82, inf)",False
f1opt,0.2916500866413116,2139.png,11,Truck w/Flatbed,0.4476635456085205,bkg,-1,20.407386604807698,92,1647.577178955078,1536.0,1660.640625,1567.8799057006836,96.88169860839844,"[16, 24)","[76, 97)","[82, inf)",True
f1opt,0.0246792733669281,2139.png,12,Cargo Truck,0.419959545135498,loc,60,23.795225104083116,92,1548.526123046875,1668.4356994628906,1566.65771484375,1699.6636657714844,100.27467346191406,"[16, 24)","[76, 97)","[82, inf)",True
f1opt,0.0246792733669281,2139.png,13,Cargo Truck,0.4129975438117981,loc,43,20.908868052685897,92,1502.198974609375,1606.8216552734375,1537.230224609375,1619.3013916015625,116.65079498291016,"[16, 24)","[76, 97)","[82, inf)",True
f1opt,0.0582255758345127,2139.png,14,Truck w/Box,0.4006490409374237,bkg,-1,31.943777376318813,92,1965.16455078125,1374.6026611328125,1983.7724609375,1429.4398193359375,71.38157653808594,"[24, 32)","[76, 97)","[59, 82)",True
f1opt,0.0246792733669281,2139.png,15,Cargo Truck,0.3792800307273865,TP,86,13.998701351999065,92,1504.2454833984375,1639.7205657958984,1524.8131103515625,1649.2483367919922,138.2770538330078,"[8, 16)","[76, 97)","[82, inf)",False
f1opt,0.2916500866413116,2139.png,16,Truck w/Flatbed,0.374611496925354,cls,40,18.369641456906074,92,1536.1684370040894,1537.795066833496,1548.413682937622,1565.3521881103516,79.1273193359375,"[16, 24)","[76, 97)","[59, 82)",True
f1opt,0.0246792733669281,2139.png,17,Cargo Truck,0.3579941689968109,bkg,-1,16.39596405907732,92,1422.4630126953125,999.971435546875,1435.916259765625,1019.9537963867188,46.25510025024414,"[16, 24)","[76, 97)","[45, 59)",True
f1opt,0.0246792733669281,2139.png,18,Cargo Truck,0.3444389104843139,bkg,-1,12.176636490510763,92,2911.8893432617188,2201.210693359375,2921.3367309570312,2216.905029296875,138.17613220214844,"[8, 16)","[76, 97)","[82, inf)",True
f1opt,0.0246792733669281,2139.png,19,Cargo Truck,0.3432725071907043,bkg,-1,13.551586792744965,92,1698.3033599853516,2888.30224609375,1707.4828338623047,2908.308349609375,56.20476150512695,"[8, 16)","[76, 97)","[45, 59)",True
f1opt,0.0246792733669281,2139.png,20,Cargo Truck,0.342325210571289,bkg,-1,13.52356901385854,92,1375.436767578125,1372.8597412109375,1384.9483642578125,1392.0875244140625,42.17142868041992,"[8, 16)","[76, 97)","[-inf, 45)",True
f1opt,0.2916500866413116,2139.png,21,Truck w/Flatbed,0.3315503597259521,cls,5,19.873603504844972,92,1637.0653839111328,1536.0,1650.2284088134766,1566.0052700042725,141.34332275390625,"[16, 24)","[76, 97)","[82, inf)",True
f1opt,0.2916500866413116,2139.png,22,Truck w/Flatbed,0.2991917729377746,cls,89,21.24835712842872,92,1603.8304595947266,1536.0,1618.8630981445312,1566.0341606140137,138.4778289794922,"[16, 24)","[76, 97)","[82, inf)",True
f1opt,0.0246792733669281,2139.png,23,Cargo Truck,0.2884251177310943,TP,43,20.04948774089763,92,1503.2024536132812,1617.1544799804688,1538.4164428710938,1628.5698852539062,86.99305725097656,"[16, 24)","[76, 97)","[82, inf)",False
f1opt,0.0246792733669281,2139.png,24,Cargo Truck,0.2848552763462066,cls,17,22.272059361934666,92,1547.2001953125,1539.1460723876953,1560.76318359375,1575.7194747924805,94.53668212890625,"[16, 24)","[76, 97)","[82, inf)",True
f1opt,0.0246792733669281,2139.png,25,Cargo Truck,0.2739403247833252,TP,27,19.047367758279652,92,1980.219482421875,941.6759643554688,1996.3424072265625,964.17822265625,67.04901885986328,"[16, 24)","[76, 97)","[59, 82)",False
f1opt,0.0582255758345127,2139.png,26,Truck w/Box,0.2731423079967499,bkg,-1,43.3488825082905,92,2421.52880859375,1861.696685791016,2483.919189453125,1891.8155212402344,88.09114074707031,"[32, 48)","[76, 97)","[82, inf)",True
f1opt,0.0246792733669281,2139.png,27,Cargo Truck,0.2571064829826355,bkg,-1,13.342002330131486,92,2957.952514648437,2197.963104248047,2970.367431640625,2212.3014221191406,139.2767791748047,"[8, 16)","[76, 97)","[82, inf)",True
f1opt,0.0582255758345127,2139.png,28,Truck w/Box,0.2501726746559143,bkg,-1,31.489248617948448,92,1950.833740234375,1381.3160400390625,1969.922119140625,1433.262451171875,62.15471649169922,"[24, 32)","[76, 97)","[59, 82)",True
f1opt,0.0582255758345127,2139.png,29,Truck w/Box,0.2231487482786178,loc,67,33.820292750630614,92,1982.0096435546875,1378.5071411132812,2005.6356201171875,1426.9204711914062,59.408164978027344,"[32, 48)","[76, 97)","[59, 82)",True
f1opt,0.0193771533668041,2139.png,30,Truck Tractor,0.220813512802124,bkg,-1,27.393383940405652,92,2056.833374023437,2023.5660095214844,2074.669311523437,2065.638229370117,100.92900848388672,"[24, 32)","[76, 97)","[82, inf)",True
f1opt,0.0246792733669281,2139.png,31,Cargo Truck,0.2170691490173339,loc,40,21.543301569065896,92,1534.6822509765625,1537.1186800003052,1549.8726806640625,1567.6717224121094,85.03629302978516,"[16, 24)","[76, 97)","[82, inf)",True
f1opt,0.0246792733669281,2139.png,32,Cargo Truck,0.2071088254451751,bkg,-1,26.133868556787135,92,1461.396240234375,1971.2216796875,1479.61767578125,2008.703857421875,64.12188720703125,"[24, 32)","[76, 97)","[59, 82)",True
f1opt,0.0582255758345127,2139.png,33,Truck w/Box,0.1931082159280777,both,60,22.677901125051637,92,1550.009033203125,1668.6351318359375,1566.72705078125,1699.3975830078125,100.4319839477539,"[16, 24)","[76, 97)","[82, inf)",True
f1opt,0.0582255758345127,2139.png,34,Truck w/Box,0.1904941946268081,loc,53,20.882949256377824,92,1535.0533447265625,1538.4940795898438,1548.4989013671875,1570.9284057617188,88.3787841796875,"[16, 24)","[76, 97)","[82, inf)",True
f1opt,0.0582255758345127,2139.png,35,Truck w/Box,0.1881646960973739,bkg,-1,20.279475385733864,92,1648.198486328125,1536.0,1660.870361328125,1568.4543228149414,95.26107025146484,"[16, 24)","[76, 97)","[82, inf)",True
f1opt,0.0582255758345127,2139.png,36,Truck w/Box,0.1661924868822097,bkg,-1,28.16449655470875,92,2055.894897460937,2023.7726440429688,2074.2188720703125,2067.0623168945312,97.72555541992188,"[24, 32)","[76, 97)","[82, inf)",True
f1opt,0.0582255758345127,2139.png,37,Truck w/Box,0.1657824069261551,TP,83,20.86614059071152,92,1624.7742309570312,1536.0,1639.7461547851562,1565.0808200836182,91.5250015258789,"[16, 24)","[76, 97)","[82, inf)",False
f1opt,0.0246792733669281,2139.png,38,Cargo Truck,0.1531248688697815,bkg,-1,11.851765992360885,92,1956.3636474609373,926.8944091796876,1972.7926025390625,935.4442138671876,125.12352752685547,"[8, 16)","[76, 97)","[82, inf)",True
f1opt,0.0582255758345127,2139.png,39,Truck w/Box,0.1500114351511001,TP,5,18.299729719942434,92,1636.9713897705078,1536.1179904937744,1648.3177337646484,1565.6323528289795,149.22821044921875,"[16, 24)","[76, 97)","[82, inf)",False
f1opt,0.0246792733669281,2139.png,40,Cargo Truck,0.1468808650970459,TP,19,20.77720656459936,92,1580.919921875,1668.9152526855469,1596.2255859375,1697.1199951171875,106.45686340332031,"[16, 24)","[76, 97)","[82, inf)",False
f1opt,0.0246792733669281,2139.png,41,Cargo Truck,0.1286114156246185,loc,40,25.557595324567984,92,1522.6700439453125,1539.1113967895508,1540.0872802734375,1576.613941192627,110.82825469970703,"[24, 32)","[76, 97)","[82, inf)",True
f1opt,0.0246792733669281,2139.png,42,Cargo Truck,0.1274350732564926,bkg,-1,15.558032474646271,92,2865.6915283203125,2729.759521484375,2881.698608398437,2744.881103515625,121.08455657958984,"[8, 16)","[76, 97)","[82, inf)",True
f1opt,0.0582255758345127,2139.png,43,Truck w/Box,0.1272354274988174,TP,17,23.6489197738867,92,1544.2672119140625,1539.0615234375,1559.9903564453125,1574.6314697265625,96.67361450195312,"[16, 24)","[76, 97)","[82, inf)",False
f1opt,0.0246792733669281,2139.png,44,Cargo Truck,0.1244451701641082,cls,85,26.945749990462332,92,2517.9305419921875,1874.8985595703125,2537.182983398437,1912.6118774414065,65.62515258789062,"[24, 32)","[76, 97)","[59, 82)",True
f1opt,0.0246792733669281,2139.png,45,Cargo Truck,0.1203071847558021,bkg,-1,15.311420651148085,92,1594.7239685058594,2928.5223388671875,1607.4844512939453,2946.8946533203125,57.04511260986328,"[8, 16)","[76, 97)","[45, 59)",True
f1opt,0.0246792733669281,2139.png,46,Cargo Truck,0.1160468235611915,bkg,-1,17.946362472594107,92,1500.5824584960938,1596.836669921875,1531.5897827148438,1607.2236328125,111.29947662353516,"[16, 24)","[76, 97)","[82, inf)",True
f1opt,0.0582255758345127,2139.png,47,Truck w/Box,0.1051560938358306,TP,72,29.229886051861097,92,2511.2482299804688,1690.9531860351562,2548.4528198242188,1713.917724609375,62.65131759643555,"[24, 32)","[76, 97)","[59, 82)",False
f1opt,0.0246792733669281,2139.png,48,Cargo Truck,0.0937381908297538,bkg,-1,22.23704516480783,92,2528.113647460937,1993.1752071380613,2560.0,2008.682975769043,91.927734375,"[16, 24)","[76, 97)","[82, inf)",True
f1opt,0.0246792733669281,2139.png,49,Cargo Truck,0.0863940566778183,cls,5,19.49028299230798,92,1636.2110595703125,1536.0,1648.6905517578125,1566.4396305084229,147.2456512451172,"[16, 24)","[76, 97)","[82, inf)",True
f1opt,0.0246792733669281,2139.png,50,Cargo Truck,0.0818844512104988,bkg,-1,31.703315801502246,92,2053.9947509765625,2021.3370513916016,2076.2965087890625,2066.405258178711,93.65760803222656,"[24, 32)","[76, 97)","[82, inf)",True
f1opt,0.0246792733669281,2139.png,51,Cargo Truck,0.0736407563090324,bkg,-1,11.716002473132855,92,2373.1013793945312,1925.5007934570312,2381.873779296875,1941.1481323242188,100.42483520507812,"[8, 16)","[76, 97)","[82, inf)",True
f1opt,0.0582255758345127,2139.png,52,Truck w/Box,0.0732151791453361,cls,62,20.447097936137748,92,2352.837890625,1857.0367431640625,2368.853820800781,1883.1409912109373,54.718955993652344,"[16, 24)","[76, 97)","[45, 59)",True
f1opt,0.0246792733669281,2139.png,53,Cargo Truck,0.0714892745018005,cls,89,21.954570359355085,92,1604.2520141601562,1536.0,1620.2619018554688,1566.1065921783447,140.0569305419922,"[16, 24)","[76, 97)","[82, inf)",True
f1opt,0.0582255758345127,2139.png,54,Truck w/Box,0.0713317096233367,TP,89,21.085084049434258,92,1604.3339233398438,1536.0,1619.3615112304688,1565.584306716919,141.2624969482422,"[16, 24)","[76, 97)","[82, inf)",False
f1opt,0.0246792733669281,2139.png,55,Cargo Truck,0.0684310868382453,bkg,-1,14.64186998676056,92,1781.0780029296875,2016.848693847656,1792.0,2036.4773712158203,93.38095092773438,"[8, 16)","[76, 97)","[82, inf)",True
f1opt,0.0582255758345127,2139.png,56,Truck w/Box,0.068261481821537,bkg,-1,20.652461211604823,92,2540.6949768066406,2895.108642578125,2570.446563720703,2909.44482421875,133.18710327148438,"[16, 24)","[76, 97)","[82, inf)",True
f1opt,0.0582255758345127,2139.png,57,Truck w/Box,0.0654656067490577,bkg,-1,18.264198224655598,92,2550.24169921875,2919.863525390625,2560.0,2954.0478515625,163.36944580078125,"[16, 24)","[76, 97)","[82, inf)",True
f1opt,0.0582255758345127,2139.png,58,Truck w/Box,0.0654262900352478,cls,38,21.629139068257118,92,1555.0099487304688,1650.619857788086,1573.0807495117188,1676.5080108642578,85.15594482421875,"[16, 24)","[76, 97)","[82, inf)",True
f1opt,0.0246792733669281,2139.png,59,Cargo Truck,0.063255950808525,bkg,-1,17.165168012434137,92,1949.926513671875,901.8621520996094,1965.0882568359373,921.2954711914062,95.3781509399414,"[16, 24)","[76, 97)","[82, inf)",True
f1opt,0.0246792733669281,2139.png,60,Cargo Truck,0.0596573241055011,bkg,-1,11.733832302318937,92,2953.588623046875,2187.4275512695312,2963.968017578125,2200.6925659179688,125.25325012207031,"[8, 16)","[76, 97)","[82, inf)",True
f1opt,0.0246792733669281,2139.png,61,Cargo Truck,0.0547219328582286,bkg,-1,41.97917207889608,92,2421.0831298828125,1862.1603698730469,2481.9501953125,1891.112823486328,87.73606872558594,"[32, 48)","[76, 97)","[82, inf)",True
f1opt,0.0193771533668041,2139.png,62,Truck Tractor,0.054357286542654,cls,79,24.083059707547946,92,2640.634521484375,2523.940185546875,2670.814208984375,2543.158203125,86.39016723632812,"[24, 32)","[76, 97)","[82, inf)",True
f1opt,0.0246792733669281,2139.png,63,Cargo Truck,0.05357076972723,both,25,21.59550973343827,92,2381.6901245117188,1965.7778930664065,2394.3021850585938,2002.7556762695312,75.00187683105469,"[16, 24)","[76, 97)","[59, 82)",True
f1opt,0.0246792733669281,2139.png,64,Cargo Truck,0.048718187958002,bkg,-1,11.32095119036229,92,1737.4832763671875,1968.4605541229248,1746.0655517578125,1983.394115447998,119.4375,"[8, 16)","[76, 97)","[82, inf)",True
f1opt,0.0246792733669281,2139.png,65,Cargo Truck,0.0472653247416019,TP,51,13.444983877879528,92,2749.15478515625,2425.1666259765625,2769.67822265625,2433.9744873046875,108.96825408935547,"[8, 16)","[76, 97)","[82, inf)",False
f1opt,0.0246792733669281,2139.png,66,Cargo Truck,0.0470361150801181,TP,7,21.79508666488049,92,1589.718994140625,1536.0,1607.0184326171875,1563.4590301513672,85.65037536621094,"[16, 24)","[76, 97)","[82, inf)",False
f1opt,0.0246792733669281,2139.png,67,Cargo Truck,0.0464573130011558,TP,18,16.730298661554876,92,1499.5416259765625,1588.971794128418,1530.1119384765625,1598.127830505371,110.03693389892578,"[16, 24)","[76, 97)","[82, inf)",False
f1opt,0.0246792733669281,2139.png,68,Cargo Truck,0.038359984755516,bkg,-1,23.030154687898587,92,1557.7039794921875,1591.5081520080566,1573.6668701171875,1624.7344665527344,102.7301025390625,"[16, 24)","[76, 97)","[82, inf)",True
f1opt,0.0246792733669281,2139.png,69,Cargo Truck,0.0381145924329757,bkg,-1,10.659645510047383,92,2881.4765625,2744.4656372070312,2890.057006835937,2757.708312988281,135.6571502685547,"[8, 16)","[76, 97)","[82, inf)",True
f1opt,0.0246792733669281,2139.png,70,Cargo Truck,0.0368282981216907,bkg,-1,22.24461808773705,92,2276.364562988281,2521.0543212890625,2295.4359741210938,2547.0001220703125,104.56481170654297,"[16, 24)","[76, 97)","[82, inf)",True
f1opt,0.0246792733669281,2139.png,71,Cargo Truck,0.0360788665711879,bkg,-1,13.651209226082292,92,1602.6637115478516,2929.467834472656,1613.855972290039,2946.118225097656,72.0740737915039,"[8, 16)","[76, 97)","[59, 82)",True
f1opt,0.0246792733669281,2139.png,72,Cargo Truck,0.0315547175705432,loc,64,30.08061465332333,92,1570.5636596679688,1652.39501953125,1589.6826782226562,1699.7218933105469,101.68958282470703,"[24, 32)","[76, 97)","[82, inf)",True
f1opt,0.0246792733669281,2139.png,73,Cargo Truck,0.0314669981598854,loc,32,22.189508074339084,92,1600.3347778320312,1663.413917541504,1616.6691284179688,1693.5574035644531,114.9658432006836,"[16, 24)","[76, 97)","[82, inf)",True
f1opt,0.0246792733669281,2139.png,74,Cargo Truck,0.0312032215297222,bkg,-1,14.62902843796106,92,1365.3033447265625,1373.6024169921875,1376.5389404296875,1392.6497802734375,29.375,"[8, 16)","[76, 97)","[-inf, 45)",True
f1opt,0.0193771533668041,2139.png,75,Truck Tractor,0.0308509953320026,bkg,-1,27.102413390111515,92,2040.1318359375,1016.3034973144532,2063.50244140625,1047.7336120605469,38.11848831176758,"[24, 32)","[76, 97)","[-inf, 45)",True
f1opt,0.0246792733669281,2139.png,76,Cargo Truck,0.0305633656680583,bkg,-1,10.815804874982211,92,2855.333984375,2752.92724609375,2861.78466796875,2771.06201171875,69.52143096923828,"[8, 16)","[76, 97)","[59, 82)",True
f1opt,0.0246792733669281,2139.png,77,Cargo Truck,0.0282458160072565,bkg,-1,15.693133523831541,92,1445.937744140625,1255.1448974609375,1453.4437255859375,1287.955322265625,18.643096923828125,"[8, 16)","[76, 97)","[-inf, 45)",True
f1opt,0.0246792733669281,2139.png,78,Cargo Truck,0.0261439103633165,TP,79,23.58539928670049,92,2640.4779663085938,2524.72900390625,2670.6928100585938,2543.1395263671875,87.50967407226562,"[16, 24)","[76, 97)","[82, inf)",False
f1opt,0.0246792733669281,2292.png,0,Cargo Truck,0.3043901026248932,TP,25,13.74205990439856,30,889.7951049804688,2292.6236572265625,900.7333068847656,2309.8883056640625,90.31481170654297,"[8, 16)","[-inf, 31)","[82, inf)",False
f1opt,0.0246792733669281,2292.png,1,Cargo Truck,0.1425786167383194,cls,2,21.82341297711185,30,3306.89208984375,2379.9432373046875,3321.18310546875,2413.2691650390625,38.166072845458984,"[16, 24)","[-inf, 31)","[-inf, 45)",True
f1opt,0.0246792733669281,2292.png,2,Cargo Truck,0.1358165442943573,bkg,-1,9.609064892818395,30,92.46257781982422,1582.3775024414062,100.36791229248048,1594.0574798583984,66.0854721069336,"[8, 16)","[-inf, 31)","[59, 82)",True
f1opt,0.0246792733669281,2292.png,3,Cargo Truck,0.0657458677887916,cls,10,24.797993512758563,30,3318.544006347656,2369.4625244140625,3333.2164916992188,2411.3736572265625,36.80377960205078,"[24, 32)","[-inf, 31)","[-inf, 45)",True
f1opt,0.0246792733669281,2292.png,4,Cargo Truck,0.0519125461578369,bkg,-1,10.538296538076114,30,566.550048828125,1782.6495361328125,578.686279296875,1791.80029296875,53.5461540222168,"[8, 16)","[-inf, 31)","[45, 59)",True
f1opt,0.0582255758345127,2293.png,0,Truck w/Box,0.8026809096336365,cls,42,44.604060768083095,145,1624.5098876953125,898.1720581054688,1679.3714599609375,934.4364624023438,45.070945739746094,"[32, 48)","[97, inf)","[-inf, 45)",True
f1opt,0.2916500866413116,2293.png,1,Truck w/Flatbed,0.7728261351585388,cls,3,20.97229204662719,145,2578.772705078125,1620.3199462890625,2619.3980712890625,1631.1466064453125,86.56150817871094,"[16, 24)","[97, inf)","[82, inf)",True
f1opt,0.0582255758345127,2293.png,2,Truck w/Box,0.7722111344337463,cls,9,35.91651073468555,145,2863.767578125,827.0299072265625,2926.5983276367188,847.5611877441406,45.43452453613281,"[32, 48)","[97, inf)","[45, 59)",True
f1opt,0.0582255758345127,2293.png,3,Truck w/Box,0.721856951713562,both,77,25.28833308834346,145,2304.1329021453857,511.38482666015625,2329.820636749268,536.2799682617188,36.152366638183594,"[24, 32)","[97, inf)","[-inf, 45)",True
f1opt,0.2916500866413116,2293.png,4,Truck w/Flatbed,0.7079326510429382,bkg,-1,32.83916484575249,145,1819.7686462402344,1495.9991455078125,1840.769989013672,1547.3487548828125,40.289878845214844,"[32, 48)","[97, inf)","[-inf, 45)",True
f1opt,0.0582255758345127,2293.png,5,Truck w/Box,0.6657813787460327,cls,103,24.16907217670734,145,2411.726821899414,1515.8311767578125,2427.970230102539,1551.7930908203125,59.13831329345703,"[24, 32)","[97, inf)","[45, 59)",True
f1opt,0.0582255758345127,2293.png,6,Truck w/Box,0.6551901698112488,cls,96,25.242799649989028,145,2526.7827758789062,1594.9552307128906,2567.378448486328,1610.6514587402344,57.516807556152344,"[24, 32)","[97, inf)","[45, 59)",True
f1opt,0.0246792733669281,2293.png,7,Cargo Truck,0.6519333124160767,bkg,-1,28.560698986985486,145,1898.0472412109373,1536.163055419922,1914.4764404296875,1585.8132858276367,44.68470764160156,"[24, 32)","[97, inf)","[-inf, 45)",True
f1opt,0.0582255758345127,2293.png,8,Truck w/Box,0.6314454078674316,cls,122,38.598645774264796,145,1493.3651733398438,951.563934326172,1547.2470092773438,979.21435546875,58.48902893066406,"[32, 48)","[97, inf)","[45, 59)",True
f1opt,0.2916500866413116,2293.png,9,Truck w/Flatbed,0.6138213276863098,both,105,44.46409235580134,145,284.6429748535156,1833.2296142578125,322.5884704589844,1885.3321228027344,39.28011703491211,"[32, 48)","[97, inf)","[-inf, 45)",True
f1opt,0.2916500866413116,2293.png,10,Truck w/Flatbed,0.6126313209533691,TP,101,27.44398086521631,145,2305.302556037903,2129.4219970703125,2319.73770236969,2181.5982666015625,31.45911979675293,"[24, 32)","[97, inf)","[-inf, 45)",False
f1opt,0.0246792733669281,2293.png,11,Cargo Truck,0.602080762386322,TP,141,26.004138403978242,145,2285.6103515625,2623.9600830078125,2300.11962890625,2670.565795898437,66.15625,"[24, 32)","[97, inf)","[59, 82)",False
f1opt,0.0246792733669281,2293.png,12,Cargo Truck,0.5957401990890503,bkg,-1,20.72762816644754,145,2384.769897460937,938.94677734375,2398.825561523437,969.513427734375,92.44999694824219,"[16, 24)","[97, inf)","[82, inf)",True
f1opt,0.2916500866413116,2293.png,13,Truck w/Flatbed,0.5702163577079773,both,0,37.45893330428581,145,323.1058349609375,1796.0244903564453,353.2681884765625,1842.5451202392576,41.49622344970703,"[32, 48)","[97, inf)","[-inf, 45)",True
f1opt,0.0246792733669281,2293.png,14,Cargo Truck,0.556459367275238,bkg,-1,35.37410649192274,145,1407.1639404296875,143.68319702148438,1475.2552490234375,162.06039428710938,89.05579376220703,"[32, 48)","[97, inf)","[82, inf)",True
f1opt,0.0582255758345127,2293.png,15,Truck w/Box,0.5559499263763428,cls,125,27.30217561685416,145,2573.0,1587.5331420898438,2611.371898651123,1606.9590454101562,85.12051391601562,"[24, 32)","[97, inf)","[82, inf)",True
f1opt,0.2916500866413116,2293.png,16,Truck w/Flatbed,0.5541665554046631,cls,13,45.64282261038077,145,775.5601806640625,1384.5006103515625,825.6195068359375,1426.1165771484375,37.14865493774414,"[32, 48)","[97, inf)","[-inf, 45)",True
f1opt,0.0582255758345127,2293.png,17,Truck w/Box,0.5168088674545288,cls,83,19.516416577533086,145,2532.045379638672,1619.7129669189453,2570.4523010253906,1629.6302032470703,102.93006896972656,"[16, 24)","[97, inf)","[82, inf)",True
f1opt,0.0582255758345127,2293.png,18,Truck w/Box,0.5159261226654053,bkg,-1,31.03320656396536,145,2285.1317138671875,2676.98876953125,2304.781494140625,2726.0,60.244998931884766,"[24, 32)","[97, inf)","[59, 82)",True
f1opt,0.0582255758345127,2293.png,19,Truck w/Box,0.5145022869110107,loc,128,30.15331421787282,145,2594.3737030029297,918.0632934570312,2617.408363342285,957.5352172851562,53.62187576293945,"[24, 32)","[97, inf)","[45, 59)",True
f1opt,0.0582255758345127,2293.png,20,Truck w/Box,0.492260068655014,cls,48,34.14691189083352,145,1248.510498046875,1067.8884887695312,1295.3561401367188,1092.7789916992188,54.330928802490234,"[32, 48)","[97, inf)","[45, 59)",True
f1opt,0.0246792733669281,2293.png,21,Cargo Truck,0.4904393553733825,loc,123,26.23089584377808,145,274.956787109375,1884.7440185546875,298.6395263671875,1913.7972412109373,45.930667877197266,"[24, 32)","[97, inf)","[45, 59)",True
f1opt,0.0246792733669281,2293.png,22,Cargo Truck,0.4066270291805267,loc,81,31.533981864625066,145,259.3964538574219,1877.866455078125,289.2978210449219,1911.1221923828125,45.026729583740234,"[24, 32)","[97, inf)","[-inf, 45)",True
f1opt,0.2916500866413116,2293.png,23,Truck w/Flatbed,0.4027682840824127,bkg,-1,48.87456803484585,145,2415.2994384765625,2663.525390625,2453.534545898437,2726.0,21.285715103149414,"[48, 96)","[97, inf)","[-inf, 45)",True
f1opt,0.0193771533668041,2293.png,24,Truck Tractor,0.3946278095245361,bkg,-1,47.97006667629634,145,341.1060791015625,1845.474349975586,385.728271484375,1897.043472290039,57.967716217041016,"[32, 48)","[97, inf)","[45, 59)",True
f1opt,0.0582255758345127,2293.png,25,Truck w/Box,0.3934942483901977,cls,3,22.62461261967579,145,2576.5435791015625,1619.8270263671875,2619.0957832336426,1631.8563232421875,80.22552490234375,"[16, 24)","[97, inf)","[59, 82)",True
f1opt,0.0582255758345127,2293.png,26,Truck w/Box,0.3881561160087585,bkg,-1,30.18203867948069,145,1490.4494018554688,1189.743408203125,1514.6991577148438,1227.3089599609375,65.66358947753906,"[24, 32)","[97, inf)","[59, 82)",True
f1opt,0.0246792733669281,2293.png,27,Cargo Truck,0.3867792785167694,TP,20,29.7729816749088,145,1921.8607177734373,1536.0,1940.4510498046875,1583.6823348999023,45.87812423706055,"[24, 32)","[97, inf)","[45, 59)",False
f1opt,0.0582255758345127,2293.png,28,Truck w/Box,0.3604050576686859,cls,72,37.2836723719764,145,1299.4747314453125,1041.542236328125,1349.2205810546875,1069.4857177734375,54.62812805175781,"[32, 48)","[97, inf)","[45, 59)",True
f1opt,0.0246792733669281,2293.png,29,Cargo Truck,0.3365212082862854,cls,115,28.173387572548325,145,2578.182006835937,919.6961669921876,2599.5203857421875,956.8939208984376,35.20454406738281,"[24, 32)","[97, inf)","[-inf, 45)",True
f1opt,0.0246792733669281,2293.png,30,Cargo Truck,0.3276244103908539,bkg,-1,23.878167364219944,145,1361.4298095703125,2688.29345703125,1378.5992431640625,2721.501708984375,17.3006534576416,"[16, 24)","[97, inf)","[-inf, 45)",True
f1opt,0.0582255758345127,2293.png,31,Truck w/Box,0.3165798783302307,cls,65,30.680068425683466,145,772.3864250183105,2089.576416015625,791.6017875671387,2138.5615234375,60.132999420166016,"[24, 32)","[97, inf)","[59, 82)",True
f1opt,0.0246792733669281,2293.png,32,Cargo Truck,0.3111228346824646,TP,31,29.004809208635653,145,1884.0970458984373,1546.3104038238523,1901.299072265625,1595.216209411621,29.211111068725586,"[24, 32)","[97, inf)","[-inf, 45)",False
f1opt,0.2916500866413116,2293.png,33,Truck w/Flatbed,0.2988709211349487,bkg,-1,30.338481767892716,145,1624.9989013671875,553.2951049804688,1690.3729248046875,567.3744506835938,32.707462310791016,"[24, 32)","[97, inf)","[-inf, 45)",True
f1opt,0.0582255758345127,2293.png,34,Truck w/Box,0.288313090801239,cls,38,31.41720557646531,145,1432.69384765625,1474.1953125,1449.883056640625,1531.617431640625,81.87451934814453,"[24, 32)","[97, inf)","[82, inf)",True
f1opt,0.0246792733669281,2293.png,35,Cargo Truck,0.2737321853637695,bkg,-1,21.17873457783171,145,2848.65380859375,10.611793518066406,2868.290771484375,33.45335006713867,65.96428680419922,"[16, 24)","[97, inf)","[59, 82)",True
f1opt,0.0582255758345127,2293.png,36,Truck w/Box,0.2497878968715667,cls,12,26.11307230347242,145,2721.68994140625,844.3274536132812,2768.2108154296875,858.9852294921875,56.02361297607422,"[24, 32)","[97, inf)","[45, 59)",True
f1opt,0.0582255758345127,2293.png,37,Truck w/Box,0.2472815215587616,cls,132,27.36006589407423,145,1720.8409423828125,1193.8727722167969,1778.3627319335938,1206.8865051269531,55.72275924682617,"[24, 32)","[97, inf)","[45, 59)",True
f1opt,0.0246792733669281,2293.png,38,Cargo Truck,0.2456822395324707,bkg,-1,22.552371531957533,145,1706.5607299804688,1162.6043701171875,1738.581024169922,1178.4883422851562,84.29768371582031,"[16, 24)","[97, inf)","[82, inf)",True
f1opt,0.0582255758345127,2293.png,39,Truck w/Box,0.2453280538320541,bkg,-1,36.28684806185535,145,1331.596435546875,999.5302734375,1385.4072265625,1024.0,41.69163513183594,"[32, 48)","[97, inf)","[-inf, 45)",True
f1opt,0.0582255758345127,2293.png,40,Truck w/Box,0.2446880489587783,cls,84,21.98161094945798,145,2623.971160888672,1615.4949340820312,2663.206268310547,1627.8102111816406,97.88555145263672,"[16, 24)","[97, inf)","[82, inf)",True
f1opt,0.0582255758345127,2293.png,41,Truck w/Box,0.23251873254776,cls,75,30.43857080908302,145,1719.3102111816406,1203.1644897460938,1780.57080078125,1218.2885131835938,57.29233932495117,"[24, 32)","[97, inf)","[45, 59)",True
f1opt,0.0582255758345127,2293.png,42,Truck w/Box,0.2175971716642379,TP,115,27.30757133753021,145,2578.687707901001,919.0777587890624,2598.3641986846924,956.9759521484376,35.319549560546875,"[24, 32)","[97, inf)","[-inf, 45)",False
f1opt,0.0246792733669281,2293.png,43,Cargo Truck,0.213310420513153,both,128,28.637365613049273,145,2594.812286376953,919.7050170898438,2616.7613220214844,957.0687866210938,53.0579719543457,"[24, 32)","[97, inf)","[45, 59)",True
f1opt,0.0582255758345127,2293.png,44,Truck w/Box,0.2060488909482956,cls,85,27.86282912154503,145,2892.305419921875,862.80712890625,2947.760498046875,876.8065185546875,43.49761962890625,"[24, 32)","[97, inf)","[-inf, 45)",True
f1opt,0.0582255758345127,2293.png,45,Truck w/Box,0.2032274901866912,cls,56,30.68970770406496,145,1501.9107666015625,1005.1055908203124,1551.75927734375,1024.0,39.75128936767578,"[24, 32)","[97, inf)","[-inf, 45)",True
f1opt,0.0582255758345127,2293.png,46,Truck w/Box,0.1987615823745727,cls,31,29.821093889072404,145,1883.864013671875,1551.6153564453125,1902.3389892578125,1599.7506103515625,32.34897994995117,"[24, 32)","[97, inf)","[-inf, 45)",True
f1opt,0.0582255758345127,2293.png,47,Truck w/Box,0.1942950338125229,cls,58,29.42208093646083,145,1474.254638671875,1006.5108642578124,1523.7515869140625,1024.0,34.858890533447266,"[24, 32)","[97, inf)","[-inf, 45)",True
f1opt,0.0582255758345127,2293.png,48,Truck w/Box,0.191136822104454,both,81,31.671287350679208,145,260.24493408203125,1878.6306762695312,289.5038452148437,1912.9132385253904,45.20571517944336,"[24, 32)","[97, inf)","[-inf, 45)",True
f1opt,0.0246792733669281,2293.png,49,Cargo Truck,0.1897454708814621,TP,102,30.812311822544398,145,788.2874374389648,2214.676513671875,847.2067947387695,2230.7900390625,65.6823501586914,"[24, 32)","[97, inf)","[59, 82)",False
f1opt,0.0246792733669281,2293.png,50,Cargo Truck,0.1802183538675308,cls,127,30.55065297254822,145,2429.5994262695312,1256.22216796875,2452.8023071289062,1296.4474487304688,67.40650177001953,"[24, 32)","[97, inf)","[59, 82)",True
f1opt,0.0193771533668041,2293.png,51,Truck Tractor,0.1737908571958542,bkg,-1,47.109151209589406,145,2416.784545898437,2663.686279296875,2452.3990478515625,2726.0,21.816816329956055,"[32, 48)","[97, inf)","[-inf, 45)",True
f1opt,0.0582255758345127,2293.png,52,Truck w/Box,0.1712712347507476,cls,52,31.036111175029138,145,1165.02978515625,1106.3251037597656,1203.5682373046875,1131.319366455078,63.571006774902344,"[24, 32)","[97, inf)","[59, 82)",True
f1opt,0.0582255758345127,2293.png,53,Truck w/Box,0.1646466702222824,both,7,25.217771452078736,145,2822.0029296875,840.17333984375,2864.44287109375,855.15771484375,49.94331359863281,"[24, 32)","[97, inf)","[45, 59)",True
f1opt,0.0582255758345127,2293.png,54,Truck w/Box,0.156616136431694,cls,133,29.639229247871324,145,2608.166603088379,845.7519073486328,2664.9999771118164,861.2090911865234,51.992774963378906,"[24, 32)","[97, inf)","[45, 59)",True
f1opt,0.0246792733669281,2293.png,55,Cargo Truck,0.153810828924179,TP,112,23.705694304534937,145,1723.8321533203125,1268.5034790039062,1764.2843017578125,1282.3954467773438,58.20793533325195,"[16, 24)","[97, inf)","[45, 59)",False
f1opt,0.0246792733669281,2293.png,56,Cargo Truck,0.1479251384735107,TP,25,28.70328987496166,145,1870.0450439453125,1575.8005599975586,1889.1033935546875,1619.0298461914062,39.22999954223633,"[24, 32)","[97, inf)","[-inf, 45)",False
f1opt,0.0246792733669281,2293.png,57,Cargo Truck,0.1370046436786651,bkg,-1,16.925840899328968,145,1564.2225341796875,2286.6162109375,1576.0228271484375,2310.893920898437,31.018461227416992,"[16, 24)","[97, inf)","[-inf, 45)",True
f1opt,0.0246792733669281,2293.png,58,Cargo Truck,0.1319373250007629,TP,84,22.047103373549305,145,2623.965148925781,1615.8593521118164,2663.060302734375,1628.2924728393557,95.64459991455078,"[16, 24)","[97, inf)","[82, inf)",False
f1opt,0.0582255758345127,2293.png,59,Truck w/Box,0.1235266551375389,cls,44,46.45662787223906,145,1393.5894775390625,989.6959228515624,1460.2537841796875,1022.070343017578,60.415225982666016,"[32, 48)","[97, inf)","[59, 82)",True
f1opt,0.0582255758345127,2293.png,60,Truck w/Box,0.1213379353284835,TP,10,30.52573092075295,145,3574.982727050781,294.0557861328125,3596.4129028320312,337.5374755859375,53.299407958984375,"[24, 32)","[97, inf)","[45, 59)",False
f1opt,0.0582255758345127,2293.png,61,Truck w/Box,0.1213369816541671,bkg,-1,41.326942030980014,145,1431.7227172851562,785.3207855224609,1478.1588745117188,822.1006622314453,29.87116241455078,"[32, 48)","[97, inf)","[-inf, 45)",True
f1opt,0.0582255758345127,2293.png,62,Truck w/Box,0.1187447905540466,cls,142,24.451244739753296,145,2664.7169342041016,845.0484161376953,2709.483596801758,858.4035186767578,46.05279541015625,"[24, 32)","[97, inf)","[45, 59)",True
f1opt,0.0582255758345127,2293.png,63,Truck w/Box,0.1134453415870666,bkg,-1,27.290329529981992,145,2300.288330078125,2687.8056640625,2320.470703125,2724.707275390625,28.6842098236084,"[24, 32)","[97, inf)","[-inf, 45)",True
f1opt,0.0582255758345127,2293.png,64,Truck w/Box,0.1104152202606201,cls,74,44.0164016671445,145,1536.9719161987305,977.1826782226562,1586.2885971069336,1016.4684448242188,29.05392074584961,"[32, 48)","[97, inf)","[-inf, 45)",True
f1opt,0.0246792733669281,2293.png,65,Cargo Truck,0.1056340113282203,bkg,-1,22.508263451687426,145,1930.2830200195312,1049.8357543945312,1942.2858276367188,1092.0443725585938,26.840909957885742,"[16, 24)","[97, inf)","[-inf, 45)",True
f1opt,0.0582255758345127,2293.png,66,Truck w/Box,0.1047458872199058,both,75,30.73444772776245,145,1715.8768005371094,1210.8386535644531,1782.191375732422,1225.082977294922,51.867645263671875,"[24, 32)","[97, inf)","[45, 59)",True
f1opt,0.0246792733669281,2293.png,67,Cargo Truck,0.1024046912789344,TP,35,29.777307815860354,145,1888.822021484375,1638.27978515625,1905.869873046875,1690.29150390625,55.89413070678711,"[24, 32)","[97, inf)","[45, 59)",False
f1opt,0.0582255758345127,2293.png,68,Truck w/Box,0.1012749671936035,bkg,-1,39.9480602763735,145,1507.9701538085938,1465.0242919921875,1535.4244995117188,1523.151611328125,35.60023498535156,"[32, 48)","[97, inf)","[-inf, 45)",True
f1opt,0.0582255758345127,2293.png,69,Truck w/Box,0.1004619002342224,cls,13,44.595398536263126,145,775.8470458984375,1384.9737548828125,825.177978515625,1425.2882080078125,37.25396728515625,"[32, 48)","[97, inf)","[-inf, 45)",True
f1opt,0.0582255758345127,2293.png,70,Truck w/Box,0.099924586713314,bkg,-1,30.90076943434114,145,1281.972412109375,1102.15185546875,1323.0614013671875,1125.390625,32.21317672729492,"[24, 32)","[97, inf)","[-inf, 45)",True
f1opt,0.0582255758345127,2293.png,71,Truck w/Box,0.0987956821918487,bkg,-1,31.623146324149772,145,1622.0613708496094,552.73583984375,1690.9681701660156,567.24853515625,33.14039993286133,"[24, 32)","[97, inf)","[-inf, 45)",True
f1opt,0.0246792733669281,2293.png,72,Cargo Truck,0.0969428494572639,TP,65,26.731448169376982,145,773.143798828125,2089.535522460937,789.8624267578125,2132.2764892578125,65.32085418701172,"[24, 32)","[97, inf)","[59, 82)",False
f1opt,0.0246792733669281,2293.png,73,Cargo Truck,0.0954609811305999,bkg,-1,24.432385381371013,145,1710.1192626953125,1170.9573364257812,1747.4121704101562,1186.9641723632812,80.41486358642578,"[24, 32)","[97, inf)","[59, 82)",True
f1opt,0.0246792733669281,2293.png,74,Cargo Truck,0.0860706269741058,bkg,-1,15.951735942541054,145,245.850341796875,2194.5806274414062,257.7098999023437,2216.0365600585938,84.53845977783203,"[8, 16)","[97, inf)","[82, inf)",True
f1opt,0.0246792733669281,2293.png,75,Cargo Truck,0.0851335376501083,bkg,-1,48.00383246725994,145,340.3767395019531,1846.5578002929688,386.3078918457031,1896.7278442382808,58.09553527832031,"[48, 96)","[97, inf)","[45, 59)",True
f1opt,0.0246792733669281,2293.png,76,Cargo Truck,0.0850406289100647,TP,78,26.957981484788544,145,2278.6083984375,2558.719116210937,2292.440185546875,2611.2598876953125,79.73827362060547,"[24, 32)","[97, inf)","[59, 82)",False
f1opt,0.0582255758345127,2293.png,77,Truck w/Box,0.0819946080446243,both,65,22.65403403919647,145,768.0,2094.233154296875,777.7816610336304,2146.69921875,38.166038513183594,"[16, 24)","[97, inf)","[-inf, 45)",True
f1opt,0.0246792733669281,2293.png,78,Cargo Truck,0.076554998755455,bkg,-1,37.22900458418491,145,1503.3353271484375,834.3717803955078,1544.1043701171875,868.3681335449219,30.670068740844727,"[32, 48)","[97, inf)","[-inf, 45)",True
f1opt,0.0582255758345127,2293.png,79,Truck w/Box,0.0746160373091697,cls,0,35.29356705982274,145,312.90679931640625,1794.3707275390625,345.49810791015625,1832.590606689453,38.520362854003906,"[32, 48)","[97, inf)","[-inf, 45)",True
f1opt,0.0246792733669281,2293.png,80,Cargo Truck,0.0737612023949623,bkg,-1,29.57977555650894,145,1592.8079833984375,798.0976047515869,1636.8897705078125,817.9462356567383,31.38888931274414,"[24, 32)","[97, inf)","[-inf, 45)",True
f1opt,0.0582255758345127,2293.png,81,Truck w/Box,0.0667237266898155,cls,25,30.783163125473415,145,1869.6242065429688,1576.1517333984375,1889.8790893554688,1622.9356689453125,36.9260368347168,"[24, 32)","[97, inf)","[-inf, 45)",True
f1opt,0.0582255758345127,2293.png,82,Truck w/Box,0.0652940422296524,bkg,-1,25.57524126868449,145,1536.0,1463.459716796875,1548.3845624923706,1516.27490234375,44.02279281616211,"[24, 32)","[97, inf)","[-inf, 45)",True
f1opt,0.0582255758345127,2293.png,83,Truck w/Box,0.0651045590639114,cls,86,27.44817869396414,145,2666.2706909179688,1458.6471557617188,2725.077880859375,1471.4585571289062,34.34642791748047,"[24, 32)","[97, inf)","[-inf, 45)",True
f1opt,0.0582255758345127,2293.png,84,Truck w/Box,0.0639830231666565,bkg,-1,30.083315788070664,145,1896.5553283691409,1530.43115234375,1914.1421813964844,1581.890380859375,44.33603286743164,"[24, 32)","[97, inf)","[-inf, 45)",True
f1opt,0.0582255758345127,2293.png,85,Truck w/Box,0.0638105273246765,bkg,-1,25.69022613446626,145,2553.407989501953,1562.3522815704346,2581.5071716308594,1585.840072631836,38.26005935668945,"[24, 32)","[97, inf)","[-inf, 45)",True
f1opt,0.0246792733669281,2293.png,86,Cargo Truck,0.0626678690314292,bkg,-1,14.865866380931159,145,768.0826654434204,2167.8905029296875,778.6504173278809,2188.8026123046875,64.59917449951172,"[8, 16)","[97, inf)","[59, 82)",True
f1opt,0.0246792733669281,2293.png,87,Cargo Truck,0.0569537542760372,TP,32,26.540553882578084,145,1888.0140380859373,1595.1625862121582,1903.458740234375,1640.770523071289,52.576087951660156,"[24, 32)","[97, inf)","[45, 59)",False
f1opt,0.0246792733669281,2293.png,88,Cargo Truck,0.0554335601627826,bkg,-1,28.756968236456245,145,1536.0,726.6522827148438,1554.4734268188477,771.4172973632812,44.202518463134766,"[24, 32)","[97, inf)","[-inf, 45)",True
f1opt,0.0246792733669281,2293.png,89,Cargo Truck,0.0530264824628829,loc,33,34.910750403571285,145,1872.1653747558596,1616.992919921875,1892.914459228516,1675.73095703125,43.227779388427734,"[32, 48)","[97, inf)","[-inf, 45)",True
f1opt,0.0246792733669281,2293.png,90,Cargo Truck,0.0502461902797222,bkg,-1,12.964661766457674,145,1080.581787109375,883.8985595703125,1097.5888671875,893.7816467285156,51.46464538574219,"[8, 16)","[97, inf)","[45, 59)",True
f1opt,0.0246792733669281,2293.png,91,Cargo Truck,0.0467962697148323,TP,34,28.291250876152453,145,1901.6360473632808,1623.4102783203125,1918.8898315429688,1669.7998046875,53.248226165771484,"[24, 32)","[97, inf)","[45, 59)",False
f1opt,0.0246792733669281,2293.png,92,Cargo Truck,0.0453520454466342,TP,50,36.585360134333534,145,1212.0770263671875,1083.1658325195312,1257.81689453125,1112.4288940429688,57.091304779052734,"[32, 48)","[97, inf)","[45, 59)",False
f1opt,0.0246792733669281,2293.png,93,Cargo Truck,0.0403027199208736,loc,20,32.81371090561975,145,1908.6807861328125,1536.0,1929.5050048828125,1587.7061233520508,39.661712646484375,"[32, 48)","[97, inf)","[-inf, 45)",True
f1opt,0.0246792733669281,2293.png,94,Cargo Truck,0.038548108190298,TP,28,26.84810768855801,145,1910.4061279296875,1581.2014770507812,1927.2605590820312,1623.9689178466797,46.65503692626953,"[24, 32)","[97, inf)","[45, 59)",False
f1opt,0.0246792733669281,2293.png,95,Cargo Truck,0.0365956909954547,bkg,-1,18.879277557978533,145,963.4683685302734,1014.5377349853516,977.8906707763672,1039.2513427734375,77.515380859375,"[16, 24)","[97, inf)","[59, 82)",True
f1opt,0.0246792733669281,2293.png,96,Cargo Truck,0.0364962145686149,TP,82,28.800810341385077,145,1774.3978271484375,2616.4908447265625,1791.226806640625,2665.780029296875,45.518890380859375,"[24, 32)","[97, inf)","[45, 59)",False
f1opt,0.0246792733669281,2293.png,97,Cargo Truck,0.0343160927295684,bkg,-1,11.919603125685597,145,1351.4017333984375,2157.6725463867188,1363.748779296875,2169.1795043945312,49.958580017089844,"[8, 16)","[97, inf)","[45, 59)",True
f1opt,0.0193771533668041,2293.png,98,Truck Tractor,0.0341891832649707,bkg,-1,18.204808971787852,145,947.0000610351562,1105.9398193359375,960.9780883789062,1129.6495361328125,96.605712890625,"[16, 24)","[97, inf)","[82, inf)",True
f1opt,0.0246792733669281,2293.png,99,Cargo Truck,0.0315625332295894,bkg,-1,16.23461092414007,145,1037.5332641601562,1898.259765625,1050.0213623046875,1919.3648681640625,54.149349212646484,"[16, 24)","[97, inf)","[45, 59)",True
f1opt,0.0246792733669281,2293.png,100,Cargo Truck,0.0292972307652235,loc,30,25.844875186944325,145,1900.579498291016,1561.2467041015625,1923.7323913574216,1590.0965576171875,46.036109924316406,"[24, 32)","[97, inf)","[45, 59)",True
f1opt,0.0193771533668041,2293.png,101,Truck Tractor,0.0289091672748327,both,30,21.498056919985537,145,1903.808532714844,1567.2061767578125,1924.4739379882808,1589.5704345703125,47.4071159362793,"[16, 24)","[97, inf)","[45, 59)",True
f1opt,0.0246792733669281,2293.png,102,Cargo Truck,0.0257003363221883,bkg,-1,24.857428054886732,145,1643.447021484375,1832.0453491210935,1664.4609375,1861.449279785156,71.01515197753906,"[24, 32)","[97, inf)","[59, 82)",True
f1opt,0.0193771533668041,2293.png,103,Truck Tractor,0.0236143060028553,cls,105,43.36200055086004,145,284.1256103515625,1831.0333099365237,320.4586181640625,1882.7841339111328,39.30613327026367,"[32, 48)","[97, inf)","[-inf, 45)",True
f1opt,0.0246792733669281,2308.png,0,Cargo Truck,0.754364013671875,TP,44,27.053970543319764,76,5873.0474853515625,2470.820678710937,5895.2373046875,2503.805053710937,62.95907974243164,"[24, 32)","[31, 76)","[59, 82)",False
f1opt,0.0246792733669281,2308.png,1,Cargo Truck,0.7479478120803833,TP,18,25.874296326214157,76,6161.7786865234375,4816.133056640625,6198.6409912109375,4834.294677734375,43.88088607788086,"[24, 32)","[31, 76)","[-inf, 45)",False
f1opt,0.0246792733669281,2308.png,2,Cargo Truck,0.7333517074584961,bkg,-1,29.283322588159535,76,3145.8634033203125,3543.051147460937,3165.730834960937,3586.212890625,29.445886611938477,"[24, 32)","[31, 76)","[-inf, 45)",True
f1opt,0.0246792733669281,2308.png,3,Cargo Truck,0.7328527569770813,bkg,-1,22.468481073194095,76,2539.1532287597656,10.311058044433594,2574.134826660156,24.742435455322266,19.409259796142578,"[16, 24)","[31, 76)","[-inf, 45)",True
f1opt,0.0246792733669281,2308.png,4,Cargo Truck,0.7254222631454468,bkg,-1,32.61995785535017,76,5503.799072265625,4071.675842285156,5549.779296875,4094.8175659179688,66.99201965332031,"[32, 48)","[31, 76)","[59, 82)",True
f1opt,0.0246792733669281,2308.png,5,Cargo Truck,0.6890498399734497,TP,71,32.34437570035762,76,3975.725341796875,3711.0869140625,4004.094055175781,3747.964111328125,99.87567901611328,"[32, 48)","[31, 76)","[82, inf)",False
f1opt,0.0246792733669281,2308.png,6,Cargo Truck,0.6864045262336731,bkg,-1,40.066999186877446,76,2870.34326171875,4055.0411987304688,2910.27001953125,4095.2489318847656,43.151100158691406,"[32, 48)","[31, 76)","[-inf, 45)",True
f1opt,0.0582255758345127,2308.png,7,Truck w/Box,0.6476563215255737,bkg,-1,68.8972623261796,76,4145.731323242188,745.14306640625,4203.752197265625,826.95556640625,51.1535758972168,"[48, 96)","[31, 76)","[45, 59)",True
f1opt,0.0246792733669281,2308.png,8,Cargo Truck,0.6425682902336121,bkg,-1,23.839273936302945,76,4319.182495117188,2673.4497985839844,4339.267456054688,2701.745147705078,40.46469497680664,"[16, 24)","[31, 76)","[-inf, 45)",True
f1opt,0.0246792733669281,2308.png,9,Cargo Truck,0.6392514705657959,bkg,-1,21.233780823772324,76,2213.4285888671875,0.0,2237.1158447265625,19.03443145751953,23.077999114990234,"[16, 24)","[31, 76)","[-inf, 45)",True
f1opt,0.0246792733669281,2308.png,10,Cargo Truck,0.624408483505249,bkg,-1,30.330259567367523,76,5877.4993896484375,2323.0838623046875,5902.3858642578125,2360.0487060546875,44.919029235839844,"[24, 32)","[31, 76)","[-inf, 45)",True
f1opt,0.0246792733669281,2308.png,11,Cargo Truck,0.6127761602401733,bkg,-1,30.62631713427492,76,2160.865478515625,6.390903472900391,2187.132568359375,42.09989547729492,34.66795349121094,"[24, 32)","[31, 76)","[-inf, 45)",True
f1opt,0.0582255758345127,2308.png,12,Truck w/Box,0.6075328588485718,cls,37,49.51787016875796,76,6370.565155029297,2824.0572509765625,6407.036407470703,2891.288818359375,76.92298889160156,"[48, 96)","[31, 76)","[59, 82)",True
f1opt,0.0246792733669281,2308.png,13,Cargo Truck,0.5697640776634216,TP,19,30.09309254430251,76,6148.6475830078125,4832.9947509765625,6196.172729492188,4852.0498046875,32.406219482421875,"[24, 32)","[31, 76)","[-inf, 45)",False
f1opt,0.0246792733669281,2308.png,14,Cargo Truck,0.5683755278587341,bkg,-1,32.87526812229899,76,5419.3056640625,519.893798828125,5445.651092529297,560.9173583984375,25.267196655273438,"[32, 48)","[31, 76)","[-inf, 45)",True
f1opt,0.0246792733669281,2308.png,15,Cargo Truck,0.5681059956550598,bkg,-1,25.63048021954225,76,178.59881591796875,4151.9102783203125,201.11602783203125,4181.08447265625,78.80376434326172,"[24, 32)","[31, 76)","[59, 82)",True
f1opt,0.0246792733669281,2308.png,16,Cargo Truck,0.568009614944458,bkg,-1,36.91309936962399,76,6507.832183837891,2866.9580078125,6564.450714111328,2891.02392578125,75.96021270751953,"[32, 48)","[31, 76)","[59, 82)",True
f1opt,0.0246792733669281,2308.png,17,Cargo Truck,0.5425807237625122,TP,73,52.96555692773686,76,4435.9114990234375,194.71823120117188,4487.52001953125,249.07650756835935,31.700471878051758,"[48, 96)","[31, 76)","[-inf, 45)",False
f1opt,0.0246792733669281,2308.png,18,Cargo Truck,0.5415101647377014,TP,28,37.3076631803207,76,6539.4716796875,3022.3699951171875,6569.432189941406,3068.826538085937,90.94165802001953,"[32, 48)","[31, 76)","[82, inf)",False
f1opt,0.0246792733669281,2308.png,19,Cargo Truck,0.5371347665786743,TP,40,32.255344611566436,76,5737.992431640625,2447.448135375977,5764.2073974609375,2487.1356658935547,58.7691650390625,"[32, 48)","[31, 76)","[45, 59)",False
f1opt,0.0246792733669281,2308.png,20,Cargo Truck,0.5225067138671875,bkg,-1,55.12114247914733,76,4723.798522949219,73.56680297851562,4778.261901855469,129.35365295410156,20.271930694580078,"[48, 96)","[31, 76)","[-inf, 45)",True
f1opt,0.0246792733669281,2308.png,21,Cargo Truck,0.5024996995925903,bkg,-1,33.429043890455674,76,2278.460327148437,4052.4730224609375,2305.223022460937,4094.2289428710938,40.06478500366211,"[32, 48)","[31, 76)","[-inf, 45)",True
f1opt,0.0246792733669281,2308.png,22,Cargo Truck,0.5006399154663086,bkg,-1,23.584181715414093,76,5437.708450317383,1413.5635375976562,5456.425827026367,1443.2799682617188,21.911291122436523,"[16, 24)","[31, 76)","[-inf, 45)",True
f1opt,0.0246792733669281,2308.png,23,Cargo Truck,0.4935256242752075,TP,32,28.960958061488807,76,6531.4107666015625,2989.7978515625,6557.290771484375,3022.20654296875,94.71895599365234,"[24, 32)","[31, 76)","[82, inf)",False
f1opt,0.0246792733669281,2308.png,24,Cargo Truck,0.4707499146461487,bkg,-1,23.086853416301768,76,5186.362182617188,3579.6917419433594,5205.976196289063,3606.866333007813,73.43571472167969,"[16, 24)","[31, 76)","[59, 82)",True
f1opt,0.0246792733669281,2308.png,25,Cargo Truck,0.4694835543632507,bkg,-1,23.211424345472462,76,3435.401397705078,3123.640014648437,3454.0855407714844,3152.4757080078125,36.36000061035156,"[16, 24)","[31, 76)","[-inf, 45)",True
f1opt,0.0246792733669281,2308.png,26,Cargo Truck,0.4452651143074035,bkg,-1,50.123653261335164,76,4894.056640625,233.3294677734375,4952.4749755859375,276.336181640625,21.190292358398438,"[48, 96)","[31, 76)","[-inf, 45)",True
f1opt,0.0246792733669281,2308.png,27,Cargo Truck,0.4156723022460937,bkg,-1,34.535547411527915,76,3864.623718261719,5374.6126708984375,3889.6326293945312,5422.3038330078125,53.80769348144531,"[32, 48)","[31, 76)","[45, 59)",True
f1opt,0.0246792733669281,2308.png,28,Cargo Truck,0.3777410387992859,loc,13,21.824155139301237,76,5978.981506347656,4843.9287109375,6002.711608886719,4864.0,81.07238006591797,"[16, 24)","[31, 76)","[59, 82)",True
f1opt,0.2916500866413116,2308.png,29,Truck w/Flatbed,0.3609665930271148,bkg,-1,46.0404921754246,76,911.0389404296876,4321.6060791015625,996.7286376953124,4346.343322753906,74.63998413085938,"[32, 48)","[31, 76)","[59, 82)",True
f1opt,0.0246792733669281,2308.png,30,Cargo Truck,0.3557631075382232,bkg,-1,30.3451014678407,76,6355.8424072265625,5030.7786865234375,6393.9698486328125,5054.929931640625,114.52922821044922,"[24, 32)","[31, 76)","[82, inf)",True
f1opt,0.0246792733669281,2308.png,31,Cargo Truck,0.3474153578281402,bkg,-1,79.87627746143667,76,5333.062561035156,3331.4476928710938,5425.553894042969,3400.4295043945312,38.26651382446289,"[48, 96)","[31, 76)","[-inf, 45)",True
f1opt,0.0246792733669281,2308.png,32,Cargo Truck,0.347012996673584,bkg,-1,76.4544060225746,76,4206.266052246094,561.580810546875,4274.369812011719,647.4097900390625,46.422454833984375,"[48, 96)","[31, 76)","[45, 59)",True
f1opt,0.0246792733669281,2308.png,33,Cargo Truck,0.3457500338554382,bkg,-1,38.166271605730365,76,5532.8272705078125,3783.855407714844,5564.4903564453125,3829.8605346679688,73.82527160644531,"[32, 48)","[31, 76)","[59, 82)",True
f1opt,0.0582255758345127,2308.png,34,Truck w/Box,0.3423057198524475,bkg,-1,36.538155300386016,76,3916.329223632813,1455.5999755859375,3946.524536132813,1499.8133544921875,60.556270599365234,"[32, 48)","[31, 76)","[59, 82)",True
f1opt,0.0246792733669281,2308.png,35,Cargo Truck,0.3322080075740814,TP,35,34.94126159047353,76,6327.718475341797,2841.5797729492188,6360.908599853516,2878.364562988281,59.56501388549805,"[32, 48)","[31, 76)","[59, 82)",False
f1opt,0.2916500866413116,2308.png,36,Truck w/Flatbed,0.3176808655261993,bkg,-1,74.55075639659856,76,2862.6329345703125,4622.128829956055,2963.0411376953125,4677.481033325195,49.527835845947266,"[48, 96)","[31, 76)","[45, 59)",True
f1opt,0.0246792733669281,2308.png,37,Cargo Truck,0.3162189126014709,TP,65,25.280234826904643,76,3009.0375366210938,2104.7413940429688,3043.4105834960938,2123.3341674804688,66.66000366210938,"[24, 32)","[31, 76)","[59, 82)",False
f1opt,0.0582255758345127,2308.png,38,Truck w/Box,0.2845255136489868,bkg,-1,51.63410724209597,76,4126.443603515625,4081.175674438477,4168.668762207031,4144.315307617188,99.13590240478516,"[48, 96)","[31, 76)","[82, inf)",True
f1opt,0.0246792733669281,2308.png,39,Cargo Truck,0.2780288457870483,bkg,-1,44.771069927183845,76,2516.598022460937,4486.1412353515625,2560.0,4532.3245849609375,44.024662017822266,"[32, 48)","[31, 76)","[-inf, 45)",True
f1opt,0.0246792733669281,2308.png,40,Cargo Truck,0.269451379776001,TP,75,32.50755497620219,76,3190.92724609375,2096.050720214844,3250.0048828125,2113.9380493164062,70.12386322021484,"[32, 48)","[31, 76)","[59, 82)",False
f1opt,0.0246792733669281,2308.png,41,Cargo Truck,0.2655119597911834,TP,62,29.53735629483449,76,1774.3446044921875,2261.705078125,1797.947998046875,2298.668212890625,68.09977722167969,"[24, 32)","[31, 76)","[59, 82)",False
f1opt,0.0582255758345127,2308.png,42,Truck w/Box,0.2567010521888733,bkg,-1,47.05778162673369,76,573.7042236328125,316.7096252441406,661.857421875,341.8299255371094,122.94598388671875,"[32, 48)","[31, 76)","[82, inf)",True
f1opt,0.0246792733669281,2308.png,43,Cargo Truck,0.2521379590034485,bkg,-1,33.68477098291669,76,5082.832550048828,526.0355224609375,5105.748382568359,575.5499267578125,21.525833129882812,"[32, 48)","[31, 76)","[-inf, 45)",True
f1opt,0.0246792733669281,2308.png,44,Cargo Truck,0.2471320778131485,bkg,-1,31.642749616917506,76,4062.22216796875,3085.4364309310918,4096.0,3115.079055786133,39.58633804321289,"[24, 32)","[31, 76)","[-inf, 45)",True
f1opt,0.0246792733669281,2308.png,45,Cargo Truck,0.2470142543315887,TP,74,43.47399614932822,76,3364.9127197265625,3297.141326904297,3404.512634277344,3344.868408203125,49.07316970825195,"[32, 48)","[31, 76)","[45, 59)",False
f1opt,0.0246792733669281,2308.png,46,Cargo Truck,0.2307196408510208,bkg,-1,37.03003525894391,76,1609.047607421875,5091.616271972656,1658.7333984375,5119.214172363281,79.649658203125,"[32, 48)","[31, 76)","[59, 82)",True
f1opt,0.0246792733669281,2308.png,47,Cargo Truck,0.2277068197727203,bkg,-1,62.260820722343446,76,4214.263000488281,809.900821685791,4262.959411621094,889.5044250488281,43.817081451416016,"[48, 96)","[31, 76)","[-inf, 45)",True
f1opt,0.0246792733669281,2308.png,48,Cargo Truck,0.2268622368574142,TP,31,24.795393811813188,76,6513.122497558594,2999.687744140625,6534.2174072265625,3028.832763671875,100.801513671875,"[24, 32)","[31, 76)","[82, inf)",False
f1opt,0.0246792733669281,2308.png,49,Cargo Truck,0.210203930735588,bkg,-1,24.560052769205083,76,5192.44091796875,3504.541778564453,5216.06982421875,3530.0696716308594,32.54222106933594,"[24, 32)","[31, 76)","[-inf, 45)",True
f1opt,0.0246792733669281,2308.png,50,Cargo Truck,0.2100367099046707,bkg,-1,32.16064646613807,76,3900.28857421875,5397.2060546875,3941.61767578125,5422.232177734375,62.661170959472656,"[32, 48)","[31, 76)","[59, 82)",True
f1opt,0.0246792733669281,2308.png,51,Cargo Truck,0.1947532445192337,bkg,-1,26.104368778876207,76,5853.637420654297,2231.0194091796875,5875.211517333984,2262.6053466796875,38.502716064453125,"[24, 32)","[31, 76)","[-inf, 45)",True
f1opt,0.0246792733669281,2308.png,52,Cargo Truck,0.1864478290081024,bkg,-1,34.316464504524326,76,4042.697265625,1157.561981201172,4072.814025878906,1196.6637878417969,43.994354248046875,"[32, 48)","[31, 76)","[-inf, 45)",True
f1opt,0.0246792733669281,2308.png,53,Cargo Truck,0.1864058822393417,bkg,-1,19.679239078666214,76,3293.3992919921875,1905.336181640625,3322.4122314453125,1918.6844482421875,153.75238037109375,"[16, 24)","[31, 76)","[82, inf)",True
f1opt,0.0246792733669281,2308.png,54,Cargo Truck,0.1792434602975845,bkg,-1,22.06715726865877,76,5279.7152099609375,1552.0313720703125,5297.4010009765625,1579.5653076171875,18.68609046936035,"[16, 24)","[31, 76)","[-inf, 45)",True
f1opt,0.0246792733669281,2308.png,55,Cargo Truck,0.177412673830986,bkg,-1,27.040353406937193,76,5244.17626953125,1536.688102722168,5264.990234375,1571.8174362182615,11.75,"[24, 32)","[31, 76)","[-inf, 45)",True
f1opt,0.0582255758345127,2308.png,56,Truck w/Box,0.1773078292608261,bkg,-1,33.75953574891354,76,1542.919605255127,2972.263000488281,1592.2523765563965,2995.3654174804688,21.562908172607422,"[32, 48)","[31, 76)","[-inf, 45)",True
f1opt,0.0246792733669281,2308.png,57,Cargo Truck,0.1730518341064453,loc,46,26.369672771735587,76,5614.9210205078125,1359.1190185546875,5632.0,1399.8333740234375,30.472900390625,"[24, 32)","[31, 76)","[-inf, 45)",True
f1opt,0.0246792733669281,2308.png,58,Cargo Truck,0.1600907295942306,bkg,-1,32.57491009856076,76,4555.9473876953125,3290.1834716796875,4584.0072021484375,3328.0,55.607017517089844,"[32, 48)","[31, 76)","[45, 59)",True
f1opt,0.0246792733669281,2308.png,59,Cargo Truck,0.1547743082046508,TP,3,32.2862864691408,76,2560.756896972656,4635.609939575195,2596.6112060546875,4664.68327331543,61.311710357666016,"[32, 48)","[31, 76)","[59, 82)",False
f1opt,0.0246792733669281,2308.png,60,Cargo Truck,0.1462732851505279,TP,61,23.287464136743854,76,1710.4388732910156,2188.501220703125,1744.5000915527344,2204.4227294921875,48.884033203125,"[16, 24)","[31, 76)","[45, 59)",False
f1opt,0.0246792733669281,2308.png,61,Cargo Truck,0.1400873363018036,bkg,-1,28.9777606573436,76,5633.981872558594,1451.474853515625,5658.514709472656,1485.702880859375,30.309890747070312,"[24, 32)","[31, 76)","[-inf, 45)",True
f1opt,0.0246792733669281,2308.png,62,Cargo Truck,0.1375984251499176,loc,35,25.624857693515455,76,6335.6915283203125,2872.97607421875,6362.010192871094,2897.9254150390625,58.646976470947266,"[24, 32)","[31, 76)","[45, 59)",True
f1opt,0.0246792733669281,2308.png,63,Cargo Truck,0.134842649102211,TP,48,38.83234382175918,76,2346.812545776367,3673.7373046875,2374.509658813477,3728.181640625,67.5584945678711,"[32, 48)","[31, 76)","[59, 82)",False
f1opt,0.0246792733669281,2308.png,64,Cargo Truck,0.134457066655159,bkg,-1,51.66993065723841,76,4600.265625,103.09312438964844,4651.273681640625,155.4335174560547,19.316762924194336,"[48, 96)","[31, 76)","[-inf, 45)",True
f1opt,0.0246792733669281,2308.png,65,Cargo Truck,0.1283799260854721,bkg,-1,18.199956032777173,76,5513.625244140625,4855.1146240234375,5550.904296875,4864.0,53.71052551269531,"[16, 24)","[31, 76)","[45, 59)",True
f1opt,0.0246792733669281,2308.png,66,Cargo Truck,0.1280426681041717,TP,42,26.007864563575918,76,5819.3763427734375,2397.037475585937,5857.950256347656,2414.5728759765625,60.017093658447266,"[24, 32)","[31, 76)","[59, 82)",False
f1opt,0.0246792733669281,2308.png,67,Cargo Truck,0.1277978718280792,bkg,-1,26.531509525076476,76,6069.3692626953125,3127.4971923828125,6090.7620849609375,3160.401733398437,68.4772720336914,"[24, 32)","[31, 76)","[59, 82)",True
f1opt,0.0582255758345127,2308.png,68,Truck w/Box,0.1271076500415802,bkg,-1,41.69510289322315,76,6745.550537109375,2773.4409790039062,6828.095703125,2794.501953125,50.631492614746094,"[32, 48)","[31, 76)","[45, 59)",True
f1opt,0.0246792733669281,2308.png,69,Cargo Truck,0.1219598874449729,bkg,-1,31.512886218663027,76,5400.756593704224,1270.8963012695312,5428.320526123047,1306.9238891601562,32.19571304321289,"[24, 32)","[31, 76)","[-inf, 45)",True
f1opt,0.0246792733669281,2308.png,70,Cargo Truck,0.1203272864222526,bkg,-1,29.622508137738084,76,4721.279228210449,1972.5980834960935,4765.950012207031,1992.2416381835935,23.964021682739258,"[24, 32)","[31, 76)","[-inf, 45)",True
f1opt,0.0246792733669281,2308.png,71,Cargo Truck,0.1188593506813049,bkg,-1,31.342853237132722,76,5607.401245117188,2569.577453613281,5632.185546875,2609.2144165039062,32.47092056274414,"[24, 32)","[31, 76)","[-inf, 45)",True
f1opt,0.0246792733669281,2308.png,72,Cargo Truck,0.1149180456995964,bkg,-1,31.94538489520379,76,3606.328857421875,2106.173217773437,3648.1849365234375,2130.5545654296875,65.05023193359375,"[24, 32)","[31, 76)","[59, 82)",True
f1opt,0.0246792733669281,2308.png,73,Cargo Truck,0.1112701445817947,bkg,-1,45.57647762715063,76,4332.239440917969,359.64288330078125,4379.015441894531,404.0505981445313,49.71059799194336,"[32, 48)","[31, 76)","[45, 59)",True
f1opt,0.0246792733669281,2308.png,74,Cargo Truck,0.0920311957597732,bkg,-1,27.73321333883552,76,2010.0073852539065,618.4835205078125,2029.968994140625,657.0140380859375,57.09000015258789,"[24, 32)","[31, 76)","[45, 59)",True
f1opt,0.0582255758345127,2308.png,75,Truck w/Box,0.0867643281817436,both,47,30.28805264636018,76,5615.061401367188,1139.5955810546875,5632.0,1193.75390625,21.32941246032715,"[24, 32)","[31, 76)","[-inf, 45)",True
f1opt,0.0246792733669281,2308.png,76,Cargo Truck,0.0821765214204788,bkg,-1,20.843665083762083,76,4460.1400146484375,2337.62410736084,4477.895385742188,2362.093231201172,21.155982971191406,"[16, 24)","[31, 76)","[-inf, 45)",True
f1opt,0.0246792733669281,2308.png,77,Cargo Truck,0.081429898738861,TP,70,42.74783600801238,76,4209.7042236328125,3008.6651611328125,4271.2904052734375,3038.3370361328125,23.224782943725586,"[32, 48)","[31, 76)","[-inf, 45)",False
f1opt,0.0246792733669281,2308.png,78,Cargo Truck,0.0792627856135368,TP,37,44.49590492811282,76,6372.5902099609375,2820.895812988281,6400.0,2893.1286010742188,76.78861236572266,"[32, 48)","[31, 76)","[59, 82)",False
f1opt,0.0246792733669281,2308.png,79,Cargo Truck,0.0788142010569572,bkg,-1,40.68413807783637,76,2907.676513671875,4375.07373046875,2948.087890625,4416.032470703125,64.24036407470703,"[32, 48)","[31, 76)","[59, 82)",True
f1opt,0.0246792733669281,2308.png,80,Cargo Truck,0.0784156844019889,bkg,-1,34.343547712249716,76,4375.396545410156,995.2565612792968,4408.289489746094,1031.1146850585938,20.30047607421875,"[32, 48)","[31, 76)","[-inf, 45)",True
f1opt,0.0246792733669281,2308.png,81,Cargo Truck,0.076468139886856,bkg,-1,21.95787215102933,76,5393.4736328125,1541.6832275390625,5412.384300231934,1567.1793212890625,23.985185623168945,"[16, 24)","[31, 76)","[-inf, 45)",True
f1opt,0.0582255758345127,2308.png,82,Truck w/Box,0.0743935108184814,bkg,-1,82.53241542836845,76,4540.599670410156,657.7322998046875,4615.976379394531,748.0997314453125,21.840103149414062,"[48, 96)","[31, 76)","[-inf, 45)",True
f1opt,0.0246792733669281,2308.png,83,Cargo Truck,0.0737732574343681,bkg,-1,35.19937592927386,76,6294.932434082031,2898.6893310546875,6347.517456054688,2922.2510986328125,41.17333221435547,"[32, 48)","[31, 76)","[-inf, 45)",True
f1opt,0.0582255758345127,2308.png,84,Truck w/Box,0.0730857998132705,bkg,-1,55.517529734353054,76,1732.476318359375,5001.586975097656,1792.0,5053.367980957031,73.63239288330078,"[48, 96)","[31, 76)","[59, 82)",True
f1opt,0.0246792733669281,2308.png,85,Cargo Truck,0.0718629956245422,bkg,-1,30.990086171000247,76,2818.6671752929688,4108.190185546875,2847.4694213867188,4141.5343017578125,57.2529411315918,"[24, 32)","[31, 76)","[45, 59)",True
f1opt,0.0246792733669281,2308.png,86,Cargo Truck,0.0707394257187843,bkg,-1,12.719907923776809,76,302.396728515625,3425.174865722656,319.7547607421875,3434.4959716796875,53.844444274902344,"[8, 16)","[31, 76)","[45, 59)",True
f1opt,0.0246792733669281,2308.png,87,Cargo Truck,0.0705739185214042,bkg,-1,24.083677044123423,76,5299.3170166015625,4417.628784179688,5332.5181884765625,4435.0987548828125,27.582042694091797,"[24, 32)","[31, 76)","[-inf, 45)",True
f1opt,0.0246792733669281,2308.png,88,Cargo Truck,0.0704878345131874,bkg,-1,30.768214878633753,76,3300.0899658203125,2556.071746826172,3327.3946533203125,2590.7428283691406,47.58571243286133,"[24, 32)","[31, 76)","[45, 59)",True
f1opt,0.0246792733669281,2308.png,89,Cargo Truck,0.0690029338002204,TP,27,29.7206601071565,76,6517.125549316406,3036.30322265625,6541.814514160156,3072.0810546875,98.8735122680664,"[24, 32)","[31, 76)","[82, inf)",False
f1opt,0.0246792733669281,2308.png,90,Cargo Truck,0.0665103122591972,bkg,-1,38.04174184382605,76,2200.3299560546875,4770.347534179688,2238.1353759765625,4808.6270751953125,50.96384048461914,"[32, 48)","[31, 76)","[45, 59)",True
f1opt,0.0246792733669281,2308.png,91,Cargo Truck,0.0639993548393249,bkg,-1,16.173102283440453,76,5617.228759765625,4835.513671875,5632.0,4853.2216796875,71.34736633300781,"[16, 24)","[31, 76)","[59, 82)",True
f1opt,0.0246792733669281,2308.png,92,Cargo Truck,0.0637630224227905,bkg,-1,63.239773973977854,76,4977.441223144531,142.34475708007812,5044.953552246094,201.58236694335935,18.242647171020508,"[48, 96)","[31, 76)","[-inf, 45)",True
f1opt,0.0246792733669281,2308.png,93,Cargo Truck,0.0634741112589836,bkg,-1,26.97739008604316,76,4157.141876220703,4936.903137207031,4197.924774169922,4954.748352050781,128.9088592529297,"[24, 32)","[31, 76)","[82, inf)",True
f1opt,0.0246792733669281,2308.png,94,Cargo Truck,0.0629677921533584,bkg,-1,28.045831669359657,76,5415.963081359863,3415.01025390625,5455.713180541992,3434.798095703125,26.184146881103516,"[24, 32)","[31, 76)","[-inf, 45)",True
f1opt,0.0246792733669281,2308.png,95,Cargo Truck,0.0629566013813018,bkg,-1,22.859770086971935,76,5536.690979003906,1047.278839111328,5555.877624511719,1074.5149230957031,25.875,"[16, 24)","[31, 76)","[-inf, 45)",True
f1opt,0.0246792733669281,2308.png,96,Cargo Truck,0.0608968622982502,bkg,-1,41.399717132263476,76,2008.2811584472656,727.8968505859375,2035.334381103516,791.2510986328125,34.663185119628906,"[32, 48)","[31, 76)","[-inf, 45)",True
f1opt,0.0246792733669281,2308.png,97,Cargo Truck,0.0596242137253284,TP,54,23.864896929720384,76,343.52789306640625,898.5174560546875,363.77972412109375,926.6400146484376,67.1133041381836,"[16, 24)","[31, 76)","[59, 82)",False
f1opt,0.0246792733669281,2308.png,98,Cargo Truck,0.0595977008342742,bkg,-1,58.53592349985673,76,1938.4766540527344,5164.750183105469,2006.0332946777344,5215.469909667969,55.92837142944336,"[48, 96)","[31, 76)","[45, 59)",True
f1opt,0.0246792733669281,2308.png,99,Cargo Truck,0.0595307610929012,bkg,-1,21.60053217984796,76,4477.913635253906,2333.7752990722656,4498.793518066406,2356.121353149414,22.301136016845703,"[16, 24)","[31, 76)","[-inf, 45)",True
f1opt,0.0246792733669281,2308.png,100,Cargo Truck,0.0588395856320858,bkg,-1,38.40289812322778,76,5487.371765136719,566.3200073242188,5517.587020874023,615.1292114257812,19.152902603149414,"[32, 48)","[31, 76)","[-inf, 45)",True
f1opt,0.0582255758345127,2308.png,101,Truck w/Box,0.058442398905754,bkg,-1,37.12613319082775,76,5668.6915283203125,1999.4168701171875,5724.82958984375,2023.9697265625,16.383859634399414,"[32, 48)","[31, 76)","[-inf, 45)",True
f1opt,0.0246792733669281,2308.png,102,Cargo Truck,0.0569947697222232,bkg,-1,38.01697080133469,76,1834.905334472656,389.5236206054688,1873.3869018554688,427.0816040039063,39.29999923706055,"[32, 48)","[31, 76)","[-inf, 45)",True
f1opt,0.0246792733669281,2308.png,103,Cargo Truck,0.0565428957343101,bkg,-1,36.94249788107268,76,3883.8380737304688,5370.4356689453125,3909.536071777344,5423.542846679688,79.98422241210938,"[32, 48)","[31, 76)","[59, 82)",True
f1opt,0.0246792733669281,2308.png,104,Cargo Truck,0.0547128096222877,TP,59,24.01028395400259,76,793.5015258789062,2791.5870361328125,812.3682250976562,2822.1431884765625,80.4078140258789,"[24, 32)","[31, 76)","[59, 82)",False
f1opt,0.0246792733669281,2308.png,105,Cargo Truck,0.0507280491292476,TP,36,43.308247739886234,76,6352.567779541016,2833.5157470703125,6383.631805419922,2893.8944091796875,71.71721649169922,"[32, 48)","[31, 76)","[59, 82)",False
f1opt,0.0246792733669281,2308.png,106,Cargo Truck,0.0484502092003822,bkg,-1,42.4901736762936,76,3974.921936035156,1468.5153198242188,4012.372833251953,1516.7228393554688,48.694923400878906,"[32, 48)","[31, 76)","[45, 59)",True
f1opt,0.0246792733669281,2308.png,107,Cargo Truck,0.0468336753547191,bkg,-1,27.64166808896128,76,5226.526977539063,1537.3957595825195,5246.942993164063,1574.8203887939453,19.226816177368164,"[24, 32)","[31, 76)","[-inf, 45)",True
f1opt,0.0246792733669281,2308.png,108,Cargo Truck,0.0457517430186271,bkg,-1,27.482852946236545,76,3282.681640625,4846.850341796875,3326.7237548828125,4864.0,61.758026123046875,"[24, 32)","[31, 76)","[59, 82)",True
f1opt,0.0246792733669281,2308.png,109,Cargo Truck,0.0454230718314647,bkg,-1,25.541402181711316,76,5545.712677001953,822.16943359375,5565.985961914063,854.347900390625,24.271284103393555,"[24, 32)","[31, 76)","[-inf, 45)",True
f1opt,0.0193771533668041,2308.png,110,Truck Tractor,0.0451841279864311,bkg,-1,27.73151424173845,76,6123.402282714844,3383.2852478027344,6147.346496582031,3415.403106689453,41.94424057006836,"[24, 32)","[31, 76)","[-inf, 45)",True
f1opt,0.0246792733669281,2308.png,111,Cargo Truck,0.0438081994652748,loc,55,48.70421549185599,76,4087.99104309082,1187.4559631347656,4135.225769042969,1237.6753845214844,43.149658203125,"[48, 96)","[31, 76)","[-inf, 45)",True
f1opt,0.0246792733669281,2308.png,112,Cargo Truck,0.0428678542375564,bkg,-1,24.67028930332431,76,3360.6365966796875,397.3156433105469,3382.291381835937,425.4213562011719,21.96101951599121,"[24, 32)","[31, 76)","[-inf, 45)",True
f1opt,0.0246792733669281,2308.png,113,Cargo Truck,0.0418785624206066,bkg,-1,49.83057344900906,76,4521.016662597656,587.4642944335938,4567.472839355469,640.9143676757812,24.905832290649414,"[48, 96)","[31, 76)","[-inf, 45)",True
f1opt,0.0246792733669281,2308.png,114,Cargo Truck,0.0412711761891841,bkg,-1,24.832260343206407,76,1850.7778930664065,439.2454833984375,1869.6956176757808,471.8414306640625,25.712121963500977,"[24, 32)","[31, 76)","[-inf, 45)",True
f1opt,0.0246792733669281,2308.png,115,Cargo Truck,0.0400887541472911,bkg,-1,30.79543823290263,76,5923.44482421875,4061.01904296875,5949.208984375,4097.828277587891,40.66366195678711,"[24, 32)","[31, 76)","[-inf, 45)",True
f1opt,0.0246792733669281,2308.png,116,Cargo Truck,0.0400143191218376,bkg,-1,24.161993017665022,76,5152.887878417969,897.7644653320312,5190.514587402344,913.2800903320312,11.432880401611328,"[24, 32)","[31, 76)","[-inf, 45)",True
f1opt,0.0246792733669281,2308.png,117,Cargo Truck,0.0389467701315879,bkg,-1,35.26479215559451,76,4608.0,465.9534301757813,4623.625394821167,545.5421752929688,17.86188316345215,"[32, 48)","[31, 76)","[-inf, 45)",True
f1opt,0.0246792733669281,2308.png,118,Cargo Truck,0.0374509654939174,bkg,-1,31.15932951625817,76,3473.537353515625,3139.570251464844,3500.0271606445312,3176.2222290039062,63.426692962646484,"[24, 32)","[31, 76)","[59, 82)",True
f1opt,0.0246792733669281,2308.png,119,Cargo Truck,0.0374245718121528,bkg,-1,22.98771967043938,76,4524.715881347656,2547.75537109375,4567.872375488281,2560.0,74.92657470703125,"[16, 24)","[31, 76)","[59, 82)",True
f1opt,0.0246792733669281,2308.png,120,Cargo Truck,0.03736537322402,bkg,-1,21.05994521030024,76,4171.474578857422,2304.3951740264893,4190.736663818359,2327.4207859039307,116.53333282470703,"[16, 24)","[31, 76)","[82, inf)",True
f1opt,0.0246792733669281,2308.png,121,Cargo Truck,0.0369953028857708,bkg,-1,35.216586987918426,76,6180.0,528.581787109375,6209.269721984863,570.9534912109375,27.549612045288086,"[32, 48)","[31, 76)","[-inf, 45)",True
f1opt,0.0246792733669281,2308.png,122,Cargo Truck,0.0368692018091678,TP,69,32.40489761673884,76,6145.259647369385,4225.1488037109375,6191.352344512939,4247.9306640625,44.082332611083984,"[32, 48)","[31, 76)","[-inf, 45)",False
f1opt,0.0246792733669281,2308.png,123,Cargo Truck,0.0365282893180847,bkg,-1,37.12367004222267,76,3626.9273681640634,2261.374267578125,3663.3095703125,2299.2545166015625,38.65519714355469,"[32, 48)","[31, 76)","[-inf, 45)",True
f1opt,0.0246792733669281,2308.png,124,Cargo Truck,0.0359236225485801,bkg,-1,24.349084074569916,76,5377.751691818237,1541.2947998046875,5401.100612640381,1566.6868896484375,15.083076477050781,"[24, 32)","[31, 76)","[-inf, 45)",True
f1opt,0.0246792733669281,2308.png,125,Cargo Truck,0.0346897281706333,bkg,-1,40.00454823854497,76,4424.479248046875,1010.3962707519532,4458.744018554688,1057.102081298828,15.232142448425293,"[32, 48)","[31, 76)","[-inf, 45)",True
f1opt,0.0246792733669281,2308.png,126,Cargo Truck,0.0336148999631404,bkg,-1,20.26488383236493,76,5280.1298828125,1536.4384670257568,5301.639892578125,1555.5303001403809,22.565908432006836,"[16, 24)","[31, 76)","[-inf, 45)",True
f1opt,0.0246792733669281,2308.png,127,Cargo Truck,0.033384121954441,bkg,-1,18.89459037534916,76,5550.343933105469,4853.055603027344,5583.278869628906,4863.895324707031,51.986629486083984,"[16, 24)","[31, 76)","[45, 59)",True
f1opt,0.0246792733669281,2308.png,128,Cargo Truck,0.0332006700336933,bkg,-1,45.040294975212134,76,2399.867630004883,4778.480346679688,2450.053039550781,4818.903015136719,45.79315185546875,"[32, 48)","[31, 76)","[45, 59)",True
f1opt,0.0246792733669281,2308.png,129,Cargo Truck,0.0326470248401165,bkg,-1,21.593808535908497,76,4713.714370727539,4849.3975830078125,4746.0177001953125,4863.8323974609375,67.45098114013672,"[16, 24)","[31, 76)","[59, 82)",True
f1opt,0.0246792733669281,2308.png,130,Cargo Truck,0.0315563827753067,bkg,-1,29.842844126968174,76,4607.790649414063,1983.2919921875,4649.5482177734375,2004.6197509765625,14.06765365600586,"[24, 32)","[31, 76)","[-inf, 45)",True
f1opt,0.0246792733669281,2308.png,131,Cargo Truck,0.0309321023523807,bkg,-1,20.166743325319004,76,1187.5934448242188,972.8175048828124,1205.4577026367188,995.58349609375,33.199562072753906,"[16, 24)","[31, 76)","[-inf, 45)",True
f1opt,0.0246792733669281,2308.png,132,Cargo Truck,0.0306005626916885,bkg,-1,12.743045597240785,76,3458.2101440429688,34.228614807128906,3469.556579589844,48.54017639160156,18.53333282470703,"[8, 16)","[31, 76)","[-inf, 45)",True
f1opt,0.0246792733669281,2308.png,133,Cargo Truck,0.029542651027441,bkg,-1,20.11088170020797,76,3931.013000488281,505.51751708984375,3951.984298706055,524.8032836914062,24.700000762939453,"[16, 24)","[31, 76)","[-inf, 45)",True
f1opt,0.0246792733669281,2308.png,134,Cargo Truck,0.0294134076684713,TP,52,37.264777959012754,76,2436.771240234375,3120.213432312012,2485.2865600585938,3148.8366317749023,106.5413818359375,"[32, 48)","[31, 76)","[82, inf)",False
f1opt,0.0193771533668041,2308.png,135,Truck Tractor,0.0286422930657863,bkg,-1,39.268584840018605,76,5267.0107421875,2480.198455810547,5319.4072265625,2509.628326416016,63.1194953918457,"[32, 48)","[31, 76)","[59, 82)",True
f1opt,0.0246792733669281,2308.png,136,Cargo Truck,0.0276753958314657,bkg,-1,27.288106952114852,76,5436.157272338867,2622.4223022460938,5463.610702514648,2649.5460815429688,43.56377410888672,"[24, 32)","[31, 76)","[-inf, 45)",True
f1opt,0.0193771533668041,2308.png,137,Truck Tractor,0.0271223839372396,bkg,-1,69.90227608582856,76,3464.715576171875,4232.766540527344,3528.5419921875,4309.323059082031,31.388757705688477,"[48, 96)","[31, 76)","[-inf, 45)",True
f1opt,0.0246792733669281,2308.png,138,Cargo Truck,0.0268602054566144,bkg,-1,24.840729509431767,76,4033.5689086914062,4317.712585449219,4053.765686035156,4348.265075683594,83.83036041259766,"[24, 32)","[31, 76)","[82, inf)",True
f1opt,0.0246792733669281,2308.png,139,Cargo Truck,0.0267597921192646,bkg,-1,23.563195833320947,76,5060.629669189453,573.97216796875,5079.850006103516,602.8594970703125,17.85333251953125,"[16, 24)","[31, 76)","[-inf, 45)",True
f1opt,0.0246792733669281,2308.png,140,Cargo Truck,0.025712925940752,bkg,-1,30.267690059992635,76,3072.0,4062.251892089844,3094.449966430664,4103.059661865234,46.9265022277832,"[24, 32)","[31, 76)","[45, 59)",True
f1opt,0.0193771533668041,2308.png,141,Truck Tractor,0.0253214463591575,bkg,-1,17.30821711191346,76,6387.464111328125,4181.650604248047,6400.0,4205.547943115234,47.390769958496094,"[16, 24)","[31, 76)","[45, 59)",True
f1opt,0.0246792733669281,2308.png,142,Cargo Truck,0.025142703205347,bkg,-1,18.167305772106097,76,7086.445190429688,2304.0268020629883,7114.400024414063,2315.8333826065063,61.534481048583984,"[16, 24)","[31, 76)","[59, 82)",True
f1opt,0.0246792733669281,2308.png,143,Cargo Truck,0.0250279754400253,loc,19,23.401925976893285,76,6180.158826828003,4818.4541015625,6197.723907470703,4849.632446289063,42.86458206176758,"[16, 24)","[31, 76)","[-inf, 45)",True
f1opt,0.0246792733669281,2308.png,144,Cargo Truck,0.0246792733669281,TP,39,23.173996522776267,76,6550.885437011719,2966.223388671875,6571.151062011719,2992.72314453125,78.04376983642578,"[16, 24)","[31, 76)","[59, 82)",False
f1opt,0.0582255758345127,2384.png,0,Truck w/Box,0.7276070713996887,cls,89,17.311995973204645,90,301.16278076171875,696.0938110351562,312.48712158203125,722.5593872070312,52.58024597167969,"[16, 24)","[76, 97)","[45, 59)",True
f1opt,0.0582255758345127,2384.png,1,Truck w/Box,0.6157438158988953,TP,48,17.06808092198137,90,80.17153930664062,1004.5038452148438,107.11224365234376,1015.3171997070312,77.09821319580078,"[16, 24)","[76, 97)","[59, 82)",False
f1opt,0.0246792733669281,2384.png,2,Cargo Truck,0.4973688423633575,bkg,-1,21.912271920827134,90,1084.8154296875,701.179931640625,1108.159423828125,721.748291015625,53.16761779785156,"[16, 24)","[76, 97)","[45, 59)",True
f1opt,0.0582255758345127,2384.png,3,Truck w/Box,0.2588168978691101,TP,85,17.906840809806628,90,14.563281059265137,1004.3997192382812,42.8687629699707,1015.7280883789062,79.5948257446289,"[16, 24)","[76, 97)","[59, 82)",False
f1opt,0.0582255758345127,2384.png,4,Truck w/Box,0.2293440252542495,bkg,-1,12.377341545773934,90,345.95254707336426,742.1019287109375,365.3246574401856,750.0101318359375,81.29629516601562,"[8, 16)","[76, 97)","[59, 82)",True
f1opt,0.0582255758345127,2384.png,5,Truck w/Box,0.191104456782341,bkg,-1,25.237102498583155,90,272.78173828125,548.8865051269531,291.9403076171875,582.1307067871094,88.0999984741211,"[24, 32)","[76, 97)","[82, inf)",True
f1opt,0.0582255758345127,2384.png,6,Truck w/Box,0.1844473779201507,bkg,-1,13.470240637699609,90,1.2501564025878906,1136.191162109375,18.30874252319336,1146.827880859375,77.9595947265625,"[8, 16)","[76, 97)","[59, 82)",True
f1opt,0.0582255758345127,2384.png,7,Truck w/Box,0.174188882112503,both,76,11.742279709728669,90,310.33612060546875,697.339111328125,317.117919921875,717.670166015625,54.369049072265625,"[8, 16)","[76, 97)","[45, 59)",True
f1opt,0.0582255758345127,2384.png,8,Truck w/Box,0.172258511185646,TP,73,15.36147563303303,90,69.8677978515625,1016.1474609375,99.9185791015625,1024.0,66.24596405029297,"[8, 16)","[76, 97)","[59, 82)",False
f1opt,0.0582255758345127,2384.png,9,Truck w/Box,0.1472705155611038,bkg,-1,12.14926789441661,90,3.0753135681152344,1001.8765869140624,19.15993881225586,1011.0533447265624,76.6898422241211,"[8, 16)","[76, 97)","[59, 82)",True
f1opt,0.0582255758345127,2384.png,10,Truck w/Box,0.1447914242744445,bkg,-1,14.9705179594947,90,439.5735931396485,803.388916015625,450.9780731201172,823.04052734375,32.63492202758789,"[8, 16)","[76, 97)","[-inf, 45)",True
f1opt,0.0582255758345127,2384.png,11,Truck w/Box,0.1434900760650634,TP,52,13.139336623098345,90,427.5676574707031,9.293811798095703,436.0544128417969,29.6363525390625,48.74285888671875,"[8, 16)","[76, 97)","[45, 59)",False
f1opt,0.0246792733669281,2384.png,12,Cargo Truck,0.1391436159610748,bkg,-1,9.431779590545394,90,495.40185546875,0.2113609313964843,504.1087646484375,10.42835807800293,100.60909271240234,"[8, 16)","[76, 97)","[82, inf)",True
f1opt,0.0246792733669281,2384.png,13,Cargo Truck,0.1356678456068039,cls,54,13.667851648567678,90,500.5912780761719,8.60507583618164,511.6962585449219,25.42727279663086,92.73611450195312,"[8, 16)","[76, 97)","[82, inf)",True
f1opt,0.0246792733669281,2384.png,14,Cargo Truck,0.1176146790385246,bkg,-1,11.298302403058301,90,59.13661956787109,643.3661499023438,68.0262451171875,657.7257690429688,43.439998626708984,"[8, 16)","[76, 97)","[-inf, 45)",True
f1opt,0.0246792733669281,2384.png,15,Cargo Truck,0.1172198131680488,bkg,-1,13.765301477611908,90,865.610107421875,1313.518310546875,877.6705322265625,1329.2294921875,44.02714920043945,"[8, 16)","[76, 97)","[-inf, 45)",True
f1opt,0.0246792733669281,2384.png,16,Cargo Truck,0.0937535762786865,bkg,-1,7.973257943572729,90,508.2602233886719,25.043930053710938,516.828857421875,32.46318054199219,103.81944274902344,"[0, 8)","[76, 97)","[82, inf)",True
f1opt,0.0582255758345127,2384.png,17,Truck w/Box,0.0789854526519775,bkg,-1,15.153946793941476,90,84.01605224609375,995.5360717773438,107.45989990234376,1005.3314819335938,62.47348403930664,"[8, 16)","[76, 97)","[59, 82)",True
f1opt,0.0246792733669281,2384.png,18,Cargo Truck,0.0738960579037666,bkg,-1,8.37311219175902,90,1054.961181640625,408.1038818359375,1061.0322265625,419.6519775390625,56.63541793823242,"[8, 16)","[76, 97)","[45, 59)",True
f1opt,0.0246792733669281,2384.png,19,Cargo Truck,0.0724824294447898,bkg,-1,8.044749256302442,90,380.8566665649414,803.4321899414062,385.7384796142578,816.6891479492188,88.08333587646484,"[8, 16)","[76, 97)","[82, inf)",True
f1opt,0.0246792733669281,2384.png,20,Cargo Truck,0.0698612034320831,bkg,-1,9.401607101832946,90,481.4708557128906,0.2557172775268554,489.6277160644531,11.092020988464355,83.40740966796875,"[8, 16)","[76, 97)","[82, inf)",True
f1opt,0.0246792733669281,2384.png,21,Cargo Truck,0.0665823444724083,bkg,-1,6.712371946812536,90,386.4109878540039,802.6266479492188,389.5431594848633,817.0115356445312,69.296875,"[0, 8)","[76, 97)","[59, 82)",True
f1opt,0.0246792733669281,2384.png,22,Cargo Truck,0.0636422112584114,bkg,-1,9.016261452666667,90,424.6023254394531,799.653076171875,433.0714416503906,809.2518310546875,71.73636627197266,"[8, 16)","[76, 97)","[59, 82)",True
f1opt,0.0246792733669281,2384.png,23,Cargo Truck,0.0607517696917057,bkg,-1,8.486195787774154,90,396.8716506958008,795.2030029296875,402.18595123291016,808.7542724609375,82.21428680419922,"[8, 16)","[76, 97)","[82, inf)",True
f1opt,0.0246792733669281,2384.png,24,Cargo Truck,0.0578762888908386,bkg,-1,10.370715986078116,90,848.22900390625,1322.4761962890625,857.56201171875,1334.0,48.608333587646484,"[8, 16)","[76, 97)","[45, 59)",True
f1opt,0.0246792733669281,2384.png,25,Cargo Truck,0.0556774288415908,loc,34,6.256907499430145,90,336.8039245605469,797.7282104492188,340.7672424316406,807.6060180664062,73.12727355957031,"[0, 8)","[76, 97)","[59, 82)",True
f1opt,0.0246792733669281,2384.png,26,Cargo Truck,0.0537763945758342,bkg,-1,14.231777811455885,90,422.462890625,70.29246520996094,432.3040771484375,90.87367248535156,50.60173034667969,"[8, 16)","[76, 97)","[45, 59)",True
f1opt,0.0246792733669281,2384.png,27,Cargo Truck,0.0476365834474563,bkg,-1,9.997749510492037,90,896.2279663085938,853.3857421875,906.1666870117188,863.44287109375,44.37190246582031,"[8, 16)","[76, 97)","[-inf, 45)",True
f1opt,0.0246792733669281,2384.png,28,Cargo Truck,0.046854730695486,TP,82,10.464705354909054,90,17.41421127319336,475.3427429199219,29.86563491821289,484.1377258300781,75.26923370361328,"[8, 16)","[76, 97)","[59, 82)",False
f1opt,0.0246792733669281,2384.png,29,Cargo Truck,0.0454570353031158,cls,73,13.844583047527962,90,72.90304565429688,1017.2327880859376,101.22674560546876,1024.0,65.44761657714844,"[8, 16)","[76, 97)","[59, 82)",True
f1opt,0.0246792733669281,2384.png,30,Cargo Truck,0.0405517593026161,bkg,-1,8.631849375676634,90,399.3498764038086,794.56494140625,405.022834777832,807.698974609375,81.57142639160156,"[8, 16)","[76, 97)","[59, 82)",True
f1opt,0.0246792733669281,2384.png,31,Cargo Truck,0.0402990505099296,bkg,-1,8.470709347959014,90,411.1329345703125,799.0822143554688,420.4525146484375,806.7813720703125,74.51249694824219,"[8, 16)","[76, 97)","[59, 82)",True
f1opt,0.0246792733669281,2384.png,32,Cargo Truck,0.0370825305581092,bkg,-1,8.692981220660531,90,424.05120849609375,804.0797729492188,432.1515502929688,813.4087524414062,61.63333511352539,"[8, 16)","[76, 97)","[59, 82)",True
f1opt,0.0246792733669281,2384.png,33,Cargo Truck,0.0344146117568016,bkg,-1,7.966473397540015,90,505.18402099609375,31.738805770874023,515.3480224609375,37.982872009277344,113.7272720336914,"[0, 8)","[76, 97)","[82, inf)",True
f1opt,0.0246792733669281,2384.png,34,Cargo Truck,0.0308308117091655,bkg,-1,11.407747078165809,90,456.4874267578125,90.9113998413086,463.6343383789063,109.12020111083984,67.5374984741211,"[8, 16)","[76, 97)","[59, 82)",True
f1opt,0.0246792733669281,2384.png,35,Cargo Truck,0.0286044813692569,bkg,-1,8.631925738433223,90,410.81488037109375,806.7310791015625,419.173828125,815.6448974609375,61.150001525878906,"[8, 16)","[76, 97)","[59, 82)",True
f1opt,0.0246792733669281,2384.png,36,Cargo Truck,0.027825454249978,bkg,-1,8.424458025958174,90,501.09478759765625,0.0,509.29779052734375,8.651891708374023,78.24691009521484,"[8, 16)","[76, 97)","[59, 82)",True
f1opt,0.0246792733669281,2384.png,37,Cargo Truck,0.0276558734476566,bkg,-1,7.34857162450107,90,380.3678283691406,815.3457641601562,384.522102355957,828.3447875976562,102.61428833007812,"[0, 8)","[76, 97)","[82, inf)",True
f1opt,0.0246792733669281,2384.png,38,Cargo Truck,0.0263654608279466,bkg,-1,8.992094395198595,90,516.1400146484375,0.916377067565918,523.7322998046875,11.566367149353027,87.58333587646484,"[8, 16)","[76, 97)","[82, inf)",True
f1opt,0.0246792733669281,2384.png,39,Cargo Truck,0.0263432655483484,cls,49,12.520803940605482,90,69.9915771484375,499.8868408203125,88.00445556640625,508.590087890625,74.38999938964844,"[8, 16)","[76, 97)","[59, 82)",True
f1opt,0.0246792733669281,2384.png,40,Cargo Truck,0.0260707810521125,bkg,-1,10.005570812036908,90,1014.7552490234376,620.8773193359375,1021.6571044921876,635.38232421875,51.765625,"[8, 16)","[76, 97)","[45, 59)",True
f1opt,0.0246792733669281,2384.png,41,Cargo Truck,0.0254440810531377,bkg,-1,8.489570766236238,90,508.69183349609375,29.35719871520996,517.8683471679688,37.21125030517578,111.24444580078125,"[8, 16)","[76, 97)","[82, inf)",True
f1opt,0.0246792733669281,2384.png,42,Cargo Truck,0.0251018051058053,bkg,-1,8.73949952685913,90,425.8193054199219,793.8665771484375,434.8384704589844,802.3350830078125,76.06999969482422,"[8, 16)","[76, 97)","[59, 82)",True
f1opt,0.0582255758345127,2391.png,0,Truck w/Box,0.8337803483009338,TP,26,43.48638952487809,108,2236.746459960937,939.6821899414062,2270.7529296875,995.2911987304688,110.80852508544922,"[32, 48)","[97, inf)","[82, inf)",False
f1opt,0.0246792733669281,2391.png,1,Cargo Truck,0.8294739723205566,bkg,-1,27.71264019002775,108,2732.0135498046875,5830.0689697265625,2755.295288085937,5863.0557861328125,74.59803771972656,"[24, 32)","[97, inf)","[59, 82)",True
f1opt,0.0582255758345127,2391.png,2,Truck w/Box,0.788573145866394,TP,99,42.300876886103104,108,5041.9072265625,5245.442443847656,5070.8116455078125,5307.348693847656,111.2502670288086,"[32, 48)","[97, inf)","[82, inf)",False
f1opt,0.0582255758345127,2391.png,3,Truck w/Box,0.7504470348358154,bkg,-1,43.36043581068785,108,4424.4945068359375,3421.3558959960938,4459.220581054688,3475.49755859375,109.05000305175781,"[32, 48)","[97, inf)","[82, inf)",True
f1opt,0.0246792733669281,2391.png,4,Cargo Truck,0.7210965156555176,bkg,-1,25.738694306204646,108,4503.8990478515625,3780.195434570313,4525.5479736328125,3810.7965087890634,89.58765411376953,"[24, 32)","[97, inf)","[82, inf)",True
f1opt,0.0246792733669281,2391.png,5,Cargo Truck,0.6882025003433228,bkg,-1,26.963881175778894,108,1923.3653564453125,4313.179290771484,1966.7208251953125,4329.948822021484,69.04545593261719,"[24, 32)","[97, inf)","[59, 82)",True
f1opt,0.0582255758345127,2391.png,6,Truck w/Box,0.6850995421409607,bkg,-1,37.53521891808132,108,3212.2120208740234,1846.7018737792969,3236.354446411133,1905.0594177246091,60.40533447265625,"[32, 48)","[97, inf)","[59, 82)",True
f1opt,0.0582255758345127,2391.png,7,Truck w/Box,0.6621942520141602,bkg,-1,51.99058510183233,108,3701.9840087890634,5761.1292724609375,3752.2525634765625,5814.90087890625,58.496795654296875,"[48, 96)","[97, inf)","[45, 59)",True
f1opt,0.0246792733669281,2391.png,8,Cargo Truck,0.6567655801773071,bkg,-1,27.272684684427837,108,4733.217735290527,162.07015991210938,4772.648101806641,180.93377685546875,85.40131378173828,"[24, 32)","[97, inf)","[82, inf)",True
f1opt,0.0246792733669281,2391.png,9,Cargo Truck,0.6409152746200562,bkg,-1,27.179332389688273,108,4736.8326416015625,5103.590881347656,4771.0579833984375,5125.174774169922,54.380435943603516,"[24, 32)","[97, inf)","[45, 59)",True
f1opt,0.0246792733669281,2391.png,10,Cargo Truck,0.6384294629096985,bkg,-1,26.116909430923755,108,5121.2081298828125,161.07086181640625,5142.500244140625,193.1058654785156,86.83333587646484,"[24, 32)","[97, inf)","[82, inf)",True
f1opt,0.0246792733669281,2391.png,11,Cargo Truck,0.6309374570846558,bkg,-1,31.94695705258519,108,1056.2246704101562,2934.483764648437,1083.6002197265625,2971.7655029296875,100.25657653808594,"[24, 32)","[97, inf)","[82, inf)",True
f1opt,0.0582255758345127,2391.png,12,Truck w/Box,0.6274098753929138,bkg,-1,34.15593391810557,108,756.94482421875,4973.6732177734375,782.572998046875,5019.194519042969,71.46808624267578,"[32, 48)","[97, inf)","[59, 82)",True
f1opt,0.0246792733669281,2391.png,13,Cargo Truck,0.6075595021247864,bkg,-1,38.32968800670581,108,355.6787109375,4206.207702636719,386.3536376953125,4254.102355957031,68.43048095703125,"[32, 48)","[97, inf)","[59, 82)",True
f1opt,0.0246792733669281,2391.png,14,Cargo Truck,0.6051559448242188,bkg,-1,26.152142617533112,108,4433.9193115234375,1119.7354431152344,4455.843627929688,1150.930694580078,106.59375,"[24, 32)","[97, inf)","[82, inf)",True
f1opt,0.0246792733669281,2391.png,15,Cargo Truck,0.6037643551826477,bkg,-1,32.961787180088024,108,724.6597900390625,5584.825439453125,752.7335205078125,5623.5263671875,109.23534393310547,"[32, 48)","[97, inf)","[82, inf)",True
f1opt,0.0246792733669281,2391.png,16,Cargo Truck,0.5993331074714661,bkg,-1,25.215014583443583,108,3566.3663940429688,1374.349853515625,3586.697204589844,1405.6224365234375,84.44791412353516,"[24, 32)","[97, inf)","[82, inf)",True
f1opt,0.0246792733669281,2391.png,17,Cargo Truck,0.58531254529953,cls,38,34.966554554908306,108,4470.283081054688,5721.0255126953125,4525.424072265625,5743.198852539063,53.956520080566406,"[32, 48)","[97, inf)","[45, 59)",True
f1opt,0.0246792733669281,2391.png,18,Cargo Truck,0.570872962474823,bkg,-1,16.0565280286547,108,2442.616714477539,768.0,2453.668838500977,791.3269271850586,45.32986068725586,"[16, 24)","[97, inf)","[-inf, 45)",True
f1opt,0.0582255758345127,2391.png,19,Truck w/Box,0.5636955499649048,bkg,-1,32.06445172245915,108,5855.357666015625,4524.4952392578125,5877.986328125,4569.9300537109375,86.72400665283203,"[32, 48)","[97, inf)","[82, inf)",True
f1opt,0.0582255758345127,2391.png,20,Truck w/Box,0.5621025562286377,TP,85,42.64885021729046,108,2259.70947265625,415.75775146484375,2290.621459960937,474.5997924804688,101.36927032470703,"[32, 48)","[97, inf)","[82, inf)",False
f1opt,0.0246792733669281,2391.png,21,Cargo Truck,0.5617774128913879,bkg,-1,30.31639709000689,108,3851.989379882813,2258.8660888671875,3873.5914306640634,2301.4122314453125,86.312255859375,"[24, 32)","[97, inf)","[82, inf)",True
f1opt,0.0582255758345127,2391.png,22,Truck w/Box,0.5433526635169983,bkg,-1,49.4596986171102,108,6455.711608886719,5496.1334228515625,6490.054992675781,5567.362915039063,67.70833587646484,"[48, 96)","[97, inf)","[59, 82)",True
f1opt,0.0246792733669281,2391.png,23,Cargo Truck,0.5396542549133301,bkg,-1,24.228995786995796,108,2620.2993774414062,2862.727478027344,2638.1463623046875,2895.6206665039062,96.99845123291016,"[24, 32)","[97, inf)","[82, inf)",True
f1opt,0.0246792733669281,2391.png,24,Cargo Truck,0.5232728719711304,bkg,-1,22.233742560843673,108,4967.007171630859,4815.1510009765625,5000.894134521484,4829.7388916015625,99.99215698242188,"[16, 24)","[97, inf)","[82, inf)",True
f1opt,0.0246792733669281,2391.png,25,Cargo Truck,0.5189704298973083,bkg,-1,24.886715629264888,108,438.5212097167969,4165.384338378906,458.1800231933594,4196.889221191406,88.8125,"[24, 32)","[97, inf)","[82, inf)",True
f1opt,0.0582255758345127,2391.png,26,Truck w/Box,0.5144136548042297,cls,50,29.49873255071864,108,3842.847900390625,652.5335693359375,3870.092529296875,684.472900390625,80.68025207519531,"[24, 32)","[97, inf)","[59, 82)",True
f1opt,0.0582255758345127,2391.png,27,Truck w/Box,0.4985735714435577,cls,36,30.38736322692693,108,3389.169311523437,4843.716796875,3443.695556640625,4860.651611328125,96.50100708007812,"[24, 32)","[97, inf)","[82, inf)",True
f1opt,0.0246792733669281,2391.png,28,Cargo Truck,0.4906763136386871,bkg,-1,24.611901086404828,108,2360.240478515625,537.4913940429688,2379.443115234375,569.0363159179688,21.14090919494629,"[24, 32)","[97, inf)","[-inf, 45)",True
f1opt,0.0582255758345127,2391.png,29,Truck w/Box,0.4754121899604797,bkg,-1,32.57029511288144,108,2807.279235839844,1153.39404296875,2869.8297729492188,1170.353515625,46.69664764404297,"[32, 48)","[97, inf)","[45, 59)",True
f1opt,0.0193771533668041,2391.png,30,Truck Tractor,0.4537718892097473,bkg,-1,31.971857257849653,108,1893.9666748046875,2954.579345703125,1922.419189453125,2990.505859375,94.31261444091797,"[24, 32)","[97, inf)","[82, inf)",True
f1opt,0.0246792733669281,2391.png,31,Cargo Truck,0.432941198348999,bkg,-1,23.384894591632417,108,3489.551086425781,3937.246200561523,3508.5787963867188,3965.986038208008,99.76206970214844,"[16, 24)","[97, inf)","[82, inf)",True
f1opt,0.2916500866413116,2391.png,32,Truck w/Flatbed,0.4301529824733734,bkg,-1,24.20938600327822,108,5901.428161621094,1081.929718017578,5918.748596191406,1115.768035888672,69.33968353271484,"[24, 32)","[97, inf)","[59, 82)",True
f1opt,0.0246792733669281,2391.png,33,Cargo Truck,0.4227131009101867,bkg,-1,23.135414829380014,108,2733.621032714844,5426.5831298828125,2749.5389404296875,5460.208618164063,46.840335845947266,"[16, 24)","[97, inf)","[45, 59)",True
f1opt,0.0582255758345127,2391.png,34,Truck w/Box,0.4173278212547302,bkg,-1,23.03836273270278,108,4274.636047363281,2844.06396484375,4308.203063964844,2859.8760986328125,42.532142639160156,"[16, 24)","[97, inf)","[-inf, 45)",True
f1opt,0.0246792733669281,2391.png,35,Cargo Truck,0.4091813862323761,bkg,-1,25.736140322631492,108,4513.086608886719,4063.50439453125,4534.127746582031,4094.983154296875,76.45028686523438,"[24, 32)","[97, inf)","[59, 82)",True
f1opt,0.0246792733669281,2391.png,36,Cargo Truck,0.4082239866256714,bkg,-1,25.316917556968235,108,2857.46826171875,2304.082588195801,2877.170654296875,2336.613983154297,76.46320343017578,"[24, 32)","[97, inf)","[59, 82)",True
f1opt,0.2916500866413116,2391.png,37,Truck w/Flatbed,0.3977881669998169,bkg,-1,30.637643069110467,108,2712.9014892578125,3698.471435546875,2749.900695800781,3723.84130859375,72.09817504882812,"[24, 32)","[97, inf)","[59, 82)",True
f1opt,0.0582255758345127,2391.png,38,Truck w/Box,0.3956459760665893,bkg,-1,41.78601896535326,108,5097.504333496094,4619.865478515625,5127.038635253906,4678.985595703125,51.10752868652344,"[32, 48)","[97, inf)","[45, 59)",True
f1opt,0.2916500866413116,2391.png,39,Truck w/Flatbed,0.3944150507450104,bkg,-1,30.80222353222331,108,3448.3872680664062,3252.479248046875,3466.853454589844,3303.8583984375,56.532386779785156,"[24, 32)","[97, inf)","[45, 59)",True
f1opt,0.0246792733669281,2391.png,40,Cargo Truck,0.3699888586997986,bkg,-1,25.34679129305339,108,1533.3754272460938,790.958740234375,1571.2553100585938,807.919189453125,60.2065544128418,"[24, 32)","[97, inf)","[59, 82)",True
f1opt,0.0246792733669281,2391.png,41,Cargo Truck,0.3516567349433899,cls,39,28.557816876866045,108,5019.5941162109375,4908.01651763916,5046.77685546875,4938.018972396851,88.61289978027344,"[24, 32)","[97, inf)","[82, inf)",True
f1opt,0.0246792733669281,2391.png,42,Cargo Truck,0.3364932835102081,bkg,-1,26.6929273926965,108,5055.712768554688,5479.612060546875,5078.124633789063,5511.40380859375,89.39393615722656,"[24, 32)","[97, inf)","[82, inf)",True
f1opt,0.2916500866413116,2391.png,43,Truck w/Flatbed,0.3354845643043518,bkg,-1,44.41438596938145,108,2598.2334899902344,4375.951171875,2627.440216064453,4443.49169921875,80.69951629638672,"[32, 48)","[97, inf)","[59, 82)",True
f1opt,0.0246792733669281,2391.png,44,Cargo Truck,0.3219042718410492,bkg,-1,25.194974306187717,108,3531.2496337890625,5832.0263671875,3553.1060791015625,5861.06982421875,106.71739196777344,"[24, 32)","[97, inf)","[82, inf)",True
f1opt,0.2916500866413116,2391.png,45,Truck w/Flatbed,0.3119463324546814,bkg,-1,19.4786987051282,108,4142.124328613281,3315.5593872070312,4173.522888183594,3327.6433715820312,39.85095977783203,"[16, 24)","[97, inf)","[-inf, 45)",True
f1opt,0.0246792733669281,2391.png,46,Cargo Truck,0.3028288185596466,bkg,-1,22.18620019013418,108,3294.2733154296875,214.50201416015625,3327.4610595703125,229.3336181640625,82.43014526367188,"[16, 24)","[97, inf)","[82, inf)",True
f1opt,0.0246792733669281,2391.png,47,Cargo Truck,0.2974763214588165,bkg,-1,24.208889340687527,108,4499.3956298828125,507.211669921875,4518.815307617188,537.390869140625,87.53225708007812,"[24, 32)","[97, inf)","[82, inf)",True
f1opt,0.0246792733669281,2391.png,48,Cargo Truck,0.2948764264583587,bkg,-1,19.28941920025193,108,5007.809631347656,5047.150695800781,5021.540832519531,5074.248229980469,79.16666412353516,"[16, 24)","[97, inf)","[59, 82)",True
f1opt,0.0246792733669281,2391.png,49,Cargo Truck,0.290935218334198,bkg,-1,25.085579511591813,108,2874.2432861328125,2304.0150299072266,2895.631591796875,2333.4370098114014,77.44393920898438,"[24, 32)","[97, inf)","[59, 82)",True
f1opt,0.0246792733669281,2391.png,50,Cargo Truck,0.2904237508773803,bkg,-1,25.932703862219096,108,3871.06298828125,2262.9844970703125,3891.0328369140634,2296.660522460937,89.21632385253906,"[24, 32)","[97, inf)","[82, inf)",True
f1opt,0.0582255758345127,2391.png,51,Truck w/Box,0.284971684217453,bkg,-1,44.255142817358596,108,2590.9960021972656,4222.458038330078,2619.244110107422,4291.790740966797,61.527618408203125,"[32, 48)","[97, inf)","[59, 82)",True
f1opt,0.0246792733669281,2391.png,52,Cargo Truck,0.2804504632949829,bkg,-1,19.823837687020383,108,4071.7568359375,5678.5997314453125,4095.687744140625,5695.021362304688,40.9022216796875,"[16, 24)","[97, inf)","[-inf, 45)",True
f1opt,0.0246792733669281,2391.png,53,Cargo Truck,0.2714268565177917,bkg,-1,34.18468750834281,108,2806.1373291015625,1153.3413696289062,2870.540283203125,1171.4863891601562,48.100406646728516,"[32, 48)","[97, inf)","[45, 59)",True
f1opt,0.0246792733669281,2391.png,54,Cargo Truck,0.2632425427436828,bkg,-1,20.323989535477498,108,2133.5107421875,963.7599487304688,2164.98583984375,976.8834838867188,117.53794860839844,"[16, 24)","[97, inf)","[82, inf)",True
f1opt,0.0246792733669281,2391.png,55,Cargo Truck,0.2492987215518951,bkg,-1,21.685025820879464,108,5022.921081542969,4802.16943359375,5040.091613769531,4829.555908203125,118.29511260986328,"[16, 24)","[97, inf)","[82, inf)",True
f1opt,0.0246792733669281,2391.png,56,Cargo Truck,0.2295774668455124,bkg,-1,41.264660775308386,108,1715.679931640625,1667.292739868164,1793.4728698730469,1689.1812591552734,67.29168701171875,"[32, 48)","[97, inf)","[59, 82)",True
f1opt,0.0246792733669281,2391.png,57,Cargo Truck,0.2251225113868713,bkg,-1,18.64210013270878,108,5086.94775390625,3251.7138671875,5109.0513916015625,3267.4365234375,55.132354736328125,"[16, 24)","[97, inf)","[45, 59)",True
f1opt,0.0246792733669281,2391.png,58,Cargo Truck,0.2184055298566818,bkg,-1,15.10723682566409,108,4679.11296081543,3923.349487304688,4693.279327392578,3939.460083007813,55.345096588134766,"[8, 16)","[97, inf)","[45, 59)",True
f1opt,0.0582255758345127,2391.png,59,Truck w/Box,0.2172729521989822,bkg,-1,42.16614095552709,108,5818.876007080078,3764.493896484375,5849.147857666016,3823.227783203125,105.97239685058594,"[32, 48)","[97, inf)","[82, inf)",True
f1opt,0.0582255758345127,2391.png,60,Truck w/Box,0.2109513282775879,bkg,-1,38.73039255177999,108,4511.88232421875,2840.637939453125,4553.416259765625,2876.7540283203125,58.6455078125,"[32, 48)","[97, inf)","[45, 59)",True
f1opt,0.0246792733669281,2391.png,61,Cargo Truck,0.2085951268672943,bkg,-1,23.93571239898238,108,4432.814697265625,1087.8579711914062,4451.950439453125,1117.7976684570312,103.94355010986328,"[16, 24)","[97, inf)","[82, inf)",True
f1opt,0.0193771533668041,2391.png,62,Truck Tractor,0.2077962458133697,bkg,-1,12.47799965458505,108,226.06607055664065,3976.507568359375,235.8013610839844,3992.5009765625,85.60588073730469,"[8, 16)","[97, inf)","[82, inf)",True
f1opt,0.0246792733669281,2391.png,63,Cargo Truck,0.1979542374610901,cls,11,23.406457555662964,108,4472.50634765625,1591.1599731445312,4489.963134765625,1622.5438842773438,107.73784637451172,"[16, 24)","[97, inf)","[82, inf)",True
f1opt,0.0246792733669281,2391.png,64,Cargo Truck,0.1877606213092804,bkg,-1,25.008258155098353,108,3607.948303222656,5830.001953125,3628.0890502929688,5861.0540771484375,95.6789779663086,"[24, 32)","[97, inf)","[82, inf)",True
f1opt,0.0246792733669281,2391.png,65,Cargo Truck,0.1845707297325134,bkg,-1,27.707248587396595,108,2128.916748046875,977.09619140625,2172.352783203125,994.770263671875,110.15679168701172,"[24, 32)","[97, inf)","[82, inf)",True
f1opt,0.0582255758345127,2391.png,66,Truck w/Box,0.1770506352186203,bkg,-1,21.61357788945555,108,3971.829162597656,1544.1128540039062,3988.057556152344,1572.8986206054688,72.1800765991211,"[16, 24)","[97, inf)","[59, 82)",True
f1opt,0.0582255758345127,2391.png,67,Truck w/Box,0.176510602235794,bkg,-1,29.848782009286673,108,2714.373046875,3698.77294921875,2749.566650390625,3724.088623046875,71.0236587524414,"[24, 32)","[97, inf)","[59, 82)",True
f1opt,0.0582255758345127,2391.png,68,Truck w/Box,0.1707183718681335,bkg,-1,21.86177587923948,108,3293.22216796875,214.847900390625,3327.9599609375,228.6063232421875,84.95809173583984,"[16, 24)","[97, inf)","[82, inf)",True
f1opt,0.0246792733669281,2391.png,69,Cargo Truck,0.1690615564584732,bkg,-1,11.479402625328095,108,3698.905151367188,1553.5004501342771,3708.071166992188,1567.877109527588,56.824241638183594,"[8, 16)","[97, inf)","[45, 59)",True
f1opt,0.0246792733669281,2391.png,70,Cargo Truck,0.1680057495832443,bkg,-1,26.829441724479093,108,5049.264709472656,5348.84130859375,5072.001647949219,5380.499877929688,96.1464614868164,"[24, 32)","[97, inf)","[82, inf)",True
f1opt,0.0582255758345127,2391.png,71,Truck w/Box,0.1635636091232299,bkg,-1,31.62538200433265,108,1894.7432556152344,2956.4109497070312,1923.237701416016,2991.5112915039062,95.61573791503906,"[24, 32)","[97, inf)","[82, inf)",True
f1opt,0.0582255758345127,2391.png,72,Truck w/Box,0.1628806293010711,bkg,-1,45.941030531434194,108,814.0311279296875,5104.868392944336,862.2908935546875,5148.602096557617,55.5015869140625,"[32, 48)","[97, inf)","[45, 59)",True
f1opt,0.0582255758345127,2391.png,73,Truck w/Box,0.1592020243406295,bkg,-1,42.01165682807194,108,2599.166015625,4376.838623046875,2626.2470703125,4442.012573242188,83.51119232177734,"[32, 48)","[97, inf)","[82, inf)",True
f1opt,0.0582255758345127,2391.png,74,Truck w/Box,0.1574979275465011,bkg,-1,39.443118468612106,108,1556.77001953125,3072.511589050293,1630.337158203125,3093.6590690612798,92.48363494873047,"[32, 48)","[97, inf)","[82, inf)",True
f1opt,0.0246792733669281,2391.png,75,Cargo Truck,0.1559437811374664,bkg,-1,29.182093505595205,108,965.8997497558594,3444.779541015625,985.3773498535156,3488.501281738281,52.38835906982422,"[24, 32)","[97, inf)","[45, 59)",True
f1opt,0.0246792733669281,2391.png,76,Cargo Truck,0.1489044725894928,bkg,-1,23.575108798464694,108,5121.553161621094,407.4676513671875,5139.743103027344,438.022216796875,101.05427551269531,"[16, 24)","[97, inf)","[82, inf)",True
f1opt,0.0246792733669281,2391.png,77,Cargo Truck,0.1466030031442642,bkg,-1,19.442383639713896,108,2842.7680053710938,768.2119598388672,2857.3703002929688,794.0987319946289,85.22454071044922,"[16, 24)","[97, inf)","[82, inf)",True
f1opt,0.0246792733669281,2391.png,78,Cargo Truck,0.1404546797275543,bkg,-1,39.76785902706623,108,2427.2465209960938,569.06494140625,2452.527282714844,631.6217041015625,77.78693389892578,"[32, 48)","[97, inf)","[59, 82)",True
f1opt,0.0246792733669281,2391.png,79,Cargo Truck,0.1359129399061203,bkg,-1,20.749822949033305,108,5928.3892822265625,5855.579895019531,5946.5103759765625,5879.339782714844,49.151580810546875,"[16, 24)","[97, inf)","[45, 59)",True
f1opt,0.0246792733669281,2391.png,80,Cargo Truck,0.1338263601064682,bkg,-1,22.2631074117855,108,444.2593383789063,5575.2142333984375,460.96783447265625,5604.878540039063,70.34510040283203,"[16, 24)","[97, inf)","[59, 82)",True
f1opt,0.0582255758345127,2391.png,81,Truck w/Box,0.1316345185041427,TP,22,50.86068668007139,108,5043.948822021484,3852.3679809570312,5084.025421142578,3916.9146118164062,62.589378356933594,"[48, 96)","[97, inf)","[59, 82)",False
f1opt,0.0246792733669281,2391.png,82,Cargo Truck,0.1294246464967727,bkg,-1,18.881647655652507,108,4093.703430175781,1581.543701171875,4107.356506347656,1607.65625,77.26172637939453,"[16, 24)","[97, inf)","[59, 82)",True
f1opt,0.0246792733669281,2391.png,83,Cargo Truck,0.1249465569853782,bkg,-1,23.496782709898824,108,1699.9231414794922,2901.3231201171875,1722.1847076416016,2926.1236572265625,122.37980651855469,"[16, 24)","[97, inf)","[82, inf)",True
f1opt,0.0246792733669281,2391.png,84,Cargo Truck,0.1248791217803955,TP,60,26.722175860370438,108,3948.537048339844,3051.457397460937,3969.534118652344,3085.4656982421875,110.13636016845703,"[24, 32)","[97, inf)","[82, inf)",False
f1opt,0.0582255758345127,2391.png,85,Truck w/Box,0.1169628351926803,bkg,-1,31.365792322781065,108,3447.8316040039062,3251.7913513183594,3466.623352050781,3304.144805908203,57.22592544555664,"[24, 32)","[97, inf)","[45, 59)",True
f1opt,0.0582255758345127,2391.png,86,Truck w/Box,0.1165104135870933,bkg,-1,37.807765391770104,108,2427.9005279541016,572.1068115234375,2451.5664825439453,632.5069580078125,79.98688507080078,"[32, 48)","[97, inf)","[59, 82)",True
f1opt,0.0246792733669281,2391.png,87,Cargo Truck,0.1158283501863479,bkg,-1,21.162654330318386,108,3490.5040588378906,3969.5570068359375,3508.081756591797,3995.0357666015625,60.855751037597656,"[16, 24)","[97, inf)","[59, 82)",True
f1opt,0.0246792733669281,2391.png,88,Cargo Truck,0.1137546449899673,bkg,-1,24.40786177359882,108,3554.123962402344,5831.298706054688,3574.3009643554688,5860.8245849609375,117.27460479736328,"[24, 32)","[97, inf)","[82, inf)",True
f1opt,0.0246792733669281,2391.png,89,Cargo Truck,0.113512635231018,bkg,-1,17.09423482449693,108,4303.955230712891,1299.3031616210938,4316.953399658203,1321.7842407226562,67.13043212890625,"[16, 24)","[97, inf)","[59, 82)",True
f1opt,0.0246792733669281,2391.png,90,Cargo Truck,0.1127580851316452,bkg,-1,17.628939995501202,108,5493.970794677734,4908.527461051941,5515.608947753906,4922.8900327682495,97.88985443115234,"[16, 24)","[97, inf)","[82, inf)",True
f1opt,0.0246792733669281,2391.png,91,Cargo Truck,0.1108620762825012,bkg,-1,20.140241076211332,108,2545.3497314453125,3784.9713134765625,2560.0,3812.6588134765625,66.55632019042969,"[16, 24)","[97, inf)","[59, 82)",True
f1opt,0.0246792733669281,2391.png,92,Cargo Truck,0.1105587929487228,bkg,-1,21.644321720921393,108,2928.2084350585938,2304.259283065796,2946.105407714844,2330.4355907440186,88.72514343261719,"[16, 24)","[97, inf)","[82, inf)",True
f1opt,0.0246792733669281,2391.png,93,Cargo Truck,0.1056074798107147,bkg,-1,19.28553682275897,108,4004.603393554688,2761.849975585937,4036.835815429688,2773.389038085937,92.57575988769531,"[16, 24)","[97, inf)","[82, inf)",True
f1opt,0.0246792733669281,2391.png,94,Cargo Truck,0.1050034090876579,bkg,-1,20.079790530164424,108,3996.5465087890634,2808.0968627929688,4029.440307617188,2820.354431152344,111.82805633544922,"[16, 24)","[97, inf)","[82, inf)",True
f1opt,0.0582255758345127,2391.png,95,Truck w/Box,0.1042338013648986,bkg,-1,26.267085829152748,108,5049.474548339844,5349.041198730469,5072.204711914063,5379.395568847656,97.25940704345703,"[24, 32)","[97, inf)","[82, inf)",True
f1opt,0.0582255758345127,2391.png,96,Truck w/Box,0.1020019352436065,bkg,-1,33.35288522473813,108,3556.375396728516,3246.4766845703125,3577.536895751953,3299.0445556640625,40.75505065917969,"[32, 48)","[97, inf)","[-inf, 45)",True
f1opt,0.0582255758345127,2391.png,97,Truck w/Box,0.0990033149719238,bkg,-1,36.881197919293264,108,1794.9764404296875,3140.9403076171875,1872.8033447265625,3158.4178466796875,100.43904113769531,"[32, 48)","[97, inf)","[82, inf)",True
f1opt,0.0246792733669281,2391.png,98,Cargo Truck,0.0989368930459022,bkg,-1,19.41453267713983,108,4784.71630859375,1519.9525756835938,4820.032867431641,1530.6253051757812,134.06532287597656,"[16, 24)","[97, inf)","[82, inf)",True
f1opt,0.0582255758345127,2391.png,99,Truck w/Box,0.0979176312685012,bkg,-1,23.176240180605873,108,6465.782440185547,5427.697509765625,6487.210418701172,5452.7646484375,50.77592086791992,"[16, 24)","[97, inf)","[45, 59)",True
f1opt,0.0582255758345127,2391.png,100,Truck w/Box,0.0959185063838958,bkg,-1,13.717313310244759,108,3840.0,2004.4216003417969,3846.7132601737976,2032.4504089355469,72.66502380371094,"[8, 16)","[97, inf)","[59, 82)",True
f1opt,0.0246792733669281,2391.png,101,Cargo Truck,0.0955538302659988,bkg,-1,27.845398633460974,108,3577.839569091797,5822.796752929688,3602.154541015625,5854.685180664063,100.52680969238281,"[24, 32)","[97, inf)","[82, inf)",True
f1opt,0.0246792733669281,2391.png,102,Cargo Truck,0.0914737582206726,bkg,-1,43.535325147832545,108,2591.6880493164062,4223.916168212891,2619.1714477539062,4292.878692626953,61.83497619628906,"[32, 48)","[97, inf)","[59, 82)",True
f1opt,0.0193771533668041,2391.png,103,Truck Tractor,0.0913313552737236,bkg,-1,19.31769369645949,108,3638.9545288085938,1536.3173561096191,3665.6071166992183,1550.3187465667725,58.99285888671875,"[16, 24)","[97, inf)","[45, 59)",True
f1opt,0.0246792733669281,2391.png,104,Cargo Truck,0.0897212773561477,bkg,-1,27.742163708890487,108,341.6409912109375,4076.948394775391,364.3084716796875,4110.901336669922,77.43690490722656,"[24, 32)","[97, inf)","[59, 82)",True
f1opt,0.0582255758345127,2391.png,105,Truck w/Box,0.0863881781697273,bkg,-1,23.291738236931334,108,4709.374877929688,4908.0,4741.6446533203125,4924.811553955078,37.014259338378906,"[16, 24)","[97, inf)","[-inf, 45)",True
f1opt,0.0246792733669281,2391.png,106,Cargo Truck,0.0832903906702995,bkg,-1,27.86591546353293,108,4635.741088867188,930.306121826172,4658.2388916015625,964.8210144042968,84.62380981445312,"[24, 32)","[97, inf)","[82, inf)",True
f1opt,0.0246792733669281,2391.png,107,Cargo Truck,0.0818856358528137,bkg,-1,36.41018520593899,108,2600.677734375,4376.325256347656,2624.6616821289062,4431.599792480469,98.57571411132812,"[32, 48)","[97, inf)","[82, inf)",True
f1opt,0.0246792733669281,2391.png,108,Cargo Truck,0.0806955993175506,bkg,-1,22.109130301043773,108,3978.732299804688,2351.4582748413086,4016.4794921875,2364.407943725586,108.87179565429688,"[16, 24)","[97, inf)","[82, inf)",True
f1opt,0.0246792733669281,2391.png,109,Cargo Truck,0.0787372067570686,bkg,-1,20.852972189962763,108,3072.6318683624268,3950.348754882813,3102.6718578338623,3964.824340820313,68.88172149658203,"[16, 24)","[97, inf)","[59, 82)",True
f1opt,0.0246792733669281,2391.png,110,Cargo Truck,0.0781789943575859,bkg,-1,25.608272378632556,108,4432.728088378906,1158.3883666992188,4452.937927246094,1190.8370971679688,58.30880355834961,"[24, 32)","[97, inf)","[45, 59)",True
f1opt,0.0246792733669281,2391.png,111,Cargo Truck,0.0778179764747619,bkg,-1,26.38337327473013,108,3915.772132873535,2776.688720703125,3935.244697570801,2812.435546875,45.81853103637695,"[24, 32)","[97, inf)","[45, 59)",True
f1opt,0.0246792733669281,2391.png,112,Cargo Truck,0.0769853964447975,bkg,-1,19.047251532559134,108,3298.630187988281,4669.009521484375,3327.783264160156,4681.4541015625,64.94615173339844,"[16, 24)","[97, inf)","[59, 82)",True
f1opt,0.0246792733669281,2391.png,113,Cargo Truck,0.0765095725655555,bkg,-1,25.660399803530726,108,4443.829040527344,1302.7603149414062,4463.797546386719,1335.7350463867188,103.74089813232422,"[24, 32)","[97, inf)","[82, inf)",True
f1opt,0.0582255758345127,2391.png,114,Truck w/Box,0.0759563222527504,bkg,-1,30.997999986948756,108,4166.057800292969,5675.7960205078125,4216.583801269531,5694.8134765625,72.62451171875,"[24, 32)","[97, inf)","[59, 82)",True
f1opt,0.0246792733669281,2391.png,115,Cargo Truck,0.0741034746170044,bkg,-1,20.353512745490935,108,6118.917709350586,918.6597900390624,6137.090225219727,941.4560546875,62.75,"[16, 24)","[97, inf)","[59, 82)",True
f1opt,0.0246792733669281,2391.png,116,Cargo Truck,0.0718655809760093,bkg,-1,22.48952468501026,108,4423.12890625,938.7303466796876,4440.361083984375,968.0811767578124,81.58602142333984,"[16, 24)","[97, inf)","[59, 82)",True
f1opt,0.0246792733669281,2391.png,117,Cargo Truck,0.0712509900331497,bkg,-1,15.735828245773442,108,3072.0898265838623,2983.758178710937,3082.8566665649414,3006.756225585937,125.43560791015625,"[8, 16)","[97, inf)","[82, inf)",True
f1opt,0.0582255758345127,2391.png,118,Truck w/Box,0.0703935995697975,bkg,-1,38.980272388055496,108,3108.8996353149414,2365.040645599365,3132.4013137817383,2429.6939697265625,65.37661743164062,"[32, 48)","[97, inf)","[59, 82)",True
f1opt,0.0246792733669281,2391.png,119,Cargo Truck,0.0702034309506416,bkg,-1,20.246813025882368,108,4020.9140625,3157.2320556640625,4054.342041015625,3169.4952392578125,105.98021697998047,"[16, 24)","[97, inf)","[82, inf)",True
f1opt,0.0246792733669281,2391.png,120,Cargo Truck,0.0698446035385131,bkg,-1,27.255980794452334,108,2277.3521728515625,2414.57373046875,2297.489501953125,2451.46484375,73.97242736816406,"[24, 32)","[97, inf)","[59, 82)",True
f1opt,0.0246792733669281,2391.png,121,Cargo Truck,0.0687582790851593,bkg,-1,16.687740670699764,108,2907.1905517578125,769.67506980896,2920.993530273437,789.8504753112793,76.93537139892578,"[16, 24)","[97, inf)","[59, 82)",True
f1opt,0.0246792733669281,2391.png,122,Cargo Truck,0.0665032640099525,bkg,-1,18.102270885355075,108,3986.8471069335938,768.0,4020.610473632813,777.7055549621582,105.89714050292969,"[16, 24)","[97, inf)","[82, inf)",True
f1opt,0.0246792733669281,2391.png,123,Cargo Truck,0.0659724026918411,bkg,-1,23.993786094633194,108,3088.294631958008,2708.878204345703,3107.638332366944,2738.639923095703,87.16451263427734,"[16, 24)","[97, inf)","[82, inf)",True
f1opt,0.0193771533668041,2391.png,124,Truck Tractor,0.0649589225649833,bkg,-1,20.56421750803581,108,4700.4622802734375,4908.0,4727.362915039063,4923.720336914063,31.680803298950195,"[16, 24)","[97, inf)","[-inf, 45)",True
f1opt,0.0582255758345127,2391.png,125,Truck w/Box,0.0649025291204452,bkg,-1,22.958936495644313,108,6002.926696777344,3072.0,6041.670471191406,3085.6050958633423,83.5374984741211,"[16, 24)","[97, inf)","[82, inf)",True
f1opt,0.0246792733669281,2391.png,126,Cargo Truck,0.0643873512744903,bkg,-1,22.896969970432238,108,3175.27001953125,4065.62109375,3208.4127197265625,4081.439697265625,51.84601974487305,"[16, 24)","[97, inf)","[45, 59)",True
f1opt,0.0246792733669281,2391.png,127,Cargo Truck,0.0634479522705078,bkg,-1,34.203882239439764,108,1549.831298828125,2406.278938293457,1569.791015625,2464.8922729492188,57.06295394897461,"[32, 48)","[97, inf)","[45, 59)",True
f1opt,0.0582255758345127,2391.png,128,Truck w/Box,0.062979057431221,bkg,-1,20.409700169829275,108,3225.301086425781,451.45904541015625,3258.068603515625,464.1715087890625,71.23949432373047,"[16, 24)","[97, inf)","[59, 82)",True
f1opt,0.0246792733669281,2391.png,129,Cargo Truck,0.062909185886383,bkg,-1,21.630633800699623,108,3303.9683837890625,2564.190490722656,3320.725952148437,2592.111267089844,43.37548065185547,"[16, 24)","[97, inf)","[-inf, 45)",True
f1opt,0.0246792733669281,2391.png,130,Cargo Truck,0.0628666430711746,bkg,-1,16.33984175464783,108,3814.192626953125,1592.6796875,3825.738037109375,1615.804931640625,82.87847137451172,"[16, 24)","[97, inf)","[82, inf)",True
f1opt,0.0246792733669281,2391.png,131,Cargo Truck,0.0628506913781166,bkg,-1,29.071673196606596,108,4417.056274414063,5721.115661621094,4459.367065429688,5741.090759277344,71.35990905761719,"[24, 32)","[97, inf)","[59, 82)",True
f1opt,0.0582255758345127,2391.png,132,Truck w/Box,0.0608230642974376,bkg,-1,43.131542281766436,108,5209.075439453125,5882.0513916015625,5246.650634765625,5931.5609130859375,77.7699966430664,"[32, 48)","[97, inf)","[59, 82)",True
f1opt,0.0246792733669281,2391.png,133,Cargo Truck,0.0602115094661712,bkg,-1,22.769384956069864,108,3984.6950073242183,2524.103790283203,4015.991516113281,2540.6693725585938,99.51654052734375,"[16, 24)","[97, inf)","[82, inf)",True
f1opt,0.0582255758345127,2391.png,134,Truck w/Box,0.0597856119275093,TP,31,40.81074090342371,108,5093.758941650391,5021.8853759765625,5119.100860595703,5087.607177734375,104.40906524658203,"[32, 48)","[97, inf)","[82, inf)",False
f1opt,0.0246792733669281,2391.png,135,Cargo Truck,0.0582657195627689,bkg,-1,28.09987373344347,108,3743.237060546875,3155.017692565918,3763.537353515625,3193.913825988769,45.13919448852539,"[24, 32)","[97, inf)","[-inf, 45)",True
f1opt,0.0246792733669281,2391.png,136,Cargo Truck,0.0581895299255847,bkg,-1,23.132096067888412,108,4044.2125244140634,3113.81201171875,4077.8511962890634,3129.719116210937,62.20415115356445,"[16, 24)","[97, inf)","[59, 82)",True
f1opt,0.0246792733669281,2391.png,137,Cargo Truck,0.0555389672517776,bkg,-1,14.10340272990063,108,5261.421936035156,4574.592712402344,5272.558288574219,4592.453674316406,72.44298553466797,"[8, 16)","[97, inf)","[59, 82)",True
f1opt,0.0246792733669281,2391.png,138,Cargo Truck,0.0554645583033561,TP,52,23.89379640777276,108,2048.3504638671875,2708.789337158203,2071.0587158203125,2733.9305725097656,122.82852935791016,"[16, 24)","[97, inf)","[82, inf)",False
f1opt,0.0246792733669281,2391.png,139,Cargo Truck,0.0552554428577423,bkg,-1,27.17215048599324,108,474.3711853027344,573.6883544921875,497.7304382324219,605.2957763671875,83.96212005615234,"[24, 32)","[97, inf)","[82, inf)",True
f1opt,0.0246792733669281,2391.png,140,Cargo Truck,0.054707184433937,bkg,-1,24.657432098033247,108,3318.543746948242,2808.5431213378906,3339.4597778320312,2837.6112060546875,77.0287857055664,"[24, 32)","[97, inf)","[59, 82)",True
f1opt,0.0246792733669281,2391.png,141,Cargo Truck,0.0536446459591388,bkg,-1,18.80557021671656,108,3639.8040771484375,1536.1209573745728,3666.2288818359375,1549.5041961669922,62.70408248901367,"[16, 24)","[97, inf)","[59, 82)",True
f1opt,0.0193771533668041,2391.png,142,Truck Tractor,0.0514732152223587,bkg,-1,21.56935899890234,108,4088.2830657958975,2248.1041259765625,4120.536743164063,2262.5284423828125,85.72525024414062,"[16, 24)","[97, inf)","[82, inf)",True
f1opt,0.0246792733669281,2391.png,143,Cargo Truck,0.0496858842670917,bkg,-1,23.80347286985631,108,4421.091552734375,868.5832366943359,4439.9815673828125,898.5782012939453,103.82003021240234,"[16, 24)","[97, inf)","[82, inf)",True
f1opt,0.0246792733669281,2391.png,144,Cargo Truck,0.0492974631488323,bkg,-1,23.62072381420245,108,3793.2701416015625,1379.6998291015625,3807.630737304688,1418.5518798828125,85.83999633789062,"[16, 24)","[97, inf)","[82, inf)",True
f1opt,0.0246792733669281,2391.png,145,Cargo Truck,0.0492633506655693,bkg,-1,23.741770915462396,108,4169.527770996094,2949.179992675781,4188.153503417969,2979.4430541992188,33.57096862792969,"[16, 24)","[97, inf)","[-inf, 45)",True
f1opt,0.0246792733669281,2391.png,146,Cargo Truck,0.0491977930068969,bkg,-1,15.687282003164677,108,3722.3951416015625,1680.6975708007812,3732.30078125,1705.5410766601562,63.90559387207031,"[8, 16)","[97, inf)","[59, 82)",True
f1opt,0.0193771533668041,2391.png,147,Truck Tractor,0.0487770065665245,bkg,-1,19.98325650483009,108,3302.6158447265625,3729.504211425781,3327.9815673828125,3745.247131347656,98.73982238769531,"[16, 24)","[97, inf)","[82, inf)",True
f1opt,0.0246792733669281,2391.png,148,Cargo Truck,0.048677984625101,bkg,-1,20.386284743492922,108,5109.7347412109375,4908.446413040161,5126.486511230469,4933.255767822266,93.15811920166016,"[16, 24)","[97, inf)","[82, inf)",True
f1opt,0.0246792733669281,2391.png,149,Cargo Truck,0.0486304461956024,bkg,-1,19.348803427082178,108,3311.529663085937,2288.772766113281,3326.1968994140625,2314.2974243164062,84.97916412353516,"[16, 24)","[97, inf)","[82, inf)",True
f1opt,0.0246792733669281,2391.png,150,Cargo Truck,0.0477839522063732,bkg,-1,21.615824010335853,108,3150.0816955566406,2809.542236328125,3165.993621826172,2838.906616210937,104.34791564941406,"[16, 24)","[97, inf)","[82, inf)",True
f1opt,0.0246792733669281,2391.png,151,Cargo Truck,0.0469015166163444,bkg,-1,28.208776425930804,108,3840.393329620361,2359.304016113281,3860.177417755127,2399.5249786376958,35.500579833984375,"[24, 32)","[97, inf)","[-inf, 45)",True
f1opt,0.0246792733669281,2391.png,152,Cargo Truck,0.046456042677164,bkg,-1,17.49618389211175,108,3815.893310546875,2939.88232421875,3840.578857421875,2952.282958984375,109.70330047607422,"[16, 24)","[97, inf)","[82, inf)",True
f1opt,0.0246792733669281,2391.png,153,Cargo Truck,0.0463640354573726,bkg,-1,14.769226529389456,108,5017.9093017578125,61.16721725463867,5030.971923828125,77.86601257324219,91.60504150390625,"[8, 16)","[97, inf)","[82, inf)",True
f1opt,0.0193771533668041,2391.png,154,Truck Tractor,0.0461964197456836,bkg,-1,17.159285275462874,108,1748.7836151123047,3072.0,1771.043472290039,3085.2274465560918,59.31547546386719,"[16, 24)","[97, inf)","[59, 82)",True
f1opt,0.0246792733669281,2391.png,155,Cargo Truck,0.0435871221125125,bkg,-1,19.673568703221328,108,4295.161224365234,768.2517471313477,4309.836456298828,794.626070022583,63.02469253540039,"[16, 24)","[97, inf)","[59, 82)",True
f1opt,0.0246792733669281,2391.png,156,Cargo Truck,0.0434637814760208,bkg,-1,38.07313973932619,108,3108.4161987304688,2370.7979736328125,3133.3789443969727,2428.8670654296875,58.43155288696289,"[32, 48)","[97, inf)","[45, 59)",True
f1opt,0.0246792733669281,2391.png,157,Cargo Truck,0.042112722992897,bkg,-1,19.72951982992164,108,1642.1467895507812,359.4585266113281,1659.9935913085938,381.2693786621094,100.3429946899414,"[16, 24)","[97, inf)","[82, inf)",True
f1opt,0.0246792733669281,2391.png,158,Cargo Truck,0.0420932620763778,bkg,-1,26.604442495991314,108,2681.4139404296875,808.9896392822266,2722.7926025390625,826.0949859619141,64.90977478027344,"[24, 32)","[97, inf)","[59, 82)",True
f1opt,0.0246792733669281,2391.png,159,Cargo Truck,0.0418756753206253,bkg,-1,18.579112715648527,108,3908.1148681640634,948.958251953125,3920.917846679688,975.91943359375,69.1565933227539,"[16, 24)","[97, inf)","[59, 82)",True
f1opt,0.0246792733669281,2391.png,160,Cargo Truck,0.041719801723957,bkg,-1,25.87308626103717,108,3096.846071243286,3607.536865234375,3137.1336212158203,3624.15283203125,95.65079498291016,"[24, 32)","[97, inf)","[82, inf)",True
f1opt,0.0246792733669281,2391.png,161,Cargo Truck,0.0411531738936901,bkg,-1,21.9273022187427,108,1536.0,768.0,1569.3792266845703,782.4043655395508,113.2196044921875,"[16, 24)","[97, inf)","[82, inf)",True
f1opt,0.0246792733669281,2391.png,162,Cargo Truck,0.0411466620862484,bkg,-1,15.871513851237664,108,3954.3863525390634,2241.556030273437,3964.8685302734375,2265.5877685546875,72.45091247558594,"[8, 16)","[97, inf)","[59, 82)",True
f1opt,0.0246792733669281,2391.png,163,Cargo Truck,0.0397407971322536,bkg,-1,19.87117260991773,108,3175.13525390625,4082.8421630859375,3206.500732421875,4095.4312744140634,97.6875,"[16, 24)","[97, inf)","[82, inf)",True
f1opt,0.0246792733669281,2391.png,164,Cargo Truck,0.0392955802381038,bkg,-1,22.717389184323107,108,6048.468704223633,1094.1649780273438,6066.300361633301,1123.1067504882812,106.50701904296875,"[16, 24)","[97, inf)","[82, inf)",True
f1opt,0.0246792733669281,2391.png,165,Cargo Truck,0.0391490794718265,bkg,-1,38.655785227073146,108,1559.893310546875,3068.566345214844,1623.347412109375,3092.115173339844,83.2061538696289,"[32, 48)","[97, inf)","[82, inf)",True
f1opt,0.0246792733669281,2391.png,166,Cargo Truck,0.0388768501579761,bkg,-1,17.608950841046646,108,5819.14501953125,5280.581817626953,5844.3529052734375,5292.882537841797,58.46745681762695,"[16, 24)","[97, inf)","[45, 59)",True
f1opt,0.0246792733669281,2391.png,167,Cargo Truck,0.0381271243095397,bkg,-1,20.846558707617966,108,4838.447265625,233.53860473632807,4863.4169921875,250.94284057617188,60.260684967041016,"[16, 24)","[97, inf)","[59, 82)",True
f1opt,0.0246792733669281,2391.png,168,Cargo Truck,0.0379753485321998,bkg,-1,18.779550819643863,108,4666.956077575684,219.24838256835935,4693.822166442871,232.3753967285156,104.98724365234375,"[16, 24)","[97, inf)","[82, inf)",True
f1opt,0.0193771533668041,2391.png,169,Truck Tractor,0.0371331684291362,bkg,-1,23.224028610476722,108,4683.2620849609375,1723.4015197753906,4703.495727539063,1750.0578918457031,42.2772102355957,"[16, 24)","[97, inf)","[-inf, 45)",True
f1opt,0.0246792733669281,2391.png,170,Cargo Truck,0.0371275432407856,bkg,-1,22.13883471603675,108,3257.1166381835938,2286.5498046875,3273.645446777344,2316.2027587890625,81.87666320800781,"[16, 24)","[97, inf)","[82, inf)",True
f1opt,0.0246792733669281,2391.png,171,Cargo Truck,0.036131989210844,bkg,-1,21.612729227885453,108,721.97119140625,4972.839019775391,749.851806640625,4989.592956542969,79.12068939208984,"[16, 24)","[97, inf)","[59, 82)",True
f1opt,0.0246792733669281,2391.png,172,Cargo Truck,0.0355659313499927,cls,56,33.59849412842541,108,5141.728759765625,4881.853393554688,5203.0430908203125,4900.264404296875,50.05476379394531,"[32, 48)","[97, inf)","[45, 59)",True
f1opt,0.0246792733669281,2391.png,173,Cargo Truck,0.0354881398379802,bkg,-1,41.04515391503502,108,1771.7867431640625,3141.050720214844,1871.7650146484373,3157.901428222656,100.33255767822266,"[32, 48)","[97, inf)","[82, inf)",True
f1opt,0.0193771533668041,2391.png,174,Truck Tractor,0.0338567607104778,bkg,-1,19.28112068271289,108,3073.2204189300537,3905.3746795654297,3102.0955181121826,3918.249496459961,99.77619171142578,"[16, 24)","[97, inf)","[82, inf)",True
f1opt,0.0246792733669281,2391.png,175,Cargo Truck,0.032204769551754,bkg,-1,18.99905041781176,108,1951.4762268066409,3105.179626464844,1966.0284729003904,3129.984313964844,163.67750549316406,"[16, 24)","[97, inf)","[82, inf)",True
f1opt,0.0246792733669281,2391.png,176,Cargo Truck,0.0318515747785568,bkg,-1,21.842202845513928,108,3978.319274902344,2336.8620834350586,4013.743713378906,2350.32967376709,84.1500015258789,"[16, 24)","[97, inf)","[82, inf)",True
f1opt,0.0193771533668041,2391.png,177,Truck Tractor,0.0316868014633655,bkg,-1,28.399232866359455,108,2533.135498046875,969.9083251953124,2554.947631835937,1006.8839111328124,74.7452163696289,"[24, 32)","[97, inf)","[59, 82)",True
f1opt,0.0246792733669281,2391.png,178,Cargo Truck,0.0315803475677967,bkg,-1,21.54392976943162,108,4501.09716796875,476.1500244140625,4517.193359375,504.9854736328125,105.94117736816406,"[16, 24)","[97, inf)","[82, inf)",True
f1opt,0.0246792733669281,2391.png,179,Cargo Truck,0.0314907431602478,bkg,-1,17.531725636209412,108,3653.0579833984375,2306.138032913208,3683.019409179688,2316.3966035842896,66.8504409790039,"[16, 24)","[97, inf)","[59, 82)",True
f1opt,0.0246792733669281,2391.png,180,Cargo Truck,0.031038312241435,bkg,-1,28.453150727722353,108,4239.413269042969,2800.950134277344,4299.931701660156,2814.3275756835938,103.70491790771484,"[24, 32)","[97, inf)","[82, inf)",True
f1opt,0.0246792733669281,2391.png,181,Cargo Truck,0.0310143698006868,bkg,-1,20.97350365412954,108,4014.5610961914062,3143.8035888671875,4047.0701293945312,3157.3348388671875,46.14313888549805,"[16, 24)","[97, inf)","[45, 59)",True
f1opt,0.0246792733669281,2391.png,182,Cargo Truck,0.0306068826466798,bkg,-1,23.98824828306667,108,2414.9207763671875,375.67523193359375,2432.5045166015625,408.4006958007813,60.12074279785156,"[16, 24)","[97, inf)","[59, 82)",True
f1opt,0.0246792733669281,2391.png,183,Cargo Truck,0.0304806549102067,bkg,-1,18.866937718604245,108,3934.095458984375,3315.325256347656,3964.139404296875,3327.1732788085938,79.98014831542969,"[16, 24)","[97, inf)","[59, 82)",True
f1opt,0.0246792733669281,2391.png,184,Cargo Truck,0.0300405342131853,bkg,-1,15.42218197427157,108,2866.3946533203125,851.1044616699219,2876.152709960937,875.4785461425781,90.63272857666016,"[8, 16)","[97, inf)","[82, inf)",True
f1opt,0.0246792733669281,2391.png,185,Cargo Truck,0.0298585314303636,bkg,-1,26.33379899386704,108,3465.6286010742188,3263.4853515625,3483.8412475585938,3301.561584472656,63.33468246459961,"[24, 32)","[97, inf)","[59, 82)",True
f1opt,0.0246792733669281,2391.png,186,Cargo Truck,0.0298148337751626,bkg,-1,21.374465923162063,108,3312.3829345703125,2985.9188232421875,3328.0,3015.173217773437,98.74394989013672,"[16, 24)","[97, inf)","[82, inf)",True
f1opt,0.0246792733669281,2391.png,187,Cargo Truck,0.0295301750302314,bkg,-1,25.636958983111093,108,3087.955421447754,2395.2705078125,3107.4374961853027,2429.0068359375,87.68707275390625,"[24, 32)","[97, inf)","[82, inf)",True
f1opt,0.0246792733669281,2391.png,188,Cargo Truck,0.0290532317012548,bkg,-1,18.516964101051045,108,1831.0798950195312,2970.027282714844,1856.4713745117188,2983.5309448242188,86.79395294189453,"[16, 24)","[97, inf)","[82, inf)",True
f1opt,0.0246792733669281,2391.png,189,Cargo Truck,0.0287404283881187,bkg,-1,23.64205478599513,108,4873.835632324219,1628.19921875,4892.320129394531,1658.4378967285156,71.22903442382812,"[16, 24)","[97, inf)","[59, 82)",True
f1opt,0.0246792733669281,2391.png,190,Cargo Truck,0.0283864364027977,bkg,-1,18.28433810259534,108,2848.1134643554688,1173.806396484375,2885.272399902344,1182.8033447265625,74.82894897460938,"[16, 24)","[97, inf)","[59, 82)",True
f1opt,0.0193771533668041,2391.png,191,Truck Tractor,0.0282201096415519,cls,50,31.600614762211283,108,3843.2820434570312,653.5225830078125,3875.7423706054688,684.2862548828125,78.61268615722656,"[24, 32)","[97, inf)","[59, 82)",True
f1opt,0.0246792733669281,2391.png,192,Cargo Truck,0.0282111819833517,bkg,-1,24.33572866922715,108,4023.083129882813,3272.257568359375,4061.5025634765625,3287.67236328125,87.87980651855469,"[24, 32)","[97, inf)","[82, inf)",True
f1opt,0.0246792733669281,2391.png,193,Cargo Truck,0.0281158685684204,bkg,-1,28.339380975595223,108,2615.812469482422,3598.430419921875,2637.5538635253906,3635.3701171875,86.47368621826172,"[24, 32)","[97, inf)","[82, inf)",True
f1opt,0.0193771533668041,2391.png,194,Truck Tractor,0.0276581812649965,bkg,-1,21.039447235898997,108,3401.792266845703,3714.9661865234375,3429.211151123047,3731.110473632813,92.82566833496094,"[16, 24)","[97, inf)","[82, inf)",True
f1opt,0.0246792733669281,2391.png,195,Cargo Truck,0.027438873425126,bkg,-1,19.51298649042144,108,4004.400268554688,2700.16357421875,4033.976684570313,2713.0372314453125,99.95476531982422,"[16, 24)","[97, inf)","[82, inf)",True
f1opt,0.0246792733669281,2391.png,196,Cargo Truck,0.0268071498721838,bkg,-1,21.7043444541153,108,1488.8988037109375,14.469905853271484,1519.1876220703125,30.02279281616211,78.05330657958984,"[16, 24)","[97, inf)","[59, 82)",True
f1opt,0.0193771533668041,2391.png,197,Truck Tractor,0.0267189275473356,bkg,-1,21.434666054958765,108,2620.60205078125,2316.32075881958,2637.865600585937,2342.934341430664,76.08641815185547,"[16, 24)","[97, inf)","[59, 82)",True
f1opt,0.0246792733669281,2391.png,198,Cargo Truck,0.0266381110996007,loc,79,16.98750436637519,108,4540.038635253906,4849.324462890625,4559.702331542969,4864.0,38.86000061035156,"[16, 24)","[97, inf)","[-inf, 45)",True
f1opt,0.0246792733669281,2391.png,199,Cargo Truck,0.0265994779765605,bkg,-1,20.311898313864546,108,4658.215034484863,3856.655624389648,4673.333824157715,3883.944396972656,67.76786041259766,"[16, 24)","[97, inf)","[59, 82)",True
f1opt,0.0246792733669281,2391.png,200,Cargo Truck,0.0260837394744157,bkg,-1,23.663023199177957,108,5008.4869384765625,284.42919921875,5028.07275390625,313.0181884765625,100.46825408935547,"[16, 24)","[97, inf)","[82, inf)",True
f1opt,0.0246792733669281,2391.png,201,Cargo Truck,0.0259585883468389,bkg,-1,23.800227023692525,108,2872.9630126953125,2964.944274902344,2904.5460205078125,2982.8795776367188,68.69856262207031,"[16, 24)","[97, inf)","[59, 82)",True
f1opt,0.0246792733669281,2391.png,202,Cargo Truck,0.0257095787674188,bkg,-1,22.976735643929718,108,4140.579406738281,3270.864501953125,4175.178405761719,3286.123046875,81.20915222167969,"[16, 24)","[97, inf)","[59, 82)",True
f1opt,0.0246792733669281,2391.png,203,Cargo Truck,0.0254325084388256,bkg,-1,14.835537539972126,108,4073.91357421875,527.607666015625,4096.0,537.57275390625,131.6561279296875,"[8, 16)","[97, inf)","[82, inf)",True
f1opt,0.0193771533668041,2391.png,204,Truck Tractor,0.0245676599442958,bkg,-1,22.642387295974416,108,4307.998046875,1537.1239604949951,4329.7706298828125,1560.6709003448486,80.3315200805664,"[16, 24)","[97, inf)","[59, 82)",True
f1opt,0.0193771533668041,2391.png,205,Truck Tractor,0.0244325678795576,bkg,-1,23.69548535975685,108,4222.657287597656,447.1451110839844,4248.058349609375,469.2495422363281,53.71980667114258,"[16, 24)","[97, inf)","[45, 59)",True
f1opt,0.0193771533668041,2391.png,206,Truck Tractor,0.0238771010190248,bkg,-1,24.072512080070165,108,3479.765869140625,4910.981212615967,3514.061889648437,4927.87780380249,72.71295928955078,"[24, 32)","[97, inf)","[59, 82)",True
f1opt,0.0193771533668041,2391.png,207,Truck Tractor,0.0232972186058759,bkg,-1,19.350855045916372,108,4738.334289550781,4591.114990234375,4753.470153808594,4615.8546142578125,96.4749984741211,"[16, 24)","[97, inf)","[82, inf)",True
f1opt,0.0193771533668041,2391.png,208,Truck Tractor,0.0228990875184535,bkg,-1,9.065030674863502,108,3697.6712646484375,1536.3773097991943,3707.594604492188,1544.658269882202,55.44444274902344,"[8, 16)","[97, inf)","[45, 59)",True
f1opt,0.0193771533668041,2391.png,209,Truck Tractor,0.0218800026923418,bkg,-1,24.004520900513818,108,4711.757690429688,1685.2931823730469,4740.7423095703125,1705.1732788085938,51.33333206176758,"[24, 32)","[97, inf)","[45, 59)",True
f1opt,0.0193771533668041,2391.png,210,Truck Tractor,0.020333768799901,bkg,-1,31.32908641310328,108,5185.974060058594,2249.692443847656,5236.511413574219,2269.1139526367188,90.38461303710938,"[24, 32)","[97, inf)","[82, inf)",True
f1opt,0.0193771533668041,2391.png,211,Truck Tractor,0.0201871637254953,bkg,-1,20.17656534848733,108,3193.243751525879,3719.84912109375,3223.869903564453,3733.141479492188,54.43655776977539,"[16, 24)","[97, inf)","[45, 59)",True
f1opt,0.0193771533668041,2391.png,212,Truck Tractor,0.0195941887795925,bkg,-1,24.753114226536464,108,3247.7271118164062,2807.205444335937,3266.909118652344,2839.147705078125,46.198486328125,"[24, 32)","[97, inf)","[45, 59)",True
f1opt,0.0246792733669281,2460.png,0,Cargo Truck,0.2545667886734009,bkg,-1,16.543361272850344,86,357.5762939453125,320.0512084960937,375.7288208007813,335.1280517578125,45.22368240356445,"[16, 24)","[76, 97)","[-inf, 45)",True
f1opt,0.0246792733669281,2460.png,1,Cargo Truck,0.1829948127269745,cls,67,15.83525705192989,86,558.166259765625,163.92727661132812,568.16015625,189.01812744140625,43.06397247314453,"[8, 16)","[76, 97)","[-inf, 45)",True
f1opt,0.0246792733669281,2460.png,2,Cargo Truck,0.10991982370615,cls,69,17.568547944079473,86,307.807373046875,472.30023193359375,319.1049194335937,499.6206665039063,46.33241653442383,"[16, 24)","[76, 97)","[45, 59)",True
f1opt,0.0246792733669281,2460.png,3,Cargo Truck,0.0848502665758133,bkg,-1,13.01291792895646,86,532.9905395507812,77.0676040649414,541.9967651367188,95.86971282958984,46.61052703857422,"[8, 16)","[76, 97)","[45, 59)",True
f1opt,0.0246792733669281,2460.png,4,Cargo Truck,0.0677179023623466,both,44,17.358242046869613,86,278.6021728515625,350.9927978515625,303.875244140625,362.9149169921875,45.0,"[16, 24)","[76, 97)","[-inf, 45)",True
f1opt,0.2916500866413116,2470.png,0,Truck w/Flatbed,0.8744973540306091,cls,105,41.61242789314933,153,2322.2705078125,2473.2077026367188,2367.854736328125,2511.194396972656,42.940914154052734,"[32, 48)","[97, inf)","[-inf, 45)",True
f1opt,0.2916500866413116,2470.png,1,Truck w/Flatbed,0.8729392290115356,cls,100,57.52432131188692,153,562.7845458984375,1798.9486694335938,628.1278076171875,1849.5896606445312,46.14121627807617,"[48, 96)","[97, inf)","[45, 59)",True
f1opt,0.2916500866413116,2470.png,2,Truck w/Flatbed,0.835629940032959,cls,92,43.36392968071556,153,445.886474609375,1905.5885314941409,496.1199951171875,1943.0223083496091,44.400394439697266,"[32, 48)","[97, inf)","[-inf, 45)",True
f1opt,0.0246792733669281,2470.png,3,Cargo Truck,0.8180456161499023,both,9,29.9297511113909,153,2356.636978149414,2530.8648681640625,2394.7396697998047,2554.374755859375,42.694358825683594,"[24, 32)","[97, inf)","[-inf, 45)",True
f1opt,0.2916500866413116,2470.png,4,Truck w/Flatbed,0.815221905708313,cls,83,53.0084319405283,153,2631.508728027344,2344.349609375,2690.0818481445312,2392.322021484375,41.89387893676758,"[48, 96)","[97, inf)","[-inf, 45)",True
f1opt,0.0246792733669281,2470.png,5,Cargo Truck,0.7813771963119507,cls,135,34.34505393928048,153,1614.6838836669922,2241.878845214844,1664.1744995117188,2265.7133178710938,45.105098724365234,"[32, 48)","[97, inf)","[-inf, 45)",True
f1opt,0.0246792733669281,2470.png,6,Cargo Truck,0.7511386275291443,cls,9,25.923769537012603,153,2360.0739135742188,2514.344116210937,2392.1394653320312,2535.302490234375,41.03718948364258,"[24, 32)","[97, inf)","[-inf, 45)",True
f1opt,0.0246792733669281,2470.png,7,Cargo Truck,0.7467494010925293,both,152,27.851923440182972,153,2045.2096252441409,1993.339599609375,2065.140991210937,2032.2596435546875,44.79999923706055,"[24, 32)","[97, inf)","[-inf, 45)",True
f1opt,0.0246792733669281,2470.png,8,Cargo Truck,0.7459930181503296,cls,22,36.90003281827051,153,2868.210205078125,2832.5084228515625,2913.196044921875,2862.7760009765625,47.32047653198242,"[32, 48)","[97, inf)","[45, 59)",True
f1opt,0.0246792733669281,2470.png,9,Cargo Truck,0.7259388566017151,bkg,-1,31.0249152051352,153,985.62646484375,2510.074584960937,1021.415771484375,2536.9693603515625,45.86286163330078,"[24, 32)","[97, inf)","[45, 59)",True
f1opt,0.0246792733669281,2470.png,10,Cargo Truck,0.6837977766990662,bkg,-1,27.689631076544174,153,2879.2110595703125,2102.12353515625,2909.6378173828125,2127.322265625,43.4007453918457,"[24, 32)","[97, inf)","[-inf, 45)",True
f1opt,0.0246792733669281,2470.png,11,Cargo Truck,0.6739414930343628,bkg,-1,21.957128842850818,153,1001.6817626953124,2526.2801818847656,1023.9378662109376,2547.942352294922,47.46047592163086,"[16, 24)","[97, inf)","[45, 59)",True
f1opt,0.0246792733669281,2470.png,12,Cargo Truck,0.6717288494110107,cls,45,25.01309340925012,153,2310.274383544922,2711.010498046875,2327.876190185547,2746.555419921875,46.16666793823242,"[24, 32)","[97, inf)","[45, 59)",True
f1opt,0.0246792733669281,2470.png,13,Cargo Truck,0.6334784626960754,bkg,-1,25.933980450201325,153,693.5361328125,1629.0179901123047,724.2880859375,1650.8888397216797,48.6676139831543,"[24, 32)","[97, inf)","[45, 59)",True
f1opt,0.2916500866413116,2470.png,14,Truck w/Flatbed,0.5998848676681519,cls,143,52.116798502357106,153,401.56005859375,1933.8466796875,462.08056640625,1978.7266845703125,46.37517547607422,"[48, 96)","[97, inf)","[45, 59)",True
f1opt,0.0246792733669281,2470.png,15,Cargo Truck,0.5976110696792603,bkg,-1,25.828019580406426,153,2908.6890258789062,2142.3682861328125,2938.5065307617188,2164.740600585937,43.00701141357422,"[24, 32)","[97, inf)","[-inf, 45)",True
f1opt,0.0246792733669281,2470.png,16,Cargo Truck,0.5692658424377441,bkg,-1,18.116326295585008,153,983.8477172851562,2547.6126403808594,998.4363403320312,2570.1097106933594,47.95051956176758,"[16, 24)","[97, inf)","[45, 59)",True
f1opt,0.2916500866413116,2470.png,17,Truck w/Flatbed,0.5621266961097717,cls,151,54.284336500586264,153,594.616455078125,1813.053771972656,657.25244140625,1860.1000366210935,46.00390625,"[48, 96)","[97, inf)","[45, 59)",True
f1opt,0.0246792733669281,2470.png,18,Cargo Truck,0.5569456219673157,bkg,-1,15.972229024081118,153,2209.642578125,2439.014404296875,2223.167022705078,2457.87744140625,46.74736785888672,"[8, 16)","[97, inf)","[45, 59)",True
f1opt,0.2916500866413116,2470.png,19,Truck w/Flatbed,0.5339424014091492,bkg,-1,42.44570034087929,153,61.26600646972656,2226.2965087890625,117.9398956298828,2258.0860595703125,43.48378372192383,"[32, 48)","[97, inf)","[-inf, 45)",True
f1opt,0.0246792733669281,2470.png,20,Cargo Truck,0.5140960812568665,bkg,-1,28.009487023832335,153,2922.369140625,2159.551025390625,2952.941162109375,2185.2127685546875,43.182796478271484,"[24, 32)","[97, inf)","[-inf, 45)",True
f1opt,0.0246792733669281,2470.png,21,Cargo Truck,0.501922070980072,bkg,-1,17.428514561669243,153,2427.4825439453125,3135.328857421875,2447.6063232421875,3150.423095703125,44.81547546386719,"[16, 24)","[97, inf)","[-inf, 45)",True
f1opt,0.2916500866413116,2470.png,22,Truck w/Flatbed,0.4708294868469238,cls,113,42.57966900572046,153,284.8778686523437,2034.5143432617188,330.33258056640625,2074.4008178710938,45.30876922607422,"[32, 48)","[97, inf)","[-inf, 45)",True
f1opt,0.0246792733669281,2470.png,23,Cargo Truck,0.4660606980323791,cls,20,30.251796901549977,153,2634.932159423828,2837.6025390625,2665.054473876953,2867.984375,40.85383224487305,"[24, 32)","[97, inf)","[-inf, 45)",True
f1opt,0.2916500866413116,2470.png,24,Truck w/Flatbed,0.4560827612876892,cls,82,30.44307344585897,153,1136.8114013671875,2021.806396484375,1185.833740234375,2040.711669921875,42.893001556396484,"[24, 32)","[97, inf)","[-inf, 45)",True
f1opt,0.2916500866413116,2470.png,25,Truck w/Flatbed,0.424917608499527,both,113,45.25903926907348,153,318.5479736328125,2043.5261840820312,369.67822265625,2083.588195800781,43.69746780395508,"[32, 48)","[97, inf)","[-inf, 45)",True
f1opt,0.0246792733669281,2470.png,26,Cargo Truck,0.4114584028720855,bkg,-1,30.006296185571347,153,927.1283569335938,771.7163887023926,957.8847045898438,800.9909248352051,40.93655776977539,"[24, 32)","[97, inf)","[-inf, 45)",True
f1opt,0.2916500866413116,2470.png,27,Truck w/Flatbed,0.4044481813907623,cls,35,33.90991698913583,153,770.9782257080078,741.46728515625,805.8738784790039,774.4193115234375,41.843135833740234,"[32, 48)","[97, inf)","[-inf, 45)",True
f1opt,0.0246792733669281,2470.png,28,Cargo Truck,0.3714748024940491,cls,41,48.19944081764252,153,1120.531005859375,1351.7109375,1172.5714111328125,1396.3529052734375,51.64602279663086,"[48, 96)","[97, inf)","[45, 59)",True
f1opt,0.0582255758345127,2470.png,29,Truck w/Box,0.3692302405834198,bkg,-1,41.90768094828263,153,62.32707595825195,2226.594394683838,118.48152160644533,2257.8698120117188,43.480812072753906,"[32, 48)","[97, inf)","[-inf, 45)",True
f1opt,0.0582255758345127,2470.png,30,Truck w/Box,0.3254533410072326,TP,102,37.37547826779915,153,1141.2532958984375,2040.4478759765625,1203.5172729492188,2062.8834228515625,42.919254302978516,"[32, 48)","[97, inf)","[-inf, 45)",False
f1opt,0.2916500866413116,2470.png,31,Truck w/Flatbed,0.3154348134994507,cls,96,45.7588483469458,153,2539.735656738281,2338.8494567871094,2589.3423461914062,2381.0589294433594,41.29010772705078,"[32, 48)","[97, inf)","[-inf, 45)",True
f1opt,0.0246792733669281,2470.png,32,Cargo Truck,0.3038584589958191,bkg,-1,28.33422533704444,153,2083.3338012695312,2916.7351684570312,2122.900695800781,2937.0255737304688,48.470455169677734,"[24, 32)","[97, inf)","[45, 59)",True
f1opt,0.2916500866413116,2470.png,33,Truck w/Flatbed,0.2960568368434906,bkg,-1,56.508595975003814,153,1018.929931640625,2362.973022460937,1078.0438842773438,2416.9910888671875,50.05454635620117,"[48, 96)","[97, inf)","[45, 59)",True
f1opt,0.0246792733669281,2470.png,34,Cargo Truck,0.2833458483219147,cls,79,43.59356310848796,153,1073.0584716796875,2326.650634765625,1121.073974609375,2366.2294921875,45.50721740722656,"[32, 48)","[97, inf)","[45, 59)",True
f1opt,0.0246792733669281,2470.png,35,Cargo Truck,0.2789695560932159,cls,35,33.12605285995611,153,769.2047119140625,743.0179443359375,805.006103515625,773.6685791015625,42.02005386352539,"[32, 48)","[97, inf)","[-inf, 45)",True
f1opt,0.0246792733669281,2470.png,36,Cargo Truck,0.2737302184104919,cls,88,31.09992409228088,153,2376.9500732421875,2476.8511352539062,2409.1353759765625,2506.902282714844,42.386146545410156,"[24, 32)","[97, inf)","[-inf, 45)",True
f1opt,0.0246792733669281,2470.png,37,Cargo Truck,0.2373063862323761,bkg,-1,21.68903072586521,153,611.6925048828125,235.85873413085935,640.7987060546875,252.02072143554688,33.2185173034668,"[16, 24)","[97, inf)","[-inf, 45)",True
f1opt,0.0246792733669281,2470.png,38,Cargo Truck,0.2234823852777481,both,11,22.824559416718465,153,2369.748306274414,2450.5572509765625,2393.241012573242,2472.732666015625,42.79478073120117,"[16, 24)","[97, inf)","[-inf, 45)",True
f1opt,0.0246792733669281,2470.png,39,Cargo Truck,0.2072083950042724,bkg,-1,26.297625282223805,153,2792.48486328125,2205.9389038085938,2822.518798828125,2228.9650268554688,43.662635803222656,"[24, 32)","[97, inf)","[-inf, 45)",True
f1opt,0.0246792733669281,2470.png,40,Cargo Truck,0.1978505402803421,TP,7,22.866902950746606,153,2299.448486328125,3136.148498535156,2322.872802734375,3158.4712524414062,48.95833206176758,"[16, 24)","[97, inf)","[45, 59)",False
f1opt,0.0246792733669281,2470.png,41,Cargo Truck,0.1868093907833099,bkg,-1,45.089407184982164,153,713.970947265625,1686.5400390625,760.6365966796875,1730.1064453125,44.90416717529297,"[32, 48)","[97, inf)","[-inf, 45)",True
f1opt,0.0246792733669281,2470.png,42,Cargo Truck,0.1813250631093979,both,84,22.451760885594833,153,1086.7372436523438,2172.0,1123.2482299804688,2185.8062982559204,45.595863342285156,"[16, 24)","[97, inf)","[45, 59)",True
f1opt,0.0246792733669281,2470.png,43,Cargo Truck,0.1774243712425232,cls,34,47.64332947978924,153,3011.502197265625,2349.320541381836,3059.406982421875,2396.703842163086,43.48937225341797,"[32, 48)","[97, inf)","[-inf, 45)",True
f1opt,0.0246792733669281,2470.png,44,Cargo Truck,0.1727064251899719,cls,105,41.109378127442476,153,2322.592666625977,2474.224853515625,2369.0470123291016,2510.604248046875,43.07207107543945,"[32, 48)","[97, inf)","[-inf, 45)",True
f1opt,0.0246792733669281,2470.png,45,Cargo Truck,0.1688677221536636,bkg,-1,44.860140968660694,153,1231.4290771484375,2139.6943359375,1288.469970703125,2174.974853515625,46.59147644042969,"[32, 48)","[97, inf)","[45, 59)",True
f1opt,0.0582255758345127,2470.png,46,Truck w/Box,0.1668189167976379,TP,113,42.75728854676115,153,284.871337890625,2034.0851745605469,329.944580078125,2074.6455078125,45.348358154296875,"[32, 48)","[97, inf)","[45, 59)",False
f1opt,0.0246792733669281,2470.png,47,Cargo Truck,0.1580023616552353,cls,1,31.23846049374808,153,2030.8392944335935,2936.9177856445312,2067.391906738281,2963.6146850585938,45.38815689086914,"[24, 32)","[97, inf)","[45, 59)",True
f1opt,0.0246792733669281,2470.png,48,Cargo Truck,0.15482097864151,bkg,-1,23.209309039003557,153,644.000732421875,225.1510009765625,675.246337890625,242.39093017578125,34.96180725097656,"[16, 24)","[97, inf)","[-inf, 45)",True
f1opt,0.0246792733669281,2470.png,49,Cargo Truck,0.1544533222913742,bkg,-1,47.134671477298795,153,2369.411193847656,2544.7713928222656,2421.2299194335938,2587.6454162597656,41.727272033691406,"[32, 48)","[97, inf)","[-inf, 45)",True
f1opt,0.0582255758345127,2470.png,50,Truck w/Box,0.1519612073898315,TP,70,25.794040543274228,153,297.902099609375,286.5105285644531,345.009765625,300.6341857910156,40.801361083984375,"[24, 32)","[97, inf)","[-inf, 45)",False
f1opt,0.0582255758345127,2470.png,51,Truck w/Box,0.1503423005342483,loc,127,25.891980632406558,153,1202.761474609375,2052.9344482421875,1238.9932861328125,2071.4373779296875,44.195945739746094,"[24, 32)","[97, inf)","[-inf, 45)",True
f1opt,0.0246792733669281,2470.png,52,Cargo Truck,0.1489380747079849,TP,5,18.53931050430082,153,2441.5186767578125,3171.9826049804688,2457.4891357421875,3193.503967285156,50.069053649902344,"[16, 24)","[97, inf)","[45, 59)",False
f1opt,0.0246792733669281,2470.png,53,Cargo Truck,0.1459055542945861,cls,137,27.83903562406703,153,2564.3922119140625,2919.2587890625,2597.1080322265625,2942.947998046875,40.15808868408203,"[24, 32)","[97, inf)","[-inf, 45)",True
f1opt,0.0582255758345127,2470.png,54,Truck w/Box,0.1440956890583038,TP,79,43.839310963260594,153,1070.6160278320312,2327.738647460937,1121.2467651367188,2365.697509765625,45.41518783569336,"[32, 48)","[97, inf)","[45, 59)",False
f1opt,0.0246792733669281,2470.png,55,Cargo Truck,0.1359389275312423,bkg,-1,14.241309886474308,153,2244.895263671875,3185.9908447265625,2265.158203125,3196.0,55.367767333984375,"[8, 16)","[97, inf)","[45, 59)",True
f1opt,0.0246792733669281,2470.png,56,Cargo Truck,0.1315028965473175,both,44,22.92146241220428,153,1227.5081787109375,1331.064208984375,1253.3609619140625,1351.38671875,60.354496002197266,"[16, 24)","[97, inf)","[59, 82)",True
f1opt,0.0246792733669281,2470.png,57,Cargo Truck,0.1151000559329986,cls,96,47.11281829004316,153,2537.9873962402344,2338.2838134765625,2589.6133728027344,2381.2780151367188,41.22384262084961,"[32, 48)","[97, inf)","[-inf, 45)",True
f1opt,0.0246792733669281,2470.png,58,Cargo Truck,0.1129279509186744,cls,97,29.795429197660305,153,2568.2703857421875,2408.5197143554688,2605.204345703125,2432.5563354492188,39.220001220703125,"[24, 32)","[97, inf)","[-inf, 45)",True
f1opt,0.0582255758345127,2470.png,59,Truck w/Box,0.1090399250388145,TP,136,45.633692501225305,153,1093.1009216308594,2351.1349182128906,1144.6634216308594,2391.521514892578,43.63461685180664,"[32, 48)","[97, inf)","[-inf, 45)",False
f1opt,0.0246792733669281,2470.png,60,Cargo Truck,0.1087298989295959,cls,32,44.25087206999516,153,2915.662353515625,2494.369506835937,2956.9951171875,2541.744506835937,40.11805725097656,"[32, 48)","[97, inf)","[-inf, 45)",True
f1opt,0.0246792733669281,2470.png,61,Cargo Truck,0.1061672791838646,both,130,39.14174187755154,153,2396.3017578125,2480.881072998047,2446.042236328125,2511.6824645996094,43.1225471496582,"[32, 48)","[97, inf)","[-inf, 45)",True
f1opt,0.0582255758345127,2470.png,62,Truck w/Box,0.1043689250946044,bkg,-1,58.25910389310901,153,1158.7635498046875,2297.8775329589844,1227.06787109375,2347.568725585937,44.735572814941406,"[48, 96)","[97, inf)","[-inf, 45)",True
f1opt,0.0246792733669281,2470.png,63,Cargo Truck,0.1038016676902771,bkg,-1,20.859879037575173,153,1003.056396484375,331.5570678710937,1024.0,352.33355712890625,34.52381134033203,"[16, 24)","[97, inf)","[-inf, 45)",True
f1opt,0.0246792733669281,2470.png,64,Cargo Truck,0.102870836853981,cls,82,31.61844389110897,153,1136.8931274414062,2021.0281982421875,1187.7374877929688,2040.690673828125,42.82692337036133,"[24, 32)","[97, inf)","[-inf, 45)",True
f1opt,0.0246792733669281,2470.png,65,Cargo Truck,0.0982724204659462,cls,110,47.737201046207346,153,1181.0175170898438,2237.5248260498047,1231.7254028320312,2282.465377807617,45.4160270690918,"[32, 48)","[97, inf)","[45, 59)",True
f1opt,0.0246792733669281,2470.png,66,Cargo Truck,0.09790550917387,cls,2,31.377361738748167,153,2066.47412109375,2948.7208251953125,2117.42578125,2968.0438232421875,44.22527313232422,"[24, 32)","[97, inf)","[-inf, 45)",True
f1opt,0.0582255758345127,2470.png,67,Truck w/Box,0.0973906889557838,TP,116,55.65227604664641,153,1114.8024291992188,2172.872570037842,1173.3942260742188,2225.7327995300293,47.545677185058594,"[48, 96)","[97, inf)","[45, 59)",False
f1opt,0.0582255758345127,2470.png,68,Truck w/Box,0.0899677574634552,TP,141,44.92221261469811,153,650.5738525390625,1670.194580078125,705.5919189453125,1706.87353515625,43.885616302490234,"[32, 48)","[97, inf)","[-inf, 45)",False
f1opt,0.0582255758345127,2470.png,69,Truck w/Box,0.088973768055439,loc,53,35.95554143574071,153,1760.0113525390625,1813.583740234375,1792.0,1853.998107910156,44.31783676147461,"[32, 48)","[97, inf)","[-inf, 45)",True
f1opt,0.0246792733669281,2470.png,70,Cargo Truck,0.0810035616159439,cls,102,35.9524231326299,153,1142.6785278320312,2040.8066101074216,1202.0180053710938,2062.58935546875,42.890235900878906,"[32, 48)","[97, inf)","[-inf, 45)",True
f1opt,0.0246792733669281,2470.png,71,Cargo Truck,0.0770174190402031,bkg,-1,14.162226085000436,153,166.7836456298828,2073.86279296875,179.4801788330078,2089.659912109375,46.75210189819336,"[8, 16)","[97, inf)","[45, 59)",True
f1opt,0.0246792733669281,2470.png,72,Cargo Truck,0.0767372921109199,bkg,-1,27.862592457865414,153,2461.830017089844,3000.5701904296875,2492.1964721679688,3026.1353759765625,43.251155853271484,"[24, 32)","[97, inf)","[-inf, 45)",True
f1opt,0.0246792733669281,2470.png,73,Cargo Truck,0.0704609975218772,cls,126,21.29589316126241,153,1210.8675537109375,2072.364501953125,1244.978515625,2085.6597900390625,47.375511169433594,"[16, 24)","[97, inf)","[45, 59)",True
f1opt,0.0246792733669281,2470.png,74,Cargo Truck,0.0701100528240203,cls,104,37.03911768070904,153,2061.8276977539062,1997.967712402344,2085.450256347656,2056.0433959960938,42.06733322143555,"[32, 48)","[97, inf)","[-inf, 45)",True
f1opt,0.0246792733669281,2470.png,75,Cargo Truck,0.0692304894328117,both,28,27.182948849386452,153,2821.427490234375,2643.5812377929688,2852.5771484375,2667.3026123046875,38.473751068115234,"[24, 32)","[97, inf)","[-inf, 45)",True
f1opt,0.0246792733669281,2470.png,76,Cargo Truck,0.0635130405426025,cls,124,22.41422679306749,153,2337.142868041992,2927.762084960937,2352.819290161133,2959.81005859375,43.57196807861328,"[16, 24)","[97, inf)","[-inf, 45)",True
f1opt,0.0246792733669281,2470.png,77,Cargo Truck,0.0633929520845413,bkg,-1,21.50384186606014,153,1008.0450439453124,2474.727600097656,1024.0,2503.7101440429688,45.29999923706055,"[16, 24)","[97, inf)","[-inf, 45)",True
f1opt,0.0246792733669281,2470.png,78,Cargo Truck,0.0547345131635665,bkg,-1,17.221640624664023,153,1633.5405502319336,1836.7387084960935,1651.7392959594729,1853.0357055664065,48.85672378540039,"[16, 24)","[97, inf)","[45, 59)",True
f1opt,0.0246792733669281,2470.png,79,Cargo Truck,0.0544857680797576,both,33,27.593752022372456,153,2991.0174560546875,2442.451202392578,3016.844116210937,2471.9329528808594,44.43589782714844,"[24, 32)","[97, inf)","[-inf, 45)",True
f1opt,0.0246792733669281,2470.png,80,Cargo Truck,0.0518336035311222,cls,43,44.20517573988221,153,1170.531982421875,1360.79052734375,1218.261962890625,1401.731201171875,53.45724105834961,"[32, 48)","[97, inf)","[45, 59)",True
f1opt,0.0246792733669281,2470.png,81,Cargo Truck,0.0515384636819362,both,127,23.818714487354455,153,1202.3978271484375,2053.607788085937,1236.6649169921875,2070.1639404296875,44.380950927734375,"[16, 24)","[97, inf)","[-inf, 45)",True
f1opt,0.0193771533668041,2470.png,82,Truck Tractor,0.0514123030006885,cls,110,47.78859049672084,153,1181.2526245117188,2238.163330078125,1232.984619140625,2282.309112548828,45.42393112182617,"[32, 48)","[97, inf)","[45, 59)",True
f1opt,0.0246792733669281,2470.png,83,Cargo Truck,0.0510574541985988,bkg,-1,19.08050532786625,153,1536.1540298461914,2184.1951904296875,1551.3066320419312,2208.2218017578125,45.54249954223633,"[16, 24)","[97, inf)","[45, 59)",True
f1opt,0.0246792733669281,2470.png,84,Cargo Truck,0.0508029088377952,bkg,-1,28.915430956504576,153,999.9283447265624,646.0025024414062,1024.0,680.7363891601562,39.09600067138672,"[24, 32)","[97, inf)","[-inf, 45)",True
f1opt,0.0246792733669281,2470.png,85,Cargo Truck,0.049573116004467,bkg,-1,33.83238639156249,153,2264.609100341797,1728.5865478515625,2297.2818298339844,1763.6197509765625,47.846405029296875,"[32, 48)","[97, inf)","[45, 59)",True
f1opt,0.0246792733669281,2470.png,86,Cargo Truck,0.0485013723373413,bkg,-1,15.996256498199092,153,1026.0294189453125,768.1184492111206,1049.3363037109375,779.097188949585,44.90972137451172,"[8, 16)","[97, inf)","[-inf, 45)",True
f1opt,0.0246792733669281,2470.png,87,Cargo Truck,0.0480071380734443,bkg,-1,26.409677347224555,153,963.8289794921876,0.0680627822875976,1010.8717041015624,14.894394874572754,33.247222900390625,"[24, 32)","[97, inf)","[-inf, 45)",True
f1opt,0.0246792733669281,2470.png,88,Cargo Truck,0.0471990816295146,bkg,-1,18.58952152807981,153,1012.5572204589844,768.2348194122314,1034.5267028808594,783.9643802642822,44.34510803222656,"[16, 24)","[97, inf)","[-inf, 45)",True
f1opt,0.0246792733669281,2470.png,89,Cargo Truck,0.0439773313701152,bkg,-1,17.810730785629723,153,977.0160522460938,2546.5133056640625,1000.5371704101562,2560.0,48.095237731933594,"[16, 24)","[97, inf)","[45, 59)",True
f1opt,0.0246792733669281,2470.png,90,Cargo Truck,0.0439274385571479,bkg,-1,12.872418751528082,153,39.37798309326172,2172.0,56.63410186767578,2181.602342605591,43.094444274902344,"[8, 16)","[97, inf)","[-inf, 45)",True
f1opt,0.0246792733669281,2470.png,91,Cargo Truck,0.0438159070909023,bkg,-1,15.224876846792554,153,1611.0265502929688,1762.6156768798828,1635.0265502929688,1772.2738800048828,45.53818130493164,"[8, 16)","[97, inf)","[45, 59)",True
f1opt,0.0246792733669281,2470.png,92,Cargo Truck,0.0418293066322803,TP,6,18.080067540932458,153,2260.49365234375,3172.4864501953125,2280.441162109375,3188.8739013671875,50.93277359008789,"[16, 24)","[97, inf)","[45, 59)",False
f1opt,0.0246792733669281,2470.png,93,Cargo Truck,0.0409564562141895,both,144,26.39062826586834,153,2104.8423461914062,2153.2833251953125,2124.1460571289062,2189.362670898437,40.96010208129883,"[24, 32)","[97, inf)","[-inf, 45)",True
f1opt,0.0246792733669281,2470.png,94,Cargo Truck,0.0400274023413658,bkg,-1,57.79759613623032,153,1157.6221313476562,2299.6858291625977,1225.2373046875,2349.091339111328,44.6837158203125,"[48, 96)","[97, inf)","[-inf, 45)",True
f1opt,0.0246792733669281,2470.png,95,Cargo Truck,0.0395636521279811,bkg,-1,15.671629250559283,153,1014.7568359375,2399.338256835937,1024.0,2425.909240722656,46.72592544555664,"[8, 16)","[97, inf)","[45, 59)",True
f1opt,0.0246792733669281,2470.png,96,Cargo Truck,0.0391276702284812,bkg,-1,24.022798262364454,153,2538.400329589844,1938.448028564453,2559.878845214844,1965.3164978027344,49.87175369262695,"[24, 32)","[97, inf)","[45, 59)",True
f1opt,0.0246792733669281,2470.png,97,Cargo Truck,0.0374075360596179,both,30,24.44352837144796,153,2849.238525390625,2601.074157714844,2875.9833984375,2623.414367675781,39.85185241699219,"[24, 32)","[97, inf)","[-inf, 45)",True
f1opt,0.0246792733669281,2470.png,98,Cargo Truck,0.0370802357792854,cls,129,49.32138499474498,153,986.025390625,2172.563201904297,1036.7135925292969,2220.554626464844,47.356143951416016,"[48, 96)","[97, inf)","[45, 59)",True
f1opt,0.0246792733669281,2470.png,99,Cargo Truck,0.031846210360527,bkg,-1,15.096525836153408,153,2172.959545612335,2172.3934535980225,2185.3027534484863,2190.8574619293213,42.98871994018555,"[8, 16)","[97, inf)","[-inf, 45)",True
f1opt,0.0246792733669281,2470.png,100,Cargo Truck,0.0309258736670017,both,41,49.75756469679232,153,1122.0014038085938,1384.0516357421875,1180.3410034179688,1426.4896240234375,49.85849380493164,"[48, 96)","[97, inf)","[45, 59)",True
f1opt,0.0246792733669281,2470.png,101,Cargo Truck,0.0292901918292045,TP,4,27.536102562774204,153,2322.299560546875,3114.2431640625,2353.09716796875,3138.8631591796875,45.33250045776367,"[24, 32)","[97, inf)","[-inf, 45)",False
f1opt,0.0246792733669281,2470.png,102,Cargo Truck,0.0262133348733186,cls,136,46.17164034065735,153,1092.4364624023438,2352.6256713867188,1146.3945922851562,2392.1344604492188,43.81108474731445,"[32, 48)","[97, inf)","[-inf, 45)",True
f1opt,0.0246792733669281,2470.png,103,Cargo Truck,0.025870393961668,cls,139,20.25652607534268,153,902.029541015625,2632.0951538085938,924.1025390625,2650.6846923828125,45.11899185180664,"[16, 24)","[97, inf)","[-inf, 45)",True
f1opt,0.0246792733669281,2470.png,104,Cargo Truck,0.0251854918897151,bkg,-1,45.462027121224764,153,2429.4757080078125,3009.3248291015625,2479.755126953125,3050.431030273437,42.87114715576172,"[32, 48)","[97, inf)","[-inf, 45)",True
f1opt,0.0193771533668041,2470.png,105,Truck Tractor,0.0198783781379461,bkg,-1,22.61614286445083,153,1536.0,2182.9090576171875,1551.9390659332275,2214.999389648437,45.29545593261719,"[16, 24)","[97, inf)","[-inf, 45)",True
f1opt,0.2916500866413116,2472.png,0,Truck w/Flatbed,0.868336021900177,cls,92,44.85499372577536,101,1219.2453308105469,799.6085224151611,1275.7337951660156,835.2258911132812,37.853485107421875,"[32, 48)","[97, inf)","[-inf, 45)",True
f1opt,0.2916500866413116,2472.png,1,Truck w/Flatbed,0.7589035034179688,cls,35,31.922668192770136,101,2072.13232421875,2738.23779296875,2131.382080078125,2755.4371337890625,50.64259338378906,"[24, 32)","[97, inf)","[45, 59)",True
f1opt,0.0582255758345127,2472.png,2,Truck w/Box,0.7531061768531799,TP,90,38.035366490640705,101,1279.933135986328,787.934476852417,1338.714599609375,812.5457916259766,42.16217803955078,"[32, 48)","[97, inf)","[-inf, 45)",False
f1opt,0.0582255758345127,2472.png,3,Truck w/Box,0.7339172959327698,cls,31,28.544774207856445,101,2094.2431640625,2843.6727294921875,2155.068725585937,2857.0684814453125,56.22795867919922,"[24, 32)","[97, inf)","[45, 59)",True
f1opt,0.0582255758345127,2472.png,4,Truck w/Box,0.7219180464744568,cls,34,35.978193226655726,101,2085.2818603515625,2775.671875,2143.5128173828125,2797.901123046875,53.414886474609375,"[32, 48)","[97, inf)","[45, 59)",True
f1opt,0.0246792733669281,2472.png,5,Cargo Truck,0.6421634554862976,bkg,-1,26.008124137535496,101,1020.4374542236328,2952.4537963867188,1038.8413696289062,2989.208068847656,50.50692367553711,"[24, 32)","[97, inf)","[45, 59)",True
f1opt,0.2916500866413116,2472.png,6,Truck w/Flatbed,0.6350195407867432,bkg,-1,43.83834091094631,101,265.3861694335937,1386.3404541015625,318.8925170898437,1422.2576904296875,38.5645637512207,"[32, 48)","[97, inf)","[-inf, 45)",True
f1opt,0.0246792733669281,2472.png,7,Cargo Truck,0.6270892024040222,bkg,-1,39.00432162457655,101,1580.279296875,2892.3023681640625,1609.259033203125,2944.7989501953125,52.96226501464844,"[32, 48)","[97, inf)","[45, 59)",True
f1opt,0.0246792733669281,2472.png,8,Cargo Truck,0.6045001745223999,bkg,-1,35.44280769321137,101,951.1846923828124,2605.859344482422,974.6817626953124,2659.321014404297,44.987876892089844,"[32, 48)","[97, inf)","[-inf, 45)",True
f1opt,0.0582255758345127,2472.png,9,Truck w/Box,0.5785583853721619,cls,33,33.70438724677822,101,2147.933349609375,2804.2518310546875,2169.777587890625,2856.2557373046875,53.5422477722168,"[32, 48)","[97, inf)","[45, 59)",True
f1opt,0.0246792733669281,2472.png,10,Cargo Truck,0.5686371326446533,bkg,-1,24.58994902966232,101,542.9803466796875,952.01513671875,567.457275390625,976.7186279296876,50.08615493774414,"[24, 32)","[97, inf)","[45, 59)",True
f1opt,0.0246792733669281,2472.png,11,Cargo Truck,0.5684452652931213,cls,95,33.923649190210845,101,1633.7713623046875,3011.7443237304688,1653.0018310546875,3071.5875854492188,54.622169494628906,"[32, 48)","[97, inf)","[45, 59)",True
f1opt,0.0582255758345127,2472.png,12,Truck w/Box,0.5490173101425171,bkg,-1,33.870245385634725,101,2064.53515625,2715.89794921875,2125.990478515625,2734.5650634765625,47.821773529052734,"[32, 48)","[97, inf)","[45, 59)",True
f1opt,0.0582255758345127,2472.png,13,Truck w/Box,0.5261525511741638,bkg,-1,44.14963316998588,101,978.7989501953124,3107.4205322265625,1032.0973205566406,3143.9918212890625,44.62899398803711,"[32, 48)","[97, inf)","[-inf, 45)",True
f1opt,0.0246792733669281,2472.png,14,Cargo Truck,0.4908521771430969,bkg,-1,14.035754376053024,101,1483.4214477539062,1836.4810791015625,1493.4794311523438,1856.0677490234373,49.72294235229492,"[8, 16)","[97, inf)","[45, 59)",True
f1opt,0.0582255758345127,2472.png,15,Truck w/Box,0.4880225658416748,TP,72,31.065847284619043,101,1650.11767578125,3089.2339477539062,1710.0810546875,3105.3285522460938,46.12150573730469,"[24, 32)","[97, inf)","[45, 59)",False
f1opt,0.0246792733669281,2472.png,16,Cargo Truck,0.4821111261844635,cls,98,33.63816623676481,101,1530.9185791015625,2674.049743652344,1557.5013427734375,2716.6159057617188,50.25249099731445,"[32, 48)","[97, inf)","[45, 59)",True
f1opt,0.0582255758345127,2472.png,17,Truck w/Box,0.4809669554233551,TP,94,40.45783335645746,101,1637.962043762207,2879.2607421875,1697.62744140625,2906.6943359375,50.236534118652344,"[32, 48)","[97, inf)","[45, 59)",False
f1opt,0.0246792733669281,2472.png,18,Cargo Truck,0.4601215124130249,both,81,36.136710821234956,101,999.9278564453124,2873.4610595703125,1022.9241943359376,2930.2467041015625,51.403018951416016,"[32, 48)","[97, inf)","[45, 59)",True
f1opt,0.0582255758345127,2472.png,19,Truck w/Box,0.4486541152000427,cls,36,36.601136231764606,101,2063.265380859375,2691.797119140625,2120.8046875,2715.079345703125,50.526206970214844,"[32, 48)","[97, inf)","[45, 59)",True
f1opt,0.0582255758345127,2472.png,20,Truck w/Box,0.4257931411266327,bkg,-1,42.16761008282811,101,2284.714172363281,2697.996032714844,2314.559631347656,2757.573181152344,51.31517791748047,"[32, 48)","[97, inf)","[45, 59)",True
f1opt,0.2916500866413116,2472.png,21,Truck w/Flatbed,0.4109649360179901,cls,91,33.664855189561756,101,1074.3287353515625,1007.0200958251952,1096.3223876953125,1058.5496215820312,42.07190704345703,"[32, 48)","[97, inf)","[-inf, 45)",True
f1opt,0.0582255758345127,2472.png,22,Truck w/Box,0.400529533624649,TP,77,40.52017474033546,101,1632.7785339355469,2868.702087402344,1692.004425048828,2896.4244995117188,50.862632751464844,"[32, 48)","[97, inf)","[45, 59)",False
f1opt,0.0246792733669281,2472.png,23,Cargo Truck,0.3974605202674866,bkg,-1,24.312703541042406,101,422.5930786132813,2828.1150512695312,449.432861328125,2850.138610839844,62.82453536987305,"[24, 32)","[97, inf)","[59, 82)",True
f1opt,0.2916500866413116,2472.png,24,Truck w/Flatbed,0.3920821845531463,both,76,27.784027253651157,101,1755.88671875,2792.1226196289062,1791.72412109375,2813.663024902344,49.727272033691406,"[24, 32)","[97, inf)","[45, 59)",True
f1opt,0.0582255758345127,2472.png,25,Truck w/Box,0.3895884752273559,TP,53,43.19611472540356,101,324.9450988769531,1343.04443359375,373.5329284667969,1381.4471435546875,37.5076904296875,"[32, 48)","[97, inf)","[-inf, 45)",False
f1opt,0.2916500866413116,2472.png,26,Truck w/Flatbed,0.3820594847202301,bkg,-1,35.10361732512103,101,1896.151885986328,1928.468505859375,1950.5539245605469,1951.1195678710935,48.594696044921875,"[32, 48)","[97, inf)","[45, 59)",True
f1opt,0.0246792733669281,2472.png,27,Cargo Truck,0.3536082208156585,cls,44,32.01872038131556,101,1007.2560119628906,1354.3026123046875,1045.8888244628906,1380.839599609375,40.070274353027344,"[32, 48)","[97, inf)","[-inf, 45)",True
f1opt,0.0246792733669281,2472.png,28,Cargo Truck,0.353412926197052,cls,39,37.33922893652733,101,2358.1705932617188,2839.4490356445312,2409.840301513672,2866.4323120117188,49.00755310058594,"[32, 48)","[97, inf)","[45, 59)",True
f1opt,0.0246792733669281,2472.png,29,Cargo Truck,0.3474882543087005,bkg,-1,21.056576229726247,101,1665.7281494140625,1762.6846618652344,1694.447265625,1778.1231384277344,45.813724517822266,"[16, 24)","[97, inf)","[45, 59)",True
f1opt,0.0582255758345127,2472.png,30,Truck w/Box,0.3466449379920959,bkg,-1,26.94199124132962,101,1301.005126953125,692.743408203125,1343.131103515625,709.974365234375,40.29069900512695,"[24, 32)","[97, inf)","[-inf, 45)",True
f1opt,0.0582255758345127,2472.png,31,Truck w/Box,0.3354773223400116,bkg,-1,46.81247817713492,101,1120.9569091796875,1037.8858642578125,1195.5546264648438,1067.26220703125,38.6591682434082,"[32, 48)","[97, inf)","[-inf, 45)",True
f1opt,0.2916500866413116,2472.png,32,Truck w/Flatbed,0.3334849774837494,cls,77,41.23784252062368,101,1632.644287109375,2868.7071533203125,1692.27294921875,2897.226318359375,50.72294998168945,"[32, 48)","[97, inf)","[45, 59)",True
f1opt,0.0582255758345127,2472.png,33,Truck w/Box,0.3302229046821594,TP,89,39.495765800970766,101,1080.5154418945312,1087.1200561523438,1107.400634765625,1145.1414184570312,39.8983039855957,"[32, 48)","[97, inf)","[-inf, 45)",False
f1opt,0.0582255758345127,2472.png,34,Truck w/Box,0.3253524303436279,cls,32,29.62070412161372,101,2093.909240722656,2823.91357421875,2149.450134277344,2839.710693359375,52.84416961669922,"[24, 32)","[97, inf)","[45, 59)",True
f1opt,0.2916500866413116,2472.png,35,Truck w/Flatbed,0.3205310702323913,bkg,-1,46.26120864521221,101,1516.569580078125,1520.5155029296875,1583.5048828125,1552.4881591796875,39.820411682128906,"[32, 48)","[97, inf)","[-inf, 45)",True
f1opt,0.0582255758345127,2472.png,36,Truck w/Box,0.3191618025302887,TP,59,31.600447435828652,101,516.1261596679688,2170.5894775390625,578.5388793945312,2186.589233398437,39.28384780883789,"[24, 32)","[97, inf)","[-inf, 45)",False
f1opt,0.2916500866413116,2472.png,37,Truck w/Flatbed,0.3188789784908294,cls,32,29.09562574008727,101,2092.915405273437,2824.6231689453125,2148.3721923828125,2839.8883056640625,53.24122619628906,"[24, 32)","[97, inf)","[45, 59)",True
f1opt,0.0582255758345127,2472.png,38,Truck w/Box,0.3054051399230957,bkg,-1,40.138757879987594,101,1578.9965438842771,2890.728820800781,1608.3566207885742,2945.6033325195312,52.64112854003906,"[32, 48)","[97, inf)","[45, 59)",True
f1opt,0.0582255758345127,2472.png,39,Truck w/Box,0.3043695092201233,TP,80,34.06301926137226,101,1643.2150268554688,2902.168701171875,1705.2234802246094,2920.8804931640625,48.83542251586914,"[32, 48)","[97, inf)","[45, 59)",False
f1opt,0.0582255758345127,2472.png,40,Truck w/Box,0.2974277138710022,loc,89,39.8578583057934,101,1067.0853271484375,1089.8924560546875,1095.6268920898438,1145.5533447265625,39.46884536743164,"[32, 48)","[97, inf)","[-inf, 45)",True
f1opt,0.0246792733669281,2472.png,41,Cargo Truck,0.2966355383396148,bkg,-1,13.582733014386616,101,1472.443359375,1850.966064453125,1482.168701171875,1869.9361572265625,43.12727355957031,"[8, 16)","[97, inf)","[-inf, 45)",True
f1opt,0.0582255758345127,2472.png,42,Truck w/Box,0.276253879070282,TP,95,34.681442898216986,101,1631.682113647461,3012.1051025390625,1652.4107513427734,3070.131225585937,54.03929138183594,"[32, 48)","[97, inf)","[45, 59)",False
f1opt,0.0582255758345127,2472.png,43,Truck w/Box,0.2636471688747406,TP,99,41.546773649653815,101,1810.1303100585935,2751.270263671875,1871.4611206054688,2779.4149169921875,58.435482025146484,"[32, 48)","[97, inf)","[45, 59)",False
f1opt,0.0582255758345127,2472.png,44,Truck w/Box,0.2506714165210724,cls,41,38.30698045461081,101,1893.8278198242188,1964.445373535156,1956.1956176757808,1987.9739379882808,48.63541793823242,"[32, 48)","[97, inf)","[45, 59)",True
f1opt,0.0246792733669281,2472.png,45,Cargo Truck,0.2259844541549682,both,89,37.221404598119804,101,1066.2567138671875,1089.70458984375,1092.400390625,1142.6976318359375,39.480796813964844,"[32, 48)","[97, inf)","[-inf, 45)",True
f1opt,0.0246792733669281,2472.png,46,Cargo Truck,0.2044087499380111,bkg,-1,20.62519257628962,101,1343.7557373046875,589.041748046875,1360.32666015625,614.713134765625,36.50640869140625,"[16, 24)","[97, inf)","[-inf, 45)",True
f1opt,0.0246792733669281,2472.png,47,Cargo Truck,0.1959089338779449,cls,60,29.059512077063207,101,543.1231689453125,2231.1163330078125,591.8536376953125,2248.4454345703125,37.49886703491211,"[24, 32)","[97, inf)","[-inf, 45)",True
f1opt,0.0582255758345127,2472.png,48,Truck w/Box,0.1830671727657318,TP,60,32.31955904931888,101,546.796875,2230.64697265625,599.8134765625,2250.349365234375,37.12257385253906,"[32, 48)","[97, inf)","[-inf, 45)",False
f1opt,0.0582255758345127,2472.png,49,Truck w/Box,0.1633618772029876,bkg,-1,35.17401756003876,101,932.9025268554688,2278.6300048828125,982.79833984375,2303.4259033203125,42.95927429199219,"[32, 48)","[97, inf)","[-inf, 45)",True
f1opt,0.0582255758345127,2472.png,50,Truck w/Box,0.1588589251041412,cls,39,36.60321893587551,101,2357.878860473633,2839.1011352539062,2409.3744049072266,2865.1188354492188,48.98951721191406,"[32, 48)","[97, inf)","[45, 59)",True
f1opt,0.0246792733669281,2472.png,51,Cargo Truck,0.1546704769134521,bkg,-1,41.282147513735396,101,2285.0889587402344,2699.741943359375,2315.229797363281,2756.28369140625,51.62958908081055,"[32, 48)","[97, inf)","[45, 59)",True
f1opt,0.0582255758345127,2472.png,52,Truck w/Box,0.1545268893241882,TP,47,22.053484788157302,101,1477.907470703125,768.5361042022705,1510.59375,783.4156255722046,49.430145263671875,"[16, 24)","[97, inf)","[45, 59)",False
f1opt,0.0246792733669281,2472.png,53,Cargo Truck,0.1472998559474945,cls,80,38.35816268699819,101,1644.247528076172,2895.0368041992188,1703.887451171875,2919.707336425781,48.30933380126953,"[32, 48)","[97, inf)","[45, 59)",True
f1opt,0.0246792733669281,2472.png,54,Cargo Truck,0.132234588265419,bkg,-1,16.428774519443877,101,1744.9217529296875,986.9588623046876,1758.4710693359375,1006.8790283203124,46.339683532714844,"[16, 24)","[97, inf)","[45, 59)",True
f1opt,0.0246792733669281,2472.png,55,Cargo Truck,0.1272033900022506,bkg,-1,17.32261530563752,101,1787.4870910644531,699.09912109375,1810.2515563964844,712.28076171875,55.217262268066406,"[16, 24)","[97, inf)","[45, 59)",True
f1opt,0.0582255758345127,2472.png,56,Truck w/Box,0.1245796829462051,TP,91,34.149624089552425,101,1073.5302124023438,1008.5039825439452,1096.3750610351562,1059.5525512695312,41.96714782714844,"[32, 48)","[97, inf)","[-inf, 45)",False
f1opt,0.0582255758345127,2472.png,57,Truck w/Box,0.1245782375335693,cls,37,34.38711572149502,101,2124.374755859375,2671.3006591796875,2145.994140625,2725.9957275390625,49.20248031616211,"[32, 48)","[97, inf)","[45, 59)",True
f1opt,0.0246792733669281,2472.png,58,Cargo Truck,0.1223265975713729,cls,89,38.58330651988598,101,1078.8402404785156,1087.1265869140625,1105.1883239746094,1143.6267700195312,39.72744369506836,"[32, 48)","[97, inf)","[-inf, 45)",True
f1opt,0.0246792733669281,2472.png,59,Cargo Truck,0.1173255890607833,cls,53,41.39134325975357,101,324.81494140625,1344.9345703125,372.21185302734375,1381.081298828125,37.51020431518555,"[32, 48)","[97, inf)","[-inf, 45)",True
f1opt,0.0246792733669281,2472.png,60,Cargo Truck,0.1013028845191001,bkg,-1,16.75284161901746,101,2574.7996215820312,1126.72216796875,2587.392517089844,1149.0091552734375,49.45535659790039,"[16, 24)","[97, inf)","[45, 59)",True
f1opt,0.0582255758345127,2472.png,61,Truck w/Box,0.1012097969651222,TP,88,28.62663154316466,101,1444.0505981445312,782.5091562271118,1486.2977905273438,801.9065170288086,43.18837356567383,"[24, 32)","[97, inf)","[-inf, 45)",False
f1opt,0.0582255758345127,2472.png,62,Truck w/Box,0.093913085758686,cls,40,28.111059717240575,101,2474.7062377929688,2546.909423828125,2535.0726928710938,2560.0,52.033409118652344,"[24, 32)","[97, inf)","[45, 59)",True
f1opt,0.0246792733669281,2472.png,63,Cargo Truck,0.0912269428372383,bkg,-1,16.460000525205956,101,1700.7003173828125,363.5241088867188,1723.0643310546875,375.63873291015625,40.46154022216797,"[16, 24)","[97, inf)","[-inf, 45)",True
f1opt,0.0246792733669281,2472.png,64,Cargo Truck,0.0882146582007408,bkg,-1,13.094739680796085,101,1469.8914184570312,1836.3369140625,1480.4187622070312,1852.6251831054688,47.64215850830078,"[8, 16)","[97, inf)","[45, 59)",True
f1opt,0.0246792733669281,2472.png,65,Cargo Truck,0.0797093287110328,bkg,-1,13.633535956722127,101,312.4032592773437,456.7275390625,323.549072265625,473.404052734375,51.046295166015625,"[8, 16)","[97, inf)","[45, 59)",True
f1opt,0.0246792733669281,2472.png,66,Cargo Truck,0.0704742670059204,bkg,-1,17.13397946375594,101,2316.661361694336,2670.1473388671875,2331.0647735595703,2690.529541015625,48.26785659790039,"[16, 24)","[97, inf)","[45, 59)",True
f1opt,0.0246792733669281,2472.png,67,Cargo Truck,0.0680925622582435,bkg,-1,20.60904303901831,101,2170.8136043548584,1338.5126953125,2187.9518661499023,1363.29541015625,42.1987190246582,"[16, 24)","[97, inf)","[-inf, 45)",True
f1opt,0.0246792733669281,2472.png,68,Cargo Truck,0.0676390081644058,bkg,-1,43.07919332752032,101,1456.0570068359375,2103.7672119140625,1520.0555419921875,2132.765014648437,45.4056396484375,"[32, 48)","[97, inf)","[45, 59)",True
f1opt,0.0246792733669281,2472.png,69,Cargo Truck,0.0588034726679325,cls,99,41.81024258839158,101,1810.212829589844,2751.4649658203125,1873.1237182617188,2779.2518310546875,58.234375,"[32, 48)","[97, inf)","[45, 59)",True
f1opt,0.0582255758345127,2472.png,70,Truck w/Box,0.0583190657198429,TP,58,39.597728186866874,101,0.0,1183.7133178710938,29.594890594482425,1236.6947631835938,48.59012222290039,"[32, 48)","[97, inf)","[45, 59)",False
f1opt,0.0582255758345127,2472.png,71,Truck w/Box,0.0582255758345127,TP,68,31.209388843686856,101,1406.8158569335938,694.198974609375,1430.1738891601562,735.8988037109375,41.60285568237305,"[24, 32)","[97, inf)","[-inf, 45)",False
f1opt,0.0246792733669281,2472.png,72,Cargo Truck,0.0576927177608013,cls,63,30.826534905006316,101,1298.1591186523438,651.763916015625,1340.2838745117188,674.322509765625,43.46608352661133,"[24, 32)","[97, inf)","[-inf, 45)",True
f1opt,0.0246792733669281,2472.png,73,Cargo Truck,0.0516495741903781,cls,72,25.666472780979312,101,1663.7038497924805,3090.5516357421875,1709.1629028320312,3105.0430908203125,46.51595687866211,"[24, 32)","[97, inf)","[45, 59)",True
f1opt,0.0246792733669281,2472.png,74,Cargo Truck,0.049661710858345,bkg,-1,22.703544903578443,101,1940.576171875,1084.151611328125,1969.910400390625,1101.7232666015625,49.35185241699219,"[16, 24)","[97, inf)","[45, 59)",True
f1opt,0.0246792733669281,2472.png,75,Cargo Truck,0.0490862093865871,both,5,28.930967818713896,101,1864.500061035156,1603.8075408935547,1907.1626586914065,1623.4266204833984,46.78355026245117,"[24, 32)","[97, inf)","[45, 59)",True
f1opt,0.0246792733669281,2472.png,76,Cargo Truck,0.0487802326679229,cls,59,25.765832517596735,101,517.718505859375,2172.877592086792,563.743896484375,2187.301763534546,39.27792739868164,"[24, 32)","[97, inf)","[-inf, 45)",True
f1opt,0.0246792733669281,2472.png,77,Cargo Truck,0.0426600314676761,cls,68,31.0226312002758,101,1406.521728515625,695.0662841796875,1429.857421875,736.3079833984375,41.59424591064453,"[24, 32)","[97, inf)","[-inf, 45)",True
f1opt,0.0246792733669281,2472.png,78,Cargo Truck,0.0407300852239131,cls,96,29.096709699594452,101,1450.2789306640625,857.1938781738281,1471.4566650390625,897.1707000732422,46.93902587890625,"[24, 32)","[97, inf)","[45, 59)",True
f1opt,0.0246792733669281,2472.png,79,Cargo Truck,0.0404814817011356,bkg,-1,36.13829657429796,101,589.9871826171875,1117.5590209960938,615.9593505859375,1167.8427124023438,38.85693359375,"[32, 48)","[97, inf)","[-inf, 45)",True
f1opt,0.0246792733669281,2472.png,80,Cargo Truck,0.0392873398959636,bkg,-1,25.787853428941673,101,3.702890396118164,2175.9248046875,31.686769485473636,2199.68896484375,44.595863342285156,"[24, 32)","[97, inf)","[-inf, 45)",True
f1opt,0.0246792733669281,2472.png,81,Cargo Truck,0.0386797897517681,bkg,-1,26.878577135685376,101,436.472900390625,3067.45458984375,466.0499877929688,3091.880859375,45.468387603759766,"[24, 32)","[97, inf)","[45, 59)",True
f1opt,0.0246792733669281,2472.png,82,Cargo Truck,0.0364944525063037,bkg,-1,39.082678375147864,101,1034.920166015625,2744.5262451171875,1093.5704345703125,2770.569702148437,46.88888931274414,"[32, 48)","[97, inf)","[45, 59)",True
f1opt,0.0246792733669281,2472.png,83,Cargo Truck,0.0363614708185195,bkg,-1,12.369777125429508,101,1554.7010498046875,773.3427324295044,1570.6270751953125,782.950364112854,46.93529510498047,"[8, 16)","[97, inf)","[45, 59)",True
f1opt,0.0246792733669281,2472.png,84,Cargo Truck,0.0361289456486702,bkg,-1,24.107282431896184,101,2171.6127405166626,3161.8607788085938,2203.35929107666,3180.167053222656,51.430301666259766,"[24, 32)","[97, inf)","[45, 59)",True
f1opt,0.0246792733669281,2472.png,85,Cargo Truck,0.0340702384710311,bkg,-1,14.867492806451493,101,305.0301513671875,457.4995422363281,317.2880859375,475.5321350097656,48.153846740722656,"[8, 16)","[97, inf)","[45, 59)",True
f1opt,0.0246792733669281,2472.png,86,Cargo Truck,0.031825665384531,bkg,-1,27.89514276154481,101,1423.498291015625,735.65966796875,1468.6103515625,752.90869140625,42.503623962402344,"[24, 32)","[97, inf)","[-inf, 45)",True
f1opt,0.0246792733669281,2472.png,87,Cargo Truck,0.0298278667032718,bkg,-1,22.898743508811645,101,1768.25439453125,1642.0057525634766,1791.798095703125,1664.2772064208984,60.95289993286133,"[16, 24)","[97, inf)","[59, 82)",True
f1opt,0.0246792733669281,2472.png,88,Cargo Truck,0.0296087395399808,bkg,-1,19.877374292053403,101,1174.1859130859375,1954.5896606445312,1191.2423095703125,1977.7545776367188,42.31944274902344,"[16, 24)","[97, inf)","[-inf, 45)",True
f1opt,0.0246792733669281,2472.png,89,Cargo Truck,0.0287027563899755,bkg,-1,23.570141375372195,101,1350.6354370117188,600.55517578125,1367.6439819335938,633.21826171875,36.66012954711914,"[16, 24)","[97, inf)","[-inf, 45)",True
f1opt,0.0246792733669281,2472.png,90,Cargo Truck,0.0285153277218341,cls,86,24.252820197530845,101,1473.6964721679688,893.3228149414062,1491.8302612304688,925.7594604492188,49.90111541748047,"[24, 32)","[97, inf)","[45, 59)",True
f1opt,0.0193771533668041,2472.png,91,Truck Tractor,0.0283977258950471,cls,89,34.756320590383304,101,1079.0242614746094,1086.6434936523438,1102.1029357910156,1138.9862670898438,39.83176040649414,"[32, 48)","[97, inf)","[-inf, 45)",True
f1opt,0.0246792733669281,2472.png,92,Cargo Truck,0.0282749384641647,bkg,-1,11.953083337449414,101,1492.4327392578125,472.15869140625,1510.1895751953125,480.2049560546875,41.894737243652344,"[8, 16)","[97, inf)","[-inf, 45)",True
f1opt,0.0246792733669281,2472.png,93,Cargo Truck,0.0280992854386568,bkg,-1,15.293766852511032,101,1476.3326416015625,1848.0445556640625,1487.250732421875,1869.4676513671875,43.969696044921875,"[8, 16)","[97, inf)","[-inf, 45)",True
f1opt,0.0246792733669281,2472.png,94,Cargo Truck,0.0250296276062726,bkg,-1,24.05738524287782,101,1755.384033203125,320.4996337890625,1787.043212890625,338.780517578125,52.084529876708984,"[24, 32)","[97, inf)","[45, 59)",True
f1opt,0.0246792733669281,2543.png,0,Cargo Truck,0.7016937136650085,both,38,28.061163810999666,97,1655.5123291015625,1141.7989501953125,1685.5369873046875,1168.0250244140625,62.64170455932617,"[24, 32)","[97, inf)","[59, 82)",True
f1opt,0.0582255758345127,2543.png,1,Truck w/Box,0.5613059401512146,cls,5,41.16335915692041,97,269.12274169921875,547.883056640625,318.58416748046875,582.1405029296875,101.86944580078125,"[32, 48)","[97, inf)","[82, inf)",True
f1opt,0.0246792733669281,2543.png,2,Cargo Truck,0.3078589141368866,bkg,-1,17.261088046179452,97,834.1282653808594,411.98638916015625,852.0043640136719,428.6536254882813,90.23391723632812,"[16, 24)","[97, inf)","[82, inf)",True
f1opt,0.0246792733669281,2543.png,3,Cargo Truck,0.2885892689228058,TP,26,20.723986082704776,97,2843.4549560546875,1718.6097412109375,2874.8414306640625,1732.29345703125,77.50416564941406,"[16, 24)","[97, inf)","[59, 82)",False
f1opt,0.0246792733669281,2543.png,4,Cargo Truck,0.2750521302223205,TP,5,42.398284076070766,97,269.534912109375,547.668701171875,318.69091796875,584.23828125,99.18789672851562,"[32, 48)","[97, inf)","[82, inf)",False
f1opt,0.0246792733669281,2543.png,5,Cargo Truck,0.2208427190780639,bkg,-1,16.94116768604481,97,0.0890321731567382,290.6593017578125,14.824577331542969,310.13623046875,64.21904754638672,"[16, 24)","[97, inf)","[59, 82)",True
f1opt,0.0246792733669281,2543.png,6,Cargo Truck,0.1554735004901886,bkg,-1,56.18396398685822,97,1159.37890625,396.9381713867188,1225.7314453125,444.5119018554688,82.46694946289062,"[48, 96)","[97, inf)","[82, inf)",True
f1opt,0.0246792733669281,2543.png,7,Cargo Truck,0.1420618742704391,both,16,21.838849117532888,97,1007.6451416015624,1151.3230590820312,1023.7650146484376,1180.9098510742188,117.33921813964844,"[16, 24)","[97, inf)","[82, inf)",True
f1opt,0.0246792733669281,2543.png,8,Cargo Truck,0.1284622400999069,bkg,-1,21.432415688818498,97,0.0,724.8257446289062,20.884689331054688,746.8202514648438,156.38302612304688,"[16, 24)","[97, inf)","[82, inf)",True
f1opt,0.0246792733669281,2543.png,9,Cargo Truck,0.1189839020371437,bkg,-1,21.733280612143652,97,2408.9523315429688,1105.7127685546875,2429.1538696289062,1129.0939331054688,126.52182006835938,"[16, 24)","[97, inf)","[82, inf)",True
f1opt,0.0193771533668041,2543.png,10,Truck Tractor,0.1044884771108627,cls,26,19.52663364328774,97,2844.742553710937,1718.9641723632812,2874.2442626953125,1731.8884887695312,78.83409881591797,"[16, 24)","[97, inf)","[59, 82)",True
f1opt,0.0193771533668041,2543.png,11,Truck Tractor,0.0892751291394233,cls,5,41.89042647306531,97,270.6872253417969,546.81640625,319.0931091308594,583.068359375,99.53894805908203,"[32, 48)","[97, inf)","[82, inf)",True
f1opt,0.0246792733669281,2543.png,12,Cargo Truck,0.0783075764775276,TP,52,22.403707836895546,97,2296.3570251464844,1251.0305480957031,2321.3448181152344,1271.1174011230469,150.481689453125,"[16, 24)","[97, inf)","[82, inf)",False
f1opt,0.0246792733669281,2543.png,13,Cargo Truck,0.0765520259737968,bkg,-1,30.924711231311285,97,1640.6981201171875,1899.8529663085935,1674.0936279296875,1928.4896850585935,71.03333282470703,"[24, 32)","[97, inf)","[59, 82)",True
f1opt,0.0246792733669281,2543.png,14,Cargo Truck,0.0709480643272399,cls,42,23.90566819985216,97,1698.5433349609375,1110.4081115722656,1723.1444091796875,1133.6380310058594,63.37019348144531,"[16, 24)","[97, inf)","[59, 82)",True
f1opt,0.0582255758345127,2543.png,15,Truck w/Box,0.0675636604428291,bkg,-1,24.5680955271765,97,2386.576904296875,1098.1824340820312,2409.662109375,1124.3286743164062,130.00772094726562,"[24, 32)","[97, inf)","[82, inf)",True
f1opt,0.0246792733669281,2543.png,16,Cargo Truck,0.0640438199043273,bkg,-1,38.43972023855178,97,2160.0045471191406,810.383056640625,2199.9869689941406,847.339599609375,100.38289642333984,"[32, 48)","[97, inf)","[82, inf)",True
f1opt,0.0246792733669281,2543.png,17,Cargo Truck,0.0586910136044025,TP,86,21.586382880294764,97,1621.938232421875,1884.3922729492188,1645.78466796875,1903.9328002929688,112.66200256347656,"[16, 24)","[97, inf)","[82, inf)",False
f1opt,0.0246792733669281,2543.png,18,Cargo Truck,0.0569277666509151,bkg,-1,20.014489429788714,97,1671.922332763672,1290.84716796875,1703.520965576172,1303.5242919921875,77.04112243652344,"[16, 24)","[97, inf)","[59, 82)",True
f1opt,0.0246792733669281,2543.png,19,Cargo Truck,0.0514526851475238,bkg,-1,13.611300094505824,97,1888.0,258.6398620605469,1896.9783353805544,279.2748107910156,121.13636016845703,"[8, 16)","[97, inf)","[82, inf)",True
f1opt,0.0246792733669281,2543.png,20,Cargo Truck,0.0490691661834716,bkg,-1,15.917693033463372,97,2892.7117919921875,1748.3819580078125,2910.3524169921875,1762.7449951171875,52.80350875854492,"[8, 16)","[97, inf)","[45, 59)",True
f1opt,0.0246792733669281,2543.png,21,Cargo Truck,0.0457263514399528,bkg,-1,21.921496837002746,97,2745.4109497070312,650.31884765625,2764.398376464844,675.6278076171875,73.35384368896484,"[16, 24)","[97, inf)","[59, 82)",True
f1opt,0.0246792733669281,2543.png,22,Cargo Truck,0.0407116450369358,bkg,-1,13.517499001630652,97,1013.025634765625,284.3232116699219,1024.0,300.9731750488281,146.49197387695312,"[8, 16)","[97, inf)","[82, inf)",True
f1opt,0.0246792733669281,2543.png,23,Cargo Truck,0.0363013371825218,bkg,-1,13.690796272305295,97,1802.352600097656,2236.91943359375,1821.2542114257808,2246.8359375,100.86817932128906,"[8, 16)","[97, inf)","[82, inf)",True
f1opt,0.0246792733669281,2543.png,24,Cargo Truck,0.0298503823578357,TP,91,16.943969567823892,97,2840.5662841796875,1733.3828125,2865.985717773437,1744.67724609375,65.8525619506836,"[16, 24)","[97, inf)","[59, 82)",False
f1opt,0.0246792733669281,2543.png,25,Cargo Truck,0.0287466719746589,bkg,-1,25.476665150360436,97,2386.6080932617188,1097.4037475585938,2410.7951049804688,1124.2388305664062,129.55857849121094,"[24, 32)","[97, inf)","[82, inf)",True
f1opt,0.0193771533668041,2543.png,26,Truck Tractor,0.026921659708023,bkg,-1,15.334622150066565,97,1888.0991191864011,1605.5680847167969,1896.3204746246336,1634.1705017089844,43.011112213134766,"[8, 16)","[97, inf)","[-inf, 45)",True
f1opt,0.0246792733669281,2543.png,27,Cargo Truck,0.0269097704440355,bkg,-1,29.61881897924939,97,876.2801208496094,157.38308715820312,911.65576171875,182.18191528320312,77.39957427978516,"[24, 32)","[97, inf)","[59, 82)",True
f1opt,0.0246792733669281,2543.png,28,Cargo Truck,0.026878498494625,TP,81,18.711523679976544,97,2308.10888671875,1239.80126953125,2329.33447265625,1256.2965087890625,161.2045440673828,"[16, 24)","[97, inf)","[82, inf)",False
f1opt,0.0246792733669281,2543.png,29,Cargo Truck,0.0249372161924839,bkg,-1,17.254334270651537,97,160.72451782226562,175.48529052734375,179.52487182617188,191.32073974609372,59.66470718383789,"[16, 24)","[97, inf)","[59, 82)",True
f1opt,0.0193771533668041,2543.png,30,Truck Tractor,0.0239692963659763,cls,25,25.15367821499775,97,2846.87744140625,1407.4487800598145,2865.760986328125,1440.9545402526855,124.16617584228516,"[24, 32)","[97, inf)","[82, inf)",True
f1opt,0.2916500866413116,31.png,0,Truck w/Flatbed,0.8625128269195557,bkg,-1,44.18975113278218,35,634.169189453125,915.9966735839844,686.4066162109375,953.3785705566406,87.65989685058594,"[32, 48)","[31, 76)","[82, inf)",True
f1opt,0.0246792733669281,31.png,1,Cargo Truck,0.7559744119644165,bkg,-1,21.583666930549427,35,1210.5125732421875,1222.0729370117188,1235.8366088867188,1240.4686889648438,104.61335754394531,"[16, 24)","[31, 76)","[82, inf)",True
f1opt,0.0246792733669281,31.png,2,Cargo Truck,0.7547664046287537,bkg,-1,19.266775895058508,35,1275.197998046875,1217.8405151367188,1292.2984619140625,1239.5480346679688,71.63768005371094,"[16, 24)","[31, 76)","[59, 82)",True
f1opt,0.0246792733669281,31.png,3,Cargo Truck,0.7519638538360596,bkg,-1,23.057452671045258,35,1148.23046875,1270.872314453125,1173.527099609375,1291.8887939453125,98.86188507080078,"[16, 24)","[31, 76)","[82, inf)",True
f1opt,0.0246792733669281,31.png,4,Cargo Truck,0.7478310465812683,bkg,-1,21.46650700637657,35,1276.9408264160156,1254.3163146972656,1296.3358154296875,1278.0755920410156,82.72190856933594,"[16, 24)","[31, 76)","[82, inf)",True
f1opt,0.0246792733669281,31.png,5,Cargo Truck,0.7275797724723816,bkg,-1,26.81643979722694,35,1223.1192016601562,1113.6494140625,1253.0216064453125,1137.6983642578125,83.45548248291016,"[24, 32)","[31, 76)","[82, inf)",True
f1opt,0.0246792733669281,31.png,6,Cargo Truck,0.710981547832489,bkg,-1,19.56601395902006,35,1181.978546142578,1254.0631103515625,1203.320343017578,1272.0010986328125,91.06178283691406,"[16, 24)","[31, 76)","[82, inf)",True
f1opt,0.0246792733669281,31.png,7,Cargo Truck,0.7105773091316223,bkg,-1,20.34942774092505,35,1253.0040893554688,1233.23486328125,1271.3158569335938,1255.8486938476562,88.03661346435547,"[16, 24)","[31, 76)","[82, inf)",True
f1opt,0.0246792733669281,31.png,8,Cargo Truck,0.6933083534240723,bkg,-1,22.2496274105899,35,989.3895263671876,48.27397918701172,1011.3968505859376,70.7685775756836,80.1720199584961,"[16, 24)","[31, 76)","[59, 82)",True
f1opt,0.0246792733669281,31.png,9,Cargo Truck,0.6899678111076355,TP,4,22.42493911036387,35,1565.6693115234375,967.877685546875,1589.2774658203125,989.1787109375,67.58261108398438,"[16, 24)","[31, 76)","[59, 82)",False
f1opt,0.0246792733669281,31.png,10,Cargo Truck,0.6798959970474243,bkg,-1,18.919333067492268,35,1234.729034423828,1227.2109985351562,1248.1831970214844,1253.8154907226562,84.59259033203125,"[16, 24)","[31, 76)","[82, inf)",True
f1opt,0.0246792733669281,31.png,11,Cargo Truck,0.6730246543884277,bkg,-1,25.005007018317336,35,1277.312744140625,1191.1036376953125,1301.754150390625,1216.6852416992188,76.36461639404297,"[24, 32)","[31, 76)","[59, 82)",True
f1opt,0.0246792733669281,31.png,12,Cargo Truck,0.6512067317962646,bkg,-1,24.693527264557215,35,1296.1998291015625,1221.0126953125,1317.5001220703125,1249.6400146484375,71.52821350097656,"[24, 32)","[31, 76)","[59, 82)",True
f1opt,0.0582255758345127,31.png,13,Truck w/Box,0.6488840579986572,bkg,-1,23.308750471390873,35,1108.2554931640625,1377.1315307617188,1136.460693359375,1396.3938598632812,95.34827423095703,"[16, 24)","[31, 76)","[82, inf)",True
f1opt,0.0582255758345127,31.png,14,Truck w/Box,0.6361425518989563,bkg,-1,23.645309575339763,35,1136.6515502929688,1379.9970703125,1157.5857543945312,1406.70458984375,84.82630157470703,"[16, 24)","[31, 76)","[82, inf)",True
f1opt,0.0246792733669281,31.png,15,Cargo Truck,0.6352750062942505,bkg,-1,24.471853880123582,35,1151.2459716796875,1234.3719482421875,1183.606201171875,1252.8783569335938,88.05103302001953,"[24, 32)","[31, 76)","[82, inf)",True
f1opt,0.0246792733669281,31.png,16,Cargo Truck,0.630624532699585,bkg,-1,14.04172183882244,35,766.0978393554688,1781.6678466796875,786.6851196289062,1791.2451171875,75.36796569824219,"[8, 16)","[31, 76)","[59, 82)",True
f1opt,0.0246792733669281,31.png,17,Cargo Truck,0.6072970628738403,bkg,-1,22.990454908879656,35,1221.8673706054688,1250.7044067382812,1246.6964721679688,1271.9923706054688,85.50874328613281,"[16, 24)","[31, 76)","[82, inf)",True
f1opt,0.0246792733669281,31.png,18,Cargo Truck,0.5842007398605347,bkg,-1,20.677184946981974,35,1257.4883422851562,1247.1494750976562,1275.7875366210938,1270.513671875,84.71929931640625,"[16, 24)","[31, 76)","[82, inf)",True
f1opt,0.0246792733669281,31.png,19,Cargo Truck,0.5628294348716736,cls,22,20.820614295922855,35,880.5557861328125,2187.4469604492188,896.9499206542969,2213.8892211914062,76.49237823486328,"[16, 24)","[31, 76)","[59, 82)",True
f1opt,0.0246792733669281,31.png,20,Cargo Truck,0.5551272034645081,bkg,-1,26.47075057984233,35,831.9701309204102,2259.631225585937,857.8111343383789,2286.7470703125,71.45767211914062,"[24, 32)","[31, 76)","[59, 82)",True
f1opt,0.0246792733669281,31.png,21,Cargo Truck,0.5455084443092346,bkg,-1,18.916072964322886,35,1150.6353149414062,1260.377685546875,1174.0558471679688,1275.6556396484375,96.62999725341797,"[16, 24)","[31, 76)","[82, inf)",True
f1opt,0.0246792733669281,31.png,22,Cargo Truck,0.504485011100769,bkg,-1,22.778700534799505,35,1326.3690185546875,1127.8323974609375,1346.3912353515625,1153.7470703125,79.456787109375,"[16, 24)","[31, 76)","[59, 82)",True
f1opt,0.0246792733669281,31.png,23,Cargo Truck,0.4953008890151977,bkg,-1,26.173873525579705,35,1305.7021484375,1170.65087890625,1328.5181884765625,1200.6767578125,72.69757843017578,"[24, 32)","[31, 76)","[59, 82)",True
f1opt,0.0246792733669281,31.png,24,Cargo Truck,0.4641063809394836,bkg,-1,18.158812336335792,35,1229.298095703125,1165.6318969726562,1243.443359375,1188.9430541992188,82.62777709960938,"[16, 24)","[31, 76)","[82, inf)",True
f1opt,0.0193771533668041,31.png,25,Truck Tractor,0.4448624849319458,bkg,-1,16.224973916729326,35,964.091796875,2178.909423828125,980.2844848632812,2195.166748046875,84.90849304199219,"[16, 24)","[31, 76)","[82, inf)",True
f1opt,0.0246792733669281,31.png,26,Cargo Truck,0.4392504692077636,bkg,-1,21.375800136598112,35,1244.8966064453125,1231.07470703125,1262.4461669921875,1257.1109619140625,73.58869171142578,"[16, 24)","[31, 76)","[59, 82)",True
f1opt,0.0582255758345127,31.png,27,Truck w/Box,0.4208596348762512,bkg,-1,23.353712655340384,35,1048.8783569335938,1390.6309814453125,1067.7005615234375,1419.607177734375,91.2316665649414,"[16, 24)","[31, 76)","[82, inf)",True
f1opt,0.0582255758345127,31.png,28,Truck w/Box,0.407718151807785,bkg,-1,22.888926869767282,35,1047.9020690917969,1373.7757568359375,1075.3909606933594,1392.83447265625,84.87931060791016,"[16, 24)","[31, 76)","[82, inf)",True
f1opt,0.0246792733669281,31.png,29,Cargo Truck,0.4003818333148956,bkg,-1,21.442294301854833,35,1182.1592407226562,1200.7518920898438,1206.4342651367188,1219.6920166015625,85.197998046875,"[16, 24)","[31, 76)","[82, inf)",True
f1opt,0.0246792733669281,31.png,30,Cargo Truck,0.3904985189437866,bkg,-1,22.58709422685405,35,1105.6445922851562,1158.4520874023438,1133.1257934570312,1177.0166625976562,82.57930755615234,"[16, 24)","[31, 76)","[82, inf)",True
f1opt,0.0246792733669281,31.png,31,Cargo Truck,0.381547600030899,bkg,-1,22.884624883172233,35,1195.8019409179688,1196.359130859375,1222.5062866210938,1215.9703979492188,95.80178833007812,"[16, 24)","[31, 76)","[82, inf)",True
f1opt,0.0246792733669281,31.png,32,Cargo Truck,0.367462009191513,bkg,-1,22.88877480226029,35,1253.8687133789062,1200.21435546875,1271.4342651367188,1230.03955078125,80.28182983398438,"[16, 24)","[31, 76)","[59, 82)",True
f1opt,0.0246792733669281,31.png,33,Cargo Truck,0.3356199860572815,bkg,-1,25.891471319461296,35,1320.1212768554688,1305.07373046875,1349.6234741210938,1327.79638671875,107.64057922363281,"[24, 32)","[31, 76)","[82, inf)",True
f1opt,0.0246792733669281,31.png,34,Cargo Truck,0.2996588945388794,TP,10,22.9060024935063,35,2273.408569335937,2835.930908203125,2295.1160888671875,2860.1015625,95.45986938476562,"[16, 24)","[31, 76)","[82, inf)",False
f1opt,0.0193771533668041,31.png,35,Truck Tractor,0.2868908047676086,bkg,-1,25.178650997131857,35,886.7337646484375,2286.892333984375,910.7811279296876,2313.2554931640625,73.9942855834961,"[24, 32)","[31, 76)","[59, 82)",True
f1opt,0.0246792733669281,31.png,36,Cargo Truck,0.2758932411670685,bkg,-1,28.20373569471932,35,976.09228515625,2104.6807861328125,1007.692138671875,2129.8533935546875,89.49038696289062,"[24, 32)","[31, 76)","[82, inf)",True
f1opt,0.0246792733669281,31.png,37,Cargo Truck,0.2726865112781524,loc,2,17.281151751518046,35,768.2797136306763,326.4005126953125,781.4952354431152,348.998046875,140.69876098632812,"[16, 24)","[31, 76)","[82, inf)",True
f1opt,0.0246792733669281,31.png,38,Cargo Truck,0.2642560005187988,bkg,-1,21.11382522658601,35,917.2242431640624,2209.5729370117188,936.3656005859376,2232.8624877929688,77.27291870117188,"[16, 24)","[31, 76)","[59, 82)",True
f1opt,0.0246792733669281,31.png,39,Cargo Truck,0.2609333097934723,bkg,-1,24.04306620090794,35,1075.610595703125,1352.0159912109375,1103.9895629882812,1372.3856201171875,90.22660064697266,"[24, 32)","[31, 76)","[82, inf)",True
f1opt,0.0246792733669281,31.png,40,Cargo Truck,0.2592564523220062,bkg,-1,19.64599464883939,35,932.259521484375,2199.255920410156,953.85595703125,2217.1276245117188,127.34928131103516,"[16, 24)","[31, 76)","[82, inf)",True
f1opt,0.0246792733669281,31.png,41,Cargo Truck,0.2529637217521667,bkg,-1,13.559169933437074,35,1070.0531005859375,1777.091064453125,1082.3847045898438,1792.0,77.81538391113281,"[8, 16)","[31, 76)","[59, 82)",True
f1opt,0.0193771533668041,31.png,42,Truck Tractor,0.2507006227970123,bkg,-1,25.878643634745714,35,831.873218536377,2259.9119567871094,857.3998260498047,2286.147491455078,71.45767211914062,"[24, 32)","[31, 76)","[59, 82)",True
f1opt,0.0582255758345127,31.png,43,Truck w/Box,0.2410285174846649,bkg,-1,29.656245470046787,35,1958.807678222656,1093.2963256835938,1983.4508666992188,1128.9854125976562,103.61325073242188,"[24, 32)","[31, 76)","[82, inf)",True
f1opt,0.0246792733669281,31.png,44,Cargo Truck,0.239345371723175,bkg,-1,19.60825687997408,35,1150.1390991210938,1249.302734375,1172.6763305664062,1266.3626708984375,91.97342681884766,"[16, 24)","[31, 76)","[82, inf)",True
f1opt,0.0582255758345127,31.png,45,Truck w/Box,0.2339715510606765,bkg,-1,22.42459747952324,35,1114.2958374023438,1239.6555786132812,1142.5427856445312,1257.4579467773438,85.30126953125,"[16, 24)","[31, 76)","[82, inf)",True
f1opt,0.0246792733669281,31.png,46,Cargo Truck,0.2293967753648758,bkg,-1,22.137414597196315,35,1171.9464111328125,1207.1559448242188,1197.4583740234375,1226.3651733398438,90.60926055908203,"[16, 24)","[31, 76)","[82, inf)",True
f1opt,0.0246792733669281,31.png,47,Cargo Truck,0.2251649349927902,bkg,-1,22.633003536586198,35,1047.1297302246094,1374.1942749023438,1074.801727294922,1392.7058715820312,84.80638885498047,"[16, 24)","[31, 76)","[82, inf)",True
f1opt,0.0582255758345127,31.png,48,Truck w/Box,0.2225261926651001,bkg,-1,23.33910267822542,35,1194.1495971679688,1180.9548950195312,1221.9451293945312,1200.5520629882812,82.41836547851562,"[16, 24)","[31, 76)","[82, inf)",True
f1opt,0.0246792733669281,31.png,49,Cargo Truck,0.2115112692117691,bkg,-1,13.349169140165591,35,1444.823486328125,770.52791929245,1457.366455078125,784.735107421875,123.19999694824219,"[8, 16)","[31, 76)","[82, inf)",True
f1opt,0.0582255758345127,31.png,50,Truck w/Box,0.2031296491622924,bkg,-1,24.48786838571072,35,1075.1127319335938,1352.0264282226562,1104.3518676757812,1372.5350952148438,90.50634765625,"[24, 32)","[31, 76)","[82, inf)",True
f1opt,0.0246792733669281,31.png,51,Cargo Truck,0.2026348114013672,bkg,-1,21.47489698797703,35,1263.7919921875,1146.9144592285156,1280.5217895507812,1174.4803161621094,82.17433166503906,"[16, 24)","[31, 76)","[82, inf)",True
f1opt,0.0246792733669281,31.png,52,Cargo Truck,0.2001848369836807,bkg,-1,15.786631956271055,35,2329.213623046875,620.1317138671875,2344.837890625,636.0823974609375,100.4742660522461,"[8, 16)","[31, 76)","[82, inf)",True
f1opt,0.0582255758345127,31.png,53,Truck w/Box,0.1935057342052459,bkg,-1,21.20572295450957,35,1264.2048950195312,1146.5278930664062,1280.3634033203125,1174.3573608398438,83.15618896484375,"[16, 24)","[31, 76)","[82, inf)",True
f1opt,0.0246792733669281,31.png,54,Cargo Truck,0.1893117874860763,bkg,-1,18.291511751932244,35,1174.5462036132812,1257.224365234375,1193.0866088867188,1275.2703247070312,92.15263366699219,"[16, 24)","[31, 76)","[82, inf)",True
f1opt,0.0582255758345127,31.png,55,Truck w/Box,0.1791564375162124,bkg,-1,20.96515992610133,35,1119.6492309570312,1369.3623046875,1147.7550659179688,1385.0009765625,87.7363052368164,"[16, 24)","[31, 76)","[82, inf)",True
f1opt,0.0246792733669281,31.png,56,Cargo Truck,0.1779164969921112,bkg,-1,23.546027223960163,35,1195.2824096679688,1180.8378295898438,1222.5326538085938,1201.1831665039062,83.23863983154297,"[16, 24)","[31, 76)","[82, inf)",True
f1opt,0.0193771533668041,31.png,57,Truck Tractor,0.1714902371168136,TP,15,20.96421789237668,35,986.378875732422,2208.5819091796875,1007.6161193847656,2229.276611328125,84.50413513183594,"[16, 24)","[31, 76)","[82, inf)",False
f1opt,0.0246792733669281,31.png,58,Cargo Truck,0.170740395784378,bkg,-1,21.841553103636816,35,1130.4095153808594,1222.300537109375,1157.251983642578,1240.0728759765625,82.69924926757812,"[16, 24)","[31, 76)","[82, inf)",True
f1opt,0.0246792733669281,31.png,59,Cargo Truck,0.1247959807515144,bkg,-1,13.540840115927324,35,2070.061623573303,2142.2828979492188,2079.84871006012,2161.0172119140625,120.33000183105469,"[8, 16)","[31, 76)","[82, inf)",True
f1opt,0.0246792733669281,31.png,60,Cargo Truck,0.1221185401082038,bkg,-1,16.417574879132694,35,67.48430633544922,0.2028121948242187,96.7356948852539,9.417306900024414,111.3066635131836,"[16, 24)","[31, 76)","[82, inf)",True
f1opt,0.0246792733669281,31.png,61,Cargo Truck,0.121475949883461,bkg,-1,21.211950620408466,35,1120.0818176269531,1369.01220703125,1148.264129638672,1384.977783203125,88.42025756835938,"[16, 24)","[31, 76)","[82, inf)",True
f1opt,0.0582255758345127,31.png,62,Truck w/Box,0.1146925166249275,bkg,-1,41.93221705059741,35,1341.4200439453125,810.7486572265625,1391.7515869140625,845.6832275390625,82.60839080810547,"[32, 48)","[31, 76)","[82, inf)",True
f1opt,0.0582255758345127,31.png,63,Truck w/Box,0.1074811965227127,loc,6,35.49486176948599,35,1724.4570922851562,799.9404296875,1774.5836791992188,825.0745010375977,107.47639465332031,"[32, 48)","[31, 76)","[82, inf)",True
f1opt,0.0246792733669281,31.png,64,Cargo Truck,0.1039802953600883,bkg,-1,13.384422414741548,35,1786.1396484375,2273.950256347656,1792.0,2304.518859863281,93.515625,"[8, 16)","[31, 76)","[82, inf)",True
f1opt,0.0246792733669281,31.png,65,Cargo Truck,0.0925163701176643,bkg,-1,14.410434706767035,35,1662.4702606201172,2622.9927978515625,1675.0041961669922,2639.5606689453125,118.5793685913086,"[8, 16)","[31, 76)","[82, inf)",True
f1opt,0.0246792733669281,31.png,66,Cargo Truck,0.0879124850034713,bkg,-1,23.904196442029114,35,1204.62939453125,1137.7078857421875,1231.0965576171875,1159.2973022460938,84.16149139404297,"[16, 24)","[31, 76)","[82, inf)",True
f1opt,0.0246792733669281,31.png,67,Cargo Truck,0.0869141817092895,TP,9,17.003533434401184,35,2694.28662109375,2834.539794921875,2713.717529296875,2849.419189453125,93.21562194824219,"[16, 24)","[31, 76)","[82, inf)",False
f1opt,0.0246792733669281,31.png,68,Cargo Truck,0.0832307040691375,bkg,-1,20.731969340143163,35,1261.103515625,1175.5524291992188,1279.2815551757812,1199.1971435546875,77.96210479736328,"[16, 24)","[31, 76)","[59, 82)",True
f1opt,0.0582255758345127,31.png,69,Truck w/Box,0.0798538401722908,bkg,-1,18.52756802915822,35,724.91455078125,1908.0,751.8914794921875,1920.7246055603027,121.78571319580078,"[16, 24)","[31, 76)","[82, inf)",True
f1opt,0.0246792733669281,31.png,70,Cargo Truck,0.0738145112991333,bkg,-1,25.346479578390987,35,849.1813888549805,2176.7670288085938,872.6480941772461,2204.143859863281,76.5862045288086,"[24, 32)","[31, 76)","[59, 82)",True
f1opt,0.0582255758345127,31.png,71,Truck w/Box,0.0716990977525711,bkg,-1,37.82114974817745,35,2977.8101806640625,1614.4234924316406,3007.787353515625,1662.14111328125,96.87623596191406,"[32, 48)","[31, 76)","[82, inf)",True
f1opt,0.0246792733669281,31.png,72,Cargo Truck,0.063768096268177,TP,0,46.96824539967447,35,185.1745147705078,319.39605712890625,237.9002227783203,361.2355346679688,107.15708923339844,"[32, 48)","[31, 76)","[82, inf)",False
f1opt,0.0246792733669281,31.png,73,Cargo Truck,0.0627064257860183,bkg,-1,22.77078800836396,35,905.6920776367188,2190.087158203125,926.3298950195312,2215.2113647460938,72.73601531982422,"[16, 24)","[31, 76)","[59, 82)",True
f1opt,0.0246792733669281,31.png,74,Cargo Truck,0.0618638694286346,both,22,16.1239910207425,35,893.4376678466797,2192.080322265625,907.413345336914,2210.682861328125,74.24561309814453,"[16, 24)","[31, 76)","[59, 82)",True
f1opt,0.0582255758345127,31.png,75,Truck w/Box,0.0583364069461822,TP,34,41.79687711599823,35,251.01022338867188,367.2671508789063,297.7708435058594,404.627197265625,129.2133331298828,"[32, 48)","[31, 76)","[82, inf)",False
f1opt,0.0246792733669281,31.png,76,Cargo Truck,0.051168255507946,bkg,-1,24.308839287024302,35,1344.9469604492188,1277.8649597167969,1366.6735229492188,1305.06298828125,81.48875427246094,"[24, 32)","[31, 76)","[59, 82)",True
f1opt,0.0246792733669281,31.png,77,Cargo Truck,0.0482194237411022,bkg,-1,21.724232872640677,35,1263.1739501953125,1205.3584594726562,1278.42236328125,1236.3087158203125,79.455078125,"[16, 24)","[31, 76)","[59, 82)",True
f1opt,0.0246792733669281,31.png,78,Cargo Truck,0.0472926869988441,both,23,21.90689983710097,35,875.865966796875,2174.6259765625,892.6583862304688,2203.205078125,78.0129623413086,"[16, 24)","[31, 76)","[59, 82)",True
f1opt,0.0246792733669281,31.png,79,Cargo Truck,0.0462917946279048,cls,6,32.214714461238366,35,1724.0980224609375,788.551929473877,1773.558349609375,809.5341567993164,101.24727630615234,"[32, 48)","[31, 76)","[82, inf)",True
f1opt,0.0246792733669281,31.png,80,Cargo Truck,0.044832769781351,bkg,-1,10.906251875923672,35,2696.91552734375,2922.5428466796875,2709.492919921875,2932.0,106.0857162475586,"[8, 16)","[31, 76)","[82, inf)",True
f1opt,0.0246792733669281,31.png,81,Cargo Truck,0.0398914106190204,bkg,-1,15.069208122474258,35,630.4112548828125,2122.6856689453125,644.2991943359375,2139.03662109375,106.94074249267578,"[8, 16)","[31, 76)","[82, inf)",True
f1opt,0.0246792733669281,31.png,82,Cargo Truck,0.0394079759716987,bkg,-1,13.61176589566193,35,1224.377471923828,1176.545440673828,1236.2435607910156,1192.159698486328,88.31674194335938,"[8, 16)","[31, 76)","[82, inf)",True
f1opt,0.0246792733669281,31.png,83,Cargo Truck,0.0380891412496566,bkg,-1,34.13330888267177,35,402.8688049316406,144.70034790039062,439.4631652832031,176.53811645507812,115.1044692993164,"[32, 48)","[31, 76)","[82, inf)",True
f1opt,0.0246792733669281,31.png,84,Cargo Truck,0.0366061367094516,cls,19,15.135776841913842,35,777.4796142578125,2115.9479370117188,792.6436767578125,2131.0554809570312,100.2242660522461,"[8, 16)","[31, 76)","[82, inf)",True
f1opt,0.0246792733669281,31.png,85,Cargo Truck,0.0310925915837287,bkg,-1,22.733480306271723,35,1113.9207153320312,1239.5077209472656,1143.0065307617188,1257.2762145996094,85.49745178222656,"[16, 24)","[31, 76)","[82, inf)",True
f1opt,0.0246792733669281,31.png,86,Cargo Truck,0.030568154528737,bkg,-1,13.579537500093563,35,1140.7117309570312,1696.03271484375,1154.6865844726562,1709.2281188964844,91.14762115478516,"[8, 16)","[31, 76)","[82, inf)",True
f1opt,0.0246792733669281,31.png,87,Cargo Truck,0.0304503720253705,bkg,-1,17.681343850212755,35,1121.6690673828125,1.755594253540039,1140.5145263671875,18.3447322845459,108.8861083984375,"[16, 24)","[31, 76)","[82, inf)",True
f1opt,0.0246792733669281,31.png,88,Cargo Truck,0.0293549969792366,bkg,-1,17.783324751838546,35,1219.0540161132812,1195.2243347167969,1235.4584350585938,1214.502471923828,79.67353057861328,"[16, 24)","[31, 76)","[59, 82)",True
f1opt,0.0246792733669281,31.png,89,Cargo Truck,0.0268516819924116,bkg,-1,24.680271329552355,35,1291.1646728515625,1253.2573852539062,1313.8260498046875,1280.1364135742188,80.73602294921875,"[24, 32)","[31, 76)","[59, 82)",True
f1opt,0.0246792733669281,31.png,90,Cargo Truck,0.0265830997377634,bkg,-1,19.70056109192146,35,843.616943359375,2188.6994018554688,862.37255859375,2209.392517089844,73.74090576171875,"[16, 24)","[31, 76)","[59, 82)",True
f1opt,0.0246792733669281,31.png,91,Cargo Truck,0.02653912268579,TP,12,21.638459708066044,35,2790.5416259765625,2585.3223876953125,2806.6861572265625,2614.3243408203125,159.85882568359375,"[16, 24)","[31, 76)","[82, inf)",False
f1opt,0.0193771533668041,31.png,92,Truck Tractor,0.0258602034300565,bkg,-1,24.238383332436374,35,1375.49169921875,2607.850830078125,1399.698974609375,2632.120361328125,87.76615142822266,"[24, 32)","[31, 76)","[82, inf)",True
f1opt,0.0246792733669281,31.png,93,Cargo Truck,0.0251396168023347,bkg,-1,17.844236751247877,35,874.6701965332031,123.56560516357422,891.8315734863281,142.119873046875,127.57499694824219,"[16, 24)","[31, 76)","[82, inf)",True
f1opt,0.0193771533668041,31.png,94,Truck Tractor,0.0224605686962604,bkg,-1,13.319003189039703,35,1602.5556030273438,882.2760009765625,1612.5744018554688,899.9822998046875,107.52525329589844,"[8, 16)","[31, 76)","[82, inf)",True
f1opt,0.0193771533668041,31.png,95,Truck Tractor,0.0198046453297138,bkg,-1,25.150759598345832,35,818.412109375,2129.9561767578125,837.5230712890625,2163.0555419921875,70.4528579711914,"[24, 32)","[31, 76)","[59, 82)",True
f1opt,0.0193771533668041,31.png,96,Truck Tractor,0.0193771533668041,TP,23,18.985427530569467,35,874.4410400390625,2172.862060546875,892.6619873046875,2192.64404296875,82.86215209960938,"[16, 24)","[31, 76)","[82, inf)",False
