threshold_set,threshold,image,idx,cls,conf,type,ref_gt,size,n_obj,x1,y1,x2,y2,brightness,size_bin,objects_bin,brightness_bin,fp
conf0.25,0.25,1181.png,0,Truck w/Box,0.882308304309845,TP,22,38.672546804738715,33,461.6784057617188,346.3458557128906,516.8999633789062,373.4288635253906,54.46938705444336,"[32, 48)","[31, 76)","[45, 59)",False
conf0.25,0.25,1181.png,1,Truck w/Box,0.8129772543907166,TP,20,36.70103717666773,33,445.2275390625,315.8306884765625,504.2721557617188,338.64337158203125,60.622222900390625,"[32, 48)","[31, 76)","[59, 82)",False
conf0.25,0.25,1181.png,2,Truck w/Box,0.6791576743125916,loc,20,33.08455704372936,33,438.63134765625,306.87994384765625,493.5386962890625,326.81512451171875,60.729591369628906,"[32, 48)","[31, 76)","[59, 82)",True
conf0.25,0.25,1181.png,3,Cargo Truck,0.5878844261169434,bkg,-1,19.324484513897573,33,326.82196044921875,409.4157104492188,349.66278076171875,425.7651977539063,51.67401885986328,"[16, 24)","[31, 76)","[45, 59)",True
conf0.25,0.25,1181.png,4,Truck w/Box,0.5373787879943848,loc,19,33.139798855499926,33,436.50299072265625,292.87603759765625,491.3333129882813,312.90594482421875,59.5527229309082,"[32, 48)","[31, 76)","[59, 82)",True
conf0.25,0.25,1181.png,5,Truck w/Box,0.5336955785751343,TP,18,32.51351794156407,33,426.0626220703125,264.6033935546875,480.31732177734375,284.08795166015625,57.09956741333008,"[32, 48)","[31, 76)","[45, 59)",False
conf0.25,0.25,1181.png,6,Truck w/Box,0.5120146870613098,TP,23,37.94356051565621,33,475.97698974609375,369.6095886230469,527.5773315429688,397.5108337402344,52.19453430175781,"[32, 48)","[31, 76)","[45, 59)",False
conf0.25,0.25,1181.png,7,Truck w/Box,0.2569951117038727,bkg,-1,33.90569490228853,33,271.03857421875,373.265869140625,313.7132568359375,400.2044677734375,64.27741241455078,"[32, 48)","[31, 76)","[59, 82)",True
conf0.25,0.25,1206.png,0,Truck w/Box,0.9006388783454895,bkg,-1,37.46507226044801,97,1479.5875244140625,2515.0201416015625,1528.5592041015625,2543.6822509765625,85.77379608154297,"[32, 48)","[97, inf)","[82, inf)",True
conf0.25,0.25,1206.png,1,Truck w/Box,0.8786831498146057,bkg,-1,35.85679398142825,97,2519.46826171875,2055.123016357422,2559.648681640625,2087.1214294433594,73.9430923461914,"[32, 48)","[97, inf)","[59, 82)",True
conf0.25,0.25,1206.png,2,Cargo Truck,0.8090214729309082,bkg,-1,18.117300262692442,97,2370.669921875,1723.5806884765625,2392.221923828125,1738.8106689453125,61.66304397583008,"[16, 24)","[97, inf)","[59, 82)",True
conf0.25,0.25,1206.png,3,Truck w/Box,0.7606279253959656,cls,51,32.38818544338727,97,2520.123779296875,1991.9949798583984,2559.35791015625,2018.7317657470703,66.69821166992188,"[32, 48)","[97, inf)","[59, 82)",True
conf0.25,0.25,1206.png,4,Truck w/Box,0.7440950870513916,both,95,37.526768091606456,97,1364.100830078125,2218.5103149414062,1412.3975830078125,2247.6687622070312,99.11904907226562,"[32, 48)","[97, inf)","[82, inf)",True
conf0.25,0.25,1206.png,5,Truck w/Box,0.7112242579460144,bkg,-1,20.81665544347996,97,39.37850189208984,26.46389961242676,64.74073028564453,43.54966735839844,78.0811996459961,"[16, 24)","[97, inf)","[59, 82)",True
conf0.25,0.25,1206.png,6,Cargo Truck,0.6971637606620789,bkg,-1,30.123255467671168,97,885.0660629272461,1087.1425170898438,932.0856018066406,1106.4411010742188,33.98125076293945,"[24, 32)","[97, inf)","[-inf, 45)",True
conf0.25,0.25,1206.png,7,Truck w/Box,0.6418394446372986,bkg,-1,27.26682127156366,97,1858.3140563964844,1842.503845214844,1880.8980407714844,1875.4244995117188,91.58567810058594,"[24, 32)","[97, inf)","[82, inf)",True
conf0.25,0.25,1206.png,8,Truck w/Box,0.5949636697769165,cls,41,39.35413577830089,97,1348.6437377929688,2348.6539306640625,1408.4451293945312,2374.552124023437,79.29022216796875,"[32, 48)","[97, inf)","[59, 82)",True
conf0.25,0.25,1206.png,9,Truck w/Flatbed,0.5297423601150513,both,88,24.718745307584335,97,2273.5591430664062,756.0319213867188,2292.2964477539062,788.6415405273438,66.40303039550781,"[24, 32)","[97, inf)","[59, 82)",True
conf0.25,0.25,1206.png,10,Truck w/Box,0.5041981935501099,bkg,-1,26.59432145125582,97,244.19976806640625,336.566162109375,276.938232421875,358.16943359375,52.81159591674805,"[24, 32)","[97, inf)","[45, 59)",True
conf0.25,0.25,1206.png,11,Truck w/Box,0.4760429561138153,bkg,-1,30.123528924911415,97,884.602294921875,1087.5487060546875,932.31103515625,1106.56884765625,33.871429443359375,"[24, 32)","[97, inf)","[-inf, 45)",True
conf0.25,0.25,1206.png,12,Cargo Truck,0.4228751361370086,bkg,-1,38.59964549638104,97,1398.8070068359375,1544.749755859375,1432.1663818359375,1589.412841796875,76.09627532958984,"[32, 48)","[97, inf)","[59, 82)",True
conf0.25,0.25,1206.png,13,Cargo Truck,0.3918069899082184,bkg,-1,13.902880661219903,97,2399.9326171875,1532.4898071289062,2416.629150390625,1544.0664672851562,96.56410217285156,"[8, 16)","[97, inf)","[82, inf)",True
conf0.25,0.25,1206.png,14,Truck w/Box,0.382931649684906,bkg,-1,37.09598365936803,97,1827.0408630371091,1985.9192123413088,1874.1016540527344,2015.1603698730469,75.98925018310547,"[32, 48)","[97, inf)","[59, 82)",True
conf0.25,0.25,1206.png,15,Cargo Truck,0.3486970067024231,TP,12,14.387423705911955,97,1860.3033447265625,800.6670913696289,1871.813232421875,818.6514511108398,136.9166717529297,"[8, 16)","[97, inf)","[82, inf)",False
conf0.25,0.25,1206.png,16,Cargo Truck,0.3215458989143371,TP,11,18.24751466327961,97,1867.9964599609373,792.9574508666992,1882.3099365234373,816.2202682495117,134.97999572753906,"[16, 24)","[97, inf)","[82, inf)",False
conf0.25,0.25,1206.png,17,Cargo Truck,0.298743337392807,loc,95,36.758313322557576,97,1365.3441162109375,2218.203186035156,1412.6768798828125,2246.7494506835938,99.8936767578125,"[32, 48)","[97, inf)","[82, inf)",True
conf0.25,0.25,1211.png,0,Cargo Truck,0.7736948132514954,bkg,-1,11.462625004857383,167,1746.9267578125,2001.5637512207031,1762.41943359375,2010.0446472167969,100.43529510498047,"[8, 16)","[97, inf)","[82, inf)",True
conf0.25,0.25,1211.png,1,Truck w/Box,0.7723848819732666,both,157,23.557561726025593,167,768.0795764923096,1952.4513854980469,792.6706962585449,1975.0188293457031,52.71833419799805,"[16, 24)","[97, inf)","[45, 59)",True
conf0.25,0.25,1211.png,2,Truck w/Flatbed,0.7622007727622986,bkg,-1,23.84742570245448,167,404.9021301269531,992.710205078125,433.1084899902344,1012.872314453125,63.85396957397461,"[16, 24)","[97, inf)","[59, 82)",True
conf0.25,0.25,1211.png,3,Truck w/Box,0.7283734083175659,cls,154,20.46236164195401,167,1092.781219482422,2016.9464416503904,1129.353485107422,2028.3952331542969,73.11943054199219,"[16, 24)","[97, inf)","[59, 82)",True
conf0.25,0.25,1211.png,4,Cargo Truck,0.6992095112800598,TP,55,21.556583370247527,167,825.767822265625,2819.2477416992188,851.56640625,2837.259826660156,84.72124481201172,"[16, 24)","[97, inf)","[82, inf)",False
conf0.25,0.25,1211.png,5,Cargo Truck,0.6211664080619812,TP,151,37.32184838219404,167,1168.7657470703125,1886.1486282348635,1194.0455322265625,1941.248794555664,58.3783073425293,"[32, 48)","[97, inf)","[45, 59)",False
conf0.25,0.25,1211.png,6,Cargo Truck,0.6171454191207886,bkg,-1,12.179720699321335,167,1766.059326171875,1993.5814819335935,1775.857177734375,2008.7221069335935,99.82499694824219,"[8, 16)","[97, inf)","[82, inf)",True
conf0.25,0.25,1211.png,7,Cargo Truck,0.5984758138656616,bkg,-1,22.30448898070088,167,1067.1275939941406,1916.5333251953125,1101.2891540527344,1931.09619140625,90.91963958740234,"[16, 24)","[97, inf)","[82, inf)",True
conf0.25,0.25,1211.png,8,Truck w/Box,0.5751499533653259,bkg,-1,19.578523319173495,167,768.0,1941.5964965820312,790.5006504058838,1958.6323852539065,93.47101593017578,"[16, 24)","[97, inf)","[82, inf)",True
conf0.25,0.25,1211.png,9,Cargo Truck,0.567333459854126,TP,52,22.978004459608112,167,649.31787109375,2861.28515625,682.8056640625,2877.0517578125,43.95847702026367,"[16, 24)","[97, inf)","[-inf, 45)",False
conf0.25,0.25,1211.png,10,Cargo Truck,0.5449082851409912,bkg,-1,13.55537385192257,167,2748.7779541015625,227.8524169921875,2764.31689453125,239.67742919921875,88.69683074951172,"[8, 16)","[97, inf)","[82, inf)",True
conf0.25,0.25,1211.png,11,Truck w/Flatbed,0.5089268684387207,bkg,-1,32.83303166770973,167,2837.20849609375,2153.778625488281,2890.7645263671875,2173.9072265625,77.8536148071289,"[32, 48)","[97, inf)","[59, 82)",True
conf0.25,0.25,1211.png,12,Truck w/Box,0.5009713172912598,bkg,-1,21.732352065962203,167,1067.0355834960938,1917.13427734375,1101.3690795898438,1930.890380859375,94.29183959960938,"[16, 24)","[97, inf)","[82, inf)",True
conf0.25,0.25,1211.png,13,Cargo Truck,0.4461096227169037,bkg,-1,12.370789600490346,167,1804.540100097656,1998.0589294433596,1813.011474609375,2016.124053955078,96.66841888427734,"[8, 16)","[97, inf)","[82, inf)",True
conf0.25,0.25,1211.png,14,Truck w/Box,0.4103653132915497,cls,160,22.866538774380984,167,1812.4302368164065,1868.0,1860.0032348632808,1878.9910793304443,62.33395004272461,"[16, 24)","[97, inf)","[59, 82)",True
conf0.25,0.25,1211.png,15,Truck w/Box,0.3519781529903412,bkg,-1,20.79289783936527,167,2425.0889892578125,2370.621459960937,2438.409912109375,2403.077514648437,57.556724548339844,"[16, 24)","[97, inf)","[45, 59)",True
conf0.25,0.25,1211.png,16,Cargo Truck,0.2842650711536407,TP,50,24.634559170166266,167,644.16455078125,2847.2548828125,681.09814453125,2863.68603515625,40.7043342590332,"[24, 32)","[97, inf)","[-inf, 45)",False
conf0.25,0.25,1211.png,17,Cargo Truck,0.2833127081394195,TP,66,19.909652955086415,167,1557.9583721160889,1017.8017578125,1582.3983154296875,1034.0208740234375,76.6602554321289,"[16, 24)","[97, inf)","[59, 82)",False
conf0.25,0.25,1211.png,18,Truck w/Box,0.274322509765625,bkg,-1,22.0375189263002,167,1623.4665832519531,1538.722306251526,1639.299774169922,1569.3953552246094,50.88602828979492,"[16, 24)","[97, inf)","[45, 59)",True
conf0.25,0.25,1211.png,19,Cargo Truck,0.2662944793701172,bkg,-1,14.163862487131288,167,1960.6827697753904,169.27731323242188,1980.9424896240237,179.17947387695312,91.80952453613281,"[8, 16)","[97, inf)","[82, inf)",True
conf0.25,0.25,1362.png,0,Truck w/Box,0.7843768000602722,bkg,-1,37.94715079171837,16,1784.9635925292969,604.6825561523438,1832.1756896972656,635.1829223632812,107.2959213256836,"[32, 48)","[-inf, 31)","[82, inf)",True
conf0.25,0.25,1362.png,1,Truck w/Box,0.7079550623893738,bkg,-1,26.772344850507288,16,2694.0241088867188,1176.7557983398438,2713.6101684570312,1213.3511352539062,105.5250015258789,"[24, 32)","[-inf, 31)","[82, inf)",True
conf0.25,0.25,1399.png,0,Truck w/Box,0.7739518284797668,TP,14,39.06631091792518,28,2434.7410888671875,888.60498046875,2486.5797119140625,918.0458984375,25.732805252075195,"[32, 48)","[-inf, 31)","[-inf, 45)",False
conf0.25,0.25,1399.png,1,Truck w/Box,0.358935683965683,bkg,-1,36.0512592950693,28,1735.30224609375,843.81298828125,1779.457763671875,873.2474365234375,27.614336013793945,"[32, 48)","[-inf, 31)","[-inf, 45)",True
conf0.25,0.25,1447.png,0,Truck w/Flatbed,0.6483367681503296,bkg,-1,27.064410661993186,43,625.620849609375,1108.3554077148438,641.424560546875,1154.7041625976562,36.23154067993164,"[24, 32)","[31, 76)","[-inf, 45)",True
conf0.25,0.25,1447.png,1,Truck w/Flatbed,0.5713728070259094,TP,15,31.084389897564687,43,707.6951904296875,1357.1823120117188,726.163818359375,1409.5001831054688,28.523584365844727,"[24, 32)","[31, 76)","[-inf, 45)",False
conf0.25,0.25,1447.png,2,Truck w/Flatbed,0.3478567898273468,TP,13,27.91818890418739,43,557.1460571289062,1309.8626708984375,574.1915893554688,1355.5887451171875,31.10756492614746,"[24, 32)","[31, 76)","[-inf, 45)",False
conf0.25,0.25,1447.png,3,Truck w/Box,0.2601011097431183,bkg,-1,26.974811335271575,43,625.6617431640625,1108.6514282226562,641.8260498046875,1153.6666870117188,36.19309616088867,"[24, 32)","[31, 76)","[-inf, 45)",True
conf0.25,0.25,1457.png,0,Truck w/Box,0.3866462707519531,TP,5,26.314144882850442,13,2631.735290527344,1583.7471656799316,2651.1986694335938,1619.3234252929688,112.39511108398438,"[24, 32)","[-inf, 31)","[82, inf)",False
conf0.25,0.25,1457.png,1,Cargo Truck,0.3407614827156067,bkg,-1,13.592888926316403,13,1209.6267395019531,11.232914924621582,1227.819366455078,21.38904190063477,78.38755798339844,"[8, 16)","[-inf, 31)","[59, 82)",True
conf0.25,0.25,1457.png,2,Cargo Truck,0.3277350068092346,TP,11,18.81102801194696,13,2557.6646118164062,1643.1886596679688,2573.3859252929688,1665.6966247558594,125.34526824951172,"[16, 24)","[-inf, 31)","[82, inf)",False
conf0.25,0.25,1530.png,0,Truck w/Box,0.7165778279304504,cls,11,36.00420777702736,14,1890.5220947265625,1368.6768798828125,1914.424072265625,1422.9110107421875,46.16145324707031,"[32, 48)","[-inf, 31)","[45, 59)",True
conf0.25,0.25,1530.png,1,Cargo Truck,0.5741481184959412,bkg,-1,16.097990556007336,14,1763.0545654296875,1115.2036743164062,1777.9556884765625,1132.5946655273438,94.88888549804688,"[16, 24)","[-inf, 31)","[82, inf)",True
conf0.25,0.25,1530.png,2,Cargo Truck,0.5491719841957092,TP,1,16.641129513824783,14,606.7689208984375,2037.579040527344,629.4290771484375,2049.7999267578125,66.34294891357422,"[16, 24)","[-inf, 31)","[59, 82)",False
conf0.25,0.25,1530.png,3,Truck w/Flatbed,0.3707952499389648,cls,9,20.91511549167336,14,1677.5330200195312,1073.9922790527344,1708.3059692382812,1088.2074279785156,39.642578125,"[16, 24)","[-inf, 31)","[-inf, 45)",True
conf0.25,0.25,1929.png,0,Truck w/Box,0.7498900890350342,bkg,-1,29.377581489426987,77,1536.0,3134.836303710937,1557.1756534576416,3175.5926513671875,47.21320343017578,"[24, 32)","[76, 97)","[45, 59)",True
conf0.25,0.25,1929.png,1,Truck w/Box,0.6139612793922424,cls,3,39.06638903598864,77,4359.613159179688,1763.4181518554688,4443.923095703125,1781.5202026367188,57.43467330932617,"[32, 48)","[76, 97)","[45, 59)",True
conf0.25,0.25,1929.png,2,Truck w/Box,0.4611535370349884,bkg,-1,56.860386126365825,77,1913.1471557617188,937.595458984375,1950.565368652344,1024.0,135.774658203125,"[48, 96)","[76, 97)","[82, inf)",True
conf0.25,0.25,1929.png,3,Truck w/Box,0.3866432011127472,cls,4,36.137679697442366,77,4262.161560058594,1767.3477783203125,4348.607421875,1782.4547119140625,62.05244064331055,"[32, 48)","[76, 97)","[59, 82)",True
conf0.25,0.25,1929.png,4,Cargo Truck,0.3677963614463806,bkg,-1,16.559182990106123,77,349.09393310546875,3125.287414550781,371.45318603515625,3137.551086425781,56.107025146484375,"[16, 24)","[76, 97)","[45, 59)",True
conf0.25,0.25,1929.png,5,Truck w/Box,0.3190513551235199,bkg,-1,22.83409885282846,77,4038.735748291016,2550.3758544921875,4093.126129150391,2559.9620361328125,19.496429443359375,"[16, 24)","[76, 97)","[-inf, 45)",True
conf0.25,0.25,20.png,0,Truck w/Box,0.7498958706855774,TP,1,33.35371535391576,43,768.7642707824707,624.456787109375,822.2156715393066,645.26953125,62.95041275024414,"[32, 48)","[31, 76)","[59, 82)",False
conf0.25,0.25,20.png,1,Truck w/Box,0.5679606795310974,bkg,-1,27.714039901248448,43,771.7086181640625,606.8218994140625,828.3250732421875,620.3880615234375,88.8264389038086,"[24, 32)","[31, 76)","[82, inf)",True
conf0.25,0.25,20.png,2,Truck w/Liquid,0.47979536652565,bkg,-1,26.946418047152378,43,2839.247314453125,2904.404296875,2866.549072265625,2931.0,105.60581970214844,"[24, 32)","[31, 76)","[82, inf)",True
conf0.25,0.25,20.png,3,Truck w/Box,0.4648213684558868,TP,0,27.014643100001894,43,776.2666206359863,593.8165893554688,831.1444664001465,607.1150512695312,95.615478515625,"[24, 32)","[31, 76)","[82, inf)",False
conf0.25,0.25,20.png,4,Truck w/Box,0.3470978140830993,loc,5,33.82386525173476,43,768.0,646.430419921875,799.0401916503906,683.28759765625,80.55756378173828,"[32, 48)","[31, 76)","[59, 82)",True
conf0.25,0.25,20.png,5,Truck w/Box,0.2984364330768585,TP,8,38.343050425901126,43,543.6607666015625,321.70294189453125,571.4661865234375,374.5771484375,140.5121307373047,"[32, 48)","[31, 76)","[82, inf)",False
conf0.25,0.25,2139.png,0,Truck w/Box,0.8020039796829224,loc,67,33.85738353391489,92,1982.3209533691409,1381.0087890625,2006.8997497558596,1427.6474609375,60.95489501953125,"[32, 48)","[76, 97)","[59, 82)",True
conf0.25,0.25,2139.png,1,Cargo Truck,0.7967224717140198,bkg,-1,15.751443285888746,92,2188.0773315429688,2526.8995361328125,2200.2494506835938,2547.2828369140625,103.16084289550781,"[8, 16)","[76, 97)","[82, inf)",True
conf0.25,0.25,2139.png,2,Truck w/Box,0.6466018557548523,TP,53,24.10968636801819,92,1523.35009765625,1540.8519287109375,1539.877197265625,1576.0230712890625,110.76470947265625,"[24, 32)","[76, 97)","[82, inf)",False
conf0.25,0.25,2139.png,3,Cargo Truck,0.5511891841888428,TP,9,16.270514867204117,92,1688.0484008789062,1877.450439453125,1700.0576782226562,1899.494201660156,100.17391204833984,"[16, 24)","[76, 97)","[82, inf)",False
conf0.25,0.25,2139.png,4,Cargo Truck,0.522372305393219,bkg,-1,29.246077100245394,92,1963.4047241210935,1439.271484375,2006.737365722656,1459.01025390625,111.88311767578125,"[24, 32)","[76, 97)","[82, inf)",True
conf0.25,0.25,2139.png,5,Cargo Truck,0.5060986876487732,TP,41,19.977861575105305,92,1579.5155296325684,1592.0622100830078,1593.9086952209473,1619.7916870117188,93.47142791748047,"[16, 24)","[76, 97)","[82, inf)",False
conf0.25,0.25,2139.png,6,Truck w/Liquid,0.4969802498817444,bkg,-1,31.868738909386714,92,1968.380615234375,1377.1365966796875,1988.4678955078125,1427.69677734375,75.5154037475586,"[24, 32)","[76, 97)","[59, 82)",True
conf0.25,0.25,2139.png,7,Truck w/Box,0.4407992959022522,cls,22,24.759146300837287,92,2378.60888671875,1496.6771240234375,2397.6240234375,1528.9154052734375,83.65757751464844,"[24, 32)","[76, 97)","[82, inf)",True
conf0.25,0.25,2139.png,8,Cargo Truck,0.4093595743179321,TP,14,20.628114353068256,92,1589.1635971069336,1589.0494194030762,1604.0867233276367,1617.563491821289,93.35991668701172,"[16, 24)","[76, 97)","[82, inf)",False
conf0.25,0.25,2139.png,9,Cargo Truck,0.3973559141159057,cls,17,24.852922846516105,92,1544.6527347564695,1538.4209098815918,1560.6767597198486,1576.9672660827637,94.51131439208984,"[24, 32)","[76, 97)","[82, inf)",True
conf0.25,0.25,2139.png,10,Cargo Truck,0.3582315742969513,loc,40,25.097391164619133,92,1524.117431640625,1539.2550315856934,1541.094970703125,1576.3557586669922,108.81871032714844,"[24, 32)","[76, 97)","[82, inf)",True
conf0.25,0.25,2139.png,11,Truck w/Liquid,0.3357165455818176,bkg,-1,31.186328476057074,92,1961.4124145507808,1377.0029296875,1979.8264770507808,1429.820556640625,73.68917846679688,"[24, 32)","[76, 97)","[59, 82)",True
conf0.25,0.25,2139.png,12,Truck w/Box,0.3323064744472503,loc,5,24.321200066928057,92,1646.52490234375,1532.7943115234375,1662.5498046875,1569.7069091796875,90.5526351928711,"[24, 32)","[76, 97)","[82, inf)",True
conf0.25,0.25,2139.png,13,Truck w/Box,0.3314996361732483,TP,17,23.053266083951538,92,1546.3682861328125,1538.0103759765625,1560.5550537109375,1575.4715576171875,91.30000305175781,"[16, 24)","[76, 97)","[82, inf)",False
conf0.25,0.25,2139.png,14,Cargo Truck,0.2896530032157898,bkg,-1,22.058030698361193,92,2279.5936279296875,2511.3523559570312,2295.6412353515625,2541.671936035156,132.71536254882812,"[16, 24)","[76, 97)","[82, inf)",True
conf0.25,0.25,2139.png,15,Truck w/Liquid,0.2520496547222137,cls,40,19.461066583659377,92,1536.28857421875,1536.7850341796875,1547.648681640625,1570.1239013671875,87.42619323730469,"[16, 24)","[76, 97)","[82, inf)",True
conf0.25,0.25,2292.png,0,Truck w/Box,0.3146791160106659,bkg,-1,20.798151566743268,30,3291.556396484375,715.8977661132812,3325.7164306640625,728.5606079101562,61.593875885009766,"[16, 24)","[-inf, 31)","[59, 82)",True
conf0.25,0.25,2293.png,0,Truck w/Box,0.8705345988273621,bkg,-1,46.368804309715294,145,1442.790771484375,969.2550048828124,1504.8106689453125,1003.92236328125,50.195465087890625,"[32, 48)","[97, inf)","[45, 59)",True
conf0.25,0.25,2293.png,1,Truck w/Box,0.8696902990341187,cls,107,31.90877201861869,145,3098.662841796875,168.82879638671875,3144.3701171875,191.10467529296875,55.44326400756836,"[24, 32)","[97, inf)","[45, 59)",True
conf0.25,0.25,2293.png,2,Truck w/Box,0.8301082253456116,cls,42,44.66051441751936,145,1624.1566162109375,896.75927734375,1680.9988708496094,931.8486938476562,44.29093551635742,"[32, 48)","[97, inf)","[-inf, 45)",True
conf0.25,0.25,2293.png,3,Truck w/Flatbed,0.829108715057373,cls,65,27.4194805371415,145,772.98486328125,2090.388977050781,789.55224609375,2135.7689819335938,61.756038665771484,"[24, 32)","[97, inf)","[59, 82)",True
conf0.25,0.25,2293.png,4,Truck w/Box,0.8062073588371277,cls,44,43.1388022831487,145,1392.73388671875,992.2154541015624,1454.1868896484375,1022.498046875,62.789554595947266,"[32, 48)","[97, inf)","[59, 82)",True
conf0.25,0.25,2293.png,5,Truck w/Box,0.7162649035453796,both,77,26.247335474215408,145,2304.0235958099365,512.0655517578125,2328.561435699463,540.1414794921875,34.81241226196289,"[24, 32)","[97, inf)","[-inf, 45)",True
conf0.25,0.25,2293.png,6,Truck w/Box,0.6536560654640198,cls,13,47.45676548633825,145,772.6313018798828,1384.5607299804688,823.912296295166,1428.4784545898438,37.126068115234375,"[32, 48)","[97, inf)","[-inf, 45)",True
conf0.25,0.25,2293.png,7,Truck w/Flatbed,0.5774997472763062,bkg,-1,26.074797951876654,145,1508.345703125,1702.2103214263916,1534.15771484375,1728.5505809783936,35.78189468383789,"[24, 32)","[97, inf)","[-inf, 45)",True
conf0.25,0.25,2293.png,8,Truck w/Liquid,0.5353610515594482,cls,30,32.40260946033792,145,1898.71484375,1574.992820739746,1917.928466796875,1629.6378555297852,41.98749923706055,"[32, 48)","[97, inf)","[-inf, 45)",True
conf0.25,0.25,2293.png,9,Truck w/Liquid,0.5317702889442444,cls,25,33.54551674921982,145,1871.3960571289065,1570.7749938964844,1891.6502075195312,1626.3340606689453,39.20050048828125,"[32, 48)","[97, inf)","[-inf, 45)",True
conf0.25,0.25,2293.png,10,Cargo Truck,0.513263463973999,bkg,-1,16.793709914060592,145,278.5820007324219,2223.0115966796875,304.6661682128906,2233.8238525390625,53.98653030395508,"[16, 24)","[97, inf)","[45, 59)",True
conf0.25,0.25,2293.png,11,Truck w/Flatbed,0.4741225242614746,TP,101,25.483703492168438,145,2306.3146362304688,2131.3428955078125,2318.7990112304688,2183.3614501953125,33.28302001953125,"[24, 32)","[97, inf)","[-inf, 45)",False
conf0.25,0.25,2293.png,12,Truck w/Liquid,0.4570294916629791,cls,31,31.896307305463367,145,1885.641540527344,1549.666603088379,1903.3239135742188,1607.2026824951172,34.2988395690918,"[24, 32)","[97, inf)","[-inf, 45)",True
conf0.25,0.25,2293.png,13,Cargo Truck,0.3511180877685547,loc,20,42.124200039705045,145,1918.6229553222656,1523.0614013671875,1945.682098388672,1588.6380615234375,49.2137451171875,"[32, 48)","[97, inf)","[45, 59)",True
conf0.25,0.25,2293.png,14,Cargo Truck,0.3479671478271484,TP,19,33.084879204984915,145,1836.6092529296875,1485.10888671875,1854.6898193359373,1545.6495361328125,49.65401077270508,"[32, 48)","[97, inf)","[45, 59)",False
conf0.25,0.25,2293.png,15,Truck w/Flatbed,0.3249000310897827,cls,81,26.579183139178976,145,263.18756103515625,1878.269775390625,286.93621826171875,1908.016845703125,48.22446060180664,"[24, 32)","[97, inf)","[45, 59)",True
conf0.25,0.25,2293.png,16,Truck w/Box,0.3030906319618225,cls,56,33.49844764379432,145,1507.0465087890625,1001.800537109375,1557.5948486328125,1024.0,37.93606185913086,"[32, 48)","[97, inf)","[-inf, 45)",True
conf0.25,0.25,2293.png,17,Truck w/Box,0.2878727614879608,TP,128,28.0822365764307,145,2594.926025390625,920.4685821533204,2616.201416015625,957.5354461669922,52.81922149658203,"[24, 32)","[97, inf)","[45, 59)",False
conf0.25,0.25,2293.png,18,Truck w/Box,0.2833231985569,bkg,-1,30.4943571674895,145,1412.8464965820312,146.0904541015625,1474.5010375976562,161.1729736328125,103.52579498291016,"[24, 32)","[97, inf)","[82, inf)",True
conf0.25,0.25,2293.png,19,Truck w/Flatbed,0.2778593599796295,bkg,-1,30.949706458307976,145,1822.6577758789065,1494.1031494140625,1841.4865112304688,1544.9766845703125,39.41764831542969,"[24, 32)","[97, inf)","[-inf, 45)",True
conf0.25,0.25,2293.png,20,Cargo Truck,0.2598986327648163,TP,25,34.47744402221961,145,1870.774353027344,1573.5850830078125,1893.2864379882808,1626.3875732421875,40.12654495239258,"[32, 48)","[97, inf)","[-inf, 45)",False
conf0.25,0.25,2308.png,0,Cargo Truck,0.8267036080360413,bkg,-1,24.975549889740794,76,5854.693756103516,2230.8896484375,5874.908843994141,2261.7467041015625,40.425594329833984,"[24, 32)","[31, 76)","[-inf, 45)",True
conf0.25,0.25,2308.png,1,Cargo Truck,0.8197585940361023,TP,40,33.27192892813842,76,5738.455261230469,2449.442626953125,5765.747741699219,2490.0040283203125,60.974491119384766,"[32, 48)","[31, 76)","[59, 82)",False
conf0.25,0.25,2308.png,2,Cargo Truck,0.8177234530448914,bkg,-1,28.071043282648986,76,5716.720642089844,1832.3971557617188,5740.118103027344,1866.0753173828125,35.9337158203125,"[24, 32)","[31, 76)","[-inf, 45)",True
conf0.25,0.25,2308.png,3,Cargo Truck,0.8125796318054199,TP,71,33.51213938521036,76,3976.9453125,3712.8880615234375,4004.468627929688,3753.692138671875,96.15845489501953,"[32, 48)","[31, 76)","[82, inf)",False
conf0.25,0.25,2308.png,4,Cargo Truck,0.808682382106781,bkg,-1,20.816917423894886,76,6418.949920654297,4292.46875,6435.856719970703,4318.10009765625,83.37242889404297,"[16, 24)","[31, 76)","[82, inf)",True
conf0.25,0.25,2308.png,5,Cargo Truck,0.6768501996994019,bkg,-1,36.66476307916364,76,1762.724639892578,1734.7959594726562,1793.9457092285156,1777.8535766601562,22.33025550842285,"[32, 48)","[31, 76)","[-inf, 45)",True
conf0.25,0.25,2308.png,6,Cargo Truck,0.6460688710212708,bkg,-1,19.300629218931142,76,5298.7110595703125,4419.9271240234375,5328.302978515625,4432.515502929688,30.135944366455078,"[16, 24)","[31, 76)","[-inf, 45)",True
conf0.25,0.25,2308.png,7,Cargo Truck,0.6126887798309326,bkg,-1,41.344715098493815,76,3978.138427734375,1468.052001953125,4011.611083984375,1519.1201171875,49.00848388671875,"[32, 48)","[31, 76)","[45, 59)",True
conf0.25,0.25,2308.png,8,Cargo Truck,0.5765699148178101,bkg,-1,50.19863061290992,76,4725.058410644531,77.36900329589844,4774.302307128906,128.54087829589844,21.13192367553711,"[48, 96)","[31, 76)","[-inf, 45)",True
conf0.25,0.25,2308.png,9,Cargo Truck,0.5494607090950012,bkg,-1,42.4593706370047,76,4065.6158752441406,1566.8079223632812,4101.591735839844,1616.9192504882812,38.80021286010742,"[32, 48)","[31, 76)","[-inf, 45)",True
conf0.25,0.25,2308.png,10,Cargo Truck,0.4997206032276153,bkg,-1,32.0486666045128,76,6356.2474365234375,5031.1357421875,6397.3829345703125,5056.1048583984375,107.77198028564453,"[32, 48)","[31, 76)","[82, inf)",True
conf0.25,0.25,2308.png,11,Cargo Truck,0.4667950570583343,bkg,-1,31.66340563111833,76,5877.091369628906,2319.5694580078125,5901.727111816406,2360.2652587890625,44.46571350097656,"[24, 32)","[31, 76)","[-inf, 45)",True
conf0.25,0.25,2308.png,12,Cargo Truck,0.4532418847084045,bkg,-1,39.5540596571497,76,5778.0084228515625,1864.3773193359373,5808.089660644531,1916.3872680664065,32.40109634399414,"[32, 48)","[31, 76)","[-inf, 45)",True
conf0.25,0.25,2308.png,13,Cargo Truck,0.418373167514801,bkg,-1,25.882433549460966,76,3106.599174499512,318.78485107421875,3128.1415100097656,349.8817749023437,26.98097801208496,"[24, 32)","[31, 76)","[-inf, 45)",True
conf0.25,0.25,2308.png,14,Cargo Truck,0.4103708565235138,TP,37,47.08419602285177,76,6367.856658935547,2825.38623046875,6405.669982910156,2884.0142822265625,79.998291015625,"[32, 48)","[31, 76)","[59, 82)",False
conf0.25,0.25,2308.png,15,Cargo Truck,0.3725366294384002,bkg,-1,16.523551690832065,76,6477.931243896484,4310.014984130859,6503.703033447266,4320.609039306641,73.13468170166016,"[16, 24)","[31, 76)","[59, 82)",True
conf0.25,0.25,2308.png,16,Cargo Truck,0.3480311930179596,bkg,-1,21.128009170021706,76,2215.2530517578125,0.0,2237.7938232421875,19.80379295349121,23.423913955688477,"[16, 24)","[31, 76)","[-inf, 45)",True
conf0.25,0.25,2308.png,17,Cargo Truck,0.3411390781402588,TP,54,24.82932523943619,76,342.6497802734375,898.887939453125,364.5452880859375,927.044189453125,64.00579833984375,"[24, 32)","[31, 76)","[59, 82)",False
conf0.25,0.25,2391.png,0,Cargo Truck,0.7942200899124146,bkg,-1,28.467796797554847,108,2616.9542236328125,2862.857177734375,2638.6802978515625,2900.15869140625,81.30546569824219,"[24, 32)","[97, inf)","[59, 82)",True
conf0.25,0.25,2391.png,1,Cargo Truck,0.7888641953468323,bkg,-1,28.281872755644343,108,4435.225341796875,1195.0233154296875,4460.0670166015625,1227.2218017578125,86.2808837890625,"[24, 32)","[97, inf)","[82, inf)",True
conf0.25,0.25,2391.png,2,Cargo Truck,0.727552592754364,loc,79,13.309771094521063,108,4542.133850097656,4846.378479003906,4552.281677246094,4863.835418701172,49.89393997192383,"[8, 16)","[97, inf)","[45, 59)",True
conf0.25,0.25,2391.png,3,Cargo Truck,0.7001990079879761,bkg,-1,28.728217059394282,108,5007.872955322266,284.13067626953125,5031.584747314453,318.93658447265625,92.47314453125,"[24, 32)","[97, inf)","[82, inf)",True
conf0.25,0.25,2391.png,4,Cargo Truck,0.6914238929748535,bkg,-1,29.33999038540802,108,4433.325805664063,1120.525634765625,4456.139526367188,1158.2588500976562,97.22649383544922,"[24, 32)","[97, inf)","[82, inf)",True
conf0.25,0.25,2391.png,5,Truck w/Box,0.6834498047828674,TP,26,39.668527711341895,108,2237.7702026367188,945.4862365722656,2268.3737182617188,996.9049072265624,116.86058044433594,"[32, 48)","[97, inf)","[82, inf)",False
conf0.25,0.25,2391.png,6,Truck w/Box,0.6044896245002747,bkg,-1,29.265733998712268,108,4930.658996582031,1762.7554321289062,4973.446594238281,1782.7725219726562,88.82034301757812,"[24, 32)","[97, inf)","[82, inf)",True
conf0.25,0.25,2391.png,7,Cargo Truck,0.5804981589317322,bkg,-1,25.261549751031435,108,5056.926574707031,5480.222290039063,5077.3681640625,5511.440307617188,91.06108093261719,"[24, 32)","[97, inf)","[82, inf)",True
conf0.25,0.25,2391.png,8,Cargo Truck,0.5613198280334473,bkg,-1,23.90756351003974,108,4430.455810546875,1050.9109497070312,4450.323486328125,1079.6798706054688,89.29206085205078,"[16, 24)","[97, inf)","[82, inf)",True
conf0.25,0.25,2391.png,9,Truck w/Box,0.5597819685935974,bkg,-1,23.911576362953305,108,3294.0565185546875,214.2266845703125,3328.0,231.07125854492188,74.9526138305664,"[16, 24)","[97, inf)","[59, 82)",True
conf0.25,0.25,2391.png,10,Truck w/Flatbed,0.5494175553321838,bkg,-1,47.171903073838564,108,3206.4678955078125,1844.2857360839844,3239.5302734375,1911.5884704589844,58.90484619140625,"[32, 48)","[97, inf)","[45, 59)",True
conf0.25,0.25,2391.png,11,Truck w/Box,0.4654797613620758,bkg,-1,18.85526149292965,108,3987.606994628906,1580.6634521484375,4000.5679931640634,1608.093505859375,61.28325271606445,"[16, 24)","[97, inf)","[59, 82)",True
conf0.25,0.25,2391.png,12,Truck w/Liquid,0.4464041888713836,cls,50,37.23167162546907,108,3840.942569732666,649.6705322265625,3877.822116851807,687.2576904296875,78.19298553466797,"[32, 48)","[97, inf)","[59, 82)",True
conf0.25,0.25,2391.png,13,Truck w/Box,0.4402088820934295,bkg,-1,42.99709715928205,108,5208.273681640625,5882.892456054688,5245.920654296875,5932.0,77.27052307128906,"[32, 48)","[97, inf)","[59, 82)",True
conf0.25,0.25,2391.png,14,Truck w/Box,0.4082189202308655,TP,99,47.17239001354031,108,5040.611877441406,5239.182830810547,5072.782653808594,5308.352264404297,107.38528442382812,"[32, 48)","[97, inf)","[82, inf)",False
conf0.25,0.25,2391.png,15,Cargo Truck,0.3594148755073547,bkg,-1,27.02010044459624,108,4589.481689453125,1282.4666137695312,4630.9345703125,1300.0790405273438,113.481201171875,"[24, 32)","[97, inf)","[82, inf)",True
conf0.25,0.25,2391.png,16,Truck w/Liquid,0.3455302119255066,bkg,-1,29.630520609791837,108,934.7313842773438,2273.8836059570312,955.59765625,2315.9595336914062,91.0253677368164,"[24, 32)","[97, inf)","[82, inf)",True
conf0.25,0.25,2391.png,17,Cargo Truck,0.3357265591621399,bkg,-1,30.52376685442062,108,2615.937805175781,3597.255126953125,2637.6915893554688,3640.08447265625,81.80335998535156,"[24, 32)","[97, inf)","[59, 82)",True
conf0.25,0.25,2391.png,18,Cargo Truck,0.3095110356807709,bkg,-1,18.953451838588165,108,610.9752197265625,4194.700622558594,639.7884521484375,4207.168273925781,75.89047241210938,"[16, 24)","[97, inf)","[59, 82)",True
conf0.25,0.25,2391.png,19,Truck w/Box,0.3091536462306976,bkg,-1,26.48814274619913,108,2806.8914794921875,1151.150634765625,2867.822509765625,1162.6656494140625,71.0981216430664,"[24, 32)","[97, inf)","[59, 82)",True
conf0.25,0.25,2391.png,20,Truck w/Box,0.2990536093711853,bkg,-1,20.94405703853209,108,6173.3529052734375,1773.2664794921875,6196.947143554688,1791.8580322265625,96.83772277832031,"[16, 24)","[97, inf)","[82, inf)",True
conf0.25,0.25,2391.png,21,Cargo Truck,0.2981735467910766,bkg,-1,26.586910261674088,108,4432.9984130859375,1085.1962280273438,4453.88232421875,1119.0435180664062,105.42208099365234,"[24, 32)","[97, inf)","[82, inf)",True
conf0.25,0.25,2391.png,22,Cargo Truck,0.2641297578811645,bkg,-1,37.738358980891846,108,752.574951171875,4973.01432800293,781.8349609375,5021.687713623047,64.929931640625,"[32, 48)","[97, inf)","[59, 82)",True
conf0.25,0.25,2391.png,23,Truck Tractor,0.2593816518783569,bkg,-1,16.94089430266073,108,768.0551433563232,5009.836029052734,782.1602544784546,5030.182830810547,64.09394073486328,"[16, 24)","[97, inf)","[59, 82)",True
conf0.25,0.25,2470.png,0,Cargo Truck,0.6921553015708923,cls,135,30.032187355212102,153,1621.3280792236328,2241.3822631835938,1660.2338256835938,2264.564758300781,45.48229217529297,"[24, 32)","[97, inf)","[45, 59)",True
conf0.25,0.25,2470.png,1,Cargo Truck,0.6896541118621826,both,9,31.82770921002973,153,2355.898193359375,2531.4249267578125,2398.1485595703125,2555.401123046875,43.15999984741211,"[24, 32)","[97, inf)","[-inf, 45)",True
conf0.25,0.25,2470.png,2,Truck w/Box,0.570305347442627,bkg,-1,39.140954312444585,153,65.77719116210938,2225.8279418945312,116.86886596679688,2255.813537597656,43.920597076416016,"[32, 48)","[97, inf)","[-inf, 45)",True
conf0.25,0.25,2470.png,3,Truck w/Box,0.5661640167236328,bkg,-1,54.68938458710394,153,1160.6385498046875,2300.1290283203125,1221.8377685546875,2349.001037597656,44.43096923828125,"[48, 96)","[97, inf)","[-inf, 45)",True
conf0.25,0.25,2470.png,4,Cargo Truck,0.3055605292320251,bkg,-1,27.385534947961208,153,928.3123779296876,772.7898559570312,955.0396728515624,800.8498420715332,41.26231384277344,"[24, 32)","[97, inf)","[-inf, 45)",True
conf0.25,0.25,2472.png,0,Truck w/Box,0.8842685222625732,TP,74,36.51753391471913,101,1338.3214111328125,807.4982681274414,1394.3057861328125,831.3179550170898,50.40280532836914,"[32, 48)","[97, inf)","[45, 59)",False
conf0.25,0.25,2472.png,1,Truck w/Box,0.77790367603302,TP,94,38.90869580972736,101,1640.144775390625,2880.8184814453125,1697.6396484375,2907.1492919921875,49.684730529785156,"[32, 48)","[97, inf)","[45, 59)",False
conf0.25,0.25,2472.png,2,Truck w/Box,0.7011100649833679,bkg,-1,37.91516205988165,101,982.3313903808594,3109.3615112304688,1029.1323852539062,3140.0779418945312,44.89518356323242,"[32, 48)","[97, inf)","[-inf, 45)",True
conf0.25,0.25,2472.png,3,Truck w/Box,0.6796442270278931,bkg,-1,35.36089907230249,101,950.1475830078124,2607.082763671875,974.5863037109376,2658.2471923828125,45.047691345214844,"[32, 48)","[97, inf)","[-inf, 45)",True
conf0.25,0.25,2472.png,4,Truck w/Flatbed,0.6541993021965027,bkg,-1,32.51823235744423,101,2082.749755859375,1946.1423034667969,2131.829833984375,1967.6874084472656,54.2136344909668,"[32, 48)","[97, inf)","[45, 59)",True
conf0.25,0.25,2472.png,5,Truck w/Flatbed,0.5886074304580688,cls,92,43.74872275408191,101,1217.8077392578125,799.9060897827148,1275.1455078125,833.2863693237305,37.85908126831055,"[32, 48)","[97, inf)","[-inf, 45)",True
conf0.25,0.25,2472.png,6,Truck w/Box,0.4117307066917419,bkg,-1,34.60951036078029,101,2069.8126831054688,2714.6434326171875,2125.7777709960938,2736.04638671875,47.536231994628906,"[32, 48)","[97, inf)","[45, 59)",True
conf0.25,0.25,2472.png,7,Truck w/Box,0.2762795984745025,cls,35,34.84235167455922,101,2072.270446777344,2736.682678222656,2131.081115722656,2757.3250122070312,50.400001525878906,"[32, 48)","[97, inf)","[45, 59)",True
conf0.25,0.25,2472.png,8,Cargo Truck,0.2557279169559479,cls,36,37.60089811066637,101,2066.6910400390625,2690.506103515625,2121.6256103515625,2716.24267578125,50.25463104248047,"[32, 48)","[97, inf)","[45, 59)",True
conf0.25,0.25,31.png,0,Truck w/Box,0.8862097263336182,TP,34,40.93982297205829,35,251.76158142089844,367.2664489746094,298.364013671875,403.2317199707031,129.67286682128906,"[32, 48)","[31, 76)","[82, inf)",False
conf0.25,0.25,31.png,1,Truck w/Box,0.8219306468963623,bkg,-1,38.36223576088966,35,2625.0987548828125,1630.6890869140625,2667.9332275390625,1665.0460205078125,127.15568542480469,"[32, 48)","[31, 76)","[82, inf)",True
conf0.25,0.25,31.png,2,Truck w/Box,0.7321918606758118,bkg,-1,36.0825868101053,35,2538.4331665039062,2454.0447998046875,2580.8812866210938,2484.7164306640625,117.13278198242188,"[32, 48)","[31, 76)","[82, inf)",True
conf0.25,0.25,31.png,3,Truck w/Box,0.6360657215118408,TP,3,37.27228493848458,35,1039.2124633789062,591.1618041992188,1085.3029174804688,621.3030395507812,109.60123443603516,"[32, 48)","[31, 76)","[82, inf)",False
conf0.25,0.25,31.png,4,Truck w/Box,0.5258179903030396,loc,6,35.465023870144144,35,1723.556396484375,800.1400146484375,1772.386474609375,825.8980712890625,107.86615753173828,"[32, 48)","[31, 76)","[82, inf)",True
conf0.25,0.25,31.png,5,Truck w/Box,0.3087230324745178,bkg,-1,40.55889625587138,35,1341.8992919921875,812.0906982421875,1390.3616943359375,846.0350341796875,82.88800048828125,"[32, 48)","[31, 76)","[82, inf)",True
f1opt,0.0122697269544005,1181.png,0,Truck w/Box,0.882308304309845,TP,22,38.672546804738715,33,461.6784057617188,346.3458557128906,516.8999633789062,373.4288635253906,54.46938705444336,"[32, 48)","[31, 76)","[45, 59)",False
f1opt,0.0122697269544005,1181.png,1,Truck w/Box,0.8129772543907166,TP,20,36.70103717666773,33,445.2275390625,315.8306884765625,504.2721557617188,338.64337158203125,60.622222900390625,"[32, 48)","[31, 76)","[59, 82)",False
f1opt,0.0122697269544005,1181.png,2,Truck w/Box,0.6791576743125916,loc,20,33.08455704372936,33,438.63134765625,306.87994384765625,493.5386962890625,326.81512451171875,60.729591369628906,"[32, 48)","[31, 76)","[59, 82)",True
f1opt,0.002893827855587,1181.png,3,Cargo Truck,0.5878844261169434,bkg,-1,19.324484513897573,33,326.82196044921875,409.4157104492188,349.66278076171875,425.7651977539063,51.67401885986328,"[16, 24)","[31, 76)","[45, 59)",True
f1opt,0.0122697269544005,1181.png,4,Truck w/Box,0.5373787879943848,loc,19,33.139798855499926,33,436.50299072265625,292.87603759765625,491.3333129882813,312.90594482421875,59.5527229309082,"[32, 48)","[31, 76)","[59, 82)",True
f1opt,0.0122697269544005,1181.png,5,Truck w/Box,0.5336955785751343,TP,18,32.51351794156407,33,426.0626220703125,264.6033935546875,480.31732177734375,284.08795166015625,57.09956741333008,"[32, 48)","[31, 76)","[45, 59)",False
f1opt,0.0122697269544005,1181.png,6,Truck w/Box,0.5120146870613098,TP,23,37.94356051565621,33,475.97698974609375,369.6095886230469,527.5773315429688,397.5108337402344,52.19453430175781,"[32, 48)","[31, 76)","[45, 59)",False
f1opt,0.0122697269544005,1181.png,7,Truck w/Box,0.2569951117038727,bkg,-1,33.90569490228853,33,271.03857421875,373.265869140625,313.7132568359375,400.2044677734375,64.27741241455078,"[32, 48)","[31, 76)","[59, 82)",True
f1opt,0.0122697269544005,1181.png,8,Truck w/Box,0.1391891986131668,bkg,-1,34.748735404819534,33,355.0400390625,221.64959716796875,406.3923950195313,245.16311645507807,49.754615783691406,"[32, 48)","[31, 76)","[45, 59)",True
f1opt,0.0122697269544005,1181.png,9,Truck w/Box,0.0863905102014541,bkg,-1,25.30622753013123,33,307.1131286621094,384.9241333007813,342.4051818847656,403.0700073242188,63.84722137451172,"[24, 32)","[31, 76)","[59, 82)",True
f1opt,0.0122697269544005,1181.png,10,Truck w/Box,0.0768512263894081,bkg,-1,21.522659781332916,33,277.6378479003906,334.23150634765625,300.9085998535156,354.13739013671875,57.74007797241211,"[16, 24)","[31, 76)","[45, 59)",True
f1opt,0.0122697269544005,1181.png,11,Truck w/Box,0.0694579854607582,bkg,-1,22.595004942509988,33,316.80255126953125,397.8633117675781,343.65069580078125,416.8789367675781,55.68571472167969,"[16, 24)","[31, 76)","[45, 59)",True
f1opt,0.002893827855587,1181.png,12,Cargo Truck,0.0664132684469223,bkg,-1,20.300796524197718,33,415.9438171386719,760.4596557617188,443.4629821777344,775.4354858398438,48.965518951416016,"[16, 24)","[31, 76)","[45, 59)",True
f1opt,0.002893827855587,1181.png,13,Cargo Truck,0.022238066419959,bkg,-1,23.075961120004667,33,313.04595947265625,400.1149597167969,343.7685546875,417.4474792480469,53.175628662109375,"[16, 24)","[31, 76)","[45, 59)",True
f1opt,0.0122697269544005,1181.png,14,Truck w/Box,0.0182324983179569,bkg,-1,23.2307744051779,33,538.204833984375,367.2427368164063,556.9427490234375,396.0436401367188,50.67719268798828,"[16, 24)","[31, 76)","[45, 59)",True
f1opt,0.0122697269544005,1181.png,15,Truck w/Box,0.0157417263835668,bkg,-1,22.18884822835885,33,19.85553359985352,694.5421752929688,38.34177017211914,721.1752319335938,54.42678451538086,"[16, 24)","[31, 76)","[45, 59)",True
f1opt,0.002893827855587,1181.png,16,Cargo Truck,0.006963409949094,bkg,-1,21.89244148335286,33,1827.310577392578,1894.261943817139,1853.5204162597656,1912.548168182373,151.98635864257812,"[16, 24)","[31, 76)","[82, inf)",True
f1opt,0.002893827855587,1181.png,17,Cargo Truck,0.0032635675743222,bkg,-1,14.696951730929095,33,0.2454538345336914,2001.133575439453,10.302404403686523,2022.6112976074216,65.06611633300781,"[8, 16)","[31, 76)","[59, 82)",True
f1opt,0.0122697269544005,1206.png,0,Truck w/Box,0.9006388783454895,bkg,-1,37.46507226044801,97,1479.5875244140625,2515.0201416015625,1528.5592041015625,2543.6822509765625,85.77379608154297,"[32, 48)","[97, inf)","[82, inf)",True
f1opt,0.0122697269544005,1206.png,1,Truck w/Box,0.8786831498146057,bkg,-1,35.85679398142825,97,2519.46826171875,2055.123016357422,2559.648681640625,2087.1214294433594,73.9430923461914,"[32, 48)","[97, inf)","[59, 82)",True
f1opt,0.002893827855587,1206.png,2,Cargo Truck,0.8090214729309082,bkg,-1,18.117300262692442,97,2370.669921875,1723.5806884765625,2392.221923828125,1738.8106689453125,61.66304397583008,"[16, 24)","[97, inf)","[59, 82)",True
f1opt,0.0122697269544005,1206.png,3,Truck w/Box,0.7606279253959656,cls,51,32.38818544338727,97,2520.123779296875,1991.9949798583984,2559.35791015625,2018.7317657470703,66.69821166992188,"[32, 48)","[97, inf)","[59, 82)",True
f1opt,0.0122697269544005,1206.png,4,Truck w/Box,0.7440950870513916,both,95,37.526768091606456,97,1364.100830078125,2218.5103149414062,1412.3975830078125,2247.6687622070312,99.11904907226562,"[32, 48)","[97, inf)","[82, inf)",True
f1opt,0.0122697269544005,1206.png,5,Truck w/Box,0.7112242579460144,bkg,-1,20.81665544347996,97,39.37850189208984,26.46389961242676,64.74073028564453,43.54966735839844,78.0811996459961,"[16, 24)","[97, inf)","[59, 82)",True
f1opt,0.002893827855587,1206.png,6,Cargo Truck,0.6971637606620789,bkg,-1,30.123255467671168,97,885.0660629272461,1087.1425170898438,932.0856018066406,1106.4411010742188,33.98125076293945,"[24, 32)","[97, inf)","[-inf, 45)",True
f1opt,0.0122697269544005,1206.png,7,Truck w/Box,0.6418394446372986,bkg,-1,27.26682127156366,97,1858.3140563964844,1842.503845214844,1880.8980407714844,1875.4244995117188,91.58567810058594,"[24, 32)","[97, inf)","[82, inf)",True
f1opt,0.0122697269544005,1206.png,8,Truck w/Box,0.5949636697769165,cls,41,39.35413577830089,97,1348.6437377929688,2348.6539306640625,1408.4451293945312,2374.552124023437,79.29022216796875,"[32, 48)","[97, inf)","[59, 82)",True
f1opt,0.0064783310517668,1206.png,9,Truck w/Flatbed,0.5297423601150513,both,88,24.718745307584335,97,2273.5591430664062,756.0319213867188,2292.2964477539062,788.6415405273438,66.40303039550781,"[24, 32)","[97, inf)","[59, 82)",True
f1opt,0.0122697269544005,1206.png,10,Truck w/Box,0.5041981935501099,bkg,-1,26.59432145125582,97,244.19976806640625,336.566162109375,276.938232421875,358.16943359375,52.81159591674805,"[24, 32)","[97, inf)","[45, 59)",True
f1opt,0.0122697269544005,1206.png,11,Truck w/Box,0.4760429561138153,bkg,-1,30.123528924911415,97,884.602294921875,1087.5487060546875,932.31103515625,1106.56884765625,33.871429443359375,"[24, 32)","[97, inf)","[-inf, 45)",True
f1opt,0.002893827855587,1206.png,12,Cargo Truck,0.4228751361370086,bkg,-1,38.59964549638104,97,1398.8070068359375,1544.749755859375,1432.1663818359375,1589.412841796875,76.09627532958984,"[32, 48)","[97, inf)","[59, 82)",True
f1opt,0.002893827855587,1206.png,13,Cargo Truck,0.3918069899082184,bkg,-1,13.902880661219903,97,2399.9326171875,1532.4898071289062,2416.629150390625,1544.0664672851562,96.56410217285156,"[8, 16)","[97, inf)","[82, inf)",True
f1opt,0.0122697269544005,1206.png,14,Truck w/Box,0.382931649684906,bkg,-1,37.09598365936803,97,1827.0408630371091,1985.9192123413088,1874.1016540527344,2015.1603698730469,75.98925018310547,"[32, 48)","[97, inf)","[59, 82)",True
f1opt,0.002893827855587,1206.png,15,Cargo Truck,0.3486970067024231,TP,12,14.387423705911955,97,1860.3033447265625,800.6670913696289,1871.813232421875,818.6514511108398,136.9166717529297,"[8, 16)","[97, inf)","[82, inf)",False
f1opt,0.002893827855587,1206.png,16,Cargo Truck,0.3215458989143371,TP,11,18.24751466327961,97,1867.9964599609373,792.9574508666992,1882.3099365234373,816.2202682495117,134.97999572753906,"[16, 24)","[97, inf)","[82, inf)",False
f1opt,0.002893827855587,1206.png,17,Cargo Truck,0.298743337392807,loc,95,36.758313322557576,97,1365.3441162109375,2218.203186035156,1412.6768798828125,2246.7494506835938,99.8936767578125,"[32, 48)","[97, inf)","[82, inf)",True
f1opt,0.0122697269544005,1206.png,18,Truck w/Box,0.210840567946434,cls,79,38.778990714363935,97,2210.3197631835938,879.5391693115234,2264.9362182617188,907.0731811523438,66.10407257080078,"[32, 48)","[97, inf)","[59, 82)",True
f1opt,0.0122697269544005,1206.png,19,Truck w/Box,0.1849855184555053,bkg,-1,38.4263718103912,97,2287.403686523437,902.203857421875,2319.0611572265625,948.846435546875,49.50096893310547,"[32, 48)","[97, inf)","[45, 59)",True
f1opt,0.002893827855587,1206.png,20,Cargo Truck,0.182801604270935,TP,70,27.541997225179376,97,2253.953094482422,768.2492713928223,2274.9761657714844,804.3316116333008,73.61425018310547,"[24, 32)","[97, inf)","[59, 82)",False
f1opt,0.002893827855587,1206.png,21,Cargo Truck,0.1762551367282867,loc,34,21.817105859212905,97,2303.8277587890625,770.0241794586182,2323.3140869140625,794.450849533081,77.40380859375,"[16, 24)","[97, inf)","[59, 82)",True
f1opt,0.0122697269544005,1206.png,22,Truck w/Box,0.1656830757856369,cls,69,39.11693666513702,97,2392.0142822265625,2053.5084228515625,2445.0057373046875,2082.383544921875,61.108642578125,"[32, 48)","[97, inf)","[59, 82)",True
f1opt,0.0122697269544005,1206.png,23,Truck w/Box,0.1368053555488586,bkg,-1,35.45105269446029,97,1922.125560760498,1082.21533203125,1949.1009063720703,1128.80517578125,61.89665603637695,"[32, 48)","[97, inf)","[59, 82)",True
f1opt,0.0122697269544005,1206.png,24,Truck w/Box,0.1258510947227478,bkg,-1,23.02109389088184,97,32.42688751220703,33.74805450439453,61.00251770019531,52.29430389404297,65.49833679199219,"[16, 24)","[97, inf)","[59, 82)",True
f1opt,0.002893827855587,1206.png,25,Cargo Truck,0.1201349571347236,loc,88,19.323803443614512,97,2273.361633300781,768.0478191375732,2291.0641479492188,789.1413974761963,64.54545593261719,"[16, 24)","[97, inf)","[59, 82)",True
f1opt,0.002893827855587,1206.png,26,Cargo Truck,0.1188542023301124,bkg,-1,20.379871513085213,97,1910.560485839844,1083.8664855957031,1926.78271484375,1109.4695739746094,58.01742935180664,"[16, 24)","[97, inf)","[45, 59)",True
f1opt,0.0122697269544005,1206.png,27,Truck w/Box,0.1090914979577064,cls,40,17.400831406423027,97,1082.4559936523438,2612.157958984375,1096.2697143554688,2634.077392578125,97.97391510009766,"[16, 24)","[97, inf)","[82, inf)",True
f1opt,0.002893827855587,1206.png,28,Cargo Truck,0.1073281541466713,TP,1,18.284804771287064,97,1285.1641845703125,1547.233730316162,1300.8848876953125,1568.5008506774902,81.28125,"[16, 24)","[97, inf)","[59, 82)",False
f1opt,0.002893827855587,1206.png,29,Cargo Truck,0.1033972799777984,bkg,-1,12.263871207259898,97,2361.6824951171875,1722.1590576171875,2374.6383056640625,1733.7679443359375,61.5773811340332,"[8, 16)","[97, inf)","[59, 82)",True
f1opt,0.0122697269544005,1206.png,30,Truck w/Box,0.1016586646437645,bkg,-1,20.86006985080314,97,1910.4061584472656,1083.87353515625,1927.1371459960935,1109.8817138671875,57.40534973144531,"[16, 24)","[97, inf)","[45, 59)",True
f1opt,0.0122697269544005,1206.png,31,Truck w/Box,0.1000346392393112,bkg,-1,22.441600610940903,97,80.49019622802734,34.212013244628906,105.62389373779295,54.24987030029297,62.32966995239258,"[16, 24)","[97, inf)","[59, 82)",True
f1opt,0.0122697269544005,1206.png,32,Truck w/Box,0.0861125811934471,bkg,-1,33.12543234902859,97,1458.08544921875,2326.7640991210938,1482.34375,2371.9978637695312,95.47217559814453,"[32, 48)","[97, inf)","[82, inf)",True
f1opt,0.0122697269544005,1206.png,33,Truck w/Box,0.0757283791899681,bkg,-1,38.381498036092786,97,5.885967254638672,0.2827014923095703,61.36449813842773,26.83602523803711,61.536712646484375,"[32, 48)","[97, inf)","[59, 82)",True
f1opt,0.0122697269544005,1206.png,34,Truck w/Box,0.0694671422243118,bkg,-1,33.85949906721212,97,598.8299560546875,1854.7296142578125,638.5755615234375,1883.57470703125,66.61138153076172,"[32, 48)","[97, inf)","[59, 82)",True
f1opt,0.002893827855587,1206.png,35,Cargo Truck,0.0668191015720367,bkg,-1,11.08258209415903,97,75.33901977539062,20.777402877807617,87.1934814453125,31.13836479187012,48.89743423461914,"[8, 16)","[97, inf)","[45, 59)",True
f1opt,0.0122697269544005,1206.png,36,Truck w/Box,0.0637786537408828,cls,26,30.49088917516559,97,2215.8983154296875,768.4649314880371,2243.7266845703125,801.8730812072754,63.64706039428711,"[24, 32)","[97, inf)","[59, 82)",True
f1opt,0.0122697269544005,1206.png,37,Truck w/Box,0.0622925795614719,bkg,-1,23.800880509555682,97,1769.61474609375,2703.5880126953125,1792.0,2728.89404296875,129.88461303710938,"[16, 24)","[97, inf)","[82, inf)",True
f1opt,0.0122697269544005,1206.png,38,Truck w/Box,0.0547786392271518,bkg,-1,12.91021540539738,97,1868.779197692871,1867.0031566619875,1894.2658386230469,1873.5428047180176,78.49735260009766,"[8, 16)","[97, inf)","[59, 82)",True
f1opt,0.0064783310517668,1206.png,39,Truck w/Flatbed,0.0515680760145187,cls,26,30.204396419852113,97,2216.45556640625,768.4760360717773,2243.9940185546875,801.6044616699219,63.75104904174805,"[24, 32)","[97, inf)","[59, 82)",True
f1opt,0.0064783310517668,1206.png,40,Truck w/Flatbed,0.0500740483403205,cls,88,29.86498984073426,97,2261.5239868164062,768.0,2286.479431152344,803.7404022216797,73.27350616455078,"[24, 32)","[97, inf)","[59, 82)",True
f1opt,0.0064783310517668,1206.png,41,Truck w/Flatbed,0.0477003790438175,bkg,-1,15.283648606532278,97,1431.144287109375,0.1191349029541015,1457.711181640625,8.911653518676758,49.33333206176758,"[8, 16)","[97, inf)","[45, 59)",True
f1opt,0.0122697269544005,1206.png,42,Truck w/Box,0.0472930707037448,cls,36,28.528241159739768,97,2240.6998291015625,765.479736328125,2261.4383544921875,804.7236328125,69.875,"[24, 32)","[97, inf)","[59, 82)",True
f1opt,0.002893827855587,1206.png,43,Cargo Truck,0.0467562116682529,bkg,-1,15.24515400608975,97,2424.9874877929688,230.95477294921875,2443.866149902344,243.2657470703125,104.2357177734375,"[8, 16)","[97, inf)","[82, inf)",True
f1opt,0.0122697269544005,1206.png,44,Truck w/Box,0.0461663417518138,cls,47,30.81028631471948,97,2243.3516845703125,828.19921875,2269.8492431640625,864.024169921875,66.60660552978516,"[24, 32)","[97, inf)","[59, 82)",True
f1opt,0.002893827855587,1206.png,45,Cargo Truck,0.0438845045864582,TP,69,41.275994652657324,97,2391.876037597656,2052.9808044433594,2447.3971557617188,2083.6665649414062,61.35690689086914,"[32, 48)","[97, inf)","[59, 82)",False
f1opt,0.0122697269544005,1206.png,46,Truck w/Box,0.0414159819483757,bkg,-1,21.77640046690814,97,1801.7288513183596,787.6307525634766,1829.9376525878904,804.441520690918,90.97509765625,"[16, 24)","[97, inf)","[82, inf)",True
f1opt,0.0122697269544005,1206.png,47,Truck w/Box,0.0411974675953388,cls,70,31.436550518983335,97,2254.171264648437,761.7451171875,2277.01171875,805.012939453125,72.95925903320312,"[24, 32)","[97, inf)","[59, 82)",True
f1opt,0.0014587263576686,1206.png,48,Truck Tractor,0.0386944189667701,bkg,-1,19.443073565280695,97,1390.8367919921875,2363.0054321289062,1415.1082763671875,2378.5806274414062,89.94951629638672,"[16, 24)","[97, inf)","[82, inf)",True
f1opt,0.002893827855587,1206.png,49,Cargo Truck,0.0383083038032054,bkg,-1,13.572988753886403,97,1553.1653060913086,2764.2935791015625,1563.3370361328125,2782.4051513671875,89.17703247070312,"[8, 16)","[97, inf)","[82, inf)",True
f1opt,0.002893827855587,1206.png,50,Cargo Truck,0.0374494865536689,loc,36,28.063750431532647,97,2240.5112915039062,768.2735137939453,2263.7494506835938,802.1649284362793,70.48332977294922,"[24, 32)","[97, inf)","[59, 82)",True
f1opt,0.002893827855587,1206.png,51,Cargo Truck,0.0341061577200889,bkg,-1,19.325744073941294,97,2518.013916015625,125.66014862060548,2534.409912109375,148.43914794921875,78.18382263183594,"[16, 24)","[97, inf)","[59, 82)",True
f1opt,0.0064783310517668,1206.png,52,Truck w/Flatbed,0.0317055322229862,cls,47,30.86461567235989,97,2244.5490112304688,825.5732269287109,2269.7628784179688,863.3549957275391,64.90729522705078,"[24, 32)","[97, inf)","[59, 82)",True
f1opt,0.002893827855587,1206.png,53,Cargo Truck,0.0289137717336416,loc,12,13.860896501974086,97,1853.124786376953,804.5537796020508,1864.9709777832031,820.7720260620117,139.2205810546875,"[8, 16)","[97, inf)","[82, inf)",True
f1opt,0.0122697269544005,1206.png,54,Truck w/Box,0.0274427682161331,cls,61,20.353803408260838,97,2513.66357421875,1536.0,2535.432861328125,1555.0303573608398,55.732608795166016,"[16, 24)","[97, inf)","[45, 59)",True
f1opt,0.002893827855587,1206.png,55,Cargo Truck,0.0260067861527204,bkg,-1,34.022197772191056,97,969.906982421875,2858.294921875,1005.3292236328124,2890.972412109375,73.63472747802734,"[32, 48)","[97, inf)","[59, 82)",True
f1opt,0.0064783310517668,1206.png,56,Truck w/Flatbed,0.0258071143180131,bkg,-1,38.249831133045575,97,2287.68359375,903.0233154296876,2319.259094238281,949.3582763671876,49.77885055541992,"[32, 48)","[97, inf)","[45, 59)",True
f1opt,0.002893827855587,1206.png,57,Cargo Truck,0.0239170547574758,TP,13,14.853798000296196,97,1842.6311950683596,810.988395690918,1855.5441589355469,828.0747375488281,123.7593994140625,"[8, 16)","[97, inf)","[82, inf)",False
f1opt,0.002893827855587,1206.png,58,Cargo Truck,0.0236975457519292,TP,42,31.683731438120436,97,2306.8631896972656,997.624755859375,2345.759490966797,1023.433349609375,56.99166488647461,"[24, 32)","[97, inf)","[45, 59)",False
f1opt,0.002893827855587,1206.png,59,Cargo Truck,0.0200502257794141,bkg,-1,22.401177853724132,97,884.8804779052734,1106.6388549804688,916.8917083740234,1122.3150024414062,30.983957290649414,"[16, 24)","[97, inf)","[-inf, 45)",True
f1opt,0.002893827855587,1206.png,60,Cargo Truck,0.0184255428612232,TP,8,17.164129535804904,97,1930.2149658203125,833.3329849243164,1946.447326660156,851.4823684692383,121.64395904541016,"[16, 24)","[97, inf)","[82, inf)",False
f1opt,0.002893827855587,1206.png,61,Cargo Truck,0.0178156662732362,bkg,-1,9.524796088844287,97,16.916500091552734,618.9180908203125,25.902565002441406,629.013916015625,78.45833587646484,"[8, 16)","[97, inf)","[59, 82)",True
f1opt,0.0122697269544005,1206.png,62,Truck w/Box,0.0177961699664592,bkg,-1,38.23936459747365,97,1063.4043579101562,2728.2351684570312,1112.6912841796875,2757.903259277344,64.6066665649414,"[32, 48)","[97, inf)","[59, 82)",True
f1opt,0.0122697269544005,1206.png,63,Truck w/Box,0.0167001765221357,both,88,22.654749408881756,97,2275.0093994140625,756.3533935546875,2291.5802001953125,787.3258056640625,66.21139526367188,"[16, 24)","[97, inf)","[59, 82)",True
f1opt,0.0122697269544005,1206.png,64,Truck w/Box,0.0159861557185649,bkg,-1,18.44701461011586,97,1934.7513427734373,1867.0299863815308,1964.7916259765625,1878.357853889465,73.14247131347656,"[16, 24)","[97, inf)","[59, 82)",True
f1opt,0.0122697269544005,1206.png,65,Truck w/Box,0.0159584544599056,bkg,-1,34.38795788027492,97,972.0882873535156,2855.723022460937,1005.659698486328,2890.9473876953125,75.30555725097656,"[32, 48)","[97, inf)","[59, 82)",True
f1opt,0.002893827855587,1206.png,66,Cargo Truck,0.0140473255887627,bkg,-1,18.080347404275308,97,731.2247314453125,2847.5572509765625,748.3878173828125,2866.603881835937,61.17499923706055,"[16, 24)","[97, inf)","[59, 82)",True
f1opt,0.002893827855587,1206.png,67,Cargo Truck,0.0136672714725136,TP,9,18.774629569824135,97,1881.15082359314,785.841064453125,1898.1169567108157,806.6169662475586,127.32828521728516,"[16, 24)","[97, inf)","[82, inf)",False
f1opt,0.002893827855587,1206.png,68,Cargo Truck,0.0131039069965481,bkg,-1,11.590555716491936,97,1816.1722106933596,768.1007013320923,1832.3995056152344,776.3794059753418,77.18954467773438,"[8, 16)","[97, inf)","[59, 82)",True
f1opt,0.0064783310517668,1206.png,69,Truck w/Flatbed,0.0125692738220095,bkg,-1,9.57671134501738,97,1868.7998046875,1867.0230116844175,1884.2117309570312,1872.973818778992,98.14705657958984,"[8, 16)","[97, inf)","[82, inf)",True
f1opt,0.0014587263576686,1206.png,70,Truck Tractor,0.0121793001890182,both,27,34.60163404638629,97,2278.5504150390625,685.91552734375,2304.2740478515625,732.459228515625,75.30169677734375,"[32, 48)","[97, inf)","[59, 82)",True
f1opt,0.002893827855587,1206.png,71,Cargo Truck,0.0121619189158082,TP,51,32.93210875274188,97,2519.6119995117188,1992.3263854980469,2559.4328002929688,2019.5614929199216,66.01306915283203,"[32, 48)","[97, inf)","[59, 82)",False
f1opt,0.002893827855587,1206.png,72,Cargo Truck,0.0119278617203235,loc,13,13.370247360659185,97,1849.0277099609373,808.2014465332031,1859.925048828125,824.6057739257812,137.165771484375,"[8, 16)","[97, inf)","[82, inf)",True
f1opt,0.002893827855587,1206.png,73,Cargo Truck,0.0116127803921699,bkg,-1,9.881538544574026,97,1868.0402040481567,1831.57861328125,1876.5087184906008,1843.1089477539065,80.35897064208984,"[8, 16)","[97, inf)","[59, 82)",True
f1opt,0.002893827855587,1206.png,74,Cargo Truck,0.0112591553479433,bkg,-1,16.32718850694512,97,2517.1940307617188,553.0326538085938,2537.8473510742188,565.9398803710938,76.54945373535156,"[16, 24)","[97, inf)","[59, 82)",True
f1opt,0.002893827855587,1206.png,75,Cargo Truck,0.0107061751186847,TP,10,15.540052177692838,97,1876.241241455078,790.8941440582275,1888.245574951172,811.0113143920898,144.5,"[8, 16)","[97, inf)","[82, inf)",False
f1opt,0.0014587263576686,1206.png,76,Truck Tractor,0.0099800555035471,both,42,25.64471650111139,97,2303.906188964844,989.0296020507812,2331.1866455078125,1013.1366577148438,57.119998931884766,"[24, 32)","[97, inf)","[45, 59)",True
f1opt,0.002893827855587,1206.png,77,Cargo Truck,0.0093475189059972,bkg,-1,12.299367105621574,97,908.154052734375,2884.545288085937,931.59033203125,2891.0,84.06547546386719,"[8, 16)","[97, inf)","[82, inf)",True
f1opt,0.0064783310517668,1206.png,78,Truck w/Flatbed,0.0092815915122628,bkg,-1,20.20680886789052,97,2847.812561035156,1872.3416900634768,2875.064514160156,1887.324657440185,47.2931022644043,"[16, 24)","[97, inf)","[45, 59)",True
f1opt,0.002893827855587,1206.png,79,Cargo Truck,0.0084311123937368,bkg,-1,12.084351899666066,97,1823.3756103515625,768.1182360649109,1842.674072265625,775.6852412223816,58.150001525878906,"[8, 16)","[97, inf)","[45, 59)",True
f1opt,0.002893827855587,1206.png,80,Cargo Truck,0.008368095383048,bkg,-1,33.07816616342915,97,0.0,1362.2593994140625,22.89233016967773,1410.0555419921875,71.39396667480469,"[32, 48)","[97, inf)","[59, 82)",True
f1opt,0.002893827855587,1206.png,81,Cargo Truck,0.0077799763530492,bkg,-1,10.70230865706673,97,2298.10009765625,1785.1136474609375,2314.73291015625,1792.0,108.5882339477539,"[8, 16)","[97, inf)","[82, inf)",True
f1opt,0.0064783310517668,1206.png,82,Truck w/Flatbed,0.0076364153064787,bkg,-1,25.76164827488998,97,2647.145446777344,1776.294189453125,2689.401306152344,1792.0,32.93168640136719,"[24, 32)","[97, inf)","[-inf, 45)",True
f1opt,0.002893827855587,1206.png,83,Cargo Truck,0.0067945420742034,bkg,-1,12.89717348718522,97,0.1989336013793945,891.6324462890625,14.424446105957031,903.3253173828124,75.4102554321289,"[8, 16)","[97, inf)","[59, 82)",True
f1opt,0.0064783310517668,1206.png,84,Truck w/Flatbed,0.0066049094311892,bkg,-1,21.53224119164127,97,768.9138679504395,1867.2671127319336,797.1907138824463,1883.663475036621,48.16470718383789,"[16, 24)","[97, inf)","[45, 59)",True
f1opt,0.002893827855587,1206.png,85,Cargo Truck,0.0064686331897974,bkg,-1,26.44957541277537,97,244.54617309570312,336.60797119140625,277.0173034667969,358.15264892578125,52.589515686035156,"[24, 32)","[97, inf)","[45, 59)",True
f1opt,0.002893827855587,1206.png,86,Cargo Truck,0.0061280648224055,bkg,-1,17.409452760933934,97,1507.546875,2879.4600830078125,1533.811279296875,2891.0,60.074073791503906,"[16, 24)","[97, inf)","[59, 82)",True
f1opt,0.0014587263576686,1206.png,87,Truck Tractor,0.0057451911270618,bkg,-1,9.038745719871875,97,1693.0907592773438,0.0,1710.8102416992188,4.610683441162109,57.233333587646484,"[8, 16)","[97, inf)","[45, 59)",True
f1opt,0.002893827855587,1206.png,88,Cargo Truck,0.0052983928471803,bkg,-1,9.874952416156953,97,1799.9630126953125,768.0,1813.6986083984373,775.0994143486023,61.88333511352539,"[8, 16)","[97, inf)","[59, 82)",True
f1opt,0.002893827855587,1206.png,89,Cargo Truck,0.005073663778603,loc,26,25.97350663506116,97,2227.443389892578,768.3938446044922,2248.4805603027344,800.4619903564453,67.39256286621094,"[24, 32)","[97, inf)","[59, 82)",True
f1opt,0.002893827855587,1206.png,90,Cargo Truck,0.0048835002817213,bkg,-1,11.613323902393054,97,1830.6477661132808,768.3757147789001,1851.102600097656,774.9692316055298,56.376625061035156,"[8, 16)","[97, inf)","[45, 59)",True
f1opt,0.002893827855587,1206.png,91,Cargo Truck,0.0046637877821922,bkg,-1,11.1790696365484,97,1868.0182638168333,2545.8095703125,1876.8250160217283,2560.0,78.13333129882812,"[8, 16)","[97, inf)","[59, 82)",True
f1opt,0.002893827855587,1206.png,92,Cargo Truck,0.0043314029462635,bkg,-1,22.22760311432732,97,1770.23291015625,2703.97802734375,1791.7012939453125,2726.99169921875,138.7405242919922,"[16, 24)","[97, inf)","[82, inf)",True
f1opt,0.0014587263576686,1206.png,93,Truck Tractor,0.00429368019104,bkg,-1,11.173885007791506,97,1861.5565185546875,1867.0,1882.951232910156,1872.835820198059,86.63636016845703,"[8, 16)","[97, inf)","[82, inf)",True
f1opt,0.002893827855587,1206.png,94,Cargo Truck,0.0036012856289744,bkg,-1,26.876291131731836,97,1512.031005859375,2154.745422363281,1546.02392578125,2175.9949951171875,81.55065155029297,"[24, 32)","[97, inf)","[59, 82)",True
f1opt,0.0014587263576686,1206.png,95,Truck Tractor,0.0034275117795914,both,26,31.131019269727485,97,2201.561279296875,768.070161819458,2239.9576416015625,793.310583114624,70.87870025634766,"[24, 32)","[97, inf)","[59, 82)",True
f1opt,0.002893827855587,1206.png,96,Cargo Truck,0.0032536492217332,bkg,-1,15.204364396765584,97,2329.813415527344,1742.633056640625,2348.769470214844,1754.8282470703125,74.84615325927734,"[8, 16)","[97, inf)","[59, 82)",True
f1opt,0.002893827855587,1206.png,97,Cargo Truck,0.0031344022136181,TP,15,18.782617817482166,97,1714.7821655273438,134.60374450683594,1729.5628051757812,158.47190856933594,122.69249725341797,"[16, 24)","[97, inf)","[82, inf)",False
f1opt,0.002893827855587,1206.png,98,Cargo Truck,0.002893827855587,TP,19,15.17585934357471,97,2446.5629272460938,241.26596069335935,2464.655212402344,253.9955139160156,119.145751953125,"[8, 16)","[97, inf)","[82, inf)",False
f1opt,0.002893827855587,1211.png,0,Cargo Truck,0.7736948132514954,bkg,-1,11.462625004857383,167,1746.9267578125,2001.5637512207031,1762.41943359375,2010.0446472167969,100.43529510498047,"[8, 16)","[97, inf)","[82, inf)",True
f1opt,0.0122697269544005,1211.png,1,Truck w/Box,0.7723848819732666,both,157,23.557561726025593,167,768.0795764923096,1952.4513854980469,792.6706962585449,1975.0188293457031,52.71833419799805,"[16, 24)","[97, inf)","[45, 59)",True
f1opt,0.0064783310517668,1211.png,2,Truck w/Flatbed,0.7622007727622986,bkg,-1,23.84742570245448,167,404.9021301269531,992.710205078125,433.1084899902344,1012.872314453125,63.85396957397461,"[16, 24)","[97, inf)","[59, 82)",True
f1opt,0.0122697269544005,1211.png,3,Truck w/Box,0.7283734083175659,cls,154,20.46236164195401,167,1092.781219482422,2016.9464416503904,1129.353485107422,2028.3952331542969,73.11943054199219,"[16, 24)","[97, inf)","[59, 82)",True
f1opt,0.002893827855587,1211.png,4,Cargo Truck,0.6992095112800598,TP,55,21.556583370247527,167,825.767822265625,2819.2477416992188,851.56640625,2837.259826660156,84.72124481201172,"[16, 24)","[97, inf)","[82, inf)",False
f1opt,0.002893827855587,1211.png,5,Cargo Truck,0.6211664080619812,TP,151,37.32184838219404,167,1168.7657470703125,1886.1486282348635,1194.0455322265625,1941.248794555664,58.3783073425293,"[32, 48)","[97, inf)","[45, 59)",False
f1opt,0.002893827855587,1211.png,6,Cargo Truck,0.6171454191207886,bkg,-1,12.179720699321335,167,1766.059326171875,1993.5814819335935,1775.857177734375,2008.7221069335935,99.82499694824219,"[8, 16)","[97, inf)","[82, inf)",True
f1opt,0.002893827855587,1211.png,7,Cargo Truck,0.5984758138656616,bkg,-1,22.30448898070088,167,1067.1275939941406,1916.5333251953125,1101.2891540527344,1931.09619140625,90.91963958740234,"[16, 24)","[97, inf)","[82, inf)",True
f1opt,0.0122697269544005,1211.png,8,Truck w/Box,0.5751499533653259,bkg,-1,19.578523319173495,167,768.0,1941.5964965820312,790.5006504058838,1958.6323852539065,93.47101593017578,"[16, 24)","[97, inf)","[82, inf)",True
f1opt,0.002893827855587,1211.png,9,Cargo Truck,0.567333459854126,TP,52,22.978004459608112,167,649.31787109375,2861.28515625,682.8056640625,2877.0517578125,43.95847702026367,"[16, 24)","[97, inf)","[-inf, 45)",False
f1opt,0.002893827855587,1211.png,10,Cargo Truck,0.5449082851409912,bkg,-1,13.55537385192257,167,2748.7779541015625,227.8524169921875,2764.31689453125,239.67742919921875,88.69683074951172,"[8, 16)","[97, inf)","[82, inf)",True
f1opt,0.0064783310517668,1211.png,11,Truck w/Flatbed,0.5089268684387207,bkg,-1,32.83303166770973,167,2837.20849609375,2153.778625488281,2890.7645263671875,2173.9072265625,77.8536148071289,"[32, 48)","[97, inf)","[59, 82)",True
f1opt,0.0122697269544005,1211.png,12,Truck w/Box,0.5009713172912598,bkg,-1,21.732352065962203,167,1067.0355834960938,1917.13427734375,1101.3690795898438,1930.890380859375,94.29183959960938,"[16, 24)","[97, inf)","[82, inf)",True
f1opt,0.002893827855587,1211.png,13,Cargo Truck,0.4461096227169037,bkg,-1,12.370789600490346,167,1804.540100097656,1998.0589294433596,1813.011474609375,2016.124053955078,96.66841888427734,"[8, 16)","[97, inf)","[82, inf)",True
f1opt,0.0122697269544005,1211.png,14,Truck w/Box,0.4103653132915497,cls,160,22.866538774380984,167,1812.4302368164065,1868.0,1860.0032348632808,1878.9910793304443,62.33395004272461,"[16, 24)","[97, inf)","[59, 82)",True
f1opt,0.0122697269544005,1211.png,15,Truck w/Box,0.3519781529903412,bkg,-1,20.79289783936527,167,2425.0889892578125,2370.621459960937,2438.409912109375,2403.077514648437,57.556724548339844,"[16, 24)","[97, inf)","[45, 59)",True
f1opt,0.002893827855587,1211.png,16,Cargo Truck,0.2842650711536407,TP,50,24.634559170166266,167,644.16455078125,2847.2548828125,681.09814453125,2863.68603515625,40.7043342590332,"[24, 32)","[97, inf)","[-inf, 45)",False
f1opt,0.002893827855587,1211.png,17,Cargo Truck,0.2833127081394195,TP,66,19.909652955086415,167,1557.9583721160889,1017.8017578125,1582.3983154296875,1034.0208740234375,76.6602554321289,"[16, 24)","[97, inf)","[59, 82)",False
f1opt,0.0122697269544005,1211.png,18,Truck w/Box,0.274322509765625,bkg,-1,22.0375189263002,167,1623.4665832519531,1538.722306251526,1639.299774169922,1569.3953552246094,50.88602828979492,"[16, 24)","[97, inf)","[45, 59)",True
f1opt,0.002893827855587,1211.png,19,Cargo Truck,0.2662944793701172,bkg,-1,14.163862487131288,167,1960.6827697753904,169.27731323242188,1980.9424896240237,179.17947387695312,91.80952453613281,"[8, 16)","[97, inf)","[82, inf)",True
f1opt,0.002893827855587,1211.png,20,Cargo Truck,0.2446896433830261,bkg,-1,19.405972001945628,167,1455.0091552734375,947.5560913085938,1471.5106201171875,970.3778076171876,110.6936264038086,"[16, 24)","[97, inf)","[82, inf)",True
f1opt,0.002893827855587,1211.png,21,Cargo Truck,0.2411426454782486,bkg,-1,12.194000968447419,167,2773.5892944335938,243.52066040039065,2784.9537963867188,256.6047058105469,83.13095092773438,"[8, 16)","[97, inf)","[82, inf)",True
f1opt,0.002893827855587,1211.png,22,Cargo Truck,0.2085032761096954,TP,25,14.989877718494176,167,1567.1829147338867,2267.93310546875,1583.8111572265625,2281.446044921875,88.22352600097656,"[8, 16)","[97, inf)","[82, inf)",False
f1opt,0.0122697269544005,1211.png,23,Truck w/Box,0.2083667814731598,bkg,-1,14.153738093199413,167,2449.9273681640625,2500.280212402344,2460.551025390625,2519.137023925781,72.72916412353516,"[8, 16)","[97, inf)","[59, 82)",True
f1opt,0.002893827855587,1211.png,24,Cargo Truck,0.1913167685270309,TP,71,14.92450141960548,167,2122.02587890625,630.4476318359375,2135.350830078125,647.1636962890625,104.49603271484375,"[8, 16)","[97, inf)","[82, inf)",False
f1opt,0.002893827855587,1211.png,25,Cargo Truck,0.1495123356580734,bkg,-1,10.571339222566566,167,1779.3041381835938,2006.94287109375,1790.1807250976562,2017.217529296875,91.56944274902344,"[8, 16)","[97, inf)","[82, inf)",True
f1opt,0.002893827855587,1211.png,26,Cargo Truck,0.1265742629766464,bkg,-1,13.074438997404659,167,1314.607421875,11.336875915527344,1325.38427734375,27.198734283447266,66.28921508789062,"[8, 16)","[97, inf)","[59, 82)",True
f1opt,0.002893827855587,1211.png,27,Cargo Truck,0.116889476776123,TP,90,17.19583631616303,167,2241.125244140625,451.8766479492188,2256.2840576171875,471.38323974609375,72.2172622680664,"[16, 24)","[97, inf)","[59, 82)",False
f1opt,0.0122697269544005,1211.png,28,Truck w/Box,0.1135713383555412,bkg,-1,18.219010479636918,167,1712.0120544433594,783.8184299468994,1741.201690673828,795.1900119781494,92.15384674072266,"[16, 24)","[97, inf)","[82, inf)",True
f1opt,0.002893827855587,1211.png,29,Cargo Truck,0.0890121981501579,TP,53,20.213763369378366,167,662.4876708984375,2870.5437622070312,689.0501708984375,2885.9262084960938,46.68303680419922,"[16, 24)","[97, inf)","[45, 59)",False
f1opt,0.002893827855587,1211.png,30,Cargo Truck,0.0837199911475181,loc,53,21.124102951506103,167,660.8834228515625,2877.1071166992188,691.6422119140625,2891.6144409179688,48.36666488647461,"[16, 24)","[97, inf)","[45, 59)",True
f1opt,0.002893827855587,1211.png,31,Cargo Truck,0.0792668238282203,bkg,-1,11.348579238796225,167,18.706283569335938,1868.1643104553225,29.248371124267575,1880.381079673767,43.987178802490234,"[8, 16)","[97, inf)","[-inf, 45)",True
f1opt,0.002893827855587,1211.png,32,Cargo Truck,0.07251538336277,bkg,-1,8.39595182943214,167,600.7913818359375,1536.185764312744,612.3448486328125,1542.2871370315552,74.06593322753906,"[8, 16)","[97, inf)","[59, 82)",True
f1opt,0.002893827855587,1211.png,33,Cargo Truck,0.0695786550641059,bkg,-1,11.567520886487435,167,2547.214904785156,864.500244140625,2559.1266479492188,875.7334899902344,105.85897064208984,"[8, 16)","[97, inf)","[82, inf)",True
f1opt,0.002893827855587,1211.png,34,Cargo Truck,0.0680224299430847,bkg,-1,18.299607138586822,167,1711.8851776123047,783.9545526504517,1741.3932342529297,795.3031692504883,91.66004943847656,"[16, 24)","[97, inf)","[82, inf)",True
f1opt,0.002893827855587,1211.png,35,Cargo Truck,0.0627152770757675,bkg,-1,13.872541900159455,167,1754.6435546875,2009.393798828125,1774.210693359375,2019.229034423828,113.11688232421875,"[8, 16)","[97, inf)","[82, inf)",True
f1opt,0.002893827855587,1211.png,36,Cargo Truck,0.0618695057928562,TP,143,23.741603297627496,167,916.2141723632812,996.847412109375,937.3156127929688,1023.5595092773438,57.46428680419922,"[16, 24)","[97, inf)","[45, 59)",False
f1opt,0.0122697269544005,1211.png,37,Truck w/Box,0.0613360740244388,bkg,-1,14.3545086648597,167,2032.371124267578,1151.1738891601562,2043.3870239257808,1169.8788452148438,101.18421173095703,"[8, 16)","[97, inf)","[82, inf)",True
f1opt,0.002893827855587,1211.png,38,Cargo Truck,0.0610588006675243,bkg,-1,11.405159008419561,167,837.976318359375,2800.7764892578125,854.4813232421875,2808.657592773437,42.74691390991211,"[8, 16)","[97, inf)","[-inf, 45)",True
f1opt,0.0122697269544005,1211.png,39,Truck w/Box,0.0563602559268474,cls,45,31.915054762506408,167,856.0548095703125,2712.3004150390625,879.3719482421875,2755.983764648437,93.71875,"[24, 32)","[97, inf)","[82, inf)",True
f1opt,0.002893827855587,1211.png,40,Cargo Truck,0.0548234954476356,bkg,-1,11.812729731727678,167,1552.3141479492188,169.90536499023438,1560.9701538085938,186.02603149414065,79.47531127929688,"[8, 16)","[97, inf)","[59, 82)",True
f1opt,0.002893827855587,1211.png,41,Cargo Truck,0.0547292865812778,TP,156,28.170829155241844,167,1199.5565795898438,1887.0982208251955,1214.6471557617188,1939.687042236328,61.58372497558594,"[24, 32)","[97, inf)","[59, 82)",False
f1opt,0.002893827855587,1211.png,42,Cargo Truck,0.0543240346014499,bkg,-1,8.776411398170803,167,2064.51171875,48.46031188964844,2072.838287353516,57.71086883544922,89.18888854980469,"[8, 16)","[97, inf)","[82, inf)",True
f1opt,0.0064783310517668,1211.png,43,Truck w/Flatbed,0.0536855012178421,bkg,-1,16.771067039172426,167,408.7950439453125,1007.68310546875,433.0850830078125,1019.2626953125,81.17160034179688,"[16, 24)","[97, inf)","[59, 82)",True
f1opt,0.0122697269544005,1211.png,44,Truck w/Box,0.0531409792602062,bkg,-1,15.796559593361014,167,118.9918975830078,546.347900390625,133.30393981933594,563.782958984375,83.89583587646484,"[8, 16)","[97, inf)","[82, inf)",True
f1opt,0.0064783310517668,1211.png,45,Truck w/Flatbed,0.051863145083189,bkg,-1,20.332652141313954,167,2875.2037353515625,2138.2530517578125,2892.896850585937,2161.6190185546875,63.34027862548828,"[16, 24)","[97, inf)","[59, 82)",True
f1opt,0.002893827855587,1211.png,46,Cargo Truck,0.0517818890511989,bkg,-1,16.488919569075787,167,1842.8974609375,177.04478454589844,1857.1318359375,196.1453399658203,51.556251525878906,"[16, 24)","[97, inf)","[45, 59)",True
f1opt,0.002893827855587,1211.png,47,Cargo Truck,0.0484310910105705,bkg,-1,12.75548793299448,167,1782.4788818359375,784.9858779907227,1792.0,802.0744667053223,64.80525970458984,"[8, 16)","[97, inf)","[59, 82)",True
f1opt,0.002893827855587,1211.png,48,Cargo Truck,0.0457878783345222,bkg,-1,16.418079226093045,167,2501.0502319335938,464.4306640625,2522.291931152344,477.1204833984375,86.84740447998047,"[16, 24)","[97, inf)","[82, inf)",True
f1opt,0.002893827855587,1211.png,49,Cargo Truck,0.0432887934148311,TP,85,12.911198660492394,167,1771.4362182617188,15.945188522338867,1782.6170654296875,30.854528427124023,61.55729293823242,"[8, 16)","[97, inf)","[59, 82)",False
f1opt,0.0122697269544005,1211.png,50,Truck w/Box,0.0412744060158729,bkg,-1,23.19575244644376,167,2875.026611328125,2139.040771484375,2892.94970703125,2169.060302734375,71.94444274902344,"[16, 24)","[97, inf)","[59, 82)",True
f1opt,0.002893827855587,1211.png,51,Cargo Truck,0.037779975682497,bkg,-1,12.608869429028664,167,2831.226318359375,1256.071533203125,2845.912841796875,1266.8966674804688,102.38182067871094,"[8, 16)","[97, inf)","[82, inf)",True
f1opt,0.0122697269544005,1211.png,52,Truck w/Box,0.037522729486227,bkg,-1,18.692990939609068,167,1082.9307250976562,2641.4822998046875,1098.3855590820312,2664.0919189453125,87.86519622802734,"[16, 24)","[97, inf)","[82, inf)",True
f1opt,0.0122697269544005,1211.png,53,Truck w/Box,0.0365895889699459,bkg,-1,13.19859219247994,167,1869.7599618434904,705.8531494140625,1876.9367198944087,730.1263427734375,90.19230651855469,"[8, 16)","[97, inf)","[82, inf)",True
f1opt,0.002893827855587,1211.png,54,Cargo Truck,0.0353639833629131,loc,49,22.30854405067165,167,645.2286376953125,2837.3009643554688,679.449951171875,2851.843688964844,45.712379455566406,"[16, 24)","[97, inf)","[45, 59)",True
f1opt,0.0064783310517668,1211.png,55,Truck w/Flatbed,0.0332006849348545,bkg,-1,13.56479345818857,167,413.7368774414063,1013.7451782226562,432.0187377929688,1023.8099975585938,96.64545440673828,"[8, 16)","[97, inf)","[82, inf)",True
f1opt,0.0122697269544005,1211.png,56,Truck w/Box,0.0325608327984809,cls,151,35.92304219958464,167,1169.342315673828,1885.3626708984373,1193.1189880371094,1939.6370849609373,58.37163543701172,"[32, 48)","[97, inf)","[45, 59)",True
f1opt,0.002893827855587,1211.png,57,Cargo Truck,0.0315192863345146,bkg,-1,9.972009980792318,167,494.8970336914063,1761.2562255859375,506.34283447265625,1769.9442138671875,76.67521667480469,"[8, 16)","[97, inf)","[59, 82)",True
f1opt,0.002893827855587,1211.png,58,Cargo Truck,0.0306485313922166,bkg,-1,10.015577390560596,167,1784.47412109375,2002.092712402344,1791.623291015625,2016.123962402344,84.23332977294922,"[8, 16)","[97, inf)","[82, inf)",True
f1opt,0.002893827855587,1211.png,59,Cargo Truck,0.0290846824645996,bkg,-1,10.082558950785295,167,1666.8514404296875,1536.0950231552124,1679.3375244140625,1544.2367267608645,70.5079345703125,"[8, 16)","[97, inf)","[59, 82)",True
f1opt,0.002893827855587,1211.png,60,Cargo Truck,0.0283917766064405,bkg,-1,18.757713880746653,167,768.5708599090576,2879.5196533203125,796.7633323669434,2892.0,80.254638671875,"[16, 24)","[97, inf)","[59, 82)",True
f1opt,0.002893827855587,1211.png,61,Cargo Truck,0.0281088072806596,bkg,-1,18.55900647060349,167,1083.1106567382812,2641.4937133789062,1098.2860717773438,2664.190734863281,89.6796875,"[16, 24)","[97, inf)","[82, inf)",True
f1opt,0.002893827855587,1211.png,62,Cargo Truck,0.0254514962434768,bkg,-1,16.653662085108895,167,1750.021484375,2015.765640258789,1776.25,2026.3397979736328,112.9691390991211,"[16, 24)","[97, inf)","[82, inf)",True
f1opt,0.002893827855587,1211.png,63,Cargo Truck,0.0247253626585006,TP,31,35.74626587128155,167,946.7386474609376,2144.3131103515625,996.0111694335938,2170.246337890625,83.42483520507812,"[32, 48)","[97, inf)","[82, inf)",False
f1opt,0.002893827855587,1211.png,64,Cargo Truck,0.0243154224008321,bkg,-1,8.89268181322727,167,1879.3196926116943,684.3702392578125,1885.721851348877,696.7222900390625,97.74725341796875,"[8, 16)","[97, inf)","[82, inf)",True
f1opt,0.002893827855587,1211.png,65,Cargo Truck,0.0233582947403192,TP,84,16.418175600667514,167,1756.9247131347656,34.695167541503906,1771.5567932128906,53.117462158203125,54.12187576293945,"[16, 24)","[97, inf)","[45, 59)",False
f1opt,0.002893827855587,1211.png,66,Cargo Truck,0.0224568452686071,bkg,-1,16.623714171650626,167,2877.473693847656,2138.3492736816406,2892.8532104492188,2156.317840576172,58.70065689086914,"[16, 24)","[97, inf)","[45, 59)",True
f1opt,0.0122697269544005,1211.png,67,Truck w/Box,0.0222546011209487,cls,18,21.470823435627185,167,1541.867992401123,1576.7108764648438,1582.215015411377,1588.1366577148438,85.010986328125,"[16, 24)","[97, inf)","[82, inf)",True
f1opt,0.0014587263576686,1211.png,68,Truck Tractor,0.021632058545947,bkg,-1,18.933732256373876,167,768.6448745727539,2879.080810546875,796.3932266235352,2892.0,80.254638671875,"[16, 24)","[97, inf)","[59, 82)",True
f1opt,0.002893827855587,1211.png,69,Cargo Truck,0.0215986911207437,bkg,-1,13.24576234248246,167,2834.2299194335938,1251.36279296875,2848.9343872070312,1263.2945556640625,90.72307586669922,"[8, 16)","[97, inf)","[82, inf)",True
f1opt,0.002893827855587,1211.png,70,Cargo Truck,0.021573381498456,bkg,-1,11.150189869487164,167,1799.01220703125,2000.86083984375,1806.642333984375,2017.155029296875,119.32638549804688,"[8, 16)","[97, inf)","[82, inf)",True
f1opt,0.0122697269544005,1211.png,71,Truck w/Box,0.0203921440988779,bkg,-1,18.13344346887641,167,2438.3681640625,2436.4656982421875,2450.66455078125,2463.20703125,68.29945373535156,"[16, 24)","[97, inf)","[59, 82)",True
f1opt,0.002893827855587,1211.png,72,Cargo Truck,0.0202248096466064,bkg,-1,10.602664930951516,167,2337.5849609375,395.198974609375,2347.1295166015625,406.97705078125,88.05303192138672,"[8, 16)","[97, inf)","[82, inf)",True
f1opt,0.002893827855587,1211.png,73,Cargo Truck,0.0198356304317712,bkg,-1,11.957192560383238,167,1776.7098388671875,1996.122985839844,1786.2528076171875,2011.1051635742188,82.65341186523438,"[8, 16)","[97, inf)","[82, inf)",True
f1opt,0.0122697269544005,1211.png,74,Truck w/Box,0.019595343619585,bkg,-1,18.661301211589905,167,122.77252197265624,536.1138916015625,137.56729125976562,559.6522216796875,77.88802337646484,"[16, 24)","[97, inf)","[59, 82)",True
f1opt,0.0122697269544005,1211.png,75,Truck w/Box,0.0194490794092416,bkg,-1,10.135717188250892,167,1786.4403076171875,776.631513595581,1792.0,795.1096515655518,67.65833282470703,"[8, 16)","[97, inf)","[59, 82)",True
f1opt,0.0122697269544005,1211.png,76,Truck w/Box,0.0193427056074142,bkg,-1,42.38563964151427,167,1223.7125854492188,699.177734375,1311.439697265625,719.656494140625,92.98341369628906,"[32, 48)","[97, inf)","[82, inf)",True
f1opt,0.002893827855587,1211.png,77,Cargo Truck,0.0192053690552711,loc,160,22.26037750975866,167,1824.688232421875,1868.1404628753664,1881.996154785156,1876.7871627807615,67.12834930419922,"[16, 24)","[97, inf)","[59, 82)",True
f1opt,0.002893827855587,1211.png,78,Cargo Truck,0.0190057549625635,bkg,-1,8.930804386558052,167,1536.049242019653,1052.4239807128906,1541.627294063568,1066.7227478027344,63.155555725097656,"[8, 16)","[97, inf)","[59, 82)",True
f1opt,0.002893827855587,1211.png,79,Cargo Truck,0.0176222287118434,TP,128,13.608274474467349,167,1244.7928161621094,1132.2989501953125,1256.1553649902344,1148.5968017578125,99.6787338256836,"[8, 16)","[97, inf)","[82, inf)",False
f1opt,0.0122697269544005,1211.png,80,Truck w/Box,0.0164772067219018,bkg,-1,36.18640768382396,167,935.133544921875,2207.12646484375,964.384521484375,2251.8927001953125,68.71481323242188,"[32, 48)","[97, inf)","[59, 82)",True
f1opt,0.002893827855587,1211.png,81,Cargo Truck,0.0164716597646474,bkg,-1,13.700183888117149,167,1875.8771438598635,622.1692504882812,1887.237892150879,638.6906127929688,79.6108627319336,"[8, 16)","[97, inf)","[59, 82)",True
f1opt,0.002893827855587,1211.png,82,Cargo Truck,0.0157574415206909,bkg,-1,15.807681549397484,167,118.22525024414062,547.05810546875,133.0582275390625,563.904541015625,84.73162078857422,"[8, 16)","[97, inf)","[82, inf)",True
f1opt,0.0014587263576686,1211.png,83,Truck Tractor,0.0146717447787523,cls,27,25.05483832639539,167,1256.9345092773438,2024.4998779296875,1308.8038940429688,2036.602294921875,56.934688568115234,"[24, 32)","[97, inf)","[45, 59)",True
f1opt,0.002893827855587,1211.png,84,Cargo Truck,0.0144639667123556,bkg,-1,21.646445090087774,167,1477.422119140625,932.548828125,1494.8997802734375,959.3583984375,104.69841003417969,"[16, 24)","[97, inf)","[82, inf)",True
f1opt,0.0122697269544005,1211.png,85,Truck w/Box,0.014267012476921,bkg,-1,21.287337813204605,167,1014.7225341796876,1199.50732421875,1024.0,1248.3515625,62.08000183105469,"[16, 24)","[97, inf)","[59, 82)",True
f1opt,0.002893827855587,1211.png,86,Cargo Truck,0.0137776127085089,TP,158,26.234989232181526,167,1228.2782287597656,1916.1601524353027,1247.0260314941406,1952.8724365234373,66.80945587158203,"[24, 32)","[97, inf)","[59, 82)",False
f1opt,0.002893827855587,1211.png,87,Cargo Truck,0.0137407630681991,bkg,-1,11.167499456176422,167,645.5509033203125,1536.3133554458618,660.0965576171875,1544.8872594833374,57.83333206176758,"[8, 16)","[97, inf)","[45, 59)",True
f1opt,0.0122697269544005,1211.png,88,Truck w/Box,0.0131433708593249,bkg,-1,17.245208694620693,167,1843.698303222656,1868.194396018982,1881.8650512695312,1875.9864463806152,79.00961303710938,"[16, 24)","[97, inf)","[59, 82)",True
f1opt,0.002893827855587,1211.png,89,Cargo Truck,0.0112312026321887,bkg,-1,15.151311310074506,167,46.68341827392578,1874.497093200684,64.12357330322266,1887.659948348999,64.84962463378906,"[8, 16)","[97, inf)","[59, 82)",True
f1opt,0.002893827855587,1211.png,90,Cargo Truck,0.0100334249436855,bkg,-1,15.990068777980465,167,2550.6685791015625,349.59112548828125,2560.0,376.99127197265625,60.03571319580078,"[8, 16)","[97, inf)","[59, 82)",True
f1opt,0.002893827855587,1211.png,91,Cargo Truck,0.0095547726377844,bkg,-1,12.344904307222041,167,2884.0008544921875,273.40386962890625,2893.0,290.33843994140625,58.37036895751953,"[8, 16)","[97, inf)","[45, 59)",True
f1opt,0.002893827855587,1211.png,92,Cargo Truck,0.0093763088807463,bkg,-1,15.494619817174817,167,1271.2684631347656,1191.6417236328125,1290.4727783203125,1204.1432495117188,60.54642868041992,"[8, 16)","[97, inf)","[59, 82)",True
f1opt,0.002893827855587,1211.png,93,Cargo Truck,0.0087063414976,TP,130,20.776647698204304,167,537.533935546875,1537.7956295013428,558.06982421875,1558.8158588409424,78.14256286621094,"[16, 24)","[97, inf)","[59, 82)",False
f1opt,0.002893827855587,1211.png,94,Cargo Truck,0.0079311439767479,bkg,-1,8.269533505122194,167,2554.365600585937,848.6232147216797,2560.0,860.7602996826172,82.16666412353516,"[8, 16)","[97, inf)","[82, inf)",True
f1opt,0.002893827855587,1211.png,95,Cargo Truck,0.0078509915620088,bkg,-1,11.49697810495496,167,1622.9638061523438,1536.2676544189453,1640.0529174804688,1544.0024337768557,83.33917999267578,"[8, 16)","[97, inf)","[82, inf)",True
f1opt,0.002893827855587,1211.png,96,Cargo Truck,0.0074725351296365,bkg,-1,10.798458384191523,167,1939.5405883789065,2200.6326904296875,1957.4296875,2207.1510009765625,100.58552551269531,"[8, 16)","[97, inf)","[82, inf)",True
f1opt,0.002893827855587,1211.png,97,Cargo Truck,0.0073150075040757,bkg,-1,13.356757370447474,167,1775.2655029296875,665.7612915039062,1786.7449951171875,681.3023071289062,69.20587921142578,"[8, 16)","[97, inf)","[59, 82)",True
f1opt,0.002893827855587,1211.png,98,Cargo Truck,0.0071984278038144,bkg,-1,10.626623563979457,167,2883.7652587890625,301.0584716796875,2892.9207763671875,313.392578125,55.70000076293945,"[8, 16)","[97, inf)","[45, 59)",True
f1opt,0.002893827855587,1211.png,99,Cargo Truck,0.0062150838784873,bkg,-1,9.87597313680161,167,0.0886168479919433,1016.3078308105468,6.725508689880371,1031.0036926269531,76.57142639160156,"[8, 16)","[97, inf)","[59, 82)",True
f1opt,0.002893827855587,1211.png,100,Cargo Truck,0.0057534775696694,bkg,-1,10.71587264634757,167,1326.2733154296875,9.521368026733398,1335.8450927734375,21.51808738708496,56.03845977783203,"[8, 16)","[97, inf)","[45, 59)",True
f1opt,0.002893827855587,1211.png,101,Cargo Truck,0.0055959345772862,bkg,-1,26.119310551767,167,2314.0616455078125,2014.7677001953125,2349.975952148437,2033.763427734375,60.92222213745117,"[24, 32)","[97, inf)","[59, 82)",True
f1opt,0.002893827855587,1211.png,102,Cargo Truck,0.0053891586139798,bkg,-1,10.91318194049493,167,590.69677734375,1536.0427904129028,605.074951171875,1544.3260078430176,74.69444274902344,"[8, 16)","[97, inf)","[59, 82)",True
f1opt,0.002893827855587,1211.png,103,Cargo Truck,0.0052477279677987,bkg,-1,8.718448465663164,167,0.0,1010.5048217773438,5.678672790527344,1023.8902282714844,55.011905670166016,"[8, 16)","[97, inf)","[45, 59)",True
f1opt,0.0014587263576686,1211.png,104,Truck Tractor,0.0052099213935434,bkg,-1,13.46193476123796,167,768.0,2858.6356201171875,778.9248180389404,2875.223876953125,61.60606002807617,"[8, 16)","[97, inf)","[59, 82)",True
f1opt,0.0014587263576686,1211.png,105,Truck Tractor,0.0048860572278499,bkg,-1,9.56686457902492,167,333.1291198730469,2267.569580078125,341.7345275878906,2278.205322265625,72.60185241699219,"[8, 16)","[97, inf)","[59, 82)",True
f1opt,0.002893827855587,1211.png,106,Cargo Truck,0.0046698744408786,bkg,-1,17.13682158304303,167,1447.3109130859375,948.9690856933594,1461.6416015625,969.4615173339844,87.28787994384766,"[16, 24)","[97, inf)","[82, inf)",True
f1opt,0.002893827855587,1211.png,107,Cargo Truck,0.0045804274268448,loc,117,17.636927478184596,167,2535.4217529296875,969.0234222412108,2559.4234619140625,981.9833831787108,62.93846130371094,"[16, 24)","[97, inf)","[59, 82)",True
f1opt,0.002893827855587,1211.png,108,Cargo Truck,0.0045770350843667,bkg,-1,9.469373756422709,167,2552.1229248046875,1369.4832763671875,2560.0,1380.8668212890625,59.26041793823242,"[8, 16)","[97, inf)","[59, 82)",True
f1opt,0.002893827855587,1211.png,109,Cargo Truck,0.0045687956735491,bkg,-1,18.84981159595418,167,521.6112060546875,503.85357666015625,538.1275634765625,525.3665161132812,102.92511749267578,"[16, 24)","[97, inf)","[82, inf)",True
f1opt,0.002893827855587,1211.png,110,Cargo Truck,0.0044541670940816,bkg,-1,12.867048536104981,167,2886.3680419921875,278.15826416015625,2893.0,303.12237548828125,53.24725341796875,"[8, 16)","[97, inf)","[45, 59)",True
f1opt,0.002893827855587,1211.png,111,Cargo Truck,0.0044304598122835,bkg,-1,10.390011902697687,167,2551.305908203125,341.6112976074219,2560.0,354.0280456542969,72.68254089355469,"[8, 16)","[97, inf)","[59, 82)",True
f1opt,0.002893827855587,1211.png,112,Cargo Truck,0.0041179899126291,bkg,-1,17.976097362855196,167,1310.316650390625,956.5810546875,1331.976806640625,971.4996948242188,106.2102279663086,"[16, 24)","[97, inf)","[82, inf)",True
f1opt,0.002893827855587,1211.png,113,Cargo Truck,0.0041052927263081,bkg,-1,23.68818245894803,167,902.7750701904296,2847.5460815429688,918.960220336914,2882.2155151367188,120.62255096435547,"[16, 24)","[97, inf)","[82, inf)",True
f1opt,0.002893827855587,1211.png,114,Cargo Truck,0.0038790891412645,bkg,-1,14.022676298217355,167,4.660312652587891,1868.0,22.27569580078125,1879.162712097168,42.41666793823242,"[8, 16)","[97, inf)","[-inf, 45)",True
f1opt,0.002893827855587,1211.png,115,Cargo Truck,0.0035931400489062,bkg,-1,9.31198040181502,167,138.48291015625,1018.84228515625,155.29519653320312,1024.0,62.03703689575195,"[8, 16)","[97, inf)","[59, 82)",True
f1opt,0.002893827855587,1211.png,116,Cargo Truck,0.0035783976782113,bkg,-1,15.864588833012283,167,1913.0852661132808,11.696407318115234,1935.3152465820312,23.018287658691406,124.87625122070312,"[8, 16)","[97, inf)","[82, inf)",True
f1opt,0.002893827855587,1211.png,117,Cargo Truck,0.0035767692606896,bkg,-1,17.654282477138995,167,1152.8507690429688,1009.7249755859376,1174.6842651367188,1024.0,81.93043518066406,"[16, 24)","[97, inf)","[82, inf)",True
f1opt,0.002893827855587,1211.png,118,Cargo Truck,0.0034056049771606,TP,56,18.734299261084804,167,890.4164428710938,2825.06591796875,908.0599060058594,2844.95849609375,68.68684387207031,"[16, 24)","[97, inf)","[59, 82)",False
f1opt,0.002893827855587,1211.png,119,Cargo Truck,0.0034047055523842,bkg,-1,25.406674136440248,167,1191.9796752929688,1887.173538208008,1204.1725463867188,1940.1142349243164,67.3161392211914,"[24, 32)","[97, inf)","[59, 82)",True
f1opt,0.002893827855587,1211.png,120,Cargo Truck,0.0033274244051426,bkg,-1,9.014826468998514,167,747.4774169921875,2553.548217773437,760.073486328125,2560.0,75.68367004394531,"[8, 16)","[97, inf)","[59, 82)",True
f1opt,0.002893827855587,1211.png,121,Cargo Truck,0.0032446368131786,bkg,-1,11.673717620357275,167,1055.2023315429688,1868.2850093841555,1069.0123901367188,1878.1528663635252,124.50909423828125,"[8, 16)","[97, inf)","[82, inf)",True
f1opt,0.002893827855587,1211.png,122,Cargo Truck,0.0032297188881784,bkg,-1,9.490235585591234,167,1786.4080810546875,2009.8974609375,1792.0,2026.003662109375,90.72222137451172,"[8, 16)","[97, inf)","[82, inf)",True
f1opt,0.002893827855587,1211.png,123,Cargo Truck,0.0030729977879673,bkg,-1,6.992252378847035,167,2884.383544921875,768.0,2892.77197265625,773.8284573554993,51.74074172973633,"[0, 8)","[97, inf)","[45, 59)",True
f1opt,0.002893827855587,1211.png,124,Cargo Truck,0.0029396244790405,bkg,-1,9.876864666926437,167,1808.2960205078125,2018.8522644042969,1817.098876953125,2029.9341735839844,89.86666870117188,"[8, 16)","[97, inf)","[82, inf)",True
f1opt,0.002893827855587,1211.png,125,Cargo Truck,0.0028987564146518,bkg,-1,16.613618108170215,167,1870.314151763916,706.277587890625,1881.3181610107424,731.3604736328125,96.55128479003906,"[16, 24)","[97, inf)","[82, inf)",True
f1opt,0.0014587263576686,1211.png,126,Truck Tractor,0.0023630014620721,bkg,-1,23.09486399184686,167,666.8060913085938,2344.8580322265625,686.7305297851562,2371.6278076171875,81.79762268066406,"[16, 24)","[97, inf)","[59, 82)",True
f1opt,0.0014587263576686,1211.png,127,Truck Tractor,0.0021998409647494,bkg,-1,12.384753101128153,167,0.0819158554077148,2293.6700439453125,9.666688919067385,2309.6727294921875,65.51176452636719,"[8, 16)","[97, inf)","[59, 82)",True
f1opt,0.0014587263576686,1211.png,128,Truck Tractor,0.0018851273925974,bkg,-1,9.905088705387435,167,1536.0,1873.141143798828,1547.2944383621216,1881.8277893066409,64.51851654052734,"[8, 16)","[97, inf)","[59, 82)",True
f1opt,0.0014587263576686,1211.png,129,Truck Tractor,0.0015323588158935,bkg,-1,13.760597120730006,167,2197.3143310546875,768.0,2235.066772460937,773.0156764984131,52.86324691772461,"[8, 16)","[97, inf)","[45, 59)",True
f1opt,0.0122697269544005,1362.png,0,Truck w/Box,0.7843768000602722,bkg,-1,37.94715079171837,16,1784.9635925292969,604.6825561523438,1832.1756896972656,635.1829223632812,107.2959213256836,"[32, 48)","[-inf, 31)","[82, inf)",True
f1opt,0.0122697269544005,1362.png,1,Truck w/Box,0.7079550623893738,bkg,-1,26.772344850507288,16,2694.0241088867188,1176.7557983398438,2713.6101684570312,1213.3511352539062,105.5250015258789,"[24, 32)","[-inf, 31)","[82, inf)",True
f1opt,0.0122697269544005,1362.png,2,Truck w/Box,0.2223552912473678,bkg,-1,17.250454088770038,16,1978.8908996582031,1010.3233032226562,2001.2879333496091,1023.6098022460938,104.75595092773438,"[16, 24)","[-inf, 31)","[82, inf)",True
f1opt,0.0122697269544005,1362.png,3,Truck w/Box,0.2026129215955734,bkg,-1,10.234687625681993,16,540.2430419921875,2483.9771728515625,555.1551513671875,2491.0015869140625,74.45138549804688,"[8, 16)","[-inf, 31)","[59, 82)",True
f1opt,0.0122697269544005,1362.png,4,Truck w/Box,0.1421604007482528,bkg,-1,27.281683545857195,16,2323.270263671875,1229.401885986328,2343.742431640625,1265.7580871582031,94.65894317626953,"[24, 32)","[-inf, 31)","[82, inf)",True
f1opt,0.002893827855587,1362.png,5,Cargo Truck,0.1030530259013176,bkg,-1,13.377999004872661,16,2037.5952758789065,174.73727416992188,2048.228454589844,191.56863403320312,145.6851806640625,"[8, 16)","[-inf, 31)","[82, inf)",True
f1opt,0.0122697269544005,1362.png,6,Truck w/Box,0.0850552842020988,cls,15,27.291047051120145,16,1409.1025390625,2468.1196899414062,1426.280517578125,2511.477600097656,109.77525329589844,"[24, 32)","[-inf, 31)","[82, inf)",True
f1opt,0.002893827855587,1362.png,7,Cargo Truck,0.0638571456074714,bkg,-1,27.102882817206833,16,2323.156314849853,1229.973388671875,2343.5698623657227,1265.9576416015625,94.65894317626953,"[24, 32)","[-inf, 31)","[82, inf)",True
f1opt,0.002893827855587,1362.png,8,Cargo Truck,0.0613587871193885,bkg,-1,16.432171391672618,16,2819.537048339844,889.24609375,2833.355834960937,908.785888671875,62.90999984741211,"[16, 24)","[-inf, 31)","[59, 82)",True
f1opt,0.0122697269544005,1362.png,9,Truck w/Box,0.0527104474604129,bkg,-1,8.969951340682632,16,3007.9656982421875,0.1499040126800537,3018.32421875,7.917425155639648,34.23958206176758,"[8, 16)","[-inf, 31)","[-inf, 45)",True
f1opt,0.002893827855587,1362.png,10,Cargo Truck,0.0336274020373821,bkg,-1,12.633493027820169,16,2030.2527465820312,178.4453887939453,2040.9581909179688,193.3541717529297,147.7329559326172,"[8, 16)","[-inf, 31)","[82, inf)",True
f1opt,0.0122697269544005,1362.png,11,Truck w/Box,0.0323525853455066,bkg,-1,20.048562594890672,16,2304.0,469.1316528320313,2322.028341293335,491.42681884765625,86.94965362548828,"[16, 24)","[-inf, 31)","[82, inf)",True
f1opt,0.0122697269544005,1362.png,12,Truck w/Box,0.0265830624848604,bkg,-1,12.625613850952675,16,1411.8190307617188,1732.1936645507812,1424.0995483398438,1745.174072265625,60.841835021972656,"[8, 16)","[-inf, 31)","[59, 82)",True
f1opt,0.0122697269544005,1362.png,13,Truck w/Box,0.0188122410327196,bkg,-1,16.300649117450863,16,1592.1381645202637,2551.4483642578125,1623.2095489501953,2560.0,53.41319274902344,"[16, 24)","[-inf, 31)","[45, 59)",True
f1opt,0.0122697269544005,1362.png,14,Truck w/Box,0.0181881692260503,bkg,-1,26.807027886933863,16,2762.832244873047,1370.0773315429688,2784.017547607422,1403.9978637695312,119.45396423339844,"[24, 32)","[-inf, 31)","[82, inf)",True
f1opt,0.002893827855587,1362.png,15,Cargo Truck,0.01667364500463,bkg,-1,26.039665528498663,16,2763.7266540527344,1370.2882690429688,2784.425811767578,1403.0463256835938,120.24198150634766,"[24, 32)","[-inf, 31)","[82, inf)",True
f1opt,0.002893827855587,1362.png,16,Cargo Truck,0.0161918308585882,TP,7,17.318966768294136,16,2781.802383422852,1003.6565246582032,2796.1453552246094,1024.5689697265625,59.79829406738281,"[16, 24)","[-inf, 31)","[59, 82)",False
f1opt,0.0122697269544005,1362.png,17,Truck w/Box,0.0132234310731291,bkg,-1,12.165910353842804,16,1413.1644287109375,1726.5648498535156,1424.2728271484375,1739.8889465332031,53.17856979370117,"[8, 16)","[-inf, 31)","[45, 59)",True
f1opt,0.0122697269544005,1362.png,18,Truck w/Box,0.0129485009238123,bkg,-1,8.955688968238045,16,1415.9599609375,1721.0855407714844,1424.54931640625,1730.4231872558594,56.91999816894531,"[8, 16)","[-inf, 31)","[45, 59)",True
f1opt,0.0064783310517668,1362.png,19,Truck w/Flatbed,0.010297049768269,bkg,-1,10.294748384499924,16,3008.164978027344,0.0370683670043945,3020.869201660156,8.379321098327637,35.153846740722656,"[8, 16)","[-inf, 31)","[-inf, 45)",True
f1opt,0.0064783310517668,1362.png,20,Truck w/Flatbed,0.0072488840669393,bkg,-1,13.086770665988686,16,1830.107666015625,1018.8265380859376,1863.2119140625,1024.0,65.7450942993164,"[8, 16)","[-inf, 31)","[59, 82)",True
f1opt,0.002893827855587,1362.png,21,Cargo Truck,0.0043156570754945,bkg,-1,10.77394501947797,16,2017.989196777344,181.7814178466797,2026.0001831054688,196.2712554931641,144.83749389648438,"[8, 16)","[-inf, 31)","[82, inf)",True
f1opt,0.002893827855587,1362.png,22,Cargo Truck,0.003276928095147,bkg,-1,22.83408510288544,16,1234.568878173828,301.123291015625,1256.5061340332031,324.890869140625,92.375,"[16, 24)","[-inf, 31)","[82, inf)",True
f1opt,0.0014587263576686,1362.png,23,Truck Tractor,0.002823119983077,bkg,-1,11.86936949380577,16,0.1191015243530273,2909.5543823242188,9.342716217041016,2924.828430175781,51.34375,"[8, 16)","[-inf, 31)","[45, 59)",True
f1opt,0.0122697269544005,1399.png,0,Truck w/Box,0.7739518284797668,TP,14,39.06631091792518,28,2434.7410888671875,888.60498046875,2486.5797119140625,918.0458984375,25.732805252075195,"[32, 48)","[-inf, 31)","[-inf, 45)",False
f1opt,0.0122697269544005,1399.png,1,Truck w/Box,0.358935683965683,bkg,-1,36.0512592950693,28,1735.30224609375,843.81298828125,1779.457763671875,873.2474365234375,27.614336013793945,"[32, 48)","[-inf, 31)","[-inf, 45)",True
f1opt,0.0064783310517668,1399.png,2,Truck w/Flatbed,0.1251652836799621,loc,3,64.9295655789755,28,1829.5187377929688,1478.1954345703125,1893.1619262695312,1544.4373779296875,24.075775146484375,"[48, 96)","[-inf, 31)","[-inf, 45)",True
f1opt,0.0064783310517668,1399.png,3,Truck w/Flatbed,0.0892217606306076,TP,1,51.94483791684726,28,1806.3810119628904,1433.33935546875,1854.1796569824216,1489.7900390625,23.641603469848633,"[48, 96)","[-inf, 31)","[-inf, 45)",False
f1opt,0.0064783310517668,1399.png,4,Truck w/Flatbed,0.0844980627298355,bkg,-1,36.741187022656916,28,1734.5595703125,843.4766540527344,1779.688232421875,873.3892364501953,27.63674545288086,"[32, 48)","[-inf, 31)","[-inf, 45)",True
f1opt,0.0122697269544005,1399.png,5,Truck w/Box,0.0603974722325801,TP,15,51.60386529656508,28,2118.8472290039062,768.278377532959,2175.780578613281,815.0516471862793,32.20222854614258,"[48, 96)","[-inf, 31)","[-inf, 45)",False
f1opt,0.0122697269544005,1399.png,6,Truck w/Box,0.0486163236200809,cls,22,33.802664229638225,28,2537.950408935547,2068.0053100585938,2563.623321533203,2112.5121459960938,39.28477478027344,"[32, 48)","[-inf, 31)","[-inf, 45)",True
f1opt,0.0122697269544005,1399.png,7,Truck w/Box,0.0462084375321865,bkg,-1,51.44463143560452,28,2513.2130126953125,1438.182373046875,2559.7076416015625,1495.10400390625,23.386646270751953,"[48, 96)","[-inf, 31)","[-inf, 45)",True
f1opt,0.0122697269544005,1399.png,8,Truck w/Box,0.0405351743102073,bkg,-1,29.90037381879815,28,2541.5513916015625,1472.158935546875,2560.0,1520.61962890625,24.777658462524414,"[24, 32)","[-inf, 31)","[-inf, 45)",True
f1opt,0.0122697269544005,1399.png,9,Truck w/Box,0.037105593830347,bkg,-1,32.3466395142,28,2270.059000015259,1667.2049560546875,2289.063663482666,1722.2601318359375,28.508928298950195,"[32, 48)","[-inf, 31)","[-inf, 45)",True
f1opt,0.002893827855587,1399.png,10,Cargo Truck,0.0274271685630083,cls,1,52.121870512979015,28,1807.3263549804688,1432.8408813476562,1853.1613159179688,1492.1119995117188,23.798744201660156,"[48, 96)","[-inf, 31)","[-inf, 45)",True
f1opt,0.0122697269544005,1399.png,11,Truck w/Box,0.0254902467131614,TP,20,43.44430865366373,28,2862.537048339844,1385.7193603515625,2917.5630493164062,1420.0196533203125,26.731647491455078,"[32, 48)","[-inf, 31)","[-inf, 45)",False
f1opt,0.002893827855587,1399.png,12,Cargo Truck,0.0105348797515034,both,25,31.09202580104392,28,3227.8580322265625,1247.6664123535156,3272.3446044921875,1269.3968811035156,33.05670928955078,"[24, 32)","[-inf, 31)","[-inf, 45)",True
f1opt,0.002893827855587,1399.png,13,Cargo Truck,0.0101032117381691,cls,15,51.75759992201354,28,2118.4366455078125,768.6725578308105,2176.2261962890625,815.0278091430664,32.214691162109375,"[48, 96)","[-inf, 31)","[-inf, 45)",True
f1opt,0.0064783310517668,1399.png,14,Truck w/Flatbed,0.0090939486399292,cls,18,29.994374684094165,28,2606.165283203125,1725.1129150390625,2647.0055541992188,1747.1417236328125,23.16356086730957,"[24, 32)","[-inf, 31)","[-inf, 45)",True
f1opt,0.002893827855587,1399.png,15,Cargo Truck,0.0071251760236918,bkg,-1,17.31548849884011,28,2550.715576171875,2345.565368652344,2560.0,2377.8588256835938,21.918182373046875,"[16, 24)","[-inf, 31)","[-inf, 45)",True
f1opt,0.002893827855587,1399.png,16,Cargo Truck,0.0051867985166609,bkg,-1,13.058360820316635,28,2701.1016540527344,1018.317626953125,2731.110382080078,1024.0,30.747312545776367,"[8, 16)","[-inf, 31)","[-inf, 45)",True
f1opt,0.002893827855587,1399.png,17,Cargo Truck,0.0032040760852396,bkg,-1,56.54246872675884,28,3217.7891845703125,3016.3541259765625,3293.8592529296875,3058.3818359375,23.237995147705078,"[48, 96)","[-inf, 31)","[-inf, 45)",True
f1opt,0.0064783310517668,1447.png,0,Truck w/Flatbed,0.6483367681503296,bkg,-1,27.064410661993186,43,625.620849609375,1108.3554077148438,641.424560546875,1154.7041625976562,36.23154067993164,"[24, 32)","[31, 76)","[-inf, 45)",True
f1opt,0.0064783310517668,1447.png,1,Truck w/Flatbed,0.5713728070259094,TP,15,31.084389897564687,43,707.6951904296875,1357.1823120117188,726.163818359375,1409.5001831054688,28.523584365844727,"[24, 32)","[31, 76)","[-inf, 45)",False
f1opt,0.0064783310517668,1447.png,2,Truck w/Flatbed,0.3478567898273468,TP,13,27.91818890418739,43,557.1460571289062,1309.8626708984375,574.1915893554688,1355.5887451171875,31.10756492614746,"[24, 32)","[31, 76)","[-inf, 45)",False
f1opt,0.0122697269544005,1447.png,3,Truck w/Box,0.2601011097431183,bkg,-1,26.974811335271575,43,625.6617431640625,1108.6514282226562,641.8260498046875,1153.6666870117188,36.19309616088867,"[24, 32)","[31, 76)","[-inf, 45)",True
f1opt,0.0122697269544005,1447.png,4,Truck w/Box,0.2368694394826889,bkg,-1,37.94259284536199,43,822.1228561401367,0.0,888.649787902832,21.63996315002441,39.23948287963867,"[32, 48)","[31, 76)","[-inf, 45)",True
f1opt,0.0064783310517668,1447.png,5,Truck w/Flatbed,0.1395658999681472,TP,21,21.503945544637634,43,988.2534027099608,82.4586181640625,1001.791244506836,116.61618041992188,36.18367385864258,"[16, 24)","[31, 76)","[-inf, 45)",False
f1opt,0.0122697269544005,1447.png,6,Truck w/Box,0.1308857947587967,bkg,-1,24.10346595307196,43,548.4635620117188,1553.853252410889,565.2280883789062,1588.5083961486816,73.41975402832031,"[24, 32)","[31, 76)","[59, 82)",True
f1opt,0.0122697269544005,1447.png,7,Truck w/Box,0.1240681037306785,cls,7,26.216455317831958,43,638.5525512695312,1103.10205078125,652.3419799804688,1152.9447631835938,32.48400115966797,"[24, 32)","[31, 76)","[-inf, 45)",True
f1opt,0.0122697269544005,1447.png,8,Truck w/Box,0.1011649444699287,cls,11,37.367915552963595,43,725.1585693359375,503.5855712890625,772.8023681640625,532.8939208984375,38.49861145019531,"[32, 48)","[31, 76)","[-inf, 45)",True
f1opt,0.0064783310517668,1447.png,9,Truck w/Flatbed,0.093416154384613,TP,17,30.239188295714456,43,821.3942184448242,897.1721343994141,839.5334243774414,947.582748413086,34.71310806274414,"[24, 32)","[31, 76)","[-inf, 45)",False
f1opt,0.0122697269544005,1447.png,10,Truck w/Box,0.0843784436583519,bkg,-1,26.009870140247898,43,426.3336181640625,1132.522979736328,443.283203125,1172.4362487792969,32.510841369628906,"[24, 32)","[31, 76)","[-inf, 45)",True
f1opt,0.0064783310517668,1447.png,11,Truck w/Flatbed,0.0516857467591762,TP,20,20.36278974349296,43,1012.642608642578,52.372406005859375,1024.7274169921875,86.68351745605469,33.53406524658203,"[16, 24)","[31, 76)","[-inf, 45)",False
f1opt,0.0122697269544005,1447.png,12,Truck w/Box,0.0325117819011211,cls,20,18.43360345791292,43,1012.069580078125,54.16546630859375,1023.639404296875,83.53477478027344,34.01388931274414,"[16, 24)","[31, 76)","[-inf, 45)",True
f1opt,0.0064783310517668,1447.png,13,Truck w/Flatbed,0.0187533516436815,bkg,-1,33.393139230414356,43,66.61245727539062,2063.424133300781,86.52377319335938,2119.4275512695312,26.783626556396484,"[32, 48)","[31, 76)","[-inf, 45)",True
f1opt,0.002893827855587,1447.png,14,Cargo Truck,0.0116874612867832,cls,14,35.88714143398867,43,744.0651245117188,1194.0690307617188,767.4530639648438,1249.1353149414062,28.980655670166016,"[32, 48)","[31, 76)","[-inf, 45)",True
f1opt,0.0064783310517668,1447.png,15,Truck w/Flatbed,0.0108025902882218,bkg,-1,16.21583874896534,43,0.0697078704833984,2041.416259765625,6.317103385925293,2083.50634765625,35.52824020385742,"[16, 24)","[31, 76)","[-inf, 45)",True
f1opt,0.0064783310517668,1447.png,16,Truck w/Flatbed,0.0102657284587621,both,36,31.34760917707575,43,551.568603515625,2029.3565368652344,571.772216796875,2077.9949951171875,35.7230339050293,"[24, 32)","[31, 76)","[-inf, 45)",True
f1opt,0.0064783310517668,1447.png,17,Truck w/Flatbed,0.0100613310933113,TP,14,35.005573415415576,43,745.1893310546875,1194.2373962402344,767.6319580078125,1248.838409423828,29.04189682006836,"[32, 48)","[31, 76)","[-inf, 45)",False
f1opt,0.0064783310517668,1447.png,18,Truck w/Flatbed,0.008645043708384,bkg,-1,16.181859283000154,43,2526.19677734375,0.0,2552.423583984375,9.98415756225586,42.155555725097656,"[16, 24)","[31, 76)","[-inf, 45)",True
f1opt,0.0064783310517668,1456.png,0,Truck w/Flatbed,0.0244369190186262,bkg,-1,23.6150906019872,8,768.0,2053.9386596679688,778.1283502578735,2108.9992065429688,45.969154357910156,"[16, 24)","[-inf, 31)","[45, 59)",True
f1opt,0.0122697269544005,1456.png,1,Truck w/Box,0.0211969967931509,both,1,26.304173410420727,8,725.77001953125,2623.089111328125,742.894775390625,2663.4931640625,80.5650405883789,"[24, 32)","[-inf, 31)","[59, 82)",True
f1opt,0.0064783310517668,1456.png,2,Truck w/Flatbed,0.0136461649090051,bkg,-1,16.69353353363324,8,768.0,2081.5963134765625,773.6538162231445,2130.8858642578125,60.59333419799805,"[16, 24)","[-inf, 31)","[59, 82)",True
f1opt,0.0122697269544005,1457.png,0,Truck w/Box,0.3866462707519531,TP,5,26.314144882850442,13,2631.735290527344,1583.7471656799316,2651.1986694335938,1619.3234252929688,112.39511108398438,"[24, 32)","[-inf, 31)","[82, inf)",False
f1opt,0.002893827855587,1457.png,1,Cargo Truck,0.3407614827156067,bkg,-1,13.592888926316403,13,1209.6267395019531,11.232914924621582,1227.819366455078,21.38904190063477,78.38755798339844,"[8, 16)","[-inf, 31)","[59, 82)",True
f1opt,0.002893827855587,1457.png,2,Cargo Truck,0.3277350068092346,TP,11,18.81102801194696,13,2557.6646118164062,1643.1886596679688,2573.3859252929688,1665.6966247558594,125.34526824951172,"[16, 24)","[-inf, 31)","[82, inf)",False
f1opt,0.002893827855587,1457.png,3,Cargo Truck,0.1417522728443145,TP,6,16.57715624532389,13,1789.9486083984375,2594.776733398437,1801.6876831054688,2618.185913085937,77.15384674072266,"[16, 24)","[-inf, 31)","[59, 82)",False
f1opt,0.0122697269544005,1457.png,4,Truck w/Box,0.0926562994718551,bkg,-1,20.317952994569588,13,1536.0,2451.890380859375,1570.2621879577637,2463.939208984375,65.18681335449219,"[16, 24)","[-inf, 31)","[59, 82)",True
f1opt,0.002893827855587,1457.png,5,Cargo Truck,0.0762216076254844,TP,9,18.83195804422701,13,2613.522766113281,1577.0222778320312,2629.1569213867188,1599.7061157226562,117.04603576660156,"[16, 24)","[-inf, 31)","[82, inf)",False
f1opt,0.002893827855587,1457.png,6,Cargo Truck,0.0305856093764305,bkg,-1,19.359107517522055,13,1001.147216796875,2102.0926513671875,1024.0,2118.4921875,104.72378540039062,"[16, 24)","[-inf, 31)","[82, inf)",True
f1opt,0.002893827855587,1457.png,7,Cargo Truck,0.0274602212011814,cls,5,26.711928396932734,13,2631.185546875,1584.5450439453125,2651.728515625,1619.2784423828125,112.47883605957031,"[24, 32)","[-inf, 31)","[82, inf)",True
f1opt,0.002893827855587,1457.png,8,Cargo Truck,0.0178185123950243,bkg,-1,13.895865591390708,13,834.8236541748047,2804.2420654296875,868.359130859375,2810.0,122.81428527832031,"[8, 16)","[-inf, 31)","[82, inf)",True
f1opt,0.002893827855587,1457.png,9,Cargo Truck,0.0173113588243722,bkg,-1,13.275629311667057,13,2412.5743103027344,516.7454833984375,2424.240631103516,531.8524169921875,66.15384674072266,"[8, 16)","[-inf, 31)","[59, 82)",True
f1opt,0.002893827855587,1457.png,10,Cargo Truck,0.0167126320302486,bkg,-1,44.174670437950034,13,470.2742919921875,1465.80810546875,541.4251098632812,1493.234375,68.0435791015625,"[32, 48)","[-inf, 31)","[59, 82)",True
f1opt,0.002893827855587,1457.png,11,Cargo Truck,0.0143476538360118,bkg,-1,16.28115596213247,13,2441.6505126953125,684.7874755859375,2450.371337890625,715.1832275390625,81.70625305175781,"[16, 24)","[-inf, 31)","[59, 82)",True
f1opt,0.0064783310517668,1457.png,12,Truck w/Flatbed,0.0128730935975909,bkg,-1,30.674171302524954,13,1451.24365234375,2783.273681640625,1487.365478515625,2809.32177734375,118.32632446289062,"[24, 32)","[-inf, 31)","[82, inf)",True
f1opt,0.002893827855587,1457.png,13,Cargo Truck,0.0126966387033462,TP,2,22.574154626326788,13,2635.063842773437,1647.6133728027344,2653.3465576171875,1675.4862823486328,106.36297607421875,"[16, 24)","[-inf, 31)","[82, inf)",False
f1opt,0.002893827855587,1457.png,14,Cargo Truck,0.009184650145471,bkg,-1,25.359834564834372,13,781.5065155029297,2790.2978515625,817.7711181640625,2808.031982421875,116.24751281738281,"[24, 32)","[-inf, 31)","[82, inf)",True
f1opt,0.002893827855587,1457.png,15,Cargo Truck,0.0089203240349888,TP,4,20.754797070571623,13,2613.8406982421875,1642.825439453125,2630.3360595703125,1668.9395446777344,109.52057647705078,"[16, 24)","[-inf, 31)","[82, inf)",False
f1opt,0.002893827855587,1457.png,16,Cargo Truck,0.0085635557770729,bkg,-1,19.616443883543276,13,768.0,2798.5347900390625,801.5628280639648,2810.0,107.1299057006836,"[16, 24)","[-inf, 31)","[82, inf)",True
f1opt,0.002893827855587,1457.png,17,Cargo Truck,0.0059216860681772,bkg,-1,12.977420809503498,13,2961.1361694335938,216.04251098632807,2979.126037597656,225.40408325195312,85.34210205078125,"[8, 16)","[-inf, 31)","[82, inf)",True
f1opt,0.002893827855587,1457.png,18,Cargo Truck,0.0041060922667384,bkg,-1,9.74513994071484,13,1887.004821777344,75.81988525390625,1901.1450805664065,82.5360107421875,112.17500305175781,"[8, 16)","[-inf, 31)","[82, inf)",True
f1opt,0.002893827855587,1457.png,19,Cargo Truck,0.0040547302924096,bkg,-1,18.159226428405397,13,2549.0484008789062,2202.3682861328125,2559.9555053710938,2232.6015625,119.94134521484375,"[16, 24)","[-inf, 31)","[82, inf)",True
f1opt,0.002893827855587,1457.png,20,Cargo Truck,0.003783929394558,bkg,-1,13.18398942777481,13,2686.9161376953125,1794.1010627746582,2698.3250732421875,1809.3362770080569,109.17788696289062,"[8, 16)","[-inf, 31)","[82, inf)",True
f1opt,0.0014587263576686,1457.png,21,Truck Tractor,0.0037476918660104,bkg,-1,9.747893780694831,13,1783.5966186523438,542.495849609375,1791.9651489257812,553.8504638671875,53.546295166015625,"[8, 16)","[-inf, 31)","[45, 59)",True
f1opt,0.002893827855587,1457.png,22,Cargo Truck,0.0034903865307569,bkg,-1,10.678367961183673,13,1359.6859130859375,0.007087230682373,1384.625732421875,4.579195022583008,47.19230651855469,"[8, 16)","[-inf, 31)","[45, 59)",True
f1opt,0.0014587263576686,1457.png,23,Truck Tractor,0.0017344035441055,bkg,-1,20.8901426378026,13,2703.4248046875,1016.590576171875,2762.322509765625,1024.0,117.42916870117188,"[16, 24)","[-inf, 31)","[82, inf)",True
f1opt,0.0122697269544005,1530.png,0,Truck w/Box,0.7165778279304504,cls,11,36.00420777702736,14,1890.5220947265625,1368.6768798828125,1914.424072265625,1422.9110107421875,46.16145324707031,"[32, 48)","[-inf, 31)","[45, 59)",True
f1opt,0.002893827855587,1530.png,1,Cargo Truck,0.5741481184959412,bkg,-1,16.097990556007336,14,1763.0545654296875,1115.2036743164062,1777.9556884765625,1132.5946655273438,94.88888549804688,"[16, 24)","[-inf, 31)","[82, inf)",True
f1opt,0.002893827855587,1530.png,2,Cargo Truck,0.5491719841957092,TP,1,16.641129513824783,14,606.7689208984375,2037.579040527344,629.4290771484375,2049.7999267578125,66.34294891357422,"[16, 24)","[-inf, 31)","[59, 82)",False
f1opt,0.0064783310517668,1530.png,3,Truck w/Flatbed,0.3707952499389648,cls,9,20.91511549167336,14,1677.5330200195312,1073.9922790527344,1708.3059692382812,1088.2074279785156,39.642578125,"[16, 24)","[-inf, 31)","[-inf, 45)",True
f1opt,0.002893827855587,1530.png,4,Cargo Truck,0.1071773022413253,bkg,-1,20.1902012656411,14,1912.710876464844,1371.7222900390625,1926.2692260742188,1401.7882080078125,43.834407806396484,"[16, 24)","[-inf, 31)","[-inf, 45)",True
f1opt,0.002893827855587,1530.png,5,Cargo Truck,0.0917066037654876,bkg,-1,19.22237469492748,14,406.5126953125,1880.0189819335935,424.5095825195313,1900.55029296875,67.74686431884766,"[16, 24)","[-inf, 31)","[59, 82)",True
f1opt,0.002893827855587,1530.png,6,Cargo Truck,0.0842399895191192,bkg,-1,24.787223285428038,14,3170.54052734375,880.6754760742188,3193.670166015625,907.2390747070312,68.95387268066406,"[24, 32)","[-inf, 31)","[59, 82)",True
f1opt,0.0122697269544005,1530.png,7,Truck w/Box,0.0724116116762161,cls,13,21.187094260177155,14,1727.5455322265625,1052.1508178710938,1742.5065307617188,1082.155029296875,46.21371078491211,"[16, 24)","[-inf, 31)","[45, 59)",True
f1opt,0.002893827855587,1530.png,8,Cargo Truck,0.071308821439743,bkg,-1,13.751522964020344,14,2245.551929473877,1887.3521118164065,2255.28609085083,1906.7789916992188,27.836362838745117,"[8, 16)","[-inf, 31)","[-inf, 45)",True
f1opt,0.002893827855587,1530.png,9,Cargo Truck,0.0572609677910804,bkg,-1,15.811722197269109,14,603.5806884765625,1348.5054931640625,627.3934326171875,1359.0045166015625,38.95333480834961,"[8, 16)","[-inf, 31)","[-inf, 45)",True
f1opt,0.002893827855587,1530.png,10,Cargo Truck,0.0479646734893322,bkg,-1,16.93682093046426,14,1928.5706787109373,1391.9049682617188,1942.0099487304688,1413.2495727539062,69.77391052246094,"[16, 24)","[-inf, 31)","[59, 82)",True
f1opt,0.002893827855587,1530.png,11,Cargo Truck,0.046759758144617,bkg,-1,16.602819295546226,14,1672.7687377929688,1014.8729248046876,1703.0486450195312,1023.9764404296876,49.953125,"[16, 24)","[-inf, 31)","[45, 59)",True
f1opt,0.002893827855587,1530.png,12,Cargo Truck,0.0440953262150287,bkg,-1,16.200183126688714,14,2213.232672691345,3104.4197387695312,2224.266921043396,3128.204406738281,53.8033332824707,"[16, 24)","[-inf, 31)","[45, 59)",True
f1opt,0.002893827855587,1530.png,13,Cargo Truck,0.0435415804386138,bkg,-1,10.698766610381979,14,2475.481750488281,2226.8311767578125,2485.0756225585938,2238.762084960937,56.44755172729492,"[8, 16)","[-inf, 31)","[45, 59)",True
f1opt,0.0064783310517668,1530.png,14,Truck w/Flatbed,0.0434771068394184,both,9,21.657588714552187,14,1680.7506408691406,1082.6365356445312,1710.691436767578,1098.302490234375,45.30929946899414,"[16, 24)","[-inf, 31)","[-inf, 45)",True
f1opt,0.002893827855587,1530.png,15,Cargo Truck,0.0371662266552448,bkg,-1,16.125435461496366,14,1702.9555053710938,1112.6602783203125,1725.3262329101562,1124.283935546875,56.1762809753418,"[16, 24)","[-inf, 31)","[45, 59)",True
f1opt,0.0122697269544005,1530.png,16,Truck w/Box,0.036147154867649,cls,9,21.41643822388258,14,1677.6535949707031,1073.6242980957031,1708.1334533691406,1088.672393798828,39.642578125,"[16, 24)","[-inf, 31)","[-inf, 45)",True
f1opt,0.002893827855587,1530.png,17,Cargo Truck,0.0350576676428318,bkg,-1,10.71048209624015,14,20.882251739501957,1536.0064849853516,42.88674545288086,1541.2197122573853,81.85507202148438,"[8, 16)","[-inf, 31)","[82, inf)",True
f1opt,0.002893827855587,1530.png,18,Cargo Truck,0.0346572026610374,bkg,-1,18.468344408403933,14,232.72080993652344,70.633056640625,245.5193023681641,97.28305053710938,41.03061294555664,"[16, 24)","[-inf, 31)","[-inf, 45)",True
f1opt,0.0122697269544005,1530.png,19,Truck w/Box,0.0330125279724597,both,8,22.532988193707336,14,1082.2586059570312,1593.0457382202148,1111.4563598632812,1610.4352798461914,39.568519592285156,"[16, 24)","[-inf, 31)","[-inf, 45)",True
f1opt,0.002893827855587,1530.png,20,Cargo Truck,0.0325360856950283,bkg,-1,24.420053547755575,14,1213.4361267089844,2827.760131835937,1234.6774597167969,2855.8345947265625,43.877742767333984,"[24, 32)","[-inf, 31)","[-inf, 45)",True
f1opt,0.002893827855587,1530.png,21,Cargo Truck,0.0289758797734975,bkg,-1,17.791853470295386,14,959.8568725585938,1081.271514892578,972.0029907226562,1107.3333435058594,58.399471282958984,"[16, 24)","[-inf, 31)","[45, 59)",True
f1opt,0.002893827855587,1530.png,22,Cargo Truck,0.0178493000566959,bkg,-1,9.828585538095831,14,2555.3658447265625,2244.4376220703125,2560.0,2265.2830810546875,36.29999923706055,"[8, 16)","[-inf, 31)","[-inf, 45)",True
f1opt,0.0122697269544005,1530.png,23,Truck w/Box,0.0145169915631413,cls,12,17.942976692464697,14,1112.404296875,487.797607421875,1124.9051513671875,513.5518798828125,81.76068115234375,"[16, 24)","[-inf, 31)","[59, 82)",True
f1opt,0.0014587263576686,1530.png,24,Truck Tractor,0.0141568984836339,bkg,-1,17.917300871133346,14,959.6914520263672,1081.749267578125,972.0691986083984,1107.685302734375,58.399471282958984,"[16, 24)","[-inf, 31)","[45, 59)",True
f1opt,0.0122697269544005,1530.png,25,Truck w/Box,0.013548593968153,bkg,-1,17.495876779124284,14,959.8231811523438,1081.685791015625,971.7760009765624,1107.2952880859375,57.85470199584961,"[16, 24)","[-inf, 31)","[45, 59)",True
f1opt,0.002893827855587,1530.png,26,Cargo Truck,0.0123121691867709,bkg,-1,12.529993009666159,14,3062.3082885742188,2681.007080078125,3079.3501586914062,2690.2197265625,43.5,"[8, 16)","[-inf, 31)","[-inf, 45)",True
f1opt,0.0064783310517668,1530.png,27,Truck w/Flatbed,0.0113981561735272,bkg,-1,12.762980143851443,14,707.2361450195312,2195.0590438842773,728.6790161132812,2202.6556787490845,49.26704406738281,"[8, 16)","[-inf, 31)","[45, 59)",True
f1opt,0.0014587263576686,1530.png,28,Truck Tractor,0.0113331750035285,bkg,-1,16.243966573516694,14,1929.1117553710935,1392.2798461914062,1941.5540161132808,1413.4871215820312,76.58391571044922,"[16, 24)","[-inf, 31)","[59, 82)",True
f1opt,0.002893827855587,1530.png,29,Cargo Truck,0.011068788357079,TP,5,18.27841890046277,14,2826.493896484375,3189.2955322265625,2840.466064453125,3213.207397460937,80.59733581542969,"[16, 24)","[-inf, 31)","[59, 82)",False
f1opt,0.002893827855587,1530.png,30,Cargo Truck,0.0108651462942361,bkg,-1,15.67617068887039,14,2892.433349609375,2374.633728027344,2909.9462890625,2388.665771484375,66.62592315673828,"[8, 16)","[-inf, 31)","[59, 82)",True
f1opt,0.002893827855587,1530.png,31,Cargo Truck,0.0093441987410187,bkg,-1,14.55696436446381,14,1013.3037109375,1914.032958984375,1024.0,1933.8440551757808,37.88181686401367,"[8, 16)","[-inf, 31)","[-inf, 45)",True
f1opt,0.002893827855587,1530.png,32,Cargo Truck,0.0085298446938395,bkg,-1,11.328543008132176,14,2.124635696411133,1536.053960800171,26.347923278808597,1541.3519983291626,67.00666809082031,"[8, 16)","[-inf, 31)","[59, 82)",True
f1opt,0.002893827855587,1530.png,33,Cargo Truck,0.007017986383289,bkg,-1,14.630801534091999,14,2530.384765625,2195.229557991028,2557.8648681640625,2203.0192070007324,38.82539749145508,"[8, 16)","[-inf, 31)","[-inf, 45)",True
f1opt,0.002893827855587,1530.png,34,Cargo Truck,0.0066606886684894,loc,8,23.506603196312938,14,1081.9087829589844,1592.0764389038086,1111.098602294922,1611.0063400268557,39.283870697021484,"[16, 24)","[-inf, 31)","[-inf, 45)",True
f1opt,0.002893827855587,1530.png,35,Cargo Truck,0.0066373203881084,bkg,-1,15.503196758222474,14,1921.801025390625,1390.0079345703125,1934.857482910156,1408.4163818359375,51.65037536621094,"[8, 16)","[-inf, 31)","[45, 59)",True
f1opt,0.002893827855587,1530.png,36,Cargo Truck,0.0062144682742655,bkg,-1,9.876213756645043,14,3232.13818359375,2061.104797363281,3237.0,2081.1671752929688,27.53333282470703,"[8, 16)","[-inf, 31)","[-inf, 45)",True
f1opt,0.002893827855587,1530.png,37,Cargo Truck,0.0057454938068985,bkg,-1,12.987456952891247,14,1536.0,2000.4867553710935,1543.951807975769,2021.6987915039065,70.46591186523438,"[8, 16)","[-inf, 31)","[59, 82)",True
f1opt,0.002893827855587,1530.png,38,Cargo Truck,0.0045159729197621,bkg,-1,8.816432488047068,14,1008.91748046875,1786.60400390625,1023.322509765625,1792.0,54.16666793823242,"[8, 16)","[-inf, 31)","[45, 59)",True
f1opt,0.002893827855587,1530.png,39,Cargo Truck,0.0041637504473328,TP,13,21.160823659739297,14,1727.36865234375,1052.136260986328,1742.418212890625,1081.8899841308594,46.18541717529297,"[16, 24)","[-inf, 31)","[45, 59)",False
f1opt,0.002893827855587,1530.png,40,Cargo Truck,0.0038675186224281,TP,11,33.292190567503795,14,1890.304626464844,1368.1317138671875,1911.6646118164065,1420.021728515625,45.75042724609375,"[32, 48)","[-inf, 31)","[45, 59)",False
f1opt,0.002893827855587,1530.png,41,Cargo Truck,0.0032663252204656,bkg,-1,27.162020832295163,14,3042.116943359375,984.3516693115234,3064.728759765625,1016.9795379638672,61.770751953125,"[24, 32)","[-inf, 31)","[59, 82)",True
f1opt,0.002893827855587,1530.png,42,Cargo Truck,0.002899897750467,bkg,-1,13.844734770406532,14,2547.353515625,797.8843383789062,2559.801513671875,813.2825317382812,74.46154022216797,"[8, 16)","[-inf, 31)","[59, 82)",True
f1opt,0.0014587263576686,1530.png,43,Truck Tractor,0.0025703643914312,bkg,-1,17.969022482589114,14,1919.2884521484373,1392.2823486328125,1933.359375,1415.2293701171875,53.224998474121094,"[16, 24)","[-inf, 31)","[45, 59)",True
f1opt,0.0014587263576686,1530.png,44,Truck Tractor,0.0023984643630683,bkg,-1,10.229294278727002,14,1947.171813964844,1406.1051025390625,1957.454162597656,1416.2816162109375,51.9421501159668,"[8, 16)","[-inf, 31)","[45, 59)",True
f1opt,0.0014587263576686,1530.png,45,Truck Tractor,0.0020654827821999,both,11,25.404923612028732,14,1906.991149902344,1371.1785888671875,1922.2584838867188,1413.4525146484375,48.70724868774414,"[24, 32)","[-inf, 31)","[45, 59)",True
f1opt,0.0014587263576686,1530.png,46,Truck Tractor,0.0016669553006067,bkg,-1,10.959157440922331,14,1536.7417221069336,768.135468006134,1553.266872406006,775.4033675193787,45.03472137451172,"[8, 16)","[-inf, 31)","[-inf, 45)",True
f1opt,0.0122697269544005,1929.png,0,Truck w/Box,0.7498900890350342,bkg,-1,29.377581489426987,77,1536.0,3134.836303710937,1557.1756534576416,3175.5926513671875,47.21320343017578,"[24, 32)","[76, 97)","[45, 59)",True
f1opt,0.0122697269544005,1929.png,1,Truck w/Box,0.6139612793922424,cls,3,39.06638903598864,77,4359.613159179688,1763.4181518554688,4443.923095703125,1781.5202026367188,57.43467330932617,"[32, 48)","[76, 97)","[45, 59)",True
f1opt,0.0122697269544005,1929.png,2,Truck w/Box,0.4611535370349884,bkg,-1,56.860386126365825,77,1913.1471557617188,937.595458984375,1950.565368652344,1024.0,135.774658203125,"[48, 96)","[76, 97)","[82, inf)",True
f1opt,0.0122697269544005,1929.png,3,Truck w/Box,0.3866432011127472,cls,4,36.137679697442366,77,4262.161560058594,1767.3477783203125,4348.607421875,1782.4547119140625,62.05244064331055,"[32, 48)","[76, 97)","[59, 82)",True
f1opt,0.002893827855587,1929.png,4,Cargo Truck,0.3677963614463806,bkg,-1,16.559182990106123,77,349.09393310546875,3125.287414550781,371.45318603515625,3137.551086425781,56.107025146484375,"[16, 24)","[76, 97)","[45, 59)",True
f1opt,0.0122697269544005,1929.png,5,Truck w/Box,0.3190513551235199,bkg,-1,22.83409885282846,77,4038.735748291016,2550.3758544921875,4093.126129150391,2559.9620361328125,19.496429443359375,"[16, 24)","[76, 97)","[-inf, 45)",True
f1opt,0.0122697269544005,1929.png,6,Truck w/Box,0.2117408812046051,bkg,-1,39.30127949877995,77,3454.8914794921875,1189.0420837402344,3490.6187744140625,1232.274871826172,52.308353424072266,"[32, 48)","[76, 97)","[45, 59)",True
f1opt,0.002893827855587,1929.png,7,Cargo Truck,0.0680476129055023,bkg,-1,16.80385438564426,77,4182.965576171875,587.6205444335938,4211.722412109375,597.4397583007812,72.89393615722656,"[16, 24)","[76, 97)","[59, 82)",True
f1opt,0.0122697269544005,1929.png,8,Truck w/Box,0.0451342687010765,bkg,-1,49.8696509841515,77,3072.520530700684,2619.797241210937,3142.676719665528,2655.246459960937,76.77540588378906,"[48, 96)","[76, 97)","[59, 82)",True
f1opt,0.0122697269544005,1929.png,9,Truck w/Box,0.0432363152503967,bkg,-1,19.07832324997405,77,4251.786376953125,1781.9151611328125,4287.87841796875,1792.0,56.739559173583984,"[16, 24)","[76, 97)","[45, 59)",True
f1opt,0.002893827855587,1929.png,10,Cargo Truck,0.0293922219425439,TP,42,28.36991733374139,77,4321.890197753906,1683.53466796875,4337.360534667969,1735.5601806640625,103.40510559082031,"[24, 32)","[76, 97)","[82, inf)",False
f1opt,0.002893827855587,1929.png,11,Cargo Truck,0.0213447604328393,bkg,-1,15.93114846112266,77,2601.04736328125,3027.6822509765625,2627.9117431640625,3037.1297607421875,39.85185241699219,"[8, 16)","[76, 97)","[-inf, 45)",True
f1opt,0.002893827855587,1929.png,12,Cargo Truck,0.0172732826322317,bkg,-1,27.702183047582395,77,4242.963134765625,1686.5908203125,4257.633117675781,1738.9024658203125,48.97052001953125,"[24, 32)","[76, 97)","[45, 59)",True
f1opt,0.002893827855587,1929.png,13,Cargo Truck,0.0172454677522182,bkg,-1,29.784573745785345,77,3649.6761474609375,663.63671875,3678.6949462890634,694.207275390625,71.9937515258789,"[24, 32)","[76, 97)","[59, 82)",True
f1opt,0.002893827855587,1929.png,14,Cargo Truck,0.0159532371908426,bkg,-1,13.561594379228785,77,768.2100067138672,2499.402709960937,778.350040435791,2517.540405273437,37.196170806884766,"[8, 16)","[76, 97)","[-inf, 45)",True
f1opt,0.002893827855587,1929.png,15,Cargo Truck,0.0149329090490937,TP,41,26.914706840886453,77,4306.012451171875,1683.325439453125,4319.569213867188,1736.7601318359375,75.5079345703125,"[24, 32)","[76, 97)","[59, 82)",False
f1opt,0.0122697269544005,1929.png,16,Truck w/Box,0.0130352536216378,bkg,-1,36.405232971591715,77,864.5148620605469,3108.8892822265625,953.1964111328124,3123.834228515625,58.5625,"[32, 48)","[76, 97)","[45, 59)",True
f1opt,0.002893827855587,1929.png,17,Cargo Truck,0.0092196259647607,TP,40,29.899153441426364,77,4224.561340332031,1686.982421875,4241.714050292969,1739.10009765625,76.043212890625,"[24, 32)","[76, 97)","[59, 82)",False
f1opt,0.002893827855587,1929.png,18,Cargo Truck,0.0090952171012759,bkg,-1,16.619612330347103,77,4250.355712890625,1783.277099609375,4282.020812988281,1792.0,60.838382720947266,"[16, 24)","[76, 97)","[59, 82)",True
f1opt,0.002893827855587,1929.png,19,Cargo Truck,0.0084253856912255,bkg,-1,26.306520098388095,77,1524.3304443359375,2263.9151153564453,1557.3673095703125,2284.8624114990234,75.15908813476562,"[24, 32)","[76, 97)","[59, 82)",True
f1opt,0.002893827855587,1929.png,20,Cargo Truck,0.005635192617774,bkg,-1,21.750797374951162,77,2084.130615234375,2798.3795166015625,2100.814697265625,2826.735717773437,38.67545700073242,"[16, 24)","[76, 97)","[-inf, 45)",True
f1opt,0.002893827855587,1929.png,21,Cargo Truck,0.0054576569236814,TP,55,21.756035078445187,77,4739.696838378906,1429.832275390625,4778.988708496094,1441.878662109375,72.54422760009766,"[16, 24)","[76, 97)","[59, 82)",False
f1opt,0.002893827855587,1929.png,22,Cargo Truck,0.0051061464473605,bkg,-1,12.600248695477935,77,1012.135986328125,800.2976913452148,1024.0,813.6798629760742,42.0,"[8, 16)","[76, 97)","[-inf, 45)",True
f1opt,0.002893827855587,1929.png,23,Cargo Truck,0.0044322456233203,TP,1,34.791169471766764,77,4679.7484130859375,1826.7043151855469,4701.9935302734375,1881.1174011230469,108.8796615600586,"[32, 48)","[76, 97)","[82, inf)",False
f1opt,0.0014587263576686,1929.png,24,Truck Tractor,0.0042723803780972,cls,3,36.61788783940924,77,4360.720397949219,1764.062255859375,4439.880432128906,1781.0009765625,60.44305419921875,"[32, 48)","[76, 97)","[59, 82)",True
f1opt,0.002893827855587,1929.png,25,Cargo Truck,0.0041586738079786,loc,6,14.059585127730292,77,4295.259582519531,1785.0650634765625,4323.763366699219,1792.0,59.66502380371094,"[8, 16)","[76, 97)","[59, 82)",True
f1opt,0.002893827855587,1929.png,26,Cargo Truck,0.0038591080810874,bkg,-1,16.493122882630395,77,2152.415283203125,1536.0,2194.80078125,1542.4178342819214,79.86711120605469,"[16, 24)","[76, 97)","[59, 82)",True
f1opt,0.0014587263576686,1929.png,27,Truck Tractor,0.0038042231462895,cls,4,40.71817376548052,77,4261.6458740234375,1763.95361328125,4347.29296875,1783.311767578125,52.55008316040039,"[32, 48)","[76, 97)","[45, 59)",True
f1opt,0.002893827855587,1929.png,28,Cargo Truck,0.0035220407880842,bkg,-1,22.28948332144949,77,4956.618408203125,1001.3616943359376,4979.0,1023.5594482421876,44.17202377319336,"[16, 24)","[76, 97)","[-inf, 45)",True
f1opt,0.002893827855587,1929.png,29,Cargo Truck,0.0034550628624856,TP,2,35.100865910518905,77,4696.6368408203125,1830.0899658203125,4720.8936767578125,1880.8826904296875,117.58039093017578,"[32, 48)","[76, 97)","[82, inf)",False
f1opt,0.002893827855587,1929.png,30,Cargo Truck,0.0031930143013596,bkg,-1,33.375881894403165,77,1048.8154296875,809.3547286987305,1122.1392822265625,824.5469131469727,61.9908332824707,"[32, 48)","[76, 97)","[59, 82)",True
f1opt,0.002893827855587,1929.png,31,Cargo Truck,0.003143239300698,bkg,-1,24.837086360062138,77,1769.311767578125,2254.0099029541016,1791.5311279296875,2281.7731170654297,144.55279541015625,"[24, 32)","[76, 97)","[82, inf)",True
f1opt,0.0122697269544005,20.png,0,Truck w/Box,0.7498958706855774,TP,1,33.35371535391576,43,768.7642707824707,624.456787109375,822.2156715393066,645.26953125,62.95041275024414,"[32, 48)","[31, 76)","[59, 82)",False
f1opt,0.0122697269544005,20.png,1,Truck w/Box,0.5679606795310974,bkg,-1,27.714039901248448,43,771.7086181640625,606.8218994140625,828.3250732421875,620.3880615234375,88.8264389038086,"[24, 32)","[31, 76)","[82, inf)",True
f1opt,0.0122697269544005,20.png,2,Truck w/Box,0.4648213684558868,TP,0,27.014643100001894,43,776.2666206359863,593.8165893554688,831.1444664001465,607.1150512695312,95.615478515625,"[24, 32)","[31, 76)","[82, inf)",False
f1opt,0.0122697269544005,20.png,3,Truck w/Box,0.3470978140830993,loc,5,33.82386525173476,43,768.0,646.430419921875,799.0401916503906,683.28759765625,80.55756378173828,"[32, 48)","[31, 76)","[59, 82)",True
f1opt,0.0122697269544005,20.png,4,Truck w/Box,0.2984364330768585,TP,8,38.343050425901126,43,543.6607666015625,321.70294189453125,571.4661865234375,374.5771484375,140.5121307373047,"[32, 48)","[31, 76)","[82, inf)",False
f1opt,0.002893827855587,20.png,5,Cargo Truck,0.090688444674015,bkg,-1,23.41555866537238,43,978.44677734375,1861.520904541016,1006.443115234375,1881.1051940917969,75.3563232421875,"[16, 24)","[31, 76)","[59, 82)",True
f1opt,0.0122697269544005,20.png,6,Truck w/Box,0.0526314303278923,bkg,-1,29.05209502111316,43,2836.014709472656,2904.4322509765625,2867.8406372070312,2930.9522705078125,106.81944274902344,"[24, 32)","[31, 76)","[82, inf)",True
f1opt,0.002893827855587,20.png,7,Cargo Truck,0.0385845303535461,bkg,-1,23.393527314801684,43,776.8389549255371,565.2037353515625,803.9762191772461,585.3699951171875,70.56292724609375,"[16, 24)","[31, 76)","[59, 82)",True
f1opt,0.0014587263576686,20.png,8,Truck Tractor,0.0331260152161121,bkg,-1,9.466052766339942,43,1643.5506591796875,1907.6732931137085,1655.68798828125,1915.0559844970703,136.98291015625,"[8, 16)","[31, 76)","[82, inf)",True
f1opt,0.002893827855587,20.png,9,Cargo Truck,0.0318754203617572,bkg,-1,21.459164463230607,43,995.9573364257812,1868.6705627441409,1022.4378051757812,1886.060577392578,93.21804809570312,"[16, 24)","[31, 76)","[82, inf)",True
f1opt,0.002893827855587,20.png,10,Cargo Truck,0.028168411925435,bkg,-1,19.256344949775528,43,1329.9334716796875,1907.7728881835935,1343.793701171875,1934.5261840820312,108.47380828857422,"[16, 24)","[31, 76)","[82, inf)",True
f1opt,0.0122697269544005,20.png,11,Truck w/Box,0.0213055089116096,bkg,-1,18.67512531640641,43,1296.7113037109375,1908.4320678710935,1311.201416015625,1932.500915527344,104.4175033569336,"[16, 24)","[31, 76)","[82, inf)",True
f1opt,0.0122697269544005,20.png,12,Truck w/Box,0.0200417786836624,bkg,-1,17.79552824897326,43,884.1511611938477,1411.747314453125,916.4605407714844,1421.548828125,58.931129455566406,"[16, 24)","[31, 76)","[45, 59)",True
f1opt,0.0014587263576686,20.png,13,Truck Tractor,0.0170979499816894,bkg,-1,12.880542745496319,43,1646.9842529296875,1915.7823085784912,1663.070068359375,1926.096263885498,125.74073791503906,"[8, 16)","[31, 76)","[82, inf)",True
f1opt,0.0064783310517668,20.png,14,Truck w/Flatbed,0.0155826965346932,cls,14,31.660685444573897,43,755.968017578125,1213.9519653320312,778.4453125,1258.5480346679688,152.57608032226562,"[24, 32)","[31, 76)","[82, inf)",True
f1opt,0.002893827855587,20.png,15,Cargo Truck,0.0151505954563617,bkg,-1,9.903027740551515,43,2069.31188249588,1611.0203399658203,2074.6667923927307,1629.3343658447266,125.84210205078125,"[8, 16)","[31, 76)","[82, inf)",True
f1opt,0.0064783310517668,20.png,16,Truck w/Flatbed,0.0126688024029135,bkg,-1,29.076740269586697,43,768.0620613098145,1355.81787109375,793.2981071472168,1389.31982421875,64.73846435546875,"[24, 32)","[31, 76)","[59, 82)",True
f1opt,0.002893827855587,20.png,17,Cargo Truck,0.0121302902698516,bkg,-1,14.794754928372436,43,1536.1267127990725,1655.96923828125,1548.169535636902,1674.144775390625,109.22307586669922,"[8, 16)","[31, 76)","[82, inf)",True
f1opt,0.002893827855587,20.png,18,Cargo Truck,0.0112134087830781,bkg,-1,15.08774035431415,43,2408.4435424804688,2865.3570556640625,2419.3338012695312,2886.260131835937,113.34091186523438,"[8, 16)","[31, 76)","[82, inf)",True
f1opt,0.0014587263576686,20.png,19,Truck Tractor,0.0095610246062278,bkg,-1,12.708962492611143,43,1768.7576293945312,2107.193328857422,1787.044403076172,2116.0258178710938,164.89500427246094,"[8, 16)","[31, 76)","[82, inf)",True
f1opt,0.0014587263576686,20.png,20,Truck Tractor,0.007612220942974,bkg,-1,7.98383982288728,43,1242.82177734375,0.1690597534179687,1255.1919555664062,5.321911811828613,100.11904907226562,"[0, 8)","[31, 76)","[82, inf)",True
f1opt,0.002893827855587,20.png,21,Cargo Truck,0.0070382026024162,both,11,20.12880221117701,43,781.8734426498413,1006.8280639648438,799.9250106811523,1029.2731323242188,128.5614013671875,"[16, 24)","[31, 76)","[82, inf)",True
f1opt,0.002893827855587,20.png,22,Cargo Truck,0.0052956468425691,bkg,-1,14.665504842924847,43,1308.5410766601562,1909.3236083984373,1319.4779663085938,1928.9888916015625,86.38749694824219,"[8, 16)","[31, 76)","[82, inf)",True
f1opt,0.002893827855587,20.png,23,Cargo Truck,0.0049198297783732,bkg,-1,14.94142091289125,43,1722.6045532226562,2355.2787475585938,1733.6920776367188,2375.4136352539062,103.6547622680664,"[8, 16)","[31, 76)","[82, inf)",True
f1opt,0.002893827855587,20.png,24,Cargo Truck,0.0044723479077219,bkg,-1,11.389492585215589,43,1777.8079223632812,1577.5360221862793,1791.5443725585938,1586.979549407959,65.40666961669922,"[8, 16)","[31, 76)","[59, 82)",True
f1opt,0.002893827855587,20.png,25,Cargo Truck,0.0039908490143716,bkg,-1,8.216536212882504,43,1018.61181640625,1897.946319580078,1024.0,1910.4758605957031,121.83333587646484,"[8, 16)","[31, 76)","[82, inf)",True
f1opt,0.002893827855587,20.png,26,Cargo Truck,0.0032844671513885,bkg,-1,14.118117604492907,43,1772.37255859375,1565.552490234375,1791.465576171875,1575.9919738769531,67.80908966064453,"[8, 16)","[31, 76)","[59, 82)",True
f1opt,0.002893827855587,20.png,27,Cargo Truck,0.0032574883662164,bkg,-1,12.796921097232248,43,2058.2115478515625,1916.9103565216064,2073.1668701171875,1927.8603839874268,103.65625,"[8, 16)","[31, 76)","[82, inf)",True
f1opt,0.002893827855587,20.png,28,Cargo Truck,0.0031541248317807,bkg,-1,10.714700225935177,43,1536.0,1809.672607421875,1541.655225276947,1829.9732666015625,173.26983642578125,"[8, 16)","[31, 76)","[82, inf)",True
f1opt,0.002893827855587,20.png,29,Cargo Truck,0.0029929641168564,bkg,-1,17.267116509825815,43,1297.905029296875,1909.8777770996091,1311.092041015625,1932.4873962402344,105.06666564941406,"[16, 24)","[31, 76)","[82, inf)",True
f1opt,0.002893827855587,20.png,30,Cargo Truck,0.0029423537198454,bkg,-1,10.32240797971442,43,1717.814453125,1579.4647216796875,1731.8408203125,1587.061279296875,80.26667022705078,"[8, 16)","[31, 76)","[59, 82)",True
f1opt,0.0122697269544005,2139.png,0,Truck w/Box,0.8020039796829224,loc,67,33.85738353391489,92,1982.3209533691409,1381.0087890625,2006.8997497558596,1427.6474609375,60.95489501953125,"[32, 48)","[76, 97)","[59, 82)",True
f1opt,0.002893827855587,2139.png,1,Cargo Truck,0.7967224717140198,bkg,-1,15.751443285888746,92,2188.0773315429688,2526.8995361328125,2200.2494506835938,2547.2828369140625,103.16084289550781,"[8, 16)","[76, 97)","[82, inf)",True
f1opt,0.0122697269544005,2139.png,2,Truck w/Box,0.6466018557548523,TP,53,24.10968636801819,92,1523.35009765625,1540.8519287109375,1539.877197265625,1576.0230712890625,110.76470947265625,"[24, 32)","[76, 97)","[82, inf)",False
f1opt,0.002893827855587,2139.png,3,Cargo Truck,0.5511891841888428,TP,9,16.270514867204117,92,1688.0484008789062,1877.450439453125,1700.0576782226562,1899.494201660156,100.17391204833984,"[16, 24)","[76, 97)","[82, inf)",False
f1opt,0.002893827855587,2139.png,4,Cargo Truck,0.522372305393219,bkg,-1,29.246077100245394,92,1963.4047241210935,1439.271484375,2006.737365722656,1459.01025390625,111.88311767578125,"[24, 32)","[76, 97)","[82, inf)",True
f1opt,0.002893827855587,2139.png,5,Cargo Truck,0.5060986876487732,TP,41,19.977861575105305,92,1579.5155296325684,1592.0622100830078,1593.9086952209473,1619.7916870117188,93.47142791748047,"[16, 24)","[76, 97)","[82, inf)",False
f1opt,0.0122697269544005,2139.png,6,Truck w/Box,0.4407992959022522,cls,22,24.759146300837287,92,2378.60888671875,1496.6771240234375,2397.6240234375,1528.9154052734375,83.65757751464844,"[24, 32)","[76, 97)","[82, inf)",True
f1opt,0.002893827855587,2139.png,7,Cargo Truck,0.4093595743179321,TP,14,20.628114353068256,92,1589.1635971069336,1589.0494194030762,1604.0867233276367,1617.563491821289,93.35991668701172,"[16, 24)","[76, 97)","[82, inf)",False
f1opt,0.002893827855587,2139.png,8,Cargo Truck,0.3973559141159057,cls,17,24.852922846516105,92,1544.6527347564695,1538.4209098815918,1560.6767597198486,1576.9672660827637,94.51131439208984,"[24, 32)","[76, 97)","[82, inf)",True
f1opt,0.002893827855587,2139.png,9,Cargo Truck,0.3582315742969513,loc,40,25.097391164619133,92,1524.117431640625,1539.2550315856934,1541.094970703125,1576.3557586669922,108.81871032714844,"[24, 32)","[76, 97)","[82, inf)",True
f1opt,0.0122697269544005,2139.png,10,Truck w/Box,0.3323064744472503,loc,5,24.321200066928057,92,1646.52490234375,1532.7943115234375,1662.5498046875,1569.7069091796875,90.5526351928711,"[24, 32)","[76, 97)","[82, inf)",True
f1opt,0.0122697269544005,2139.png,11,Truck w/Box,0.3314996361732483,TP,17,23.053266083951538,92,1546.3682861328125,1538.0103759765625,1560.5550537109375,1575.4715576171875,91.30000305175781,"[16, 24)","[76, 97)","[82, inf)",False
f1opt,0.002893827855587,2139.png,12,Cargo Truck,0.2896530032157898,bkg,-1,22.058030698361193,92,2279.5936279296875,2511.3523559570312,2295.6412353515625,2541.671936035156,132.71536254882812,"[16, 24)","[76, 97)","[82, inf)",True
f1opt,0.002893827855587,2139.png,13,Cargo Truck,0.236792042851448,TP,40,20.95236313550906,92,1536.174599647522,1536.8751945495603,1549.0808153152466,1570.8899307250977,84.71428680419922,"[16, 24)","[76, 97)","[82, inf)",False
f1opt,0.0122697269544005,2139.png,14,Truck w/Box,0.2330290079116821,TP,85,27.183192796541533,92,2518.405212402344,1873.3323364257808,2537.4125366210938,1912.2081909179688,65.83625030517578,"[24, 32)","[76, 97)","[59, 82)",False
f1opt,0.002893827855587,2139.png,15,Cargo Truck,0.2104062587022781,bkg,-1,15.42508319456592,92,1926.5008544921875,1574.0384979248047,1948.1675415039065,1585.02001953125,69.34420013427734,"[8, 16)","[76, 97)","[59, 82)",True
f1opt,0.002893827855587,2139.png,16,Cargo Truck,0.2000285387039184,TP,23,19.430796270452998,92,1570.3500137329102,1595.4609107971191,1584.2979049682615,1622.5299377441406,90.13571166992188,"[16, 24)","[76, 97)","[82, inf)",False
f1opt,0.002893827855587,2139.png,17,Cargo Truck,0.1847123503684997,bkg,-1,13.924112882898186,92,2198.8590087890625,2550.176025390625,2219.7430419921875,2559.459716796875,51.55908966064453,"[8, 16)","[76, 97)","[45, 59)",True
f1opt,0.0122697269544005,2139.png,18,Truck w/Box,0.1740740239620208,TP,89,22.107220109655316,92,1603.979507446289,1530.3648071289062,1617.4393463134766,1566.6749877929688,129.0576629638672,"[16, 24)","[76, 97)","[82, inf)",False
f1opt,0.0122697269544005,2139.png,19,Truck w/Box,0.1702389568090438,both,60,21.4815114939359,92,1551.1207885742188,1668.536392211914,1566.5974731445312,1698.352554321289,100.93548583984375,"[16, 24)","[76, 97)","[82, inf)",True
f1opt,0.0122697269544005,2139.png,20,Truck w/Box,0.1691713184118271,bkg,-1,22.394549904613594,92,2290.667755126953,2504.332763671875,2306.2589416503906,2536.499389648437,115.78074645996094,"[16, 24)","[76, 97)","[82, inf)",True
f1opt,0.0122697269544005,2139.png,21,Truck w/Box,0.1649669557809829,cls,21,24.453211236990427,92,1861.7237548828125,1360.18603515625,1880.1614990234373,1392.6173095703125,124.56211853027344,"[24, 32)","[76, 97)","[82, inf)",True
f1opt,0.0122697269544005,2139.png,22,Truck w/Box,0.1610610038042068,TP,5,21.813858460997857,92,1637.1362762451172,1529.7881469726562,1650.2101440429688,1566.1847534179688,133.89849853515625,"[16, 24)","[76, 97)","[82, inf)",False
f1opt,0.0122697269544005,2139.png,23,Truck w/Box,0.1387864500284195,bkg,-1,23.57995329404934,92,2548.6611328125,2920.28271484375,2560.0,2969.31884765625,198.92832946777344,"[16, 24)","[76, 97)","[82, inf)",True
f1opt,0.002893827855587,2139.png,24,Cargo Truck,0.1387604624032974,cls,5,21.414332681889544,92,1636.8001327514648,1536.0199737548828,1651.8320083618164,1566.5267219543457,138.51210021972656,"[16, 24)","[76, 97)","[82, inf)",True
f1opt,0.002893827855587,2139.png,25,Cargo Truck,0.1366961002349853,bkg,-1,11.739584537202536,92,1985.0588989257808,843.3333740234375,1994.0051879882808,858.7384033203125,123.9312515258789,"[8, 16)","[76, 97)","[82, inf)",True
f1opt,0.002893827855587,2139.png,26,Cargo Truck,0.1305632889270782,bkg,-1,18.54877555785895,92,2302.96142578125,2547.7537841796875,2331.056396484375,2560.0,82.35897064208984,"[16, 24)","[76, 97)","[82, inf)",True
f1opt,0.0122697269544005,2139.png,27,Truck w/Box,0.1200850680470466,TP,83,22.558784506515583,92,1626.2470703125,1529.893310546875,1640.66015625,1565.201416015625,91.61080932617188,"[16, 24)","[76, 97)","[82, inf)",False
f1opt,0.0122697269544005,2139.png,28,Truck w/Box,0.0956616550683975,bkg,-1,35.77942443317669,92,1952.345184326172,1379.830810546875,1976.630279541016,1432.544921875,68.80148315429688,"[32, 48)","[76, 97)","[59, 82)",True
f1opt,0.002893827855587,2139.png,29,Cargo Truck,0.0921263471245765,bkg,-1,22.950092976902166,92,2650.338134765625,1784.3892364501953,2669.785400390625,1811.4730834960935,57.70000076293945,"[16, 24)","[76, 97)","[45, 59)",True
f1opt,0.002893827855587,2139.png,30,Cargo Truck,0.0820026099681854,bkg,-1,12.773087009672777,92,1961.1907958984373,803.1228637695312,1972.26806640625,817.8513793945312,128.44444274902344,"[8, 16)","[76, 97)","[82, inf)",True
f1opt,0.0122697269544005,2139.png,31,Truck w/Box,0.0744518488645553,loc,53,20.865529087652344,92,1535.876708984375,1537.2081298828125,1548.056396484375,1572.9537353515625,90.23213958740234,"[16, 24)","[76, 97)","[82, inf)",True
f1opt,0.002893827855587,2139.png,32,Cargo Truck,0.0742437541484832,bkg,-1,21.777424748082076,92,1550.343297958374,1668.3244323730469,1565.940061569214,1698.7317810058594,100.09072875976562,"[16, 24)","[76, 97)","[82, inf)",True
f1opt,0.002893827855587,2139.png,33,Cargo Truck,0.0702820047736167,bkg,-1,14.318341222524422,92,2117.2366676330566,2546.755859375,2132.716335296631,2560.0,107.08928680419922,"[8, 16)","[76, 97)","[82, inf)",True
f1opt,0.0122697269544005,2139.png,34,Truck w/Box,0.0553061701357364,cls,60,20.961444594099707,92,1562.6300048828125,1667.9132690429688,1576.6939697265625,1699.1549682617188,112.1434326171875,"[16, 24)","[76, 97)","[82, inf)",True
f1opt,0.002893827855587,2139.png,35,Cargo Truck,0.0543702319264411,cls,83,21.444103575159446,92,1626.7183837890625,1530.1361083984375,1640.153076171875,1564.3646240234375,92.72761535644531,"[16, 24)","[76, 97)","[82, inf)",True
f1opt,0.002893827855587,2139.png,36,Cargo Truck,0.0541524998843669,cls,85,27.45522702452062,92,2517.857360839844,1872.7684326171875,2538.022216796875,1910.1497802734373,63.64801788330078,"[24, 32)","[76, 97)","[59, 82)",True
f1opt,0.0064783310517668,2139.png,37,Truck w/Flatbed,0.0513056442141532,bkg,-1,16.825372224604212,92,2371.046142578125,1179.3933715820312,2393.0966796875,1192.2317504882812,85.6490707397461,"[16, 24)","[76, 97)","[82, inf)",True
f1opt,0.0122697269544005,2139.png,38,Truck w/Box,0.0506309159100055,bkg,-1,22.25620631807055,92,2529.8804931640625,1992.530261993408,2560.0,2008.9760398864744,89.70208740234375,"[16, 24)","[76, 97)","[82, inf)",True
f1opt,0.002893827855587,2139.png,39,Cargo Truck,0.050580196082592,TP,38,19.640797902260786,92,1555.7521514892578,1651.1194458007812,1571.1524353027344,1676.1683959960938,86.07013702392578,"[16, 24)","[76, 97)","[82, inf)",False
f1opt,0.002893827855587,2139.png,40,Cargo Truck,0.0485517457127571,bkg,-1,21.711169971540613,92,2272.554077148437,2511.213134765625,2288.144897460937,2541.447265625,121.66033935546875,"[16, 24)","[76, 97)","[82, inf)",True
f1opt,0.0122697269544005,2139.png,41,Truck w/Box,0.0422716476023197,bkg,-1,18.653935944671392,92,915.75537109375,1781.6185302734375,949.273681640625,1792.0,0.9246753454208374,"[16, 24)","[76, 97)","[-inf, 45)",True
f1opt,0.002893827855587,2139.png,42,Cargo Truck,0.0422139838337898,TP,19,17.902724224175905,92,1582.5011825561523,1670.0985107421875,1594.3397979736328,1697.1715698242188,104.51923370361328,"[16, 24)","[76, 97)","[82, inf)",False
f1opt,0.002893827855587,2139.png,43,Cargo Truck,0.0392533205449581,TP,60,20.912218922069943,92,1562.5847835540771,1668.297866821289,1576.795783996582,1699.071273803711,110.69999694824219,"[16, 24)","[76, 97)","[82, inf)",False
f1opt,0.0122697269544005,2139.png,44,Truck w/Box,0.0362255983054637,bkg,-1,20.12250763108503,92,2540.44482421875,2889.4951171875,2560.0,2910.201416015625,139.3431854248047,"[16, 24)","[76, 97)","[82, inf)",True
f1opt,0.002893827855587,2139.png,45,Cargo Truck,0.0332102552056312,bkg,-1,14.593348241167686,92,2193.961853027344,2545.7744140625,2215.707305908203,2555.5679931640625,55.88142395019531,"[8, 16)","[76, 97)","[45, 59)",True
f1opt,0.002893827855587,2139.png,46,Cargo Truck,0.0299190338701009,loc,14,24.21842178095419,92,1596.811408996582,1584.0219802856443,1614.3083572387695,1617.5439376831057,113.78792572021484,"[24, 32)","[76, 97)","[82, inf)",True
f1opt,0.002893827855587,2139.png,47,Cargo Truck,0.0284592676907777,bkg,-1,22.745249464258162,92,1558.2141494750977,1591.6339111328125,1573.7078399658203,1625.0246887207031,104.57857513427734,"[16, 24)","[76, 97)","[82, inf)",True
f1opt,0.0014587263576686,2139.png,48,Truck Tractor,0.0279275905340909,cls,17,24.29786610621104,92,1545.5574951171875,1536.7961769104004,1560.5555419921875,1576.1603889465332,89.46646118164062,"[24, 32)","[76, 97)","[82, inf)",True
f1opt,0.002893827855587,2139.png,49,Cargo Truck,0.0218775533139705,bkg,-1,12.65904092323417,92,2110.3325560092926,2535.2919921875,2117.91868019104,2556.416259765625,93.05681610107422,"[8, 16)","[76, 97)","[82, inf)",True
f1opt,0.002893827855587,2139.png,50,Cargo Truck,0.0182379968464374,TP,45,23.136338562669625,92,1999.7163696289065,839.43115234375,2017.986389160156,868.72998046875,47.45964813232422,"[16, 24)","[76, 97)","[45, 59)",False
f1opt,0.002893827855587,2139.png,51,Cargo Truck,0.017114033922553,both,1,19.135031920710976,92,2290.686279296875,2522.335876464844,2308.424072265625,2542.9782104492188,84.54386138916016,"[16, 24)","[76, 97)","[82, inf)",True
f1opt,0.0122697269544005,2139.png,52,Truck w/Box,0.0168132279068231,bkg,-1,24.52841470059833,92,2272.807601928711,2511.784912109375,2290.3936309814453,2545.996337890625,118.97593688964844,"[24, 32)","[76, 97)","[82, inf)",True
f1opt,0.002893827855587,2139.png,53,Cargo Truck,0.0164527893066406,bkg,-1,10.569647813918793,92,1975.4827880859373,829.240234375,1984.0531005859373,842.275634765625,132.2357177734375,"[8, 16)","[76, 97)","[82, inf)",True
f1opt,0.002893827855587,2139.png,54,Cargo Truck,0.0160621814429759,cls,89,20.85317075300638,92,1604.7453308105469,1536.35329246521,1618.9933166503906,1566.873727798462,141.2322540283203,"[16, 24)","[76, 97)","[82, inf)",True
f1opt,0.002893827855587,2139.png,55,Cargo Truck,0.0141320899128913,TP,33,13.698913607803487,92,1400.669921875,957.6778564453124,1410.057861328125,977.6673583984376,78.75757598876953,"[8, 16)","[76, 97)","[59, 82)",False
f1opt,0.002893827855587,2139.png,56,Cargo Truck,0.0137471156194806,bkg,-1,15.223726228616655,92,2183.5943603515625,2530.558349609375,2196.2109375,2548.927978515625,102.83082580566406,"[8, 16)","[76, 97)","[82, inf)",True
f1opt,0.0064783310517668,2139.png,57,Truck w/Flatbed,0.013367423787713,bkg,-1,10.387635359459653,92,1536.0,1763.7292938232422,1541.8917231559751,1782.0436248779297,114.09166717529297,"[8, 16)","[76, 97)","[82, inf)",True
f1opt,0.002893827855587,2139.png,58,Cargo Truck,0.0130022848024964,bkg,-1,20.113658958529456,92,2291.217163085937,2506.2149658203125,2306.1561279296875,2533.2957763671875,115.15401458740234,"[16, 24)","[76, 97)","[82, inf)",True
f1opt,0.0014587263576686,2139.png,59,Truck Tractor,0.0113330204039812,bkg,-1,13.242856678988302,92,1563.9510498046875,1536.0809292793274,1591.3975830078125,1542.470561504364,103.95073699951172,"[8, 16)","[76, 97)","[82, inf)",True
f1opt,0.002893827855587,2139.png,60,Cargo Truck,0.0109555982053279,TP,7,18.871979109820078,92,1593.2906875610352,1536.5273780822754,1606.2382583618164,1564.0345916748047,79.36206817626953,"[16, 24)","[76, 97)","[59, 82)",False
f1opt,0.002893827855587,2139.png,61,Cargo Truck,0.0103903682902455,cls,1,17.19425350500286,92,2293.9588623046875,2531.6163330078125,2316.3892822265625,2544.7967529296875,75.83631134033203,"[16, 24)","[76, 97)","[59, 82)",True
f1opt,0.002893827855587,2139.png,62,Cargo Truck,0.0097247464582324,loc,49,15.202682658548476,92,1581.1231575012207,1649.7797241210938,1591.340618133545,1672.3999786376953,91.6477279663086,"[8, 16)","[76, 97)","[82, inf)",True
f1opt,0.002893827855587,2139.png,63,Cargo Truck,0.0090989172458648,bkg,-1,12.438400358170679,92,1963.5436706542969,828.7061767578125,1975.881256103516,841.2462158203125,101.89010620117188,"[8, 16)","[76, 97)","[82, inf)",True
f1opt,0.002893827855587,2139.png,64,Cargo Truck,0.0089680152013897,bkg,-1,24.213615328202298,92,1647.2032775878906,1536.077735900879,1664.9696807861328,1569.0781784057615,83.45915222167969,"[24, 32)","[76, 97)","[82, inf)",True
f1opt,0.002893827855587,2139.png,65,Cargo Truck,0.0086347851902246,TP,2,16.732419513244924,92,2325.216796875,2526.6612548828125,2346.65380859375,2539.7215576171875,116.35389709472656,"[16, 24)","[76, 97)","[82, inf)",False
f1opt,0.0064783310517668,2139.png,66,Truck w/Flatbed,0.0083107389509677,bkg,-1,24.40300554044464,92,1647.0755767822266,1536.1861724853516,1664.771713256836,1569.837963104248,83.45915222167969,"[24, 32)","[76, 97)","[82, inf)",True
f1opt,0.0064783310517668,2139.png,67,Truck w/Flatbed,0.0073408973403275,bkg,-1,21.465707734121107,92,2530.908935546875,1993.056396484375,2560.0,2008.8955078125,96.49583435058594,"[16, 24)","[76, 97)","[82, inf)",True
f1opt,0.002893827855587,2139.png,68,Cargo Truck,0.0070140003226697,bkg,-1,14.099071495067912,92,1781.900390625,2016.2493591308596,1792.0,2035.9316864013672,95.40454864501953,"[8, 16)","[76, 97)","[82, inf)",True
f1opt,0.002893827855587,2139.png,69,Cargo Truck,0.0069784419611096,TP,64,17.98822404870994,92,1575.8105278015137,1668.0469970703125,1586.9288749694824,1697.14990234375,111.15277862548828,"[16, 24)","[76, 97)","[82, inf)",False
f1opt,0.002893827855587,2139.png,70,Cargo Truck,0.0068787494674324,TP,69,15.977408154236187,92,1576.2982482910156,1651.1563110351562,1587.538963317871,1673.8663940429688,93.89855194091797,"[8, 16)","[76, 97)","[82, inf)",False
f1opt,0.002893827855587,2139.png,71,Cargo Truck,0.0067998594604432,bkg,-1,14.370308355056999,92,2193.16748046875,2531.381103515625,2204.874389648437,2549.020751953125,88.14473724365234,"[8, 16)","[76, 97)","[82, inf)",True
f1opt,0.002893827855587,2139.png,72,Cargo Truck,0.0058927750214934,TP,73,20.38850825164006,92,2495.517883300781,1724.82177734375,2511.880126953125,1750.227294921875,52.021785736083984,"[16, 24)","[76, 97)","[45, 59)",False
f1opt,0.002893827855587,2139.png,73,Cargo Truck,0.0057949475012719,bkg,-1,10.476288060086272,92,2181.7469482421875,2552.7340698242188,2196.9971923828125,2559.9308471679688,71.4921875,"[8, 16)","[76, 97)","[59, 82)",True
f1opt,0.002893827855587,2139.png,74,Cargo Truck,0.0057387561537325,bkg,-1,10.225400376350757,92,2150.3459281921387,2553.48046875,2166.3837089538574,2560.0,76.14286041259766,"[8, 16)","[76, 97)","[59, 82)",True
f1opt,0.002893827855587,2139.png,75,Cargo Truck,0.0054176957346498,bkg,-1,11.919702444599013,92,2112.075183868408,2546.2546997070312,2123.212261199951,2559.012023925781,110.52381134033203,"[8, 16)","[76, 97)","[82, inf)",True
f1opt,0.002893827855587,2139.png,76,Cargo Truck,0.0053293681703507,bkg,-1,10.188171483798445,92,2293.8699951171875,2555.1251220703125,2315.16259765625,2560.0,76.1913070678711,"[8, 16)","[76, 97)","[59, 82)",True
f1opt,0.002893827855587,2139.png,77,Cargo Truck,0.0049264030531048,bkg,-1,14.19112822588575,92,1536.6055002212524,1867.675048828125,1547.1275053024292,1886.8147583007808,93.55000305175781,"[8, 16)","[76, 97)","[82, inf)",True
f1opt,0.0014587263576686,2139.png,78,Truck Tractor,0.0048256576992571,bkg,-1,13.849562455919436,92,2203.2151947021484,2535.860595703125,2218.3860931396484,2548.50390625,75.59821319580078,"[8, 16)","[76, 97)","[59, 82)",True
f1opt,0.002893827855587,2139.png,79,Cargo Truck,0.0040798676200211,bkg,-1,12.204087979558517,92,2147.859844207764,2543.7283325195312,2158.866641998291,2557.2599487304688,93.94999694824219,"[8, 16)","[76, 97)","[82, inf)",True
f1opt,0.0014587263576686,2139.png,80,Truck Tractor,0.0040105390362441,cls,7,19.314275091392076,92,1593.1312255859375,1536.3828010559082,1606.4530029296875,1564.3851623535156,79.36206817626953,"[16, 24)","[76, 97)","[59, 82)",True
f1opt,0.0014587263576686,2139.png,81,Truck Tractor,0.0039305859245359,bkg,-1,11.951071563634033,92,2110.3964138031006,2604.9180908203125,2118.590829849243,2622.348022460937,139.4795379638672,"[8, 16)","[76, 97)","[82, inf)",True
f1opt,0.002893827855587,2139.png,82,Cargo Truck,0.003720257198438,bkg,-1,16.04970471357097,92,2201.3719482421875,2534.3729248046875,2221.0438232421875,2547.4674072265625,75.21428680419922,"[16, 24)","[76, 97)","[59, 82)",True
f1opt,0.002893827855587,2139.png,83,Cargo Truck,0.0036464477889239,bkg,-1,16.806730507095224,92,2276.4806518554688,2534.7188720703125,2297.3087768554688,2548.280639648437,57.542423248291016,"[16, 24)","[76, 97)","[45, 59)",True
f1opt,0.002893827855587,2139.png,84,Cargo Truck,0.0031391645316034,bkg,-1,11.367993514334467,92,2277.760131835937,2555.1988525390625,2304.6768798828125,2560.0,54.4571418762207,"[8, 16)","[76, 97)","[45, 59)",True
f1opt,0.002893827855587,2139.png,85,Cargo Truck,0.0030840937979519,bkg,-1,11.929222037780042,92,1589.8948707580566,1729.475341796875,1598.2970237731934,1746.4122314453125,110.19999694824219,"[8, 16)","[76, 97)","[82, inf)",True
f1opt,0.002893827855587,2139.png,86,Cargo Truck,0.0029813502915203,bkg,-1,13.858630157118604,92,2177.25048828125,2536.1637573242188,2191.127685546875,2550.003845214844,70.44889068603516,"[8, 16)","[76, 97)","[59, 82)",True
f1opt,0.002893827855587,2139.png,87,Cargo Truck,0.0029621764551848,bkg,-1,10.63246158270238,92,2155.7947311401367,2554.138671875,2175.0820388793945,2560.0,58.341270446777344,"[8, 16)","[76, 97)","[45, 59)",True
f1opt,0.0014587263576686,2139.png,88,Truck Tractor,0.002810554113239,bkg,-1,12.330808750212652,92,2215.2216567993164,2538.8916015625,2228.7738723754883,2550.111083984375,67.0054931640625,"[8, 16)","[76, 97)","[59, 82)",True
f1opt,0.0122697269544005,2292.png,0,Truck w/Box,0.3146791160106659,bkg,-1,20.798151566743268,30,3291.556396484375,715.8977661132812,3325.7164306640625,728.5606079101562,61.593875885009766,"[16, 24)","[-inf, 31)","[59, 82)",True
f1opt,0.002893827855587,2292.png,1,Cargo Truck,0.0683591365814209,bkg,-1,14.572845680074376,30,1979.8472900390625,2544.5877685546875,1993.62646484375,2560.0,56.58333206176758,"[8, 16)","[-inf, 31)","[45, 59)",True
f1opt,0.002893827855587,2292.png,2,Cargo Truck,0.0453236438333988,bkg,-1,9.044953968729564,30,3090.076171875,1936.810302734375,3096.589233398437,1949.3713989257808,31.62244987487793,"[8, 16)","[-inf, 31)","[-inf, 45)",True
f1opt,0.0122697269544005,2292.png,3,Truck w/Box,0.0431095622479915,bkg,-1,42.69741074025392,30,813.3500061035156,2269.2957153320312,881.9157562255859,2295.8843383789062,101.34246063232422,"[32, 48)","[-inf, 31)","[82, inf)",True
f1opt,0.002893827855587,2292.png,4,Cargo Truck,0.0303039699792861,TP,13,14.367725362246519,30,3109.7705078125,2708.970947265625,3121.892822265625,2726.0,62.521366119384766,"[8, 16)","[-inf, 31)","[59, 82)",False
f1opt,0.0064783310517668,2292.png,5,Truck w/Flatbed,0.0262203607708215,TP,10,27.757552053086986,30,3318.935546875,2365.8181762695312,3335.1051025390625,2413.4683227539062,35.207481384277344,"[24, 32)","[-inf, 31)","[-inf, 45)",False
f1opt,0.002893827855587,2292.png,6,Cargo Truck,0.0252427197992801,cls,10,29.683962836106335,30,3317.9239501953125,2366.11279296875,3336.0926513671875,2414.6103515625,34.91224670410156,"[24, 32)","[-inf, 31)","[-inf, 45)",True
f1opt,0.002893827855587,2292.png,7,Cargo Truck,0.0214387401938438,bkg,-1,9.649529658600848,30,3092.8287353515625,1937.23583984375,3100.1744384765625,1949.9117431640625,39.78632354736328,"[8, 16)","[-inf, 31)","[-inf, 45)",True
f1opt,0.0122697269544005,2292.png,8,Truck w/Box,0.0202619582414627,bkg,-1,15.336089597424877,30,3304.1685791015625,737.3753662109375,3328.0,747.2445068359375,110.70833587646484,"[8, 16)","[-inf, 31)","[82, inf)",True
f1opt,0.0064783310517668,2292.png,9,Truck w/Flatbed,0.0176804699003696,TP,24,23.905518318646976,30,3059.773376464844,1595.983642578125,3074.091857910156,1635.895263671875,60.24085235595703,"[16, 24)","[-inf, 31)","[59, 82)",False
f1opt,0.002893827855587,2292.png,10,Cargo Truck,0.007962804287672,bkg,-1,10.467986195793795,30,1.2325057983398438,1923.6476745605469,10.68742561340332,1935.2372741699216,24.230770111083984,"[8, 16)","[-inf, 31)","[-inf, 45)",True
f1opt,0.002893827855587,2292.png,11,Cargo Truck,0.0067825396545231,bkg,-1,13.551585589520691,30,1970.3724365234373,2356.59814453125,1984.6971435546875,2369.418334960937,66.05714416503906,"[8, 16)","[-inf, 31)","[59, 82)",True
f1opt,0.002893827855587,2292.png,12,Cargo Truck,0.0060206013731658,bkg,-1,14.449819510563554,30,1013.7080078125,2652.212890625,1024.0,2672.500244140625,48.238094329833984,"[8, 16)","[-inf, 31)","[45, 59)",True
f1opt,0.002893827855587,2292.png,13,Cargo Truck,0.0055030542425811,bkg,-1,13.483739790978545,30,1988.524475097656,2547.8765869140625,2003.5211791992188,2560.0,103.57211303710938,"[8, 16)","[-inf, 31)","[82, inf)",True
f1opt,0.0014587263576686,2292.png,14,Truck Tractor,0.0018516768468543,bkg,-1,23.00963997849087,30,2304.479551315308,2695.1124877929688,2334.3389797210693,2712.843688964844,47.48745346069336,"[16, 24)","[-inf, 31)","[45, 59)",True
f1opt,0.0122697269544005,2293.png,0,Truck w/Box,0.8705345988273621,bkg,-1,46.368804309715294,145,1442.790771484375,969.2550048828124,1504.8106689453125,1003.92236328125,50.195465087890625,"[32, 48)","[97, inf)","[45, 59)",True
f1opt,0.0122697269544005,2293.png,1,Truck w/Box,0.8696902990341187,cls,107,31.90877201861869,145,3098.662841796875,168.82879638671875,3144.3701171875,191.10467529296875,55.44326400756836,"[24, 32)","[97, inf)","[45, 59)",True
f1opt,0.0122697269544005,2293.png,2,Truck w/Box,0.8301082253456116,cls,42,44.66051441751936,145,1624.1566162109375,896.75927734375,1680.9988708496094,931.8486938476562,44.29093551635742,"[32, 48)","[97, inf)","[-inf, 45)",True
f1opt,0.0064783310517668,2293.png,3,Truck w/Flatbed,0.829108715057373,cls,65,27.4194805371415,145,772.98486328125,2090.388977050781,789.55224609375,2135.7689819335938,61.756038665771484,"[24, 32)","[97, inf)","[59, 82)",True
f1opt,0.0122697269544005,2293.png,4,Truck w/Box,0.8062073588371277,cls,44,43.1388022831487,145,1392.73388671875,992.2154541015624,1454.1868896484375,1022.498046875,62.789554595947266,"[32, 48)","[97, inf)","[59, 82)",True
f1opt,0.0122697269544005,2293.png,5,Truck w/Box,0.7162649035453796,both,77,26.247335474215408,145,2304.0235958099365,512.0655517578125,2328.561435699463,540.1414794921875,34.81241226196289,"[24, 32)","[97, inf)","[-inf, 45)",True
f1opt,0.0122697269544005,2293.png,6,Truck w/Box,0.6536560654640198,cls,13,47.45676548633825,145,772.6313018798828,1384.5607299804688,823.912296295166,1428.4784545898438,37.126068115234375,"[32, 48)","[97, inf)","[-inf, 45)",True
f1opt,0.0064783310517668,2293.png,7,Truck w/Flatbed,0.5774997472763062,bkg,-1,26.074797951876654,145,1508.345703125,1702.2103214263916,1534.15771484375,1728.5505809783936,35.78189468383789,"[24, 32)","[97, inf)","[-inf, 45)",True
f1opt,0.5353610515594482,2293.png,8,Truck w/Liquid,0.5353610515594482,cls,30,32.40260946033792,145,1898.71484375,1574.992820739746,1917.928466796875,1629.6378555297852,41.98749923706055,"[32, 48)","[97, inf)","[-inf, 45)",True
f1opt,0.002893827855587,2293.png,9,Cargo Truck,0.513263463973999,bkg,-1,16.793709914060592,145,278.5820007324219,2223.0115966796875,304.6661682128906,2233.8238525390625,53.98653030395508,"[16, 24)","[97, inf)","[45, 59)",True
f1opt,0.0064783310517668,2293.png,10,Truck w/Flatbed,0.4741225242614746,TP,101,25.483703492168438,145,2306.3146362304688,2131.3428955078125,2318.7990112304688,2183.3614501953125,33.28302001953125,"[24, 32)","[97, inf)","[-inf, 45)",False
f1opt,0.002893827855587,2293.png,11,Cargo Truck,0.3511180877685547,loc,20,42.124200039705045,145,1918.6229553222656,1523.0614013671875,1945.682098388672,1588.6380615234375,49.2137451171875,"[32, 48)","[97, inf)","[45, 59)",True
f1opt,0.002893827855587,2293.png,12,Cargo Truck,0.3479671478271484,TP,19,33.084879204984915,145,1836.6092529296875,1485.10888671875,1854.6898193359373,1545.6495361328125,49.65401077270508,"[32, 48)","[97, inf)","[45, 59)",False
f1opt,0.0064783310517668,2293.png,13,Truck w/Flatbed,0.3249000310897827,cls,81,26.579183139178976,145,263.18756103515625,1878.269775390625,286.93621826171875,1908.016845703125,48.22446060180664,"[24, 32)","[97, inf)","[45, 59)",True
f1opt,0.0122697269544005,2293.png,14,Truck w/Box,0.3030906319618225,cls,56,33.49844764379432,145,1507.0465087890625,1001.800537109375,1557.5948486328125,1024.0,37.93606185913086,"[32, 48)","[97, inf)","[-inf, 45)",True
f1opt,0.0122697269544005,2293.png,15,Truck w/Box,0.2878727614879608,TP,128,28.0822365764307,145,2594.926025390625,920.4685821533204,2616.201416015625,957.5354461669922,52.81922149658203,"[24, 32)","[97, inf)","[45, 59)",False
f1opt,0.0122697269544005,2293.png,16,Truck w/Box,0.2833231985569,bkg,-1,30.4943571674895,145,1412.8464965820312,146.0904541015625,1474.5010375976562,161.1729736328125,103.52579498291016,"[24, 32)","[97, inf)","[82, inf)",True
f1opt,0.0064783310517668,2293.png,17,Truck w/Flatbed,0.2778593599796295,bkg,-1,30.949706458307976,145,1822.6577758789065,1494.1031494140625,1841.4865112304688,1544.9766845703125,39.41764831542969,"[24, 32)","[97, inf)","[-inf, 45)",True
f1opt,0.002893827855587,2293.png,18,Cargo Truck,0.2598986327648163,TP,25,34.47744402221961,145,1870.774353027344,1573.5850830078125,1893.2864379882808,1626.3875732421875,40.12654495239258,"[32, 48)","[97, inf)","[-inf, 45)",False
f1opt,0.0122697269544005,2293.png,19,Truck w/Box,0.2073628902435302,both,22,45.900442731172845,145,1837.2242431640625,1540.8465270996094,1871.6424560546875,1602.0597763061523,44.74739074707031,"[32, 48)","[97, inf)","[-inf, 45)",True
f1opt,0.0064783310517668,2293.png,20,Truck w/Flatbed,0.2048247009515762,bkg,-1,26.42004297549784,145,472.9060363769531,991.2149658203124,494.1968078613281,1024.0,74.37417602539062,"[24, 32)","[97, inf)","[59, 82)",True
f1opt,0.0064783310517668,2293.png,21,Truck w/Flatbed,0.2018862068653106,bkg,-1,29.70465507559718,145,1430.9364624023438,2442.7364501953125,1449.1879272460938,2491.081420898437,39.93199920654297,"[24, 32)","[97, inf)","[-inf, 45)",True
f1opt,0.002893827855587,2293.png,22,Cargo Truck,0.2018224447965622,bkg,-1,39.87822863645535,145,1894.9935302734373,1536.0120658874512,1924.036376953125,1590.7681694030762,40.93137741088867,"[32, 48)","[97, inf)","[-inf, 45)",True
f1opt,0.0122697269544005,2293.png,23,Truck w/Box,0.1831624656915664,cls,101,26.782092460333217,145,2304.9458141326904,2132.116516113281,2318.476104736328,2185.1294555664062,33.3271598815918,"[24, 32)","[97, inf)","[-inf, 45)",True
f1opt,0.0064783310517668,2293.png,24,Truck w/Flatbed,0.1456440687179565,cls,13,46.98978341438499,145,774.9006958007812,1384.7122802734375,824.1799926757812,1429.5189208984375,36.776214599609375,"[32, 48)","[97, inf)","[-inf, 45)",True
f1opt,0.0064783310517668,2293.png,25,Truck w/Flatbed,0.1377589255571365,bkg,-1,18.70133991169074,145,2322.3518295288086,1795.7478103637695,2353.661087036133,1806.918312072754,87.40885162353516,"[16, 24)","[97, inf)","[82, inf)",True
f1opt,0.0122697269544005,2293.png,26,Truck w/Box,0.1345257759094238,both,30,34.51454704366232,145,1896.333923339844,1577.3265380859375,1918.5463256835935,1630.9566650390625,46.22463607788086,"[32, 48)","[97, inf)","[45, 59)",True
f1opt,0.0122697269544005,2293.png,27,Truck w/Box,0.1306691914796829,cls,54,44.48688681834017,145,1621.4244079589844,938.016143798828,1692.914581298828,965.6994323730468,51.94196319580078,"[32, 48)","[97, inf)","[45, 59)",True
f1opt,0.002893827855587,2293.png,28,Cargo Truck,0.1104907393455505,TP,142,21.603402135647773,145,2671.2919006347656,845.9450836181641,2708.477935791016,858.4956817626953,45.189849853515625,"[16, 24)","[97, inf)","[-inf, 45)",False
f1opt,0.0064783310517668,2293.png,29,Truck w/Flatbed,0.1081026270985603,cls,133,28.227946326170823,145,2610.064514160156,845.6901245117188,2667.131774902344,859.6528930664062,53.17241287231445,"[24, 32)","[97, inf)","[45, 59)",True
f1opt,0.0014587263576686,2293.png,30,Truck Tractor,0.1059771925210952,bkg,-1,16.075806139071137,145,1536.0,1190.6676025390625,1548.1660270690918,1211.90966796875,63.59440612792969,"[16, 24)","[97, inf)","[59, 82)",True
f1opt,0.0064783310517668,2293.png,31,Truck w/Flatbed,0.1056699305772781,bkg,-1,38.17539278436005,145,1534.4598388671875,2673.2159423828125,1562.0697021484375,2726.0,65.07612609863281,"[32, 48)","[97, inf)","[59, 82)",True
f1opt,0.002893827855587,2293.png,32,Cargo Truck,0.1031552404165268,TP,32,39.083248762776215,145,1887.8322448730469,1585.5836181640625,1907.862823486328,1661.842041015625,49.53617858886719,"[32, 48)","[97, inf)","[45, 59)",False
f1opt,0.0122697269544005,2293.png,33,Truck w/Box,0.0986399054527282,cls,50,42.21585010602609,145,1212.0219116210938,1082.6972045898438,1263.77978515625,1117.1301879882812,57.09294891357422,"[32, 48)","[97, inf)","[45, 59)",True
f1opt,0.0064783310517668,2293.png,34,Truck w/Flatbed,0.0977638363838195,bkg,-1,19.81654019059541,145,1561.4664611816406,2285.8443603515625,1577.1659927368164,2310.8575439453125,26.846153259277344,"[16, 24)","[97, inf)","[-inf, 45)",True
f1opt,0.0122697269544005,2293.png,35,Truck w/Box,0.0883089005947113,TP,115,29.255465322445698,145,2578.466735839844,918.3436279296876,2600.915100097656,956.4703369140624,35.03456115722656,"[24, 32)","[97, inf)","[-inf, 45)",False
f1opt,0.0064783310517668,2293.png,36,Truck w/Flatbed,0.0860724970698356,bkg,-1,19.575347946688684,145,22.983678817749023,2714.108764648437,55.20861053466797,2726.0,101.19853210449219,"[16, 24)","[97, inf)","[82, inf)",True
f1opt,0.0122697269544005,2293.png,37,Truck w/Box,0.0826184451580047,cls,82,27.50256314470363,145,1773.5849609375,2620.806579589844,1791.9228515625,2662.054016113281,46.712364196777344,"[24, 32)","[97, inf)","[45, 59)",True
f1opt,0.0122697269544005,2293.png,38,Truck w/Box,0.0789304673671722,cls,122,32.86710990999059,145,1496.126220703125,952.72119140625,1538.2042236328125,978.3936767578124,62.838069915771484,"[32, 48)","[97, inf)","[59, 82)",True
f1opt,0.002893827855587,2293.png,39,Cargo Truck,0.0745689272880554,cls,101,26.64969530223313,145,2305.2225065231323,2131.8358154296875,2318.489005088806,2185.36962890625,33.10649490356445,"[24, 32)","[97, inf)","[-inf, 45)",True
f1opt,0.0122697269544005,2293.png,40,Truck w/Box,0.0655604749917984,both,23,38.21153781276886,145,1859.27001953125,1537.148666381836,1889.284118652344,1585.7965240478516,33.807769775390625,"[32, 48)","[97, inf)","[-inf, 45)",True
f1opt,0.0122697269544005,2293.png,41,Truck w/Box,0.0592073835432529,cls,117,33.18333342485447,145,2520.223693847656,954.1023559570312,2584.071533203125,971.3485717773438,91.98974609375,"[32, 48)","[97, inf)","[82, inf)",True
f1opt,0.0122697269544005,2293.png,42,Truck w/Box,0.0545675307512283,both,30,43.737246747194874,145,1896.317321777344,1525.25537109375,1924.2962036132808,1593.62646484375,40.33333206176758,"[32, 48)","[97, inf)","[-inf, 45)",True
f1opt,0.0014587263576686,2293.png,43,Truck Tractor,0.0508423820137977,bkg,-1,11.49749084813185,145,1828.3197021484373,1536.1811590194702,1842.638427734375,1545.4132862091064,72.09333038330078,"[8, 16)","[97, inf)","[59, 82)",True
f1opt,0.0122697269544005,2293.png,44,Truck w/Box,0.0485327132046222,cls,125,23.850096508209234,145,2573.015151977539,1587.4771728515625,2610.986400604248,1602.4576416015625,96.7993392944336,"[16, 24)","[97, inf)","[82, inf)",True
f1opt,0.0122697269544005,2293.png,45,Truck w/Box,0.0450976006686687,cls,3,24.845348970521865,145,2576.1713829040527,1618.702880859375,2619.638271331787,1632.904296875,75.15757751464844,"[24, 32)","[97, inf)","[59, 82)",True
f1opt,0.002893827855587,2293.png,46,Cargo Truck,0.044039286673069,TP,89,13.707320131729483,145,2501.1239013671875,234.05209350585935,2523.5460205078125,242.43179321289065,119.71497344970703,"[8, 16)","[97, inf)","[82, inf)",False
f1opt,0.002893827855587,2293.png,47,Cargo Truck,0.0418207272887229,TP,27,36.73966732908741,145,1921.9664306640625,1575.89453125,1949.38134765625,1625.130615234375,58.03245544433594,"[32, 48)","[97, inf)","[45, 59)",False
f1opt,0.0064783310517668,2293.png,48,Truck w/Flatbed,0.0402695201337337,bkg,-1,34.41073612413513,145,2283.4201049804688,2676.3966064453125,2307.5255737304688,2725.5181884765625,53.88719940185547,"[32, 48)","[97, inf)","[45, 59)",True
f1opt,0.0122697269544005,2293.png,49,Truck w/Box,0.0379840396344661,cls,43,28.287689778276693,145,2113.7724609375,584.002197265625,2150.82666015625,605.597412109375,50.65909194946289,"[24, 32)","[97, inf)","[45, 59)",True
f1opt,0.0122697269544005,2293.png,50,Truck w/Box,0.0375998318195343,cls,86,25.622130280540937,145,2667.848190307617,1458.3525390625,2725.262466430664,1469.786865234375,36.12429428100586,"[24, 32)","[97, inf)","[-inf, 45)",True
f1opt,0.002893827855587,2293.png,51,Cargo Truck,0.0331419482827186,bkg,-1,33.48739209246739,145,1822.4543762207031,1487.7647705078125,1842.2281799316409,1544.4764404296875,40.41133117675781,"[32, 48)","[97, inf)","[-inf, 45)",True
f1opt,0.0064783310517668,2293.png,52,Truck w/Flatbed,0.0323499590158462,bkg,-1,30.719857910187834,145,3470.1358642578125,1828.713638305664,3520.2076416015625,1847.560775756836,33.32646942138672,"[24, 32)","[97, inf)","[-inf, 45)",True
f1opt,0.002893827855587,2293.png,53,Cargo Truck,0.0293571315705776,TP,65,33.64553353847282,145,769.7198295593262,2090.184326171875,793.4057807922363,2137.977294921875,57.15083312988281,"[32, 48)","[97, inf)","[45, 59)",False
f1opt,0.0122697269544005,2293.png,54,Truck w/Box,0.0284595694392919,bkg,-1,14.600210444331532,145,2573.0219984054565,1364.5410766601562,2582.4757385253906,1387.0894165039062,77.89167022705078,"[8, 16)","[97, inf)","[59, 82)",True
f1opt,0.002893827855587,2293.png,55,Cargo Truck,0.0278239343315362,cls,104,25.608445175099735,145,2495.61328125,1348.806396484375,2509.7371826171875,1395.23779296875,34.14861297607422,"[24, 32)","[97, inf)","[-inf, 45)",True
f1opt,0.002893827855587,2293.png,56,Cargo Truck,0.0278008263558149,TP,18,27.519808787455307,145,1852.7562255859373,1488.7079467773438,1866.200439453125,1545.0399780273438,38.606895446777344,"[24, 32)","[97, inf)","[-inf, 45)",False
f1opt,0.002893827855587,2293.png,57,Cargo Truck,0.027205491438508,bkg,-1,15.535943683506789,145,1037.4632873535156,1900.265625,1051.2682189941406,1917.7496337890625,55.83333206176758,"[8, 16)","[97, inf)","[45, 59)",True
f1opt,0.0064783310517668,2293.png,58,Truck w/Flatbed,0.0258109997957944,bkg,-1,29.134337858172103,145,1610.85205078125,2521.0133666992188,1632.923828125,2559.4701538085938,30.734670639038086,"[24, 32)","[97, inf)","[-inf, 45)",True
f1opt,0.0122697269544005,2293.png,59,Truck w/Box,0.0244371127337217,bkg,-1,27.597971227728603,145,1358.7119140625,2686.8486328125,1379.531982421875,2723.431030273437,17.332536697387695,"[24, 32)","[97, inf)","[-inf, 45)",True
f1opt,0.002893827855587,2293.png,60,Cargo Truck,0.0239085517823696,TP,34,27.883988728114165,145,1904.0545349121091,1628.6114501953125,1920.3534851074216,1676.31494140625,50.0876350402832,"[24, 32)","[97, inf)","[45, 59)",False
f1opt,0.0122697269544005,2293.png,61,Truck w/Box,0.0233554020524024,cls,9,35.31591383965524,145,2866.3077392578125,824.6383743286133,2923.8380126953125,846.3176345825195,44.87855911254883,"[32, 48)","[97, inf)","[-inf, 45)",True
f1opt,0.0122697269544005,2293.png,62,Truck w/Box,0.0222815405577421,cls,55,40.89795645455506,145,1573.93408203125,955.746353149414,1630.30859375,985.4165496826172,32.5038948059082,"[32, 48)","[97, inf)","[-inf, 45)",True
f1opt,0.0064783310517668,2293.png,63,Truck w/Flatbed,0.0199261847883462,bkg,-1,43.409544031567776,145,1682.6165771484375,1717.1177978515625,1708.800537109375,1789.0850830078125,57.511924743652344,"[32, 48)","[97, inf)","[45, 59)",True
f1opt,0.002893827855587,2293.png,64,Cargo Truck,0.0190204568207263,loc,23,39.0909567105253,145,1859.3909912109373,1536.8709182739258,1888.9298706054688,1588.6028366088867,34.22515869140625,"[32, 48)","[97, inf)","[-inf, 45)",True
f1opt,0.0122697269544005,2293.png,65,Truck w/Box,0.018192384392023,bkg,-1,33.86241605887494,145,1910.4483642578125,1485.496826171875,1933.93408203125,1534.3206787109375,47.1591682434082,"[32, 48)","[97, inf)","[45, 59)",True
f1opt,0.0064783310517668,2293.png,66,Truck w/Flatbed,0.0177801307290792,bkg,-1,20.47051991243441,145,2203.885803222656,1768.2667236328125,2221.8363647460938,1791.6109619140625,35.60306930541992,"[16, 24)","[97, inf)","[-inf, 45)",True
f1opt,0.0064783310517668,2293.png,67,Truck w/Flatbed,0.0166867766529321,bkg,-1,18.918777535175742,145,3266.83447265625,1009.6075439453124,3291.765869140625,1023.9637451171876,24.102563858032227,"[16, 24)","[97, inf)","[-inf, 45)",True
f1opt,0.002893827855587,2293.png,68,Cargo Truck,0.0166169349104166,bkg,-1,25.990845679869512,145,3366.4832153320312,0.4931583404541015,3389.4740600585938,29.875465393066406,78.60277557373047,"[24, 32)","[97, inf)","[59, 82)",True
f1opt,0.002893827855587,2293.png,69,Cargo Truck,0.0162312183529138,loc,123,25.138308425467972,145,275.84283447265625,1883.764404296875,298.7269897460937,1911.37890625,47.590518951416016,"[24, 32)","[97, inf)","[45, 59)",True
f1opt,0.0122697269544005,2293.png,70,Truck w/Box,0.0155352661386132,both,58,32.80746091841486,145,1467.192138671875,1009.210205078125,1539.96728515625,1024.0,39.743377685546875,"[32, 48)","[97, inf)","[-inf, 45)",True
f1opt,0.002893827855587,2293.png,71,Cargo Truck,0.0153456013649702,bkg,-1,31.92930958302287,145,1912.4377136230469,1484.9886474609375,1933.179473876953,1534.1397705078125,47.21746826171875,"[24, 32)","[97, inf)","[45, 59)",True
f1opt,0.0122697269544005,2293.png,72,Truck w/Box,0.0149381579831242,cls,71,41.8244722666298,145,1350.4735107421875,1023.5381774902344,1404.4952392578125,1055.9193420410156,70.6203842163086,"[32, 48)","[97, inf)","[59, 82)",True
f1opt,0.0122697269544005,2293.png,73,Truck w/Box,0.0149193797260522,both,27,39.50585902345991,145,1920.938873291016,1576.3343505859375,1953.4391784667969,1624.3558349609375,54.76050567626953,"[32, 48)","[97, inf)","[45, 59)",True
f1opt,0.0064783310517668,2293.png,74,Truck w/Flatbed,0.0146073633804917,bkg,-1,31.7856034398251,145,1745.1983642578125,1536.6796875,1767.6995849609375,1581.58056640625,55.338375091552734,"[24, 32)","[97, inf)","[45, 59)",True
f1opt,0.0122697269544005,2293.png,75,Truck w/Box,0.0143933035433292,both,20,39.79163773569542,145,1915.0187377929688,1536.0,1944.1170043945312,1590.4147338867188,50.32484817504883,"[32, 48)","[97, inf)","[45, 59)",True
f1opt,0.0122697269544005,2293.png,76,Truck w/Box,0.0139783592894673,both,77,31.169620393061987,145,2304.0,524.6181030273438,2330.9712715148926,560.6395874023438,23.231231689453125,"[24, 32)","[97, inf)","[-inf, 45)",True
f1opt,0.0064783310517668,2293.png,77,Truck w/Flatbed,0.0139409536495804,bkg,-1,15.350609631850453,145,1783.5296630859375,1544.0657958984375,1792.0,1571.8853759765625,29.130952835083008,"[8, 16)","[97, inf)","[-inf, 45)",True
f1opt,0.0122697269544005,2293.png,78,Truck w/Box,0.013208488933742,cls,93,29.39419920160319,145,2666.266906738281,1469.1517333984375,2729.848617553711,1482.7408447265625,37.55803680419922,"[24, 32)","[97, inf)","[-inf, 45)",True
f1opt,0.002893827855587,2293.png,79,Cargo Truck,0.0130754727870225,bkg,-1,12.657689607169104,145,1016.1712646484376,1660.1637802124023,1023.9835205078124,1680.6722106933594,81.43452453613281,"[8, 16)","[97, inf)","[59, 82)",True
f1opt,0.002893827855587,2293.png,80,Cargo Truck,0.0128918122500181,TP,28,27.919604513866553,145,1910.5650024414065,1581.012451171875,1928.8313598632808,1623.686767578125,45.74051284790039,"[24, 32)","[97, inf)","[45, 59)",False
f1opt,0.0122697269544005,2293.png,81,Truck w/Box,0.0126317031681537,cls,65,35.68677236707076,145,769.5000705718994,2090.758850097656,795.1564235687256,2140.3974609375,57.124183654785156,"[32, 48)","[97, inf)","[45, 59)",True
f1opt,0.002893827855587,2293.png,82,Cargo Truck,0.0118958381935954,TP,133,27.063781939316957,145,2611.629913330078,845.8230133056641,2666.2804260253906,859.2254180908203,54.128570556640625,"[24, 32)","[97, inf)","[45, 59)",False
f1opt,0.0014587263576686,2293.png,83,Truck Tractor,0.011847760528326,both,117,14.509691212522098,145,2573.0326261520386,949.4364318847656,2582.3830976486206,971.9519958496094,83.46521759033203,"[8, 16)","[97, inf)","[82, inf)",True
f1opt,0.0014587263576686,2293.png,84,Truck Tractor,0.0112683158367872,cls,9,34.33245523064877,145,2865.395874023437,825.8995819091797,2925.773803710937,845.4219055175781,45.174861907958984,"[32, 48)","[97, inf)","[-inf, 45)",True
f1opt,0.0064783310517668,2293.png,85,Truck w/Flatbed,0.0109140733256936,TP,104,24.94712371385614,145,2495.5919189453125,1350.01220703125,2509.5474243164062,1394.608154296875,34.834075927734375,"[24, 32)","[97, inf)","[-inf, 45)",False
f1opt,0.0064783310517668,2293.png,86,Truck w/Flatbed,0.0108949979767203,TP,79,30.099771300925987,145,1497.7179565429688,1844.6487731933596,1517.0757446289062,1891.4514465332031,52.77777862548828,"[24, 32)","[97, inf)","[45, 59)",False
f1opt,0.0064783310517668,2293.png,87,Truck w/Flatbed,0.0100342435762286,bkg,-1,34.78099919410384,145,1302.34716796875,1703.0674896240234,1320.98681640625,1767.967742919922,41.31336212158203,"[32, 48)","[97, inf)","[-inf, 45)",True
f1opt,0.0064783310517668,2293.png,88,Truck w/Flatbed,0.0099653005599975,bkg,-1,26.807703439933285,145,1536.1582078933716,2109.2645263671875,1549.8620824813845,2161.706115722656,29.154987335205078,"[24, 32)","[97, inf)","[-inf, 45)",True
f1opt,0.0064783310517668,2293.png,89,Truck w/Flatbed,0.0097544966265559,bkg,-1,31.760039635251506,145,49.28855895996094,2666.7130126953125,69.46019744873047,2716.7188720703125,55.180206298828125,"[24, 32)","[97, inf)","[45, 59)",True
f1opt,0.002893827855587,2293.png,90,Cargo Truck,0.0087236957624554,TP,35,30.67378502532739,145,1890.1090087890625,1635.5792236328125,1909.0006103515625,1685.3834228515625,55.74509811401367,"[24, 32)","[97, inf)","[45, 59)",False
f1opt,0.0064783310517668,2293.png,91,Truck w/Flatbed,0.0084708528593182,bkg,-1,27.232347295281837,145,1699.75439453125,1761.3150634765625,1725.4586181640625,1790.1663818359375,44.41975402832031,"[24, 32)","[97, inf)","[-inf, 45)",True
f1opt,0.0064783310517668,2293.png,92,Truck w/Flatbed,0.0079935966059565,TP,144,29.71467522485219,145,2317.8410034179688,2129.983337402344,2335.0934448242188,2181.1622924804688,42.64349365234375,"[24, 32)","[97, inf)","[-inf, 45)",False
f1opt,0.002893827855587,2293.png,93,Cargo Truck,0.0073215900920331,bkg,-1,62.94309264877082,145,3106.3878173828125,74.86851501464844,3194.0933837890625,120.0404815673828,61.4315071105957,"[48, 96)","[97, inf)","[59, 82)",True
f1opt,0.002893827855587,2293.png,94,Cargo Truck,0.007243619300425,bkg,-1,15.418399014735137,145,2573.1255435943604,242.16046142578125,2581.2787551879883,271.31793212890625,67.81111145019531,"[8, 16)","[97, inf)","[59, 82)",True
f1opt,0.0064783310517668,2293.png,95,Truck w/Flatbed,0.0070692622102797,bkg,-1,12.97671169974149,145,2594.43310546875,0.0,2612.8289794921875,9.15395736694336,41.32105255126953,"[8, 16)","[97, inf)","[-inf, 45)",True
f1opt,0.0064783310517668,2293.png,96,Truck w/Flatbed,0.0067759193480014,bkg,-1,15.579558345412266,145,1536.0,1957.6913757324216,1543.3264904022217,1990.820831298828,21.816177368164062,"[8, 16)","[97, inf)","[-inf, 45)",True
f1opt,0.0064783310517668,2293.png,97,Truck w/Flatbed,0.0064957211725413,bkg,-1,33.75254568945449,145,1674.2741394042969,1722.931884765625,1692.0409240722656,1787.053466796875,63.476078033447266,"[32, 48)","[97, inf)","[59, 82)",True
f1opt,0.002893827855587,2293.png,98,Cargo Truck,0.0064813201315701,loc,31,33.99482162130982,145,1884.891082763672,1560.0062866210938,1906.0109558105469,1614.7247924804688,38.89960479736328,"[32, 48)","[97, inf)","[-inf, 45)",True
f1opt,0.0014587263576686,2293.png,99,Truck Tractor,0.0064808083698153,bkg,-1,8.118316590220983,145,2553.459350585937,605.252197265625,2559.4874267578125,616.185546875,64.6547622680664,"[8, 16)","[97, inf)","[59, 82)",True
f1opt,0.0064783310517668,2293.png,100,Truck w/Flatbed,0.0064783310517668,TP,70,31.551838533995415,145,1473.961181640625,1588.0322036743164,1494.0078125,1637.6923446655271,45.672725677490234,"[24, 32)","[97, inf)","[45, 59)",False
f1opt,0.002893827855587,2293.png,101,Cargo Truck,0.0063908668234944,loc,33,40.02551960932511,145,1873.7779235839844,1603.1644287109375,1895.650848388672,1676.4075927734375,46.26439666748047,"[32, 48)","[97, inf)","[45, 59)",True
f1opt,0.002893827855587,2293.png,102,Cargo Truck,0.0063883028924465,bkg,-1,16.61902770293386,145,768.7115173339844,1297.1742553710938,791.0719776153564,1309.5260620117188,137.5801239013672,"[16, 24)","[97, inf)","[82, inf)",True
f1opt,0.0014587263576686,2293.png,103,Truck Tractor,0.0062893298454582,both,30,27.50867336787437,145,1903.3939819335935,1589.4229736328125,1920.358459472656,1634.029541015625,45.092994689941406,"[24, 32)","[97, inf)","[-inf, 45)",True
f1opt,0.002893827855587,2293.png,104,Cargo Truck,0.0059993402101099,cls,115,27.97072336505024,145,2577.918050765991,919.1627197265624,2599.254421234131,955.8306884765624,35.393653869628906,"[24, 32)","[97, inf)","[-inf, 45)",True
f1opt,0.0014587263576686,2293.png,105,Truck Tractor,0.0059691099449992,bkg,-1,13.534590143692652,145,2552.24853515625,668.2122802734375,2560.0,691.8446044921875,55.08333206176758,"[8, 16)","[97, inf)","[45, 59)",True
f1opt,0.0014587263576686,2293.png,106,Truck Tractor,0.0057736155577003,bkg,-1,14.169203585025219,145,1783.9288330078125,1544.7948999404907,1792.0,1569.6694107055664,29.482906341552734,"[8, 16)","[97, inf)","[-inf, 45)",True
f1opt,0.002893827855587,2293.png,107,Cargo Truck,0.0043669757433235,loc,26,52.73160276176282,145,1842.1903076171875,1577.4232177734375,1874.8082275390625,1662.6715087890625,47.389007568359375,"[48, 96)","[97, inf)","[45, 59)",True
f1opt,0.0014587263576686,2293.png,108,Truck Tractor,0.0040661366656422,bkg,-1,12.406959172309646,145,2549.2130737304688,742.8348999023438,2559.4152221679688,757.9231567382812,29.920454025268555,"[8, 16)","[97, inf)","[-inf, 45)",True
f1opt,0.002893827855587,2293.png,109,Cargo Truck,0.0040406556800007,TP,97,25.953826867964622,145,1536.0,938.9422302246094,1560.3330001831057,966.6248474121094,54.26344680786133,"[24, 32)","[97, inf)","[45, 59)",False
f1opt,0.002893827855587,2293.png,110,Cargo Truck,0.0036510832142084,bkg,-1,10.300021849882228,145,2552.0318603515625,798.2957153320312,2559.4014892578125,812.6913452148438,24.108333587646484,"[8, 16)","[97, inf)","[-inf, 45)",True
f1opt,0.002893827855587,2293.png,111,Cargo Truck,0.0032801926136016,TP,21,32.24285709962755,145,1891.7772216796875,1489.856201171875,1913.8836059570312,1536.8834228515625,40.673912048339844,"[32, 48)","[97, inf)","[-inf, 45)",False
f1opt,0.002893827855587,2293.png,112,Cargo Truck,0.0031140833161771,bkg,-1,14.357383534706816,145,2620.877349853516,0.4513444900512695,2637.204071044922,13.076932907104492,33.16666793823242,"[8, 16)","[97, inf)","[-inf, 45)",True
f1opt,0.002893827855587,2293.png,113,Cargo Truck,0.0031116595491766,TP,52,29.157225515844257,145,1168.0681762695312,1106.1651000976562,1202.7789916992188,1130.6572875976562,65.72571563720703,"[24, 32)","[97, inf)","[59, 82)",False
f1opt,0.002893827855587,2293.png,114,Cargo Truck,0.0030412769410759,loc,58,25.86208413676113,145,1473.7220458984375,1010.40478515625,1522.9193115234375,1024.0,33.8457145690918,"[24, 32)","[97, inf)","[-inf, 45)",True
f1opt,0.002893827855587,2293.png,115,Cargo Truck,0.0029443870298564,TP,106,19.38706452584287,145,2579.260368347168,1015.4988403320312,2623.487880706787,1023.9971313476562,77.07654571533203,"[16, 24)","[97, inf)","[59, 82)",False
f1opt,0.0014587263576686,2293.png,116,Truck Tractor,0.002693815389648,bkg,-1,30.08792550872098,145,858.5883178710938,1202.8099365234375,907.7450561523438,1221.2261962890625,48.65800094604492,"[24, 32)","[97, inf)","[45, 59)",True
f1opt,0.0014587263576686,2293.png,117,Truck Tractor,0.0026920647360384,bkg,-1,12.37419865643493,145,2553.2333984375,656.8341064453125,2560.0,679.4630126953125,50.369049072265625,"[8, 16)","[97, inf)","[45, 59)",True
f1opt,0.0014587263576686,2293.png,118,Truck Tractor,0.0025445991195738,bkg,-1,15.697225661935228,145,2577.4861068725586,11.623750686645508,2597.420722961426,23.984304428100582,53.4505500793457,"[8, 16)","[97, inf)","[45, 59)",True
f1opt,0.0014587263576686,2293.png,119,Truck Tractor,0.0020770519040524,cls,34,27.880663274553232,145,1904.340850830078,1627.784912109375,1921.8869934082031,1672.0870361328125,50.310386657714844,"[24, 32)","[97, inf)","[45, 59)",True
f1opt,0.0014587263576686,2293.png,120,Truck Tractor,0.002037082100287,bkg,-1,9.409307248369835,145,1787.0582275390625,1271.8074340820312,1792.0,1289.7230834960938,59.17894744873047,"[8, 16)","[97, inf)","[45, 59)",True
f1opt,0.0014587263576686,2293.png,121,Truck Tractor,0.0020169953349977,bkg,-1,15.828662656066951,145,2537.33154296875,667.9683837890625,2549.84619140625,687.9886474609375,52.08058547973633,"[8, 16)","[97, inf)","[45, 59)",True
f1opt,0.0014587263576686,2293.png,122,Truck Tractor,0.0018653362058103,bkg,-1,14.483111946209362,145,1834.8292846679688,1536.0584049224854,1853.8092041015625,1547.110113143921,53.61666488647461,"[8, 16)","[97, inf)","[45, 59)",True
f1opt,0.0014587263576686,2293.png,123,Truck Tractor,0.0018613631837069,bkg,-1,25.618081522851046,145,1536.0,1142.4255981445312,1552.4261512756348,1182.3793334960938,75.19512176513672,"[24, 32)","[97, inf)","[59, 82)",True
f1opt,0.0014587263576686,2293.png,124,Truck Tractor,0.0017033265903592,bkg,-1,23.827880353722115,145,1536.0932502746582,1159.6279296875,1550.178011894226,1199.938720703125,71.68455505371094,"[16, 24)","[97, inf)","[59, 82)",True
f1opt,0.0014587263576686,2293.png,125,Truck Tractor,0.001523781218566,bkg,-1,22.03365910222884,145,668.36962890625,1702.2669744491575,707.63916015625,1714.6297941207886,52.85384750366211,"[16, 24)","[97, inf)","[45, 59)",True
f1opt,0.0014587263576686,2293.png,126,Truck Tractor,0.0015063371974974,bkg,-1,10.05901035668272,145,2554.9345703125,616.47216796875,2560.0,636.447509765625,61.341270446777344,"[8, 16)","[97, inf)","[59, 82)",True
f1opt,0.0014587263576686,2293.png,127,Truck Tractor,0.0014610445359721,bkg,-1,17.678787195036687,145,1772.0201416015625,2001.3243103027344,1791.5550537109375,2017.3233337402344,51.358821868896484,"[16, 24)","[97, inf)","[45, 59)",True
f1opt,0.002893827855587,2308.png,0,Cargo Truck,0.8267036080360413,bkg,-1,24.975549889740794,76,5854.693756103516,2230.8896484375,5874.908843994141,2261.7467041015625,40.425594329833984,"[24, 32)","[31, 76)","[-inf, 45)",True
f1opt,0.002893827855587,2308.png,1,Cargo Truck,0.8197585940361023,TP,40,33.27192892813842,76,5738.455261230469,2449.442626953125,5765.747741699219,2490.0040283203125,60.974491119384766,"[32, 48)","[31, 76)","[59, 82)",False
f1opt,0.002893827855587,2308.png,2,Cargo Truck,0.8177234530448914,bkg,-1,28.071043282648986,76,5716.720642089844,1832.3971557617188,5740.118103027344,1866.0753173828125,35.9337158203125,"[24, 32)","[31, 76)","[-inf, 45)",True
f1opt,0.002893827855587,2308.png,3,Cargo Truck,0.8125796318054199,TP,71,33.51213938521036,76,3976.9453125,3712.8880615234375,4004.468627929688,3753.692138671875,96.15845489501953,"[32, 48)","[31, 76)","[82, inf)",False
f1opt,0.002893827855587,2308.png,4,Cargo Truck,0.808682382106781,bkg,-1,20.816917423894886,76,6418.949920654297,4292.46875,6435.856719970703,4318.10009765625,83.37242889404297,"[16, 24)","[31, 76)","[82, inf)",True
f1opt,0.002893827855587,2308.png,5,Cargo Truck,0.6768501996994019,bkg,-1,36.66476307916364,76,1762.724639892578,1734.7959594726562,1793.9457092285156,1777.8535766601562,22.33025550842285,"[32, 48)","[31, 76)","[-inf, 45)",True
f1opt,0.002893827855587,2308.png,6,Cargo Truck,0.6460688710212708,bkg,-1,19.300629218931142,76,5298.7110595703125,4419.9271240234375,5328.302978515625,4432.515502929688,30.135944366455078,"[16, 24)","[31, 76)","[-inf, 45)",True
f1opt,0.002893827855587,2308.png,7,Cargo Truck,0.6126887798309326,bkg,-1,41.344715098493815,76,3978.138427734375,1468.052001953125,4011.611083984375,1519.1201171875,49.00848388671875,"[32, 48)","[31, 76)","[45, 59)",True
f1opt,0.002893827855587,2308.png,8,Cargo Truck,0.5765699148178101,bkg,-1,50.19863061290992,76,4725.058410644531,77.36900329589844,4774.302307128906,128.54087829589844,21.13192367553711,"[48, 96)","[31, 76)","[-inf, 45)",True
f1opt,0.002893827855587,2308.png,9,Cargo Truck,0.5494607090950012,bkg,-1,42.4593706370047,76,4065.6158752441406,1566.8079223632812,4101.591735839844,1616.9192504882812,38.80021286010742,"[32, 48)","[31, 76)","[-inf, 45)",True
f1opt,0.002893827855587,2308.png,10,Cargo Truck,0.4997206032276153,bkg,-1,32.0486666045128,76,6356.2474365234375,5031.1357421875,6397.3829345703125,5056.1048583984375,107.77198028564453,"[32, 48)","[31, 76)","[82, inf)",True
f1opt,0.002893827855587,2308.png,11,Cargo Truck,0.4667950570583343,bkg,-1,31.66340563111833,76,5877.091369628906,2319.5694580078125,5901.727111816406,2360.2652587890625,44.46571350097656,"[24, 32)","[31, 76)","[-inf, 45)",True
f1opt,0.002893827855587,2308.png,12,Cargo Truck,0.4532418847084045,bkg,-1,39.5540596571497,76,5778.0084228515625,1864.3773193359373,5808.089660644531,1916.3872680664065,32.40109634399414,"[32, 48)","[31, 76)","[-inf, 45)",True
f1opt,0.002893827855587,2308.png,13,Cargo Truck,0.418373167514801,bkg,-1,25.882433549460966,76,3106.599174499512,318.78485107421875,3128.1415100097656,349.8817749023437,26.98097801208496,"[24, 32)","[31, 76)","[-inf, 45)",True
f1opt,0.002893827855587,2308.png,14,Cargo Truck,0.4103708565235138,TP,37,47.08419602285177,76,6367.856658935547,2825.38623046875,6405.669982910156,2884.0142822265625,79.998291015625,"[32, 48)","[31, 76)","[59, 82)",False
f1opt,0.002893827855587,2308.png,15,Cargo Truck,0.3725366294384002,bkg,-1,16.523551690832065,76,6477.931243896484,4310.014984130859,6503.703033447266,4320.609039306641,73.13468170166016,"[16, 24)","[31, 76)","[59, 82)",True
f1opt,0.002893827855587,2308.png,16,Cargo Truck,0.3480311930179596,bkg,-1,21.128009170021706,76,2215.2530517578125,0.0,2237.7938232421875,19.80379295349121,23.423913955688477,"[16, 24)","[31, 76)","[-inf, 45)",True
f1opt,0.002893827855587,2308.png,17,Cargo Truck,0.3411390781402588,TP,54,24.82932523943619,76,342.6497802734375,898.887939453125,364.5452880859375,927.044189453125,64.00579833984375,"[24, 32)","[31, 76)","[59, 82)",False
f1opt,0.002893827855587,2308.png,18,Cargo Truck,0.2451591342687606,bkg,-1,25.402290910257886,76,5164.160888671875,1966.0562133789065,5207.6396484375,1980.897399902344,47.4121208190918,"[24, 32)","[31, 76)","[45, 59)",True
f1opt,0.002893827855587,2308.png,19,Cargo Truck,0.2214444726705551,bkg,-1,28.391095444344646,76,5742.302551269531,1695.913116455078,5764.206298828125,1732.7129516601562,18.842105865478516,"[24, 32)","[31, 76)","[-inf, 45)",True
f1opt,0.002893827855587,2308.png,20,Cargo Truck,0.1728646755218505,bkg,-1,37.137955068110024,76,4555.3812255859375,3286.1485595703125,4588.3365478515625,3328.0,61.383052825927734,"[32, 48)","[31, 76)","[59, 82)",True
f1opt,0.002893827855587,2308.png,21,Cargo Truck,0.1575959026813507,TP,46,31.72607246354888,76,5615.419525146484,1358.2843017578125,5640.271331787109,1398.7861328125,29.871482849121094,"[24, 32)","[31, 76)","[-inf, 45)",False
f1opt,0.002893827855587,2308.png,22,Cargo Truck,0.1507594734430313,TP,14,26.60514430370609,76,5626.377197265625,4730.155883789063,5661.307312011719,4750.420166015625,86.17195892333984,"[24, 32)","[31, 76)","[82, inf)",False
f1opt,0.002893827855587,2308.png,23,Cargo Truck,0.1484380662441253,bkg,-1,38.110365014474304,76,3915.704650878906,1454.7755126953125,3946.4607543945312,1501.9986572265625,58.20703125,"[32, 48)","[31, 76)","[45, 59)",True
f1opt,0.0122697269544005,2308.png,24,Truck w/Box,0.1458033174276352,bkg,-1,52.53427648761424,76,2487.4478759765625,2480.2423095703125,2560.0,2518.2818603515625,56.36143493652344,"[48, 96)","[31, 76)","[45, 59)",True
f1opt,0.002893827855587,2308.png,25,Cargo Truck,0.1413336098194122,bkg,-1,47.51055083218958,76,4129.797424316406,4082.127227783203,4168.861999511719,4139.909820556641,101.88017272949219,"[32, 48)","[31, 76)","[82, inf)",True
f1opt,0.002893827855587,2308.png,26,Cargo Truck,0.1384840905666351,bkg,-1,24.889532444808953,76,5901.545654296875,4728.727935791016,5922.464599609375,4758.341705322266,56.692081451416016,"[24, 32)","[31, 76)","[45, 59)",True
f1opt,0.0064783310517668,2308.png,27,Truck w/Flatbed,0.1370166987180709,bkg,-1,52.22200218447084,76,3996.1444396972656,2518.4078369140625,4061.7129821777344,2560.0,29.20598793029785,"[48, 96)","[31, 76)","[-inf, 45)",True
f1opt,0.002893827855587,2308.png,28,Cargo Truck,0.1077642142772674,bkg,-1,25.51249175071797,76,5416.440505981445,3417.148498535156,5454.579284667969,3434.214782714844,26.911680221557617,"[24, 32)","[31, 76)","[-inf, 45)",True
f1opt,0.002893827855587,2308.png,29,Cargo Truck,0.1076815798878669,bkg,-1,26.001293931018306,76,5442.643287658691,2476.7761840820312,5463.47908782959,2509.223571777344,65.57218933105469,"[24, 32)","[31, 76)","[59, 82)",True
f1opt,0.002893827855587,2308.png,30,Cargo Truck,0.0914906412363052,bkg,-1,21.441154820866323,76,4070.553833007813,3206.9389038085938,4096.0,3225.005401611328,44.57500076293945,"[16, 24)","[31, 76)","[-inf, 45)",True
f1opt,0.002893827855587,2308.png,31,Cargo Truck,0.0885874703526496,TP,13,23.13714940296486,76,5977.764465332031,4842.9693603515625,6003.294250488281,4863.9381103515625,77.04376983642578,"[16, 24)","[31, 76)","[59, 82)",False
f1opt,0.002893827855587,2308.png,32,Cargo Truck,0.0880397036671638,bkg,-1,22.98227577904562,76,6162.79860496521,3904.589141845703,6194.192588806152,3921.413543701172,51.19865417480469,"[16, 24)","[31, 76)","[45, 59)",True
f1opt,0.002893827855587,2308.png,33,Cargo Truck,0.0785936042666435,bkg,-1,15.775110291496004,76,4082.6851806640634,3300.529541015625,4095.986083984375,3319.2391052246094,75.44999694824219,"[8, 16)","[31, 76)","[59, 82)",True
f1opt,0.002893827855587,2308.png,34,Cargo Truck,0.0750461146235466,bkg,-1,26.515170965598816,76,2163.6348876953125,7.881271362304687,2186.349853515625,38.83242034912109,36.52734375,"[24, 32)","[31, 76)","[-inf, 45)",True
f1opt,0.002893827855587,2308.png,35,Cargo Truck,0.0667892023921012,TP,33,40.625176651277144,76,6268.383483886719,2920.349609375,6329.512634277344,2947.3482666015625,56.71486282348633,"[32, 48)","[31, 76)","[45, 59)",False
f1opt,0.0122697269544005,2308.png,36,Truck w/Box,0.0656572952866554,bkg,-1,22.14701578666835,76,872.416015625,3990.469604492188,913.5723876953124,4002.3873291015625,59.68681335449219,"[16, 24)","[31, 76)","[59, 82)",True
f1opt,0.0122697269544005,2308.png,37,Truck w/Box,0.0612666569650173,cls,74,31.776358761143413,76,3364.4696044921875,3299.3106689453125,3399.6651611328125,3328.0,58.63505935668945,"[24, 32)","[31, 76)","[45, 59)",True
f1opt,0.002893827855587,2308.png,38,Cargo Truck,0.0588172487914562,bkg,-1,30.184264636319302,76,5751.417236328125,4754.1361083984375,5777.630676269531,4788.8927001953125,88.31534576416016,"[24, 32)","[31, 76)","[82, inf)",True
f1opt,0.002893827855587,2308.png,39,Cargo Truck,0.0512906536459922,bkg,-1,28.995780030693542,76,1941.5499877929688,982.9205322265624,1966.6513671875,1016.4149169921876,89.0824203491211,"[24, 32)","[31, 76)","[82, inf)",True
f1opt,0.0014587263576686,2308.png,40,Truck Tractor,0.0422740429639816,bkg,-1,13.85307790961183,76,6598.214538574219,3072.4746232032776,6625.993103027344,3079.383107185364,49.48214340209961,"[8, 16)","[31, 76)","[45, 59)",True
f1opt,0.0014587263576686,2308.png,41,Truck Tractor,0.0392223298549652,bkg,-1,25.16335439250316,76,3840.0,1536.659652709961,3858.519233703613,1570.850830078125,67.71428680419922,"[24, 32)","[31, 76)","[59, 82)",True
f1opt,0.002893827855587,2308.png,42,Cargo Truck,0.0360333919525146,bkg,-1,26.73467618487631,76,4641.880386352539,768.1234951019287,4674.393974304199,790.1063938140869,43.239131927490234,"[24, 32)","[31, 76)","[-inf, 45)",True
f1opt,0.002893827855587,2308.png,43,Cargo Truck,0.0342562869191169,TP,44,29.030727423346974,76,5872.736633300781,2468.8551330566406,5896.183410644531,2504.7996520996094,58.68864822387695,"[24, 32)","[31, 76)","[45, 59)",False
f1opt,0.002893827855587,2308.png,44,Cargo Truck,0.0336220860481262,bkg,-1,29.467268456253983,76,2677.4349975585938,1524.3814697265625,2703.866516113281,1557.233154296875,27.724401473999023,"[24, 32)","[31, 76)","[-inf, 45)",True
f1opt,0.002893827855587,2308.png,45,Cargo Truck,0.033206183463335,bkg,-1,17.193869890864846,76,4525.810302734375,2304.09160900116,4565.03076171875,2311.629235267639,22.335365295410156,"[16, 24)","[31, 76)","[-inf, 45)",True
f1opt,0.002893827855587,2308.png,46,Cargo Truck,0.032354213297367,bkg,-1,47.98566935335984,76,4891.984954833984,235.9940490722656,4949.219573974609,276.2253723144531,21.286117553710938,"[32, 48)","[31, 76)","[-inf, 45)",True
f1opt,0.002893827855587,2308.png,47,Cargo Truck,0.0306967943906784,bkg,-1,11.626380830710914,76,4088.697509765625,3721.183349609375,4096.0,3739.69384765625,54.78947448730469,"[8, 16)","[31, 76)","[45, 59)",True
f1opt,0.0122697269544005,2308.png,48,Truck w/Box,0.03056769259274,bkg,-1,36.50639789603098,76,6373.3037109375,2146.180419921875,6427.808410644531,2170.6318359375,29.672727584838867,"[32, 48)","[31, 76)","[-inf, 45)",True
f1opt,0.002893827855587,2308.png,49,Cargo Truck,0.030415004119277,bkg,-1,17.66145513236198,76,3701.258666992188,4434.142276287079,3747.8919677734375,4440.831208705902,55.9696044921875,"[16, 24)","[31, 76)","[45, 59)",True
f1opt,0.002893827855587,2308.png,50,Cargo Truck,0.0302708614617586,bkg,-1,27.48415714625767,76,1536.0,4901.976318359375,1549.1354207992554,4959.483337402344,86.67070007324219,"[24, 32)","[31, 76)","[82, inf)",True
f1opt,0.002893827855587,2308.png,51,Cargo Truck,0.0296677220612764,loc,47,26.733748943661308,76,5617.0352783203125,1143.8417358398438,5632.0,1191.6002807617188,23.03265380859375,"[24, 32)","[31, 76)","[-inf, 45)",True
f1opt,0.002893827855587,2308.png,52,Cargo Truck,0.0287069343030452,bkg,-1,19.922683722686255,76,2022.9187927246091,863.0303497314453,2039.375030517578,887.1496734619141,35.106666564941406,"[16, 24)","[31, 76)","[-inf, 45)",True
f1opt,0.002893827855587,2308.png,53,Cargo Truck,0.0276889353990554,bkg,-1,16.045880934220754,76,768.0,2306.030639648437,773.6559867858887,2351.5523681640625,55.996376037597656,"[16, 24)","[31, 76)","[45, 59)",True
f1opt,0.002893827855587,2308.png,54,Cargo Truck,0.0274097248911857,bkg,-1,19.42616978938889,76,2548.7042236328125,122.45567321777344,2560.0,155.86427307128906,37.23774337768555,"[16, 24)","[31, 76)","[-inf, 45)",True
f1opt,0.002893827855587,2308.png,55,Cargo Truck,0.0261308774352073,bkg,-1,54.42976969066222,76,2483.276580810547,2479.885009765625,2563.8072814941406,2516.6734619140625,54.51624298095703,"[48, 96)","[31, 76)","[45, 59)",True
f1opt,0.0064783310517668,2308.png,56,Truck w/Flatbed,0.0256059169769287,bkg,-1,37.95527750537132,76,3194.0362548828125,188.39508056640625,3218.859741210937,246.428955078125,10.535593032836914,"[32, 48)","[31, 76)","[-inf, 45)",True
f1opt,0.002893827855587,2308.png,57,Cargo Truck,0.0228915475308895,bkg,-1,13.830111786254982,76,4088.252685546875,3312.5226440429688,4096.0,3337.211456298828,54.721153259277344,"[8, 16)","[31, 76)","[45, 59)",True
f1opt,0.002893827855587,2308.png,58,Cargo Truck,0.0225238297134637,bkg,-1,34.801563438491016,76,4608.0,0.19488525390625,4639.579515457153,38.5472412109375,19.173877716064453,"[32, 48)","[31, 76)","[-inf, 45)",True
f1opt,0.002893827855587,2308.png,59,Cargo Truck,0.0223923064768314,bkg,-1,36.13632290464276,76,5488.997344970703,566.8486328125,5516.911834716797,613.62841796875,20.136493682861328,"[32, 48)","[31, 76)","[-inf, 45)",True
f1opt,0.0122697269544005,2308.png,60,Truck w/Box,0.0220472291111946,bkg,-1,25.915883914832772,76,7170.041748046875,3981.926818847656,7204.0,4001.705017089844,96.37255096435547,"[24, 32)","[31, 76)","[82, inf)",True
f1opt,0.0122697269544005,2308.png,61,Truck w/Box,0.0219797305762767,bkg,-1,22.1507327927301,76,3007.3682861328125,3318.943115234375,3061.5430908203125,3328.0,23.043636322021484,"[16, 24)","[31, 76)","[-inf, 45)",True
f1opt,0.002893827855587,2308.png,62,Cargo Truck,0.0218380987644195,bkg,-1,33.01441632498795,76,6773.859375,2669.121154785156,6824.547607421875,2690.6242065429688,59.901222229003906,"[32, 48)","[31, 76)","[59, 82)",True
f1opt,0.002893827855587,2308.png,63,Cargo Truck,0.0208105109632015,bkg,-1,54.18245014493493,76,4608.0,106.02389526367188,4648.076713562012,179.27685546875,19.41232681274414,"[48, 96)","[31, 76)","[-inf, 45)",True
f1opt,0.002893827855587,2308.png,64,Cargo Truck,0.0206629410386085,bkg,-1,25.54747724216938,76,3199.3408203125,150.82723999023438,3221.2330322265625,180.64028930664065,18.621318817138672,"[24, 32)","[31, 76)","[-inf, 45)",True
f1opt,0.002893827855587,2308.png,65,Cargo Truck,0.0205633677542209,bkg,-1,22.4606349247994,76,5753.193298339844,2532.316650390625,5771.973693847656,2559.1787109375,26.921052932739258,"[16, 24)","[31, 76)","[-inf, 45)",True
f1opt,0.002893827855587,2308.png,66,Cargo Truck,0.0198918841779232,bkg,-1,35.77997238487679,76,0.0,768.0,23.00703430175781,823.6441307067871,47.996280670166016,"[32, 48)","[31, 76)","[45, 59)",True
f1opt,0.002893827855587,2308.png,67,Cargo Truck,0.0184600707143545,bkg,-1,12.197037588878663,76,4089.171142578125,3704.71484375,4096.0,3726.5,58.826087951660156,"[8, 16)","[31, 76)","[45, 59)",True
f1opt,0.002893827855587,2308.png,68,Cargo Truck,0.0183976031839847,both,41,28.57780296390348,76,5366.7327880859375,2421.135986328125,5389.8516845703125,2456.461669921875,71.97338104248047,"[24, 32)","[31, 76)","[59, 82)",True
f1opt,0.002893827855587,2308.png,69,Cargo Truck,0.0179587751626968,bkg,-1,39.96056210755473,76,3840.134693145752,1486.9892578125,3863.215534210205,1556.1741943359375,58.16549301147461,"[32, 48)","[31, 76)","[45, 59)",True
f1opt,0.002893827855587,2308.png,70,Cargo Truck,0.0174741875380277,bkg,-1,28.12436549543864,76,3072.0,2639.67333984375,3094.114288330078,2675.441162109375,39.43360900878906,"[24, 32)","[31, 76)","[-inf, 45)",True
f1opt,0.002893827855587,2308.png,71,Cargo Truck,0.0174229331314563,both,41,30.11568194830564,76,5351.72802734375,2433.188720703125,5377.81982421875,2467.9488525390625,83.69100189208984,"[24, 32)","[31, 76)","[82, inf)",True
f1opt,0.002893827855587,2308.png,72,Cargo Truck,0.015979841351509,TP,52,28.767454293079243,76,2446.931915283203,3123.237648010254,2482.6456604003906,3146.4098587036133,123.159912109375,"[24, 32)","[31, 76)","[82, inf)",False
f1opt,0.002893827855587,2308.png,73,Cargo Truck,0.0155150927603244,bkg,-1,41.8008398337776,76,5652.509460449219,2480.622436523437,5688.4573974609375,2529.2291259765625,38.3940544128418,"[32, 48)","[31, 76)","[-inf, 45)",True
f1opt,0.002893827855587,2308.png,74,Cargo Truck,0.0142240235581994,bkg,-1,74.00170480932702,76,4520.839172363281,573.4150390625,4602.380554199219,640.57421875,20.69383430480957,"[48, 96)","[31, 76)","[-inf, 45)",True
f1opt,0.002893827855587,2308.png,75,Cargo Truck,0.0138644576072692,bkg,-1,22.044601280603267,76,5561.182220458984,1560.182373046875,5579.804962158203,1586.277587890625,26.52436637878418,"[16, 24)","[31, 76)","[-inf, 45)",True
f1opt,0.002893827855587,2308.png,76,Cargo Truck,0.0135930338874459,bkg,-1,21.692718313671847,76,5612.3306884765625,2347.2320556640625,5631.9613037109375,2371.203491210937,19.058000564575195,"[16, 24)","[31, 76)","[-inf, 45)",True
f1opt,0.0122697269544005,2308.png,77,Truck w/Box,0.0134502109140157,cls,56,46.5559643077254,76,1883.1290588378904,4205.62060546875,1924.3980407714844,4258.140869140625,46.02689743041992,"[32, 48)","[31, 76)","[45, 59)",True
f1opt,0.002893827855587,2308.png,78,Cargo Truck,0.013134554028511,bkg,-1,14.407217284971228,76,1772.2396240234375,584.0263061523438,1791.6900634765625,594.6979370117188,45.54999923706055,"[8, 16)","[31, 76)","[45, 59)",True
f1opt,0.002893827855587,2308.png,79,Cargo Truck,0.0130206244066357,bkg,-1,17.232225584420508,76,57.26344299316406,2304.204605102539,76.80525207519531,2319.40020942688,69.1031265258789,"[16, 24)","[31, 76)","[59, 82)",True
f1opt,0.002893827855587,2308.png,80,Cargo Truck,0.0126598877832293,bkg,-1,32.71496077280263,76,2304.136324882508,2486.5535888671875,2319.0151929855347,2558.485717773437,48.1241455078125,"[32, 48)","[31, 76)","[45, 59)",True
f1opt,0.002893827855587,2308.png,81,Cargo Truck,0.011964151635766,bkg,-1,32.02800810860622,76,5118.54150390625,1536.418487548828,5167.588134765625,1557.3331413269043,22.169090270996094,"[32, 48)","[31, 76)","[-inf, 45)",True
f1opt,0.002893827855587,2308.png,82,Cargo Truck,0.0119263548403978,bkg,-1,27.200657836057125,76,4057.9423828125,3183.6746368408203,4093.84130859375,3204.2846069335938,61.332923889160156,"[24, 32)","[31, 76)","[59, 82)",True
f1opt,0.002893827855587,2308.png,83,Cargo Truck,0.0113492514938116,bkg,-1,43.5746302417252,76,0.0,1565.9771728515625,32.57687759399414,1624.2623291015625,76.62272644042969,"[32, 48)","[31, 76)","[59, 82)",True
f1opt,0.002893827855587,2308.png,84,Cargo Truck,0.0107764210551977,bkg,-1,31.914902907275458,76,4846.388549804688,3873.759880065918,4864.0,3931.595039367676,46.2401123046875,"[24, 32)","[31, 76)","[45, 59)",True
f1opt,0.002893827855587,2308.png,85,Cargo Truck,0.0105526596307754,bkg,-1,34.818746242299405,76,4608.001029968262,463.7945556640625,4624.935308456421,535.3857421875,18.122482299804688,"[32, 48)","[31, 76)","[-inf, 45)",True
f1opt,0.002893827855587,2308.png,86,Cargo Truck,0.0101521052420139,bkg,-1,32.416397371967314,76,4031.76171875,4315.635314941406,4061.986572265625,4350.402160644531,74.36200714111328,"[32, 48)","[31, 76)","[59, 82)",True
f1opt,0.0064783310517668,2308.png,87,Truck w/Flatbed,0.0099911000579595,bkg,-1,29.958843414241663,76,6180.0,3673.42724609375,6194.041591644287,3737.346801757813,66.65128326416016,"[24, 32)","[31, 76)","[59, 82)",True
f1opt,0.002893827855587,2308.png,88,Cargo Truck,0.0095923133194446,bkg,-1,30.092737005540698,76,6278.948852539063,2981.329406738281,6321.6973876953125,3002.5131225585938,41.1921501159668,"[24, 32)","[31, 76)","[-inf, 45)",True
f1opt,0.002893827855587,2308.png,89,Cargo Truck,0.0092979297041893,bkg,-1,18.108262571949233,76,5302.0166015625,1536.2251892089844,5328.863159179688,1548.4393873214722,15.997151374816895,"[16, 24)","[31, 76)","[-inf, 45)",True
f1opt,0.0064783310517668,2308.png,90,Truck w/Flatbed,0.009224553592503,bkg,-1,28.048852673353753,76,2081.935913085937,1370.6377563476562,2133.881225585937,1385.7832641601562,65.0978775024414,"[24, 32)","[31, 76)","[59, 82)",True
f1opt,0.002893827855587,2308.png,91,Cargo Truck,0.0091028902679681,bkg,-1,12.888607050093466,76,3905.17724609375,4434.411799430847,3923.8330078125,4443.316082954407,31.600000381469727,"[8, 16)","[31, 76)","[-inf, 45)",True
f1opt,0.002893827855587,2308.png,92,Cargo Truck,0.0089377267286181,loc,62,20.10129535192117,76,1775.1468505859375,2261.0466918945312,1792.0,2285.0221557617188,81.66588592529297,"[16, 24)","[31, 76)","[59, 82)",True
f1opt,0.002893827855587,2308.png,93,Cargo Truck,0.0087091941386461,bkg,-1,19.207660584829224,76,5516.659729003906,2983.1573486328125,5534.233337402344,3004.1510009765625,88.63397216796875,"[16, 24)","[31, 76)","[82, inf)",True
f1opt,0.002893827855587,2308.png,94,Cargo Truck,0.0085080033168196,bkg,-1,38.30460133382755,76,1056.4141235351562,3108.221260070801,1105.1175537109375,3138.3473205566406,66.72451782226562,"[32, 48)","[31, 76)","[59, 82)",True
f1opt,0.002893827855587,2308.png,95,Cargo Truck,0.00848616566509,bkg,-1,12.031953409613283,76,1778.0599365234375,2289.4627685546875,1791.9898681640625,2299.8553466796875,65.98701477050781,"[8, 16)","[31, 76)","[59, 82)",True
f1opt,0.002893827855587,2308.png,96,Cargo Truck,0.0079783722758293,bkg,-1,21.981102305173163,76,7027.5673828125,3182.243721008301,7056.30419921875,3199.057304382324,70.90740966796875,"[16, 24)","[31, 76)","[59, 82)",True
f1opt,0.002893827855587,2308.png,97,Cargo Truck,0.0079353731125593,bkg,-1,8.76778955644425,76,2506.942626953125,1725.479248046875,2513.074951171875,1738.01513671875,36.79464340209961,"[8, 16)","[31, 76)","[-inf, 45)",True
f1opt,0.002893827855587,2308.png,98,Cargo Truck,0.0078186662867665,bkg,-1,32.19465707570077,76,6180.0,528.9130859375,6203.633899688721,572.7694091796875,29.133333206176758,"[32, 48)","[31, 76)","[-inf, 45)",True
f1opt,0.002893827855587,2308.png,99,Cargo Truck,0.0077600805088877,bkg,-1,27.141656404705486,76,4082.970947265625,1531.734375,4096.0,1588.27490234375,34.62807846069336,"[24, 32)","[31, 76)","[-inf, 45)",True
f1opt,0.002893827855587,2308.png,100,Cargo Truck,0.0076250657439231,loc,62,13.188660195465832,76,1777.415283203125,2280.6407470703125,1791.786376953125,2292.7442626953125,77.96923065185547,"[8, 16)","[31, 76)","[59, 82)",True
f1opt,0.002893827855587,2308.png,101,Cargo Truck,0.007618477102369,bkg,-1,29.94906163550696,76,3313.08447265625,139.55517578125,3328.0,199.69024658203125,19.48087501525879,"[24, 32)","[31, 76)","[-inf, 45)",True
f1opt,0.002893827855587,2308.png,102,Cargo Truck,0.0075066117569804,bkg,-1,19.588868477259012,76,3899.1481323242183,5451.1549072265625,3955.206359863281,5458.0,94.05513763427734,"[16, 24)","[31, 76)","[82, inf)",True
f1opt,0.002893827855587,2308.png,103,Cargo Truck,0.0074404207989573,bkg,-1,34.24093050698146,76,5419.567565917969,517.3333740234375,5445.802581787109,562.0233154296875,24.22866439819336,"[32, 48)","[31, 76)","[-inf, 45)",True
f1opt,0.002893827855587,2308.png,104,Cargo Truck,0.0070754932239651,TP,73,43.98371641180908,76,4438.461791992188,201.32522583007807,4483.0596923828125,244.7032165527344,34.96640396118164,"[32, 48)","[31, 76)","[-inf, 45)",False
f1opt,0.002893827855587,2308.png,105,Cargo Truck,0.0069478312507271,bkg,-1,23.659538713180268,76,948.3822631835938,2121.397216796875,970.8341674804688,2146.329345703125,84.83612060546875,"[16, 24)","[31, 76)","[82, inf)",True
f1opt,0.0064783310517668,2308.png,106,Truck w/Flatbed,0.0069424547255039,cls,59,25.155000603493473,76,793.6093139648438,2788.740600585937,813.7450561523438,2820.166015625,76.1515121459961,"[24, 32)","[31, 76)","[59, 82)",True
f1opt,0.002893827855587,2308.png,107,Cargo Truck,0.0068048173561692,bkg,-1,51.421513847976854,76,5733.547180175781,1443.6273193359375,5769.858337402344,1516.4471435546875,24.433162689208984,"[48, 96)","[31, 76)","[-inf, 45)",True
f1opt,0.0064783310517668,2308.png,108,Truck w/Flatbed,0.0067812744528055,bkg,-1,90.08553777691571,76,4647.1466064453125,2488.6724853515625,4769.222534179688,2555.1508178710938,72.65650177001953,"[48, 96)","[31, 76)","[59, 82)",True
f1opt,0.0064783310517668,2308.png,109,Truck w/Flatbed,0.0067806001752614,bkg,-1,40.22052775635456,76,4371.607727050781,992.3212890625,4422.673278808594,1024.0,21.769229888916016,"[32, 48)","[31, 76)","[-inf, 45)",True
f1opt,0.002893827855587,2308.png,110,Cargo Truck,0.0067269322462379,TP,22,26.213827621941135,76,6452.0892333984375,4995.7255859375,6473.09814453125,5028.433837890625,95.58689880371094,"[24, 32)","[31, 76)","[82, inf)",False
f1opt,0.002893827855587,2308.png,111,Cargo Truck,0.0066658202558755,bkg,-1,18.080580959145315,76,3840.263456344605,1630.8084716796875,3849.2073802948,1667.3592529296875,40.12105178833008,"[16, 24)","[31, 76)","[-inf, 45)",True
f1opt,0.002893827855587,2308.png,112,Cargo Truck,0.0063424278050661,bkg,-1,23.77196538587547,76,5921.260925292969,4810.8448486328125,5949.071350097656,4831.164794921875,63.034481048583984,"[16, 24)","[31, 76)","[59, 82)",True
f1opt,0.002893827855587,2308.png,113,Cargo Truck,0.0062718191184103,bkg,-1,26.163754829586537,76,5928.155700683594,4068.119384765625,5953.102844238281,4095.55908203125,35.51511001586914,"[24, 32)","[31, 76)","[-inf, 45)",True
f1opt,0.002893827855587,2308.png,114,Cargo Truck,0.0062057930044829,bkg,-1,26.221675993702718,76,5493.592651367188,2465.9295654296875,5515.0628662109375,2497.9542236328125,31.28590202331543,"[24, 32)","[31, 76)","[-inf, 45)",True
f1opt,0.002893827855587,2308.png,115,Cargo Truck,0.0061538056470453,bkg,-1,38.536849333125375,76,4053.215759277344,1610.5910034179688,4085.525848388672,1656.5546264648438,45.51386260986328,"[32, 48)","[31, 76)","[45, 59)",True
f1opt,0.002893827855587,2308.png,116,Cargo Truck,0.0057766274549067,bkg,-1,21.88014559852949,76,993.174072265625,2123.052734375,1023.83935546875,2138.66455078125,69.84677124023438,"[16, 24)","[31, 76)","[59, 82)",True
f1opt,0.002893827855587,2308.png,117,Cargo Truck,0.0057738455943763,bkg,-1,29.000485596003173,76,5927.828002929688,4721.4954833984375,5960.191650390625,4747.482299804688,59.88888931274414,"[24, 32)","[31, 76)","[59, 82)",True
f1opt,0.002893827855587,2308.png,118,Cargo Truck,0.0056353262625634,bkg,-1,26.522414538020794,76,5833.012268066406,4651.689544677734,5862.444885253906,4675.589508056641,59.90399932861328,"[24, 32)","[31, 76)","[59, 82)",True
f1opt,0.0014587263576686,2308.png,119,Truck Tractor,0.0055486201308667,bkg,-1,20.488593758980645,76,3850.714942932129,1536.0376768112185,3883.8069076538086,1548.723006248474,64.1787338256836,"[16, 24)","[31, 76)","[59, 82)",True
f1opt,0.002893827855587,2308.png,120,Cargo Truck,0.0053922673687338,bkg,-1,28.435544955901275,76,6221.125244140625,3840.408683776856,6249.7880859375,3868.618734359741,47.33055877685547,"[24, 32)","[31, 76)","[45, 59)",True
f1opt,0.002893827855587,2308.png,121,Cargo Truck,0.0053699566051363,bkg,-1,7.5918741028442005,76,2503.3389892578125,1726.6065673828125,2508.0565185546875,1738.8240966796875,31.961538314819336,"[0, 8)","[31, 76)","[-inf, 45)",True
f1opt,0.002893827855587,2308.png,122,Cargo Truck,0.0052630961872637,bkg,-1,15.150179408210313,76,4085.117919921875,198.16798400878903,4096.0,219.26026916503903,30.086776733398438,"[8, 16)","[31, 76)","[-inf, 45)",True
f1opt,0.002893827855587,2308.png,123,Cargo Truck,0.0052452990785241,bkg,-1,15.766319779848923,76,1785.466567993164,4755.4945068359375,1799.0638427734375,4773.77587890625,76.54386138916016,"[8, 16)","[31, 76)","[59, 82)",True
f1opt,0.002893827855587,2308.png,124,Cargo Truck,0.0051486794836819,bkg,-1,27.990530703826803,76,3840.0,1580.6785888671875,3851.307982444763,1649.9632568359375,43.82619094848633,"[24, 32)","[31, 76)","[-inf, 45)",True
f1opt,0.002893827855587,2308.png,125,Cargo Truck,0.0048765349201858,bkg,-1,26.34921371982538,76,4608.115795135498,3840.0,4623.749255180359,3884.409942626953,67.89583587646484,"[24, 32)","[31, 76)","[59, 82)",True
f1opt,0.002893827855587,2308.png,126,Cargo Truck,0.0047947824932634,bkg,-1,54.81597713633326,76,3677.607666015625,2470.3629150390625,3714.029541015625,2552.862548828125,44.111602783203125,"[48, 96)","[31, 76)","[-inf, 45)",True
f1opt,0.002893827855587,2308.png,127,Cargo Truck,0.0045776758342981,bkg,-1,15.374269939161723,76,5625.084838867188,2412.55224609375,5632.0,2446.7333984375,24.58775520324707,"[8, 16)","[31, 76)","[-inf, 45)",True
f1opt,0.002893827855587,2308.png,128,Cargo Truck,0.0045511722564697,bkg,-1,30.629061190692738,76,3454.811828613281,2304.919132232666,3489.8322143554688,2331.7075119018555,43.675594329833984,"[24, 32)","[31, 76)","[-inf, 45)",True
f1opt,0.002893827855587,2308.png,129,Cargo Truck,0.0044224280864,bkg,-1,32.71551525685078,76,5512.429351806641,67.00265502929688,5566.482940673828,86.803466796875,28.51909065246582,"[32, 48)","[31, 76)","[-inf, 45)",True
f1opt,0.002893827855587,2308.png,130,Cargo Truck,0.0040185409598052,bkg,-1,18.863131343314905,76,4087.600708007813,1655.3551330566406,4096.0,1697.7179565429688,30.11369514465332,"[16, 24)","[31, 76)","[-inf, 45)",True
f1opt,0.002893827855587,2308.png,131,Cargo Truck,0.0040018232539296,bkg,-1,20.075345976552672,76,2543.6018981933594,3072.033914089203,2594.7781677246094,3079.9090390205383,61.54086685180664,"[16, 24)","[31, 76)","[59, 82)",True
f1opt,0.002893827855587,2308.png,132,Cargo Truck,0.0036776387132704,bkg,-1,11.73507854165885,76,5624.325805664063,4717.939086914063,5632.0,4735.8839111328125,31.138158798217773,"[8, 16)","[31, 76)","[-inf, 45)",True
f1opt,0.002893827855587,2308.png,133,Cargo Truck,0.0036648714449256,bkg,-1,32.28677594506182,76,4622.1202392578125,3291.8775634765625,4651.112182617188,3327.8336181640625,39.42162322998047,"[32, 48)","[31, 76)","[-inf, 45)",True
f1opt,0.002893827855587,2308.png,134,Cargo Truck,0.0036185618955641,bkg,-1,36.901378348821844,76,4368.195617675781,993.2227783203124,4412.439758300781,1024.0,21.25878143310547,"[32, 48)","[31, 76)","[-inf, 45)",True
f1opt,0.002893827855587,2308.png,135,Cargo Truck,0.0035774933639913,bkg,-1,22.837957694741316,76,5383.223419189453,3448.6384887695312,5416.257064819336,3464.4276123046875,29.61937713623047,"[16, 24)","[31, 76)","[-inf, 45)",True
f1opt,0.002893827855587,2308.png,136,Cargo Truck,0.0035770495887845,bkg,-1,20.190931876785303,76,6506.394409179688,4280.636566162109,6522.680603027344,4305.668426513672,92.87104034423828,"[16, 24)","[31, 76)","[82, inf)",True
f1opt,0.002893827855587,2308.png,137,Cargo Truck,0.0035658453125506,bkg,-1,19.3244727943868,76,3549.67919921875,40.9625244140625,3566.085693359375,63.72395324707031,16.726852416992188,"[16, 24)","[31, 76)","[-inf, 45)",True
f1opt,0.0014587263576686,2308.png,138,Truck Tractor,0.0035410260315984,bkg,-1,21.75400422727171,76,4608.0,2300.566772460937,4625.185111999512,2328.1043701171875,19.3065128326416,"[16, 24)","[31, 76)","[-inf, 45)",True
f1opt,0.002893827855587,2308.png,139,Cargo Truck,0.0034615872427821,bkg,-1,42.02308423336547,76,6204.209808349609,3713.2154541015625,6229.812194824219,3782.1910400390634,49.46538543701172,"[32, 48)","[31, 76)","[45, 59)",True
f1opt,0.002893827855587,2308.png,140,Cargo Truck,0.0034217233769595,bkg,-1,16.191779978572306,76,5262.4652099609375,1536.2910442352295,5286.5169677734375,1547.191442489624,28.18666648864746,"[16, 24)","[31, 76)","[-inf, 45)",True
f1opt,0.002893827855587,2308.png,141,Cargo Truck,0.0034161328803747,bkg,-1,33.73517971284928,76,4065.297119140625,1818.8541259765625,4094.0986328125,1858.368103027344,53.57642364501953,"[32, 48)","[31, 76)","[45, 59)",True
f1opt,0.002893827855587,2308.png,142,Cargo Truck,0.0033934290986508,bkg,-1,16.46686912833632,76,2834.6980590820312,768.4825601577759,2866.7457885742188,776.9436206817627,31.80471420288086,"[16, 24)","[31, 76)","[-inf, 45)",True
f1opt,0.002893827855587,2308.png,143,Cargo Truck,0.0033318470232188,TP,63,22.409842731821943,76,1719.96337890625,1795.2557983398438,1738.708251953125,1822.0471801757808,64.1482162475586,"[16, 24)","[31, 76)","[59, 82)",False
f1opt,0.002893827855587,2308.png,144,Cargo Truck,0.0033244325313717,bkg,-1,18.892408580210653,76,3313.1430053710938,2535.448181152344,3327.836853027344,2559.7388305664062,33.026668548583984,"[16, 24)","[31, 76)","[-inf, 45)",True
f1opt,0.002893827855587,2308.png,145,Cargo Truck,0.0033045888412743,bkg,-1,22.36189817707714,76,5692.1455078125,4816.246765136719,5721.092590332031,4833.521545410156,55.05925750732422,"[16, 24)","[31, 76)","[45, 59)",True
f1opt,0.002893827855587,2308.png,146,Cargo Truck,0.0032694053370505,bkg,-1,33.07021971025048,76,3840.0,2460.063415527344,3855.695762634277,2529.7407836914062,44.253570556640625,"[32, 48)","[31, 76)","[-inf, 45)",True
f1opt,0.002893827855587,2308.png,147,Cargo Truck,0.0032290646340698,bkg,-1,19.075719764535094,76,6144.0,490.0997009277344,6151.312147140503,539.8638916015625,13.462499618530273,"[16, 24)","[31, 76)","[-inf, 45)",True
f1opt,0.002893827855587,2308.png,148,Cargo Truck,0.0032208964694291,bkg,-1,28.9061255478113,76,4559.0166015625,3250.2908935546875,4581.658203125,3287.19482421875,46.04004669189453,"[24, 32)","[31, 76)","[45, 59)",True
f1opt,0.002893827855587,2308.png,149,Cargo Truck,0.0032074784394353,bkg,-1,15.94640836549005,76,94.82190704345705,4888.1085205078125,108.5925521850586,4906.574462890625,65.29824829101562,"[8, 16)","[31, 76)","[59, 82)",True
f1opt,0.0014587263576686,2308.png,150,Truck Tractor,0.0031965477392077,bkg,-1,16.619956438529204,76,3077.719151496887,3317.1295166015625,3103.1295166015625,3328.0,37.68687057495117,"[16, 24)","[31, 76)","[-inf, 45)",True
f1opt,0.002893827855587,2308.png,151,Cargo Truck,0.0031642746180295,bkg,-1,19.923576979126377,76,5283.131896972656,1536.3853673934937,5317.243469238281,1548.0221490859983,22.55384635925293,"[16, 24)","[31, 76)","[-inf, 45)",True
f1opt,0.002893827855587,2308.png,152,Cargo Truck,0.0031407033093273,bkg,-1,17.49736429955291,76,5768.174743652344,2544.3126220703125,5787.750793457031,2559.9520263671875,32.8125,"[16, 24)","[31, 76)","[-inf, 45)",True
f1opt,0.002893827855587,2308.png,153,Cargo Truck,0.0031018177978694,bkg,-1,28.19367095487001,76,5376.377685546875,1536.8421478271484,5416.499465942383,1556.653907775879,16.860628128051758,"[24, 32)","[31, 76)","[-inf, 45)",True
f1opt,0.002893827855587,2308.png,154,Cargo Truck,0.0030715255998075,bkg,-1,16.38293733490119,76,5455.7177734375,2550.682006835937,5484.8046875,2559.909545898437,43.380001068115234,"[16, 24)","[31, 76)","[-inf, 45)",True
f1opt,0.0014587263576686,2308.png,155,Truck Tractor,0.003022535238415,bkg,-1,25.943705821752093,76,5717.095672607422,4074.313354492188,5748.545806884766,4095.714721679688,39.961647033691406,"[24, 32)","[31, 76)","[-inf, 45)",True
f1opt,0.002893827855587,2308.png,156,Cargo Truck,0.0030219866894185,TP,72,28.403669844429622,76,3772.6443481445312,3815.263916015625,3809.875061035156,3836.933349609375,93.51435089111328,"[24, 32)","[31, 76)","[82, inf)",False
f1opt,0.002893827855587,2308.png,157,Cargo Truck,0.0029895780608057,bkg,-1,31.340742817748357,76,6180.0,3851.9775390625,6194.925798416138,3917.785888671875,52.33631896972656,"[24, 32)","[31, 76)","[45, 59)",True
f1opt,0.002893827855587,2308.png,158,Cargo Truck,0.0029573838692158,bkg,-1,31.7810982121019,76,2374.866455078125,5440.3487548828125,2432.08837890625,5458.0,38.90583801269531,"[24, 32)","[31, 76)","[-inf, 45)",True
f1opt,0.002893827855587,2308.png,159,Cargo Truck,0.002949469955638,bkg,-1,22.018700140026898,76,3840.0530433654794,5349.392395019531,3851.6568546295166,5391.173767089844,52.20736312866211,"[16, 24)","[31, 76)","[45, 59)",True
f1opt,0.0014587263576686,2308.png,160,Truck Tractor,0.0024070320650935,both,7,21.753230744921254,76,4843.227722167969,4832.465087890625,4862.269836425781,4857.3154296875,72.13845825195312,"[16, 24)","[31, 76)","[59, 82)",True
f1opt,0.0014587263576686,2308.png,161,Truck Tractor,0.0016283844597637,bkg,-1,27.807565405632484,76,4460.548767089844,4813.312377929688,4496.239196777344,4834.978149414063,47.970516204833984,"[24, 32)","[31, 76)","[45, 59)",True
f1opt,0.002893827855587,2384.png,0,Cargo Truck,0.1416331529617309,TP,64,9.328807796086613,90,173.64459228515625,115.48716735839844,180.1741943359375,128.815185546875,72.04463958740234,"[8, 16)","[76, 97)","[59, 82)",False
f1opt,0.002893827855587,2384.png,1,Cargo Truck,0.1335953772068023,TP,89,16.086029108054394,90,301.6449584960937,696.6549072265625,312.14508056640625,721.2984619140625,52.22756576538086,"[16, 24)","[76, 97)","[45, 59)",False
f1opt,0.0122697269544005,2384.png,2,Truck w/Box,0.0304794143885374,bkg,-1,13.952048468149863,90,0.1094484329223632,995.7044067382812,13.624363899230955,1010.1077270507812,76.46428680419922,"[8, 16)","[76, 97)","[59, 82)",True
f1opt,0.0122697269544005,2384.png,3,Truck w/Box,0.0212641768157482,cls,89,15.529856341060471,90,302.3125,696.6280517578125,311.95428466796875,721.6417236328125,51.480770111083984,"[8, 16)","[76, 97)","[45, 59)",True
f1opt,0.002893827855587,2384.png,4,Cargo Truck,0.0171916224062442,bkg,-1,8.583465050100207,90,314.99615478515625,699.5604248046875,320.0668334960937,714.0902099609375,58.80356979370117,"[8, 16)","[76, 97)","[45, 59)",True
f1opt,0.0064783310517668,2384.png,5,Truck w/Flatbed,0.0165380705147981,bkg,-1,11.490529617412092,90,365.8628845214844,310.4024920463562,386.0253601074219,316.9509077072144,65.7597427368164,"[8, 16)","[76, 97)","[59, 82)",True
f1opt,0.002893827855587,2384.png,6,Cargo Truck,0.0150519860908389,bkg,-1,8.434187515262577,90,179.97119140625,679.5924987792969,186.4918212890625,690.5018005371094,41.89583206176758,"[8, 16)","[76, 97)","[-inf, 45)",True
f1opt,0.0064783310517668,2384.png,7,Truck w/Flatbed,0.0145206404849886,both,63,6.899939119148434,90,283.5619506835937,0.3228664398193359,288.18121337890625,10.629524230957031,82.2727279663086,"[0, 8)","[76, 97)","[82, inf)",True
f1opt,0.0014587263576686,2384.png,8,Truck Tractor,0.0105822794139385,bkg,-1,8.911206661088166,90,191.9796295166016,48.44488525390625,199.2250823974609,59.4048080444336,50.30555725097656,"[8, 16)","[76, 97)","[45, 59)",True
f1opt,0.002893827855587,2384.png,9,Cargo Truck,0.0085438378155231,bkg,-1,7.267456977365541,90,403.9547424316406,751.4097290039062,410.9951477050781,758.9115600585938,49.09375,"[0, 8)","[76, 97)","[45, 59)",True
f1opt,0.002893827855587,2384.png,10,Cargo Truck,0.0076025337912142,bkg,-1,8.701608868210135,90,1014.1113891601562,1269.5414428710938,1023.6759643554688,1277.4579467773438,56.4555549621582,"[8, 16)","[76, 97)","[45, 59)",True
f1opt,0.002893827855587,2384.png,11,Cargo Truck,0.0074589173309504,bkg,-1,12.14481163744167,90,1351.3037109375,1133.7439575195312,1366.48095703125,1143.4622192382812,79.93181610107422,"[8, 16)","[76, 97)","[59, 82)",True
f1opt,0.0064783310517668,2384.png,12,Truck w/Flatbed,0.0067140161991119,both,63,7.0629675179115985,90,287.1965637207031,0.35198974609375,292.3741149902344,9.98695182800293,110.4000015258789,"[0, 8)","[76, 97)","[82, inf)",True
f1opt,0.0014587263576686,2384.png,13,Truck Tractor,0.0057247369550168,bkg,-1,8.065969528414278,90,190.56202697753903,3.140753746032715,196.2739105224609,14.531018257141112,134.3095245361328,"[8, 16)","[76, 97)","[82, inf)",True
f1opt,0.002893827855587,2384.png,14,Cargo Truck,0.0040466031059622,bkg,-1,8.464789446281168,90,1362.390625,840.2020263671875,1369.0,851.0430908203125,36.595237731933594,"[8, 16)","[76, 97)","[-inf, 45)",True
f1opt,0.002893827855587,2384.png,15,Cargo Truck,0.0034672038163989,cls,73,14.550404008929302,90,71.07119750976562,1015.7061767578124,97.34902954101562,1023.762939453125,63.460906982421875,"[8, 16)","[76, 97)","[59, 82)",True
f1opt,0.002893827855587,2384.png,16,Cargo Truck,0.0033967269118875,cls,58,13.0827382289079,90,395.8936767578125,449.4612884521485,417.37060546875,457.43067932128906,68.10144805908203,"[8, 16)","[76, 97)","[59, 82)",True
f1opt,0.002893827855587,2384.png,17,Cargo Truck,0.0031663598492741,cls,55,12.998525456019774,90,63.36934280395508,486.3038940429688,83.75453186035156,494.5923461914063,67.11640167236328,"[8, 16)","[76, 97)","[59, 82)",True
f1opt,0.002893827855587,2384.png,18,Cargo Truck,0.0031072916463017,bkg,-1,10.405447748550953,90,1302.766357421875,910.1434936523438,1310.527099609375,924.0949096679688,51.925926208496094,"[8, 16)","[76, 97)","[45, 59)",True
f1opt,0.0014587263576686,2384.png,19,Truck Tractor,0.0029861165676265,bkg,-1,5.943769909862704,90,192.185791015625,0.5444307327270508,197.49945068359372,7.193031311035156,151.7708282470703,"[0, 8)","[76, 97)","[82, inf)",True
f1opt,0.002893827855587,2384.png,20,Cargo Truck,0.0029032942838966,bkg,-1,8.112970120185944,90,782.7205810546875,123.5032730102539,788.7012939453125,134.50869750976562,43.130950927734375,"[8, 16)","[76, 97)","[-inf, 45)",True
f1opt,0.0014587263576686,2384.png,21,Truck Tractor,0.0028079734183847,cls,60,11.169814512730184,90,187.61480712890625,57.35810470581055,196.69818115234372,71.09361267089844,42.45333480834961,"[8, 16)","[76, 97)","[-inf, 45)",True
f1opt,0.0014587263576686,2384.png,22,Truck Tractor,0.0023171359207481,both,76,10.621246453240119,90,312.2465209960937,701.0654907226562,318.05401611328125,720.4905395507812,59.85714340209961,"[8, 16)","[76, 97)","[59, 82)",True
f1opt,0.0014587263576686,2384.png,23,Truck Tractor,0.0016055552987381,bkg,-1,9.575896645898561,90,194.91586303710935,47.32535552978516,204.22457885742188,57.17610168457031,38.46281051635742,"[8, 16)","[76, 97)","[-inf, 45)",True
f1opt,0.002893827855587,2391.png,0,Cargo Truck,0.7942200899124146,bkg,-1,28.467796797554847,108,2616.9542236328125,2862.857177734375,2638.6802978515625,2900.15869140625,81.30546569824219,"[24, 32)","[97, inf)","[59, 82)",True
f1opt,0.002893827855587,2391.png,1,Cargo Truck,0.7888641953468323,bkg,-1,28.281872755644343,108,4435.225341796875,1195.0233154296875,4460.0670166015625,1227.2218017578125,86.2808837890625,"[24, 32)","[97, inf)","[82, inf)",True
f1opt,0.002893827855587,2391.png,2,Cargo Truck,0.727552592754364,loc,79,13.309771094521063,108,4542.133850097656,4846.378479003906,4552.281677246094,4863.835418701172,49.89393997192383,"[8, 16)","[97, inf)","[45, 59)",True
f1opt,0.002893827855587,2391.png,3,Cargo Truck,0.7001990079879761,bkg,-1,28.728217059394282,108,5007.872955322266,284.13067626953125,5031.584747314453,318.93658447265625,92.47314453125,"[24, 32)","[97, inf)","[82, inf)",True
f1opt,0.002893827855587,2391.png,4,Cargo Truck,0.6914238929748535,bkg,-1,29.33999038540802,108,4433.325805664063,1120.525634765625,4456.139526367188,1158.2588500976562,97.22649383544922,"[24, 32)","[97, inf)","[82, inf)",True
f1opt,0.0122697269544005,2391.png,5,Truck w/Box,0.6834498047828674,TP,26,39.668527711341895,108,2237.7702026367188,945.4862365722656,2268.3737182617188,996.9049072265624,116.86058044433594,"[32, 48)","[97, inf)","[82, inf)",False
f1opt,0.0122697269544005,2391.png,6,Truck w/Box,0.6044896245002747,bkg,-1,29.265733998712268,108,4930.658996582031,1762.7554321289062,4973.446594238281,1782.7725219726562,88.82034301757812,"[24, 32)","[97, inf)","[82, inf)",True
f1opt,0.002893827855587,2391.png,7,Cargo Truck,0.5804981589317322,bkg,-1,25.261549751031435,108,5056.926574707031,5480.222290039063,5077.3681640625,5511.440307617188,91.06108093261719,"[24, 32)","[97, inf)","[82, inf)",True
f1opt,0.002893827855587,2391.png,8,Cargo Truck,0.5613198280334473,bkg,-1,23.90756351003974,108,4430.455810546875,1050.9109497070312,4450.323486328125,1079.6798706054688,89.29206085205078,"[16, 24)","[97, inf)","[82, inf)",True
f1opt,0.0122697269544005,2391.png,9,Truck w/Box,0.5597819685935974,bkg,-1,23.911576362953305,108,3294.0565185546875,214.2266845703125,3328.0,231.07125854492188,74.9526138305664,"[16, 24)","[97, inf)","[59, 82)",True
f1opt,0.0064783310517668,2391.png,10,Truck w/Flatbed,0.5494175553321838,bkg,-1,47.171903073838564,108,3206.4678955078125,1844.2857360839844,3239.5302734375,1911.5884704589844,58.90484619140625,"[32, 48)","[97, inf)","[45, 59)",True
f1opt,0.0122697269544005,2391.png,11,Truck w/Box,0.4654797613620758,bkg,-1,18.85526149292965,108,3987.606994628906,1580.6634521484375,4000.5679931640634,1608.093505859375,61.28325271606445,"[16, 24)","[97, inf)","[59, 82)",True
f1opt,0.0122697269544005,2391.png,12,Truck w/Box,0.4402088820934295,bkg,-1,42.99709715928205,108,5208.273681640625,5882.892456054688,5245.920654296875,5932.0,77.27052307128906,"[32, 48)","[97, inf)","[59, 82)",True
f1opt,0.0122697269544005,2391.png,13,Truck w/Box,0.4082189202308655,TP,99,47.17239001354031,108,5040.611877441406,5239.182830810547,5072.782653808594,5308.352264404297,107.38528442382812,"[32, 48)","[97, inf)","[82, inf)",False
f1opt,0.002893827855587,2391.png,14,Cargo Truck,0.3594148755073547,bkg,-1,27.02010044459624,108,4589.481689453125,1282.4666137695312,4630.9345703125,1300.0790405273438,113.481201171875,"[24, 32)","[97, inf)","[82, inf)",True
f1opt,0.002893827855587,2391.png,15,Cargo Truck,0.3357265591621399,bkg,-1,30.52376685442062,108,2615.937805175781,3597.255126953125,2637.6915893554688,3640.08447265625,81.80335998535156,"[24, 32)","[97, inf)","[59, 82)",True
f1opt,0.002893827855587,2391.png,16,Cargo Truck,0.3095110356807709,bkg,-1,18.953451838588165,108,610.9752197265625,4194.700622558594,639.7884521484375,4207.168273925781,75.89047241210938,"[16, 24)","[97, inf)","[59, 82)",True
f1opt,0.0122697269544005,2391.png,17,Truck w/Box,0.3091536462306976,bkg,-1,26.48814274619913,108,2806.8914794921875,1151.150634765625,2867.822509765625,1162.6656494140625,71.0981216430664,"[24, 32)","[97, inf)","[59, 82)",True
f1opt,0.0122697269544005,2391.png,18,Truck w/Box,0.2990536093711853,bkg,-1,20.94405703853209,108,6173.3529052734375,1773.2664794921875,6196.947143554688,1791.8580322265625,96.83772277832031,"[16, 24)","[97, inf)","[82, inf)",True
f1opt,0.002893827855587,2391.png,19,Cargo Truck,0.2981735467910766,bkg,-1,26.586910261674088,108,4432.9984130859375,1085.1962280273438,4453.88232421875,1119.0435180664062,105.42208099365234,"[24, 32)","[97, inf)","[82, inf)",True
f1opt,0.002893827855587,2391.png,20,Cargo Truck,0.2641297578811645,bkg,-1,37.738358980891846,108,752.574951171875,4973.01432800293,781.8349609375,5021.687713623047,64.929931640625,"[32, 48)","[97, inf)","[59, 82)",True
f1opt,0.0014587263576686,2391.png,21,Truck Tractor,0.2593816518783569,bkg,-1,16.94089430266073,108,768.0551433563232,5009.836029052734,782.1602544784546,5030.182830810547,64.09394073486328,"[16, 24)","[97, inf)","[59, 82)",True
f1opt,0.0122697269544005,2391.png,22,Truck w/Box,0.2394297420978546,bkg,-1,39.82802730344748,108,4425.252807617188,3420.997375488281,4455.6036376953125,3473.2619018554688,115.46953582763672,"[32, 48)","[97, inf)","[82, inf)",True
f1opt,0.0122697269544005,2391.png,23,Truck w/Box,0.2305994927883148,bkg,-1,17.842555944563642,108,4094.401245117188,1581.7363891601562,4107.069885253906,1606.8659057617188,78.76373291015625,"[16, 24)","[97, inf)","[59, 82)",True
f1opt,0.0122697269544005,2391.png,24,Truck w/Box,0.2063362598419189,cls,36,32.01342904791994,108,3387.668701171875,4844.636352539063,3443.755615234375,4862.909057617188,89.4385986328125,"[32, 48)","[97, inf)","[82, inf)",True
f1opt,0.0014587263576686,2391.png,25,Truck Tractor,0.1910782903432846,bkg,-1,20.3930711923176,108,1747.99658203125,3072.0,1773.22119140625,3088.4869689941406,74.48148345947266,"[16, 24)","[97, inf)","[59, 82)",True
f1opt,0.002893827855587,2391.png,26,Cargo Truck,0.1835121661424636,bkg,-1,33.8493931744546,108,2409.6915435791016,370.7664184570313,2435.972640991211,414.3635864257813,49.1728401184082,"[32, 48)","[97, inf)","[45, 59)",True
f1opt,0.0122697269544005,2391.png,27,Truck w/Box,0.146722063422203,bkg,-1,16.76914512674901,108,4085.494140625,2707.748962402344,4096.0,2734.515380859375,54.43831253051758,"[16, 24)","[97, inf)","[45, 59)",True
f1opt,0.002893827855587,2391.png,28,Cargo Truck,0.1407156735658645,cls,99,46.07315508563509,108,5040.757385253906,5239.995727539063,5072.452941894531,5306.968383789063,108.4594497680664,"[32, 48)","[97, inf)","[82, inf)",True
f1opt,0.002893827855587,2391.png,29,Cargo Truck,0.1346568465232849,bkg,-1,20.58258272329236,108,5022.5185546875,4802.717147827148,5038.3927001953125,4829.404739379883,122.170166015625,"[16, 24)","[97, inf)","[82, inf)",True
f1opt,0.002893827855587,2391.png,30,Cargo Truck,0.1330118030309677,bkg,-1,15.918078863210528,108,3989.9019775390634,768.0,4020.355590820313,776.320366859436,117.63194274902344,"[8, 16)","[97, inf)","[82, inf)",True
f1opt,0.002893827855587,2391.png,31,Cargo Truck,0.1254652887582779,bkg,-1,25.464031872751683,108,4733.953186035156,161.73753356933594,4771.000671386719,179.23985290527344,87.8488540649414,"[24, 32)","[97, inf)","[82, inf)",True
f1opt,0.0122697269544005,2391.png,32,Truck w/Box,0.1167182922363281,bkg,-1,21.136224997200703,108,4289.647644042969,681.9739379882812,4315.358215332031,699.3496704101562,28.3099422454834,"[16, 24)","[97, inf)","[-inf, 45)",True
f1opt,0.002893827855587,2391.png,33,Cargo Truck,0.1080624982714653,bkg,-1,28.176226194722055,108,5120.898681640625,405.2546997070313,5140.727294921875,445.2927856445313,89.40185546875,"[24, 32)","[97, inf)","[82, inf)",True
f1opt,0.002893827855587,2391.png,34,Cargo Truck,0.1050614193081855,bkg,-1,32.04174601598212,108,2459.303100585937,3546.6515502929688,2483.7353515625,3588.672790527344,65.17302703857422,"[32, 48)","[97, inf)","[59, 82)",True
f1opt,0.0122697269544005,2391.png,35,Truck w/Box,0.0989221781492233,bkg,-1,16.694451501980463,108,3840.0,2003.6410522460935,3848.9038038253775,2034.9428100585935,69.58680725097656,"[16, 24)","[97, inf)","[59, 82)",True
f1opt,0.002893827855587,2391.png,36,Cargo Truck,0.0818837359547615,bkg,-1,26.300642417004184,108,4424.436950683594,972.6337280273438,4445.223693847656,1005.910888671875,112.40908813476562,"[24, 32)","[97, inf)","[82, inf)",True
f1opt,0.0122697269544005,2391.png,37,Truck w/Box,0.0725742876529693,bkg,-1,29.617023441306333,108,2298.648742675781,1582.7640228271484,2351.691467285156,1599.3010330200195,61.3415641784668,"[24, 32)","[97, inf)","[59, 82)",True
f1opt,0.002893827855587,2391.png,38,Cargo Truck,0.0656289234757423,TP,8,21.09755255015519,108,4841.886352539063,1283.2349853515625,4857.0511474609375,1312.5863037109375,69.16666412353516,"[16, 24)","[97, inf)","[59, 82)",False
f1opt,0.0014587263576686,2391.png,39,Truck Tractor,0.0651676207780838,bkg,-1,35.21054942888137,108,3864.586181640625,702.9608154296875,3893.285781860352,746.159423828125,79.58222198486328,"[32, 48)","[97, inf)","[59, 82)",True
f1opt,0.0122697269544005,2391.png,40,Truck w/Box,0.0581505000591278,bkg,-1,18.925022658428375,108,3559.948486328125,4288.4443359375,3591.9342041015625,4299.6417236328125,79.41413879394531,"[16, 24)","[97, inf)","[59, 82)",True
f1opt,0.002893827855587,2391.png,41,Cargo Truck,0.0529283285140991,bkg,-1,33.11598698315684,108,3866.165344238281,704.01318359375,3893.4391479492183,744.2227783203125,82.11062622070312,"[32, 48)","[97, inf)","[82, inf)",True
f1opt,0.002893827855587,2391.png,42,Cargo Truck,0.0526262260973453,bkg,-1,27.882248251858186,108,1121.1369018554688,768.0,1212.0762329101562,776.548773765564,136.067626953125,"[24, 32)","[97, inf)","[82, inf)",True
f1opt,0.002893827855587,2391.png,43,Cargo Truck,0.0475771948695182,bkg,-1,23.163606507716565,108,4426.66650390625,1014.8164215087892,4445.405517578125,1043.4493408203125,85.67166900634766,"[16, 24)","[97, inf)","[82, inf)",True
f1opt,0.0122697269544005,2391.png,44,Truck w/Box,0.0452793836593627,bkg,-1,18.34257584230685,108,6265.567626953125,1315.4581298828125,6286.568359375,1331.47900390625,85.5882339477539,"[16, 24)","[97, inf)","[82, inf)",True
f1opt,0.0122697269544005,2391.png,45,Truck w/Box,0.0406067073345184,bkg,-1,23.603459290361076,108,3968.27880859375,1543.1546630859375,3990.3696899414062,1568.374267578125,77.22575378417969,"[16, 24)","[97, inf)","[59, 82)",True
f1opt,0.002893827855587,2391.png,46,Cargo Truck,0.0395382195711135,bkg,-1,26.551926746270844,108,5113.770690917969,457.8414306640625,5132.923767089844,494.650390625,99.07105255126953,"[24, 32)","[97, inf)","[82, inf)",True
f1opt,0.002893827855587,2391.png,47,Cargo Truck,0.0383307114243507,bkg,-1,19.860428332594818,108,5633.908020019531,4960.826103210449,5660.786315917969,4975.501014709473,17.613840103149414,"[16, 24)","[97, inf)","[-inf, 45)",True
f1opt,0.002893827855587,2391.png,48,Cargo Truck,0.0325262136757373,bkg,-1,17.53325772016021,108,3112.640380859375,3840.274667739868,3142.7625732421875,3850.480270385742,105.55132293701172,"[16, 24)","[97, inf)","[82, inf)",True
f1opt,0.0122697269544005,2391.png,49,Truck w/Box,0.0323250852525234,bkg,-1,17.802738109081837,108,4061.8720703125,2304.4615955352783,4077.92578125,2324.203914642334,60.028011322021484,"[16, 24)","[97, inf)","[59, 82)",True
f1opt,0.002893827855587,2391.png,50,Cargo Truck,0.0317046716809272,bkg,-1,26.216997289499016,108,5260.160339355469,5255.843566894531,5278.727111816406,5292.862976074219,88.1648178100586,"[24, 32)","[97, inf)","[82, inf)",True
f1opt,0.0122697269544005,2391.png,51,Truck w/Box,0.0284974072128534,bkg,-1,29.245446489543514,108,4931.0001220703125,1771.4724731445312,4975.7152099609375,1790.6001586914062,79.36888885498047,"[24, 32)","[97, inf)","[59, 82)",True
f1opt,0.002893827855587,2391.png,52,Cargo Truck,0.0282318443059921,TP,7,22.924715629299026,108,4824.181823730469,1281.2078857421875,4841.604064941406,1311.3729248046875,80.15950012207031,"[16, 24)","[97, inf)","[59, 82)",False
f1opt,0.002893827855587,2391.png,53,Cargo Truck,0.0275362320244312,bkg,-1,30.71652224534306,108,5119.151519775391,156.86221313476562,5142.4498291015625,197.35891723632807,78.83234405517578,"[24, 32)","[97, inf)","[59, 82)",True
f1opt,0.0122697269544005,2391.png,54,Truck w/Box,0.0269837472587823,bkg,-1,17.540692273650976,108,4088.9652099609375,2718.9896850585938,4096.0,2762.7260131835938,56.266666412353516,"[16, 24)","[97, inf)","[45, 59)",True
f1opt,0.0122697269544005,2391.png,55,Truck w/Box,0.0263760983943939,bkg,-1,29.609699840952846,108,2128.0899658203125,958.7044677734376,2172.3328857421875,978.5208435058594,101.00846862792969,"[24, 32)","[97, inf)","[82, inf)",True
f1opt,0.0122697269544005,2391.png,56,Truck w/Box,0.0258082784712314,bkg,-1,16.311434051427714,108,4085.1732177734375,2676.9404296875,4095.90185546875,2701.73974609375,54.402099609375,"[16, 24)","[97, inf)","[45, 59)",True
f1opt,0.002893827855587,2391.png,57,Cargo Truck,0.0250478703528642,bkg,-1,10.093219845014668,108,4608.056189537048,375.7513427734375,4614.374235153198,391.87548828125,48.52941131591797,"[8, 16)","[97, inf)","[45, 59)",True
f1opt,0.0122697269544005,2391.png,58,Truck w/Box,0.0238976497203111,TP,85,45.78479031879618,108,2258.953125,415.333740234375,2292.2021484375,478.380615234375,95.91696166992188,"[32, 48)","[97, inf)","[82, inf)",False
f1opt,0.0122697269544005,2391.png,59,Truck w/Box,0.0220092199742794,bkg,-1,24.06576404146541,108,4070.1273193359375,189.52294921875,4096.0,211.90798950195312,40.501670837402344,"[24, 32)","[97, inf)","[-inf, 45)",True
f1opt,0.002893827855587,2391.png,60,Cargo Truck,0.0214876346290111,bkg,-1,13.214578466319846,108,2081.306396484375,5925.634399414063,2108.739013671875,5932.0,143.66836547851562,"[8, 16)","[97, inf)","[82, inf)",True
f1opt,0.002893827855587,2391.png,61,Cargo Truck,0.0205523651093244,bkg,-1,13.271158602135806,108,6385.0107421875,3072.208616256714,6400.0,3083.958607673645,118.56111145019531,"[8, 16)","[97, inf)","[82, inf)",True
f1opt,0.0122697269544005,2391.png,62,Truck w/Box,0.0204044058918952,bkg,-1,21.04470553320953,108,768.0,4975.177604675293,778.7053146362305,5016.547676086426,77.02597045898438,"[16, 24)","[97, inf)","[59, 82)",True
f1opt,0.0122697269544005,2391.png,63,Truck w/Box,0.0195593833923339,cls,50,35.759165849301326,108,3840.834838867188,651.5965576171875,3877.6097412109375,686.3680419921875,77.12061309814453,"[32, 48)","[97, inf)","[59, 82)",True
f1opt,0.0122697269544005,2391.png,64,Truck w/Box,0.0188685730099678,bkg,-1,10.816400616810697,108,4077.835983276367,2548.629638671875,4088.1254119873047,2560.0,53.28472137451172,"[8, 16)","[97, inf)","[45, 59)",True
f1opt,0.0122697269544005,2391.png,65,Truck w/Box,0.0186976175755262,bkg,-1,31.661194328757418,108,3446.618408203125,3072.239353179932,3485.973388671875,3097.710874557495,78.47980499267578,"[24, 32)","[97, inf)","[59, 82)",True
f1opt,0.0122697269544005,2391.png,66,Truck w/Box,0.0186051651835441,bkg,-1,20.89941412317161,108,2436.1782836914062,768.1204490661621,2454.465759277344,792.0048561096191,41.54947280883789,"[16, 24)","[97, inf)","[-inf, 45)",True
f1opt,0.002893827855587,2391.png,67,Cargo Truck,0.016899948939681,bkg,-1,23.44584390062822,108,4443.6370849609375,1308.9271240234375,4461.27001953125,1340.1021728515625,97.365234375,"[16, 24)","[97, inf)","[82, inf)",True
f1opt,0.0014587263576686,2391.png,68,Truck Tractor,0.016789723187685,bkg,-1,16.23988849100327,108,1687.5748901367188,3072.0,1726.5636596679688,3078.764357566833,90.26786041259766,"[16, 24)","[97, inf)","[82, inf)",True
f1opt,0.002893827855587,2391.png,69,Cargo Truck,0.0163650102913379,bkg,-1,30.27892047820623,108,4931.120788574219,1762.313720703125,4973.340881347656,1784.02880859375,84.9150619506836,"[24, 32)","[97, inf)","[82, inf)",True
f1opt,0.0122697269544005,2391.png,70,Truck w/Box,0.0154321938753128,TP,21,66.36141426253062,108,5308.876953125,5716.78662109375,5437.28955078125,5751.0810546875,51.60940170288086,"[48, 96)","[97, inf)","[45, 59)",False
f1opt,0.0122697269544005,2391.png,71,Truck w/Box,0.015360927209258,bkg,-1,18.103645706162123,108,4090.0228271484375,2340.710380554199,4096.0,2395.542655944824,47.99702453613281,"[16, 24)","[97, inf)","[45, 59)",True
f1opt,0.002893827855587,2391.png,72,Cargo Truck,0.0153141105547547,TP,50,36.604678032182974,108,3840.55859375,651.0690307617188,3878.33544921875,686.5379028320312,76.02635192871094,"[32, 48)","[97, inf)","[59, 82)",False
f1opt,0.002893827855587,2391.png,73,Cargo Truck,0.0152793992310762,bkg,-1,43.49516464255134,108,354.82672119140625,4201.858703613281,386.71966552734375,4261.176818847656,63.882266998291016,"[32, 48)","[97, inf)","[59, 82)",True
f1opt,0.0122697269544005,2391.png,74,Truck w/Box,0.0150284217670559,bkg,-1,40.5926619164384,108,4065.926513671875,4925.101501464844,4096.0,4979.892761230469,72.22404479980469,"[32, 48)","[97, inf)","[59, 82)",True
f1opt,0.002893827855587,2391.png,75,Cargo Truck,0.0149713419377803,bkg,-1,26.377176541311204,108,4882.950439453125,1738.3535766601562,4903.80078125,1771.7225952148438,80.94384765625,"[24, 32)","[97, inf)","[59, 82)",True
f1opt,0.0122697269544005,2391.png,76,Truck w/Box,0.0147655485197901,bkg,-1,18.536893163482613,108,3310.377197265625,188.41827392578125,3327.892578125,208.0362548828125,83.43915557861328,"[16, 24)","[97, inf)","[82, inf)",True
f1opt,0.002893827855587,2391.png,77,Cargo Truck,0.0143605330958962,bkg,-1,22.671442296547543,108,3170.369140625,1952.3839721679688,3204.416259765625,1967.480529785156,100.51071166992188,"[16, 24)","[97, inf)","[82, inf)",True
f1opt,0.002893827855587,2391.png,78,Cargo Truck,0.0143308201804757,bkg,-1,25.785531441036873,108,2471.6582946777344,3299.178466796875,2494.7276306152344,3328.0,36.77729797363281,"[24, 32)","[97, inf)","[-inf, 45)",True
f1opt,0.002893827855587,2391.png,79,Cargo Truck,0.0141085656359791,bkg,-1,30.75772967314087,108,3870.832733154297,609.7608642578125,3897.8850326538086,644.7315673828125,62.778770446777344,"[24, 32)","[97, inf)","[59, 82)",True
f1opt,0.002893827855587,2391.png,80,Cargo Truck,0.0138754919171333,bkg,-1,24.946237781686243,108,4434.496398925781,1160.2388916015625,4453.551574707031,1192.8974609375,59.180301666259766,"[24, 32)","[97, inf)","[45, 59)",True
f1opt,0.002893827855587,2391.png,81,Cargo Truck,0.0137470318004488,bkg,-1,24.750223788540502,108,5702.185485839844,1380.516845703125,5719.987854003906,1414.926513671875,79.17142486572266,"[24, 32)","[97, inf)","[59, 82)",True
f1opt,0.0122697269544005,2391.png,82,Truck w/Box,0.013650182634592,bkg,-1,16.95575126860148,108,4089.0445556640634,2740.83837890625,4096.0,2782.1725463867188,57.47508239746094,"[16, 24)","[97, inf)","[45, 59)",True
f1opt,0.0122697269544005,2391.png,83,Truck w/Box,0.0134216351434588,bkg,-1,20.34860090939788,108,3072.176435470581,4435.319946289063,3101.0427684783936,4449.6641845703125,77.54444122314453,"[16, 24)","[97, inf)","[59, 82)",True
f1opt,0.002893827855587,2391.png,84,Cargo Truck,0.0131553867831826,bkg,-1,21.721755050407022,108,1052.41943359375,5232.673095703125,1085.540283203125,5246.9189453125,87.2745132446289,"[16, 24)","[97, inf)","[82, inf)",True
f1opt,0.002893827855587,2391.png,85,Cargo Truck,0.0128581225872039,bkg,-1,27.136348879800625,108,2304.189247131348,1582.7677001953125,2349.693374633789,1598.950439453125,60.62404251098633,"[24, 32)","[97, inf)","[59, 82)",True
f1opt,0.0122697269544005,2391.png,86,Truck w/Box,0.01280586887151,both,62,16.152568172570163,108,4077.061645507813,625.547607421875,4095.797729492188,639.472900390625,94.94035339355469,"[16, 24)","[97, inf)","[82, inf)",True
f1opt,0.002893827855587,2391.png,87,Cargo Truck,0.012499307282269,bkg,-1,17.786523228174836,108,4087.257568359375,2317.2786407470703,4096.0,2353.46541595459,68.56456756591797,"[16, 24)","[97, inf)","[59, 82)",True
f1opt,0.0014587263576686,2391.png,88,Truck Tractor,0.0123266745358705,bkg,-1,15.184428318507202,108,3284.8218994140625,4608.122186183929,3319.3209228515625,4614.8054728508,67.33333587646484,"[8, 16)","[97, inf)","[59, 82)",True
f1opt,0.0122697269544005,2391.png,89,Truck w/Box,0.0122697269544005,TP,91,58.343139395969125,108,5301.2999267578125,5344.086853027344,5425.5665283203125,5371.478942871094,66.53828430175781,"[48, 96)","[97, inf)","[59, 82)",False
f1opt,0.002893827855587,2391.png,90,Cargo Truck,0.0121363140642642,bkg,-1,24.578160219889973,108,5108.828582763672,4908.188331604004,5133.198486328125,4932.976528167725,86.99076843261719,"[24, 32)","[97, inf)","[82, inf)",True
f1opt,0.002893827855587,2391.png,91,Cargo Truck,0.0120999636128544,bkg,-1,16.968803491732984,108,768.0130624771118,5010.077697753906,781.748857498169,5031.040466308594,60.27922058105469,"[16, 24)","[97, inf)","[59, 82)",True
f1opt,0.002893827855587,2391.png,92,Cargo Truck,0.0119885727763175,bkg,-1,19.855229405947888,108,3565.7476806640625,2450.9487915039062,3580.166076660156,2478.290954589844,108.38793182373047,"[16, 24)","[97, inf)","[82, inf)",True
f1opt,0.002893827855587,2391.png,93,Cargo Truck,0.0100250542163848,bkg,-1,12.95395216469254,108,4230.299377441406,3280.4627685546875,4239.663146972656,3298.3834228515625,54.5,"[8, 16)","[97, inf)","[45, 59)",True
f1opt,0.002893827855587,2391.png,94,Cargo Truck,0.0099502289667725,bkg,-1,22.11709348605035,108,1047.2830200195312,768.2186985015869,1086.9166870117188,780.5608777999878,64.90384674072266,"[16, 24)","[97, inf)","[59, 82)",True
f1opt,0.002893827855587,2391.png,95,Cargo Truck,0.0099248196929693,bkg,-1,15.396688875870021,108,4086.602294921875,2278.3028564453125,4096.0,2303.5279541015625,95.01923370361328,"[8, 16)","[97, inf)","[82, inf)",True
f1opt,0.0064783310517668,2391.png,96,Truck w/Flatbed,0.0098882326856255,bkg,-1,30.249861611214,108,2615.6832275390625,2304.38773727417,2639.8683471679688,2342.223155975342,61.97743606567383,"[24, 32)","[97, inf)","[59, 82)",True
f1opt,0.002893827855587,2391.png,97,Cargo Truck,0.0095624290406703,bkg,-1,15.83601186125111,108,150.99200439453125,1778.25732421875,169.52969360351562,1791.785400390625,76.32499694824219,"[8, 16)","[97, inf)","[59, 82)",True
f1opt,0.002893827855587,2391.png,98,Cargo Truck,0.0093945553526282,bkg,-1,17.73509766725954,108,6388.391418457031,3072.021297931671,6428.126037597656,3079.9371581077576,128.85365295410156,"[16, 24)","[97, inf)","[82, inf)",True
f1opt,0.002893827855587,2391.png,99,Cargo Truck,0.0093921683728694,bkg,-1,15.10806119782936,108,4087.20541381836,2708.908935546875,4096.973968505859,2732.2750854492188,55.119998931884766,"[8, 16)","[97, inf)","[45, 59)",True
f1opt,0.0014587263576686,2391.png,100,Truck Tractor,0.009183757007122,bkg,-1,18.76924901128877,108,1733.3582763671875,3072.2147178649902,1755.7596435546875,3087.940753936768,79.1059799194336,"[16, 24)","[97, inf)","[59, 82)",True
f1opt,0.0064783310517668,2391.png,101,Truck w/Flatbed,0.0089650955051183,bkg,-1,31.184610289027876,108,3446.891387939453,3072.194774627685,3485.891632080078,3097.1300010681152,78.47980499267578,"[24, 32)","[97, inf)","[59, 82)",True
f1opt,0.002893827855587,2391.png,102,Cargo Truck,0.0084169683977961,bkg,-1,14.612847381429798,108,5602.342651367188,3072.1636877059937,5632.0,3079.363768577576,82.67916870117188,"[8, 16)","[97, inf)","[82, inf)",True
f1opt,0.002893827855587,2391.png,103,Cargo Truck,0.0081672575324773,bkg,-1,17.16803602437653,108,2550.1024169921875,4344.3173828125,2559.910888671875,4374.367065429688,94.31935119628906,"[16, 24)","[97, inf)","[82, inf)",True
f1opt,0.002893827855587,2391.png,104,Cargo Truck,0.0080968122929334,bkg,-1,25.2811405806655,108,4873.177764892578,1626.542724609375,4892.401031494141,1659.790771484375,70.88970947265625,"[24, 32)","[97, inf)","[59, 82)",True
f1opt,0.002893827855587,2391.png,105,Cargo Truck,0.0078552868217229,bkg,-1,25.691911453168128,108,2633.3765258789062,2586.9979248046875,2651.6860961914062,2623.0487060546875,73.09695434570312,"[24, 32)","[97, inf)","[59, 82)",True
f1opt,0.002893827855587,2391.png,106,Cargo Truck,0.007847137749195,bkg,-1,20.386421683493918,108,3986.607177734375,5703.500427246094,4025.6302490234375,5714.150695800781,74.27291870117188,"[16, 24)","[97, inf)","[59, 82)",True
f1opt,0.0064783310517668,2391.png,107,Truck w/Flatbed,0.0076985056512057,bkg,-1,30.21114460075346,108,4640.203784942627,5727.635986328125,4657.728687286377,5779.7169189453125,78.92557525634766,"[24, 32)","[97, inf)","[59, 82)",True
f1opt,0.002893827855587,2391.png,108,Cargo Truck,0.007178506348282,bkg,-1,18.358907288214358,108,4819.040374755859,4781.165893554688,4833.511749267578,4804.456665039063,123.44999694824219,"[16, 24)","[97, inf)","[82, inf)",True
f1opt,0.002893827855587,2391.png,109,Cargo Truck,0.0070748580619692,bkg,-1,28.557189670004576,108,4635.679443359375,928.9510498046876,4659.01318359375,963.9010009765624,83.2844467163086,"[24, 32)","[97, inf)","[82, inf)",True
f1opt,0.002893827855587,2391.png,110,Cargo Truck,0.0069338069297373,bkg,-1,16.315090074473478,108,1605.7362060546875,1536.1200160980225,1638.9168701171875,1544.1422233581543,82.58169555664062,"[16, 24)","[97, inf)","[82, inf)",True
f1opt,0.002893827855587,2391.png,111,Cargo Truck,0.0068327379412949,bkg,-1,17.803714095385253,108,4087.561279296875,2257.3275756835938,4096.0,2294.8892211914062,71.20760345458984,"[16, 24)","[97, inf)","[59, 82)",True
f1opt,0.002893827855587,2391.png,112,Cargo Truck,0.0067467209883034,bkg,-1,22.345451451360457,108,4608.261451721191,1355.7408447265625,4635.87593460083,1373.8226318359375,91.54698944091797,"[16, 24)","[97, inf)","[82, inf)",True
f1opt,0.0064783310517668,2391.png,113,Truck w/Flatbed,0.00662332912907,bkg,-1,21.558746061911947,108,5021.837799072266,4802.452697753906,5038.948272705078,4829.616149902344,119.0297622680664,"[16, 24)","[97, inf)","[82, inf)",True
f1opt,0.0064783310517668,2391.png,114,Truck w/Flatbed,0.0066010970622301,bkg,-1,10.737740969999269,108,6055.830135345459,5862.462951660156,6062.881498336792,5878.814270019531,77.9632339477539,"[8, 16)","[97, inf)","[59, 82)",True
f1opt,0.002893827855587,2391.png,115,Cargo Truck,0.0065019931644201,bkg,-1,24.687634198210056,108,5609.161010742188,3119.942749023437,5632.0,3146.628662109375,67.42236328125,"[24, 32)","[97, inf)","[59, 82)",True
f1opt,0.002893827855587,2391.png,116,Cargo Truck,0.0064292051829397,bkg,-1,19.24870682684099,108,5289.381286621094,2304.195339202881,5319.509704589844,2316.493121147156,69.96277618408203,"[16, 24)","[97, inf)","[59, 82)",True
f1opt,0.002893827855587,2391.png,117,Cargo Truck,0.0062836110591888,bkg,-1,26.669631380938796,108,3096.046936035156,3609.329223632813,3137.8718872070312,3626.335083007813,94.12963104248047,"[24, 32)","[97, inf)","[82, inf)",True
f1opt,0.002893827855587,2391.png,118,Cargo Truck,0.0062823896296322,bkg,-1,35.383861844149536,108,3902.848388671875,3575.8681640625,3964.201171875,3596.2750244140625,101.54401397705078,"[32, 48)","[97, inf)","[82, inf)",True
f1opt,0.002893827855587,2391.png,119,Cargo Truck,0.006148631684482,bkg,-1,15.636309130478699,108,3346.6443481445312,768.1347560882568,3381.2301635742188,775.2039594650269,19.09027862548828,"[8, 16)","[97, inf)","[-inf, 45)",True
f1opt,0.0014587263576686,2391.png,120,Truck Tractor,0.0061002387665212,bkg,-1,10.845004804254668,108,2551.6734619140625,3311.508178710937,2560.0,3325.6333923339844,83.4888916015625,"[8, 16)","[97, inf)","[82, inf)",True
f1opt,0.002893827855587,2391.png,121,Cargo Truck,0.0060404520481824,bkg,-1,32.370805783504395,108,4298.072265625,1536.3882675170898,4332.486206054688,1566.8372383117676,87.55207061767578,"[32, 48)","[97, inf)","[82, inf)",True
f1opt,0.002893827855587,2391.png,122,Cargo Truck,0.0059126527048647,cls,39,31.10661273070929,108,5021.787109375,4898.359375,5045.8560791015625,4938.561401367188,104.2761001586914,"[24, 32)","[97, inf)","[82, inf)",True
f1opt,0.002893827855587,2391.png,123,Cargo Truck,0.0057857320643961,bkg,-1,23.70956300525409,108,5609.437316894531,3295.6309814453125,5631.902648925781,3320.653686523437,65.02508544921875,"[16, 24)","[97, inf)","[59, 82)",True
f1opt,0.0014587263576686,2391.png,124,Truck Tractor,0.005500700790435,both,107,16.289299123589668,108,2657.199279785156,768.1270713806152,2693.437805175781,775.4491481781006,44.56756591796875,"[16, 24)","[97, inf)","[-inf, 45)",True
f1opt,0.002893827855587,2391.png,125,Cargo Truck,0.0054280911572277,bkg,-1,10.583610670268099,108,2374.2406997680664,3320.9676513671875,2390.1689224243164,3328.0,91.4117660522461,"[8, 16)","[97, inf)","[82, inf)",True
f1opt,0.002893827855587,2391.png,126,Cargo Truck,0.005256010685116,bkg,-1,21.204148395749993,108,343.6119384765625,4074.685546875,364.8596801757813,4095.84619140625,83.50413513183594,"[16, 24)","[97, inf)","[82, inf)",True
f1opt,0.0014587263576686,2391.png,127,Truck Tractor,0.0052500832825899,bkg,-1,23.059928564483716,108,3171.540435791016,1952.4529724121091,3208.752868652344,1966.7428283691409,107.50350952148438,"[16, 24)","[97, inf)","[82, inf)",True
f1opt,0.002893827855587,2391.png,128,Cargo Truck,0.0052100177854299,bkg,-1,18.513525752080383,108,2439.95068359375,768.3460655212402,2454.6767578125,791.621150970459,43.10416793823242,"[16, 24)","[97, inf)","[-inf, 45)",True
f1opt,0.0014587263576686,2391.png,129,Truck Tractor,0.0050657987594604,bkg,-1,17.463077706295074,108,6248.22607421875,0.367192268371582,6268.6566162109375,15.293819427490234,70.99107360839844,"[16, 24)","[97, inf)","[59, 82)",True
f1opt,0.002893827855587,2391.png,130,Cargo Truck,0.0050029088743031,bkg,-1,16.11765785956485,108,1537.3726806640625,4908.0,1582.7288818359375,4913.727527618408,106.30072784423828,"[16, 24)","[97, inf)","[82, inf)",True
f1opt,0.002893827855587,2391.png,131,Cargo Truck,0.0048300931230187,cls,11,25.528900714841797,108,4472.899658203125,1591.7462158203125,4490.6236572265625,1628.5169677734375,95.54985809326172,"[24, 32)","[97, inf)","[82, inf)",True
f1opt,0.002893827855587,2391.png,132,Cargo Truck,0.0047360835596919,bkg,-1,17.81595144560033,108,1536.0,768.0,1565.5356941223145,778.7465944290161,138.34848022460938,"[16, 24)","[97, inf)","[82, inf)",True
f1opt,0.002893827855587,2391.png,133,Cargo Truck,0.0046561704948544,bkg,-1,15.912171930855271,108,4087.365234375,2291.275634765625,4096.0,2320.5986328125,72.37777709960938,"[8, 16)","[97, inf)","[59, 82)",True
f1opt,0.002893827855587,2391.png,134,Cargo Truck,0.0044918693602085,bkg,-1,18.682391984671824,108,5610.710693359375,3076.525241851806,5631.0810546875,3093.6595363616943,50.06565475463867,"[16, 24)","[97, inf)","[45, 59)",True
f1opt,0.002893827855587,2391.png,135,Cargo Truck,0.0044869785197079,bkg,-1,15.143478267564431,108,3324.8488159179688,768.3440341949463,3354.4304809570312,776.0963001251221,18.580644607543945,"[8, 16)","[97, inf)","[-inf, 45)",True
f1opt,0.002893827855587,2391.png,136,Cargo Truck,0.0043865810148417,bkg,-1,18.251976503244613,108,4730.832008361816,3858.264362335205,4744.438690185547,3882.747528076172,95.04266357421875,"[16, 24)","[97, inf)","[82, inf)",True
f1opt,0.002893827855587,2391.png,137,Cargo Truck,0.0043750316835939,bkg,-1,20.967699857473157,108,3570.6345825195312,2482.1246337890625,3584.5630493164062,2513.6890869140625,93.71041870117188,"[16, 24)","[97, inf)","[82, inf)",True
f1opt,0.002893827855587,2391.png,138,Cargo Truck,0.0043088840320706,bkg,-1,14.127217030517448,108,4088.80322265625,2305.95489025116,4095.895263671875,2334.096050262451,75.8125,"[8, 16)","[97, inf)","[59, 82)",True
f1opt,0.002893827855587,2391.png,139,Cargo Truck,0.0042854398488998,bkg,-1,18.735757701966413,108,5029.983459472656,5702.861083984375,5044.074279785156,5727.77294921875,30.072114944458008,"[16, 24)","[97, inf)","[-inf, 45)",True
f1opt,0.0014587263576686,2391.png,140,Truck Tractor,0.0038240309804677,bkg,-1,20.11883937386862,108,3611.117248535156,5922.806396484375,3655.1443481445312,5932.0,57.97111129760742,"[16, 24)","[97, inf)","[45, 59)",True
f1opt,0.002893827855587,2391.png,141,Cargo Truck,0.0038204526063054,bkg,-1,21.466410005868966,108,1542.2816772460938,791.4137573242188,1572.1705856323242,806.8310737609863,75.36492156982422,"[16, 24)","[97, inf)","[59, 82)",True
f1opt,0.002893827855587,2391.png,142,Cargo Truck,0.0037430298980325,bkg,-1,22.127449239522413,108,4580.1859130859375,970.0651245117188,4614.9993896484375,984.1293334960938,72.55619049072266,"[16, 24)","[97, inf)","[59, 82)",True
f1opt,0.002893827855587,2391.png,143,Cargo Truck,0.0034820637665688,bkg,-1,21.454754209699743,108,2226.871337890625,1536.2079439163208,2276.187744140625,1545.5416831970217,76.25882720947266,"[16, 24)","[97, inf)","[59, 82)",True
f1opt,0.002893827855587,2391.png,144,Cargo Truck,0.003461786545813,bkg,-1,30.69518802546708,108,4930.382629394531,3290.8331298828125,4974.447814941406,3312.2149658203125,81.03671264648438,"[24, 32)","[97, inf)","[59, 82)",True
f1opt,0.002893827855587,2391.png,145,Cargo Truck,0.0034519811160862,bkg,-1,21.13654890187832,108,3553.7348022460938,2480.471069335937,3567.6710815429688,2512.5279541015625,95.57979583740234,"[16, 24)","[97, inf)","[82, inf)",True
f1opt,0.002893827855587,2391.png,146,Cargo Truck,0.00328139658086,bkg,-1,20.672706922303497,108,4608.094973564148,1124.2951049804688,4618.11408996582,1166.9496459960938,85.02325439453125,"[16, 24)","[97, inf)","[82, inf)",True
f1opt,0.0014587263576686,2391.png,147,Truck Tractor,0.0031995575409382,bkg,-1,21.92509522034383,108,1048.3180541992188,768.1427392959595,1086.8067016601562,780.6323909759521,65.64891815185547,"[16, 24)","[97, inf)","[59, 82)",True
f1opt,0.002893827855587,2391.png,148,Cargo Truck,0.0031159413047134,bkg,-1,11.63304727604341,108,4858.8870849609375,2480.987335205078,4864.0,2507.4551696777344,20.14285659790039,"[8, 16)","[97, inf)","[-inf, 45)",True
f1opt,0.002893827855587,2391.png,149,Cargo Truck,0.003063122741878,bkg,-1,23.373226954905302,108,4316.716522216797,332.3179016113281,4330.908966064453,370.8107604980469,49.46324920654297,"[16, 24)","[97, inf)","[45, 59)",True
f1opt,0.0014587263576686,2391.png,150,Truck Tractor,0.0030213613063097,bkg,-1,14.682481500869413,108,3167.3995361328125,1853.2208862304688,3184.6925048828125,1865.6869506835935,60.82051467895508,"[8, 16)","[97, inf)","[59, 82)",True
f1opt,0.0014587263576686,2391.png,151,Truck Tractor,0.0029579671099781,bkg,-1,27.42947231301077,108,3285.8787841796875,4613.528978347778,3324.5797119140625,4632.969751358032,60.716251373291016,"[24, 32)","[97, inf)","[59, 82)",True
f1opt,0.002893827855587,2391.png,152,Cargo Truck,0.0029519798699766,bkg,-1,9.836682043763515,108,2555.058349609375,5674.335571289063,2560.0,5693.9161376953125,48.130001068115234,"[8, 16)","[97, inf)","[45, 59)",True
f1opt,0.002893827855587,2391.png,153,Cargo Truck,0.0029125078581273,bkg,-1,14.733098756568223,108,4090.45703125,2338.8536987304688,4096.0,2378.013977050781,49.15447235107422,"[8, 16)","[97, inf)","[45, 59)",True
f1opt,0.0014587263576686,2391.png,154,Truck Tractor,0.0024092132225632,bkg,-1,24.61467435821931,108,1075.3533935546875,768.023512840271,1143.178466796875,776.956524848938,67.9581298828125,"[24, 32)","[97, inf)","[59, 82)",True
f1opt,0.0014587263576686,2391.png,155,Truck Tractor,0.001587179605849,bkg,-1,24.617083617983617,108,550.2178955078125,4245.572692871094,583.0850830078125,4264.010559082031,74.63823699951172,"[24, 32)","[97, inf)","[59, 82)",True
f1opt,0.002893827855587,2460.png,0,Cargo Truck,0.2346110492944717,bkg,-1,10.199699652769265,86,533.4915771484375,79.23506164550781,540.0211181640625,95.16786193847656,47.382354736328125,"[8, 16)","[76, 97)","[45, 59)",True
f1opt,0.0122697269544005,2460.png,1,Truck w/Box,0.054668553173542,TP,71,17.455041730393962,86,532.209716796875,166.14816284179688,542.5908203125,195.49749755859372,46.712120056152344,"[16, 24)","[76, 97)","[45, 59)",False
f1opt,0.0122697269544005,2460.png,2,Truck w/Box,0.0465134046971797,TP,67,17.285740525451715,86,558.6823120117188,163.97128295898438,570.1675415039062,189.98703002929688,43.23646545410156,"[16, 24)","[76, 97)","[-inf, 45)",False
f1opt,0.002893827855587,2460.png,3,Cargo Truck,0.0142802437767386,bkg,-1,20.323612780271826,86,262.9915771484375,62.57708358764648,287.850830078125,79.19259643554688,40.869659423828125,"[16, 24)","[76, 97)","[-inf, 45)",True
f1opt,0.002893827855587,2460.png,4,Cargo Truck,0.0070926859043538,bkg,-1,8.70660015186313,86,310.49981689453125,0.0,324.7973022460937,5.301973342895508,52.4555549621582,"[8, 16)","[76, 97)","[45, 59)",True
f1opt,0.002893827855587,2470.png,0,Cargo Truck,0.6921553015708923,cls,135,30.032187355212102,153,1621.3280792236328,2241.3822631835938,1660.2338256835938,2264.564758300781,45.48229217529297,"[24, 32)","[97, inf)","[45, 59)",True
f1opt,0.002893827855587,2470.png,1,Cargo Truck,0.6896541118621826,both,9,31.82770921002973,153,2355.898193359375,2531.4249267578125,2398.1485595703125,2555.401123046875,43.15999984741211,"[24, 32)","[97, inf)","[-inf, 45)",True
f1opt,0.0122697269544005,2470.png,2,Truck w/Box,0.570305347442627,bkg,-1,39.140954312444585,153,65.77719116210938,2225.8279418945312,116.86886596679688,2255.813537597656,43.920597076416016,"[32, 48)","[97, inf)","[-inf, 45)",True
f1opt,0.0122697269544005,2470.png,3,Truck w/Box,0.5661640167236328,bkg,-1,54.68938458710394,153,1160.6385498046875,2300.1290283203125,1221.8377685546875,2349.001037597656,44.43096923828125,"[48, 96)","[97, inf)","[-inf, 45)",True
f1opt,0.002893827855587,2470.png,4,Cargo Truck,0.3055605292320251,bkg,-1,27.385534947961208,153,928.3123779296876,772.7898559570312,955.0396728515624,800.8498420715332,41.26231384277344,"[24, 32)","[97, inf)","[-inf, 45)",True
f1opt,0.002893827855587,2470.png,5,Cargo Truck,0.1271906346082687,both,84,24.551447684641833,153,1087.4134521484375,2172.0,1130.300048828125,2186.0550575256348,46.0878791809082,"[24, 32)","[97, inf)","[45, 59)",True
f1opt,0.0122697269544005,2470.png,6,Truck w/Box,0.1148554980754852,TP,141,44.57733205294971,153,651.493408203125,1671.536163330078,706.2138671875,1707.8505249023438,43.60569381713867,"[32, 48)","[97, inf)","[-inf, 45)",False
f1opt,0.002893827855587,2470.png,7,Cargo Truck,0.0876134112477302,both,152,24.33213907819009,153,2045.3006896972656,1995.1817321777344,2063.9552001953125,2026.9195251464844,45.37171173095703,"[24, 32)","[97, inf)","[45, 59)",True
f1opt,0.0122697269544005,2470.png,8,Truck w/Box,0.0806476026773452,TP,115,36.52951222058326,153,153.56640625,2182.850341796875,196.43499755859372,2213.9781494140625,42.8480110168457,"[32, 48)","[97, inf)","[-inf, 45)",False
f1opt,0.002893827855587,2470.png,9,Cargo Truck,0.078578695654869,bkg,-1,25.72268021045843,153,2881.5104370117188,2102.3836669921875,2910.189514160156,2125.4547119140625,43.33333206176758,"[24, 32)","[97, inf)","[-inf, 45)",True
f1opt,0.002893827855587,2470.png,10,Cargo Truck,0.07489675283432,cls,149,33.55662523187926,153,1480.5034790039062,1964.4901123046875,1516.6500854492188,1995.642333984375,51.93158721923828,"[32, 48)","[97, inf)","[45, 59)",True
f1opt,0.0122697269544005,2470.png,11,Truck w/Box,0.0701176077127456,TP,100,53.0934342339305,153,567.2129516601562,1800.3921508789062,626.5028686523438,1847.9367065429688,46.294097900390625,"[48, 96)","[97, inf)","[45, 59)",False
f1opt,0.002893827855587,2470.png,12,Cargo Truck,0.0596853047609329,cls,9,26.635267597169722,153,2359.0689697265625,2514.0953369140625,2392.7921142578125,2535.1324462890625,41.09759521484375,"[24, 32)","[97, inf)","[-inf, 45)",True
f1opt,0.002893827855587,2470.png,13,Cargo Truck,0.0340174734592437,both,96,27.18674061388805,153,2542.948974609375,2335.67138671875,2560.0,2379.018859863281,40.63827133178711,"[24, 32)","[97, inf)","[-inf, 45)",True
f1opt,0.002893827855587,2470.png,14,Cargo Truck,0.0338945090770721,both,127,21.314743304280732,153,1203.1845703125,2053.1715087890625,1234.7646484375,2067.5577392578125,45.20624923706055,"[16, 24)","[97, inf)","[-inf, 45)",True
f1opt,0.0064783310517668,2470.png,15,Truck w/Flatbed,0.0254359822720289,both,96,25.542109342483965,153,2543.6173095703125,2339.3306884765625,2560.0,2379.1531677246094,40.68149185180664,"[24, 32)","[97, inf)","[-inf, 45)",True
f1opt,0.0122697269544005,2470.png,16,Truck w/Box,0.0206132121384143,loc,96,23.652090913916062,153,2543.697265625,2344.431915283203,2560.0,2378.746490478516,40.8991584777832,"[16, 24)","[97, inf)","[-inf, 45)",True
f1opt,0.002893827855587,2470.png,17,Cargo Truck,0.0142175527289509,bkg,-1,19.44151437665068,153,1536.0727229118347,2182.906005859375,1551.9648094177246,2206.689697265625,45.64250183105469,"[16, 24)","[97, inf)","[45, 59)",True
f1opt,0.0122697269544005,2470.png,18,Truck w/Box,0.0132478876039385,TP,136,44.95344244099385,153,1095.2723388671875,2352.5714111328125,1146.88818359375,2391.722412109375,43.75672912597656,"[32, 48)","[97, inf)","[-inf, 45)",False
f1opt,0.002893827855587,2470.png,19,Cargo Truck,0.011725858785212,both,122,29.374027505968865,153,2539.289306640625,2838.879821777344,2559.918701171875,2880.7052612304688,44.076412200927734,"[24, 32)","[97, inf)","[-inf, 45)",True
f1opt,0.002893827855587,2470.png,20,Cargo Truck,0.011298413388431,bkg,-1,15.316936213045077,153,1016.544677734375,2382.176559448242,1024.0,2413.645156860352,52.578125,"[8, 16)","[97, inf)","[45, 59)",True
f1opt,0.0064783310517668,2470.png,21,Truck w/Flatbed,0.0089426022022962,bkg,-1,42.375968913940305,153,714.1544189453125,1688.962890625,760.076416015625,1728.066650390625,44.82823181152344,"[32, 48)","[97, inf)","[-inf, 45)",True
f1opt,0.0064783310517668,2470.png,22,Truck w/Flatbed,0.0076789152808487,bkg,-1,21.841388714270224,153,1261.52001953125,402.9780883789063,1298.2759399414062,415.9568481445313,51.3966178894043,"[16, 24)","[97, inf)","[45, 59)",True
f1opt,0.002893827855587,2470.png,23,Cargo Truck,0.0073184226639568,bkg,-1,16.364156029859288,153,1003.6051025390624,2534.4451904296875,1023.2281494140624,2548.0916748046875,48.82539749145508,"[16, 24)","[97, inf)","[45, 59)",True
f1opt,0.002893827855587,2470.png,24,Cargo Truck,0.0055007925257086,bkg,-1,8.56085512701202,153,40.920989990234375,2172.219246864319,52.03779602050781,2178.811809539795,45.0,"[8, 16)","[97, inf)","[-inf, 45)",True
f1opt,0.002893827855587,2470.png,25,Cargo Truck,0.0048281494528055,cls,116,59.395200951139856,153,1113.0565795898438,2172.190734863281,1180.8525390625,2224.2261352539062,47.6534423828125,"[48, 96)","[97, inf)","[45, 59)",True
f1opt,0.002893827855587,2470.png,26,Cargo Truck,0.0030820053070783,bkg,-1,27.445547791864325,153,1001.8160400390624,647.843017578125,1024.0,681.798095703125,39.408695220947266,"[24, 32)","[97, inf)","[-inf, 45)",True
f1opt,0.002893827855587,2470.png,27,Cargo Truck,0.003016272559762,bkg,-1,11.984493157971215,153,2191.3557891845703,2235.4451293945312,2201.3135681152344,2249.8688354492188,44.06060791015625,"[8, 16)","[97, inf)","[-inf, 45)",True
f1opt,0.0014587263576686,2470.png,28,Truck Tractor,0.0028440319001674,bkg,-1,26.8545300130391,153,927.3317565917968,770.9822454452515,953.4876098632812,798.5541152954102,41.093231201171875,"[24, 32)","[97, inf)","[-inf, 45)",True
f1opt,0.0122697269544005,2472.png,0,Truck w/Box,0.8842685222625732,TP,74,36.51753391471913,101,1338.3214111328125,807.4982681274414,1394.3057861328125,831.3179550170898,50.40280532836914,"[32, 48)","[97, inf)","[45, 59)",False
f1opt,0.0122697269544005,2472.png,1,Truck w/Box,0.77790367603302,TP,94,38.90869580972736,101,1640.144775390625,2880.8184814453125,1697.6396484375,2907.1492919921875,49.684730529785156,"[32, 48)","[97, inf)","[45, 59)",False
f1opt,0.0122697269544005,2472.png,2,Truck w/Box,0.7011100649833679,bkg,-1,37.91516205988165,101,982.3313903808594,3109.3615112304688,1029.1323852539062,3140.0779418945312,44.89518356323242,"[32, 48)","[97, inf)","[-inf, 45)",True
f1opt,0.0122697269544005,2472.png,3,Truck w/Box,0.6796442270278931,bkg,-1,35.36089907230249,101,950.1475830078124,2607.082763671875,974.5863037109376,2658.2471923828125,45.047691345214844,"[32, 48)","[97, inf)","[-inf, 45)",True
f1opt,0.0064783310517668,2472.png,4,Truck w/Flatbed,0.6541993021965027,bkg,-1,32.51823235744423,101,2082.749755859375,1946.1423034667969,2131.829833984375,1967.6874084472656,54.2136344909668,"[32, 48)","[97, inf)","[45, 59)",True
f1opt,0.0064783310517668,2472.png,5,Truck w/Flatbed,0.5886074304580688,cls,92,43.74872275408191,101,1217.8077392578125,799.9060897827148,1275.1455078125,833.2863693237305,37.85908126831055,"[32, 48)","[97, inf)","[-inf, 45)",True
f1opt,0.0122697269544005,2472.png,6,Truck w/Box,0.4117307066917419,bkg,-1,34.60951036078029,101,2069.8126831054688,2714.6434326171875,2125.7777709960938,2736.04638671875,47.536231994628906,"[32, 48)","[97, inf)","[45, 59)",True
f1opt,0.0122697269544005,2472.png,7,Truck w/Box,0.2762795984745025,cls,35,34.84235167455922,101,2072.270446777344,2736.682678222656,2131.081115722656,2757.3250122070312,50.400001525878906,"[32, 48)","[97, inf)","[45, 59)",True
f1opt,0.002893827855587,2472.png,8,Cargo Truck,0.2557279169559479,cls,36,37.60089811066637,101,2066.6910400390625,2690.506103515625,2121.6256103515625,2716.24267578125,50.25463104248047,"[32, 48)","[97, inf)","[45, 59)",True
f1opt,0.0122697269544005,2472.png,9,Truck w/Box,0.2281936407089233,loc,81,33.766254455369435,101,1001.7447509765624,2875.0419921875,1023.3973388671876,2927.698974609375,52.111568450927734,"[32, 48)","[97, inf)","[45, 59)",True
f1opt,0.0122697269544005,2472.png,10,Truck w/Box,0.2038981914520263,cls,39,37.98291856467766,101,2356.3973083496094,2837.951904296875,2409.121795654297,2865.31494140625,48.558109283447266,"[32, 48)","[97, inf)","[45, 59)",True
f1opt,0.0122697269544005,2472.png,11,Truck w/Box,0.1930176615715026,TP,77,37.391300772375565,101,1636.3605346679688,2871.5968017578125,1693.1022338867188,2896.236694335937,51.21286392211914,"[32, 48)","[97, inf)","[45, 59)",False
f1opt,0.0122697269544005,2472.png,12,Truck w/Box,0.1674236208200454,TP,90,36.45084881760735,101,1282.363525390625,787.3181915283203,1336.15576171875,812.0181198120117,42.647552490234375,"[32, 48)","[97, inf)","[-inf, 45)",False
f1opt,0.0122697269544005,2472.png,13,Truck w/Box,0.1077420264482498,cls,32,26.31915962432272,101,2095.0137939453125,2826.082092285156,2148.368408203125,2839.0650024414062,54.7169303894043,"[24, 32)","[97, inf)","[45, 59)",True
f1opt,0.0122697269544005,2472.png,14,Truck w/Box,0.1049193739891052,TP,92,44.202230365217844,101,1218.6051025390625,799.5394134521484,1275.64453125,833.7935638427734,37.89359664916992,"[32, 48)","[97, inf)","[-inf, 45)",False
f1opt,0.0122697269544005,2472.png,15,Truck w/Box,0.0905763208866119,both,40,24.28342903269594,101,2477.8326416015625,2548.8013916015625,2530.489624023437,2560.0,53.24074172973633,"[24, 32)","[97, inf)","[45, 59)",True
f1opt,0.0064783310517668,2472.png,16,Truck w/Flatbed,0.0745067372918129,bkg,-1,29.700042263636718,101,2197.44873046875,1817.8664855957031,2242.591552734375,1837.4065246582031,65.00621032714844,"[24, 32)","[97, inf)","[59, 82)",True
f1opt,0.0122697269544005,2472.png,17,Truck w/Box,0.0714986398816108,cls,34,33.14408211524587,101,2086.734130859375,2775.612548828125,2139.14501953125,2796.572509765625,53.718013763427734,"[32, 48)","[97, inf)","[45, 59)",True
f1opt,0.0122697269544005,2472.png,18,Truck w/Box,0.0693058967590332,bkg,-1,39.506498249304755,101,2287.4305877685547,2699.56640625,2315.445114135742,2755.279052734375,52.225650787353516,"[32, 48)","[97, inf)","[45, 59)",True
f1opt,0.0064783310517668,2472.png,19,Truck w/Flatbed,0.0606203414499759,bkg,-1,36.89199717589996,101,982.6534423828124,3108.7048950195312,1024.0,3141.6222534179688,44.17226791381836,"[32, 48)","[97, inf)","[-inf, 45)",True
f1opt,0.0064783310517668,2472.png,20,Truck w/Flatbed,0.0570440255105495,cls,39,37.68187635250443,101,2357.029296875,2838.4373779296875,2409.012939453125,2865.752197265625,48.80727767944336,"[32, 48)","[97, inf)","[45, 59)",True
f1opt,0.002893827855587,2472.png,21,Cargo Truck,0.0543211251497268,bkg,-1,19.7261842798101,101,62.20562744140625,739.492431640625,84.41500854492188,757.0130615234375,61.74370574951172,"[16, 24)","[97, inf)","[59, 82)",True
f1opt,0.0064783310517668,2472.png,22,Truck w/Flatbed,0.0541245453059673,both,76,31.212280618607394,101,1757.5518798828125,2785.4508666992188,1792.0,2813.7312622070312,49.631526947021484,"[24, 32)","[97, inf)","[45, 59)",True
f1opt,0.0064783310517668,2472.png,23,Truck w/Flatbed,0.0538905709981918,cls,77,39.285316487062005,101,1634.408447265625,2868.443420410156,1691.943359375,2895.2677612304688,51.14470291137695,"[32, 48)","[97, inf)","[45, 59)",True
f1opt,0.0064783310517668,2472.png,24,Truck w/Flatbed,0.0446553565561771,bkg,-1,20.795825856376247,101,1941.7190551757808,1085.501922607422,1969.770446777344,1100.9188537597656,51.05387878417969,"[16, 24)","[97, inf)","[45, 59)",True
f1opt,0.0064783310517668,2472.png,25,Truck w/Flatbed,0.0392076298594474,cls,27,35.216296495123196,101,2657.1316528320312,3018.170166015625,2706.6371459960938,3043.2216796875,42.09307861328125,"[32, 48)","[97, inf)","[-inf, 45)",True
f1opt,0.0064783310517668,2472.png,26,Truck w/Flatbed,0.0327019281685352,both,84,31.805529949881496,101,1686.2098693847656,2820.9122924804688,1754.095703125,2835.8136596679688,49.28804397583008,"[24, 32)","[97, inf)","[45, 59)",True
f1opt,0.0122697269544005,2472.png,27,Truck w/Box,0.0302311033010482,bkg,-1,44.06778324289751,101,1519.5148315429688,1523.0587768554688,1583.3274536132812,1553.4911499023438,40.31861114501953,"[32, 48)","[97, inf)","[-inf, 45)",True
f1opt,0.002893827855587,2472.png,28,Cargo Truck,0.0256826486438512,bkg,-1,16.892769071153086,101,2316.603881835937,2669.6382446289062,2329.0046997070312,2692.6500854492188,47.824405670166016,"[16, 24)","[97, inf)","[45, 59)",True
f1opt,0.002893827855587,2472.png,29,Cargo Truck,0.023621255531907,bkg,-1,12.07875914605116,101,1554.6439590454102,773.1083779335022,1569.8744354248047,782.6876201629639,47.29375076293945,"[8, 16)","[97, inf)","[45, 59)",True
f1opt,0.0122697269544005,2472.png,30,Truck w/Box,0.0218059550970792,loc,7,20.84488178766376,101,2150.2843627929688,2600.9064331054688,2164.5739135742188,2631.3139038085938,48.06458282470703,"[16, 24)","[97, inf)","[45, 59)",True
f1opt,0.0122697269544005,2472.png,31,Truck w/Box,0.0203805174678564,bkg,-1,22.665132437558892,101,2172.8021812438965,3161.84716796875,2202.605567932129,3179.083740234375,51.852291107177734,"[16, 24)","[97, inf)","[45, 59)",True
f1opt,0.0122697269544005,2472.png,32,Truck w/Box,0.0173122435808181,loc,43,15.625502510107683,101,2176.2838735580444,3187.5474853515625,2205.16951751709,3196.0,47.71111297607422,"[8, 16)","[97, inf)","[45, 59)",True
f1opt,0.0122697269544005,2472.png,33,Truck w/Box,0.0173089988529682,TP,84,37.85430743024733,101,1686.7629089355469,2814.684814453125,1753.247100830078,2836.238037109375,48.8497428894043,"[32, 48)","[97, inf)","[45, 59)",False
f1opt,0.0122697269544005,2472.png,34,Truck w/Box,0.0151308150961995,cls,36,37.198208835347806,101,2066.55712890625,2691.476806640625,2122.401123046875,2716.2548828125,50.244937896728516,"[32, 48)","[97, inf)","[45, 59)",True
f1opt,0.0122697269544005,2472.png,35,Truck w/Box,0.0130606507882475,cls,37,22.250224052062052,101,2128.12939453125,2672.604797363281,2141.0400390625,2710.9508666992188,49.06593322753906,"[16, 24)","[97, inf)","[45, 59)",True
f1opt,0.0064783310517668,2472.png,36,Truck w/Flatbed,0.0114552294835448,cls,36,38.30173905112156,101,2066.6812744140625,2690.1710205078125,2121.2840576171875,2717.0382080078125,50.15178680419922,"[32, 48)","[97, inf)","[45, 59)",True
f1opt,0.0064783310517668,2472.png,37,Truck w/Flatbed,0.0101484926417469,cls,90,36.189074738827244,101,1282.7027587890625,787.6652641296387,1336.2017822265625,812.145133972168,42.647552490234375,"[32, 48)","[97, inf)","[-inf, 45)",True
f1opt,0.002893827855587,2472.png,38,Cargo Truck,0.0092626027762889,bkg,-1,20.88211962342129,101,1941.550048828125,1085.5311889648438,1970.0025634765625,1100.857177734375,50.59375,"[16, 24)","[97, inf)","[45, 59)",True
f1opt,0.002893827855587,2472.png,39,Cargo Truck,0.0065557779744267,bkg,-1,22.559392463036037,101,2173.387042999268,3161.820617675781,2202.792209625244,3179.127990722656,52.01052474975586,"[16, 24)","[97, inf)","[45, 59)",True
f1opt,0.002893827855587,2472.png,40,Cargo Truck,0.0052999537438154,both,81,31.650507935256712,101,1002.1922912597656,2875.0274658203125,1022.4464416503906,2924.486694335937,52.58476257324219,"[24, 32)","[97, inf)","[45, 59)",True
f1opt,0.002893827855587,2472.png,41,Cargo Truck,0.0050397012382745,bkg,-1,12.82106451230812,101,1536.0812273025513,704.3981323242188,1548.4949045181274,717.6399536132812,51.75274658203125,"[8, 16)","[97, inf)","[45, 59)",True
f1opt,0.002893827855587,2472.png,42,Cargo Truck,0.0040586008690297,bkg,-1,14.260834468236574,101,229.28411865234372,2701.9176025390625,245.413330078125,2714.5264892578125,69.75630187988281,"[8, 16)","[97, inf)","[59, 82)",True
f1opt,0.002893827855587,2472.png,43,Cargo Truck,0.0033703262452036,bkg,-1,12.06280374391617,101,810.3442993164062,2552.7451171875,830.4013061523438,2560.0,43.779762268066406,"[8, 16)","[97, inf)","[-inf, 45)",True
f1opt,0.002893827855587,2472.png,44,Cargo Truck,0.003048647660762,bkg,-1,9.55669721613535,101,1642.4430541992188,958.190673828125,1649.6174926757812,970.920654296875,52.32692337036133,"[8, 16)","[97, inf)","[45, 59)",True
f1opt,0.002893827855587,2472.png,45,Cargo Truck,0.0029289813246577,bkg,-1,10.635394520725628,101,1371.98583984375,609.7039794921875,1380.76904296875,622.5821533203125,38.407142639160156,"[8, 16)","[97, inf)","[-inf, 45)",True
f1opt,0.0014587263576686,2472.png,46,Truck Tractor,0.0014587263576686,TP,32,26.557926071399056,101,2095.30517578125,2826.47216796875,2147.3818359375,2840.01611328125,54.18113327026367,"[24, 32)","[97, inf)","[45, 59)",False
f1opt,0.0014587263576686,2543.png,0,Truck Tractor,0.0219616256654262,bkg,-1,12.641284982058462,97,0.0,768.0,19.127168655395508,776.3547172546387,84.7388916015625,"[8, 16)","[97, inf)","[82, inf)",True
f1opt,0.002893827855587,2543.png,1,Cargo Truck,0.0114457737654447,bkg,-1,16.735965878841913,97,768.0,1643.369873046875,783.0825653076172,1661.9404907226562,107.60855102539062,"[16, 24)","[97, inf)","[82, inf)",True
f1opt,0.002893827855587,2543.png,2,Cargo Truck,0.0099501255899667,bkg,-1,10.1682676423089,97,1985.4655151367188,768.0,1997.9924926757808,776.253680229187,70.52991485595703,"[8, 16)","[97, inf)","[59, 82)",True
f1opt,0.002893827855587,2543.png,3,Cargo Truck,0.0083401268348097,bkg,-1,26.013672313681838,97,1888.0,1060.2733764648438,1914.3123512268064,1085.9917602539062,143.0042724609375,"[24, 32)","[97, inf)","[82, inf)",True
f1opt,0.0014587263576686,2543.png,4,Truck Tractor,0.0083060637116432,bkg,-1,28.08112413732427,97,361.5625,1597.4124755859375,388.5104370117188,1626.6744384765625,119.51786041259766,"[24, 32)","[97, inf)","[82, inf)",True
f1opt,0.002893827855587,2543.png,5,Cargo Truck,0.0055044060572981,bkg,-1,15.562174261276677,97,1010.994873046875,284.5948486328125,1023.961181640625,303.2725830078125,136.47857666015625,"[8, 16)","[97, inf)","[82, inf)",True
f1opt,0.002893827855587,2543.png,6,Cargo Truck,0.0054602790623903,bkg,-1,25.44999559670333,97,1470.2012329101562,1826.0864868164065,1495.7141723632812,1851.473693847656,125.41123962402344,"[24, 32)","[97, inf)","[82, inf)",True
f1opt,0.002893827855587,2543.png,7,Cargo Truck,0.0053387871012091,bkg,-1,16.749349524431874,97,2882.0421142578125,0.0,2905.850830078125,11.783109664916992,55.84027862548828,"[16, 24)","[97, inf)","[45, 59)",True
f1opt,0.002893827855587,2543.png,8,Cargo Truck,0.0040841945447027,TP,86,21.432879913539065,97,1620.9264831542969,1884.9859619140625,1645.1349487304688,1903.9614868164065,112.890380859375,"[16, 24)","[97, inf)","[82, inf)",False
f1opt,0.0014587263576686,2543.png,9,Truck Tractor,0.001502719707787,bkg,-1,19.425252313470427,97,1837.2898559570312,768.0165109634399,1879.6661987304688,776.9210176467896,81.6640853881836,"[16, 24)","[97, inf)","[59, 82)",True
f1opt,0.0122697269544005,31.png,0,Truck w/Box,0.8862097263336182,TP,34,40.93982297205829,35,251.76158142089844,367.2664489746094,298.364013671875,403.2317199707031,129.67286682128906,"[32, 48)","[31, 76)","[82, inf)",False
f1opt,0.0122697269544005,31.png,1,Truck w/Box,0.8219306468963623,bkg,-1,38.36223576088966,35,2625.0987548828125,1630.6890869140625,2667.9332275390625,1665.0460205078125,127.15568542480469,"[32, 48)","[31, 76)","[82, inf)",True
f1opt,0.0122697269544005,31.png,2,Truck w/Box,0.7321918606758118,bkg,-1,36.0825868101053,35,2538.4331665039062,2454.0447998046875,2580.8812866210938,2484.7164306640625,117.13278198242188,"[32, 48)","[31, 76)","[82, inf)",True
f1opt,0.0122697269544005,31.png,3,Truck w/Box,0.6360657215118408,TP,3,37.27228493848458,35,1039.2124633789062,591.1618041992188,1085.3029174804688,621.3030395507812,109.60123443603516,"[32, 48)","[31, 76)","[82, inf)",False
f1opt,0.0122697269544005,31.png,4,Truck w/Box,0.5258179903030396,loc,6,35.465023870144144,35,1723.556396484375,800.1400146484375,1772.386474609375,825.8980712890625,107.86615753173828,"[32, 48)","[31, 76)","[82, inf)",True
f1opt,0.0122697269544005,31.png,5,Truck w/Box,0.3087230324745178,bkg,-1,40.55889625587138,35,1341.8992919921875,812.0906982421875,1390.3616943359375,846.0350341796875,82.88800048828125,"[32, 48)","[31, 76)","[82, inf)",True
f1opt,0.0122697269544005,31.png,6,Truck w/Box,0.2418181300163269,bkg,-1,28.047744683035017,35,1771.046630859375,2049.4005737304688,1792.0,2086.944702148437,108.10902404785156,"[24, 32)","[31, 76)","[82, inf)",True
f1opt,0.002893827855587,31.png,7,Cargo Truck,0.0921612456440925,bkg,-1,14.218872700434819,35,74.37884521484375,0.0064773559570312,95.5203094482422,9.569501876831056,119.63636016845703,"[8, 16)","[31, 76)","[82, inf)",True
f1opt,0.0122697269544005,31.png,8,Truck w/Box,0.0863582342863082,bkg,-1,35.14531544498076,35,2267.254638671875,2361.061828613281,2306.580810546875,2392.470764160156,123.37577819824219,"[32, 48)","[31, 76)","[82, inf)",True
f1opt,0.0122697269544005,31.png,9,Truck w/Box,0.0719171836972236,bkg,-1,34.08934804999231,35,1808.2603759765625,2016.0687866210935,1849.064208984375,2044.5485534667969,125.32347869873047,"[32, 48)","[31, 76)","[82, inf)",True
f1opt,0.0122697269544005,31.png,10,Truck w/Box,0.0676329955458641,bkg,-1,24.782041947420915,35,1076.580078125,1351.521240234375,1104.8477783203125,1373.2474365234375,90.03148651123047,"[24, 32)","[31, 76)","[82, inf)",True
f1opt,0.002893827855587,31.png,11,Cargo Truck,0.0630181208252906,bkg,-1,11.269159916407807,35,1015.97509765625,1927.3059577941892,1023.643798828125,1943.865993499756,114.08496856689453,"[8, 16)","[31, 76)","[82, inf)",True
f1opt,0.0122697269544005,31.png,12,Truck w/Box,0.0487928055226802,bkg,-1,35.2096628963908,35,1944.763916015625,2104.529052734375,1984.86962890625,2135.440368652344,125.01371765136719,"[32, 48)","[31, 76)","[82, inf)",True
f1opt,0.002893827855587,31.png,13,Cargo Truck,0.0478494949638843,bkg,-1,10.280633013690816,35,782.4918413162231,768.1103935241699,796.4367561340332,775.6896018981934,82.67500305175781,"[8, 16)","[31, 76)","[82, inf)",True
f1opt,0.002893827855587,31.png,14,Cargo Truck,0.0360254757106304,bkg,-1,25.002949594302912,35,1374.3721923828125,2607.268920898437,1398.4368896484375,2633.2467041015625,87.68740844726562,"[24, 32)","[31, 76)","[82, inf)",True
f1opt,0.0122697269544005,31.png,15,Truck w/Box,0.035317588597536,cls,0,45.414446572373365,35,185.63088989257807,320.4467163085937,237.01345825195312,360.5862426757813,106.64933013916016,"[32, 48)","[31, 76)","[82, inf)",True
f1opt,0.002893827855587,31.png,16,Cargo Truck,0.0232371408492326,bkg,-1,10.869839422839226,35,1239.7960205078125,768.000726222992,1260.10009765625,773.8199224472046,80.16666412353516,"[8, 16)","[31, 76)","[59, 82)",True
f1opt,0.002893827855587,31.png,17,Cargo Truck,0.0229367706924676,bkg,-1,13.52575102508399,35,767.9261474609375,1782.0997314453125,787.008056640625,1791.6871337890625,76.86666870117188,"[8, 16)","[31, 76)","[59, 82)",True
f1opt,0.002893827855587,31.png,18,Cargo Truck,0.0182707775384187,bkg,-1,10.724337447542807,35,2070.0,2897.8572998046875,2075.4364109039307,2919.013061523437,84.79710388183594,"[8, 16)","[31, 76)","[82, inf)",True
f1opt,0.0122697269544005,31.png,19,Truck w/Box,0.0174309983849525,bkg,-1,36.834428740910276,35,2070.0,2228.9453125,2103.1732635498047,2269.844970703125,139.89845275878906,"[32, 48)","[31, 76)","[82, inf)",True
f1opt,0.002893827855587,31.png,20,Cargo Truck,0.0086598126217722,bkg,-1,10.271065114376288,35,1486.8423461914062,0.0296478271484375,1504.8992309570312,5.872005462646484,100.4473648071289,"[8, 16)","[31, 76)","[82, inf)",True
f1opt,0.0064783310517668,31.png,21,Truck w/Flatbed,0.0081848902627825,bkg,-1,42.73724030821359,35,884.1943969726562,778.7536010742188,932.0929565429688,816.8856811523438,110.09838104248047,"[32, 48)","[31, 76)","[82, inf)",True
f1opt,0.002893827855587,31.png,22,Cargo Truck,0.0075927865691483,bkg,-1,25.453105779562122,35,3013.6981201171875,1659.271484375,3048.945068359375,1677.652099609375,99.90496826171875,"[24, 32)","[31, 76)","[82, inf)",True
f1opt,0.002893827855587,31.png,23,Cargo Truck,0.0050213928334414,bkg,-1,12.090342367024624,35,1446.1607666015625,771.1094436645508,1457.3218994140625,784.206356048584,125.55357360839844,"[8, 16)","[31, 76)","[82, inf)",True
f1opt,0.002893827855587,31.png,24,Cargo Truck,0.0040168482810258,bkg,-1,11.009866938134161,35,0.0976095199584961,2559.2955322265625,6.853568077087402,2577.23779296875,65.92481231689453,"[8, 16)","[31, 76)","[59, 82)",True
f1opt,0.002893827855587,31.png,25,Cargo Truck,0.0036130372900515,TP,0,44.93201447447214,35,185.76048278808597,321.01824951171875,237.0709991455078,360.36468505859375,106.1938705444336,"[32, 48)","[31, 76)","[82, inf)",False
