image,cls,conf,x1,y1,x2,y2
1181.png,1,0.4839930534362793,341.48883056640625,72.556396484375,375.38885498046875,118.88534545898438
1181.png,1,0.2993309497833252,466.52978515625,343.7075500488281,514.7584228515625,375.1377258300781
1181.png,1,0.29344937205314636,443.6033935546875,305.6993713378906,484.68994140625,326.7893981933594
1181.png,1,0.276241272687912,321.6695861816406,77.27081298828125,363.7539978027344,121.04684448242188
1181.png,1,0.26571890711784363,392.36248779296875,121.38796997070312,425.3525390625,168.59033203125
1181.png,1,0.22783569991588593,535.9898681640625,199.13418579101562,584.8607177734375,225.01004028320312
1181.png,1,0.20605723559856415,378.304931640625,21.908475875854492,414.83758544921875,69.86634826660156
1181.png,1,0.1911357045173645,488.58428955078125,393.0487060546875,528.087646484375,414.44775390625
1181.png,1,0.19013100862503052,359.80084228515625,220.7515106201172,406.48095703125,245.19749450683594
1181.png,3,0.14794136583805084,498.44000244140625,164.42340087890625,516.4813842773438,186.19696044921875
1181.png,1,0.14651258289813995,275.8373718261719,370.54425048828125,315.0707092285156,398.33624267578125
1181.png,1,0.14058633148670197,456.82110595703125,313.3324890136719,499.79718017578125,335.9020080566406
1181.png,3,0.13650357723236084,513.9358520507812,158.18399047851562,547.2612915039062,180.01736450195312
1181.png,3,0.13299919664859772,496.41357421875,196.17636108398438,521.894775390625,215.78933715820312
1181.png,3,0.13161642849445343,512.0941772460938,169.62374877929688,556.9148559570312,189.01577758789062
1181.png,1,0.12282322347164154,480.9295654296875,369.2811584472656,529.9564208984375,394.3487854003906
1181.png,1,0.11874812841415405,618.6934814453125,395.39251708984375,668.9112548828125,419.79962158203125
1181.png,1,0.11675894260406494,549.1871337890625,220.61968994140625,592.6444091796875,242.90042114257812
1181.png,1,0.11469309777021408,520.3828735351562,188.592529296875,562.4036254882812,211.37359619140625
1181.png,1,0.09769101440906525,431.80682373046875,263.05364990234375,482.15240478515625,289.04498291015625
1181.png,3,0.09736956655979156,490.35272216796875,186.09127807617188,519.5048828125,203.18698120117188
1181.png,3,0.09706506133079529,479.2125549316406,164.59527587890625,498.0375061035156,180.21859741210938
1181.png,1,0.09643704444169998,436.8175048828125,282.2255859375,489.9925537109375,307.88916015625
1181.png,3,0.09527134150266647,487.83197021484375,178.1270751953125,507.79449462890625,191.75442504882812
1181.png,1,0.0925963819026947,367.298583984375,134.826171875,386.9390869140625,172.51583862304688
1181.png,0,0.08842425793409348,393.46636962890625,171.39447021484375,411.73211669921875,193.52490234375
1181.png,3,0.08829289674758911,536.632080078125,366.0235595703125,552.2696533203125,390.32666015625
1181.png,0,0.0842587947845459,314.8602294921875,384.3760986328125,342.2684326171875,402.0489501953125
1181.png,3,0.08260392397642136,478.86334228515625,147.9910888671875,503.25360107421875,166.70758056640625
1181.png,1,0.08238217979669571,491.10394287109375,404.74273681640625,530.7340698242188,423.89947509765625
1181.png,3,0.08086714148521423,466.7857360839844,151.03587341308594,493.5318298339844,170.04978942871094
1181.png,1,0.0795031264424324,581.0053100585938,271.2652587890625,620.5756225585938,295.179931640625
1181.png,3,0.07907270640134811,516.417724609375,193.5269775390625,527.900390625,209.1871337890625
1181.png,1,0.07653467357158661,562.298828125,488.99090576171875,601.822509765625,512.2267456054688
1181.png,1,0.07504872977733612,626.5082397460938,419.594482421875,667.0780639648438,440.22998046875
1181.png,1,0.07387974858283997,495.1049499511719,110.457763671875,530.379150390625,133.02178955078125
1181.png,3,0.07024157792329788,484.3834228515625,376.34564208984375,531.662841796875,398.49371337890625
1181.png,3,0.06996113806962967,510.75799560546875,137.1904296875,543.8952026367188,166.07330322265625
1181.png,0,0.06955229490995407,135.53350830078125,806.9148559570312,150.45220947265625,825.0868530273438
1181.png,2,0.06921705603599548,431.44232177734375,265.3152160644531,482.19244384765625,288.3273010253906
1181.png,1,0.06918806582689285,309.4836730957031,368.78509521484375,341.8359069824219,389.13494873046875
1181.png,0,0.06756149977445602,326.82122802734375,408.4659118652344,349.51214599609375,424.1384582519531
1181.png,3,0.06745538115501404,521.6058349609375,191.00851440429688,561.3780517578125,211.09750366210938
1181.png,3,0.06366653740406036,518.0833740234375,181.62289428710938,556.2972412109375,199.06378173828125
1181.png,3,0.06202797591686249,517.10693359375,203.42108154296875,531.383544921875,217.70660400390625
1181.png,3,0.0606212392449379,349.896240234375,112.85795593261719,369.85888671875,131.60353088378906
1181.png,0,0.060426265001297,318.05328369140625,398.1635437011719,345.60125732421875,418.3806457519531
1181.png,3,0.059550970792770386,512.923583984375,365.5627136230469,531.041748046875,379.8056945800781
1181.png,3,0.05712481960654259,464.5628662109375,467.0341796875,481.4296875,491.347412109375
1181.png,1,0.05705674737691879,533.2361450195312,504.7718200683594,561.5009155273438,534.7806396484375
1181.png,1,0.05696335807442665,491.1375732421875,88.9837646484375,526.422119140625,109.99642944335938
1181.png,0,0.05543757975101471,494.8995666503906,111.43986511230469,531.0509033203125,132.79371643066406
1181.png,1,0.053997863084077835,593.1001586914062,294.00445556640625,633.0193481445312,319.94097900390625
1181.png,3,0.05309344455599785,475.192626953125,286.62127685546875,489.744873046875,304.1060791015625
1181.png,1,0.052440010011196136,440.5149841308594,297.7742004394531,487.6027526855469,315.5475158691406
1181.png,1,0.05202749744057655,556.4844970703125,235.35189819335938,598.771728515625,256.1839294433594
1181.png,0,0.05148974433541298,627.3111572265625,419.88214111328125,669.9644775390625,440.49481201171875
1181.png,0,0.051173023879528046,535.3487548828125,662.692626953125,557.466552734375,697.305908203125
1181.png,1,0.049390241503715515,560.7774047851562,245.5657958984375,602.0153198242188,267.91571044921875
1181.png,3,0.04692181572318077,485.03814697265625,196.03964233398438,511.50018310546875,222.33975219726562
1181.png,0,0.045030705630779266,369.7447814941406,45.91246032714844,385.7344055175781,64.49700927734375
1181.png,3,0.04453013092279434,73.36245727539062,594.7303466796875,105.944091796875,614.33056640625
1181.png,3,0.04396811127662659,484.81805419921875,139.18150329589844,508.66033935546875,158.2231903076172
1181.png,1,0.04206767678260803,535.6510009765625,661.4967041015625,557.9547119140625,696.7935791015625
1181.png,3,0.04134175926446915,373.85467529296875,176.76058959960938,396.30877685546875,195.25210571289062
1181.png,0,0.04056760296225548,2868.6451416015625,934.4025268554688,2883.2706298828125,951.6560668945312
1181.png,1,0.04003702104091644,577.212646484375,768.6038188934326,608.7001953125,789.5257549285889
1181.png,0,0.03980070725083351,1447.9642333984375,14.92300796508789,1462.67529296875,34.15669631958008
1181.png,1,0.039576806128025055,522.9764404296875,510.1031494140625,551.7869873046875,554.148193359375
1181.png,3,0.03878355771303177,627.5472412109375,419.929443359375,667.5655517578125,441.1204833984375
1181.png,3,0.03815033659338951,379.95880126953125,22.96514320373535,406.05426025390625,50.066444396972656
1181.png,0,0.03789249435067177,380.4832763671875,178.939697265625,399.787841796875,203.66705322265625
1181.png,0,0.03731633350253105,114.96711730957031,637.8802490234375,131.3202362060547,660.7723388671875
1181.png,3,0.03721461445093155,477.34979248046875,282.8180847167969,514.9133911132812,297.4993591308594
1181.png,1,0.03628387674689293,376.74700927734375,134.61956787109375,401.96148681640625,171.91204833984375
1181.png,3,0.03570402041077614,576.32470703125,336.47979736328125,592.3173828125,356.10430908203125
1181.png,0,0.03517007827758789,365.8982849121094,132.83242797851562,389.8279113769531,173.26364135742188
1181.png,3,0.034971099346876144,440.86138916015625,100.84474182128906,464.39410400390625,119.68208312988281
1181.png,0,0.03394617140293121,442.3544616699219,312.8831787109375,501.0776672363281,339.0079345703125
1181.png,0,0.03369433060288429,341.65216064453125,73.75505065917969,375.22503662109375,119.06021118164062
1181.png,3,0.03323221579194069,520.1788940429688,354.96624755859375,545.1762084960938,379.69140625
1181.png,1,0.032801177352666855,628.1424560546875,430.79840087890625,677.4171142578125,454.6065673828125
1181.png,0,0.032253045588731766,545.6226806640625,547.1338500976562,564.422119140625,567.6492309570312
1181.png,3,0.032072097063064575,433.36859130859375,485.9880676269531,452.98675537109375,510.9436950683594
1181.png,3,0.03200351074337959,533.6864013671875,342.5382080078125,551.2091064453125,377.0050048828125
1181.png,3,0.03066409006714821,512.3953857421875,131.13986206054688,539.1995849609375,144.48577880859375
1181.png,3,0.030653491616249084,352.7644958496094,104.48954772949219,374.3343811035156,120.70426940917969
1181.png,0,0.03013400174677372,314.15350341796875,368.58209228515625,342.76129150390625,387.57440185546875
1181.png,3,0.029873190447688103,524.5045166015625,199.55250549316406,562.5694580078125,218.7313690185547
1181.png,3,0.029344892129302025,452.5870361328125,471.730712890625,467.9927978515625,491.968017578125
1181.png,1,0.02883424237370491,2170.9818725585938,137.7501983642578,2216.2453002929688,167.5718231201172
1181.png,0,0.028530193492770195,2739.638671875,536.5878295898438,2751.4769287109375,556.0737915039062
1181.png,0,0.028344932943582535,381.1934814453125,531.660888671875,397.491943359375,545.758544921875
1181.png,0,0.02800177037715912,518.7472534179688,188.83505249023438,562.8436889648438,209.94302368164062
1181.png,0,0.027579540386795998,492.4361572265625,88.4384536743164,526.0970458984375,109.7923812866211
1181.png,2,0.027290470898151398,69.90675354003906,615.4273681640625,112.71177673339844,639.7108154296875
1181.png,0,0.02678346075117588,485.275390625,394.299072265625,531.1612548828125,419.07257080078125
1181.png,0,0.026766488328576088,363.08416748046875,450.7033386230469,385.34844970703125,471.1714782714844
1181.png,3,0.026736441999673843,589.0208740234375,350.36175537109375,616.1375732421875,372.19036865234375
1181.png,3,0.02653389796614647,96.3817138671875,614.902587890625,115.3768310546875,636.782470703125
1181.png,3,0.026363123208284378,426.15997314453125,110.68547058105469,442.04779052734375,130.18670654296875
1181.png,0,0.026304423809051514,521.254638671875,282.3595886230469,534.8958740234375,295.3107604980469
1181.png,3,0.02577214688062668,411.5545349121094,120.89881896972656,439.7651672363281,160.94358825683594
1181.png,0,0.025591682642698288,485.08355712890625,138.70535278320312,510.6990966796875,163.56878662109375
1181.png,0,0.024721061810851097,385.87603759765625,173.01968383789062,403.94598388671875,196.87869262695312
1181.png,3,0.024582872167229652,630.686767578125,432.45941162109375,676.88330078125,453.18560791015625
1181.png,3,0.024232663214206696,481.29974365234375,174.80332946777344,496.44683837890625,191.61805725097656
1181.png,3,0.02421426773071289,490.839111328125,133.90591430664062,518.6406860351562,151.02545166015625
1181.png,0,0.024200402200222015,589.208251953125,769.5869979858398,607.609619140625,788.7971687316895
1181.png,0,0.023634357377886772,417.62982177734375,755.27880859375,445.53656005859375,776.19287109375
1181.png,3,0.02334023453295231,416.6651306152344,483.5303955078125,437.4462585449219,523.9031982421875
1181.png,0,0.02312852069735527,2600.6669311523438,2094.462890625,2620.2940063476562,2108.73193359375
1181.png,3,0.023057620972394943,581.9735107421875,352.17559814453125,598.3624267578125,372.39910888671875
1181.png,0,0.02298407070338726,474.67218017578125,376.6073913574219,531.0556030273438,397.8802795410156
1181.png,1,0.022775929421186447,571.25390625,259.191650390625,610.19873046875,282.9193115234375
1181.png,1,0.022725878283381462,347.42340087890625,440.28741455078125,378.93682861328125,465.69378662109375
1181.png,2,0.02240181714296341,562.41455078125,488.8993225097656,602.049072265625,510.5350646972656
1181.png,1,0.02232605591416359,539.6978759765625,279.1684265136719,578.9066162109375,301.3633117675781
1181.png,0,0.0219168309122324,594.715087890625,294.4422607421875,629.63525390625,320.41455078125
1181.png,0,0.02175452746450901,620.8077392578125,397.521728515625,668.3087158203125,421.9168701171875
1181.png,1,0.021623976528644562,410.2145080566406,279.1934814453125,428.7187805175781,311.71014404296875
1181.png,3,0.021552104502916336,477.549072265625,292.3585205078125,503.549560546875,316.21392822265625
1181.png,0,0.021431149914860725,352.30645751953125,441.273681640625,377.83319091796875,463.06109619140625
1181.png,0,0.02133670449256897,408.77423095703125,304.5123596191406,423.16973876953125,318.7649230957031
1181.png,0,0.021253401413559914,392.994873046875,131.16067504882812,431.419921875,166.58444213867188
1181.png,0,0.021075433120131493,2108.4443359375,83.70919799804688,2127.8342895507812,106.08978271484375
1181.png,2,0.020795147866010666,839.2279586791992,68.30339050292969,873.4475479125977,106.57743835449219
1181.png,3,0.02064318209886551,509.9637756347656,120.02286529541016,535.3089599609375,139.32315063476562
1181.png,0,0.02054714411497116,497.547607421875,200.1341552734375,512.2207641601562,222.12310791015625
1181.png,0,0.020492766052484512,461.44512939453125,467.63995361328125,482.59698486328125,491.95574951171875
1181.png,3,0.02041957713663578,469.6204528808594,263.89239501953125,482.2576599121094,277.42926025390625
1181.png,0,0.02037355862557888,509.7432861328125,447.7873229980469,527.1766357421875,468.2768859863281
1181.png,3,0.01979227177798748,553.6824951171875,337.30218505859375,565.7615966796875,349.907958984375
1181.png,3,0.019763844087719917,363.10113525390625,495.12103271484375,376.256591796875,510.7880859375
1181.png,1,0.019511397927999496,864.7851715087891,101.16928100585938,897.2117156982422,135.9179229736328
1181.png,2,0.019364679232239723,2169.5307006835938,137.9844970703125,2214.625,169.9283447265625
1181.png,0,0.019182533025741577,24.90717315673828,834.3528289794922,49.70643615722656,846.2670440673828
1181.png,3,0.019036797806620598,381.89337158203125,123.15005493164062,397.65765380859375,147.14495849609375
1181.png,2,0.019006848335266113,592.7401123046875,293.7364501953125,633.5989990234375,319.37054443359375
1181.png,3,0.01891900971531868,558.6973266601562,335.9285583496094,575.5928344726562,357.3839416503906
1181.png,3,0.018903199583292007,511.75933837890625,342.32550048828125,530.8848266601562,358.53057861328125
1181.png,3,0.018797021359205246,362.70330810546875,176.54270935058594,383.08367919921875,189.4292449951172
1181.png,0,0.01860913634300232,453.02783203125,138.04385375976562,468.947265625,151.32785034179688
1181.png,0,0.018470948562026024,505.18499755859375,192.27256774902344,530.4740600585938,213.7887725830078
1181.png,0,0.01837240718305111,382.4298095703125,142.48577880859375,399.433349609375,167.8421630859375
1181.png,0,0.01833677850663662,514.474609375,164.5605010986328,557.398681640625,191.11781311035156
1181.png,1,0.018285932019352913,660.0803833007812,489.1588134765625,683.2069702148438,526.2374877929688
1181.png,3,0.018189599737524986,391.1541748046875,106.88790893554688,406.9915771484375,124.27798461914062
1181.png,2,0.017914224416017532,619.048095703125,382.478515625,666.876220703125,419.3651123046875
1181.png,1,0.017859674990177155,362.3522644042969,183.21432495117188,393.1130065917969,206.09490966796875
1181.png,0,0.017541315406560898,503.685546875,121.98204040527344,541.6448974609375,144.2489471435547
1181.png,3,0.01736302673816681,584.3734130859375,333.03802490234375,610.5469970703125,363.24896240234375
1181.png,0,0.017357371747493744,508.5109558105469,137.43026733398438,542.64892578125,162.34408569335938
1181.png,2,0.017346728593111038,540.1250610351562,279.5628662109375,582.1909790039062,300.4752197265625
1181.png,3,0.017255499958992004,472.36627197265625,165.423095703125,489.63543701171875,182.4814453125
1181.png,0,0.017221959307789803,589.2139892578125,350.3454284667969,615.2689208984375,370.1217956542969
1181.png,3,0.01721426099538803,370.9328308105469,496.05987548828125,389.6504821777344,512.5536499023438
1181.png,3,0.017068926244974136,432.8348388671875,268.57373046875,471.23486328125,290.298095703125
1181.png,0,0.017030049115419388,534.942626953125,365.2047424316406,566.114501953125,400.7066955566406
1181.png,1,0.01701357215642929,555.3370971679688,532.1392211914062,582.1305541992188,560.7053833007812
1181.png,0,0.016727730631828308,560.85888671875,535.5553588867188,582.6343994140625,559.3297729492188
1181.png,2,0.01670023985207081,2305.2730712890625,93.29713439941406,2347.5133056640625,140.3286590576172
1181.png,0,0.016688499599695206,516.550537109375,154.17271423339844,546.9635009765625,173.88743591308594
1181.png,1,0.016476215794682503,352.0333251953125,210.01861572265625,402.5750732421875,229.8846435546875
1181.png,0,0.016445955261588097,2660.2685546875,2420.5576171875,2677.3533935546875,2447.742431640625
1181.png,0,0.016386885195970535,373.49847412109375,33.83607482910156,391.38543701171875,53.213462829589844
1181.png,1,0.016304505988955498,351.98394775390625,199.0107421875,369.24920654296875,223.22747802734375
1181.png,2,0.015984686091542244,510.8897705078125,121.07598876953125,536.323974609375,141.74325561523438
1181.png,3,0.01569289341568947,385.4879150390625,413.26422119140625,399.8232421875,429.75189208984375
1181.png,1,0.01564616896212101,422.0720520019531,248.99029541015625,474.7436828613281,273.89044189453125
1181.png,0,0.01513990480452776,2727.1944580078125,2241.7027587890625,2739.2781982421875,2251.9378662109375
1181.png,3,0.015078192576766014,520.5457763671875,519.1720581054688,550.3675537109375,554.6268920898438
1181.png,1,0.014804458245635033,0.07817745208740234,699.06298828125,13.17944049835205,742.19482421875
1181.png,3,0.014744509942829609,485.675537109375,470.35546875,498.337646484375,481.9710693359375
1181.png,3,0.014699483290314674,425.29620361328125,93.21607971191406,440.70758056640625,120.73109436035156
1181.png,0,0.014647520147264004,364.14349365234375,436.79693603515625,383.02569580078125,449.64263916015625
1181.png,1,0.014361382462084293,451.3065490722656,323.61163330078125,505.7592468261719,351.23541259765625
1181.png,1,0.013017108663916588,1465.92578125,6.200113296508789,1502.160888671875,21.616165161132812
1181.png,0,0.012638800777494907,2313.0418090820312,101.31565856933594,2347.2904663085938,140.19236755371094
1181.png,0,0.012309438548982143,416.48431396484375,793.9585456848145,435.25091552734375,804.6338806152344
1181.png,0,0.011914527043700218,2170.5841064453125,138.9144287109375,2215.6242065429688,170.90313720703125
1181.png,0,0.011209698393940926,2455.3818359375,309.8193054199219,2477.203857421875,326.7780456542969
1181.png,0,0.010210273787379265,2600.5797119140625,609.7613525390625,2614.4278564453125,627.6280517578125
1181.png,0,0.009666618891060352,2672.5386962890625,652.9146728515625,2689.750732421875,681.9127197265625
1181.png,0,0.009564516134560108,1563.5469970703125,1211.61962890625,1575.6929931640625,1223.7352294921875
1181.png,0,0.009432652965188026,694.7546997070312,960.1331176757812,711.7448120117188,976.0362548828125
1181.png,1,0.009390230290591717,425.3897705078125,880.3828201293945,448.992919921875,925.8726196289062
1181.png,2,0.009322581812739372,2479.8502807617188,2285.1275024414062,2530.6875610351562,2319.7560424804688
1181.png,0,0.009297271259129047,1335.4216918945312,1081.4641723632812,1350.3195190429688,1090.6139526367188
1181.png,2,0.009172356687486172,2591.89501953125,2105.120086669922,2629.86181640625,2148.398712158203
1181.png,0,0.009062056429684162,2466.8851318359375,639.4461669921875,2485.2020263671875,648.6346435546875
1181.png,0,0.008872411213815212,2511.51123046875,2282.5082397460938,2530.748779296875,2301.0966186523438
1181.png,3,0.008390136063098907,2646.94873046875,2420.8272094726562,2666.514892578125,2442.8408813476562
1181.png,1,0.008124708198010921,2595.561279296875,2100.8920288085938,2626.99609375,2136.5781860351562
1181.png,0,0.008105486631393433,2204.2930908203125,74.9837646484375,2225.7877197265625,90.24652099609375
1181.png,0,0.008000874891877174,605.0037841796875,808.5300979614258,619.7276611328125,824.0383377075195
1181.png,0,0.00772639038041234,2193.642333984375,48.876930236816406,2219.2890625,65.81756591796875
1181.png,3,0.007343841250985861,2627.86083984375,596.9913330078125,2645.223388671875,622.5496826171875
1181.png,0,0.00715713482350111,595.3450927734375,826.766960144043,609.4329833984375,841.1657180786133
1181.png,0,0.0067696101032197475,594.8951416015625,916.0518341064453,604.0836181640625,925.8582916259766
1181.png,0,0.0065623680129647255,1446.266845703125,1207.5504760742188,1462.31298828125,1221.3007202148438
1181.png,0,0.006560758221894503,2355.6505737304688,258.9666442871094,2375.6638793945312,297.9252014160156
1181.png,3,0.006254294421523809,770.1238384246826,1372.3339233398438,790.4323101043701,1393.5181274414062
1181.png,0,0.006239786744117737,462.845947265625,777.6976375579834,479.2598876953125,788.1458263397217
1181.png,0,0.006195849273353815,777.1639022827148,1382.445556640625,789.8746643066406,1392.91845703125
1181.png,0,0.005938386078923941,2301.7266540527344,39.5567626953125,2315.386199951172,53.78040313720703
1181.png,0,0.005795109551399946,2658.1785888671875,657.10009765625,2665.3902587890625,670.49462890625
1181.png,0,0.005743653047829866,2462.449462890625,2741.324462890625,2475.06884765625,2752.426513671875
1181.png,0,0.005613186862319708,1166.7478942871094,1145.9968566894531,1180.3589782714844,1166.1954650878906
1181.png,0,0.005214547272771597,199.67193603515625,1396.7940673828125,212.024658203125,1408.9366455078125
1181.png,1,0.0051757111214101315,2725.9929809570312,2219.6841430664062,2762.5270385742188,2252.8635864257812
1181.png,0,0.005155869759619236,2192.6612548828125,43.64453125,2208.8905029296875,53.74354553222656
1181.png,3,0.004778105765581131,2658.41455078125,2420.0145874023438,2676.5711669921875,2448.0652465820312
1181.png,1,0.004766689147800207,2316.4644775390625,94.81610107421875,2347.2325439453125,138.7026824951172
1181.png,0,0.004725165665149689,2501.671875,2790.7977294921875,2511.879638671875,2803.0145263671875
1181.png,0,0.004723676946014166,457.3275146484375,804.8840866088867,470.16162109375,814.8758926391602
1181.png,0,0.004677276127040386,2612.9796142578125,665.404541015625,2625.8902587890625,687.81689453125
1181.png,0,0.004591851495206356,2398.0250854492188,2879.421142578125,2411.7078247070312,2891.395751953125
1181.png,0,0.0045466856099665165,2551.1568603515625,656.6400146484375,2560.0,673.142822265625
1181.png,0,0.00448479363694787,2551.0198974609375,211.1224365234375,2560.0,225.35104370117188
1181.png,3,0.004403918515890837,2511.60595703125,2272.031463623047,2529.076171875,2288.4435119628906
1181.png,0,0.004286970477551222,2834.0400390625,1729.5386047363281,2845.5849609375,1741.1402282714844
1181.png,0,0.004125004168599844,2699.528076171875,452.73480224609375,2721.4775390625,493.30645751953125
1181.png,0,0.004015612415969372,1044.0879821777344,1115.8595275878906,1060.3595886230469,1123.5661926269531
1181.png,0,0.003975387662649155,2413.938720703125,2862.72021484375,2432.0999755859375,2883.343017578125
1181.png,0,0.0037600926589220762,437.439697265625,914.0401458740234,447.6588134765625,925.0137176513672
1181.png,0,0.0036436093505471945,1417.0911865234375,17.852340698242188,1433.8800048828125,35.24036407470703
1181.png,0,0.003630218096077442,2510.8895263671875,2271.2487182617188,2527.58544921875,2285.6495971679688
1181.png,0,0.0035216910764575005,2545.4918212890625,197.64285278320312,2554.4129638671875,209.17733764648438
1181.png,1,0.003337008645758033,2684.482177734375,2239.3516845703125,2708.417724609375,2264.4736328125
1181.png,0,0.003282224526628852,2563.6259765625,657.4974975585938,2572.12451171875,675.5021362304688
1181.png,1,0.0032093205954879522,919.6656188964844,46.29743957519531,938.6059265136719,70.34624481201172
1181.png,0,0.003168713068589568,2882.6270751953125,961.0694885253906,2893.0,983.9165954589844
1181.png,0,0.0031611730810254812,2576.17138671875,796.6340732574463,2607.6485595703125,822.2357711791992
1181.png,0,0.0031307421158999205,2655.8511352539062,839.8175811767578,2671.3870239257812,852.6346282958984
1181.png,0,0.0030821519903838634,766.1822509765625,1391.5848999023438,774.7821044921875,1400.4262084960938
1181.png,0,0.003001587698236108,2423.4999389648438,274.98712158203125,2441.0243530273438,299.36358642578125
1181.png,1,0.0029166454914957285,2695.0396118164062,442.4754943847656,2723.5602416992188,495.4182434082031
1181.png,0,0.002902560168877244,0.5105772018432617,2005.0997619628906,10.61605453491211,2020.9709167480469
1181.png,2,0.002877362770959735,618.1666259765625,1033.3273315429688,634.7818603515625,1062.8086547851562
1181.png,0,0.002876848680898547,1296.293701171875,1079.1469421386719,1314.2991943359375,1091.6989440917969
1181.png,0,0.002815950196236372,618.4942626953125,1033.076904296875,634.5592041015625,1063.0626831054688
1181.png,0,0.002744350815191865,1537.0505857467651,1323.7099609375,1545.822582244873,1337.552001953125
1181.png,1,0.0026729144155979156,920.5773010253906,155.89385986328125,966.6947326660156,193.94546508789062
1181.png,0,0.0026284833438694477,1760.9115600585938,1295.0713500976562,1768.65185546875,1307.5068969726562
1181.png,0,0.0026191207580268383,42.20161437988281,1354.79052734375,64.3992919921875,1371.564453125
1181.png,0,0.002598666585981846,2527.1978759765625,2762.5653686523438,2541.6727294921875,2778.6323852539062
1181.png,0,0.002574671059846878,564.57421875,773.6095485687256,579.5673828125,790.8155002593994
1181.png,0,0.0025669678580015898,1411.726806640625,2.2879562377929688,1430.019287109375,28.57471466064453
1181.png,3,0.0025482785422354937,2646.8905029296875,2429.8297729492188,2661.4490966796875,2453.0535278320312
1181.png,3,0.0025359070859849453,2528.0577392578125,2760.18505859375,2547.7352294921875,2778.290771484375
1181.png,3,0.002476002089679241,2462.0303955078125,2741.6279907226562,2475.6790771484375,2752.8663940429688
1181.png,2,0.0024385612923651934,2725.5784912109375,2215.0179443359375,2764.4400634765625,2253.7965087890625
1181.png,3,0.0023758690804243088,2613.84130859375,2073.6239013671875,2630.732421875,2090.8638916015625
1181.png,1,0.0022901957854628563,1952.4540100097656,325.5562744140625,1975.3635559082031,368.224609375
1181.png,0,0.002283690497279167,2387.93896484375,2128.1473388671875,2404.4462890625,2145.669189453125
1181.png,0,0.0022448482923209667,2480.6376953125,2285.5142211914062,2523.28271484375,2319.1911010742188
1181.png,0,0.0022258381359279156,2177.2232666015625,304.99859619140625,2193.4183349609375,321.96148681640625
1181.png,0,0.002208775607869029,2020.08642578125,24.089859008789062,2036.0828857421875,47.353370666503906
1181.png,0,0.0022028458770364523,1843.394775390625,1505.6937255859375,1853.5881958007812,1516.6524658203125
1181.png,0,0.002201841911301017,2701.5596313476562,439.4671630859375,2719.3889770507812,457.099853515625
1181.png,0,0.0021751760505139828,920.181884765625,46.60051727294922,938.5192260742188,69.78414154052734
1181.png,0,0.0021205057855695486,1861.3583068847656,229.00343322753906,1909.4544372558594,250.58445739746094
1181.png,0,0.002113964641466737,2771.3401489257812,1496.305419921875,2792.1838989257812,1526.302978515625
1181.png,3,0.002112190006300807,2596.598388671875,2072.703857421875,2611.36865234375,2097.708984375
1181.png,0,0.0021003405563533306,834.4697418212891,1403.1513061523438,849.5764312744141,1412.6754760742188
1181.png,1,0.0020924259442836046,2452.3560791015625,2708.1988525390625,2478.1624755859375,2749.9888916015625
1181.png,3,0.0020813082810491323,2854.9475708007812,915.599365234375,2886.4822387695312,952.4325561523438
1181.png,0,0.002042255364358425,2526.99609375,2388.4141235351562,2541.489990234375,2403.3744506835938
1181.png,0,0.0020244140177965164,2461.929931640625,2339.9122314453125,2473.095458984375,2353.0311279296875
1181.png,1,0.002017360180616379,919.0579223632812,21.706478118896484,942.5148315429688,49.9492301940918
1181.png,0,0.0019888216629624367,2883.5499267578125,238.35366821289062,2893.0,262.68505859375
1181.png,0,0.0019867699593305588,25.184825897216797,1536.0482025146484,36.995391845703125,1540.9968128204346
1181.png,0,0.001958653097972274,1868.5105590820312,216.99600219726562,1904.6155395507812,234.96286010742188
1181.png,2,0.0019488141406327486,768.0,1360.208740234375,790.144926071167,1393.475830078125
1181.png,2,0.001935535459779203,2686.10400390625,2240.476318359375,2727.806884765625,2264.6536865234375
1181.png,0,0.001851232722401619,2627.8734130859375,589.351318359375,2643.9698486328125,622.53564453125
1181.png,0,0.0018297168426215649,790.328857421875,1228.8330688476562,805.930419921875,1245.6953735351562
1181.png,0,0.0017866791458800435,606.7564697265625,904.1138153076172,620.3304443359375,917.7965545654297
1181.png,0,0.0017757110763341188,919.8837280273438,22.01862144470215,941.4251708984375,47.532081604003906
1181.png,0,0.001758292317390442,1781.33056640625,1647.1143493652344,1792.0,1666.494384765625
1181.png,0,0.0016931066056713462,1753.091552734375,1308.2284545898438,1766.6013488769531,1325.5818481445312
1181.png,0,0.001687024487182498,614.65673828125,904.7257537841797,625.255615234375,916.2547760009766
1181.png,3,0.0016607344150543213,2606.712646484375,2090.5804443359375,2625.1263427734375,2106.0450439453125
1181.png,2,0.001658726017922163,920.652099609375,154.70294189453125,965.2334594726562,193.4404296875
1181.png,0,0.0016351911472156644,2760.6016235351562,2183.327392578125,2773.4459838867188,2196.5029296875
1181.png,0,0.0016248812898993492,768.0,1487.7963256835938,778.4801111221313,1523.9445190429688
1181.png,0,0.0016183671541512012,2631.7711181640625,684.3529052734375,2643.7706298828125,701.3709716796875
1181.png,0,0.0016014698194339871,1200.616943359375,702.5263671875,1212.6962890625,714.296875
1181.png,0,0.0015571661060675979,2411.5733642578125,241.4925537109375,2428.3795166015625,261.1842346191406
1181.png,0,0.0015356147196143866,1176.2940063476562,833.5296630859375,1187.1968383789062,841.6007080078125
1181.png,1,0.0014695612480863929,768.6731910705566,1546.3797426223755,807.975700378418,1571.05912399292
1181.png,3,0.001438028528355062,2614.4718627929688,2080.717529296875,2631.8765258789062,2097.0364990234375
1181.png,0,0.0014328300021588802,2747.9488525390625,624.1876220703125,2758.6278076171875,637.9261474609375
1181.png,1,0.0014227153733372688,787.7195434570312,1227.0660095214844,817.5458374023438,1254.3565368652344
1181.png,0,0.0014198648277670145,398.3925476074219,836.9223175048828,417.4431457519531,862.7079315185547
1181.png,3,0.0014086388982832432,2769.5340576171875,1493.599609375,2792.8411865234375,1527.45263671875
1181.png,0,0.001378919230774045,2684.3604736328125,2237.920654296875,2716.2642822265625,2264.3408203125
1181.png,0,0.0013616865035146475,48.473087310791016,1549.3351650238037,57.896236419677734,1560.103651046753
1181.png,0,0.0013562479289248586,1177.86474609375,701.469970703125,1190.7119750976562,709.6552734375
1181.png,0,0.0013560723746195436,807.032470703125,1447.447265625,827.052001953125,1456.3123779296875
1181.png,0,0.0013460662448778749,1790.4863739013672,1538.0736021995544,1804.7500610351562,1550.0069522857666
1181.png,0,0.00132842268794775,613.3067626953125,842.5197143554688,624.4364013671875,855.3211975097656
1181.png,0,0.0013260904233902693,2445.230224609375,1883.6958055496216,2470.9580078125,1898.1615180969238
1181.png,0,0.001319086761213839,1710.8778381347656,1278.9365844726562,1733.4964904785156,1292.4484252929688
1181.png,0,0.001318191410973668,1017.7342987060547,1230.5779418945312,1031.8401489257812,1246.4943237304688
1181.png,0,0.0013071781722828746,1200.95849609375,687.6270141601562,1216.593994140625,705.9301147460938
1181.png,0,0.0013032846618443727,2744.9866943359375,536.2485961914062,2755.4683837890625,558.1192016601562
1181.png,1,0.0013002996565774083,2528.167236328125,2763.8883056640625,2560.0,2807.0333251953125
1181.png,0,0.001272498513571918,2209.9107360839844,1899.9765319824219,2223.9256896972656,1911.0315246582031
1181.png,0,0.0012557099107652903,57.612632751464844,855.2911148071289,73.65265655517578,876.6672744750977
1181.png,1,0.0012466480256989598,1862.7796020507812,221.55288696289062,1915.2289428710938,250.84780883789062
1181.png,0,0.001245873630978167,2883.6690673828125,1878.3423385620117,2893.0,1909.8239860534668
1181.png,0,0.0012452797964215279,2842.8592529296875,949.9280395507812,2858.095458984375,966.0885009765625
1181.png,0,0.0012385217705741525,2793.2911376953125,443.76568603515625,2803.5218505859375,455.84649658203125
1181.png,0,0.0012302135583013296,594.212646484375,840.7197113037109,609.55712890625,858.6165008544922
1181.png,1,0.0012229775311425328,2489.0662841796875,2234.803466796875,2512.055419921875,2264.1343994140625
1181.png,0,0.0012196435127407312,2093.5338134765625,69.83473205566406,2108.9461669921875,83.09342956542969
1181.png,0,0.0012119492748752236,1540.4818606376648,1325.19482421875,1555.1713409423828,1340.666748046875
1181.png,0,0.0012002420844510198,2252.3530883789062,1799.6302185058594,2283.5221557617188,1815.1268005371094
1181.png,3,0.0011985523160547018,2645.304931640625,610.9091796875,2669.063232421875,628.877685546875
1181.png,0,0.0011850021546706557,1628.1436767578125,1478.593505859375,1645.4500732421875,1493.173095703125
1181.png,0,0.0011799178319051862,2724.5294799804688,432.9970703125,2741.5514526367188,445.9508056640625
1181.png,0,0.0011764724040403962,2876.3148193359375,938.24755859375,2893.0,968.7487182617188
1181.png,0,0.0011762672802433372,2629.65869140625,2108.977294921875,2640.47705078125,2120.71728515625
1181.png,3,0.001156854210421443,2696.507568359375,423.97174072265625,2719.5770263671875,449.79620361328125
1181.png,0,0.0011568018235266209,438.64495849609375,817.6373519897461,455.11334228515625,836.063606262207
1181.png,0,0.001151468139141798,2722.2557373046875,293.9408874511719,2733.7542724609375,309.9443054199219
1181.png,0,0.0011497444938868284,1788.36572265625,1384.2938232421875,1800.0858764648438,1393.6234130859375
1181.png,0,0.0011422813404351473,2551.4530029296875,221.66140747070312,2560.0,240.53811645507812
1181.png,0,0.0011167884804308414,2653.55029296875,898.8371734619141,2666.292236328125,911.8172454833984
1181.png,2,0.0011126460740342736,1867.1999816894531,218.14810180664062,1915.7125549316406,251.3375244140625
1181.png,0,0.001112589263357222,2626.6268310546875,654.0491943359375,2638.871337890625,664.2386474609375
1181.png,1,0.0011124997399747372,1413.2605590820312,5.054816246032715,1433.1625366210938,34.206390380859375
1206.png,1,0.512580156326294,1394.664306640625,2304.8817749023438,1425.9931640625,2345.3359985351562
1206.png,1,0.49294137954711914,1359.6832275390625,2303.7266235351562,1394.2447509765625,2349.9349975585938
1206.png,1,0.4635308086872101,2016.1172485351562,1965.6868286132812,2055.8262329101562,2007.6299438476562
1206.png,1,0.43257269263267517,2237.9554443359375,768.0,2267.1787109375,807.7718276977539
1206.png,1,0.4229482412338257,331.06402587890625,168.80548095703125,381.33038330078125,207.84979248046875
1206.png,1,0.415446013212204,1478.8668212890625,2514.3445434570312,1528.1649169921875,2545.6504516601562
1206.png,1,0.4091227948665619,2164.713134765625,1811.94873046875,2215.78564453125,1842.2960815429688
1206.png,1,0.40088972449302673,2521.1522216796875,2055.296875,2565.0006103515625,2086.288330078125
1206.png,1,0.3917860686779022,1352.633544921875,2351.68017578125,1392.46484375,2376.4139404296875
1206.png,1,0.3781031668186188,3.7200183868408203,0.0,61.483734130859375,29.05721664428711
1206.png,1,0.37687236070632935,1878.1560592651367,1877.3887023925781,1917.850440979004,1922.8219909667969
1206.png,1,0.3715527057647705,1823.8431091308594,1785.9061584472656,1859.9556579589844,1831.9678039550781
1206.png,1,0.3709554672241211,2392.8016357421875,2055.16650390625,2444.6256103515625,2079.496337890625
1206.png,1,0.3675016760826111,1362.430908203125,2219.5753784179688,1415.81298828125,2251.041015625
1206.png,1,0.3593367040157318,1455.370361328125,2326.663818359375,1484.132080078125,2374.85205078125
1206.png,1,0.35040098428726196,2635.0986938476562,1816.54248046875,2670.4269409179688,1866.85498046875
1206.png,1,0.3399313986301422,1193.0005493164062,2660.5706787109375,1244.2819213867188,2689.4884033203125
1206.png,1,0.3284246623516083,2252.201416015625,768.0,2281.0465087890625,807.2930908203125
1206.png,1,0.32755422592163086,795.68212890625,1142.5089721679688,845.3771438598633,1170.8817138671875
1206.png,1,0.3261815011501312,2565.2135009765625,1966.9473876953125,2609.0250244140625,1996.0411376953125
1206.png,1,0.32305780053138733,2468.5447998046875,1679.948486328125,2517.3270263671875,1708.23046875
1206.png,1,0.32097944617271423,801.9589767456055,1161.7836303710938,850.9414978027344,1191.3466186523438
1206.png,1,0.3024037480354309,1396.0025634765625,2281.3695678710938,1434.1046142578125,2322.4928588867188
1206.png,1,0.2868603467941284,1209.5088500976562,2678.188720703125,1239.2241821289062,2700.990966796875
1206.png,1,0.27266865968704224,1510.5650634765625,2155.0191040039062,1545.3896484375,2174.2007446289062
1206.png,1,0.2710656523704529,2256.489501953125,752.0767822265625,2287.03369140625,794.5301513671875
1206.png,1,0.26405876874923706,2277.3832092285156,1784.3614501953125,2313.0865173339844,1808.1239624023438
1206.png,1,0.26010194420814514,1719.2208251953125,129.57098388671875,1752.8201904296875,177.213134765625
1206.png,1,0.25459274649620056,2600.35302734375,1945.3204345703125,2643.133544921875,1976.081298828125
1206.png,1,0.24416935443878174,2441.1353759765625,1432.5030517578125,2476.404541015625,1481.2833251953125
1206.png,1,0.24313436448574066,1977.7487487792969,1805.900390625,2013.9857482910156,1855.687744140625
1206.png,1,0.24152295291423798,2286.7462768554688,901.769287109375,2321.4913940429688,951.0732421875
1206.png,1,0.2402295470237732,1222.7968444824219,2689.05419921875,1245.5965270996094,2724.435302734375
1206.png,1,0.23580627143383026,2426.798095703125,1705.3780822753906,2468.390380859375,1733.6620178222656
1206.png,3,0.23353902995586395,2258.720458984375,763.9548950195312,2280.9905395507812,805.5714721679688
1206.png,1,0.23078681528568268,1857.4570922851562,1840.8498229980469,1881.4140014648438,1872.9726867675781
1206.png,1,0.22877444326877594,1826.7552490234375,1984.3648681640625,1872.1834716796875,2014.996337890625
1206.png,1,0.22726964950561523,1534.3732299804688,2166.4158935546875,1576.2926635742188,2187.9569091796875
1206.png,1,0.2222888320684433,1953.935302734375,1918.6322631835938,2003.31396484375,1949.9644165039062
1206.png,1,0.2221737653017044,1711.7578125,2081.7244873046875,1753.0137939453125,2106.607666015625
1206.png,1,0.21312589943408966,1410.586669921875,2209.0877990722656,1452.3143310546875,2232.950653076172
1206.png,1,0.2078252136707306,2517.7908935546875,1992.5455474853516,2559.708251953125,2017.6853790283203
1206.png,1,0.2023090273141861,1919.5647468566895,1083.356689453125,1946.1446990966797,1130.4276123046875
1206.png,1,0.1999342441558838,2247.2100219726562,702.2960205078125,2277.1343383789062,744.5675048828125
1206.png,1,0.19992569088935852,1399.1620483398438,1543.6473388671875,1434.6715698242188,1587.0772705078125
1206.png,1,0.1952938586473465,2218.7957763671875,880.1700439453125,2260.3089599609375,907.824951171875
1206.png,1,0.1938609480857849,2518.8461303710938,1591.1576538085938,2540.9622192382812,1623.5701293945312
1206.png,1,0.19122308492660522,2434.153076171875,1980.6217498779297,2457.58935546875,2012.228775024414
1206.png,1,0.1880769282579422,36.175315856933594,219.971435546875,75.42499542236328,247.1270751953125
1206.png,1,0.1840713918209076,1528.6554565429688,2180.7449951171875,1576.1716918945312,2204.6724853515625
1206.png,1,0.18242758512496948,1677.2301025390625,1945.205307006836,1712.1156005859375,1987.0170135498047
1206.png,1,0.18016983568668365,2237.0347900390625,706.7137451171875,2265.7899169921875,750.7730712890625
1206.png,1,0.17918679118156433,2453.86962890625,1400.4276123046875,2485.1121826171875,1447.6644287109375
1206.png,1,0.1723506599664688,160.00816345214844,0.224151611328125,179.1799774169922,20.834903717041016
1206.png,1,0.1714268922805786,2512.1153564453125,1520.859619140625,2536.9906005859375,1555.9921875
1206.png,1,0.16893881559371948,2593.468505859375,1936.8244400024414,2641.940673828125,1963.825813293457
1206.png,3,0.16513702273368835,2272.432586669922,784.4223442077637,2286.785858154297,805.1177177429199
1206.png,1,0.16254405677318573,1970.7522277832031,2071.4221801757812,1996.6410827636719,2120.9527587890625
1206.png,1,0.16253431141376495,1416.30224609375,2193.7354125976562,1464.447998046875,2212.5535278320312
1206.png,1,0.1612669676542282,1512.2037353515625,2177.9691772460938,1544.04736328125,2198.5380249023438
1206.png,1,0.1607201248407364,279.4818115234375,356.68798828125,325.43341064453125,388.1361083984375
1206.png,1,0.15879490971565247,2247.0940551757812,1799.6080017089844,2276.8468627929688,1821.8839416503906
1206.png,1,0.1560918241739273,2252.3463134765625,815.8145141601562,2277.6202392578125,850.0564575195312
1206.png,1,0.15437239408493042,1336.3590087890625,2753.4439697265625,1368.828369140625,2798.7689208984375
1206.png,1,0.14858464896678925,2438.1136474609375,2028.4601135253906,2470.6461181640625,2050.7335205078125
1206.png,3,0.14855468273162842,1812.9965209960938,772.2027945518494,1838.7058715820312,787.1900959014893
1206.png,1,0.14766539633274078,1771.1182708740234,2015.3223266601562,1814.821044921875,2044.9214477539062
1206.png,1,0.14693978428840637,1932.4300231933594,1986.5221252441406,1957.7734069824219,2034.9497375488281
1206.png,1,0.14670827984809875,2452.5194091796875,1661.0588073730469,2512.5172119140625,1693.0149536132812
1206.png,3,0.14473848044872284,1803.9349365234375,773.3291015625,1817.75537109375,788.28515625
1206.png,1,0.14402924478054047,1313.9031982421875,2020.7493286132812,1351.6912841796875,2073.3712768554688
1206.png,1,0.14311546087265015,1822.061767578125,712.4850463867188,1863.5396728515625,741.8181762695312
1206.png,1,0.14148731529712677,1263.0947875976562,2743.5988159179688,1294.3008422851562,2762.0626831054688
1206.png,0,0.1413039118051529,1802.3564453125,786.9902954101562,1833.899658203125,805.2177124023438
1206.png,1,0.13887491822242737,2226.158447265625,716.7884521484375,2253.337158203125,759.1993408203125
1206.png,3,0.1384337991476059,2263.4232788085938,908.3030395507812,2299.6350708007812,957.9147338867188
1206.png,1,0.13765157759189606,1383.5478515625,2304.9971923828125,1412.8984375,2348.6136474609375
1206.png,1,0.13727214932441711,2295.1616821289062,774.2447509765625,2324.1526489257812,820.4984130859375
1206.png,1,0.13670459389686584,2251.173828125,1808.6359558105469,2287.4921875,1832.7923889160156
1206.png,3,0.13325607776641846,2245.5761108398438,768.0,2268.4338989257812,814.6804733276367
1206.png,1,0.13258478045463562,1350.0582275390625,2248.0283203125,1380.2333984375,2267.6441650390625
1206.png,1,0.13108624517917633,1668.4913940429688,2064.1728515625,1729.6092224121094,2107.3268432617188
1206.png,1,0.1260758340358734,2217.158935546875,768.3083648681641,2243.9057006835938,802.40283203125
1206.png,1,0.12507300078868866,1857.2669067382812,2543.9117431640625,1884.8766479492188,2588.4058837890625
1206.png,1,0.12501201033592224,2201.0504760742188,1833.5700073242188,2235.4721069335938,1856.4274291992188
1206.png,1,0.12473057210445404,1976.9791870117188,2020.4866943359375,2012.9247436523438,2044.154052734375
1206.png,1,0.12208279967308044,2361.4315795898438,1722.8380432128906,2393.5796508789062,1743.7337951660156
1206.png,0,0.12009958177804947,31.04407501220703,36.48976135253906,60.477569580078125,56.76112365722656
1206.png,1,0.11853068321943283,1363.3607177734375,2263.6477661132812,1394.0814208984375,2286.1858520507812
1206.png,3,0.11488554626703262,2770.6452026367188,1880.304443359375,2782.5713500976562,1894.0897216796875
1206.png,1,0.11394216120243073,2126.9126892089844,1860.7174682617188,2176.345245361328,1890.8274536132812
1206.png,3,0.11348475515842438,2349.121551513672,801.7237014770508,2373.9222717285156,836.1499252319336
1206.png,0,0.11303985118865967,2674.0341796875,1937.3056182861328,2695.0576171875,1952.3222198486328
1206.png,1,0.11098749190568924,2477.66259765625,1521.2982177734375,2508.5162353515625,1563.6866455078125
1206.png,1,0.10996699333190918,1334.1077880859375,2272.1825561523438,1367.4405517578125,2300.5962524414062
1206.png,1,0.1090971902012825,157.95620727539062,299.2930908203125,222.56613159179688,335.17181396484375
1206.png,1,0.10838095843791962,2051.2371826171875,1898.0654602050781,2108.0185546875,1922.0974426269531
1206.png,1,0.10832774639129639,47.66569137573242,278.59576416015625,97.04972839355469,319.85009765625
1206.png,3,0.10449749231338501,2272.4776611328125,730.8291015625,2288.3682861328125,743.5731201171875
1206.png,0,0.10307488590478897,835.686408996582,1338.052001953125,856.7714157104492,1368.608154296875
1206.png,0,0.1030149906873703,242.47821044921875,333.22344970703125,275.79364013671875,358.95648193359375
1206.png,1,0.10250259935855865,1314.7926025390625,2249.8896484375,1352.2205810546875,2279.7286376953125
1206.png,1,0.10087066888809204,1950.4834899902344,1798.1796264648438,1976.8357849121094,1837.9481201171875
1206.png,1,0.10032718628644943,1061.8082275390625,2726.6179809570312,1113.533203125,2756.1212768554688
1206.png,1,0.09927574545145035,1278.2031860351562,2766.2898559570312,1303.9988403320312,2780.2760620117188
1206.png,2,0.09780152887105942,1063.6646728515625,2727.3687744140625,1113.3553466796875,2757.8726806640625
1206.png,3,0.096195749938488,2251.441192626953,742.39404296875,2264.9661560058594,756.218505859375
1206.png,0,0.09570266306400299,1391.5667724609375,2363.4681396484375,1413.8436279296875,2378.9105224609375
1206.png,0,0.0951312705874443,1598.9686279296875,1617.7218017578125,1619.1644287109375,1648.2767333984375
1206.png,0,0.0951237678527832,38.82111358642578,26.039417266845703,65.82024383544922,43.74240493774414
1206.png,3,0.09493239223957062,2366.6513061523438,795.8130340576172,2389.2307739257812,827.0543365478516
1206.png,2,0.09473735094070435,1450.225341796875,1999.0548400878906,1498.045166015625,2048.5082092285156
1206.png,0,0.09457536786794662,1238.6089477539062,2480.4910888671875,1260.682861328125,2494.7620849609375
1206.png,0,0.09424933791160583,1519.1522216796875,395.71343994140625,1539.4603271484375,423.72259521484375
1206.png,1,0.09402837604284286,1909.561378479004,1084.8583374023438,1926.5855865478516,1109.5798950195312
1206.png,1,0.09369375556707382,1261.2353515625,2675.160888671875,1283.4268188476562,2706.167724609375
1206.png,1,0.09360415488481522,1453.167236328125,2001.1512451171875,1497.964599609375,2047.791015625
1206.png,2,0.0934188961982727,2052.9466552734375,1898.112060546875,2107.0970458984375,1922.489990234375
1206.png,3,0.09121765196323395,2286.2874145507812,902.83251953125,2320.6727905273438,951.870361328125
1206.png,3,0.09075885266065598,2237.661102294922,734.5927124023438,2256.5213928222656,758.7366333007812
1206.png,0,0.09020394831895828,2308.4482421875,990.5740966796875,2345.11767578125,1016.8995361328125
1206.png,0,0.09007176756858826,1537.1947441101074,2166.3851318359375,1574.7931594848633,2184.0196533203125
1206.png,1,0.0900367945432663,929.50341796875,1170.4735107421875,952.559814453125,1218.4326171875
1206.png,0,0.08967362344264984,1270.5401611328125,2756.1285400390625,1298.1368408203125,2774.5447998046875
1206.png,3,0.08874637633562088,2254.9136352539062,737.9505615234375,2271.0713500976562,752.4100341796875
1206.png,3,0.08867476135492325,2230.7288513183594,741.7396240234375,2246.0631408691406,765.0762939453125
1206.png,0,0.08845062553882599,1775.8871459960938,643.8089599609375,1808.3515625,660.777099609375
1206.png,1,0.08806738257408142,2262.3352661132812,703.2750244140625,2287.6221313476562,742.7694091796875
1206.png,3,0.08726591616868973,2276.8992919921875,734.0739135742188,2300.9307861328125,762.0014038085938
1206.png,0,0.0871753841638565,1856.1845703125,800.6775207519531,1873.86328125,818.0216674804688
1206.png,0,0.08528299629688263,729.5643310546875,2846.18994140625,751.2694091796875,2866.497314453125
1206.png,3,0.08512291312217712,1389.5263671875,1485.8424072265625,1407.583251953125,1502.4832763671875
1206.png,1,0.08499021828174591,2308.788330078125,990.549072265625,2345.24560546875,1017.9321899414062
1206.png,1,0.08468770980834961,2304.4664306640625,1778.39990234375,2349.291015625,1804.05859375
1206.png,1,0.08133532851934433,2242.8326416015625,821.2957763671875,2269.9136962890625,865.3118896484375
1206.png,1,0.08035221695899963,2328.7464599609375,836.0724487304688,2352.5828857421875,870.3164672851562
1206.png,1,0.07959695160388947,77.38353729248047,33.314292907714844,105.16895294189453,53.759681701660156
1206.png,0,0.0790429562330246,1865.5233459472656,792.9885330200195,1884.0995788574219,813.339958190918
1206.png,0,0.07839810848236084,1908.4781951904297,1084.1833801269531,1926.7820129394531,1110.3850402832031
1206.png,1,0.07804662734270096,1695.4510498046875,637.7880859375,1726.0272216796875,654.576416015625
1206.png,3,0.07792816311120987,1457.089599609375,2460.4482421875,1473.15869140625,2483.693359375
1206.png,1,0.07764267921447754,1663.991455078125,2432.0103149414062,1693.0718994140625,2453.7426147460938
1206.png,1,0.07762936502695084,2191.7096557617188,829.5757026672363,2237.9578247070312,857.5982513427734
1206.png,1,0.07702216506004333,1253.3698120117188,2684.3809814453125,1272.2595825195312,2710.7342529296875
1206.png,3,0.07644618302583694,2258.6005859375,733.5340576171875,2273.4248046875,748.7923583984375
1206.png,1,0.0756860077381134,2317.4107666015625,2085.5354614257812,2363.0661010742188,2110.5929565429688
1206.png,3,0.07550446689128876,1759.4036865234375,792.0305271148682,1781.0702819824219,808.1533279418945
1206.png,1,0.07523247599601746,2763.46826171875,1889.0735473632812,2820.666015625,1912.2811889648438
1206.png,0,0.07512363791465759,2426.0343017578125,2028.3202514648438,2470.1302490234375,2056.1173706054688
1206.png,1,0.0749286338686943,2370.9635620117188,1734.920883178711,2412.7595825195312,1765.969497680664
1206.png,0,0.07411260902881622,2425.5860595703125,228.36654663085938,2445.015625,244.33370971679688
1206.png,3,0.0736592710018158,1633.539794921875,168.66580200195312,1661.473892211914,208.06893920898438
1206.png,1,0.07365015894174576,1731.5648345947266,839.2061920166016,1767.1509552001953,861.7368316650391
1206.png,0,0.07364466041326523,1549.368408203125,373.5511474609375,1577.69873046875,389.1441650390625
1206.png,0,0.07274994254112244,2246.0474853515625,824.3235168457031,2269.1611328125,863.4208679199219
1206.png,1,0.07271598279476166,174.1277618408203,109.90704345703125,202.59080505371094,132.5531005859375
1206.png,0,0.07259727269411087,2268.9263916015625,750.972412109375,2292.28515625,787.69921875
1206.png,1,0.07248726487159729,883.9218292236328,1085.5250244140625,937.4290924072266,1105.80908203125
1206.png,0,0.07210253924131393,1816.5336608886719,797.2896728515625,1848.6667785644531,816.2872314453125
1206.png,0,0.07190299034118652,2531.5249633789062,391.2653503417969,2548.1913452148438,408.7909851074219
1206.png,0,0.07182494550943375,1648.8195190429688,548.0678100585938,1669.8727416992188,564.8596801757812
1206.png,3,0.07179601490497589,1391.9476928710938,2336.2740478515625,1404.6909790039062,2349.2532958984375
1206.png,0,0.07151574641466141,2418.24169921875,264.228515625,2436.074462890625,277.932861328125
1206.png,0,0.07106991857290268,2361.752685546875,1722.8663330078125,2394.4794921875,1742.7135009765625
1206.png,0,0.0709441676735878,2587.248779296875,1935.775146484375,2618.9598388671875,1960.4559326171875
1206.png,0,0.07064169645309448,1082.7396240234375,2655.9742431640625,1102.056884765625,2678.1488037109375
1206.png,0,0.06954815983772278,1695.3397216796875,636.4237060546875,1728.575927734375,656.3128662109375
1206.png,1,0.06933973729610443,1730.225341796875,624.32470703125,1760.033447265625,647.87255859375
1206.png,2,0.06833658367395401,2369.5498046875,1737.8193817138672,2412.768310546875,1765.1100616455078
1206.png,2,0.06818248331546783,2139.6503295898438,2180.7579345703125,2186.9186401367188,2207.4892578125
1206.png,0,0.06799320131540298,1272.5589599609375,2765.9589233398438,1304.3795166015625,2779.6920776367188
1206.png,0,0.0679561048746109,1513.435546875,2155.6051635742188,1544.24951171875,2175.3351440429688
1206.png,0,0.06700526922941208,1881.7026672363281,787.4348106384277,1897.3061828613281,805.525562286377
1206.png,0,0.06686133146286011,1921.9216842651367,1089.4840698242188,1946.418113708496,1129.7256469726562
1206.png,0,0.0667843222618103,2440.8643798828125,1454.5943603515625,2462.2967529296875,1484.6920166015625
1206.png,3,0.0665305033326149,2348.68115234375,842.393310546875,2363.743896484375,866.238525390625
1206.png,2,0.06652075797319412,2319.9490966796875,2084.2936248779297,2361.71484375,2108.094772338867
1206.png,0,0.06564825773239136,1930.9794235229492,834.1633148193359,1947.415184020996,852.4604949951172
1206.png,0,0.065464086830616,1265.3842468261719,2749.650390625,1296.248291015625,2765.014892578125
1206.png,0,0.06535063683986664,1751.5266418457031,625.8394775390625,1779.5074157714844,646.68603515625
1206.png,1,0.06515995413064957,1868.0,1831.1472778320312,1905.1937103271484,1882.1212768554688
1206.png,1,0.06475573033094406,2239.4241943359375,1818.1541137695312,2286.4671630859375,1836.500244140625
1206.png,3,0.06459318846464157,2226.497314453125,779.4896240234375,2241.990478515625,802.977783203125
1206.png,0,0.06430300325155258,1466.315185546875,2318.8929443359375,1480.398193359375,2335.6287841796875
1206.png,3,0.06376365572214127,2265.2362060546875,731.906494140625,2278.80517578125,749.620849609375
1206.png,0,0.06369662284851074,2372.6089477539062,220.52792358398438,2390.2847290039062,239.15847778320312
1206.png,1,0.06308473646640778,2143.5659790039062,2179.947265625,2187.0254516601562,2205.89599609375
1206.png,1,0.06210640072822571,239.96185302734375,333.8603820800781,277.36163330078125,358.2148132324219
1206.png,1,0.061536021530628204,1353.110595703125,2750.301513671875,1394.0819091796875,2796.5042724609375
1206.png,0,0.06152384728193283,2763.0986938476562,1890.4453125,2799.8287963867188,1912.7486572265625
1206.png,0,0.06138180196285248,1265.8346557617188,1514.307373046875,1285.6129150390625,1536.68798828125
1206.png,0,0.06127726659178734,2103.2432861328125,1149.8083190917969,2120.1510009765625,1167.2687072753906
1206.png,0,0.060722172260284424,2620.9183349609375,2236.327392578125,2652.3966064453125,2250.3695068359375
1206.png,1,0.06069255992770195,187.0724334716797,83.09782409667969,213.2383270263672,109.97174072265625
1206.png,0,0.06060592830181122,1752.1753387451172,816.1408920288086,1788.890151977539,837.6674423217773
1206.png,1,0.06058310344815254,1734.6436767578125,594.431396484375,1768.7545166015625,618.1634521484375
1206.png,2,0.06033309921622276,1109.5844116210938,2731.4635009765625,1160.3790893554688,2763.2294921875
1206.png,0,0.05975165218114853,279.13720703125,355.6641540527344,326.85986328125,386.5182800292969
1206.png,3,0.059650421142578125,1754.4632568359375,817.3180465698242,1791.4718017578125,838.4446716308594
1206.png,0,0.058670494705438614,1728.87060546875,1418.960693359375,1746.67724609375,1438.326904296875
1206.png,0,0.05844791233539581,2517.794921875,1536.0,2536.854248046875,1555.9812698364258
1206.png,3,0.05837204307317734,2244.3294982910156,821.3637084960938,2269.198516845703,863.9097442626953
1206.png,0,0.05826812982559204,1222.4507141113281,2403.4055786132812,1243.0979919433594,2430.3130493164062
1206.png,3,0.05804743245244026,2327.6260986328125,835.104736328125,2351.392333984375,870.65576171875
1206.png,0,0.0579870231449604,2289.6626586914062,960.3165283203125,2317.1655883789062,979.4512634277344
1206.png,3,0.057772863656282425,1480.1258544921875,2350.7356567382812,1495.3067626953125,2369.5060424804688
1206.png,0,0.057765111327171326,2659.8701171875,400.7608642578125,2676.938720703125,424.219482421875
1206.png,1,0.05762038379907608,223.29019165039062,105.2325439453125,255.20199584960938,125.88580322265625
1206.png,0,0.05699669197201729,2453.1858520507812,1346.5693359375,2470.8027954101562,1358.962158203125
1206.png,0,0.05659971758723259,1740.4137115478516,1410.182861328125,1758.3075714111328,1428.8896484375
1206.png,0,0.05648230388760567,2690.395751953125,2069.30126953125,2719.86279296875,2087.944091796875
1206.png,1,0.05632432550191879,2469.4644165039062,1628.96826171875,2490.2920532226562,1657.8681640625
1206.png,3,0.056292224675416946,1483.9412841796875,2356.9638061523438,1498.9361572265625,2376.0451049804688
1206.png,0,0.05607540160417557,2369.9383544921875,239.01571655273438,2382.087158203125,254.37857055664062
1206.png,3,0.056012336164712906,2333.0404663085938,807.4407272338867,2359.2807006835938,838.4371643066406
1206.png,0,0.05568983405828476,1611.5011596679688,487.90814208984375,1638.1332397460938,505.6373291015625
1206.png,3,0.05561215057969093,2350.77490234375,850.4874267578125,2369.61328125,881.9144287109375
1206.png,0,0.05550151318311691,205.47906494140625,783.4837265014648,237.26806640625,805.2756423950195
1206.png,0,0.05512773245573044,1939.696159362793,1193.9583740234375,1955.3046951293945,1213.26904296875
1206.png,0,0.05500994995236397,2516.9488525390625,123.67243194580078,2533.1617431640625,146.6790771484375
1206.png,1,0.05467000976204872,2811.944580078125,1922.5714721679688,2843.14208984375,1946.8483276367188
1206.png,0,0.05438803508877754,1731.654541015625,626.3968505859375,1760.5843505859375,646.5064697265625
1206.png,0,0.05424068868160248,1841.9075927734375,811.6937370300293,1859.187255859375,828.8804817199707
1206.png,0,0.05386655777692795,1956.5158233642578,1224.9037475585938,1970.8009796142578,1242.8010864257812
1206.png,1,0.053760673850774765,1343.889404296875,1395.649658203125,1376.10595703125,1431.093994140625
1206.png,0,0.05365651473402977,1283.83056640625,1546.7521314620972,1300.740966796875,1567.0920753479004
1206.png,0,0.053600847721099854,1834.2313232421875,715.4661865234375,1867.0919189453125,738.6302490234375
1206.png,1,0.05355843901634216,149.0965118408203,97.80537414550781,182.6443634033203,126.59236145019531
1206.png,3,0.05320378392934799,1373.4063720703125,1474.4678955078125,1395.6270751953125,1507.2308349609375
1206.png,0,0.053117141127586365,1599.0401611328125,1602.429443359375,1627.3861083984375,1616.162353515625
1206.png,0,0.05305302143096924,1664.2625122070312,1952.4834747314453,1681.3214721679688,1970.906967163086
1206.png,0,0.05299043655395508,1079.631103515625,2611.258544921875,1096.0811157226562,2635.2744140625
1206.png,0,0.05294099822640419,2517.5975952148438,1995.5973358154297,2561.7955932617188,2019.9659271240234
1206.png,0,0.05293900892138481,1373.087158203125,2218.210205078125,1413.1171875,2245.1409912109375
1206.png,1,0.0527317114174366,1630.8851318359375,158.5718994140625,1662.1214599609375,207.39794921875
1206.png,1,0.0524669848382473,249.4320068359375,149.02261352539062,293.784423828125,185.00161743164062
1206.png,0,0.052382178604602814,1330.989990234375,1635.9801940917969,1345.31396484375,1654.4224548339844
1206.png,0,0.051909543573856354,1731.9334869384766,838.2902221679688,1767.2901153564453,861.3610229492188
1206.png,0,0.05186211317777634,1302.1605224609375,1608.0839233398438,1317.9224853515625,1627.6240844726562
1206.png,0,0.051663562655448914,2845.8784790039062,1872.1186485290527,2874.0847778320312,1887.7978973388672
1206.png,0,0.051511988043785095,2490.1754760742188,72.56973266601562,2506.0245971679688,92.23660278320312
1206.png,3,0.051113348454236984,1772.9017639160156,789.959342956543,1798.7544250488281,810.8186111450195
1206.png,1,0.0510120764374733,1112.1802978515625,2731.6463623046875,1159.1982421875,2761.1727294921875
1206.png,0,0.05088566243648529,2296.3004150390625,787.1266479492188,2323.197021484375,820.4647827148438
1206.png,1,0.05055851489305496,1603.5467529296875,2501.447509765625,1621.9881591796875,2520.103271484375
1206.png,1,0.05035587027668953,338.16339111328125,2821.7551879882812,367.61419677734375,2866.3672485351562
1206.png,1,0.05030722916126251,2509.9818115234375,1563.158935546875,2527.5670166015625,1590.93115234375
1206.png,2,0.050180986523628235,1731.7782897949219,839.5502853393555,1768.2195434570312,861.1553573608398
1206.png,3,0.050015538930892944,1800.2869262695312,742.9344482421875,1831.0468139648438,772.7000732421875
1206.png,0,0.0499940887093544,944.3892517089844,2285.095245361328,959.9106140136719,2297.8865661621094
1206.png,0,0.04982098937034607,2020.2469787597656,1985.675880432129,2038.9964294433594,2007.3545837402344
1206.png,0,0.04972466826438904,1962.5104370117188,2233.5845947265625,1982.1681518554688,2247.2884521484375
1206.png,2,0.0496867373585701,2801.0562133789062,1923.2189025878906,2845.1640014648438,1969.3071594238281
1206.png,0,0.04941420257091522,1977.517318725586,2017.0943603515625,2001.7750091552734,2033.257080078125
1206.png,0,0.04932037368416786,1736.1339111328125,594.9159545898438,1770.1063232421875,618.1417846679688
1206.png,0,0.049303047358989716,392.25830078125,805.0560302734375,415.2857666015625,836.5572509765625
1206.png,0,0.04923468083143234,2328.14794921875,835.078369140625,2351.41015625,870.952880859375
1206.png,0,0.04905908182263374,1666.50439453125,1999.693603515625,1687.2025146484375,2015.123291015625
1206.png,3,0.04905768483877182,1401.50146484375,2316.6561279296875,1429.0013427734375,2351.2109375
1206.png,0,0.04893694445490837,2446.2689208984375,237.41409301757812,2466.1497802734375,254.52389526367188
1206.png,2,0.048662636429071426,2189.827392578125,832.2747039794922,2230.70654296875,855.2285003662109
1206.png,0,0.04864507541060448,454.360107421875,572.8563232421875,477.47100830078125,588.8431396484375
1206.png,0,0.04835561662912369,2611.1038818359375,302.5863037109375,2628.5345458984375,324.252197265625
1206.png,0,0.047782495617866516,1198.2794799804688,2802.9072875976562,1216.363525390625,2828.0335083007812
1206.png,0,0.04766528308391571,2463.8865966796875,68.0450210571289,2475.6136474609375,84.55034637451172
1206.png,0,0.047554902732372284,985.5342102050781,1226.0868835449219,1013.8547668457031,1242.6109924316406
1206.png,1,0.047393012791872025,1273.5311889648438,2477.0487060546875,1297.1575317382812,2504.981689453125
1206.png,0,0.04735126346349716,2813.9493408203125,1879.2502794265747,2846.3751220703125,1897.4333381652832
1206.png,0,0.047346726059913635,795.2156600952148,1140.8252258300781,841.0014419555664,1174.2345886230469
1206.png,3,0.0468166284263134,1841.3688049316406,773.016857624054,1856.4370422363281,789.0154190063477
1206.png,3,0.046393685042858124,1819.0399780273438,768.1543760299683,1848.3598022460938,780.1640748977661
1206.png,0,0.046022929251194,2287.3244018554688,902.7576293945312,2320.7340698242188,951.5733032226562
1206.png,0,0.045889172703027725,1848.4133605957031,806.8295669555664,1864.8951110839844,824.2006301879883
1206.png,0,0.04561545327305794,1442.026611328125,1938.311538696289,1469.56396484375,1954.395004272461
1206.png,0,0.04558376595377922,1856.1772155761719,2543.7235107421875,1883.8580627441406,2587.7265625
1206.png,0,0.045558150857686996,2457.4619750976562,1644.194320678711,2469.2112426757812,1659.914810180664
1206.png,2,0.044972218573093414,1772.5787200927734,2014.8289184570312,1815.5338134765625,2043.1530151367188
1206.png,1,0.044949039816856384,213.24441528320312,125.36517333984375,243.61932373046875,147.08685302734375
1206.png,1,0.0448136031627655,1401.5068359375,2238.90380859375,1448.02099609375,2263.645751953125
1206.png,3,0.04471658542752266,2783.6373901367188,1875.3467407226562,2795.9982299804688,1888.6748657226562
1206.png,1,0.04440651461482048,1677.1583251953125,625.843505859375,1706.839111328125,646.37109375
1206.png,0,0.04404966160655022,80.36418151855469,33.587196350097656,105.40309143066406,52.953758239746094
1206.png,0,0.044024232774972916,350.06781005859375,291.4184265136719,374.16668701171875,325.0050354003906
1206.png,2,0.04380262643098831,884.0560150146484,1085.1156005859375,936.4575347900391,1107.342529296875
1206.png,0,0.0436544194817543,1703.724609375,2440.02197265625,1736.63916015625,2460.8128662109375
1206.png,0,0.04342550039291382,2564.3111572265625,599.559814453125,2591.4197998046875,618.2843017578125
1206.png,1,0.04333459213376045,2531.258056640625,1937.0639953613281,2560.0,1974.9954223632812
1206.png,0,0.043293099850416183,1856.8186645507812,1841.2506713867188,1877.8746948242188,1872.0924682617188
1206.png,0,0.043165870010852814,2201.1458129882812,1833.1575317382812,2236.4136352539062,1855.0036010742188
1206.png,0,0.043100256472826004,2348.411376953125,804.9778442382812,2371.843994140625,834.9489135742188
1206.png,0,0.04279280826449394,1742.71923828125,401.81610107421875,1770.2628173828125,442.42791748046875
1206.png,0,0.0425710454583168,247.0196533203125,318.27093505859375,271.2503662109375,335.625
1206.png,0,0.04226917400956154,2392.1268310546875,2052.832077026367,2442.1400146484375,2080.255569458008
1206.png,0,0.042236968874931335,1903.1988525390625,1631.4381713867188,1917.6439056396484,1643.0280151367188
1206.png,0,0.04219778999686241,2361.73388671875,384.0975341796875,2377.084228515625,402.07379150390625
1206.png,2,0.0421413779258728,1662.5599975585938,2431.8345947265625,1694.3986206054688,2455.4144287109375
1206.png,0,0.04213321581482887,2063.2467346191406,1099.6788940429688,2073.789337158203,1112.02392578125
1206.png,0,0.04204322397708893,149.44461059570312,335.1468505859375,166.09274291992188,350.6192626953125
1206.png,1,0.04182993620634079,1259.64306640625,2457.2752685546875,1284.296875,2486.0279541015625
1206.png,0,0.04137919470667839,2219.158203125,879.4255981445312,2262.022705078125,907.7317810058594
1206.png,0,0.04133922979235649,1386.5377197265625,1769.0564880371094,1404.7318115234375,1792.8836364746094
1206.png,0,0.04128172621130943,2774.5252685546875,1889.4776611328125,2819.6168212890625,1904.749755859375
1206.png,3,0.04113330692052841,2368.0944213867188,1739.89453125,2414.6421508789062,1764.484130859375
1206.png,0,0.04112572595477104,1362.850341796875,1464.25341796875,1376.772216796875,1478.804931640625
1206.png,0,0.04102397337555885,1915.390869140625,819.0894546508789,1927.71875,836.5840225219727
1206.png,0,0.04095107689499855,1.0764274597167969,203.884765625,17.545059204101562,220.93533325195312
1206.png,0,0.040841005742549896,2470.1272583007812,1630.7373657226562,2488.6293334960938,1655.6846313476562
1206.png,0,0.0407269187271595,1746.3115234375,1711.0494537353516,1762.5930480957031,1723.8464813232422
1206.png,0,0.040714532136917114,2071.5188598632812,1087.6749267578125,2089.398681640625,1108.25048828125
1206.png,1,0.04028035327792168,1357.1703491210938,2062.8950805664062,1397.6088256835938,2085.7684936523438
1206.png,0,0.03991106525063515,724.801513671875,1354.6437377929688,758.2412109375,1395.1857299804688
1206.png,0,0.03989853709936142,2744.29296875,564.618896484375,2762.62744140625,589.2041015625
1206.png,3,0.03984164074063301,2235.949462890625,778.181640625,2260.61669921875,815.291748046875
1206.png,0,0.039673760533332825,1259.604736328125,2676.3583374023438,1283.385009765625,2705.4596557617188
1206.png,0,0.0393596813082695,806.4675903320312,1167.0845336914062,853.7722778320312,1194.392822265625
1206.png,3,0.03935358673334122,1367.9857177734375,2305.5297241210938,1395.4613037109375,2349.5549926757812
1206.png,0,0.03934028744697571,113.36196899414062,54.62298583984375,128.99969482421875,67.04489135742188
1206.png,3,0.03930334374308586,1848.2162475585938,1819.7142028808594,1865.6019897460938,1845.3466491699219
1206.png,3,0.03927314281463623,1789.5084075927734,811.7279052734375,1802.8870849609375,826.2209930419922
1206.png,0,0.03925812244415283,1381.058837890625,2352.34521484375,1407.28564453125,2371.9400634765625
1206.png,0,0.03922610357403755,2516.9508056640625,551.3840942382812,2538.1318359375,565.8112182617188
1206.png,0,0.039135344326496124,2394.2211303710938,492.1092529296875,2427.1846313476562,532.2281494140625
1206.png,1,0.03885440528392792,2274.9920349121094,698.0973510742188,2308.586456298828,736.6466674804688
1206.png,3,0.038853105157613754,1486.649658203125,2369.2198486328125,1502.268798828125,2383.635498046875
1206.png,3,0.03876962512731552,1423.9140625,2316.9057006835938,1438.747314453125,2333.5103149414062
1206.png,0,0.0385463610291481,2449.5697021484375,38.30048370361328,2468.2974853515625,66.38953399658203
1206.png,0,0.03849943354725838,132.29493713378906,87.01318359375,160.24415588378906,105.02073669433594
1206.png,0,0.03832028806209564,1663.2326278686523,2431.6436767578125,1693.9114074707031,2454.5938720703125
1206.png,0,0.03831322491168976,2425.9866943359375,276.12298583984375,2444.2254638671875,287.29132080078125
1206.png,0,0.03828977420926094,2278.42138671875,1783.806655883789,2310.9647216796875,1809.634033203125
1206.png,0,0.038214150816202164,1750.685531616211,2180.5479736328125,1773.9254913330078,2199.689453125
1206.png,0,0.038124047219753265,1676.787826538086,625.8365478515625,1707.0370330810547,646.5660400390625
1206.png,0,0.037914421409368515,322.80145263671875,1100.0531005859375,340.65863037109375,1112.5498046875
1206.png,0,0.0375794991850853,2713.743896484375,2117.7767944335938,2743.117431640625,2136.2067260742188
1211.png,1,0.524266242980957,1176.2928466796875,1890.7478618621826,1190.4583740234375,1938.0574188232422
1211.png,1,0.4385226368904114,1200.0288696289062,1892.5690059661865,1214.6956176757812,1940.7397842407227
1211.png,1,0.4201543629169464,958.3416137695312,2159.7969970703125,1002.020751953125,2184.0841064453125
1211.png,1,0.4199208617210388,950.0587768554688,2143.4961853027344,996.3324584960938,2172.4507751464844
1211.png,1,0.3996059000492096,854.4879760742188,2713.7529296875,878.3872680664062,2755.36376953125
1211.png,1,0.3324708044528961,1159.4056396484375,1888.4427108764648,1179.0653076171875,1942.2391662597656
1211.png,1,0.324930340051651,1807.9466552734375,1860.5777587890625,1856.962158203125,1878.78466796875
1211.png,1,0.3151854872703552,1163.5794067382812,2060.4178466796875,1184.2586669921875,2105.4437255859375
1211.png,1,0.3007456064224243,1551.5146942138672,1332.1917724609375,1599.387062072754,1363.9281005859375
1211.png,1,0.29961585998535156,690.876708984375,2232.863006591797,720.50341796875,2279.360382080078
1211.png,1,0.26437339186668396,1097.9292602539062,2094.650146484375,1118.276123046875,2139.054443359375
1211.png,1,0.2611083984375,1152.0372619628906,2063.595504760742,1176.8360290527344,2115.409469604492
1211.png,1,0.25800397992134094,2274.7545166015625,1571.4216995239258,2310.542724609375,1586.6184310913086
1211.png,1,0.23960484564304352,937.6412658691406,2206.57861328125,966.2804260253906,2249.9703369140625
1211.png,1,0.2271212786436081,822.604736328125,2689.705322265625,853.805908203125,2737.6090087890625
1211.png,1,0.2099364697933197,2286.204833984375,1549.1729354858398,2321.53759765625,1568.6870880126953
1211.png,1,0.20964013040065765,1202.1305236816406,2075.165771484375,1217.4549255371094,2120.182861328125
1211.png,1,0.20757025480270386,2277.3120727539062,1561.9863967895508,2313.2503051757812,1576.2837524414062
1211.png,1,0.20741643011569977,1764.4033508300781,2213.5909423828125,1790.9989013671875,2252.7740478515625
1211.png,1,0.2063874900341034,638.1241455078125,2235.917449951172,674.2371826171875,2279.397430419922
1211.png,1,0.20503173768520355,1091.9913940429688,2016.2046966552734,1128.2545776367188,2029.6783294677734
1211.png,1,0.2045959234237671,1230.3455505371094,2070.7643127441406,1244.0132141113281,2106.975311279297
1211.png,1,0.2039519101381302,1231.1566772460938,1916.408603668213,1244.1436157226562,1951.4348754882812
1211.png,1,0.2011769711971283,2294.673583984375,1538.4797973632812,2323.8406982421875,1560.5079383850098
1211.png,1,0.20030450820922852,1242.7774658203125,2068.7340087890625,1259.4747314453125,2110.9910888671875
1211.png,1,0.19063550233840942,1191.804443359375,1891.0551013946533,1208.41552734375,1940.6142272949219
1211.png,1,0.18151023983955383,2423.252685546875,2370.121337890625,2438.775634765625,2404.8956298828125
1211.png,1,0.17458714544773102,641.1683959960938,2829.53076171875,674.7153930664062,2850.833984375
1211.png,1,0.17369139194488525,976.3948669433594,2206.424560546875,1013.6873474121094,2230.848876953125
1211.png,1,0.17023974657058716,882.7610473632812,2843.1524658203125,909.1798706054688,2882.930419921875
1211.png,1,0.16886189579963684,662.1956787109375,2162.0647583007812,705.9915771484375,2190.4130859375
1211.png,1,0.16196610033512115,2420.4893798828125,1423.6885986328125,2454.7987060546875,1445.0372314453125
1211.png,1,0.15784111618995667,1537.5886421203613,1575.779426574707,1581.542106628418,1588.1100692749023
1211.png,3,0.15605327486991882,1096.5011596679688,2051.370147705078,1124.1012573242188,2065.3528747558594
1211.png,1,0.14774522185325623,861.9324340820312,1047.7733154296875,887.2526702880859,1080.3211669921875
1211.png,1,0.14413608610630035,2185.6946411132812,2681.5884399414062,2240.7147827148438,2696.8058471679688
1211.png,1,0.14363668859004974,1958.8563385009766,1910.0496711730957,1998.2205505371094,1926.8661003112793
1211.png,3,0.1393662840127945,1102.7149047851562,2042.0863037109375,1127.1489868164062,2054.3589477539062
1211.png,1,0.1279493272304535,26.964256286621094,1998.0971984863281,56.245269775390625,2018.7060241699219
1211.png,1,0.125610813498497,898.9522094726562,2846.1679077148438,922.9381713867188,2879.6098022460938
1211.png,3,0.1250443011522293,1057.5518798828125,2050.915069580078,1074.8656005859375,2063.1297607421875
1211.png,1,0.1231236606836319,902.0044708251953,2803.8171997070312,936.4074859619141,2841.1998901367188
1211.png,1,0.1213553324341774,908.5736999511719,2845.0579833984375,932.9239196777344,2877.6932373046875
1211.png,1,0.11845444142818451,873.5803680419922,1041.2606811523438,901.4087066650391,1073.5376586914062
1211.png,3,0.11621896922588348,1056.3259887695312,2059.27587890625,1075.5681762695312,2073.3641357421875
1211.png,3,0.11383312195539474,1062.6090087890625,2043.1808776855469,1073.7540283203125,2053.668487548828
1211.png,1,0.11376180499792099,621.8927001953125,2810.730224609375,666.3663330078125,2845.409423828125
1211.png,1,0.11333119124174118,2327.7269897460938,1369.8231201171875,2358.5988159179688,1390.0264892578125
1211.png,0,0.11302150785923004,405.10296630859375,992.1046142578125,434.82476806640625,1012.5845947265625
1211.png,0,0.11138512194156647,2659.9027099609375,428.94903564453125,2682.95166015625,443.94305419921875
1211.png,1,0.10786457359790802,1180.40869140625,1021.732177734375,1214.149658203125,1042.4266967773438
1211.png,0,0.10706062614917755,1598.0517578125,1589.3643035888672,1636.9957275390625,1602.8290405273438
1211.png,0,0.1060156375169754,1061.5496215820312,996.7615661621094,1094.4954223632812,1009.285400390625
1211.png,0,0.10599088668823242,617.3451538085938,2148.5687866210938,648.5053100585938,2167.8995971679688
1211.png,0,0.10505940020084381,1083.0682373046875,2640.6629028320312,1098.2281494140625,2663.9603881835938
1211.png,0,0.10207919031381607,1334.377685546875,1983.7493896484375,1356.93896484375,1998.2197265625
1211.png,1,0.10157613456249237,796.3468627929688,2835.6441650390625,830.4988403320312,2863.1053466796875
1211.png,0,0.10112975537776947,1558.0870361328125,1017.4076843261719,1582.0467529296875,1030.9933166503906
1211.png,0,0.10092075914144516,1425.5962524414062,2695.4661254882812,1462.2656860351562,2715.8944702148438
1211.png,1,0.09987513720989227,1067.3952026367188,1914.7907104492188,1102.4588012695312,1929.3270874023438
1211.png,0,0.09913180023431778,1066.4904174804688,1915.095947265625,1102.2858276367188,1926.0850830078125
1211.png,3,0.09777481853961945,2153.3194274902344,2159.123504638672,2193.8307189941406,2178.2520446777344
1211.png,0,0.09688863903284073,1090.5285034179688,2017.1606140136719,1129.5514526367188,2028.5468139648438
1211.png,1,0.09532276540994644,1610.0615539550781,884.3991012573242,1631.6604461669922,912.069580078125
1211.png,1,0.09155412018299103,2436.4954223632812,2435.365478515625,2451.8458862304688,2464.2122802734375
1211.png,3,0.09146559238433838,2153.9011840820312,2187.5641479492188,2191.3047485351562,2207.0811767578125
1211.png,1,0.08847466111183167,888.8262939453125,1022.0393371582031,914.9945068359375,1056.8230285644531
1211.png,1,0.08791722357273102,953.5492248535156,2069.6494140625,981.9628601074219,2105.4635009765625
1211.png,0,0.08697402477264404,891.1924133300781,2823.9771728515625,909.8380737304688,2844.0809326171875
1211.png,1,0.08634292334318161,647.607421875,2846.950439453125,677.66162109375,2863.095703125
1211.png,0,0.0860963687300682,2084.4227294921875,1234.4443054199219,2115.7928466796875,1254.1282653808594
1211.png,1,0.08591782301664352,1150.0181884765625,1874.5958433151245,1164.1285400390625,1905.4184226989746
1211.png,0,0.08510691672563553,1790.344009399414,2253.8814697265625,1826.39306640625,2266.2635498046875
1211.png,1,0.08464077860116959,1869.0,2106.8271484375,1881.5458869934082,2144.7545166015625
1211.png,0,0.08426935225725174,826.521484375,2819.5269775390625,851.9390869140625,2837.4144287109375
1211.png,3,0.0836155116558075,1050.1065673828125,2059.806869506836,1066.2613525390625,2074.0474700927734
1211.png,0,0.08356013894081116,887.6851196289062,2780.1156005859375,905.2837219238281,2805.6593017578125
1211.png,0,0.08273547142744064,2422.6929321289062,2370.828125,2440.3624877929688,2404.765625
1211.png,3,0.08269944041967392,1107.0057373046875,2031.40185546875,1133.665771484375,2049.189208984375
1211.png,1,0.08210059255361557,2025.5859985351562,1202.2454833984375,2058.7612915039062,1222.6112060546875
1211.png,3,0.0813928171992302,942.1328430175781,2142.0987548828125,958.9777526855469,2152.2906494140625
1211.png,1,0.08061522245407104,1780.2237396240234,2217.8794555664062,1804.5631103515625,2257.2451782226562
1211.png,0,0.07921390235424042,769.2965393066406,1940.3599548339844,792.6591930389404,1957.5487976074219
1211.png,1,0.07893635332584381,845.8189697265625,631.3916015625,876.7410888671875,642.92919921875
1211.png,1,0.07836420834064484,729.7066040039062,432.03369140625,768.3632202148438,457.2674560546875
1211.png,1,0.07643235474824905,752.4033203125,1941.0548095703125,793.0087890625,1959.3023376464844
1211.png,1,0.07556330412626266,778.7054443359375,2837.9492797851562,803.9749755859375,2857.6177368164062
1211.png,0,0.0755559429526329,2437.196044921875,2435.859619140625,2451.738525390625,2464.44873046875
1211.png,0,0.07444097101688385,655.2718505859375,2862.423583984375,686.2691650390625,2881.25927734375
1211.png,0,0.07443469017744064,2119.2943725585938,630.376708984375,2135.1727294921875,647.09375
1211.png,0,0.07441205531358719,2405.9705810546875,371.85028076171875,2421.8905029296875,385.13031005859375
1211.png,1,0.07416710257530212,1208.3500366210938,1890.0544204711914,1223.6549682617188,1940.1193542480469
1211.png,0,0.07405811548233032,2226.2886962890625,951.9700927734375,2240.94580078125,967.37548828125
1211.png,0,0.07296991348266602,960.4725952148438,2130.131103515625,976.6541748046875,2147.7971801757812
1211.png,0,0.0723402202129364,816.2637939453125,628.420654296875,837.8902587890625,639.034912109375
1211.png,0,0.07225635647773743,535.7523193359375,1537.881591796875,558.3636474609375,1558.5911865234375
1211.png,1,0.07182176411151886,754.529541015625,1953.1059265136719,791.65869140625,1970.883544921875
1211.png,0,0.07081632316112518,755.30419921875,1954.03369140625,791.1123046875,1970.777099609375
1211.png,0,0.07057977467775345,855.4888916015625,2692.77880859375,870.2457275390625,2708.29541015625
1211.png,0,0.06977833807468414,802.6038818359375,499.91888427734375,823.8135986328125,510.49713134765625
1211.png,0,0.06960508227348328,937.6254272460938,2114.831741333008,952.3087768554688,2138.2138061523438
1211.png,0,0.06958158314228058,829.881103515625,606.05517578125,850.226806640625,615.13232421875
1211.png,0,0.06940432637929916,2711.2816162109375,2426.800537109375,2736.7357177734375,2439.610107421875
1211.png,0,0.06932158768177032,1746.2488098144531,2013.4157409667969,1776.3056030273438,2026.5202331542969
1211.png,0,0.06914493441581726,703.68017578125,610.6184692382812,727.24072265625,624.5939331054688
1211.png,0,0.06895290315151215,677.5398559570312,2281.038330078125,699.9949340820312,2308.94091796875
1211.png,0,0.06865584850311279,1039.4147338867188,567.5311889648438,1060.3982543945312,578.2236938476562
1211.png,0,0.0685892254114151,1111.272705078125,1315.6441650390625,1127.69189453125,1326.7838134765625
1211.png,0,0.06833133101463318,1550.3232421875,1040.2582397460938,1566.66796875,1052.9126586914062
1211.png,0,0.06832237541675568,698.7343139648438,628.47509765625,713.9609985351562,666.6572265625
1211.png,1,0.06819260865449905,2136.3545532226562,1446.9620361328125,2174.1210327148438,1478.113525390625
1211.png,0,0.06819082051515579,836.836669921875,2161.0479736328125,860.799072265625,2178.8724365234375
1211.png,3,0.06798465549945831,942.0567321777344,2162.473876953125,956.2560119628906,2172.083251953125
1211.png,0,0.06793943047523499,565.0567626953125,1919.8551864624023,585.7039794921875,1936.579345703125
1211.png,0,0.06792421638965607,1061.7642822265625,975.3897247314453,1087.500244140625,990.3304901123047
1211.png,0,0.06779048591852188,910.7334594726562,2111.5015869140625,927.4886169433594,2132.4827880859375
1211.png,0,0.06674810498952866,1439.0098876953125,1930.3979721069336,1456.4156494140625,1947.0784225463867
1211.png,0,0.06595812737941742,894.0633697509766,2154.80908203125,906.4739837646484,2174.951904296875
1211.png,0,0.06569741666316986,1517.89306640625,1053.9222106933594,1542.64599609375,1073.4613342285156
1211.png,1,0.06568078696727753,846.61279296875,2860.29150390625,868.625732421875,2892.0
1211.png,0,0.06550204753875732,1288.9617919921875,1656.0595703125,1304.215576171875,1677.1846923828125
1211.png,0,0.06471562385559082,743.3230590820312,610.0289306640625,764.8045043945312,624.0980224609375
1211.png,0,0.06471513956785202,643.1055908203125,2178.0897521972656,660.7513427734375,2194.5309143066406
1211.png,1,0.06468383222818375,968.1178131103516,1028.68701171875,999.4799346923828,1068.537353515625
1211.png,0,0.0642147809267044,1945.6689758300781,1430.79248046875,1972.2918395996094,1446.087646484375
1211.png,0,0.06406139582395554,850.5658264160156,2134.7958374023438,863.6814270019531,2153.1116943359375
1211.png,1,0.06370481103658676,938.1863555908203,2113.7789306640625,952.5358123779297,2139.088134765625
1211.png,1,0.06310103088617325,2429.7681274414062,2401.8761596679688,2446.4236450195312,2435.0975952148438
1211.png,0,0.06285066157579422,1667.1199645996094,2313.865478515625,1687.7253723144531,2329.1495361328125
1211.png,0,0.06273723393678665,1141.0431518554688,559.1207275390625,1169.9795532226562,570.2366943359375
1211.png,3,0.06260085105895996,2157.5103759765625,2178.1392822265625,2184.009521484375,2193.9967041015625
1211.png,1,0.062488626688718796,2020.5178833007812,1553.487060546875,2059.3861083984375,1564.58984375
1211.png,1,0.06245896592736244,1058.5410766601562,2016.9170837402344,1090.3098754882812,2028.9167785644531
1211.png,0,0.06221872940659523,1931.9325828552246,1151.0196533203125,1959.9190368652344,1166.2437744140625
1211.png,3,0.06190981715917587,1038.1939086914062,2043.7617492675781,1066.2377319335938,2056.769561767578
1211.png,0,0.06182418391108513,2240.7083129882812,450.52288818359375,2256.4754028320312,471.34368896484375
1211.png,3,0.0615328848361969,621.381591796875,2796.281494140625,646.263427734375,2813.694580078125
1211.png,0,0.061194296926259995,873.7744140625,616.0233154296875,893.4881591796875,627.5887451171875
1211.png,0,0.06118949502706528,29.82659912109375,1999.8766479492188,55.059791564941406,2015.1624145507812
1211.png,0,0.06118602678179741,1747.6569213867188,2001.0521850585938,1763.301025390625,2009.6854248046875
1211.png,0,0.06086912006139755,2517.3136596679688,528.01318359375,2541.2736206054688,545.61962890625
1211.png,1,0.060663241893053055,650.7381591796875,2856.8547973632812,680.1690673828125,2872.7589721679688
1211.png,1,0.060636475682258606,904.0658264160156,2300.830078125,937.0503540039062,2323.3563232421875
1211.png,0,0.06058860570192337,53.679168701171875,1983.859619140625,80.01046752929688,2002.8075561523438
1211.png,0,0.060437366366386414,857.2568664550781,2130.5870971679688,873.9857788085938,2149.6868286132812
1211.png,0,0.06038215756416321,923.9139404296875,586.7730712890625,946.841064453125,599.400390625
1211.png,0,0.05975910276174545,1267.1405639648438,2536.0463256835938,1282.8552856445312,2560.6538696289062
1211.png,3,0.059752169996500015,1065.4255065917969,2049.5435791015625,1079.2984313964844,2069.0584716796875
1211.png,0,0.05911337584257126,1775.8812561035156,1187.6502075195312,1804.7915344238281,1211.0236206054688
1211.png,0,0.05910976231098175,383.2637023925781,1367.897705078125,401.8416442871094,1387.173095703125
1211.png,0,0.058997053653001785,880.7938995361328,2220.98046875,902.0764007568359,2248.8980712890625
1211.png,0,0.05894005671143532,831.1397705078125,496.1876220703125,851.1978759765625,505.1971435546875
1211.png,0,0.058862876147031784,590.3763427734375,1904.4683074951172,609.3775634765625,1921.4718322753906
1211.png,0,0.058587200939655304,989.9482421875,466.140625,1011.769287109375,476.982666015625
1211.png,3,0.05841488391160965,639.4830322265625,2796.7410888671875,658.9896240234375,2819.2723388671875
1211.png,1,0.05838286504149437,610.2994384765625,2277.5036010742188,644.0452880859375,2324.9614868164062
1211.png,0,0.05800473690032959,1315.08935546875,1883.3428926467896,1330.872314453125,1894.9496726989746
1211.png,0,0.057765938341617584,2465.2159423828125,1448.787109375,2485.5816650390625,1462.45458984375
1211.png,1,0.057494521141052246,867.1634521484375,2852.4772338867188,896.2969970703125,2887.1952514648438
1211.png,0,0.057471346110105515,1036.8856201171875,2021.0519409179688,1055.4640502929688,2029.036865234375
1211.png,2,0.057388484477996826,1255.5778198242188,2022.1230773925781,1307.7147827148438,2036.60595703125
1211.png,1,0.05727558583021164,1053.6591796875,2006.1000061035156,1089.234619140625,2016.4723205566406
1211.png,1,0.057117294520139694,1793.0106201171875,2253.8162841796875,1828.5517578125,2267.4280395507812
1211.png,0,0.05687607824802399,891.6815185546875,1068.3750915527344,922.1669921875,1091.6862487792969
1211.png,0,0.05678169056773186,1162.9015808105469,546.4274291992188,1183.2135314941406,555.1790161132812
1211.png,0,0.056742168962955475,624.7613525390625,1960.1886520385742,648.94580078125,1977.0729751586914
1211.png,0,0.05545893311500549,840.3884582519531,2181.82470703125,853.0880126953125,2194.855224609375
1211.png,0,0.055415261536836624,2350.4542846679688,1368.637451171875,2372.8311157226562,1384.299560546875
1211.png,1,0.05527067556977272,938.9251098632812,474.0333251953125,963.5609741210938,484.4388427734375
1211.png,0,0.05525823310017586,2743.1383666992188,1538.5131225585938,2769.8598022460938,1549.6893920898438
1211.png,1,0.05507289245724678,1869.0,2650.8777465820312,1900.986312866211,2684.8319702148438
1211.png,0,0.05499586835503578,2719.455078125,2413.7623291015625,2737.225341796875,2423.60400390625
1211.png,0,0.054654188454151154,19.53270721435547,11.030134201049805,40.206825256347656,22.140382766723633
1211.png,1,0.05463140830397606,52.04387283325195,1982.848861694336,81.74119567871094,2005.5585632324219
1211.png,1,0.05459225922822952,1052.1306762695312,1118.1646423339844,1079.6506958007812,1152.3699645996094
1211.png,0,0.0542917400598526,1204.6454467773438,1376.4376220703125,1219.6203002929688,1393.2347412109375
1211.png,0,0.054218292236328125,2190.7024841308594,2682.4849243164062,2237.4056091308594,2696.2643432617188
1211.png,3,0.05421312898397446,1255.6658935546875,2024.6578369140625,1265.8843383789062,2036.4287109375
1211.png,1,0.054104942828416824,1224.5554809570312,1910.9780578613281,1240.0593872070312,1946.8755340576172
1211.png,1,0.05404433608055115,1062.3175354003906,1926.291259765625,1099.5550842285156,1938.2203979492188
1211.png,0,0.0537942610681057,918.2476806640625,478.32061767578125,937.4522705078125,487.60491943359375
1211.png,0,0.05375000089406967,1243.5270385742188,2066.720458984375,1258.0252075195312,2106.00634765625
1211.png,0,0.05373059958219528,2836.223876953125,1590.1086502075195,2854.85009765625,1608.0486526489258
1211.png,0,0.05372676998376846,1802.8506164550781,1999.1119079589844,1811.3406677246094,2015.2071228027344
1211.png,0,0.05370326340198517,713.2132568359375,547.5790405273438,732.9400634765625,558.9738159179688
1211.png,1,0.05368053913116455,1960.680419921875,1165.5762939453125,1992.2744140625,1183.3038330078125
1211.png,0,0.05307712033390999,1780.0093688964844,914.7226867675781,1804.5549621582031,933.4060974121094
1211.png,1,0.05303570255637169,2090.3441467285156,959.8005065917969,2118.2977600097656,986.1195983886719
1211.png,0,0.05285029113292694,506.8006591796875,304.0359191894531,519.857666015625,316.2445983886719
1211.png,0,0.05280230939388275,697.7642822265625,2235.6387329101562,720.6102294921875,2281.1227416992188
1211.png,0,0.05271785706281662,948.9696502685547,613.071533203125,978.2458343505859,626.02490234375
1211.png,0,0.05263390392065048,882.7007293701172,2835.6685180664062,904.3231201171875,2876.6113891601562
1211.png,0,0.05235189571976662,1298.37109375,2526.7030029296875,1323.625,2540.8497314453125
1211.png,0,0.0523277223110199,2655.59814453125,264.65277099609375,2675.468994140625,278.86981201171875
1211.png,1,0.05158538371324539,1299.5008544921875,2048.5801391601562,1316.2945556640625,2081.89404296875
1211.png,1,0.05111242085695267,1845.6655883789062,1866.0213623046875,1882.8629760742188,1876.68798828125
1211.png,0,0.051021937280893326,1571.6629219055176,964.2747802734375,1586.0329933166504,984.8674926757812
1211.png,1,0.05096807703375816,858.4781494140625,2857.7431640625,882.7640380859375,2891.79736328125
1211.png,0,0.05083837732672691,1494.0654296875,2011.9289855957031,1509.966796875,2022.1943054199219
1211.png,0,0.0506896935403347,2076.6194458007812,1418.4663696289062,2086.9542846679688,1431.4667358398438
1211.png,0,0.050450291484594345,1799.7652282714844,1999.2946472167969,1805.1301574707031,2016.4427185058594
1211.png,0,0.050178468227386475,1325.0217895507812,1982.777084350586,1341.9750366210938,1995.0303497314453
1211.png,0,0.05002279207110405,685.265380859375,624.2911376953125,698.853759765625,653.0574951171875
1211.png,0,0.049840427935123444,2800.1490478515625,1577.2428665161133,2817.0189208984375,1608.2162399291992
1211.png,0,0.049751512706279755,1142.3486633300781,547.8218994140625,1160.8403625488281,558.8763427734375
1211.png,0,0.049347903579473495,774.1280117034912,534.5733642578125,795.5276889801025,546.7608642578125
1211.png,0,0.04904213547706604,980.8665466308594,606.7647094726562,1013.2847900390625,619.9624633789062
1211.png,0,0.04884065315127373,2682.5512084960938,250.51498413085938,2704.9103393554688,265.2762145996094
1211.png,0,0.04882457107305527,1154.4208374023438,1274.465087890625,1173.6362915039062,1290.1458740234375
1211.png,0,0.04863538593053818,1210.7973327636719,544.4967041015625,1229.2158508300781,553.552734375
1211.png,1,0.048523008823394775,2192.490478515625,2503.963134765625,2229.4263916015625,2516.357666015625
1211.png,1,0.048222821205854416,1234.3069763183594,2122.8408203125,1252.4821472167969,2167.39208984375
1211.png,0,0.04809289425611496,821.2988891601562,637.7644653320312,845.5532836914062,648.5393676757812
1211.png,0,0.04775068163871765,2124.067657470703,723.4609375,2153.4163513183594,743.495361328125
1211.png,0,0.0475730262696743,894.4255981445312,1018.5220031738281,919.5918579101562,1053.2132263183594
1211.png,0,0.04747143015265465,282.3973388671875,1276.2786254882812,303.24267578125,1294.8152465820312
1211.png,0,0.047372907400131226,1186.5663452148438,546.2113037109375,1206.6140747070312,554.2418212890625
1211.png,1,0.047350771725177765,675.7303466796875,2279.22265625,702.8961181640625,2312.6962890625
1211.png,0,0.04727999120950699,1959.6394653320312,167.23446655273438,1980.3677368164062,180.46890258789062
1211.png,0,0.047242891043424606,1687.5289306640625,1127.5192260742188,1712.5331726074219,1152.3789672851562
1211.png,0,0.04722054675221443,1300.192138671875,2048.449951171875,1316.887939453125,2077.7174072265625
1211.png,3,0.047208044677972794,1321.5134887695312,1960.2649536132812,1344.5711059570312,1973.5855102539062
1211.png,0,0.046973057091236115,1439.301025390625,1943.3505096435547,1461.3643798828125,1956.435775756836
1211.png,0,0.0468943826854229,2575.14013671875,1508.8097534179688,2607.391845703125,1526.6509399414062
1211.png,1,0.04647328332066536,894.2890319824219,1070.5803833007812,926.6513061523438,1092.0128784179688
1211.png,0,0.046343207359313965,212.81802368164062,446.55621337890625,234.92514038085938,461.85467529296875
1211.png,0,0.04624687135219574,712.15478515625,663.1832885742188,738.3056640625,681.3654174804688
1211.png,0,0.04622754454612732,623.3003540039062,2810.8076171875,664.0083618164062,2834.80908203125
1211.png,0,0.046218905597925186,1103.4374084472656,566.60107421875,1125.9480895996094,577.983154296875
1211.png,3,0.04612331464886665,2151.038818359375,2198.3397216796875,2197.096923828125,2215.900634765625
1211.png,0,0.04550236836075783,847.2906494140625,630.6121215820312,879.111572265625,643.0576782226562
1211.png,0,0.04544306918978691,1431.8296508789062,1920.6155395507812,1448.5603637695312,1934.1509399414062
1211.png,0,0.04504900053143501,684.2610473632812,2850.629150390625,704.5418090820312,2884.6552734375
1211.png,0,0.044991228729486465,663.0623168945312,2876.5423583984375,694.4169311523438,2890.2691650390625
1211.png,0,0.044938765466213226,1790.86328125,1998.8972625732422,1798.6201782226562,2014.3918914794922
1211.png,1,0.04476594552397728,906.1549072265625,1016.4720153808594,936.8328857421875,1050.4358825683594
1211.png,3,0.04454323649406433,1309.8086547851562,1960.9138793945312,1324.0761108398438,1972.9295043945312
1211.png,0,0.0444408655166626,2379.1023559570312,1558.296558380127,2394.2565307617188,1574.8881454467773
1211.png,1,0.044393181800842285,905.0641479492188,617.958984375,942.1720581054688,632.4521484375
1211.png,1,0.04380498453974724,2571.1256103515625,1508.2855224609375,2607.1993408203125,1529.273193359375
1211.png,0,0.04378843307495117,1786.3901977539062,1996.786376953125,1794.8876953125,2013.7163391113281
1211.png,0,0.04376499354839325,1142.9369506835938,581.7801513671875,1176.0303344726562,596.3995361328125
1211.png,0,0.04352903366088867,714.762939453125,622.9237060546875,731.198486328125,651.5418701171875
1211.png,1,0.04350634664297104,1425.481201171875,2695.2481079101562,1464.865478515625,2720.5327758789062
1211.png,1,0.043482325971126556,1600.692626953125,1589.751953125,1638.8952941894531,1603.6951751708984
1211.png,3,0.043394748121500015,1116.5563049316406,2042.8182373046875,1137.9225769042969,2060.02734375
1211.png,0,0.043259575963020325,1011.1277770996094,489.6341552734375,1033.5211486816406,502.7125244140625
1211.png,0,0.04308103024959564,530.4290771484375,1561.40283203125,548.7171630859375,1582.6778564453125
1211.png,0,0.04307546466588974,842.4642333984375,524.0555419921875,864.4503173828125,533.3204345703125
1211.png,1,0.04293052479624748,808.2977905273438,609.5679931640625,828.9166870117188,620.8031005859375
1211.png,0,0.04280517250299454,2235.331787109375,2763.17431640625,2263.930419921875,2780.769775390625
1211.png,0,0.04252908378839493,1401.6883544921875,1445.9766845703125,1416.2884521484375,1463.5863037109375
1211.png,0,0.04243003576993942,2310.8485107421875,1357.8726806640625,2330.449462890625,1372.7545166015625
1211.png,0,0.04235009476542473,1224.0888061523438,1888.4171142578125,1234.1923828125,1908.4559326171875
1211.png,0,0.04229931905865669,2215.2333068847656,1306.1465454101562,2238.5399475097656,1322.1867065429688
1211.png,0,0.04225580021739006,1430.1417236328125,658.8397216796875,1453.4415283203125,686.8897705078125
1211.png,3,0.042145226150751114,1155.8638916015625,2075.32958984375,1175.7728881835938,2116.205078125
1211.png,0,0.042129483073949814,399.89862060546875,360.03680419921875,422.8878173828125,373.74639892578125
1211.png,0,0.042057134211063385,2116.0231018066406,1248.7047729492188,2136.318084716797,1262.6655883789062
1211.png,0,0.041890524327754974,1318.4560546875,1913.4455871582031,1336.671630859375,1921.9448547363281
1211.png,2,0.04186605289578438,1241.0752563476562,1975.0390014648438,1309.4196166992188,2001.2001342773438
1211.png,0,0.041832707822322845,1612.9436950683594,2289.3482055664062,1637.726821899414,2306.7224731445312
1211.png,0,0.04181463271379471,1846.0257568359375,1868.3656396865845,1883.3199462890625,1876.533836364746
1211.png,0,0.041575994342565536,853.6341552734375,2715.40087890625,880.0103759765625,2755.537841796875
1211.png,0,0.04136701673269272,848.38232421875,611.4465942382812,870.749267578125,621.5823364257812
1211.png,0,0.041045475751161575,1066.4240112304688,2089.430145263672,1085.149658203125,2096.164825439453
1211.png,3,0.04076184704899788,1319.4426879882812,1977.7380981445312,1333.5586547851562,1986.7423706054688
1211.png,1,0.04061220586299896,1646.877082824707,1460.8850708007812,1660.5944442749023,1494.3699340820312
1211.png,0,0.04059435427188873,580.4068603515625,1589.7034912109375,598.6258544921875,1611.9732666015625
1211.png,1,0.04057890921831131,1787.3135070800781,2271.4583740234375,1842.1444396972656,2292.36328125
1211.png,1,0.04032120481133461,1210.9982604980469,2072.436279296875,1224.9240417480469,2119.044677734375
1211.png,0,0.040266938507556915,1281.8768310546875,1481.2223510742188,1295.8341064453125,1495.2263793945312
1211.png,3,0.04025370627641678,1023.8628387451172,2086.94677734375,1038.7636108398438,2100.96826171875
1211.png,0,0.04022028669714928,2449.9990234375,2498.3613891601562,2461.809326171875,2517.5454711914062
1211.png,0,0.0399697981774807,780.5610961914062,2839.2583618164062,804.8322143554688,2857.7947387695312
1211.png,0,0.03990878537297249,1019.3952941894531,460.466552734375,1040.0930480957031,470.54638671875
1211.png,0,0.039903100579977036,1795.7296752929688,1997.2981262207031,1802.8361206054688,2014.1781921386719
1211.png,1,0.039608899503946304,711.6715087890625,663.1920166015625,738.8826904296875,682.7147216796875
1211.png,1,0.03941931203007698,1014.6588134765625,571.8493041992188,1039.0450439453125,581.8377075195312
1211.png,0,0.03935003653168678,820.513427734375,528.368896484375,841.838134765625,537.2144775390625
1211.png,0,0.039133839309215546,872.1597900390625,599.1404418945312,894.25732421875,609.2228393554688
1211.png,0,0.039063915610313416,850.0266723632812,606.341064453125,869.7201538085938,615.543701171875
1211.png,0,0.03896819427609444,1593.1012268066406,1338.152099609375,1620.6240844726562,1358.44677734375
1211.png,0,0.038648828864097595,964.3761596679688,501.5062255859375,984.00439453125,511.7071533203125
1211.png,0,0.03861434757709503,1291.8800048828125,1545.35400390625,1304.81787109375,1561.5928955078125
1211.png,0,0.038502734154462814,2620.2741088867188,1522.71044921875,2643.4671020507812,1539.764404296875
1211.png,0,0.03845827281475067,334.6397705078125,381.8341979980469,353.5579833984375,397.0240173339844
1211.png,0,0.03838108107447624,2020.3033447265625,1553.0498542785645,2059.785400390625,1564.6038932800293
1211.png,0,0.03797372803092003,947.8870849609375,585.6422119140625,971.5874633789062,596.2813720703125
1211.png,0,0.03795044496655464,908.9015502929688,2844.1594848632812,930.7968139648438,2877.7396850585938
1211.png,0,0.03788147494196892,986.839111328125,497.2985534667969,1006.2405395507812,507.8649597167969
1211.png,0,0.037837427109479904,1745.2984313964844,702.9564208984375,1764.6907043457031,716.9571533203125
1211.png,0,0.03778675198554993,1227.0698852539062,2067.536376953125,1245.2644653320312,2109.623046875
1211.png,1,0.037612397223711014,1857.5699462890625,1196.513671875,1881.0704345703125,1234.5821533203125
1211.png,0,0.03748776763677597,2158.1181640625,1271.8650512695312,2179.1068115234375,1286.1119995117188
1211.png,0,0.03729066625237465,1118.1583862304688,2465.218505859375,1136.8150024414062,2494.8253173828125
1211.png,0,0.037235990166664124,910.66748046875,1019.1638488769531,935.85400390625,1051.6072692871094
1211.png,1,0.03713119402527809,2085.4549560546875,1233.0562744140625,2117.324951171875,1253.3599853515625
1211.png,1,0.03706949204206467,1949.3133544921875,1890.6964950561523,2019.2362060546875,1907.890781402588
1211.png,0,0.03699560835957527,154.01483154296875,1186.5461120605469,176.51336669921875,1204.8457336425781
1211.png,1,0.03696640208363533,1566.9170608520508,1322.489990234375,1598.4944305419922,1342.298583984375
1211.png,1,0.03673209622502327,1222.8975219726562,1887.1369705200195,1234.4021606445312,1909.2615280151367
1211.png,1,0.03662838786840439,914.903076171875,998.0198059082031,939.533447265625,1023.0527038574219
1211.png,0,0.03640979155898094,1766.12451171875,1992.6967544555664,1776.3569946289062,2006.3431091308594
1211.png,3,0.03632029518485069,1159.6445617675781,2211.4093017578125,1170.9017639160156,2228.4989013671875
1211.png,0,0.036313701421022415,1775.0935668945312,2317.5758056640625,1812.4823608398438,2336.7427978515625
1211.png,1,0.03624066710472107,1429.3304443359375,659.6925659179688,1453.8287353515625,685.7098999023438
1211.png,1,0.036189306527376175,780.2230224609375,406.1549072265625,817.1527099609375,431.3583984375
1211.png,0,0.03617702051997185,2083.8111572265625,1469.7086181640625,2093.103759765625,1484.4434814453125
1211.png,0,0.03605204448103905,468.97369384765625,1698.609375,486.24212646484375,1708.905517578125
1211.png,0,0.035929832607507706,1872.8011026382446,708.7252197265625,1882.8751306533813,726.7943115234375
1211.png,1,0.03576718270778656,973.4794921875,582.0361328125,995.533203125,591.1875
1211.png,0,0.03570801392197609,852.5255126953125,491.6422424316406,874.564453125,502.3243713378906
1211.png,0,0.0356970950961113,2087.8575439453125,1225.3798828125,2115.0289306640625,1239.1859741210938
1211.png,0,0.03569547086954117,648.3687744140625,2838.4913330078125,679.1195068359375,2859.6976318359375
1211.png,1,0.0356941893696785,2289.0140380859375,557.6875,2311.4449462890625,591.66455078125
1211.png,0,0.03569309040904045,1392.7409057617188,2359.3242797851562,1404.4143676757812,2385.9654541015625
1211.png,0,0.03559379652142525,1116.7913208007812,426.26702880859375,1135.5709228515625,443.32073974609375
1211.png,0,0.03537284955382347,878.7689819335938,2245.7503051757812,891.9072570800781,2257.6670532226562
1211.png,0,0.03533552959561348,2031.6713256835938,1153.956787109375,2042.9059448242188,1169.8966674804688
1211.png,0,0.03526909276843071,1875.2784423828125,621.931884765625,1887.31494140625,637.290283203125
1211.png,0,0.03522970527410507,141.50669860839844,2508.484375,157.7261199951172,2524.62841796875
1211.png,0,0.03520964831113815,2590.6650390625,1059.085205078125,2611.4814453125,1069.0545043945312
1211.png,0,0.035090554505586624,1026.1979064941406,2840.793701171875,1041.3590393066406,2853.934326171875
1211.png,1,0.03508280962705612,2638.7161865234375,1546.5161666870117,2676.1949462890625,1574.9712753295898
1211.png,2,0.03502596914768219,694.6292724609375,782.8570556640625,753.1846923828125,808.81494140625
1211.png,0,0.03497438132762909,665.0361328125,2344.8192443847656,686.603271484375,2371.659637451172
1211.png,0,0.03476690128445625,2235.8555908203125,2774.4796142578125,2263.3101806640625,2785.746826171875
1211.png,3,0.03474600613117218,940.115966796875,2145.9965209960938,958.4296875,2159.3720092773438
1211.png,0,0.034686312079429626,860.7382202148438,1048.0311279296875,888.9213256835938,1078.6536865234375
1211.png,3,0.03458280861377716,1057.18359375,2033.0272064208984,1076.75439453125,2047.149154663086
1211.png,0,0.034553639590740204,974.1578369140625,580.569091796875,997.767333984375,591.9765625
1211.png,0,0.034449249505996704,2288.186279296875,559.1267700195312,2310.47412109375,591.8621215820312
1211.png,0,0.03439498320221901,2243.861083984375,1323.8642578125,2265.30712890625,1339.33935546875
1362.png,1,0.2960393726825714,1406.13916015625,2384.5717163085938,1456.646728515625,2414.1052856445312
1362.png,1,0.19484193623065948,1408.261962890625,2468.26318359375,1426.982177734375,2512.14404296875
1362.png,1,0.16532336175441742,1288.5172119140625,2257.9087524414062,1345.2039794921875,2302.2431030273438
1362.png,1,0.1443052738904953,1784.3132629394531,603.6609497070312,1832.1980285644531,633.8091430664062
1362.png,1,0.12020383030176163,979.5939025878906,559.19091796875,1039.9580993652344,593.3604736328125
1362.png,0,0.10716670751571655,2120.3687744140625,2782.1206665039062,2151.1405029296875,2807.3410034179688
1362.png,1,0.09464926272630692,465.3218994140625,1144.5743408203125,488.56573486328125,1184.0341796875
1362.png,1,0.08822344243526459,930.5355224609375,1053.9072265625,974.0989990234375,1071.3272705078125
1362.png,0,0.08790036290884018,2762.3723754882812,1366.57177734375,2783.715118408203,1405.333984375
1362.png,0,0.08596505969762802,931.34716796875,1054.1542358398438,972.71044921875,1071.489990234375
1362.png,0,0.08538076281547546,1747.131591796875,2680.9970092773438,1785.2102661132812,2702.0790405273438
1362.png,1,0.08209817856550217,151.087158203125,945.7566223144531,187.30389404296875,986.9704284667969
1362.png,0,0.07989943027496338,939.7059326171875,1083.7313232421875,979.4393310546875,1102.6876220703125
1362.png,0,0.07718143612146378,2116.0980224609375,2778.6402587890625,2133.6666259765625,2795.177734375
1362.png,0,0.07699387520551682,1622.1212005615234,1246.6819458007812,1647.8491973876953,1257.1351928710938
1362.png,0,0.07369080185890198,937.5709228515625,1068.3235473632812,983.1107177734375,1087.6212158203125
1362.png,0,0.07351551949977875,2240.746826171875,2281.38037109375,2255.474853515625,2295.2811279296875
1362.png,1,0.07236825674772263,927.1512451171875,1040.2889404296875,973.5628662109375,1060.196044921875
1362.png,0,0.07120861858129501,1781.3266296386719,2779.0634765625,1809.6823425292969,2806.003662109375
1362.png,1,0.06971228122711182,305.53009033203125,711.53173828125,341.62811279296875,749.802978515625
1362.png,0,0.06931208074092865,1328.4769287109375,2583.6885986328125,1347.9322509765625,2615.1988525390625
1362.png,0,0.0686015710234642,2334.1503009796143,2226.8941650390625,2364.982940673828,2255.4539794921875
1362.png,1,0.0683664008975029,2692.8871726989746,1175.85595703125,2714.372959136963,1214.0796508789062
1362.png,0,0.06821618229150772,121.34351348876953,855.8107299804688,153.72393798828125,888.0881958007812
1362.png,0,0.06794387847185135,2808.3543701171875,1403.90869140625,2822.242431640625,1431.410400390625
1362.png,1,0.06696875393390656,1050.9912719726562,626.9840087890625,1090.817626953125,668.6043701171875
1362.png,1,0.06551611423492432,1348.200927734375,78.61561584472656,1381.518310546875,134.53662109375
1362.png,0,0.06175069138407707,2825.78076171875,1281.09033203125,2846.584228515625,1325.90673828125
1362.png,0,0.05992387607693672,1900.8668823242188,1258.2005004882812,1932.5392456054688,1269.1747436523438
1362.png,0,0.05906268581748009,2320.7845153808594,1227.1751708984375,2343.5642051696777,1265.4952392578125
1362.png,2,0.0579940602183342,329.01031494140625,772.3178863525391,380.58319091796875,806.9871063232422
1362.png,0,0.057919152081012726,1727.317626953125,3011.3572998046875,1746.352783203125,3029.9197998046875
1362.png,0,0.05771389976143837,667.1470947265625,584.2039794921875,694.0711669921875,599.7515869140625
1362.png,0,0.05767820402979851,1286.18408203125,2825.4598388671875,1303.297119140625,2835.7625732421875
1362.png,0,0.05760759115219116,1979.6852722167969,1009.950439453125,1999.2572326660156,1022.830810546875
1362.png,0,0.05406644567847252,1411.730712890625,2747.2003173828125,1427.42041015625,2756.8265380859375
1362.png,0,0.05029845982789993,181.34573364257812,1226.50537109375,213.14181518554688,1244.88720703125
1362.png,3,0.04738130047917366,2194.892822265625,2874.267578125,2230.62158203125,2895.292724609375
1362.png,1,0.04642031714320183,2320.538330078125,1226.546875,2343.210693359375,1266.2847900390625
1362.png,0,0.04424413666129112,330.39251708984375,779.368408203125,371.25494384765625,806.3585395812988
1362.png,1,0.04390733689069748,2760.8794860839844,1367.553955078125,2783.799850463867,1405.642578125
1362.png,0,0.04336743801832199,2334.1583251953125,2176.345703125,2349.341064453125,2191.5087890625
1362.png,0,0.0429571196436882,1339.9544067382812,2614.736572265625,1356.0172729492188,2632.579345703125
1362.png,1,0.042137257754802704,2825.9375610351562,1283.429931640625,2845.7156372070312,1326.63818359375
1362.png,1,0.042052485048770905,994.0278167724609,768.6604042053223,1023.8979339599609,791.2387008666992
1362.png,1,0.04186561331152916,596.209228515625,203.96401977539062,653.98876953125,269.199462890625
1362.png,1,0.04046519100666046,1363.6675415039062,146.1292724609375,1425.3676147460938,185.2677001953125
1362.png,0,0.03968862071633339,1403.9525146484375,2888.406494140625,1434.0115966796875,2905.394775390625
1362.png,0,0.03715763986110687,931.520263671875,1041.82080078125,973.010009765625,1059.6663818359375
1362.png,0,0.03687509521842003,1231.695556640625,1208.3663940429688,1263.16552734375,1237.3981323242188
1362.png,0,0.036783333867788315,2221.3271484375,2795.1876220703125,2236.334716796875,2808.052978515625
1362.png,0,0.03572285920381546,1870.783203125,2718.389892578125,1899.345458984375,2748.425537109375
1362.png,2,0.03555607050657272,1746.7601318359375,2679.887451171875,1784.7811279296875,2702.508056640625
1362.png,0,0.035510431975126266,3449.1536865234375,59.87325668334961,3477.1204833984375,74.62765502929688
1362.png,0,0.03522955998778343,1366.044921875,146.44195556640625,1418.89697265625,179.1806640625
1362.png,0,0.03520091623067856,492.2951354980469,1143.1162109375,510.7613220214844,1166.9067993164062
1362.png,0,0.034664254635572433,394.8633728027344,2140.9296875,411.8609924316406,2150.824462890625
1362.png,0,0.03430313989520073,2821.055908203125,889.5173645019531,2832.898193359375,908.57958984375
1362.png,0,0.03405002877116203,379.86614990234375,2151.9166259765625,394.91864013671875,2175.8221435546875
1362.png,1,0.03277060016989708,1037.782958984375,633.6458740234375,1078.989501953125,675.7596435546875
1362.png,0,0.03259485587477684,2087.4451904296875,2796.7763671875,2103.0526123046875,2810.342041015625
1362.png,0,0.032491087913513184,179.05917358398438,941.6523895263672,192.57192993164062,956.3262786865234
1362.png,1,0.030824430286884308,1866.4202270507812,2720.3895874023438,1898.2156982421875,2748.5740356445312
1362.png,0,0.029852591454982758,1665.446044921875,669.6907958984375,1687.5776977539062,689.8115234375
1362.png,0,0.028912607580423355,2783.183074951172,1002.5796813964844,2796.2401580810547,1024.0177612304688
1362.png,0,0.028687607496976852,1163.4266052246094,437.9918212890625,1185.7765808105469,460.790771484375
1362.png,0,0.028658485040068626,1784.9986114501953,603.67138671875,1831.9411010742188,633.267578125
1362.png,0,0.028618302196264267,1550.5180768966675,1018.1475830078125,1569.4367637634277,1028.9331359863281
1362.png,0,0.027826331555843353,1490.965576171875,2613.8275756835938,1502.618408203125,2630.4963989257812
1362.png,0,0.02778276428580284,953.5452270507812,2001.3534851074219,964.0811157226562,2019.9831237792969
1362.png,0,0.027514025568962097,2142.2105102539062,2826.8623046875,2156.1426391601562,2844.060302734375
1362.png,1,0.027500897645950317,1746.724853515625,2681.030517578125,1786.738525390625,2702.7607421875
1362.png,0,0.02660367637872696,2130.9132080078125,2527.677734375,2145.3408203125,2546.626708984375
1362.png,1,0.026556188240647316,311.6821594238281,686.41357421875,343.1656799316406,729.4788818359375
1362.png,0,0.026069752871990204,379.8737487792969,2203.9230346679688,393.4392395019531,2235.7459106445312
1362.png,0,0.025648066774010658,1103.391357421875,2877.829833984375,1119.8685302734375,2889.473388671875
1362.png,0,0.025332005694508553,2093.5335693359375,2752.3995971679688,2112.7540283203125,2769.6376342773438
1362.png,0,0.025148756802082062,775.5075778961182,2591.5594482421875,787.2203903198242,2608.184326171875
1362.png,0,0.025013422593474388,2197.0264282226562,2874.26171875,2230.7947387695312,2897.2230224609375
1362.png,0,0.02494591288268566,1624.564453125,769.2984619140625,1644.74169921875,786.3756103515625
1362.png,0,0.024609893560409546,2106.4671630859375,2827.0573120117188,2124.1947021484375,2844.7062377929688
1362.png,0,0.024535147473216057,956.1476440429688,2146.8181762695312,966.0945434570312,2164.1113891601562
1362.png,0,0.023763839155435562,383.28167724609375,727.0913696289062,399.80426025390625,744.4838256835938
1362.png,0,0.023630695417523384,979.1356353759766,2104.2769775390625,989.2765350341797,2125.1358642578125
1362.png,0,0.023131657391786575,2929.9459228515625,642.3075561523438,2943.974853515625,663.5000610351562
1362.png,0,0.023121939972043037,1409.3533935546875,2467.3802490234375,1426.6693115234375,2498.515869140625
1362.png,0,0.02295627072453499,2096.0718383789062,729.6522827148438,2110.5530395507812,742.4297485351562
1362.png,1,0.022579653188586235,2248.620361328125,2859.5764770507812,2278.072021484375,2904.0516967773438
1362.png,1,0.022473212331533432,2303.9647216796875,1417.6292724609375,2339.3822021484375,1455.4185791015625
1362.png,0,0.022295810282230377,2804.170654296875,1480.0503540039062,2815.6087646484375,1496.8737182617188
1362.png,0,0.022290872409939766,2693.8482971191406,1176.0725708007812,2714.6742248535156,1214.4421997070312
1362.png,0,0.022142043337225914,1640.3995361328125,2917.1458740234375,1663.6722412109375,2939.7093505859375
1362.png,0,0.021934185177087784,2895.679443359375,807.7777252197266,2904.5155029296875,821.0980377197266
1362.png,0,0.02185055986046791,510.6146240234375,1146.6336669921875,521.9677734375,1163.2424926757812
1362.png,0,0.021488815546035767,1497.2567138671875,2721.7088012695312,1516.5797119140625,2733.5752563476562
1362.png,3,0.021204527467489243,1294.2327270507812,1711.5896606445312,1331.8977661132812,1758.2951049804688
1362.png,1,0.02117258496582508,451.48199462890625,1147.560791015625,479.46038818359375,1185.8072509765625
1362.png,3,0.020963124930858612,333.86358642578125,758.7096557617188,365.23602294921875,794.0401000976562
1362.png,0,0.02088169939815998,1722.041259765625,723.55859375,1738.5694580078125,738.9921875
1362.png,2,0.020701713860034943,1293.00732421875,1712.106689453125,1330.258056640625,1757.55712890625
1362.png,0,0.020590268075466156,1549.0232009887695,1099.8038940429688,1568.620376586914,1112.6382446289062
1362.png,3,0.0205202829092741,330.2939147949219,779.1390380859375,368.8051452636719,807.8218994140625
1362.png,0,0.02014906518161297,980.6983642578125,1931.0326843261719,990.114501953125,1943.3370666503906
1362.png,0,0.019989224150776863,2013.4139709472656,604.064208984375,2029.4565734863281,617.453369140625
1362.png,0,0.019972434267401695,253.4127197265625,1202.1868896484375,275.35174560546875,1214.427490234375
1362.png,0,0.01997070014476776,1702.2347412109375,149.19503784179688,1728.3421630859375,166.30703735351562
1362.png,0,0.01973850280046463,1028.6640319824219,511.7069091796875,1047.4343566894531,526.9202880859375
1362.png,3,0.019684508442878723,1246.2376098632812,2358.1480102539062,1268.3161010742188,2380.4055786132812
1362.png,0,0.019265776500105858,1688.386474609375,945.4127502441406,1707.0421142578125,961.4151000976562
1362.png,0,0.01923859491944313,978.1217651367188,1945.3489379882812,987.6127319335938,1958.8130493164062
1362.png,0,0.01921694166958332,2482.8300170898438,1609.4109725952148,2494.0658569335938,1626.3872909545898
1362.png,0,0.01915438286960125,994.0743408203125,763.58056640625,1024.35546875,792.1268310546875
1362.png,0,0.019104359671473503,2797.2366943359375,850.7989044189453,2817.196533203125,885.4250946044922
1362.png,0,0.01890508458018303,154.85684204101562,907.1879577636719,176.35604858398438,926.7955627441406
1362.png,0,0.018883515149354935,1271.063720703125,2270.9420471191406,1297.005615234375,2293.2317810058594
1362.png,0,0.01810237392783165,1405.7077026367188,2385.530517578125,1453.2334594726562,2414.2900390625
1362.png,0,0.018016453832387924,1311.2794189453125,2255.9324951171875,1343.6873779296875,2279.8668212890625
1362.png,0,0.017815548926591873,616.6846923828125,1118.4360961914062,634.3104248046875,1140.8958129882812
1362.png,0,0.01776338368654251,981.7586364746094,562.6571044921875,1033.4925231933594,591.5496826171875
1362.png,0,0.017688388004899025,2558.97314453125,1912.0223693847656,2577.2108154296875,1935.8346252441406
1362.png,0,0.01740955002605915,1902.403564453125,871.0335845947266,1918.1224365234375,884.4019317626953
1362.png,0,0.016951680183410645,1746.6234436035156,100.13279724121094,1758.9499816894531,115.98396301269531
1362.png,0,0.0168823953717947,952.629638671875,1979.7399291992188,964.075439453125,1999.2380981445312
1362.png,2,0.01677967607975006,1577.2049560546875,2894.152587890625,1611.7869873046875,2920.386474609375
1362.png,0,0.016638539731502533,3267.83203125,1150.8061828613281,3286.730712890625,1165.7137145996094
1362.png,1,0.01661502569913864,740.788330078125,987.5393371582031,777.013427734375,1032.4708557128906
1362.png,0,0.01648816652595997,617.6929321289062,192.78094482421875,636.2022094726562,212.16143798828125
1362.png,0,0.0164750125259161,1226.4786071777344,2357.725830078125,1241.0298156738281,2373.248291015625
1362.png,0,0.016393771395087242,2063.54345703125,768.5089569091797,2087.88330078125,786.8608932495117
1362.png,0,0.016186682507395744,2170.58447265625,817.8763198852539,2187.821533203125,835.859001159668
1362.png,0,0.01617732271552086,1607.2062377929688,2946.9317626953125,1631.3579711914062,2972.0589599609375
1362.png,0,0.01606973446905613,1735.5887756347656,111.26960754394531,1750.79248046875,125.42411804199219
1362.png,0,0.016019560396671295,2759.959259033203,1104.8954162597656,2773.1698608398438,1120.6694030761719
1362.png,0,0.015961352735757828,1921.8123779296875,704.166015625,1937.897705078125,717.3302001953125
1362.png,0,0.015800444409251213,1632.609359741211,915.0438842773438,1648.6428527832031,925.7655639648438
1362.png,0,0.015473888255655766,850.3257446289062,1859.0880737304688,870.5303344726562,1871.5982055664062
1362.png,0,0.015321584418416023,1045.2655639648438,627.3328857421875,1089.1566772460938,671.3568115234375
1362.png,0,0.015190411359071732,1374.9576416015625,169.32809448242188,1393.7327880859375,186.23843383789062
1362.png,1,0.015092327259480953,1587.8362464904785,86.53375244140625,1647.8824157714844,118.8067626953125
1362.png,0,0.014871235005557537,236.47161865234375,1226.6283569335938,259.0885925292969,1239.8628540039062
1362.png,0,0.01486205030232668,1011.5005798339844,526.1641845703125,1028.7257385253906,541.2337646484375
1362.png,0,0.014642931520938873,1578.440040588379,781.1311054229736,1594.4360580444336,794.1184482574463
1362.png,0,0.01460231188684702,1845.4174194335938,717.0177001953125,1860.8221435546875,730.4368896484375
1362.png,0,0.014454636722803116,216.9506072998047,1219.7079162597656,236.4299774169922,1234.2253723144531
1362.png,0,0.014442204497754574,1930.30224609375,708.8663330078125,1944.0662841796875,721.8218994140625
1362.png,1,0.014320523478090763,2233.8404541015625,2784.640869140625,2270.2391357421875,2820.468994140625
1362.png,0,0.01431674137711525,2758.7774353027344,1414.3470458984375,2773.5357971191406,1438.5367431640625
1362.png,0,0.014301401562988758,2879.373519897461,536.730224609375,2888.635513305664,557.90283203125
1362.png,0,0.01421994436532259,2209.9512939453125,2780.63623046875,2229.5570068359375,2797.1376953125
1362.png,0,0.013896476477384567,1646.7291641235352,885.9828491210938,1663.2331008911133,898.9018859863281
1362.png,1,0.013870944269001484,263.2275390625,713.9205932617188,316.291748046875,732.7993774414062
1362.png,1,0.013857592828571796,268.10528564453125,723.77587890625,324.09393310546875,759.085693359375
1362.png,0,0.013851228170096874,163.96975708007812,951.49072265625,187.19424438476562,983.41748046875
1362.png,2,0.013836282305419445,2825.3544006347656,1281.4244384765625,2847.5244140625,1327.3675537109375
1362.png,1,0.013818712905049324,324.7180480957031,774.6328058242798,392.8318176269531,804.8770294189453
1362.png,0,0.013732003048062325,1353.0413208007812,94.25932312011719,1374.9944458007812,134.6288604736328
1362.png,0,0.01364145427942276,2032.8033447265625,951.0891723632812,2050.8018798828125,965.1225280761719
1362.png,1,0.013536821119487286,120.50214385986328,853.0898895263672,161.951416015625,890.0415802001953
1362.png,0,0.01343600731343031,988.8881225585938,3010.8525390625,1004.7390747070312,3030.85791015625
1362.png,1,0.013308062218129635,1335.0196533203125,2451.837890625,1351.4581298828125,2475.5037841796875
1362.png,0,0.013294989243149757,381.19891357421875,2176.748504638672,393.11041259765625,2206.7190856933594
1362.png,0,0.01323619857430458,593.875732421875,2989.4627685546875,612.37109375,3003.0782470703125
1362.png,0,0.0131462337449193,1913.1665649414062,1247.8990478515625,1933.4772338867188,1259.534423828125
1362.png,3,0.013035757467150688,158.19015502929688,924.4537048339844,192.51998901367188,948.7556457519531
1362.png,0,0.013013866730034351,2114.28564453125,551.0654296875,2134.22412109375,564.10009765625
1362.png,0,0.012886546552181244,2143.22607421875,956.2764892578125,2162.560302734375,973.5588989257812
1362.png,0,0.012833713553845882,1594.6177368164062,947.9893493652344,1612.8740997314453,960.8282470703125
1362.png,0,0.01283259503543377,2077.6964111328125,2789.6326904296875,2091.6929931640625,2801.544677734375
1362.png,0,0.012593003921210766,1621.071533203125,2942.6219482421875,1641.353759765625,2961.5474853515625
1362.png,0,0.01255712378770113,1731.0608825683594,97.82318115234375,1745.5400695800781,112.09298706054688
1362.png,0,0.012523496523499489,842.7211303710938,1892.0545043945312,852.4424438476562,1907.4002685546875
1362.png,1,0.012508532963693142,63.25934600830078,823.9585151672363,87.39008331298828,851.4919586181641
1362.png,0,0.012387779541313648,950.554931640625,1944.973388671875,964.243896484375,1964.5023193359375
1362.png,0,0.012366347946226597,311.75244140625,709.9417114257812,343.067626953125,751.0769653320312
1362.png,0,0.012363902293145657,1568.9093475341797,1787.9298248291016,1580.7487487792969,1799.6168212890625
1362.png,0,0.012325311079621315,1798.6231689453125,1005.8372802734375,1835.3009643554688,1023.2120361328125
1362.png,0,0.01224024873226881,705.3408203125,621.9488525390625,722.6005859375,634.0731201171875
1362.png,0,0.012181537225842476,705.4015502929688,2998.4588623046875,724.2512817382812,3010.7896728515625
1362.png,0,0.012117646634578705,1908.9026489257812,692.740966796875,1926.6226196289062,706.453369140625
1362.png,0,0.012082807719707489,1676.5630187988281,81.46861267089844,1691.9308776855469,96.73428344726562
1362.png,0,0.012040363624691963,1379.33544921875,177.5023193359375,1397.62646484375,195.348876953125
1362.png,0,0.011953402310609818,1001.55859375,3029.3714599609375,1016.212646484375,3047.908935546875
1362.png,1,0.011952957138419151,924.0163116455078,444.14654541015625,999.2335357666016,488.2403564453125
1362.png,0,0.011945195496082306,1140.1751098632812,455.28277587890625,1156.2254028320312,469.56011962890625
1362.png,1,0.011830382980406284,1448.0905151367188,3029.8331298828125,1478.9202270507812,3048.6629638671875
1362.png,0,0.011764802038669586,2098.43310546875,662.0015258789062,2113.659912109375,677.2265014648438
1362.png,3,0.01175443921238184,1405.561767578125,2386.3216857910156,1450.284423828125,2414.6690979003906
1362.png,1,0.011727821081876755,1269.9846801757812,2269.3860473632812,1296.9586791992188,2293.1489868164062
1362.png,0,0.011198673397302628,2023.7881774902344,892.9181518554688,2039.8583068847656,905.4984741210938
1362.png,0,0.011169053614139557,2234.1801147460938,2887.5325927734375,2253.7133178710938,2912.4937744140625
1362.png,0,0.011146120727062225,2208.236083984375,2763.76220703125,2224.629150390625,2781.1767578125
1362.png,0,0.011113138869404793,2826.7728576660156,1536.409336090088,2842.0970153808594,1555.6039237976074
1362.png,3,0.011097878217697144,2838.516357421875,977.7868347167969,2851.19091796875,993.3192443847656
1362.png,0,0.010955323465168476,2046.5218505859375,629.4283447265625,2063.4608154296875,646.8577880859375
1362.png,0,0.010855614207684994,1779.6129150390625,2822.9105224609375,1791.1007080078125,2837.3572998046875
1362.png,0,0.010664050467312336,995.91796875,3030.7659912109375,1007.9212646484375,3047.673828125
1362.png,0,0.01063772663474083,2009.42724609375,782.2793884277344,2027.744873046875,797.5151214599609
1362.png,0,0.010606021620333195,1649.6548461914062,2662.2373046875,1667.2350463867188,2673.489990234375
1362.png,0,0.010585930198431015,2231.360107421875,0.0,2252.58349609375,12.546773910522461
1362.png,3,0.010559153743088245,1107.2093505859375,439.74530029296875,1133.9605102539062,472.47650146484375
1362.png,0,0.010505406185984612,319.24639892578125,1181.23583984375,349.03387451171875,1199.9959716796875
1362.png,0,0.010492709465324879,2140.6588134765625,796.2588348388672,2159.287353515625,813.9021835327148
1362.png,0,0.010483020916581154,1971.4326477050781,665.465576171875,1992.7477722167969,682.018310546875
1362.png,0,0.010478678159415722,2557.822540283203,1891.5064086914062,2574.890655517578,1912.8179321289062
1362.png,0,0.01044904999434948,1681.9963073730469,993.1212158203125,1699.0301208496094,1007.738525390625
1362.png,0,0.010393050499260426,2242.4095458984375,945.0150146484375,2260.4423828125,960.1536254882812
1362.png,0,0.010218328796327114,2116.8936767578125,2763.845458984375,2133.8529052734375,2779.8792724609375
1362.png,0,0.010157961398363113,1053.3934020996094,1930.8800354003906,1060.2338562011719,1943.1755065917969
1362.png,3,0.010143166407942772,2288.2627563476562,2380.353271484375,2305.2088012695312,2392.822021484375
1362.png,3,0.010137400589883327,2814.6611328125,863.9193267822266,2835.8311767578125,907.3319549560547
1362.png,0,0.010079851374030113,1765.694091796875,2727.1842041015625,1784.819580078125,2741.4595947265625
1362.png,0,0.010032827965915203,2034.5474853515625,172.0428466796875,2047.9029541015625,187.458740234375
1362.png,0,0.010030479170382023,1826.4479370117188,1135.5222778320312,1841.0154418945312,1147.0794067382812
1362.png,0,0.009981793351471424,3100.870361328125,1240.5778503417969,3116.88037109375,1252.8569030761719
1362.png,0,0.009930228814482689,1711.67919921875,914.4964599609375,1734.057373046875,929.4293212890625
1362.png,0,0.009821115992963314,947.9068145751953,2148.4652099609375,957.5425567626953,2164.7786865234375
1362.png,0,0.009748883545398712,1726.3724517822266,782.5328826904297,1743.9691925048828,796.7403717041016
1362.png,0,0.009624644182622433,986.42431640625,3032.0988159179688,1001.371826171875,3047.8997192382812
1362.png,0,0.00958400871604681,986.0965728759766,544.9072875976562,1006.6428070068359,563.9739379882812
1362.png,0,0.0095205744728446,1857.8022155761719,875.0516815185547,1877.6649475097656,891.2696990966797
1362.png,0,0.00951849203556776,1641.576644897461,882.9814758300781,1660.4506072998047,894.3897094726562
1362.png,1,0.009503547102212906,2276.41943359375,1416.66552734375,2310.466064453125,1455.73388671875
1362.png,0,0.009463069960474968,2194.3585205078125,840.9827117919922,2211.7113037109375,856.5511932373047
1362.png,0,0.009407833218574524,631.5426025390625,574.359375,648.1617431640625,592.659912109375
1362.png,3,0.0093730753287673,122.29254913330078,856.0705261230469,140.42572021484375,872.6227416992188
1362.png,0,0.009305422194302082,161.0034942626953,923.0526123046875,195.16282653808594,950.3480224609375
1362.png,0,0.009283600375056267,2803.873046875,1431.4995727539062,2818.7431640625,1457.0419311523438
1362.png,0,0.009269213303923607,1140.8718872070312,502.53765869140625,1156.2086791992188,517.2891235351562
1362.png,0,0.009256377816200256,2152.48193359375,777.0612125396729,2168.49560546875,790.2126731872559
1362.png,0,0.009241290390491486,769.9516277313232,2589.290771484375,779.766845703125,2609.43505859375
1362.png,1,0.009221363812685013,1751.88427734375,965.3859252929688,1792.0,1000.4154663085938
1362.png,0,0.009119232185184956,2803.0839233398438,1508.8348388671875,2813.337890625,1524.6868896484375
1362.png,0,0.009028138592839241,1732.8062744140625,2659.2114868164062,1752.7750244140625,2671.7300415039062
1362.png,0,0.009025374427437782,1624.9021606445312,2933.8233642578125,1650.2088012695312,2955.0203857421875
1362.png,0,0.00898718275129795,1894.9205017089844,2542.625732421875,1911.1249084472656,2555.7679443359375
1362.png,2,0.008935707621276379,2194.6328125,2874.7125244140625,2229.21826171875,2897.2105712890625
1362.png,0,0.008921673521399498,572.8406982421875,2547.017333984375,582.1898193359375,2559.4197998046875
1362.png,0,0.00887902732938528,2149.1224365234375,569.0989990234375,2182.9407958984375,581.6934814453125
1362.png,1,0.008773198351264,2184.981201171875,1215.45703125,2220.0447998046875,1246.6324462890625
1362.png,0,0.008721391670405865,3003.09619140625,221.8458251953125,3011.6527099609375,237.6788330078125
1362.png,3,0.008678901940584183,2934.77197265625,667.5565185546875,2957.6656494140625,687.0887451171875
1362.png,0,0.008647332899272442,3057.5764770507812,68.19219970703125,3076.2269897460938,108.72322082519531
1362.png,0,0.008558536879718304,977.4872436523438,3016.7266845703125,991.6255493164062,3031.0164794921875
1362.png,0,0.008545530959963799,1649.126953125,2916.4642333984375,1673.4962158203125,2934.5528564453125
1362.png,0,0.008519346825778484,1714.1837768554688,90.814208984375,1728.0798645019531,104.31134033203125
1362.png,0,0.008501996286213398,3046.3648071289062,66.97716522216797,3060.8385620117188,85.9839859008789
1362.png,0,0.008457162417471409,1105.8990173339844,458.421630859375,1117.7900695800781,472.30157470703125
1362.png,0,0.008433504030108452,2038.8048095703125,953.18017578125,2055.7352294921875,969.3599243164062
1362.png,0,0.008431526832282543,848.4453125,2916.507568359375,865.79931640625,2925.560791015625
1362.png,0,0.008395041339099407,1080.689697265625,672.2134399414062,1101.9022216796875,696.0424194335938
1362.png,0,0.008372388780117035,872.419677734375,2948.6385498046875,891.549560546875,2960.0924072265625
1362.png,3,0.008260899223387241,1409.6776123046875,2466.3785400390625,1426.4444580078125,2512.5159912109375
1362.png,0,0.008177507668733597,950.009521484375,2124.3268432617188,974.9952392578125,2142.7770385742188
1362.png,0,0.00816344190388918,1558.7703895568848,1119.0867919921875,1578.2346382141113,1132.5859375
1362.png,0,0.008157367818057537,1414.5757446289062,2995.569580078125,1432.4688110351562,3012.111328125
1362.png,0,0.008081809617578983,1580.3800201416016,2893.5850830078125,1611.6996154785156,2919.3114013671875
1362.png,3,0.008076073601841927,2233.5408935546875,2887.71337890625,2252.0462646484375,2914.9052734375
1362.png,1,0.008072256110608578,201.02023315429688,2972.7386474609375,223.93927001953125,3000.9613037109375
1362.png,0,0.008000420406460762,1065.2068481445312,1930.9705200195312,1074.2140502929688,1944.6268920898438
1362.png,0,0.007989025674760342,2062.72216796875,593.7171630859375,2078.73046875,607.3199462890625
1362.png,0,0.007981588132679462,2017.5475769042969,178.83511352539062,2028.9735412597656,196.75991821289062
1362.png,3,0.007981573231518269,1227.9964599609375,2355.3203735351562,1255.8214721679688,2377.4740600585938
1362.png,0,0.007971729151904583,1888.1531372070312,1016.3350524902344,1903.2268676757812,1028.546875
1362.png,0,0.007946688681840897,1553.7340698242188,1779.5191040039062,1575.4911499023438,1796.1253051757812
1362.png,0,0.007935008965432644,2808.651092529297,1606.8443603515625,2826.757049560547,1638.2266845703125
1362.png,0,0.007933470420539379,1826.9959716796875,651.299560546875,1844.2711181640625,667.02001953125
1362.png,0,0.00789173785597086,1230.4431762695312,2303.0491943359375,1256.4078979492188,2325.265380859375
1362.png,0,0.007860774174332619,3143.3325805664062,632.1956787109375,3163.8641967773438,646.460205078125
1362.png,0,0.007827534340322018,24.21769905090332,855.1723098754883,45.6417236328125,869.2253494262695
1362.png,2,0.00780556770041585,318.6109619140625,1183.9266967773438,346.69097900390625,1197.5571899414062
1362.png,0,0.007787360809743404,1816.4423828125,1000.1717529296875,1839.3277587890625,1019.0767822265625
1362.png,0,0.007781151216477156,312.2276611328125,686.422119140625,342.20654296875,716.9150390625
1362.png,0,0.007719940040260553,2142.7435302734375,698.4598999023438,2157.1842041015625,711.3961791992188
1362.png,1,0.007588282693177462,2813.3179931640625,791.5429172515869,2829.63525390625,830.823860168457
1362.png,0,0.007583528757095337,1469.2437744140625,3019.828857421875,1484.5848388671875,3037.177978515625
1362.png,0,0.007556036580353975,2823.8365020751953,987.1163024902344,2834.775619506836,1004.7778015136719
1362.png,0,0.0075490702874958515,1668.553955078125,34.70166778564453,1687.2337951660156,51.662132263183594
1362.png,0,0.0075327930971980095,1777.0357666015625,882.2945861816406,1792.0,898.0658416748047
1362.png,0,0.007454219739884138,1880.7787170410156,750.74560546875,1896.8816223144531,764.49609375
1362.png,0,0.007415207102894783,2455.8056030273438,1928.6161499023438,2478.9819946289062,1953.6898193359375
1362.png,0,0.007403978146612644,2285.683837890625,1429.85107421875,2310.51904296875,1453.877197265625
1362.png,0,0.007387084886431694,1548.3375215530396,783.9410400390625,1564.293254852295,799.4114990234375
1362.png,0,0.007383372168987989,1412.5634765625,1720.9600524902344,1425.864990234375,1740.3166809082031
1362.png,0,0.007362213917076588,822.526611328125,2152.6449584960938,834.856201171875,2167.0430297851562
1362.png,0,0.007340598851442337,968.4913940429688,1992.9261474609375,980.5883178710938,2007.756103515625
1362.png,0,0.00730985077098012,1850.8570251464844,725.693603515625,1867.6385192871094,738.137939453125
1362.png,0,0.007249604910612106,2225.7141723632812,2921.1805419921875,2251.0438842773438,2939.424560546875
1362.png,0,0.007221282459795475,2198.9959106445312,605.7578125,2225.2014770507812,619.99267578125
1362.png,0,0.007212697062641382,1967.1414794921875,745.09423828125,1983.0546264648438,758.806884765625
1362.png,1,0.007146191317588091,2633.5039672851562,1854.536376953125,2670.1738891601562,1876.9775390625
1362.png,0,0.007114133331924677,2102.1356201171875,2817.1260986328125,2118.447021484375,2838.3450927734375
1362.png,0,0.007092670071870089,266.4193115234375,714.3466186523438,309.161376953125,729.1828002929688
1362.png,0,0.007074408698827028,2053.299072265625,1152.9719848632812,2068.3214111328125,1166.1071166992188
1362.png,0,0.007030202075839043,746.3955078125,608.7009887695312,764.705078125,628.7808227539062
1362.png,0,0.007029929663985968,1052.3489990234375,1944.6713562011719,1060.3232421875,1958.2583312988281
1362.png,1,0.0070255836471915245,93.31761169433594,917.6295776367188,128.882080078125,946.0739440917969
1362.png,3,0.007022517267614603,1729.4879150390625,2805.97802734375,1760.2945556640625,2825.681640625
1362.png,0,0.007019831333309412,3030.50146484375,87.73335266113281,3042.5032958984375,104.46775817871094
1362.png,0,0.007007264997810125,3335.7520751953125,2897.608154296875,3363.2872314453125,2912.3175048828125
1362.png,0,0.00699734129011631,1823.1063842773438,1062.9334411621094,1840.9989624023438,1076.0821228027344
1362.png,0,0.0069573260843753815,1716.1720275878906,2872.3432006835938,1733.4698181152344,2886.8353881835938
1362.png,0,0.006936443969607353,2083.59912109375,900.0204315185547,2102.156005859375,916.4783477783203
1362.png,0,0.0069337571039795876,2140.1634521484375,2519.136474609375,2155.620361328125,2539.903564453125
1362.png,0,0.006932857912033796,759.8701171875,604.6202392578125,775.802978515625,617.9154052734375
1362.png,0,0.0069215078838169575,2866.9959716796875,802.5559959411621,2876.748779296875,818.553638458252
1362.png,0,0.006912644021213055,1960.9340209960938,652.2947387695312,1976.5569458007812,667.1599731445312
1362.png,0,0.006868772208690643,1051.6915893554688,1930.2641296386719,1055.1897583007812,1944.5049133300781
1362.png,0,0.006861135829240084,768.0,2769.2313232421875,783.7639055252075,2800.6043701171875
1362.png,3,0.006823014933615923,2557.827590942383,1898.7476501464844,2576.4207153320312,1935.3573303222656
1362.png,3,0.006806886754930019,2117.7164306640625,2762.9801025390625,2135.022216796875,2777.25146484375
1362.png,3,0.006800918839871883,445.7757568359375,2153.598846435547,473.80218505859375,2161.8878479003906
1362.png,0,0.006788520608097315,404.6365966796875,2132.352294921875,414.57293701171875,2149.7197265625
1362.png,0,0.006763709709048271,1565.9186553955078,1138.9549560546875,1585.9328155517578,1147.3466796875
1362.png,0,0.006752375978976488,1081.1973876953125,517.3675537109375,1098.793701171875,535.7332763671875
1362.png,3,0.006748623214662075,2456.6720581054688,1928.7644348144531,2477.6594848632812,1953.2791442871094
1362.png,0,0.006710992194712162,2256.0048828125,2436.3067626953125,2280.955078125,2462.6114501953125
1362.png,0,0.006678777746856213,1241.2131958007812,2351.2630004882812,1269.0740356445312,2377.3110961914062
1362.png,0,0.006667579058557749,2152.3358764648438,706.0302124023438,2166.4483032226562,718.9871215820312
1362.png,3,0.006601231172680855,368.8393249511719,771.5414428710938,392.3442077636719,795.2526245117188
1362.png,0,0.006594817619770765,1377.353515625,903.5059204101562,1393.00244140625,924.4283447265625
1362.png,0,0.006514720618724823,1664.5813293457031,1065.01904296875,1681.8523864746094,1076.865966796875
1362.png,0,0.0064956569112837315,341.7510070800781,742.569580078125,364.5265197753906,760.581787109375
1362.png,0,0.0064901141449809074,368.62701416015625,772.1779174804688,390.74444580078125,789.1880493164062
1362.png,0,0.006481037475168705,1762.8197021484375,1966.0197143554688,1773.5440673828125,1975.4274291992188
1362.png,0,0.00644381158053875,1749.9488220214844,988.905517578125,1764.5604248046875,999.4852294921875
1362.png,0,0.0064384350553154945,663.818115234375,223.23959350585938,683.0584716796875,240.37289428710938
1362.png,0,0.0064130849204957485,777.1873474121094,2849.2369384765625,788.1211280822754,2862.3052978515625
1362.png,0,0.006379540078341961,1995.0483093261719,768.8348407745361,2008.7222595214844,779.8031578063965
1362.png,3,0.0063092028722167015,2824.750442504883,1286.7078857421875,2848.0091094970703,1326.8677978515625
1362.png,0,0.0063039883971214294,520.78076171875,1146.417236328125,529.9637451171875,1161.5634765625
1362.png,0,0.006302757654339075,2304.1759300231934,602.5084228515625,2312.6703023910522,619.0084228515625
1362.png,0,0.006278464570641518,1232.8448486328125,299.6158447265625,1256.3638305664062,324.50030517578125
1362.png,3,0.0062766713090240955,1449.8660278320312,3004.6742553710938,1479.7984008789062,3022.9236450195312
1362.png,0,0.00626625819131732,1810.2874145507812,2794.709716796875,1826.4423217773438,2811.888427734375
1399.png,1,0.44044482707977295,2856.4804077148438,1386.4744873046875,2917.6091918945312,1421.0211181640625
1399.png,1,0.3984951376914978,2699.443359375,2493.8910522460938,2731.7919921875,2540.1847534179688
1399.png,1,0.28980645537376404,2365.517379760742,1857.7303466796875,2400.757354736328,1899.2431640625
1399.png,1,0.2799270749092102,2338.064552307129,1869.78515625,2375.2260513305664,1914.0802001953125
1399.png,1,0.2712509334087372,2429.8125,886.1966552734375,2487.992431640625,921.3133544921875
1399.png,1,0.23575812578201294,2804.53564453125,1361.529052734375,2870.558837890625,1396.0128173828125
1399.png,1,0.21538393199443817,2535.7860107421875,2068.2548828125,2563.4764404296875,2112.717529296875
1399.png,1,0.21291492879390717,2701.4421997070312,1012.1566162109375,2758.1360473632812,1047.5498657226562
1399.png,1,0.20648504793643951,3251.2827758789062,2789.01123046875,3293.4785766601562,2841.13427734375
1399.png,1,0.1933501809835434,2124.04541015625,765.9327392578125,2168.627197265625,812.45556640625
1399.png,1,0.18395517766475677,1789.9757080078125,922.0035400390625,1825.9528198242188,963.0660400390625
1399.png,1,0.16904501616954803,1734.4927673339844,840.4747314453125,1783.9507751464844,871.9466552734375
1399.png,1,0.15605288743972778,1827.1099853515625,1261.2047119140625,1862.43994140625,1306.013427734375
1399.png,3,0.14393103122711182,1844.4605102539062,1508.0667724609375,1872.6569213867188,1547.9119873046875
1399.png,1,0.11946509778499603,3224.8357543945312,1246.9162902832031,3272.2459106445312,1270.7506408691406
1399.png,1,0.10957106202840805,2955.7845458984375,2262.3424072265625,2996.7066650390625,2312.75341796875
1399.png,1,0.1069287359714508,2772.3526611328125,2551.4603271484375,2806.3641357421875,2591.92822265625
1399.png,1,0.10690965503454208,2270.0,1686.8519897460938,2287.0858459472656,1722.8870849609375
1399.png,1,0.10044857859611511,3044.7745361328125,2895.046875,3089.4466552734375,2947.85791015625
1399.png,3,0.09647062420845032,1889.3574829101562,1558.0989990234375,1916.1716918945312,1594.6956787109375
1399.png,0,0.08128073066473007,3015.3741455078125,2869.9614868164062,3039.4447021484375,2896.3272094726562
1399.png,0,0.07920743525028229,2534.2334594726562,2068.4320526123047,2564.3088989257812,2112.580741882324
1399.png,3,0.07133452594280243,1856.0669860839844,1505.1566772460938,1888.0301818847656,1544.3784790039062
1399.png,1,0.06881533563137054,2460.967559814453,1328.863525390625,2510.8613891601562,1359.2607421875
1399.png,0,0.06343761086463928,1860.791748046875,1508.296875,1885.992919921875,1542.4637451171875
1399.png,0,0.05903471261262894,2805.6944580078125,1360.8109130859375,2844.850341796875,1396.988037109375
1399.png,1,0.05756067484617233,0.0,2864.940185546875,19.49875831604004,2914.933349609375
1399.png,1,0.05607593432068825,2416.3253173828125,1323.802978515625,2463.6773681640625,1354.217041015625
1399.png,1,0.05262316018342972,1855.7838439941406,1503.1917724609375,1887.5391540527344,1544.0665283203125
1399.png,0,0.05171746760606766,2936.9964599609375,1418.713134765625,2966.025146484375,1438.002685546875
1399.png,1,0.05132964625954628,2462.5804443359375,1315.5218505859375,2517.4627685546875,1346.6124267578125
1399.png,3,0.04957935959100723,2772.5510864257812,1423.23681640625,2793.6642456054688,1457.984375
1399.png,1,0.04621339961886406,2402.3154296875,1350.0686645507812,2500.3818359375,1396.8298950195312
1399.png,0,0.046174634248018265,710.1761474609375,2166.0241088867188,728.1591796875,2185.5108642578125
1399.png,0,0.040162235498428345,1893.06494140625,1545.2061157226562,1930.0618896484375,1591.9736938476562
1399.png,0,0.04006475955247879,2774.0564575195312,2551.0968627929688,2798.1182250976562,2580.9572143554688
1399.png,0,0.03767593204975128,1918.78369140625,1604.6128540039062,1953.2890625,1644.8031616210938
1399.png,3,0.037330932915210724,1866.6832885742188,1552.727783203125,1909.3692016601562,1573.166259765625
1399.png,2,0.03711472451686859,2605.3251953125,1727.3971710205078,2646.177978515625,1749.4781341552734
1399.png,1,0.03612297400832176,2270.0,1722.7964782714844,2294.0564861297607,1766.5403137207031
1399.png,0,0.03597569838166237,727.2400512695312,2198.9991455078125,748.0436401367188,2221.4056396484375
1399.png,0,0.035276688635349274,1882.3313903808594,1571.152587890625,1904.7190856933594,1598.939208984375
1399.png,2,0.03520504757761955,1919.1002197265625,1603.5546264648438,1955.685546875,1647.7453002929688
1399.png,0,0.03515605255961418,2544.75244140625,941.6705322265625,2559.4119873046875,953.0931396484375
1399.png,0,0.034748952835798264,2372.678939819336,1868.0158996582031,2399.4185333251953,1898.3524475097656
1399.png,0,0.03432418406009674,337.245849609375,1970.5382080078125,356.568115234375,1985.8272705078125
1399.png,0,0.03248545154929161,2513.9193725585938,1319.6656494140625,2536.0740356445312,1334.7591552734375
1399.png,0,0.03245603293180466,1832.6729736328125,1506.950439453125,1863.1626586914062,1550.281005859375
1399.png,0,0.03199370577931404,2231.1141357421875,828.24365234375,2258.5721435546875,851.387939453125
1399.png,0,0.03177947178483009,1734.8203430175781,840.4677581787109,1784.3069152832031,871.1078948974609
1399.png,1,0.0316653773188591,2802.6583251953125,2712.2174072265625,2840.7691650390625,2761.3448486328125
1399.png,1,0.03165997937321663,2819.4019775390625,1902.8417053222656,2865.6397705078125,1940.0197448730469
1399.png,2,0.031172534450888634,2186.3311767578125,2009.3032836914062,2221.4876708984375,2052.9009399414062
1399.png,1,0.030635235831141472,3017.0916137695312,2849.5645751953125,3046.5866088867188,2895.331787109375
1399.png,2,0.030134517699480057,1809.3533935546875,1438.6070556640625,1851.01171875,1490.4444580078125
1399.png,3,0.030008109286427498,1896.1773071289062,1545.2311401367188,1923.2612915039062,1580.9929809570312
1399.png,0,0.029537908732891083,342.735595703125,1976.7834167480469,364.9893798828125,1992.2336730957031
1399.png,0,0.02887827344238758,2833.1329345703125,2033.1431884765625,2851.5296630859375,2054.150146484375
1399.png,0,0.028810657560825348,3058.6644287109375,3037.2374267578125,3083.0543212890625,3057.8404541015625
1399.png,1,0.02868397906422615,2427.5052185058594,1299.70458984375,2472.736572265625,1329.929443359375
1399.png,0,0.028524918481707573,2510.1226806640625,913.9213256835938,2522.6068115234375,927.6216430664062
1399.png,0,0.028422072529792786,2698.602569580078,2489.9546508789062,2732.980194091797,2538.4620971679688
1399.png,0,0.02815544232726097,2749.4119262695312,1333.6995239257812,2783.9097290039062,1356.2553100585938
1399.png,0,0.02786712348461151,3085.4779052734375,1652.6167602539062,3108.8192138671875,1670.8525390625
1399.png,0,0.027525367215275764,2488.11865234375,1160.9517517089844,2505.357666015625,1175.6246032714844
1399.png,2,0.027387002483010292,1788.3500366210938,1452.0232543945312,1827.3615112304688,1499.0480346679688
1399.png,1,0.02735733427107334,2220.2774658203125,1846.1367492675781,2258.3585205078125,1891.3529968261719
1399.png,0,0.027050772681832314,1665.6610717773438,982.00390625,1678.8587036132812,997.314453125
1399.png,0,0.02702450565993786,3222.1610107421875,1244.0750122070312,3272.3978271484375,1270.8226318359375
1399.png,1,0.02690940722823143,2324.210289001465,1881.054443359375,2354.1807022094727,1921.8157958984375
1399.png,3,0.02678503841161728,1867.1871032714844,1565.8681640625,1905.3196105957031,1600.720458984375
1399.png,1,0.026541881263256073,2274.606128692627,1767.856689453125,2304.734218597412,1792.0
1399.png,1,0.026528602465987206,2181.5189208984375,1767.196044921875,2209.8179931640625,1791.8642578125
1399.png,2,0.02590804547071457,1863.3504638671875,1499.18359375,1897.6888427734375,1542.03125
1399.png,1,0.02572660520672798,1989.4453125,1098.7528381347656,2040.2528076171875,1126.7255554199219
1399.png,1,0.02568834088742733,2317.7047119140625,890.23291015625,2363.6351318359375,921.234619140625
1399.png,0,0.025156591087579727,484.468017578125,2150.539825439453,511.509521484375,2169.8626098632812
1399.png,3,0.024928927421569824,1790.1539001464844,1462.2921142578125,1827.3284606933594,1497.8682861328125
1399.png,1,0.02475479245185852,2619.666717529297,1511.3688354492188,2654.6831970214844,1550.5090942382812
1399.png,1,0.02461923658847809,1864.3181762695312,1561.6235961914062,1899.2151489257812,1601.8486938476562
1399.png,0,0.023908574134111404,2019.32275390625,933.729248046875,2042.43603515625,949.658935546875
1399.png,0,0.022481100633740425,1927.2327575683594,1165.6327514648438,1941.8668518066406,1181.5527954101562
1399.png,0,0.022128256037831306,2760.3899841308594,1920.2784423828125,2775.2394104003906,1939.0526123046875
1399.png,0,0.021763481199741364,1798.407958984375,1464.8134765625,1826.3719482421875,1499.029296875
1399.png,0,0.021127983927726746,167.96722412109375,2650.2918701171875,186.46734619140625,2671.3983154296875
1399.png,0,0.0210019052028656,2804.6082763671875,2712.6061401367188,2838.4747314453125,2756.2940063476562
1399.png,2,0.020407522097229958,3221.9244384765625,1246.90576171875,3273.4130859375,1269.8938598632812
1399.png,0,0.02032989263534546,2707.9452514648438,1454.4986572265625,2730.7443237304688,1475.5328369140625
1399.png,0,0.020219651982188225,2467.3106689453125,1168.8657531738281,2504.9935302734375,1189.0834655761719
1399.png,3,0.020178109407424927,0.04499053955078125,2869.7680053710938,19.407455444335938,2915.5972290039062
1399.png,1,0.019909635186195374,382.41455078125,1597.879898071289,422.255615234375,1644.7047729492188
1399.png,0,0.019838077947497368,3148.8192138671875,2514.2797241210938,3163.6943359375,2533.6719360351562
1399.png,1,0.019756363704800606,2849.734130859375,2503.56396484375,2897.3187255859375,2552.0012817382812
1399.png,0,0.019534261897206306,1778.9117431640625,721.878662109375,1792.0,737.413818359375
1399.png,0,0.019208872690796852,2843.4515380859375,2521.2001342773438,2873.0482177734375,2550.9509887695312
1399.png,3,0.019142847508192062,1809.36572265625,1438.3129272460938,1844.717041015625,1486.0851440429688
1399.png,0,0.018992645666003227,2750.5792846679688,1905.8913269042969,2765.2947387695312,1923.8585510253906
1399.png,0,0.018710283562541008,2772.5936279296875,1422.0948486328125,2795.58349609375,1459.5472412109375
1399.png,0,0.01870836690068245,1897.015625,1614.1907958984375,1923.5889892578125,1648.0301513671875
1399.png,1,0.01862385869026184,2340.584228515625,1507.48486328125,2380.32861328125,1534.5390625
1399.png,0,0.018456105142831802,3196.2617797851562,2119.891311645508,3218.6339721679688,2145.454086303711
1399.png,0,0.018276456743478775,2182.980712890625,1767.14013671875,2209.549560546875,1792.0
1399.png,0,0.018266834318637848,2252.6983642578125,803.778076171875,2265.4144287109375,822.296875
1399.png,0,0.018174856901168823,2379.179702758789,1919.7401733398438,2399.380416870117,1945.5757446289062
1399.png,0,0.01799193024635315,3044.4500732421875,2893.8485107421875,3075.9979248046875,2932.1822509765625
1399.png,0,0.01784679852426052,2368.5789794921875,1930.2811889648438,2387.6177978515625,1955.3194580078125
1399.png,0,0.01773405633866787,3053.37646484375,2876.7910766601562,3070.657470703125,2894.9658813476562
1399.png,0,0.017663443461060524,2270.0,1683.024169921875,2288.6270332336426,1723.2679443359375
1399.png,0,0.017634853720664978,2918.5643920898438,2252.7876892089844,2934.3915405273438,2271.268768310547
1399.png,1,0.017602575942873955,342.99542236328125,1881.5098266601562,404.20623779296875,1912.5469360351562
1399.png,0,0.01758810132741928,3236.6300048828125,2748.510009765625,3252.8018798828125,2766.1416015625
1399.png,0,0.01737458072602749,0.0,2868.0463256835938,19.05109405517578,2914.6857299804688
1399.png,0,0.017067093402147293,2909.7742919921875,1408.2623291015625,2947.8724365234375,1439.9207763671875
1399.png,2,0.016810093075037003,2736.0718994140625,987.5639953613281,2778.6781005859375,1002.5938110351562
1399.png,1,0.016725126653909683,2746.827880859375,1333.6775512695312,2783.1519165039062,1359.4006958007812
1399.png,0,0.016621189191937447,424.7835693359375,2400.4864501953125,441.34210205078125,2414.0894775390625
1399.png,0,0.01614375226199627,2881.7701416015625,1983.8440551757812,2898.4273681640625,1999.0494995117188
1399.png,0,0.01605864055454731,2511.2294921875,933.543212890625,2530.6943359375,949.11181640625
1399.png,1,0.016042592003941536,1891.8336791992188,1544.8587646484375,1931.3914184570312,1590.6531982421875
1399.png,0,0.01588372513651848,2416.768310546875,1323.8429565429688,2464.49560546875,1346.2346801757812
1399.png,0,0.015804871916770935,2825.735595703125,2288.7583618164062,2839.8193359375,2301.4264526367188
1399.png,1,0.01578635349869728,1945.0638427734375,1197.0503234863281,1971.1298828125,1236.6186828613281
1399.png,0,0.01546318270266056,2736.114532470703,987.5919799804688,2777.7831115722656,1002.3028259277344
1399.png,0,0.01516318041831255,41.225013732910156,1668.7072143554688,63.25061798095703,1690.208740234375
1399.png,0,0.015073682181537151,2544.080078125,1131.3365173339844,2559.97900390625,1162.2303161621094
1399.png,1,0.014898005872964859,0.3263721466064453,1883.9249267578125,23.664215087890625,1934.7569580078125
1399.png,0,0.014305353164672852,3176.5853271484375,1396.4286499023438,3186.1944580078125,1410.4331665039062
1399.png,2,0.014302066527307034,1827.1129150390625,1506.7689208984375,1862.785400390625,1551.0335693359375
1399.png,3,0.014148063026368618,2732.7106323242188,2313.302978515625,2765.5792846679688,2334.38525390625
1399.png,3,0.014129573479294777,2516.1824951171875,1171.7235107421875,2537.2747802734375,1188.816650390625
1399.png,1,0.013998769223690033,2331.2557373046875,1489.9498291015625,2368.2586669921875,1518.1116943359375
1399.png,0,0.013996082358062267,2728.7540893554688,1335.309814453125,2739.0275268554688,1352.009765625
1399.png,0,0.013959542848169804,2246.01171875,1734.922607421875,2275.1201171875,1770.1018676757812
1399.png,0,0.01395085547119379,2556.0719604492188,2359.7822265625,2580.7025146484375,2372.437255859375
1399.png,3,0.013932068832218647,2294.545434951782,1326.6420288085938,2326.726921081543,1352.3900756835938
1399.png,0,0.013701418414711952,1768.9928588867188,935.9189453125,1787.5111083984375,955.7607421875
1399.png,0,0.013649688102304935,557.10498046875,2380.893035888672,583.56005859375,2421.6314392089844
1399.png,2,0.013531848788261414,3154.8382568359375,1639.5712432861328,3190.4730224609375,1682.5215148925781
1399.png,1,0.013412805274128914,2270.272232055664,1220.8386840820312,2314.3573150634766,1255.0526733398438
1399.png,0,0.013353395275771618,2543.005615234375,1471.4952392578125,2560.0,1491.1292724609375
1399.png,1,0.013261876069009304,1697.5359497070312,993.8011474609375,1726.2756958007812,1024.0
1399.png,0,0.013038910925388336,2471.755615234375,1617.5882568359375,2493.11865234375,1645.116943359375
1399.png,1,0.01296777930110693,2483.678466796875,963.2802734375,2530.865478515625,991.0435791015625
1399.png,0,0.01293573435395956,2606.7095642089844,1727.2213134765625,2645.3336486816406,1748.9319458007812
1399.png,1,0.012889118865132332,2966.9649658203125,1460.2600708007812,3029.4683837890625,1495.3101196289062
1399.png,3,0.012756286188960075,3085.8458251953125,1667.5599365234375,3113.7467041015625,1691.5853271484375
1399.png,3,0.01270330511033535,3030.6881713867188,2903.28271484375,3055.7090454101562,2931.7119140625
1399.png,0,0.012582093477249146,3035.1849365234375,2913.4749755859375,3054.6522216796875,2931.6529541015625
1399.png,0,0.012547419406473637,2155.161376953125,855.1710968017578,2173.98876953125,878.2599639892578
1399.png,0,0.012470277026295662,1876.2899475097656,912.3104248046875,1899.6235656738281,929.6976318359375
1399.png,1,0.012397327460348606,2246.1513671875,1734.8706359863281,2274.6873779296875,1771.0301818847656
1399.png,0,0.01237442810088396,27.36976432800293,1697.9988098144531,42.57745361328125,1712.7874755859375
1399.png,0,0.012231298722326756,2957.1580200195312,2263.1040649414062,2996.0897827148438,2301.8214721679688
1399.png,1,0.012205678038299084,2406.9600830078125,1338.8604736328125,2479.835906982422,1363.3367919921875
1399.png,0,0.011871627531945705,3089.7637329101562,2232.4966430664062,3105.0707397460938,2245.5064086914062
1399.png,0,0.011818905360996723,3120.3446044921875,1969.9010009765625,3139.0833740234375,1984.965576171875
1399.png,3,0.011746138334274292,1878.5910034179688,1510.4528198242188,1897.1458740234375,1539.5026245117188
1399.png,0,0.011685098521411419,2790.44921875,2692.478759765625,2808.4072265625,2709.2093505859375
1399.png,0,0.01164964959025383,1839.9518432617188,1221.9793701171875,1861.8154907226562,1246.28662109375
1399.png,2,0.011484760791063309,2337.8702239990234,2318.6422424316406,2398.3977813720703,2381.783172607422
1399.png,1,0.011434868909418583,2345.3443603515625,1086.8651428222656,2383.5462646484375,1145.1620178222656
1399.png,0,0.011419995687901974,2620.1641235351562,2050.504638671875,2631.1558227539062,2068.4354248046875
1399.png,0,0.01141350157558918,2776.77978515625,2570.2991943359375,2804.5394287109375,2590.85498046875
1399.png,0,0.0112907774746418,2.764162063598633,1926.2822875976562,16.16739273071289,1942.0109252929688
1399.png,0,0.011147960089147091,2375.9102478027344,1492.167724609375,2392.292236328125,1511.878662109375
1399.png,0,0.011109585873782635,111.36775207519531,3043.1063842773438,131.11883544921875,3058.1272583007812
1399.png,0,0.011068307794630527,3107.2741088867188,2004.2616271972656,3123.6264038085938,2017.4170227050781
1399.png,0,0.010950111784040928,2430.6024322509766,1298.9527587890625,2467.5264739990234,1320.6263427734375
1399.png,1,0.010946827940642834,2539.8881225585938,1894.4803466796875,2582.7920532226562,1919.5533447265625
1399.png,0,0.010809089057147503,3135.2010498046875,1689.0194091796875,3166.995849609375,1726.3770751953125
1399.png,0,0.010775703936815262,1814.2057495117188,1016.0729675292969,1831.759765625,1029.6719665527344
1399.png,0,0.010719859041273594,3017.3184814453125,2849.153076171875,3046.814208984375,2884.51220703125
1399.png,0,0.010684167966246605,3043.5580444335938,2217.5493774414062,3059.1470336914062,2231.15380859375
1399.png,0,0.01055777445435524,3027.5670166015625,2235.7847595214844,3061.8302001953125,2264.6939392089844
1399.png,0,0.010534671135246754,2187.8673095703125,1990.2918395996094,2206.5025634765625,2008.9505920410156
1399.png,0,0.01052508782595396,2500.0941162109375,2231.63232421875,2525.5244140625,2258.27001953125
1399.png,3,0.010428883135318756,3022.6685180664062,2229.9927978515625,3062.4108276367188,2265.959716796875
1399.png,0,0.01021809782832861,2669.087890625,2012.6429748535156,2689.06982421875,2036.7579040527344
1399.png,0,0.010044707916676998,197.83657836914062,2958.8001708984375,207.55111694335938,2969.2767333984375
1399.png,0,0.010020995512604713,3260.9013671875,2169.509521484375,3276.216064453125,2184.8871459960938
1399.png,2,0.00999608263373375,2579.2316284179688,1027.7789001464844,2615.1032104492188,1061.4307556152344
1399.png,0,0.009992066770792007,0.0,1737.4776611328125,17.584888458251953,1769.4567260742188
1399.png,0,0.00993166770786047,23.41169548034668,1879.5616149902344,43.62261962890625,1910.7309875488281
1399.png,0,0.009930419735610485,2820.7535400390625,2105.1766357421875,2835.7615966796875,2122.7027587890625
1399.png,0,0.00990124698728323,2551.0828857421875,1030.228515625,2596.30029296875,1065.9169921875
1399.png,2,0.0098369549959898,2446.8336181640625,2237.1709899902344,2520.156494140625,2274.4148864746094
1399.png,1,0.009814329445362091,1687.134765625,848.6895141601562,1710.982421875,864.8916625976562
1399.png,0,0.009812485426664352,1814.9427490234375,1452.934326171875,1851.9402465820312,1491.834228515625
1399.png,0,0.009792041964828968,3278.9491577148438,2223.5438842773438,3293.0671997070312,2240.6201171875
1399.png,0,0.009692342951893806,2424.2583770751953,887.750244140625,2489.435012817383,919.022705078125
1399.png,1,0.00966187659651041,1861.8229370117188,894.23681640625,1899.5758666992188,918.127197265625
1399.png,0,0.009641657583415508,1861.7702941894531,895.4400482177734,1897.7499084472656,917.9018096923828
1399.png,0,0.00961184874176979,2608.0680541992188,1770.5756530761719,2624.6707153320312,1785.1861877441406
1399.png,0,0.009536873549222946,2791.4173583984375,1967.7978515625,2806.2203369140625,1985.6075439453125
1399.png,0,0.00946653913706541,1766.8818359375,725.13232421875,1782.575927734375,742.630126953125
1399.png,1,0.009442233480513096,2465.94775390625,1934.4346313476562,2507.87451171875,1961.5419311523438
1399.png,0,0.00927002727985382,1519.8553466796875,3030.5431518554688,1560.739990234375,3058.9397583007812
1399.png,0,0.009246133267879486,2860.6076049804688,1384.55078125,2909.2391967773438,1412.531005859375
1399.png,1,0.009184308350086212,2541.3706970214844,919.59716796875,2580.0526428222656,946.696044921875
1399.png,1,0.009127417579293251,1515.4146118164062,3028.016845703125,1571.6200561523438,3058.37353515625
1399.png,0,0.009125620126724243,2515.6524658203125,1170.5294189453125,2537.0819091796875,1189.735107421875
1399.png,1,0.009073776192963123,2339.9088439941406,2315.068603515625,2400.159454345703,2384.8375244140625
1399.png,1,0.009059698320925236,557.3414306640625,2379.3121337890625,583.2845458984375,2420.62548828125
1399.png,1,0.009010225534439087,1720.9138793945312,982.892578125,1748.7152709960938,1014.439208984375
1399.png,0,0.008976329118013382,2774.2843322753906,1945.9224853515625,2796.4512939453125,1971.294189453125
1399.png,0,0.008943481370806694,2394.3703002929688,1913.248291015625,2411.3164672851562,1925.3607177734375
1399.png,0,0.00892174057662487,295.680419921875,1699.12255859375,332.77606201171875,1720.10205078125
1399.png,0,0.008871333673596382,2465.9782104492188,1933.9214477539062,2509.0239868164062,1961.9607543945312
1399.png,0,0.008738470263779163,97.81491088867188,1559.10302734375,128.61802673339844,1598.9412841796875
1399.png,0,0.008726125583052635,363.68756103515625,2291.4334106445312,377.27984619140625,2304.6407470703125
1399.png,0,0.008709663525223732,2841.4521484375,1927.7998046875,2864.99658203125,1940.240478515625
1399.png,2,0.008632303215563297,2955.2320556640625,2261.6417236328125,3000.2890625,2315.9305419921875
1399.png,2,0.008615690283477306,3058.2445678710938,2329.1200561523438,3115.6758422851562,2362.591796875
1399.png,0,0.008585947565734386,1789.0847778320312,921.0086059570312,1816.2761840820312,958.743896484375
1399.png,2,0.008543155156075954,1514.83056640625,3028.4793701171875,1572.10986328125,3059.0
1399.png,1,0.008387374691665173,0.07092857360839844,1738.6707763671875,17.03314971923828,1768.267822265625
1399.png,0,0.008308506570756435,3157.17431640625,1461.6680297851562,3177.296142578125,1480.8899536132812
1399.png,0,0.008284390904009342,2606.6763916015625,1658.1216125488281,2624.4688720703125,1667.799072265625
1399.png,0,0.008215192705392838,2348.0079040527344,1824.7322998046875,2365.611083984375,1844.5457153320312
1399.png,0,0.008208590559661388,3280.8170166015625,2828.1055908203125,3294.0,2842.3096923828125
1399.png,0,0.008207212202250957,1995.457763671875,1105.1047668457031,2033.0487060546875,1125.5844421386719
1399.png,1,0.008123594336211681,2466.3944702148438,1169.1497192382812,2506.6011352539062,1194.95166015625
1399.png,1,0.00810154341161251,1901.1872863769531,1125.7782287597656,1931.6390686035156,1168.0346374511719
1399.png,1,0.008052188903093338,1787.6422729492188,1446.8099365234375,1827.0279541015625,1497.3116455078125
1399.png,0,0.008043958805501461,2771.8024291992188,1524.1949462890625,2787.6556396484375,1536.0
1399.png,0,0.00801824126392603,2406.2933349609375,1347.3995971679688,2450.9815673828125,1368.6470336914062
1399.png,1,0.00797378458082676,2412.7308349609375,1938.9447631835938,2450.1495361328125,1986.2734985351562
1399.png,3,0.007930186577141285,2518.0086669921875,1187.1705932617188,2541.7142333984375,1207.6134643554688
1399.png,1,0.007854224182665348,2701.1506958007812,2465.3685913085938,2746.3642578125,2513.0575561523438
1399.png,1,0.007818333804607391,1779.5922241210938,1185.9719848632812,1817.1220092773438,1233.3876342773438
1399.png,0,0.007790956646203995,2530.55810546875,1959.0924682617188,2542.741455078125,1974.701416015625
1399.png,0,0.00775271188467741,2619.5702514648438,1510.1767578125,2654.5653076171875,1552.265869140625
1399.png,0,0.007690551225095987,2639.6159057617188,1571.3541069030762,2655.8330688476562,1584.9894828796387
1399.png,0,0.0075423456728458405,2158.9208984375,800.3818969726562,2172.38525390625,814.7631225585938
1399.png,0,0.007520988583564758,2621.9609375,1992.1119384765625,2643.4248046875,2003.6502685546875
1399.png,0,0.007498303893953562,3093.7245483398438,1679.0415802001953,3113.7045288085938,1699.2147369384766
1399.png,0,0.007422095630317926,1808.7818908691406,1023.8441925048828,1831.1783752441406,1046.8551635742188
1399.png,0,0.007400050293654203,177.6632080078125,2538.18310546875,196.2098388671875,2548.99658203125
1399.png,0,0.007370397914201021,2736.239227294922,2313.3502502441406,2764.432586669922,2329.6114196777344
1399.png,3,0.007321811746805906,2614.3377075195312,2768.5327758789062,2646.6972045898438,2800.9531860351562
1399.png,0,0.00723381107673049,227.9846649169922,2579.2557983398438,240.4291229248047,2597.5237426757812
1399.png,0,0.007231788244098425,1781.7264709472656,1186.0459594726562,1800.8305053710938,1215.5028686523438
1399.png,1,0.0071966564282774925,1634.7965087890625,1008.3251953125,1661.8096923828125,1023.056884765625
1399.png,2,0.00716573279350996,3044.8607177734375,2893.2008056640625,3096.267822265625,2952.6959228515625
1399.png,1,0.007137370761483908,2292.07275390625,997.837890625,2311.125244140625,1023.83154296875
1399.png,0,0.0071360222063958645,258.5493469238281,1679.2286987304688,282.4792175292969,1699.8875122070312
1399.png,1,0.007120279595255852,1740.901123046875,966.4520263671875,1769.603515625,1007.2935791015625
1399.png,0,0.007115602493286133,2275.630874633789,1767.593017578125,2303.0037117004395,1792.0
1399.png,1,0.007101509720087051,2541.6190185546875,910.0335693359375,2585.5240478515625,932.566162109375
1399.png,0,0.007071133237332106,2619.099609375,2414.6712646484375,2633.458740234375,2441.61572265625
1399.png,0,0.007055756635963917,2846.7745361328125,2504.611297607422,2882.6583251953125,2540.907257080078
1399.png,1,0.007037663366645575,265.37359619140625,2122.2735443115234,301.14654541015625,2144.158706665039
1399.png,1,0.00700937258079648,2270.8359756469727,852.3394165039062,2293.6097831726074,892.8612670898438
1399.png,0,0.007007199339568615,2543.1568603515625,912.3167724609375,2560.0,937.7965087890625
1399.png,0,0.006997994147241116,357.4923400878906,2498.9775390625,375.3938293457031,2518.916748046875
1399.png,0,0.0069467187859117985,2332.2637939453125,1489.334716796875,2368.0137939453125,1513.472900390625
1399.png,0,0.0068590957671403885,40.604270935058594,2017.183349609375,60.54003143310547,2044.7900390625
1399.png,0,0.006843933369964361,20.451778411865234,2061.179790496826,32.42451477050781,2075.791851043701
1399.png,2,0.006841198541224003,2125.87744140625,768.6498527526855,2175.318115234375,813.9190711975098
1399.png,0,0.006789352744817734,3238.6456298828125,2111.421112060547,3257.2784423828125,2127.9449462890625
1399.png,0,0.0067682089284062386,3257.5921630859375,2236.577606201172,3274.62255859375,2249.293975830078
1399.png,0,0.006740052718669176,1742.0845947265625,818.1090698242188,1756.0531005859375,833.2420043945312
1399.png,1,0.006700174417346716,1998.2964477539062,1115.1260375976562,2043.0401611328125,1138.1253051757812
1399.png,1,0.006687191314995289,3094.8267822265625,1768.1684875488281,3130.5692138671875,1814.827880859375
1399.png,0,0.006639423780143261,2144.1760864257812,1400.6085205078125,2165.4479370117188,1422.051513671875
1399.png,0,0.00662976922467351,353.4305725097656,1969.6065673828125,370.1966247558594,1982.5289916992188
1399.png,0,0.006613835692405701,1852.8786926269531,1220.6282958984375,1873.4521179199219,1244.7117309570312
1399.png,1,0.006585726980119944,1762.7567138671875,799.9566650390625,1791.647216796875,820.8270263671875
1399.png,0,0.006553592160344124,186.00137329101562,2526.0859985351562,207.783935546875,2539.3651123046875
1399.png,0,0.006526990793645382,3099.099365234375,2611.0411376953125,3124.06884765625,2641.5076904296875
1399.png,0,0.00650305300951004,2539.3556518554688,1902.3527221679688,2559.7070922851562,1921.3475952148438
1399.png,2,0.006495540030300617,1584.7695922851562,1260.3892822265625,1641.1661987304688,1290.528076171875
1399.png,0,0.006483967881649733,3282.2269287109375,1244.3458251953125,3294.0,1265.24169921875
1399.png,1,0.0064802211709320545,1920.0827026367188,1602.977294921875,1969.3294067382812,1661.689453125
1399.png,3,0.0064726704731583595,2913.286865234375,1409.478271484375,2938.75830078125,1437.79736328125
1399.png,0,0.006433587055653334,2118.0107421875,958.5377807617188,2149.477783203125,977.2415771484375
1399.png,0,0.006428233813494444,2098.4082641601562,731.5484008789062,2114.4437866210938,743.9330444335938
1399.png,0,0.006353507749736309,1945.6093444824219,1197.0374755859375,1965.2741394042969,1223.5377197265625
1399.png,0,0.0063371616415679455,2600.0025939941406,2515.99853515625,2620.158172607422,2534.495361328125
1399.png,0,0.006336465012282133,1694.5743408203125,994.9962158203125,1713.8182373046875,1023.896728515625
1399.png,2,0.006323583424091339,1764.0960693359375,800.8587646484375,1792.0,821.5452880859375
1399.png,0,0.006297166924923658,2550.907958984375,1119.9407348632812,2560.0,1144.55859375
1399.png,1,0.006263467483222485,3118.5699462890625,1751.748779296875,3153.0789794921875,1792.0
1399.png,3,0.00615683663636446,3045.9713134765625,2893.174560546875,3068.7435302734375,2917.467529296875
1399.png,2,0.006126235239207745,2551.4210205078125,1030.0336303710938,2600.0933837890625,1067.0796508789062
1399.png,0,0.006106371060013771,232.98561096191406,2573.4068603515625,247.5905303955078,2591.0445556640625
1399.png,0,0.006098151672631502,3221.79052734375,1297.8323974609375,3232.0283203125,1312.310546875
1399.png,0,0.006035904865711927,2582.6417236328125,1043.73974609375,2612.06396484375,1064.0072021484375
1399.png,0,0.006016220431774855,2468.9895935058594,2024.0692138671875,2484.147247314453,2038.4759521484375
1399.png,0,0.005955877713859081,3268.0472412109375,2259.7977905273438,3281.5477294921875,2273.8934936523438
1399.png,0,0.005925867706537247,2276.4686164855957,1347.216064453125,2302.9900093078613,1367.7578125
1399.png,0,0.005883065052330494,3062.819580078125,1559.5737915039062,3079.95166015625,1573.0493392944336
1399.png,3,0.005859174765646458,1517.023193359375,3027.3558349609375,1535.41650390625,3043.3641357421875
1399.png,1,0.005803219974040985,0.0,1459.2242431640625,15.224246978759766,1505.1895751953125
1399.png,0,0.005765623413026333,30.367517471313477,2692.5142822265625,45.735389709472656,2715.10595703125
1399.png,0,0.005757155828177929,2917.0707397460938,2327.8434448242188,2942.7482299804688,2343.3645629882812
1399.png,0,0.00574647169560194,562.6002197265625,2433.06298828125,579.3125,2450.479736328125
1399.png,0,0.005737896542996168,2110.1737060546875,946.822509765625,2143.2039794921875,967.5467834472656
1399.png,0,0.005735408049076796,389.60516357421875,2277.5453186035156,402.27886962890625,2289.7074279785156
1399.png,0,0.00573156401515007,313.0655822753906,1884.2877807617188,327.4225769042969,1899.9794311523438
1399.png,0,0.005700012668967247,20.649295806884766,2721.196044921875,40.94844055175781,2738.92236328125
1399.png,2,0.005689755082130432,2164.4051513671875,2015.4407348632812,2203.2413330078125,2062.794677734375
1399.png,0,0.005676710978150368,2953.4330444335938,2254.2214965820312,2973.5140991210938,2279.0046997070312
1399.png,2,0.005644549150019884,2745.7444458007812,1331.472412109375,2809.6865234375,1368.572509765625
1399.png,0,0.005599223077297211,2494.0843505859375,1853.5724487304688,2514.1751708984375,1875.3290405273438
1399.png,0,0.005581566132605076,3270.7117919921875,1656.164306640625,3291.0897216796875,1670.0997924804688
1399.png,1,0.005507729947566986,92.22189331054688,1825.5936889648438,135.0732421875,1888.1709594726562
1399.png,0,0.005413622595369816,3004.9390869140625,2232.0118408203125,3025.3597412109375,2249.0384521484375
1399.png,0,0.005382494535297155,2187.7950439453125,2008.8580322265625,2220.3192138671875,2051.0897216796875
1399.png,0,0.005381149239838123,2174.5977783203125,1770.0577087402344,2196.4749755859375,1793.5701599121094
1399.png,2,0.005375606473535299,3092.322265625,1766.82177734375,3129.78662109375,1814.9904174804688
1399.png,0,0.0053369696252048016,215.83291625976562,2554.1090087890625,231.57562255859375,2572.2794189453125
1399.png,0,0.0053149801678955555,1595.5735473632812,1017.790283203125,1611.7597045898438,1023.7547607421875
1399.png,0,0.005226133856922388,1692.73486328125,864.9244384765625,1714.813720703125,877.4962158203125
1399.png,0,0.005209733732044697,36.897666931152344,2035.0606746673584,49.538841247558594,2047.778136253357
1399.png,0,0.005198459140956402,1611.240966796875,973.3162841796875,1628.95068359375,982.2852783203125
1399.png,0,0.005166035145521164,2553.47900390625,2049.8052368164062,2560.0,2090.5033569335938
1399.png,0,0.005160932429134846,2143.8431396484375,1506.8822021484375,2161.7398681640625,1528.5684814453125
1399.png,0,0.0051602646708488464,2682.515625,1596.0830459594727,2694.9940185546875,1612.729148864746
1399.png,0,0.005157547537237406,3036.3521728515625,2094.7940673828125,3048.4462890625,2105.5135498046875
1399.png,0,0.005153409671038389,2855.788330078125,2793.1644287109375,2888.37890625,2832.7005615234375
1399.png,0,0.005137844011187553,339.9150390625,2767.740234375,349.48583984375,2778.4774169921875
1399.png,1,0.0051277317106723785,250.83128356933594,1743.0240478515625,314.507568359375,1777.5396728515625
1399.png,0,0.005106740165501833,404.3856201171875,2259.340347290039,419.651123046875,2278.1836700439453
1399.png,0,0.005079923663288355,2707.182586669922,1567.286808013916,2722.174835205078,1581.391788482666
1399.png,0,0.005051835905760527,2436.6592712402344,1433.005615234375,2453.4506225585938,1447.662109375
1399.png,0,0.00504684541374445,1812.7194213867188,1240.6115112304688,1832.49169921875,1256.5409545898438
1399.png,2,0.00501385610550642,2846.5769653320312,2789.4118041992188,2888.7539672851562,2831.8677368164062
1399.png,0,0.005007627420127392,3167.792236328125,1802.6424560546875,3185.487060546875,1816.1768798828125
1399.png,0,0.00497184693813324,295.2353515625,2091.6825408935547,311.99176025390625,2103.3941497802734
1399.png,3,0.004964293912053108,2916.49462890625,1030.0360107421875,2937.8046875,1046.951904296875
1399.png,0,0.004960277117788792,3078.69482421875,2307.154296875,3096.660888671875,2322.7901000976562
1399.png,3,0.004938882775604725,3221.685791015625,1246.0078125,3258.703857421875,1269.7095947265625
1399.png,0,0.0049142115749418736,3222.8124389648438,3039.92041015625,3241.1222534179688,3055.7227783203125
1447.png,1,0.52522212266922,723.8955078125,503.893310546875,771.040771484375,532.29833984375
1447.png,1,0.5074252486228943,624.09423828125,1105.6510009765625,641.900390625,1153.7554931640625
1447.png,1,0.41282394528388977,637.6285400390625,1104.18017578125,653.8988037109375,1153.10595703125
1447.png,1,0.2952112555503845,690.25830078125,517.5091552734375,737.150634765625,540.1522216796875
1447.png,1,0.27627408504486084,547.9298095703125,1555.3673095703125,565.9996337890625,1592.0262451171875
1447.png,1,0.2684556841850281,676.428466796875,1040.1103515625,729.71240234375,1059.9569091796875
1447.png,1,0.25284841656684875,539.4602661132812,1551.3348388671875,556.6056518554688,1587.1929931640625
1447.png,1,0.2295401245355606,744.2882690429688,1194.5528869628906,766.4596557617188,1242.9126281738281
1447.png,1,0.19611121714115143,560.4461669921875,1309.9669189453125,574.8333740234375,1352.0006103515625
1447.png,1,0.17826659977436066,763.338134765625,1050.8481140136719,778.501953125,1096.5946350097656
1447.png,1,0.16383439302444458,639.3627319335938,1051.247314453125,670.8806762695312,1085.2767333984375
1447.png,1,0.13146455585956573,517.233154296875,1341.9334716796875,535.30419921875,1384.2789306640625
1447.png,1,0.12060418725013733,882.4952392578125,355.804443359375,906.1221923828125,403.3531494140625
1447.png,1,0.10893528908491135,607.3446655273438,1145.9974975585938,620.3357543945312,1176.6405639648438
1447.png,1,0.10602911561727524,891.3088989257812,585.6395263671875,908.0363159179688,621.32421875
1447.png,1,0.10370620340108871,830.6668701171875,423.1112976074219,859.8406982421875,438.8209533691406
1447.png,1,0.10049598664045334,705.504638671875,1356.350341796875,727.044921875,1405.121337890625
1447.png,1,0.09205871820449829,648.3621826171875,916.6386108398438,667.2877197265625,955.1181335449219
1447.png,1,0.09150717407464981,523.413330078125,1493.385009765625,563.86328125,1510.36376953125
1447.png,0,0.0831424742937088,189.3863525390625,2417.0033569335938,217.4283447265625,2426.3158569335938
1447.png,0,0.08186233788728714,970.1080322265625,568.043212890625,980.2335205078125,590.58447265625
1447.png,0,0.0782209262251854,147.5608673095703,112.61262512207031,165.0839385986328,145.33680725097656
1447.png,1,0.07169728726148605,626.187744140625,748.15625,660.012939453125,762.71337890625
1447.png,1,0.07004740834236145,616.3533325195312,755.5816650390625,658.1956176757812,768.7154541015625
1447.png,1,0.069997139275074,957.4503173828125,293.91888427734375,975.6529541015625,329.6314697265625
1447.png,0,0.06609597057104111,831.547908782959,425.955078125,859.3116149902344,436.9775390625
1447.png,3,0.06415669620037079,713.96630859375,727.189697265625,728.207763671875,740.7945556640625
1447.png,1,0.06313139945268631,732.9071044921875,1206.1519165039062,749.2183837890625,1241.4097290039062
1447.png,0,0.06238255277276039,984.332763671875,572.53564453125,993.7080078125,594.982177734375
1447.png,1,0.06227746233344078,596.4212036132812,1270.5843505859375,608.8257446289062,1311.5267333984375
1447.png,0,0.060524020344018936,886.403076171875,810.4071731567383,897.58837890625,832.3404998779297
1447.png,1,0.06008624657988548,171.44534301757812,28.25698471069336,187.57406616210938,62.72968673706055
1447.png,0,0.0600644089281559,472.8516845703125,1324.756103515625,485.7769775390625,1344.5369873046875
1447.png,1,0.0575600303709507,579.78857421875,1310.8167724609375,595.3232421875,1353.1688232421875
1447.png,0,0.05741545185446739,576.1475830078125,1036.67529296875,591.1810302734375,1054.5758056640625
1447.png,1,0.05639168620109558,570.75146484375,1310.352294921875,582.76513671875,1348.8685302734375
1447.png,0,0.056010425090789795,859.0020751953125,428.55108642578125,881.6083984375,438.67657470703125
1447.png,3,0.05594596639275551,965.9539184570312,591.4747314453125,979.7456665039062,602.26416015625
1447.png,0,0.054607126861810684,961.2901611328125,565.9119873046875,972.5303955078125,589.5091552734375
1447.png,0,0.054460130631923676,958.3994750976562,206.705810546875,972.7490844726562,228.77545166015625
1447.png,0,0.053800035268068314,991.7071533203125,574.814453125,1003.3837890625,595.085205078125
1447.png,0,0.053548526018857956,727.73486328125,659.57275390625,746.7008056640625,701.57421875
1447.png,1,0.05347617343068123,869.0149536132812,353.00054931640625,895.6190795898438,403.14642333984375
1447.png,1,0.053260039538145065,829.9200439453125,436.18157958984375,856.8037109375,447.20654296875
1447.png,3,0.051150478422641754,959.494140625,577.6502075195312,973.6961669921875,598.5700073242188
1447.png,0,0.05049598962068558,1001.3979797363281,577.6277465820312,1012.7809143066406,597.3345336914062
1447.png,0,0.04952095076441765,979.908935546875,125.58765411376953,995.0618896484375,153.64801025390625
1447.png,0,0.04926495626568794,976.7726440429688,569.201171875,987.5286254882812,593.621337890625
1447.png,1,0.04914761334657669,147.23916625976562,114.50830078125,165.60610961914062,145.22665405273438
1447.png,1,0.048088375478982925,624.6611328125,741.8543701171875,660.4462890625,752.2330322265625
1447.png,1,0.04759699106216431,857.2696533203125,591.560302734375,868.5284423828125,630.9921875
1447.png,3,0.0465928390622139,973.7748413085938,591.6048583984375,985.7548217773438,602.748291015625
1447.png,0,0.044920455664396286,467.391357421875,1296.5220947265625,480.8082275390625,1313.267578125
1447.png,0,0.044764984399080276,940.8568115234375,285.01300048828125,954.150146484375,305.89068603515625
1447.png,0,0.044613320380449295,434.5545654296875,1226.1539306640625,453.56494140625,1256.1647338867188
1447.png,1,0.04293438419699669,971.1484375,568.701904296875,980.28662109375,588.5496826171875
1447.png,1,0.04260050132870674,822.078857421875,447.80316162109375,852.1943359375,461.367431640625
1447.png,3,0.042538173496723175,816.7297973632812,469.46258544921875,841.0071411132812,483.17852783203125
1447.png,0,0.042441561818122864,896.9683837890625,812.3821563720703,905.7847900390625,831.0154037475586
1447.png,3,0.04198833182454109,711.638916015625,734.7869873046875,727.10009765625,748.1585693359375
1447.png,0,0.04141326993703842,545.3181762695312,1751.102783203125,575.9099731445312,1766.27197265625
1447.png,3,0.04108870029449463,857.0994262695312,416.76861572265625,879.8707885742188,427.6934814453125
1447.png,0,0.04038853198289871,903.5040283203125,814.6423721313477,912.5902099609375,838.1385345458984
1447.png,2,0.03983946889638901,590.8561401367188,1540.0801391601562,629.1388549804688,1555.7815551757812
1447.png,3,0.0391533300280571,904.2752685546875,827.2841873168945,915.6798095703125,843.2123031616211
1447.png,3,0.038643550127744675,713.8758544921875,747.6258544921875,733.16455078125,777.5133056640625
1447.png,1,0.03848870471119881,202.4122314453125,1561.5045166015625,242.0904541015625,1590.0565185546875
1447.png,3,0.03837662935256958,864.7479248046875,410.51751708984375,880.9403076171875,419.17669677734375
1447.png,0,0.03828524798154831,911.5487060546875,815.0446090698242,921.2376708984375,838.265869140625
1447.png,0,0.03783182427287102,949.3973999023438,248.4835662841797,964.1410522460938,271.35284423828125
1447.png,3,0.037382546812295914,813.7211303710938,480.1173095703125,837.0752563476562,491.118408203125
1447.png,0,0.036783553659915924,575.7037353515625,906.8520202636719,583.897705078125,924.3103942871094
1447.png,0,0.03667579963803291,742.666259765625,629.4903564453125,761.062744140625,655.122802734375
1447.png,0,0.03633151203393936,959.754150390625,250.65716552734375,975.9111328125,290.866455078125
1447.png,0,0.03610286861658096,980.2220458984375,599.4063720703125,996.8900146484375,614.5638427734375
1447.png,1,0.035837139934301376,983.5565185546875,570.9486694335938,992.7935791015625,591.9086303710938
1447.png,0,0.03466801717877388,919.4181518554688,818.3585968017578,929.7760620117188,833.1500396728516
1447.png,1,0.034302838146686554,428.88543701171875,1133.036865234375,444.78204345703125,1170.26904296875
1447.png,0,0.034176744520664215,478.14727783203125,1327.2413330078125,490.31591796875,1345.9595947265625
1447.png,3,0.03393011540174484,883.209716796875,446.07977294921875,894.165283203125,464.12457275390625
1447.png,0,0.03382787108421326,899.874755859375,839.8951568603516,907.92431640625,858.501953125
1447.png,1,0.033174801617860794,959.7796020507812,565.321533203125,976.4982299804688,594.9951171875
1447.png,3,0.03313461318612099,529.7996826171875,1076.2051696777344,548.1939697265625,1107.5088195800781
1447.png,1,0.03306744992733002,959.5607299804688,249.90423583984375,975.7736206054688,291.7515869140625
1447.png,1,0.03226336091756821,433.8573303222656,1225.6772766113281,454.5966491699219,1256.4216003417969
1447.png,0,0.03185651823878288,821.9155426025391,447.86590576171875,852.1190490722656,461.27081298828125
1447.png,0,0.03184068202972412,902.2650146484375,865.2254409790039,914.2857666015625,878.065544128418
1447.png,3,0.03174939379096031,807.483154296875,473.863037109375,817.711181640625,486.45684814453125
1447.png,3,0.03128722310066223,727.3397827148438,717.0355224609375,739.8787231445312,739.3988037109375
1447.png,0,0.0312260203063488,882.4241333007812,835.9138488769531,892.6286010742188,848.7037048339844
1447.png,1,0.030789019539952278,592.8753051757812,746.31787109375,624.4265747070312,761.662353515625
1447.png,0,0.030082466080784798,969.6102294921875,169.655029296875,981.898193359375,191.7938232421875
1447.png,0,0.029580270871520042,988.8443603515625,80.46375274658203,1004.0570068359375,116.85919952392578
1447.png,0,0.02957651950418949,318.9268798828125,2501.997314453125,335.3790283203125,2518.578369140625
1447.png,3,0.028945976868271828,899.9054565429688,399.1299743652344,914.1621704101562,415.7654724121094
1447.png,3,0.02894057333469391,819.4973754882812,451.9008483886719,852.3447875976562,464.3846130371094
1447.png,3,0.02880428172647953,585.06982421875,902.0018310546875,601.2142333984375,926.4910888671875
1447.png,3,0.02774149179458618,819.0230712890625,464.31524658203125,847.9176025390625,474.8486328125
1447.png,0,0.027292244136333466,896.732666015625,864.5697174072266,908.397216796875,877.1242065429688
1447.png,0,0.027129294350743294,492.62396240234375,1329.9158935546875,503.69427490234375,1348.6619873046875
1447.png,0,0.02682308852672577,934.0313110351562,842.8505401611328,942.7700805664062,859.9644317626953
1447.png,1,0.026594500988721848,1011.5720520019531,51.204647064208984,1026.7080383300781,85.67324829101562
1447.png,3,0.026510654017329216,894.6141357421875,838.8339996337891,906.7833251953125,857.8606719970703
1447.png,1,0.02650108002126217,992.02734375,571.236572265625,1001.974365234375,591.6932373046875
1447.png,0,0.026325488463044167,134.81414794921875,183.00648498535156,148.2410888671875,211.45558166503906
1447.png,0,0.02608352154493332,543.1659545898438,1552.657802581787,564.7551879882812,1590.119342803955
1447.png,0,0.026026612147688866,867.669921875,574.8146362304688,884.55615234375,592.4485473632812
1447.png,0,0.02558743581175804,938.685302734375,846.2896118164062,950.60302734375,863.5798034667969
1447.png,3,0.024913296103477478,887.154052734375,408.06817626953125,901.35546875,421.24261474609375
1447.png,3,0.024772826582193375,382.99114990234375,1450.93896484375,410.6082763671875,1464.290771484375
1447.png,1,0.024656958878040314,286.15802001953125,67.55513000488281,309.74688720703125,113.36737060546875
1447.png,3,0.024645080789923668,882.3854370117188,437.2499694824219,894.6030883789062,450.8628845214844
1447.png,0,0.024512173607945442,887.1138305664062,862.4112243652344,903.4131469726562,876.2939453125
1447.png,2,0.024340663105249405,867.5535888671875,573.7081298828125,884.5511474609375,592.5694580078125
1447.png,3,0.02432745136320591,452.8056640625,1304.93798828125,467.0869140625,1318.7060546875
1447.png,3,0.024007780477404594,864.4486083984375,446.19091796875,879.5960693359375,458.085693359375
1447.png,1,0.024004662409424782,583.0089111328125,1570.6854248046875,627.3480224609375,1580.6412353515625
1447.png,0,0.023654324933886528,917.133544921875,841.6227416992188,923.7510986328125,858.8900756835938
1447.png,0,0.02355441078543663,931.8837890625,867.0016708374023,946.50732421875,878.3820419311523
1447.png,2,0.02334463596343994,856.038330078125,590.55712890625,869.149658203125,631.2437744140625
1447.png,3,0.023321056738495827,902.00341796875,839.5450897216797,914.4893798828125,857.9978179931641
1447.png,0,0.023303359746932983,910.0096435546875,216.51358032226562,936.4761962890625,229.41574096679688
1447.png,0,0.023122034966945648,57.307430267333984,1945.3989868164062,73.64175415039062,1970.8341674804688
1447.png,0,0.0230900589376688,734.2791137695312,1206.5753479003906,748.5200805664062,1234.1187438964844
1447.png,0,0.023089565336704254,479.3160095214844,1209.3973693847656,487.8542785644531,1221.6105041503906
1447.png,3,0.02302132174372673,910.1522979736328,828.345947265625,920.4792633056641,843.658935546875
1447.png,1,0.022856738418340683,0.3385047912597656,166.72711181640625,14.124951362609863,203.58551025390625
1447.png,1,0.02282099239528179,941.4283447265625,564.6965942382812,956.2344970703125,596.7246704101562
1447.png,1,0.022524649277329445,587.3133544921875,1538.27392578125,635.4481201171875,1550.25537109375
1447.png,3,0.022521981969475746,387.6769714355469,1442.1959228515625,409.3422546386719,1453.3492431640625
1447.png,1,0.02234017290174961,492.6121826171875,962.9276428222656,506.154296875,1001.6138000488281
1447.png,1,0.022186825051903725,952.6961669921875,551.7035522460938,971.3277587890625,569.1815795898438
1447.png,0,0.02215076982975006,72.90965270996094,493.28985595703125,101.28244018554688,508.82891845703125
1447.png,3,0.02181604690849781,982.0614013671875,40.26632308959961,993.2027587890625,50.484317779541016
1447.png,1,0.02179684489965439,660.773681640625,918.7408752441406,677.6904296875,956.7838134765625
1447.png,3,0.021773522719740868,881.9339599609375,426.69110107421875,895.6104736328125,437.55865478515625
1447.png,2,0.021675314754247665,890.8087158203125,166.3291473388672,921.7535400390625,188.66261291503906
1447.png,0,0.021667063236236572,869.062744140625,954.62353515625,883.6904296875,963.2593994140625
1447.png,3,0.02162950672209263,885.75439453125,415.6727294921875,897.038818359375,430.38897705078125
1447.png,0,0.021512962877750397,483.40460205078125,1610.53076171875,496.25982666015625,1643.760498046875
1447.png,0,0.02144618332386017,641.5062255859375,164.20108032226562,650.2825927734375,181.46954345703125
1447.png,2,0.02131674811244011,405.3660888671875,1321.881103515625,448.6751708984375,1342.9512939453125
1447.png,3,0.021133238449692726,638.6693725585938,673.74658203125,655.2318725585938,702.82080078125
1447.png,0,0.021118368953466415,486.9951477050781,1328.8261108398438,497.0934753417969,1348.5532836914062
1447.png,1,0.02100449427962303,1007.427978515625,573.10693359375,1019.292236328125,596.832763671875
1447.png,3,0.021002797409892082,818.00537109375,458.5115966796875,849.946044921875,468.8048095703125
1447.png,0,0.020927658304572105,926.631103515625,819.2029724121094,933.41064453125,834.4046249389648
1447.png,3,0.02085970714688301,880.5804443359375,841.9577789306641,893.2537841796875,858.2665557861328
1447.png,0,0.020807618275284767,955.608642578125,16.756324768066406,975.5120849609375,31.934005737304688
1447.png,1,0.020766600966453552,296.2632141113281,1461.378662109375,309.8899841308594,1488.8779296875
1447.png,0,0.020281799137592316,859.1275634765625,435.0726013183594,879.5606689453125,446.7583923339844
1447.png,3,0.0202003326267004,718.1624755859375,541.17333984375,735.8609619140625,560.5322265625
1447.png,0,0.020058099180459976,259.53619384765625,1843.3796157836914,273.1746826171875,1860.420524597168
1447.png,0,0.019855061545968056,190.30880737304688,58.88202667236328,202.96060180664062,79.7681655883789
1447.png,3,0.019537759944796562,585.0869140625,1556.754150390625,616.5303955078125,1567.9591064453125
1447.png,3,0.019477974623441696,863.9710693359375,398.271728515625,878.5758056640625,411.94976806640625
1447.png,0,0.01937813125550747,604.1934814453125,1622.27197265625,616.1490478515625,1638.0250244140625
1447.png,0,0.019192546606063843,930.0068359375,815.3325958251953,937.799072265625,831.5899047851562
1447.png,0,0.01917874626815319,904.5231323242188,842.1372375488281,914.6344604492188,860.0997619628906
1447.png,2,0.019165119156241417,600.0040893554688,1514.8640747070312,637.5156860351562,1529.1609497070312
1447.png,1,0.01911463774740696,483.256591796875,1609.9063720703125,497.9239501953125,1645.0606689453125
1447.png,3,0.019065270200371742,544.1439208984375,1083.2825317382812,557.6905517578125,1099.2761840820312
1447.png,1,0.01905897445976734,710.5323486328125,539.8033447265625,732.1920166015625,595.00439453125
1447.png,0,0.018807047978043556,950.302490234375,71.29972839355469,970.873779296875,85.83827209472656
1447.png,0,0.018763111904263496,961.9864807128906,193.28314208984375,977.4425964355469,207.16741943359375
1447.png,3,0.018544724211096764,888.2747802734375,838.9986801147461,899.9251708984375,857.6542282104492
1447.png,3,0.018516002222895622,896.9688720703125,828.7821197509766,908.257080078125,844.7787170410156
1447.png,0,0.018493440002202988,920.8387451171875,843.4646759033203,929.6893310546875,860.3280792236328
1447.png,0,0.018216656520962715,818.0479736328125,462.6065673828125,848.724853515625,478.393310546875
1447.png,3,0.018103228881955147,920.1349487304688,860.5498046875,930.4431762695312,876.94921875
1447.png,0,0.017978446558117867,1933.0,410.22247314453125,1940.438648223877,421.52679443359375
1447.png,0,0.01789488084614277,715.4174194335938,768.9542179107666,729.0631713867188,777.4029159545898
1447.png,3,0.01785684935748577,910.7112731933594,840.4990844726562,922.0733337402344,859.2048950195312
1447.png,2,0.017794594168663025,597.5298461914062,1524.4686889648438,637.3438110351562,1535.7330932617188
1447.png,3,0.017653681337833405,980.3056640625,572.4677734375,995.4237060546875,605.184814453125
1447.png,3,0.017634134739637375,921.1831359863281,837.7593383789062,932.1785583496094,858.3966674804688
1447.png,0,0.017557896673679352,584.6910400390625,901.7085571289062,600.3809814453125,926.9468383789062
1447.png,3,0.01744810864329338,873.1925659179688,399.32293701171875,885.0213012695312,411.2913818359375
1447.png,0,0.017389697954058647,528.4764404296875,784.9639892578125,541.71484375,807.8995361328125
1447.png,2,0.01711869426071644,791.5606689453125,572.9222412109375,836.3848876953125,598.5435791015625
1447.png,1,0.016764074563980103,901.8333129882812,622.1392211914062,914.4793090820312,647.3507690429688
1447.png,3,0.01648363657295704,944.1309814453125,565.047607421875,958.2518310546875,595.021728515625
1447.png,3,0.01627945341169834,866.333984375,574.5931396484375,885.48291015625,592.7144775390625
1447.png,0,0.016062777489423752,605.669189453125,2324.9400634765625,613.35693359375,2338.534912109375
1447.png,0,0.016059739515185356,542.2938232421875,1367.9173583984375,554.463134765625,1387.606689453125
1447.png,0,0.015961017459630966,724.5159912109375,502.9368896484375,762.7496337890625,531.621337890625
1447.png,2,0.015958013013005257,706.2357177734375,542.241943359375,729.3074951171875,598.423583984375
1447.png,1,0.01590990088880062,661.515380859375,1103.0690307617188,676.6796875,1132.0945434570312
1447.png,1,0.015897676348686218,585.171630859375,1551.1641845703125,633.354736328125,1562.0509033203125
1447.png,0,0.015742473304271698,926.2553100585938,837.2014770507812,939.1554565429688,857.5386657714844
1447.png,0,0.01568468101322651,917.3914794921875,367.03851318359375,930.5933837890625,386.0380859375
1447.png,3,0.015438969247043133,582.5367431640625,1573.89208984375,613.0767822265625,1586.566650390625
1447.png,0,0.015371814370155334,1152.7958984375,264.25164794921875,1162.942626953125,277.82257080078125
1447.png,3,0.015149541199207306,583.860107421875,1567.2515869140625,613.47802734375,1579.7818603515625
1447.png,0,0.015142926946282387,2176.0176696777344,655.3758544921875,2185.2648010253906,670.3558349609375
1447.png,0,0.015129157342016697,976.4494781494141,791.3251953125,991.1948089599609,808.56103515625
1447.png,0,0.015072103589773178,1119.3508911132812,660.4075927734375,1127.6926879882812,672.9937744140625
1447.png,0,0.015061751008033752,915.5096435546875,313.22784423828125,944.964599609375,332.59539794921875
1447.png,3,0.015054297633469105,980.798828125,127.81272888183594,995.152587890625,150.80995178222656
1447.png,0,0.015052232891321182,568.156005859375,853.879638671875,592.3563232421875,871.46826171875
1447.png,0,0.014864047057926655,532.9603271484375,905.7919921875,544.0670166015625,920.374267578125
1447.png,0,0.014809195883572102,1006.1390991210938,574.2010498046875,1017.2061767578125,595.1341552734375
1447.png,0,0.014780663885176182,818.1366157531738,458.5025634765625,849.9253692626953,468.7900390625
1447.png,0,0.014494463801383972,542.453857421875,723.012451171875,551.28662109375,739.3685302734375
1447.png,3,0.014374051243066788,883.8863525390625,834.4840850830078,895.5679931640625,848.9965362548828
1447.png,0,0.014208813197910786,980.0609130859375,714.4597778320312,990.0648193359375,729.7888793945312
1447.png,1,0.0138334846124053,594.5032958984375,1516.4598388671875,640.1409912109375,1532.061767578125
1447.png,0,0.013761722482740879,2743.5352783203125,855.5817108154297,2753.5584716796875,870.0553436279297
1447.png,1,0.013761328533291817,698.5225830078125,539.868896484375,716.7010498046875,578.97265625
1447.png,3,0.013693791814148426,449.4165344238281,1317.2614135742188,463.9505310058594,1332.2001342773438
1447.png,3,0.013692503795027733,962.776611328125,19.021957397460938,977.39990234375,31.733783721923828
1447.png,0,0.013687855564057827,440.6893310546875,1288.728759765625,462.903076171875,1300.0869140625
1447.png,0,0.013634705916047096,910.508544921875,860.9729461669922,919.473876953125,878.7456665039062
1447.png,0,0.013610396534204483,72.32875061035156,2460.1036376953125,84.29673767089844,2478.5281982421875
1447.png,0,0.013601021841168404,471.63665771484375,1082.241455078125,488.01739501953125,1093.167724609375
1447.png,0,0.013502536341547966,728.6038208007812,713.6192016601562,739.9238891601562,727.9578247070312
1447.png,0,0.013473300263285637,67.20740509033203,2450.1614990234375,83.4751968383789,2458.2200927734375
1447.png,3,0.013471443206071854,974.1573486328125,151.5279541015625,988.5799560546875,164.4017333984375
1447.png,0,0.013462208211421967,1012.8009338378906,51.894168853759766,1025.4095153808594,83.17050170898438
1447.png,3,0.013452824205160141,596.4237060546875,1527.766357421875,630.0230712890625,1539.488525390625
1447.png,0,0.013304738327860832,566.6295166015625,1488.909423828125,581.2950439453125,1510.139892578125
1447.png,0,0.013191650621592999,662.2987060546875,849.914794921875,678.6427001953125,880.5181884765625
1447.png,0,0.013167557306587696,479.23455810546875,1702.3297729492188,488.72589111328125,1720.3504028320312
1447.png,1,0.013098925352096558,915.3218994140625,313.7589111328125,945.5728759765625,334.86431884765625
1447.png,0,0.013088992796838284,171.62179565429688,27.002944946289062,187.86148071289062,59.39991760253906
1447.png,3,0.012991121970117092,625.5733642578125,1143.1813049316406,636.6693115234375,1157.3221130371094
1447.png,3,0.012983481399714947,637.615966796875,1107.4809265136719,654.593017578125,1154.3096008300781
1447.png,1,0.01294591836631298,576.166259765625,1581.6471557617188,627.068359375,1595.3706665039062
1447.png,3,0.01290543656796217,541.6158447265625,1092.2158203125,556.8778076171875,1107.6609497070312
1447.png,3,0.012899751774966717,728.9362182617188,672.263671875,745.1190795898438,705.7470703125
1447.png,0,0.01288896705955267,936.7720947265625,820.5107574462891,946.6993408203125,834.5972290039062
1447.png,0,0.012884976342320442,927.7392578125,335.3553466796875,940.642333984375,352.23419189453125
1447.png,1,0.012857560999691486,987.0713500976562,80.65657043457031,1003.4901733398438,116.34837341308594
1447.png,3,0.012808178551495075,949.1657104492188,571.804931640625,964.0986938476562,599.8046875
1447.png,3,0.012791025452315807,706.070068359375,748.0093994140625,720.668212890625,767.16162109375
1447.png,3,0.012705457396805286,865.1546630859375,454.1337890625,878.1558837890625,469.8941650390625
1447.png,0,0.012694570235908031,624.4572143554688,1421.016357421875,630.4990844726562,1435.351318359375
1447.png,1,0.012662756256759167,126.29766845703125,2719.717041015625,138.21347045898438,2754.6634521484375
1447.png,0,0.012603621929883957,412.33441162109375,2722.433349609375,429.03692626953125,2739.484130859375
1447.png,3,0.012507820501923561,390.8871154785156,1436.0391845703125,408.6625671386719,1449.7076416015625
1447.png,0,0.01245901919901371,497.78955078125,2420.4013671875,513.0184326171875,2434.468994140625
1447.png,0,0.01238870806992054,536.7695922851562,754.4345703125,546.5463256835938,768.1617431640625
1447.png,2,0.012372429482638836,2.159160614013672,426.216064453125,26.181114196777344,455.3314208984375
1447.png,3,0.0123677346855402,592.3223876953125,1535.5618896484375,625.8731689453125,1546.447021484375
1447.png,1,0.012355909682810307,827.0408935546875,443.84710693359375,853.5765380859375,454.61322021484375
1447.png,0,0.012308424338698387,877.2091064453125,862.1896667480469,892.4168701171875,873.2434539794922
1447.png,1,0.0122747253626585,676.6682739257812,897.49658203125,696.4274291992188,943.053955078125
1447.png,0,0.01224556565284729,892.0772705078125,166.15162658691406,902.7994384765625,178.2600860595703
1447.png,0,0.012214228510856628,920.7020874023438,863.6887283325195,930.8207397460938,879.9733657836914
1447.png,1,0.012163791805505753,857.9403686523438,267.65606689453125,881.7702026367188,315.96038818359375
1447.png,1,0.012138350866734982,596.7550659179688,737.7470092773438,619.1248168945312,752.6179809570312
1447.png,1,0.012026745826005936,649.3592529296875,1107.3421020507812,670.339599609375,1149.4782104492188
1447.png,0,0.012001797556877136,900.0875854492188,397.4320983886719,914.6665649414062,415.6853332519531
1447.png,1,0.01197487860918045,909.8494873046875,580.7791748046875,923.5902099609375,604.9820556640625
1447.png,0,0.011950351297855377,2508.110595703125,792.4248046875,2520.177001953125,807.29296875
1447.png,2,0.011921810917556286,579.2802734375,1580.798828125,623.05908203125,1592.391357421875
1447.png,0,0.0119169307872653,682.8700561523438,896.2326049804688,695.8870239257812,925.8823852539062
1447.png,0,0.011829781346023083,296.4930114746094,1462.115478515625,308.6769104003906,1490.434326171875
1447.png,0,0.011808056384325027,48.20307540893555,111.02790832519531,60.633304595947266,129.50340270996094
1447.png,0,0.011723742820322514,885.9493408203125,837.5192565917969,896.8248291015625,860.0088806152344
1447.png,0,0.011661894619464874,662.60693359375,915.5062255859375,678.390869140625,951.4222412109375
1447.png,0,0.01161665003746748,906.928955078125,101.98504638671875,918.4755859375,123.94284057617188
1447.png,0,0.011614406481385231,499.04022216796875,1303.6241455078125,515.7968139648438,1316.8968505859375
1447.png,3,0.011589253321290016,919.0865478515625,845.63232421875,928.183837890625,864.15966796875
1447.png,0,0.01155927125364542,468.44122314453125,1092.2728881835938,486.2879638671875,1102.8609619140625
1447.png,0,0.011544984765350819,243.63656616210938,166.07351684570312,257.1401672363281,175.69845581054688
1447.png,1,0.011429168283939362,946.17138671875,560.888671875,962.530029296875,589.575927734375
1447.png,3,0.011422586627304554,424.42431640625,1445.8269653320312,432.790283203125,1455.6442260742188
1447.png,1,0.011416196823120117,577.0224609375,1090.6461486816406,595.8121337890625,1128.1316223144531
1447.png,1,0.01141294650733471,842.5302734375,337.6749572753906,869.684326171875,385.0654602050781
1447.png,0,0.011352254077792168,1027.9398803710938,476.4050598144531,1043.2227172851562,492.4593200683594
1447.png,0,0.011292289942502975,450.75048828125,1351.8704833984375,463.64501953125,1367.3709716796875
1447.png,3,0.011283434927463531,745.3538208007812,1193.4515380859375,761.7133178710938,1243.165771484375
1447.png,1,0.011216005310416222,638.057373046875,922.872314453125,652.2509765625,952.2304992675781
1447.png,1,0.011079567484557629,518.784912109375,1507.7005615234375,562.12548828125,1522.4281005859375
1447.png,0,0.01100611500442028,879.087890625,424.5677490234375,895.8512573242188,435.298828125
1447.png,0,0.010951315052807331,623.3958129882812,1726.7969970703125,631.1997680664062,1739.7589111328125
1447.png,3,0.010911057703197002,920.1450042724609,830.719482421875,931.3789825439453,844.419921875
1447.png,3,0.010892459191381931,662.847900390625,850.33203125,679.5478515625,879.3970947265625
1447.png,3,0.01085884589701891,465.20440673828125,1219.8565063476562,480.52252197265625,1230.937255859375
1447.png,3,0.01074420940130949,669.65234375,495.32611083984375,701.2431640625,514.7609252929688
1447.png,0,0.01066666655242443,607.5731201171875,1433.2372436523438,615.4493408203125,1457.3980102539062
1447.png,0,0.010652079246938229,984.081787109375,362.638916015625,1001.684326171875,383.144775390625
1447.png,0,0.010645050555467606,1332.602783203125,1003.7353820800781,1344.63916015625,1017.5610046386719
1447.png,0,0.010633129626512527,488.9450378417969,1534.687255859375,510.3634948730469,1548.28662109375
1447.png,0,0.01060032844543457,1000.161865234375,598.5930786132812,1010.8392333984375,620.3494262695312
1447.png,0,0.010547184385359287,619.811767578125,1418.5267333984375,626.5238037109375,1434.3778076171875
1447.png,2,0.010451100766658783,578.56982421875,1588.3701171875,624.14404296875,1598.810546875
1447.png,3,0.010423118248581886,956.1136474609375,233.88165283203125,980.2496337890625,254.77651977539062
1447.png,0,0.010422139428555965,827.3408317565918,443.76739501953125,853.4322357177734,454.60015869140625
1447.png,0,0.010399261489510536,463.7825927734375,1230.7333984375,481.64111328125,1245.281494140625
1447.png,3,0.010388784110546112,883.6640625,846.9693603515625,898.809326171875,861.8679504394531
1447.png,0,0.010369081050157547,527.5963134765625,1771.0208740234375,549.5987548828125,1781.9954833984375
1447.png,0,0.010359588079154491,658.1157836914062,909.8306579589844,675.7384643554688,925.1329040527344
1447.png,3,0.01034550927579403,600.5877685546875,1638.037109375,612.4322509765625,1651.402587890625
1447.png,0,0.01033372525125742,992.4423065185547,464.40380859375,1003.1129913330078,478.8094482421875
1447.png,1,0.010308421216905117,854.590576171875,345.9884033203125,885.82568359375,392.1102294921875
1447.png,2,0.010264634154736996,914.501708984375,313.22125244140625,945.920166015625,333.81939697265625
1447.png,3,0.0102438535541296,930.451416015625,864.7802734375,942.5245666503906,878.0810546875
1447.png,0,0.01024255808442831,486.063232421875,1723.4210205078125,495.9698486328125,1744.2655029296875
1447.png,3,0.010142276994884014,970.14892578125,19.34654998779297,983.7081298828125,32.207984924316406
1447.png,0,0.010094831697642803,566.722412109375,1955.40380859375,583.18896484375,1990.660400390625
1447.png,0,0.010064557194709778,946.379150390625,820.8503875732422,955.0771484375,834.5789642333984
1447.png,0,0.010003998875617981,712.6512451171875,1355.995361328125,725.0972900390625,1379.3427734375
1447.png,3,0.00999430287629366,824.1920166015625,433.015625,846.7822265625,447.44097900390625
1447.png,0,0.00994170643389225,101.95014190673828,304.09307861328125,116.40953826904297,336.90631103515625
1447.png,2,0.009923189878463745,596.825927734375,1567.1858520507812,631.1451416015625,1577.6415405273438
1447.png,1,0.009866519831120968,820.3638916015625,895.8499984741211,837.3697509765625,939.3572692871094
1447.png,0,0.009818936698138714,902.2138671875,623.815185546875,913.138916015625,646.660400390625
1447.png,0,0.009804968722164631,524.989013671875,1561.0579833984375,536.17724609375,1575.9129638671875
1447.png,0,0.00976687204092741,945.7259521484375,269.52386474609375,961.1822509765625,284.51080322265625
1447.png,0,0.009764289483428001,1668.2423095703125,482.3266296386719,1676.8515625,498.1841735839844
1447.png,2,0.009665458463132381,498.81732177734375,1767.1207122802734,546.3124389648438,1779.9386749267578
1447.png,0,0.009655039757490158,603.2379150390625,1433.1213989257812,611.0714111328125,1455.9060668945312
1447.png,0,0.009639195166528225,866.3042602539062,448.6707763671875,882.6141967773438,464.6866455078125
1447.png,3,0.009624171070754528,722.244873046875,704.6092529296875,730.0791015625,733.4954833984375
1447.png,3,0.009590338915586472,424.044189453125,1457.285888671875,431.98193359375,1468.35595703125
1447.png,0,0.009581628255546093,590.3268432617188,1540.02618932724,630.8394165039062,1554.9758434295654
1447.png,0,0.009514497593045235,261.09027099609375,1905.010009765625,274.16937255859375,1919.0493621826172
1447.png,0,0.009508158080279827,881.5747680664062,447.3704528808594,895.3815307617188,466.4048156738281
1447.png,1,0.009466507472097874,1016.5885009765625,576.3195190429688,1023.9073486328125,603.3716430664062
1447.png,1,0.009396472945809364,805.5979614257812,573.4171142578125,837.5607299804688,597.7205810546875
1447.png,0,0.009382168762385845,550.2396240234375,2037.6090850830078,563.0130615234375,2068.3693237304688
1447.png,1,0.00934860110282898,901.6719970703125,579.94189453125,917.3748779296875,618.35400390625
1447.png,0,0.009320885874330997,951.8668212890625,590.544677734375,966.5913696289062,602.8446044921875
1447.png,0,0.009245282039046288,542.8529663085938,871.9423828125,559.1130981445312,899.495849609375
1447.png,0,0.00922927912324667,2089.6941680908203,114.75325012207031,2100.8037872314453,127.80036926269531
1447.png,0,0.009206528775393963,645.1339111328125,1421.8399047851562,650.2130126953125,1434.7631225585938
1447.png,0,0.009194462560117245,1583.0885009765625,1428.588134765625,1593.5430908203125,1440.302001953125
1447.png,0,0.00915336050093174,590.04736328125,1642.2242431640625,604.168701171875,1662.9898681640625
1447.png,0,0.009039838798344135,1569.6124267578125,152.43983459472656,1579.5694580078125,165.33961486816406
1447.png,0,0.009008846245706081,2496.6199951171875,1114.5768737792969,2505.9654541015625,1132.3009948730469
1447.png,0,0.009001662954688072,714.4410400390625,261.408447265625,726.4686279296875,269.3037109375
1447.png,0,0.008973861113190651,2945.5718994140625,284.9855041503906,2954.2030029296875,296.8389587402344
1456.png,0,0.027864594012498856,613.7569580078125,2771.5155029296875,650.4310302734375,2785.9151611328125
1456.png,0,0.019435826689004898,2183.250732421875,977.7244873046875,2197.27490234375,989.0162353515625
1456.png,2,0.01759161241352558,480.80108642578125,2742.9016723632812,516.3092651367188,2760.0599975585938
1456.png,0,0.01703682728111744,734.0111083984375,2622.4783935546875,746.0093994140625,2639.9962158203125
1456.png,0,0.016783256083726883,731.0762939453125,2641.0572509765625,740.382080078125,2660.30615234375
1456.png,0,0.0163239948451519,700.34130859375,2756.3467407226562,711.95166015625,2774.2279663085938
1456.png,0,0.01369868777692318,496.4862365722656,2501.849853515625,510.5191345214844,2516.3248291015625
1456.png,0,0.013054445385932922,720.385498046875,2684.8033447265625,730.96240234375,2700.6275634765625
1456.png,0,0.010900605469942093,723.8809814453125,2661.8447265625,736.4276123046875,2683.813720703125
1456.png,0,0.010739630088210106,2447.7734375,403.5924072265625,2466.78125,413.5308837890625
1456.png,0,0.010539831593632698,716.1510009765625,2703.6444091796875,725.7354736328125,2720.0604248046875
1456.png,0,0.010488833300769329,2658.0184326171875,1272.9093627929688,2670.1790771484375,1281.9141845703125
1456.png,0,0.00927024707198143,710.0181884765625,2720.3157958984375,723.5404052734375,2737.5704345703125
1456.png,0,0.008943679742515087,2745.4786376953125,2803.9091796875,2760.4798583984375,2812.6605224609375
1456.png,0,0.008775926195085049,827.2198486328125,1856.4519500732422,842.2982177734375,1866.8903503417969
1456.png,0,0.007806372828781605,2446.8323364257812,417.95367431640625,2465.7023315429688,429.18988037109375
1456.png,0,0.007181521505117416,1779.89599609375,1299.6546630859375,1791.6298828125,1312.3299560546875
1456.png,0,0.0070924051105976105,2470.5427856445312,16.948753356933594,2477.7859497070312,29.655841827392578
1456.png,0,0.006489960942417383,2015.745246887207,755.1485595703125,2028.6534805297852,765.4927978515625
1456.png,0,0.006453206297010183,2405.453369140625,675.169921875,2420.3250732421875,685.3961181640625
1456.png,0,0.00620430801063776,625.6943969726562,1640.7666625976562,643.9873657226562,1658.511947631836
1456.png,0,0.006202156655490398,1376.4411010742188,1266.248046875,1389.7998657226562,1286.818115234375
1456.png,0,0.005928238853812218,112.10324096679688,1856.8153991699219,125.01481628417969,1869.6700744628906
1456.png,0,0.005804212763905525,706.4235229492188,2739.5111083984375,717.0045776367188,2755.9002685546875
1456.png,0,0.005801748484373093,547.67041015625,2693.3128662109375,557.52294921875,2711.2181396484375
1456.png,0,0.005784797016531229,2762.9808959960938,1448.4866943359375,2771.2682495117188,1460.8037109375
1456.png,0,0.00568428123369813,2737.9896240234375,746.3558349609375,2750.3973388671875,757.7952880859375
1456.png,0,0.005629405379295349,980.4880065917969,224.75579833984375,988.1786193847656,237.73165893554688
1456.png,0,0.005535894073545933,1132.269287109375,2095.9244384765625,1140.400390625,2109.2874755859375
1456.png,0,0.005426997318863869,710.4593505859375,2232.1946411132812,720.596435546875,2243.9068603515625
1456.png,0,0.005422430578619242,3.061100959777832,184.85218811035156,12.047849655151367,198.2532501220703
1456.png,0,0.005129967350512743,2715.7071533203125,1964.8067932128906,2728.6693115234375,1975.8483581542969
1456.png,0,0.005000860430300236,110.58517456054688,2149.7368774414062,119.92990112304688,2161.5751953125
1456.png,0,0.004717928357422352,559.90087890625,2789.13671875,575.0771484375,2804.0849609375
1456.png,0,0.0045851110480725765,2649.4500122070312,1887.285400390625,2661.6261596679688,1896.750244140625
1456.png,0,0.004563383292406797,1536.120047569275,2701.3682861328125,1546.214898109436,2714.1260986328125
1456.png,0,0.0045553697273135185,612.947509765625,2492.66845703125,628.604736328125,2512.9180908203125
1456.png,0,0.004530003294348717,2594.5546875,1348.3511962890625,2605.19580078125,1360.9263916015625
1456.png,0,0.004502799827605486,770.9202651977539,184.00001525878906,780.1062812805176,197.85194396972656
1456.png,0,0.004497956950217485,478.1402282714844,2168.546142578125,487.6770935058594,2181.6702880859375
1456.png,0,0.004399747587740421,1933.8689727783203,2782.9659423828125,1946.2092018127441,2794.6959228515625
1456.png,0,0.004378948826342821,2059.9966430664062,387.53009033203125,2071.4411010742188,401.60601806640625
1456.png,0,0.004022577311843634,1312.3309326171875,247.02597045898438,1328.8558349609375,260.997314453125
1456.png,0,0.003972945269197226,115.86955261230469,1772.0324096679688,124.99018859863281,1785.7642211914062
1456.png,0,0.003922741394490004,1933.449466228485,628.9219970703125,1948.608024597168,642.2821044921875
1456.png,0,0.0038508956786245108,1933.0,2557.8863525390625,1940.8465843200684,2574.4566650390625
1456.png,0,0.003784429281949997,1778.8895263671875,2173.3944702148438,1791.8707275390625,2186.1546020507812
1456.png,0,0.003638359485194087,2502.9710083007812,1781.1553955078125,2523.5381469726562,1791.6602783203125
1456.png,0,0.003592516528442502,652.1258544921875,2771.58740234375,667.2462158203125,2786.1597900390625
1456.png,0,0.0035537532530725002,1008.4161376953125,1981.1294250488281,1020.4661865234375,1990.9495544433594
1456.png,0,0.0035099636297672987,1012.1295166015625,1768.8664855957031,1023.9683837890625,1782.8195495605469
1456.png,0,0.003500365186482668,2354.6561889648438,2663.6317138671875,2370.4805297851562,2675.6683349609375
1456.png,0,0.003478792728856206,612.6818237304688,1776.2045288085938,623.1719360351562,1790.4546508789062
1456.png,0,0.003458563704043627,646.5146484375,2788.2037353515625,666.980224609375,2808.027587890625
1456.png,0,0.0034552619326859713,2019.6707153320312,768.2587890625,2033.7886962890625,780.06591796875
1456.png,0,0.0034070019610226154,1094.9652709960938,2804.5035400390625,1113.3898315429688,2812.7423095703125
1456.png,0,0.0034069616813212633,2502.2606201171875,2553.5171508789062,2530.7572021484375,2559.7282104492188
1456.png,0,0.0033763234969228506,1957.4927978515625,777.4862060546875,1969.3096923828125,789.4669189453125
1456.png,0,0.0033737525809556246,2301.0797729492188,528.5153198242188,2314.7560424804688,541.4630737304688
1456.png,0,0.0033551715314388275,547.118896484375,1884.1605758666992,559.7099609375,1898.4372787475586
1456.png,0,0.0033038428518921137,854.3240966796875,1016.299560546875,874.9588928222656,1023.880615234375
1456.png,0,0.003293638350442052,2305.6215209960938,980.5440673828125,2313.9999389648438,988.0472412109375
1456.png,0,0.003201431827619672,154.99661254882812,384.70831298828125,170.56124877929688,398.03961181640625
1456.png,0,0.0031941146589815617,1392.0482788085938,1265.1610717773438,1401.0919799804688,1273.4188842773438
1456.png,0,0.0031888780649751425,0.09622573852539062,2291.9679565429688,8.775882720947266,2309.9885864257812
1456.png,0,0.003128034994006157,562.9986572265625,978.898681640625,575.3641357421875,990.8794555664062
1456.png,0,0.003121137386187911,1738.212646484375,1090.0302734375,1751.010498046875,1101.510009765625
1456.png,0,0.0030968794599175453,1980.6865234375,739.0098876953125,1990.4024658203125,750.6046142578125
1456.png,0,0.003092048456892371,1782.43212890625,2320.87353515625,1792.0,2333.228271484375
1456.png,0,0.0030828434973955154,2690.191650390625,1278.3688354492188,2703.686279296875,1286.5463256835938
1456.png,0,0.0030685472302138805,1933.0,2666.6671142578125,1940.477957725525,2678.8372802734375
1456.png,0,0.0030617048032581806,1145.4175415039062,2724.2017822265625,1153.3775024414062,2739.58251953125
1456.png,0,0.0030196027364581823,1876.9458618164062,635.4512939453125,1888.9689331054688,644.8348388671875
1456.png,0,0.003016428789123893,482.3341064453125,2743.877685546875,516.9771728515625,2759.7685546875
1456.png,0,0.002998802112415433,979.9515991210938,2211.1968994140625,991.8106079101562,2221.278076171875
1456.png,0,0.002986738458275795,2395.8624267578125,2064.4771728515625,2405.7440185546875,2075.584228515625
1456.png,0,0.002972010290250182,1149.3115234375,2040.2906494140625,1156.849853515625,2053.314697265625
1456.png,0,0.0029697983991354704,2740.9407348632812,2473.4497680664062,2755.2872924804688,2488.2638549804688
1456.png,0,0.002949335379526019,1782.2479248046875,1182.66748046875,1792.0,1193.6929931640625
1456.png,0,0.002944721607491374,946.4906616210938,2565.4166259765625,959.8955688476562,2578.8775634765625
1456.png,0,0.00288357213139534,768.496711730957,1970.3368530273438,776.5960006713867,1984.4880981445312
1456.png,0,0.0028361333534121513,443.3873291015625,1832.2924575805664,457.851318359375,1844.6809310913086
1456.png,0,0.0028142568189650774,668.036865234375,2136.7887573242188,682.05322265625,2148.2871704101562
1456.png,0,0.002805054886266589,1012.9881591796875,1800.3307189941406,1024.0,1809.2836608886719
1456.png,0,0.0027912212535738945,2916.7978515625,609.43798828125,2931.975830078125,622.575439453125
1456.png,0,0.00277463486418128,421.71240234375,2640.884033203125,429.88397216796875,2652.448486328125
1456.png,0,0.002763429656624794,2193.3111877441406,975.6470947265625,2204.3109436035156,986.9368896484375
1456.png,0,0.002759132068604231,171.49232482910156,394.13201904296875,181.22398376464844,405.12542724609375
1456.png,0,0.0027520169969648123,248.02764892578125,1536.5805444717407,261.1407775878906,1543.8906888961792
1456.png,0,0.0027487247716635466,1228.9497680664062,1187.7672729492188,1244.081787109375,1198.0825805664062
1456.png,0,0.002722441218793392,2278.55908203125,2136.622802734375,2285.693359375,2148.90625
1456.png,0,0.002693196991458535,1341.3104248046875,847.2465667724609,1352.257568359375,860.0989532470703
1456.png,0,0.0026787654496729374,249.39065551757812,2078.240966796875,264.2606506347656,2091.8983154296875
1456.png,0,0.0026724503841251135,1294.37451171875,2449.7815551757812,1303.3482666015625,2463.1604614257812
1456.png,0,0.002649914473295212,2494.26171875,745.723876953125,2504.763427734375,758.27685546875
1456.png,0,0.0026417633052915335,1.4018869400024414,2332.324951171875,12.12291145324707,2348.899658203125
1456.png,0,0.0026412205770611763,62.547821044921875,2331.6823120117188,91.41859436035156,2350.4551391601562
1456.png,0,0.0026123456191271544,734.5142822265625,2801.9005737304688,748.497314453125,2812.3637084960938
1456.png,0,0.0025539046619087458,25.571250915527344,1848.8251953125,39.746192932128906,1860.2838134765625
1456.png,0,0.0025145041290670633,506.163330078125,2455.239501953125,517.6145629882812,2467.491455078125
1456.png,0,0.0025108279660344124,768.1919403076172,645.11474609375,776.0692729949951,661.140380859375
1456.png,0,0.002500692615285516,658.9926147460938,1432.0277099609375,668.8175659179688,1445.7564697265625
1456.png,0,0.0024955999106168747,1780.521240234375,1307.8707885742188,1792.0,1321.7561645507812
1456.png,0,0.0024879269767552614,2372.5926513671875,953.0691223144531,2385.7215576171875,962.6809387207031
1456.png,0,0.0024823618587106466,1013.0404052734375,413.17431640625,1022.3529052734375,426.11865234375
1456.png,0,0.0024565602652728558,2540.9580688476562,2037.8360290527344,2549.6394653320312,2051.4645385742188
1456.png,0,0.002447197213768959,2121.2183837890625,2731.42578125,2131.62060546875,2741.1484375
1456.png,0,0.0024225935339927673,747.8360595703125,2421.60888671875,757.9256591796875,2436.99755859375
1456.png,0,0.002399792894721031,2644.00244140625,2738.011474609375,2650.683837890625,2751.0810546875
1456.png,0,0.002392483176663518,768.3372745513916,1944.4527893066406,778.9373016357422,1958.5475769042969
1456.png,0,0.002387474989518523,768.2151670455933,630.774658203125,783.0263624191284,650.66455078125
1456.png,0,0.002379944548010826,806.2037353515625,2550.628662109375,820.39794921875,2559.403076171875
1456.png,0,0.002377370372414589,798.4307250976562,1859.8073501586914,810.0773315429688,1870.6715927124023
1456.png,0,0.002375202253460884,1364.4916381835938,1037.8114624023438,1377.2301635742188,1051.3383178710938
1456.png,0,0.0023584531154483557,2545.9412841796875,2117.0274658203125,2560.0,2128.8240966796875
1456.png,0,0.002342808060348034,1933.0,1683.5607604980469,1939.36945438385,1695.6705017089844
1456.png,0,0.0023162264842540026,1785.9737243652344,2327.011962890625,1799.8073425292969,2339.0435791015625
1456.png,0,0.002313560340553522,1536.0,2364.1173095703125,1544.7028169631958,2383.0074462890625
1456.png,0,0.002295914338901639,769.3813724517822,1219.1903076171875,779.5398921966553,1234.0838623046875
1456.png,0,0.002289359224960208,1.869710922241211,266.7183837890625,15.04379653930664,282.453857421875
1456.png,0,0.0022701381240040064,711.8812255859375,2548.761962890625,728.236328125,2558.975341796875
1456.png,0,0.0022660905960947275,1933.4799184799194,1307.448974609375,1946.026587486267,1328.095703125
1456.png,0,0.0022658880334347486,2888.9750366210938,2805.0997314453125,2904.4014282226562,2812.6827392578125
1456.png,0,0.002245686948299408,477.80303955078125,2343.1868286132812,489.74566650390625,2352.9756469726562
1456.png,0,0.0022375124972313643,635.0347900390625,1987.661376953125,649.623046875,2000.8936767578125
1456.png,0,0.002232758793979883,2759.434814453125,2040.5289001464844,2773.0185546875,2051.671173095703
1456.png,0,0.002227130578830838,2665.616943359375,842.17236328125,2681.17919921875,854.5477294921875
1456.png,0,0.0022103472147136927,2488.8153076171875,1949.3851013183594,2497.9501953125,1961.4359436035156
1456.png,0,0.0021909133065491915,1888.1163330078125,1506.6595458984375,1896.9425048828125,1515.2454833984375
1456.png,0,0.0021772708278149366,2748.9588623046875,54.834815979003906,2758.921875,64.79674530029297
1456.png,0,0.002175175119191408,2447.6446533203125,427.0516052246094,2458.5994873046875,441.9226989746094
1456.png,0,0.002171225380152464,2625.9561767578125,0.7699098587036133,2635.9144287109375,8.983582496643066
1456.png,0,0.0021661033388227224,2396.4844970703125,1995.5821838378906,2417.9104614257812,2014.7266540527344
1456.png,0,0.0021651508286595345,2192.4031982421875,90.02703857421875,2200.6407470703125,101.51239013671875
1456.png,0,0.0021505123004317284,2682.103515625,684.0286865234375,2694.90576171875,692.1268310546875
1456.png,0,0.002103236736729741,880.883186340332,1204.91748046875,891.9111862182617,1221.947998046875
1456.png,0,0.0020893856417387724,2675.455810546875,787.0218505859375,2683.4642333984375,794.6922607421875
1456.png,0,0.0020814728923141956,404.6434631347656,2504.0130004882812,422.1974792480469,2517.2742309570312
1456.png,0,0.0020729622337967157,1539.4686765670776,1189.9236450195312,1550.4087953567505,1205.5322875976562
1456.png,0,0.002069130539894104,536.9254150390625,1780.888427734375,549.9608154296875,1790.603759765625
1456.png,0,0.0020670609083026648,1902.8914489746094,2197.8143310546875,1913.0404357910156,2209.5245361328125
1456.png,0,0.0020650385413318872,2936.938720703125,2498.7369995117188,2956.1729736328125,2514.7106323242188
1456.png,0,0.002053305972367525,1188.5838012695312,921.3976745605469,1199.8446655273438,932.9798583984375
1456.png,0,0.0020362623035907745,36.095985412597656,2243.7548217773438,47.74579620361328,2254.6215209960938
1456.png,0,0.0020357670728117228,524.37158203125,1872.094627380371,532.331298828125,1883.384864807129
1456.png,0,0.002035554964095354,1820.2937622070312,2275.846923828125,1833.7356567382812,2284.557861328125
1456.png,0,0.002034266944974661,1971.7591552734375,1.0313386917114258,1981.7384414672852,13.337605476379395
1456.png,0,0.00201562512665987,1302.83837890625,859.7444915771484,1312.97021484375,871.9189605712891
1456.png,0,0.002014841651543975,1536.0791673660278,2481.06640625,1543.9630937576294,2492.072265625
1456.png,0,0.0020091990008950233,2450.9527587890625,395.9327392578125,2467.2691650390625,410.4310302734375
1456.png,0,0.0020042676478624344,2078.8421325683594,629.0575561523438,2095.413848876953,636.9323120117188
1456.png,0,0.0020028662402182817,2680.103515625,1812.67431640625,2689.35791015625,1821.3719482421875
1456.png,0,0.002001675311475992,704.0770874023438,2548.740234375,721.4960327148438,2558.989990234375
1456.png,0,0.001998828025534749,2123.3218688964844,1475.4083251953125,2131.218017578125,1485.2864990234375
1456.png,0,0.0019964068196713924,1337.3526000976562,2549.0919189453125,1352.0424194335938,2559.2198486328125
1456.png,0,0.0019936782773584127,1478.0626831054688,1016.9823608398438,1487.7156372070312,1029.5867309570312
1456.png,0,0.001983384136110544,614.4061279296875,2546.3414306640625,631.465087890625,2558.4923095703125
1456.png,0,0.0019815878476947546,1277.8606262207031,1058.662841796875,1288.451904296875,1068.3037109375
1456.png,0,0.001966055016964674,509.77166748046875,2507.05029296875,522.2438354492188,2518.84521484375
1456.png,0,0.001964341849088669,0.0,996.6784973144531,7.714413642883301,1010.0000305175781
1456.png,0,0.0019554232712835073,720.7247314453125,2659.3184814453125,730.9613037109375,2673.9276123046875
1456.png,0,0.0019449234241619706,264.6305236816406,281.576904296875,274.2673645019531,293.6063232421875
1456.png,0,0.0019415339920669794,1933.0,2378.8501586914062,1940.2649092674255,2393.5779418945312
1456.png,0,0.0019360496662557125,1778.9046630859375,1163.6258544921875,1790.2425537109375,1174.4613037109375
1456.png,0,0.001934075029566884,307.9747009277344,2467.1332397460938,324.0441589355469,2479.6690063476562
1456.png,0,0.0019284355221316218,2034.3111267089844,744.189453125,2045.8832550048828,756.2783203125
1456.png,0,0.001909396261908114,780.5173110961914,1791.3172607421875,796.9416275024414,1806.0366821289062
1456.png,0,0.0019036135636270046,89.88641357421875,1990.1095886230469,103.43792724609375,2001.9502868652344
1456.png,0,0.0018978213192895055,0.7256050109863281,533.61474609375,9.665063858032227,551.824462890625
1456.png,0,0.0018914713291451335,2550.5030517578125,407.7320556640625,2560.0,416.610107421875
1456.png,0,0.0018909573554992676,1779.85986328125,2416.5121459960938,1791.59033203125,2427.7731323242188
1456.png,0,0.0018803459824994206,1014.242431640625,1783.0428771972656,1024.0,1794.7731323242188
1456.png,0,0.001878840266726911,938.6523742675781,1816.5721473693848,953.6283874511719,1828.9745979309082
1456.png,0,0.0018712360179051757,1933.0,1399.1536254882812,1938.8644251823425,1408.9443969726562
1456.png,0,0.001871023210696876,568.0621337890625,2803.454833984375,588.123291015625,2813.0
1456.png,0,0.001870286068879068,120.0177001953125,2782.25,134.77713012695312,2792.41162109375
1456.png,0,0.0018579132156446576,0.41654205322265625,2581.3529052734375,8.632427215576172,2593.3516845703125
1456.png,0,0.0018562126206234097,884.1352996826172,1822.5884284973145,898.3362121582031,1833.2059288024902
1456.png,0,0.0018412601202726364,2701.009521484375,1783.9700317382812,2718.798095703125,1791.8950805664062
1456.png,0,0.0018364208517596126,545.9180297851562,2805.7235107421875,561.5328979492188,2813.0
1456.png,0,0.0018230938585475087,2318.3388061523438,978.58837890625,2328.3355102539062,987.3870849609375
1456.png,0,0.001822158694267273,1.6091527938842773,2077.010009765625,15.006783485412598,2093.968994140625
1456.png,0,0.0018217632314190269,2225.4083251953125,2798.3280029296875,2241.537109375,2810.4853515625
1456.png,0,0.0018165393266826868,1933.6368045806885,2578.96337890625,1942.7734622955322,2597.22509765625
1456.png,0,0.0018113254336640239,2172.122314453125,2108.6447143554688,2180.20263671875,2121.1065673828125
1456.png,0,0.0018099395092576742,2521.406005859375,737.7139892578125,2533.513427734375,749.8704833984375
1456.png,0,0.0018087297212332487,2934.2314453125,1301.5158081054688,2949.85107421875,1314.2009887695312
1456.png,0,0.0018013459630310535,1536.1492328643799,2099.9349975585938,1545.8620014190674,2119.5833129882812
1456.png,0,0.0017992868088185787,927.8352966308594,1861.083251953125,938.3032531738281,1871.3341064453125
1456.png,0,0.0017948911990970373,2089.691192626953,1289.9395751953125,2105.4967346191406,1299.6937255859375
1456.png,0,0.0017901301616802812,1933.0,327.1143798828125,1940.2103605270386,345.14599609375
1456.png,0,0.0017893805634230375,1933.4302558898926,1660.5499114990234,1941.6240711212158,1681.2139434814453
1456.png,0,0.0017812143778428435,2785.4366455078125,1974.123291015625,2799.1737060546875,1985.4813232421875
1456.png,0,0.0017782790819182992,2552.206298828125,2557.2259521484375,2560.0,2567.7127685546875
1456.png,0,0.0017751742852851748,2862.797119140625,591.7088012695312,2876.846923828125,599.6510620117188
1456.png,0,0.0017736955778673291,1015.3995361328125,663.747314453125,1024.0,674.205322265625
1456.png,0,0.0017731358529999852,1764.1799926757812,1305.1063842773438,1777.8914184570312,1317.8153686523438
1456.png,0,0.0017713677370920777,1229.2022705078125,942.5169677734375,1241.6798706054688,952.6451416015625
1456.png,0,0.001763686304911971,2071.1782836914062,2550.298583984375,2082.7717895507812,2559.674560546875
1456.png,0,0.0017593598458915949,1388.82421875,1271.2292175292969,1401.5350341796875,1279.6056823730469
1456.png,0,0.0017521323170512915,2117.128173828125,2805.4501342773438,2136.12646484375,2812.8110961914062
1456.png,0,0.0017513668863102794,815.5069580078125,2552.2945556640625,832.3433837890625,2559.7750244140625
1456.png,0,0.0017475528875365853,1321.1112060546875,2550.3314208984375,1335.3558349609375,2559.6455078125
1456.png,0,0.001741958549246192,0.0,1060.2954711914062,8.313217163085938,1070.7655639648438
1456.png,0,0.001741648418828845,2456.1682739257812,391.3312683105469,2469.3070678710938,403.8489685058594
1456.png,0,0.001737202168442309,2649.7254638671875,194.94754028320312,2661.9212646484375,207.35025024414062
1456.png,0,0.001732070348225534,1961.4715270996094,1593.435302734375,1977.8279724121094,1606.2596435546875
1456.png,0,0.001724372967146337,2039.9921264648438,1312.4047241210938,2052.147018432617,1325.8533325195312
1456.png,0,0.0017063592094928026,2127.4805908203125,1474.3460693359375,2140.4053955078125,1484.6676025390625
1456.png,0,0.0017029836308211088,1343.85986328125,2551.15966796875,1361.8857421875,2559.799072265625
1456.png,0,0.0017026551067829132,2607.156005859375,1017.0538330078125,2630.46044921875,1023.6514892578125
1456.png,0,0.0016964401584118605,92.91755676269531,483.34747314453125,106.42266845703125,495.05706787109375
1456.png,0,0.0016952947480604053,1961.7366466522217,2804.9375610351562,1974.3651123046875,2812.5607299804688
1456.png,0,0.0016897297464311123,2545.1409912109375,656.191650390625,2559.7474365234375,668.249755859375
1456.png,0,0.0016885034274309874,1014.797607421875,1261.7880249023438,1024.0,1275.2048950195312
1456.png,0,0.0016856823349371552,1958.0329284667969,2550.732666015625,1978.4411315917969,2559.5576171875
1456.png,0,0.0016826820792630315,1019.2850952148438,2551.7076416015625,1034.4444580078125,2559.7801513671875
1456.png,0,0.001677110092714429,349.679931640625,1784.416259765625,361.457763671875,1791.9228515625
1456.png,0,0.0016734176315367222,1447.2244873046875,442.3285217285156,1457.5225830078125,454.0647888183594
1456.png,0,0.0016729588387534022,2455.913330078125,2803.585693359375,2467.23046875,2812.843017578125
1456.png,0,0.0016725065652281046,736.59814453125,1202.4882507324219,749.579833984375,1215.3139953613281
1456.png,0,0.0016688879113644361,1780.864501953125,1314.2972412109375,1792.0,1330.0230712890625
1456.png,0,0.001667358330450952,2005.9620056152344,1161.5042724609375,2014.9287414550781,1172.9927978515625
1456.png,0,0.0016619142843410373,2680.2860107421875,873.1155395507812,2693.435791015625,886.8258666992188
1456.png,0,0.0016573895700275898,686.7646484375,1239.554931640625,694.7132568359375,1251.27294921875
1456.png,0,0.0016572688473388553,1781.9739990234375,448.9393310546875,1792.0,458.5751953125
1456.png,0,0.0016420886386185884,1863.1499328613281,1782.3199462890625,1872.6918640136719,1791.8135986328125
1456.png,0,0.0016410851385444403,2486.7401123046875,751.6956787109375,2500.6236572265625,760.1676025390625
1456.png,0,0.0016379710286855698,1781.318603515625,2128.7335815429688,1792.0,2142.0910034179688
1456.png,0,0.0016192959155887365,693.96533203125,2549.9451904296875,713.800048828125,2559.4783935546875
1456.png,0,0.0016184942796826363,2825.7435913085938,1789.0,2835.7166137695312,1796.0466861724854
1456.png,0,0.0016176061471924186,1780.7137451171875,401.99151611328125,1791.8614501953125,412.03851318359375
1456.png,0,0.0016175153432413936,2045.8587341308594,1355.1649169921875,2063.9124755859375,1368.4569091796875
1456.png,0,0.001616590772755444,2040.3510131835938,1073.0799255371094,2054.4138793945312,1085.7434387207031
1456.png,0,0.0016163629479706287,246.10777282714844,2015.5289306640625,252.82118225097656,2026.0592651367188
1456.png,0,0.001614116714335978,1001.4371337890625,1781.813720703125,1017.4927978515625,1791.63232421875
1456.png,0,0.0016127257840707898,2547.86669921875,1779.8653564453125,2559.18310546875,1792.0
1456.png,0,0.0016091058496385813,2160.575637817383,1691.370361328125,2169.4673614501953,1704.6738586425781
1456.png,0,0.0016059230547398329,544.1881103515625,1783.2255859375,560.7015380859375,1791.56298828125
1456.png,0,0.0016053300350904465,0.8389949798583984,2244.5199584960938,14.462122917175293,2260.2045288085938
1456.png,0,0.0016051670536398888,827.34375,1849.822021484375,842.114013671875,1859.4735107421875
1456.png,0,0.0016010962426662445,551.5390625,1783.7293701171875,567.71484375,1791.5355224609375
1456.png,0,0.0015992625849321485,1424.0054321289062,1015.3261108398438,1434.6821899414062,1023.8533325195312
1456.png,0,0.0015983368502929807,1782.6805419921875,1053.9417724609375,1791.5477294921875,1064.5166015625
1456.png,0,0.001597205176949501,0.24065208435058594,348.97021484375,11.423227310180664,371.9471435546875
1456.png,0,0.0015919501893222332,514.1435546875,1361.71240234375,529.76513671875,1374.2926025390625
1456.png,0,0.0015894528478384018,2523.3759765625,1779.9761962890625,2538.10302734375,1791.392333984375
1456.png,0,0.0015848835464566946,2650.0631103515625,189.7381591796875,2661.6968994140625,200.147705078125
1456.png,0,0.0015848797047510743,2549.397216796875,438.063720703125,2559.90380859375,449.3306884765625
1456.png,0,0.0015834890073165298,723.5418701171875,2736.1575927734375,734.0667724609375,2747.08349609375
1456.png,0,0.0015771629987284541,1012.64990234375,1313.6331787109375,1024.0,1327.8135986328125
1456.png,0,0.0015770760364830494,2022.3995361328125,575.080322265625,2035.6412353515625,583.185791015625
1456.png,0,0.0015738747315481305,2818.170654296875,0.8148097991943359,2832.402099609375,7.189482688903809
1456.png,0,0.0015673559391871095,1500.1392822265625,2431.199462890625,1511.2662353515625,2443.6142578125
1456.png,0,0.0015528853982686996,1818.9487609863281,597.380126953125,1831.1741027832031,612.33935546875
1456.png,0,0.001551358844153583,439.98187255859375,1813.0381507873535,450.86114501953125,1827.1584167480469
1456.png,0,0.0015511164674535394,2584.131103515625,761.9696044921875,2597.263671875,772.1146240234375
1456.png,0,0.0015491334488615394,2552.3267822265625,367.8546142578125,2560.0,377.045166015625
1456.png,0,0.001549035427160561,499.98199462890625,1784.2745361328125,513.3051147460938,1791.7554931640625
1456.png,0,0.0015483865281566978,2112.282485961914,590.1723022460938,2118.2537689208984,601.7546997070312
1456.png,0,0.001539256889373064,2946.50732421875,697.7671508789062,2957.0,707.2133178710938
1456.png,0,0.0015380694530904293,2578.9652099609375,783.319580078125,2588.7789306640625,793.78515625
1456.png,0,0.0015345256542786956,910.0184936523438,2282.036590576172,920.9862670898438,2293.582794189453
1456.png,0,0.0015338545199483633,1926.3612060546875,1014.5887451171875,1946.0194091796875,1023.9075927734375
1456.png,0,0.0015336725628003478,1933.494291305542,1980.1492462158203,1945.8059453964233,1996.6197052001953
1456.png,0,0.0015303115360438824,1933.0537643432617,2790.32421875,1944.3841800689697,2803.025390625
1456.png,0,0.0015269876457750797,2146.1537475585938,705.5319213867188,2159.4609985351562,717.8477172851562
1456.png,0,0.0015262897359207273,83.40864562988281,2327.9848022460938,99.48271179199219,2336.9198608398438
1456.png,0,0.001523747923783958,2551.322265625,1853.0639572143555,2560.0,1866.4094772338867
1456.png,0,0.0015194881707429886,324.4648742675781,1401.6939697265625,332.7694396972656,1414.1068115234375
1456.png,0,0.0015189658151939511,2329.6353149414062,1016.898193359375,2343.9302368164062,1023.585693359375
1456.png,0,0.001515297102741897,2534.2987060546875,1780.4407348632812,2548.9915771484375,1791.1828002929688
1456.png,0,0.0015144546050578356,2552.6033935546875,1349.9454956054688,2560.0,1366.9026489257812
1456.png,0,0.0015133488923311234,2947.6907958984375,1215.1050415039062,2957.0,1226.4778442382812
1456.png,0,0.0015093093970790505,2173.8345336914062,18.24585723876953,2181.2367553710938,29.035926818847656
1456.png,0,0.0015081026358529925,1781.1417236328125,1442.7880859375,1792.0,1454.01416015625
1456.png,0,0.0015065459301695228,922.4999389648438,2805.5897216796875,938.3473510742188,2812.9967041015625
1456.png,0,0.0015032264636829495,636.7208251953125,1936.7672119140625,646.5548095703125,1949.1392822265625
1456.png,0,0.0014940830878913403,768.0,689.636474609375,776.4472236633301,704.571044921875
1456.png,0,0.0014932196354493499,86.07933807373047,2548.22509765625,98.8157730102539,2559.845947265625
1456.png,0,0.0014931642217561603,2514.8345947265625,2623.83544921875,2535.2135009765625,2638.233642578125
1456.png,0,0.0014909406891092658,836.2347869873047,1017.7684326171875,849.2457580566406,1024.0
1456.png,0,0.0014903864357620478,1166.3262939453125,577.6658935546875,1174.10595703125,588.9700927734375
1456.png,0,0.0014890643069520593,809.1202392578125,768.0,822.902587890625,774.6452250480652
1456.png,0,0.0014857760397717357,2269.9009399414062,1782.3046264648438,2282.6121215820312,1791.6823120117188
1456.png,0,0.0014831580920144916,2007.4034729003906,1781.0628662109375,2026.4712829589844,1791.1170654296875
1456.png,0,0.0014756493037566543,1639.2435455322266,1015.3094482421875,1655.5961151123047,1023.4918212890625
1456.png,0,0.001475576194934547,2301.4093627929688,535.0822143554688,2318.2329711914062,546.7072143554688
1456.png,0,0.0014741562772542238,370.58270263671875,1896.8861694335938,384.40985107421875,1913.0317993164062
1456.png,0,0.0014702561311423779,2547.1982421875,666.7020263671875,2559.693115234375,682.1573486328125
1456.png,0,0.0014689735835418105,728.9810791015625,1333.265380859375,750.6798095703125,1349.076416015625
1456.png,0,0.0014684484340250492,2940.684814453125,326.03131103515625,2956.16259765625,342.1505126953125
1456.png,0,0.0014673992991447449,878.2801513671875,673.5309448242188,888.0853271484375,686.5563354492188
1456.png,0,0.0014643499162048101,2877.746337890625,467.14483642578125,2892.18115234375,475.96246337890625
1456.png,0,0.0014639231376349926,1667.6281433105469,1276.34521484375,1681.5088806152344,1286.8577880859375
1456.png,0,0.0014604380121454597,157.80892944335938,2474.194091796875,166.74032592773438,2486.0260009765625
1456.png,0,0.0014567099278792739,1016.39306640625,1892.6772994995117,1024.0,1901.7456588745117
1456.png,0,0.0014542005956172943,926.3842163085938,2158.2864990234375,937.9409790039062,2169.4149169921875
1456.png,0,0.0014520813710987568,2945.2652587890625,127.75315856933594,2956.8748779296875,138.09181213378906
1456.png,0,0.0014514992944896221,1781.0892333984375,2239.1390991210938,1792.0,2251.8809204101562
1456.png,0,0.0014511330518871546,2552.2713623046875,2300.2508544921875,2560.0,2312.279296875
1456.png,0,0.0014497628435492516,2274.7521362304688,2545.7943725585938,2286.7730102539062,2557.0824584960938
1456.png,0,0.0014489402528852224,2702.446533203125,1017.8468017578125,2720.68017578125,1023.8360595703125
1456.png,0,0.0014471861068159342,2089.779022216797,604.254638671875,2100.7130737304688,615.722900390625
1456.png,0,0.0014444420812651515,2153.5584716796875,675.1854248046875,2170.1536865234375,685.0501708984375
1456.png,0,0.001444205641746521,931.37841796875,1744.17431640625,942.95849609375,1755.9951477050781
1456.png,0,0.0014409737195819616,667.5123291015625,2188.7145385742188,677.5162353515625,2201.9365844726562
1456.png,0,0.0014395342441275716,180.9654083251953,2802.31884765625,191.2755584716797,2812.0986328125
1456.png,0,0.001434673205949366,1016.5133056640625,1573.3636474609375,1024.0,1586.6846923828125
1456.png,0,0.001432115095667541,1225.3544311523438,1015.517822265625,1238.3098754882812,1023.716552734375
1456.png,0,0.0014319916954264045,946.6170654296875,2158.3369140625,961.1575927734375,2173.1495361328125
1456.png,0,0.0014287641970440745,1732.1083984375,2806.5775146484375,1745.176513671875,2813.0
1456.png,0,0.0014237473951652646,1683.0986328125,1225.8915405273438,1695.898193359375,1237.1455688476562
1456.png,0,0.001423449837602675,509.90869140625,2782.422607421875,523.7838134765625,2793.9661865234375
1456.png,0,0.0014216168783605099,667.321044921875,2641.4293212890625,678.14599609375,2651.5208740234375
1456.png,0,0.0014215140836313367,58.19502258300781,2805.0091552734375,73.22210693359375,2812.7860107421875
1456.png,0,0.0014198573771864176,768.0,2013.2936401367188,774.7235269546509,2023.4437866210938
1456.png,0,0.0014120128471404314,245.7481689453125,679.409423828125,257.52386474609375,691.7454833984375
1456.png,0,0.0014101604465395212,2193.700439453125,140.1374969482422,2205.1129150390625,151.7957000732422
1456.png,0,0.0014083210844546556,2029.718360900879,1066.1809692382812,2038.8490524291992,1076.3413696289062
1456.png,0,0.00140280497726053,1411.0278930664062,1789.141402721405,1421.4677124023438,1794.9798283576965
1456.png,0,0.0014013181207701564,1780.4454345703125,1362.0499267578125,1791.9609375,1375.1766357421875
1456.png,0,0.0013973461464047432,1833.5069580078125,2551.8944091796875,1849.183837890625,2559.6873779296875
1456.png,0,0.0013959696516394615,1538.98046875,2270.7154541015625,1561.2568359375,2284.2613525390625
1456.png,0,0.0013937471667304635,1835.8634033203125,1489.8701171875,1852.8504028320312,1500.64501953125
1456.png,0,0.0013913181610405445,2573.96533203125,773.5021286010742,2585.678466796875,788.9578170776367
1456.png,0,0.0013889061519876122,1412.9100341796875,1016.77783203125,1424.5294189453125,1023.791015625
1456.png,0,0.0013880949700251222,1228.3535766601562,923.8321838378906,1238.8577270507812,935.2886657714844
1456.png,0,0.0013877975288778543,768.3105010986328,1091.77001953125,776.9560718536377,1106.140625
1456.png,0,0.0013869954273104668,2934.6397094726562,2803.081787109375,2950.6912231445312,2812.3236083984375
1456.png,0,0.0013841676991432905,1013.822021484375,1960.0575561523438,1023.264892578125,1972.68212890625
1456.png,0,0.001382715068757534,914.8057250976562,2806.0841674804688,929.4022827148438,2812.6134643554688
1456.png,0,0.0013784512411803007,2258.5846557617188,2790.3486328125,2269.1300659179688,2802.65576171875
1456.png,0,0.0013779753353446722,711.340576171875,2682.1278076171875,720.619873046875,2697.0828857421875
1457.png,1,0.19709651172161102,2246.7113037109375,1261.816162109375,2290.0804443359375,1286.67138671875
1457.png,1,0.10763338953256607,2632.5533447265625,1583.1271858215332,2651.3795166015625,1619.2404327392578
1457.png,1,0.10018223524093628,1775.9682312011719,1899.709228515625,1867.5436096191406,1921.3702392578125
1457.png,0,0.09032972902059555,2512.1464233398438,1924.3068237304688,2533.1316528320312,1962.7033386230469
1457.png,0,0.08787965774536133,2632.4134521484375,1582.7774658203125,2651.68408203125,1620.2938232421875
1457.png,0,0.08722023665904999,2634.1123046875,1648.3692626953125,2650.544677734375,1677.9591064453125
1457.png,0,0.08468275517225266,2614.16357421875,1577.472915649414,2628.28564453125,1599.87158203125
1457.png,0,0.08376437425613403,2531.48583984375,1635.3518447875977,2550.216552734375,1661.9702987670898
1457.png,0,0.08337213099002838,2558.6630859375,1641.0160369873047,2572.22216796875,1663.910873413086
1457.png,0,0.07999122142791748,2192.9298706054688,534.1090698242188,2207.7227172851562,559.7892456054688
1457.png,1,0.07807651162147522,998.2596435546875,2309.878662109375,1012.2408447265625,2346.671142578125
1457.png,1,0.07544995844364166,2511.6978454589844,1923.7021179199219,2532.3221130371094,1962.6142883300781
1457.png,0,0.07261653244495392,1270.9495849609375,2154.307373046875,1312.79931640625,2169.325439453125
1457.png,0,0.07228417694568634,2612.83203125,1639.7428588867188,2630.6065673828125,1671.1455688476562
1457.png,0,0.07085605710744858,2247.1115112304688,1261.1163330078125,2290.1724243164062,1285.7261962890625
1457.png,0,0.06730595231056213,2739.8431396484375,661.7344970703125,2751.8531494140625,685.2666015625
1457.png,0,0.06719465553760529,2533.58203125,1294.0498046875,2561.5372314453125,1312.16357421875
1457.png,1,0.06212512031197548,617.8760986328125,1931.9956665039062,656.4166259765625,1944.9793090820312
1457.png,0,0.06180395185947418,997.688232421875,2308.3746337890625,1013.544189453125,2347.5150146484375
1457.png,0,0.060448043048381805,2272.488494873047,943.08544921875,2285.194549560547,964.35888671875
1457.png,1,0.06000698730349541,2066.43798828125,84.68412780761719,2106.973648071289,100.67955017089844
1457.png,0,0.059820111840963364,884.7628860473633,1973.978271484375,926.8782958984375,1989.926025390625
1457.png,0,0.05692863091826439,1789.9732971191406,2593.1768798828125,1802.0148620605469,2618.8934326171875
1457.png,0,0.0542173832654953,2176.4007568359375,650.6788330078125,2188.9603271484375,673.0963134765625
1457.png,0,0.05375616252422333,2213.049758911133,1237.1751098632812,2245.1568145751953,1253.594482421875
1457.png,1,0.052162397652864456,777.06884765625,2787.279296875,818.551513671875,2807.218994140625
1457.png,1,0.0507381297647953,689.3084716796875,2766.4903564453125,740.7103271484375,2784.618896484375
1457.png,0,0.05040445923805237,1707.89892578125,2032.7691650390625,1721.60400390625,2059.627685546875
1457.png,0,0.0500982366502285,2603.5455932617188,1668.648681640625,2620.2277221679688,1696.1637878417969
1457.png,0,0.04816373810172081,2754.2564697265625,2147.9711303710938,2770.33984375,2171.4179077148438
1457.png,0,0.04739290103316307,1685.526382446289,2058.047882080078,1701.8711700439453,2095.2139587402344
1457.png,0,0.04736972227692604,1663.9129638671875,2457.2113647460938,1676.6783447265625,2480.3711547851562
1457.png,0,0.04621186852455139,945.4177856445312,1989.6509094238281,987.5126342773438,2006.9608459472656
1457.png,1,0.045582376420497894,19.107717514038086,2524.2777709960938,72.33025360107422,2550.7468872070312
1457.png,1,0.045438043773174286,996.8778076171875,2101.84326171875,1038.7618713378906,2118.229736328125
1457.png,0,0.04511106759309769,2708.4703369140625,1158.68603515625,2726.059814453125,1184.224365234375
1457.png,0,0.04509967565536499,1034.3306274414062,2014.006362915039,1076.0814819335938,2032.442398071289
1457.png,0,0.04443185776472092,1761.9301147460938,1595.8880004882812,1773.7491455078125,1619.4607238769531
1457.png,0,0.044350963085889816,2065.965675354004,86.82730865478516,2105.525566101074,100.40117645263672
1457.png,0,0.043817032128572464,1693.8438415527344,2029.3672485351562,1706.2790222167969,2051.249267578125
1457.png,0,0.04378677159547806,1703.6787109375,2072.221435546875,1714.54833984375,2088.844970703125
1457.png,1,0.0432884581387043,646.302734375,1913.2152481079102,665.728271484375,1947.0245056152344
1457.png,0,0.04069649055600166,1432.9263916015625,267.1907958984375,1452.2596435546875,277.607421875
1457.png,0,0.040610551834106445,2180.0641479492188,744.8790283203125,2196.7784729003906,765.5208740234375
1457.png,0,0.04001061990857124,2689.6611328125,710.2255249023438,2712.013671875,724.1442260742188
1457.png,0,0.03883197531104088,2489.9531860351562,2068.355712890625,2509.4606323242188,2082.968017578125
1457.png,0,0.03858548402786255,950.1060791015625,2394.307373046875,972.3248291015625,2408.4019775390625
1457.png,0,0.038023192435503006,980.988037109375,2268.8524169921875,998.20361328125,2287.4981689453125
1457.png,3,0.037804145365953445,2215.845458984375,1236.9604797363281,2244.949951171875,1253.0653991699219
1457.png,0,0.037475381046533585,18.25511932373047,2524.0162353515625,74.49870300292969,2551.4881591796875
1457.png,0,0.037210240960121155,1090.1994018554688,2717.9207763671875,1113.9196166992188,2740.9576416015625
1457.png,0,0.03712788224220276,2960.9417724609375,214.3345184326172,2980.4161376953125,226.5657501220703
1457.png,0,0.03619987145066261,1411.4884033203125,2018.8994750976562,1428.6849365234375,2054.9868774414062
1457.png,0,0.035359740257263184,2489.408447265625,2063.4669189453125,2512.10693359375,2076.732177734375
1457.png,1,0.03498919680714607,623.69384765625,1902.4776611328125,663.418212890625,1935.7562866210938
1457.png,0,0.033853765577077866,1283.3885498046875,2469.171142578125,1300.7476806640625,2504.140869140625
1457.png,1,0.03380024805665016,1536.0,2453.416748046875,1594.6869926452637,2469.7783203125
1457.png,0,0.03354368731379509,2728.26904296875,1164.0990600585938,2743.333740234375,1190.5426635742188
1457.png,0,0.03278352692723274,777.6026611328125,2787.9390258789062,818.9764404296875,2807.9385375976562
1457.png,1,0.03168415278196335,2312.2435913085938,2534.668701171875,2340.6539916992188,2559.631591796875
1457.png,1,0.03131716698408127,1697.7957000732422,1959.0464782714844,1723.011734008789,2005.3155212402344
1457.png,0,0.03112826868891716,2714.8687133789062,551.2568969726562,2738.6660766601562,564.7770385742188
1457.png,0,0.030765222385525703,1137.4611511230469,2040.8711547851562,1182.5118103027344,2056.1106567382812
1457.png,1,0.029700176790356636,1445.51220703125,2440.2982788085938,1494.906005859375,2455.7998657226562
1457.png,0,0.0296374149620533,1433.0374755859375,253.75363159179688,1463.4696044921875,270.5941467285156
1457.png,0,0.029552729800343513,2335.4124755859375,1887.193946838379,2358.901123046875,1903.1835708618164
1457.png,0,0.029413312673568726,2280.3577423095703,932.1556396484375,2290.395309448242,946.1986083984375
1457.png,1,0.02902352064847946,945.6094970703125,1988.84619140625,986.7791748046875,2007.4150390625
1457.png,0,0.028549015522003174,2378.209228515625,129.76712036132812,2419.69873046875,143.55697631835938
1457.png,1,0.028418293222784996,2592.121337890625,1786.0335998535156,2623.0137939453125,1820.9627799987793
1457.png,0,0.027909202501177788,1789.9720306396484,803.606201171875,1798.4227294921875,820.2431640625
1457.png,0,0.027667928487062454,2657.8032836914062,127.79512023925781,2676.0497436523438,139.0037078857422
1457.png,1,0.027310188859701157,1454.259765625,2782.9766845703125,1488.136962890625,2810.0
1457.png,0,0.027146553620696068,2767.2508544921875,558.7142333984375,2784.2293701171875,568.3499755859375
1457.png,3,0.027142677456140518,2216.9697265625,1221.7307739257812,2236.2646484375,1246.8539428710938
1457.png,0,0.026721099391579628,1348.707763671875,2636.0084228515625,1373.3563232421875,2657.5936279296875
1457.png,0,0.026669148355722427,1388.8080444335938,1527.8886108398438,1400.1122436523438,1546.9387817382812
1457.png,0,0.026622328907251358,2673.1026000976562,633.8531494140625,2689.2703247070312,644.4149169921875
1457.png,0,0.025502627715468407,2479.83447265625,2098.1544189453125,2497.074951171875,2114.4046630859375
1457.png,0,0.02535690739750862,1248.6616821289062,2068.89501953125,1270.1238403320312,2083.823486328125
1457.png,1,0.02530522458255291,1033.9862060546875,2013.5463562011719,1078.08056640625,2033.1661071777344
1457.png,0,0.025227917358279228,1753.7402954101562,935.0324096679688,1764.3651123046875,955.6875610351562
1457.png,0,0.02508288435637951,1532.892578125,2093.5241088867188,1559.180908203125,2108.3067016601562
1457.png,0,0.024318354204297066,2346.7960205078125,1439.732177734375,2371.2603759765625,1455.4754638671875
1457.png,1,0.024142254143953323,1806.2044067382812,1828.2830810546875,1881.0118408203125,1846.6448364257812
1457.png,0,0.024098649621009827,2609.7760620117188,361.55224609375,2631.2864379882812,372.76318359375
1457.png,0,0.02406107634305954,1517.6439208984375,1568.5950927734375,1527.7969970703125,1586.0721435546875
1457.png,0,0.023909641429781914,637.9423828125,2751.3716430664062,680.4404296875,2770.2870483398438
1457.png,0,0.02369234897196293,2138.0331115722656,44.66838455200195,2160.5244750976562,58.75261306762695
1457.png,2,0.02331787720322609,2292.4051513671875,1265.50439453125,2355.73095703125,1297.3900146484375
1457.png,0,0.02327273227274418,2721.8490600585938,1160.6880798339844,2732.8806762695312,1187.9375305175781
1457.png,0,0.023178013041615486,806.2799110412598,1754.8343505859375,818.9849739074707,1769.8707275390625
1457.png,0,0.02261449210345745,1209.4414672851562,8.218379974365234,1228.4628295898438,20.973283767700195
1457.png,1,0.021787328645586967,1699.6867065429688,2339.3935546875,1759.2140502929688,2357.683837890625
1457.png,0,0.02160821482539177,2295.716079711914,1270.1463623046875,2322.5557861328125,1292.6021728515625
1457.png,0,0.02130925841629505,492.4962158203125,2122.3685302734375,507.749267578125,2136.5985107421875
1457.png,0,0.0210468340665102,1833.3553161621094,2600.1236572265625,1854.0514221191406,2667.7791748046875
1457.png,0,0.020921729505062103,2649.024658203125,625.5316162109375,2668.069091796875,638.8570556640625
1457.png,3,0.02081766538321972,2292.716094970703,1269.5090026855469,2328.9776916503906,1291.42626953125
1457.png,0,0.02060868963599205,1639.575439453125,2329.1309814453125,1657.544189453125,2369.3790283203125
1457.png,0,0.020376766100525856,1197.4430236816406,2141.677490234375,1223.0740051269531,2156.87744140625
1457.png,0,0.020227711647748947,2261.847412109375,443.06280517578125,2276.521484375,457.49810791015625
1457.png,0,0.019478674978017807,1448.7396850585938,1818.994915008545,1460.5488891601562,1840.4405632019043
1457.png,0,0.019176799803972244,2508.3506469726562,2144.9683837890625,2530.8113403320312,2158.848388671875
1457.png,0,0.019040584564208984,1309.6480712890625,2664.9744873046875,1334.5487060546875,2684.9290771484375
1457.png,0,0.018962489441037178,2494.8107299804688,694.1170654296875,2501.1333618164062,708.7921142578125
1457.png,0,0.01892940327525139,1014.758056640625,2304.1611328125,1024.0,2323.46630859375
1457.png,0,0.018749168142676353,2500.295654296875,705.0673828125,2509.099853515625,721.052734375
1457.png,0,0.018468504771590233,374.063232421875,2636.22900390625,386.00732421875,2650.83203125
1457.png,0,0.018007464706897736,753.3173828125,2760.9066772460938,773.897216796875,2774.9183959960938
1457.png,0,0.017879918217658997,1653.1023864746094,2269.663818359375,1665.7597045898438,2291.1572265625
1457.png,1,0.017682382836937904,1059.2615966796875,2714.7753295898438,1092.6910400390625,2744.5759887695312
1457.png,0,0.017654946073889732,2253.2031860351562,61.03144073486328,2273.2352905273438,73.5280990600586
1457.png,0,0.01728939637541771,2452.930908203125,674.8694458007812,2462.93896484375,692.0942993164062
1457.png,0,0.017172571271657944,487.6875,2120.5391845703125,499.389404296875,2135.4881591796875
1457.png,0,0.01712787337601185,446.9448547363281,2106.3849487304688,461.1054382324219,2122.8587646484375
1457.png,0,0.017028547823429108,2462.536376953125,675.1295166015625,2470.896728515625,691.1588134765625
1457.png,0,0.01687188632786274,2368.7808227539062,311.158447265625,2386.3579711914062,324.71856689453125
1457.png,0,0.016810832545161247,1808.706298828125,2269.5469360351562,1827.6539306640625,2292.7283325195312
1457.png,0,0.01641552336513996,598.4051513671875,403.78985595703125,612.0770263671875,427.0377197265625
1457.png,0,0.016367388889193535,1740.119873046875,265.9580383300781,1754.3935546875,300.3467712402344
1457.png,0,0.016295993700623512,2439.607452392578,1538.0550785064697,2460.737823486328,1557.6726837158203
1457.png,0,0.016187533736228943,1355.7796630859375,2349.5853271484375,1371.506591796875,2385.6109619140625
1457.png,0,0.016169553622603416,2480.384033203125,661.3077392578125,2487.4921875,677.4925537109375
1457.png,0,0.016165364533662796,2509.876953125,700.538818359375,2520.5076904296875,720.8798828125
1457.png,1,0.015935692936182022,2580.5413818359375,2394.7939453125,2620.6964111328125,2416.0849609375
1457.png,0,0.015839243307709694,2359.1729125976562,2790.05712890625,2376.8671264648438,2808.1151123046875
1457.png,0,0.015744809061288834,2689.635986328125,731.998291015625,2705.71435546875,741.22900390625
1457.png,0,0.01572173275053501,1750.8707275390625,1603.0281982421875,1761.6690673828125,1618.4520263671875
1457.png,0,0.015501814894378185,619.10302734375,1930.1551208496094,656.18310546875,1947.3472595214844
1457.png,0,0.015425131656229496,1455.1126098632812,2782.4844970703125,1487.6028442382812,2808.818603515625
1457.png,0,0.015347660519182682,1267.3245239257812,480.8004150390625,1285.8436279296875,493.1490478515625
1457.png,0,0.015282094478607178,1972.1205444335938,30.081525802612305,1990.2006225585938,41.102294921875
1457.png,0,0.015223409049212933,1727.8828430175781,1828.8909912109375,1739.1234436035156,1850.77783203125
1457.png,1,0.015183973126113415,1275.3680419921875,2533.404052734375,1321.8311767578125,2559.22216796875
1457.png,0,0.015020440332591534,47.44831085205078,1824.1652069091797,66.0167007446289,1861.7254180908203
1457.png,1,0.01500580832362175,906.7169799804688,2076.3336181640625,948.6310424804688,2094.5552978515625
1457.png,0,0.014937274158000946,932.748291015625,1997.7085876464844,950.889404296875,2014.5427551269531
1457.png,0,0.01491509098559618,2505.5453491210938,1248.0113525390625,2529.1621704101562,1267.199951171875
1457.png,1,0.014680909924209118,816.47998046875,2053.086669921875,864.4931640625,2072.831787109375
1457.png,1,0.014638894237577915,637.537109375,2750.9146728515625,681.86328125,2769.3272705078125
1457.png,0,0.01455746591091156,2417.8170776367188,1316.4764404296875,2442.559326171875,1333.8443603515625
1457.png,0,0.01450392697006464,2086.2329025268555,362.4293212890625,2099.13436126709,377.130615234375
1457.png,1,0.014477445743978024,887.1393432617188,1971.7078857421875,926.7182006835938,1991.8665771484375
1457.png,1,0.014280914328992367,1775.8534240722656,680.240478515625,1799.8316345214844,733.4918212890625
1457.png,0,0.01425410807132721,2463.2051391601562,658.3363037109375,2472.0714721679688,674.3492431640625
1457.png,0,0.014230764470994473,2804.862060546875,1396.8402099609375,2825.80078125,1412.9788818359375
1457.png,1,0.014229293912649155,1748.50927734375,1913.1637725830078,1784.40185546875,1976.3905487060547
1457.png,1,0.01421359647065401,1831.2379760742188,2611.992919921875,1854.161376953125,2672.0274658203125
1457.png,0,0.014089556410908699,2518.6627197265625,701.696533203125,2529.9483642578125,725.733154296875
1457.png,0,0.01393799763172865,2302.5274047851562,89.49983215332031,2321.0355834960938,100.12199401855469
1457.png,1,0.013868074864149094,1537.229697227478,2187.8741455078125,1568.3694610595703,2206.8572998046875
1457.png,0,0.013821481727063656,2467.485595703125,693.3956909179688,2476.677978515625,712.3251342773438
1457.png,0,0.013670691289007664,437.75091552734375,153.80068969726562,449.81158447265625,175.97207641601562
1457.png,0,0.013497356325387955,2488.42626953125,663.4969482421875,2498.613037109375,679.9083251953125
1457.png,0,0.013490569777786732,2155.1070556640625,724.0565185546875,2168.8291015625,742.4757080078125
1457.png,0,0.01339475717395544,2478.8372802734375,679.0016479492188,2487.5108642578125,693.5774536132812
1457.png,0,0.013348025269806385,2716.059326171875,544.2111206054688,2736.931396484375,555.3544311523438
1457.png,0,0.01334188412874937,2514.5737915039062,60.483604431152344,2528.205078125,78.97066497802734
1457.png,0,0.013269559480249882,1177.6398315429688,2638.510498046875,1200.3434448242188,2657.265380859375
1457.png,1,0.01315297931432724,1760.7778930664062,1969.4369506835938,1839.8060913085938,1987.505859375
1457.png,0,0.013148072175681591,1142.8309326171875,2133.9533081054688,1168.165283203125,2149.1431274414062
1457.png,0,0.013060295023024082,2636.2178344726562,621.0924072265625,2652.3604125976562,632.465576171875
1457.png,0,0.01295112818479538,2684.4962158203125,758.092529296875,2701.3973388671875,770.02587890625
1457.png,0,0.012949983589351177,2525.9796142578125,699.0640869140625,2538.1756591796875,726.9686279296875
1457.png,0,0.012915244325995445,997.919921875,2102.2066040039062,1040.5524291992188,2119.4749145507812
1457.png,0,0.012878797017037868,2564.0303955078125,1578.104393005371,2575.1219482421875,1596.335090637207
1457.png,0,0.012830814346671104,1536.4438438415527,1395.2950439453125,1546.9130153656006,1406.478271484375
1457.png,0,0.012695006094872952,2977.669921875,1245.4613647460938,2991.7733154296875,1269.7350463867188
1457.png,0,0.012649057433009148,1701.1227111816406,1958.2869873046875,1717.3743591308594,1998.2596435546875
1457.png,0,0.012642662972211838,2622.3851318359375,958.1617431640625,2639.7843017578125,972.3160400390625
1457.png,0,0.012610073201358318,1908.9373168945312,188.7374267578125,1926.8894653320312,207.91070556640625
1457.png,0,0.012508750893175602,2325.613311767578,725.8447265625,2341.5369567871094,736.142333984375
1457.png,0,0.0124441497027874,426.2684326171875,152.40591430664062,436.5601806640625,172.96005249023438
1457.png,0,0.012430977076292038,915.248291015625,96.440185546875,939.021728515625,110.59501647949219
1457.png,0,0.012401713989675045,2046.7018404006958,2148.675994873047,2059.5476026535034,2169.525115966797
1457.png,0,0.012382076121866703,2363.9642944335938,2458.2899169921875,2419.1708374023438,2485.7698974609375
1457.png,0,0.012313833460211754,2498.3963623046875,694.7149658203125,2507.7388916015625,711.5635986328125
1457.png,0,0.012279334478080273,841.8048858642578,1422.143798828125,857.5959930419922,1432.209228515625
1457.png,0,0.01224068645387888,2123.448272705078,1286.6864624023438,2139.1299438476562,1303.1409301757812
1457.png,0,0.012223961763083935,2384.2470703125,433.8730773925781,2402.447021484375,450.7928771972656
1457.png,0,0.011974579654633999,1200.9044799804688,2063.609588623047,1218.368408203125,2074.107635498047
1457.png,0,0.011950552463531494,2433.6137084960938,1557.9427337646484,2452.8955688476562,1570.8224334716797
1457.png,1,0.011622708290815353,44.66520690917969,1821.7781448364258,66.70397186279297,1865.2629928588867
1457.png,1,0.011577766388654709,1543.4552268981934,1832.592399597168,1559.5655555725098,1869.9237899780273
1457.png,1,0.011571296490728855,1768.9627685546875,717.7215576171875,1791.5643310546875,772.6431884765625
1457.png,0,0.011446885764598846,2314.6237182617188,2533.4375,2340.6784057617188,2559.2523193359375
1457.png,1,0.011443756520748138,0.2697181701660156,382.41522216796875,19.445446014404297,424.21783447265625
1457.png,0,0.011395721696317196,3042.3876953125,340.53118896484375,3055.31640625,357.04522705078125
1457.png,0,0.011268511414527893,1518.3895263671875,2743.9248046875,1539.4927978515625,2763.373779296875
1457.png,0,0.011244231835007668,2495.5950927734375,2054.580322265625,2516.0584716796875,2068.9161376953125
1457.png,1,0.011171650141477585,1372.5411987304688,2223.936767578125,1393.1199340820312,2262.13623046875
1457.png,0,0.011158442124724388,992.5135498046875,1991.6363830566406,1019.6019287109375,2016.4693908691406
1457.png,0,0.011102107353508472,1712.3877258300781,1924.5375366210938,1724.5135192871094,1947.3215942382812
1457.png,1,0.011101228184998035,1679.99755859375,2331.725830078125,1708.1494140625,2383.71435546875
1457.png,0,0.01110098697245121,1932.1422729492188,1600.0160675048828,1947.2882690429688,1633.4292755126953
1457.png,0,0.011059027165174484,1367.2566528320312,777.9177131652832,1375.2903442382812,792.0702209472656
1457.png,0,0.010986730456352234,2293.6063232421875,1235.718994140625,2306.6508178710938,1261.3406982421875
1457.png,0,0.010961391031742096,1622.6188354492188,1581.5670166015625,1630.6817016601562,1596.4525146484375
1457.png,0,0.010908576659858227,1367.2369995117188,2286.4708251953125,1380.6555786132812,2307.9090576171875
1457.png,0,0.010843291878700256,278.108154296875,93.13703155517578,285.24951171875,108.80426788330078
1457.png,0,0.010803843848407269,51.7100830078125,2642.4141845703125,60.56986999511719,2657.33056640625
1457.png,0,0.010778444819152355,2667.5787353515625,1749.1696166992188,2679.6092529296875,1769.1435241699219
1457.png,0,0.01074279099702835,2275.0662231445312,1230.705810546875,2291.4520263671875,1249.9852294921875
1457.png,3,0.010418323799967766,2350.945068359375,1423.0345458984375,2366.8875732421875,1438.1058349609375
1457.png,0,0.010320313274860382,1780.9293212890625,679.1061401367188,1792.0,706.7252807617188
1457.png,0,0.010273807682096958,507.20013427734375,2159.052490234375,521.5917358398438,2178.56689453125
1457.png,0,0.01026702206581831,1649.951187133789,0.0,1671.1739654541016,7.0783162117004395
1457.png,0,0.010266189463436604,2197.1289672851562,567.6666259765625,2208.4312744140625,584.5128173828125
1457.png,0,0.010225623846054077,1472.2965087890625,275.9219970703125,1493.3138427734375,290.2645263671875
1457.png,0,0.010191746987402439,2452.3961791992188,691.98876953125,2461.2222290039062,705.37109375
1457.png,0,0.0101785222068429,1634.674560546875,1779.2462158203125,1643.9244384765625,1791.8538818359375
1457.png,1,0.010156197473406792,1681.5203247070312,2427.900390625,1746.3047485351562,2445.9188232421875
1457.png,0,0.010042522102594376,2559.3397216796875,1198.5100708007812,2589.5274658203125,1217.3095092773438
1457.png,0,0.009907951578497887,2579.7446899414062,779.6246948242188,2588.7632446289062,794.0328979492188
1457.png,0,0.009902793914079666,2504.468505859375,665.2528076171875,2514.302001953125,682.1903076171875
1457.png,0,0.009891561232507229,2548.289794921875,2206.4896850585938,2560.0,2236.953125
1457.png,1,0.009821157902479172,2526.9873657226562,1631.9674530029297,2549.4994506835938,1661.178482055664
1457.png,0,0.009789994917809963,2777.0790405273438,80.33777618408203,2797.7756958007812,92.49895477294922
1457.png,0,0.00976784061640501,2502.0919189453125,697.4091186523438,2510.6405029296875,713.2410278320312
1457.png,1,0.009759652428328991,1603.791748046875,2396.0726318359375,1618.6318359375,2442.280029296875
1457.png,0,0.009750339202582836,2297.5910034179688,646.1744384765625,2312.9146118164062,655.7109375
1457.png,0,0.0096290223300457,2260.6903686523438,569.7813720703125,2278.0695190429688,580.95654296875
1457.png,0,0.009559385478496552,53.09795379638672,1536.0,65.65320587158203,1548.1736707687378
1457.png,0,0.009558821097016335,1839.680419921875,2283.33349609375,1851.8267822265625,2306.5257568359375
1457.png,0,0.009532956406474113,2096.735595703125,393.25921630859375,2110.52685546875,410.42889404296875
1457.png,1,0.00949035119265318,1955.8091430664062,170.77798461914062,1979.83740234375,200.32864379882812
1457.png,0,0.009475553408265114,2915.132080078125,1006.2357177734375,2934.2412109375,1023.9427490234375
1457.png,0,0.009449385106563568,1631.956298828125,2395.1779174804688,1645.374267578125,2416.6299438476562
1457.png,3,0.009250485338270664,1637.9492797851562,2331.038330078125,1654.4389038085938,2369.76171875
1457.png,0,0.009205002337694168,2619.8533935546875,612.8682861328125,2631.3204345703125,625.7576904296875
1457.png,0,0.00917182769626379,2470.3001098632812,689.5210571289062,2477.3146362304688,700.4790649414062
1457.png,1,0.009171437472105026,512.2794799804688,145.01812744140625,533.6196899414062,194.96270751953125
1457.png,0,0.008974730968475342,1694.40478515625,1983.3384704589844,1715.19091796875,2012.3097839355469
1457.png,1,0.008971507661044598,1014.4632568359375,2305.30322265625,1024.0,2335.703857421875
1457.png,1,0.008949002251029015,1355.739013671875,2070.6575317382812,1396.516357421875,2085.3247680664062
1457.png,0,0.008791565895080566,1613.8418731689453,2514.5946044921875,1625.684066772461,2534.231201171875
1457.png,0,0.008727231994271278,1329.14111328125,2509.9183349609375,1345.384033203125,2535.4576416015625
1457.png,1,0.00869674514979124,1952.11474609375,708.7012939453125,1968.5303955078125,752.4805908203125
1457.png,0,0.008683769032359123,2608.9871826171875,44.63795471191406,2627.1290283203125,55.650054931640625
1457.png,0,0.008655744604766369,1900.9343872070312,2236.9765625,1909.3351440429688,2251.916015625
1457.png,0,0.008600706234574318,2391.6155700683594,93.31484985351562,2408.3307189941406,102.34173583984375
1457.png,2,0.008530735969543457,2249.135772705078,1443.8206787109375,2305.680938720703,1467.7335205078125
1457.png,0,0.008530490100383759,1542.106695175171,1831.1418685913086,1559.831600189209,1868.9906845092773
1457.png,0,0.008512405678629875,598.0460205078125,2738.6815795898438,625.872802734375,2756.3273315429688
1457.png,0,0.008485764265060425,1997.7261962890625,669.233642578125,2013.0785522460938,694.076171875
1457.png,1,0.008425310254096985,1197.1385498046875,474.345458984375,1219.45849609375,516.8592529296875
1457.png,0,0.008348424918949604,831.9654541015625,1334.493896484375,853.873046875,1352.2515869140625
1457.png,0,0.008330308832228184,544.4779663085938,2157.85546875,564.0436401367188,2172.968994140625
1457.png,0,0.008221613243222237,2482.7593994140625,680.9832763671875,2490.3297119140625,697.3017578125
1457.png,0,0.008187700994312763,2515.92919921875,317.89447021484375,2525.050048828125,335.93853759765625
1457.png,0,0.008166327141225338,1109.4819946289062,2130.0657958984375,1134.8116455078125,2143.652587890625
1457.png,0,0.008152631111443043,287.60528564453125,812.4517135620117,296.77850341796875,830.0057830810547
1457.png,0,0.008142323233187199,2609.3010864257812,779.6991577148438,2616.3003540039062,796.7262573242188
1457.png,0,0.008125454187393188,2516.710693359375,359.7256164550781,2526.5087890625,374.5421447753906
1457.png,0,0.008121907711029053,2121.191604614258,1293.5755615234375,2138.2313079833984,1311.2215576171875
1457.png,0,0.00806948821991682,1432.7628173828125,1911.1176147460938,1445.162353515625,1933.4163208007812
1457.png,3,0.008063821122050285,1281.0646362304688,2472.6395263671875,1298.9688110351562,2504.4547119140625
1457.png,0,0.008043856360018253,1688.6162109375,1612.326431274414,1702.540283203125,1624.8750762939453
1457.png,0,0.008030117489397526,2971.9827880859375,676.91552734375,2979.2860107421875,691.966552734375
1457.png,0,0.008016549982130527,455.9390563964844,2087.4976806640625,489.4678649902344,2102.6826171875
1457.png,0,0.007996693253517151,2302.7326049804688,621.7681884765625,2317.8457641601562,631.0303955078125
1457.png,1,0.007996206171810627,768.0,2338.4625244140625,807.7544784545898,2361.6029052734375
1457.png,0,0.00798824429512024,2473.2109985351562,660.421142578125,2480.2655639648438,676.308837890625
1457.png,0,0.007931102067232132,2524.3229370117188,723.683837890625,2532.6898803710938,735.7666015625
1457.png,0,0.007885748520493507,1338.217041015625,2464.0933837890625,1350.175048828125,2486.3907470703125
1457.png,0,0.00788346491754055,1218.6949462890625,1427.9085693359375,1237.78662109375,1440.0726318359375
1457.png,2,0.007882573641836643,1354.8170166015625,2071.384765625,1396.4251708984375,2084.2322998046875
1457.png,0,0.007874094881117344,2542.4073486328125,615.110595703125,2557.7989501953125,630.016357421875
1457.png,0,0.0077371117658913136,875.6309204101562,2066.5675048828125,896.1323852539062,2079.6177978515625
1457.png,0,0.007701158057898283,1014.80712890625,2428.1542358398438,1024.0,2440.0916137695312
1457.png,0,0.007688520010560751,2441.4590454101562,686.8484497070312,2450.146728515625,701.7173461914062
1457.png,1,0.007666665595024824,2640.6365966796875,1786.0,2655.51220703125,1816.5945453643799
1457.png,0,0.0076623279601335526,645.5380859375,1918.6571807861328,660.982666015625,1947.7692108154297
1457.png,0,0.0075990562327206135,768.0,2338.1471557617188,807.8148193359375,2362.9430541992188
1457.png,0,0.0074661895632743835,2454.696044921875,657.4117431640625,2463.73876953125,676.9432373046875
1457.png,1,0.0074654086492955685,1137.7665405273438,2041.3656005859375,1184.0988159179688,2057.5703125
1457.png,0,0.007458108942955732,2502.8536987304688,1266.7938842773438,2520.7313842773438,1281.0043334960938
1457.png,0,0.007455839309841394,2160.7342987060547,1301.171630859375,2174.0525817871094,1317.431396484375
1457.png,0,0.0074302321299910545,2390.752166748047,544.4150390625,2407.197235107422,556.27880859375
1457.png,0,0.007394301705062389,2262.177490234375,590.0255126953125,2275.1669921875,599.7325439453125
1457.png,0,0.00737109174951911,845.75830078125,2718.932861328125,870.7148132324219,2735.949462890625
1457.png,0,0.007362388540059328,2332.6712341308594,475.0568542480469,2346.940887451172,487.3870544433594
1457.png,0,0.007309798616915941,658.0305786132812,744.0103759765625,672.7129516601562,758.8072509765625
1457.png,0,0.0072986166924238205,2689.4124755859375,738.9790649414062,2705.5902099609375,748.7628784179688
1457.png,0,0.007212846074253321,2180.8970947265625,1295.1858520507812,2206.5924682617188,1322.1825561523438
1457.png,0,0.007206812500953674,1731.6876220703125,2636.1702270507812,1748.0359497070312,2655.2405395507812
1457.png,0,0.007197760045528412,2669.3702392578125,686.1737670898438,2682.7713623046875,710.1637573242188
1457.png,0,0.007188122719526291,2497.4725341796875,731.7779541015625,2506.414306640625,747.3863525390625
1457.png,0,0.00715986592695117,1063.8639221191406,2717.8682250976562,1089.8303527832031,2745.5602416992188
1457.png,0,0.007078258320689201,496.77789306640625,2080.3342895507812,514.2913208007812,2096.9105834960938
1457.png,0,0.007071719504892826,2549.0555419921875,322.197021484375,2560.0,340.2694091796875
1457.png,0,0.007069935090839863,2521.050048828125,737.891357421875,2531.17041015625,753.775146484375
1457.png,0,0.0070641799829900265,2462.9331970214844,692.0289306640625,2470.385772705078,707.6094970703125
1457.png,1,0.006991211324930191,876.8921890258789,2087.149658203125,986.0342102050781,2119.815673828125
1457.png,0,0.006926590111106634,2294.8294067382812,516.8196411132812,2305.9224243164062,532.9122924804688
1457.png,0,0.006911116186529398,373.909912109375,2124.016357421875,386.70556640625,2143.9632568359375
1457.png,0,0.006880149710923433,509.1963806152344,2208.5758056640625,547.7147216796875,2226.216796875
1457.png,0,0.006867058575153351,2483.8017578125,663.8677368164062,2490.375,683.1067504882812
1457.png,1,0.00685877725481987,2633.5757446289062,1644.7402801513672,2660.0076293945312,1677.8240203857422
1457.png,0,0.006850529462099075,1838.817138671875,2373.012939453125,1849.4087524414062,2391.58203125
1457.png,1,0.006814169697463512,850.1908569335938,2199.9144897460938,896.0753173828125,2221.5399780273438
1457.png,0,0.006798432674258947,1957.4187622070312,174.31759643554688,1979.8316040039062,198.77120971679688
1457.png,0,0.006721095182001591,1697.6021728515625,2340.131103515625,1758.7432861328125,2356.616943359375
1457.png,0,0.0067132869735360146,2285.0962829589844,933.8258666992188,2299.0865783691406,951.2283630371094
1457.png,0,0.006710165645927191,448.9024658203125,157.30926513671875,459.876220703125,177.1812744140625
1457.png,2,0.006695270072668791,2182.3045043945312,1288.71875,2206.498565673828,1322.322021484375
1457.png,0,0.006685120519250631,1532.8900146484375,1923.711669921875,1545.1285400390625,1945.6787109375
1457.png,0,0.006681078113615513,274.00830078125,2610.9656982421875,297.0577392578125,2626.8897705078125
1457.png,0,0.006671961396932602,2483.171875,712.5565185546875,2491.53173828125,732.1795654296875
1457.png,0,0.006620150990784168,2927.9095458984375,421.43792724609375,2937.6534423828125,439.87152099609375
1457.png,0,0.006584607530385256,1772.838134765625,1604.1431884765625,1781.56591796875,1620.6390380859375
1457.png,0,0.006570203695446253,1234.2708129882812,1096.3866577148438,1245.6771850585938,1110.9890747070312
1457.png,0,0.00652814656496048,2663.13720703125,710.0025634765625,2676.625,728.0865478515625
1457.png,0,0.006508942693471909,317.43304443359375,1361.7844848632812,329.39703369140625,1376.8237915039062
1457.png,0,0.0064929029904305935,671.8316040039062,1586.6451416015625,690.5283813476562,1599.8089599609375
1457.png,0,0.006450045853853226,2327.9151000976562,702.6072998046875,2344.061279296875,716.4080810546875
1457.png,1,0.0064476653933525085,768.0,440.8753662109375,785.884105682373,479.916015625
1457.png,0,0.006422778125852346,2337.1090698242188,642.0931396484375,2353.8389282226562,652.3939208984375
1457.png,0,0.0064159962348639965,726.794189453125,750.685791015625,740.6502685546875,768.429443359375
1457.png,0,0.006411131005734205,2651.003173828125,659.429443359375,2663.406005859375,672.675048828125
1457.png,2,0.0064111254177987576,849.6195526123047,2199.9478759765625,897.2464752197266,2221.6304931640625
1457.png,0,0.006410013884305954,2523.1724548339844,668.8135375976562,2531.4369201660156,684.7048950195312
1457.png,0,0.006398504599928856,1657.2883911132812,1588.9081420898438,1666.4974975585938,1604.2589721679688
1457.png,0,0.006372821517288685,2145.800437927246,2006.9898529052734,2154.42586517334,2022.521987915039
1457.png,0,0.006367668975144625,2641.6978149414062,1786.0,2658.8174438476562,1816.9040203094482
1457.png,0,0.006337498314678669,3003.1044921875,697.0452880859375,3013.605224609375,716.3800048828125
1457.png,0,0.0063160490244627,0.8743896484375,1503.77783203125,19.799161911010742,1517.956787109375
1457.png,0,0.006301091518253088,3048.7711181640625,341.1702880859375,3064.1707763671875,357.2784423828125
1457.png,0,0.006281347945332527,1262.2229614257812,2581.093505859375,1281.1972045898438,2599.2039794921875
1457.png,0,0.006219402886927128,191.6704559326172,1796.8468627929688,229.9632110595703,1813.8560180664062
1457.png,0,0.006209016777575016,1718.7909240722656,1860.1732788085938,1734.2043151855469,1886.5531616210938
1457.png,0,0.00620265631005168,2072.23876953125,1009.6243896484375,2085.990478515625,1023.2977294921875
1457.png,2,0.00619873870164156,1620.7954711914062,2414.0596313476562,1643.2175598144531,2460.6007690429688
1530.png,1,0.26230448484420776,1888.8938598632812,1371.0609741210938,1914.9672241210938,1423.3506469726562
1530.png,1,0.15691372752189636,2970.8984375,0.0,3009.376220703125,35.56709671020508
1530.png,1,0.1468760222196579,774.4273719787598,2515.7347412109375,793.7842102050781,2563.5153198242188
1530.png,0,0.13014020025730133,1097.8026428222656,485.01953125,1114.0962829589844,516.6702880859375
1530.png,1,0.1024722009897232,1094.4937744140625,2195.9434356689453,1131.6582641601562,2236.23184967041
1530.png,0,0.09810483455657959,813.5769844055176,3079.270263671875,829.743595123291,3100.483154296875
1530.png,1,0.09205752611160278,2211.54541015625,1294.4447021484375,2246.17822265625,1338.0206298828125
1530.png,0,0.08747027814388275,1677.3505401611328,1074.0545959472656,1709.1982879638672,1087.3732604980469
1530.png,0,0.08236675709486008,872.1163177490234,2857.1901245117188,885.8574371337891,2878.3381958007812
1530.png,1,0.08230540156364441,972.3041687011719,534.0773315429688,1034.7716979980469,547.0831909179688
1530.png,1,0.082241490483284,1075.3558349609375,2896.0255126953125,1092.9427490234375,2926.3946533203125
1530.png,0,0.08204440772533417,1078.3404235839844,1588.6656494140625,1111.5691223144531,1611.070083618164
1530.png,0,0.08011683076620102,1216.0822448730469,2830.18115234375,1233.2778625488281,2854.96435546875
1530.png,0,0.07957581430673599,1726.9814758300781,1050.3529357910156,1741.0020446777344,1081.5801086425781
1530.png,0,0.07801945507526398,1804.4588317871094,1506.7535400390625,1823.4822082519531,1540.2308349609375
1530.png,0,0.07703928649425507,1099.6348571777344,520.873291015625,1115.9268493652344,552.85498046875
1530.png,0,0.07347613573074341,392.57672119140625,2023.121337890625,404.56695556640625,2041.491943359375
1530.png,0,0.07289914786815643,1112.128173828125,488.12811279296875,1125.796630859375,517.0451049804688
1530.png,0,0.07088419049978256,1198.1844787597656,1636.6177062988281,1228.0541076660156,1654.7250061035156
1530.png,0,0.06500420719385147,1678.0682067871094,1084.6585083007812,1710.7525939941406,1096.1034545898438
1530.png,0,0.0638778954744339,1667.66357421875,117.89093017578125,1685.4474182128906,135.89002990722656
1530.png,0,0.06381810456514359,645.1763916015625,2846.2744750976562,670.4434814453125,2871.9891967773438
1530.png,0,0.06335137039422989,2975.4901733398438,0.0,3009.6591186523438,38.387359619140625
1530.png,0,0.05871293321251869,864.6702270507812,2701.3870239257812,882.0672607421875,2723.2553100585938
1530.png,0,0.05547037348151207,959.7182006835938,1079.8191223144531,972.9805297851562,1104.8458557128906
1530.png,0,0.0526437982916832,289.591552734375,1917.2051391601562,306.267822265625,1936.3687133789062
1530.png,0,0.052416134625673294,1203.0459289550781,1608.1565399169922,1225.4172058105469,1625.7183990478516
1530.png,0,0.052164144814014435,676.272216796875,900.8088989257812,689.18359375,925.1511840820312
1530.png,0,0.051476988941431046,728.3402099609375,2836.5294189453125,754.1680908203125,2852.5670166015625
1530.png,0,0.05029476806521416,1064.2979125976562,676.4083251953125,1075.8721313476562,696.735107421875
1530.png,0,0.050285324454307556,1909.781005859375,1373.4053955078125,1926.4287719726562,1404.312744140625
1530.png,3,0.048793975263834,1927.452880859375,1379.7513427734375,1943.7513427734375,1415.1153564453125
1530.png,0,0.04822137579321861,480.3394775390625,2043.4681701660156,502.0302734375,2070.0338134765625
1530.png,0,0.04767768457531929,777.1216163635254,2516.7297973632812,796.145191192627,2565.2954711914062
1530.png,0,0.04699556156992912,1078.3329772949219,486.38165283203125,1086.3763122558594,501.65740966796875
1530.png,1,0.044389620423316956,826.7698974609375,1492.904052734375,871.186767578125,1520.923583984375
1530.png,0,0.04339065030217171,815.09033203125,2732.1390380859375,838.7829895019531,2746.0758056640625
1530.png,0,0.04289615526795387,579.0146484375,2105.6976318359375,592.01953125,2121.2669677734375
1530.png,0,0.04247792810201645,608.12939453125,2036.8878173828125,630.084228515625,2050.35205078125
1530.png,0,0.040034711360931396,383.81744384765625,2051.013671875,404.39093017578125,2065.4869384765625
1530.png,0,0.03996441885828972,291.724853515625,673.69482421875,300.9052734375,688.058837890625
1530.png,3,0.03954662010073662,1096.9037475585938,488.5225830078125,1116.9421997070312,517.9736328125
1530.png,1,0.039157528430223465,1744.0549926757812,170.75967407226562,1757.6959228515625,192.30731201171875
1530.png,0,0.039118703454732895,2824.609619140625,3185.694091796875,2840.6661376953125,3210.2911376953125
1530.png,0,0.03911130502820015,861.6136474609375,1196.9579467773438,880.0150146484375,1206.8391723632812
1530.png,3,0.038461219519376755,2328.8571166992188,1242.1151123046875,2347.4923400878906,1263.1123046875
1530.png,3,0.038418177515268326,1911.3583374023438,1371.8173217773438,1926.4212036132812,1406.5641479492188
1530.png,0,0.03681685030460358,386.5187072753906,2017.9723510742188,397.4215393066406,2040.2606811523438
1530.png,0,0.03607916831970215,767.4393310546875,716.6199951171875,794.7247314453125,736.7957763671875
1530.png,0,0.03600979596376419,3044.268798828125,986.5424957275391,3060.331298828125,1015.3143157958984
1530.png,3,0.03544856980443001,1916.4948120117188,1388.04052734375,1928.2684936523438,1417.0667724609375
1530.png,1,0.03535923361778259,252.8571319580078,2976.7529907226562,272.82000732421875,3025.6342163085938
1530.png,0,0.03509670868515968,1543.1682891845703,840.7838897705078,1561.2629318237305,865.3415679931641
1530.png,1,0.03488980978727341,1315.2294921875,1536.0,1346.88232421875,1574.2240982055664
1530.png,0,0.03436527028679848,927.2745361328125,1186.6418762207031,945.1539306640625,1201.1606750488281
1530.png,0,0.034036923199892044,1426.4056396484375,1595.5164527893066,1445.6029052734375,1620.2344360351562
1530.png,0,0.0330054834485054,1934.3618774414062,1455.7587890625,1955.7173461914062,1489.7200927734375
1530.png,0,0.0329633392393589,1273.4839477539062,1668.6590423583984,1294.0953979492188,1684.9031219482422
1530.png,3,0.03288205340504646,2343.8063049316406,1243.2963256835938,2358.943328857422,1260.3493041992188
1530.png,1,0.03260160982608795,2983.16650390625,3067.099365234375,3005.9769287109375,3105.949462890625
1530.png,0,0.03196335583925247,253.54335021972656,2976.470947265625,274.78759765625,3025.364013671875
1530.png,0,0.030870560556650162,1704.3752136230469,1112.6184692382812,1725.3144226074219,1124.4628295898438
1530.png,0,0.030535278841853142,44.91545867919922,2412.6698608398438,55.13115692138672,2428.2484741210938
1530.png,0,0.029883209615945816,474.0650634765625,2114.1321411132812,485.729736328125,2132.9963989257812
1530.png,0,0.02949945628643036,2207.032470703125,479.281982421875,2226.1380615234375,504.745361328125
1530.png,0,0.029222046956419945,54.65370178222656,2415.2161865234375,63.16441345214844,2429.3621826171875
1530.png,0,0.028305010870099068,1890.633056640625,1375.918701171875,1915.2584228515625,1423.25
1530.png,0,0.028045358136296272,1715.3443908691406,1627.757080078125,1729.2740478515625,1645.0968017578125
1530.png,0,0.027455216273665428,716.2061767578125,2779.3995971679688,734.5225830078125,2802.9249877929688
1530.png,0,0.02630554884672165,2982.8707275390625,3066.122314453125,3005.4007568359375,3107.2294921875
1530.png,0,0.02625695802271366,845.6482696533203,2653.3604736328125,870.3542327880859,2663.6036376953125
1530.png,3,0.025956224650144577,478.96295166015625,2042.3955993652344,501.86517333984375,2070.9989013671875
1530.png,0,0.025908922776579857,1925.7309265136719,1105.4683227539062,1956.8243713378906,1126.4321899414062
1530.png,0,0.0254680123180151,967.4370727539062,899.5248718261719,993.3632202148438,910.7460021972656
1530.png,0,0.025380875915288925,1732.0952453613281,787.0045166015625,1745.3105163574219,805.6136474609375
1530.png,0,0.02495085448026657,22.708324432373047,2419.5916137695312,39.34702682495117,2431.1403198242188
1530.png,0,0.024655858054757118,519.337890625,2069.487548828125,537.4853515625,2089.655029296875
1530.png,2,0.02463514357805252,2215.0181274414062,1294.9050903320312,2245.92529296875,1337.6633911132812
1530.png,1,0.024522632360458374,1704.3496704101562,124.72760009765625,1727.122314453125,152.89279174804688
1530.png,0,0.0241975337266922,1763.4604797363281,1113.9728698730469,1776.1805725097656,1131.7603454589844
1530.png,1,0.02418457344174385,2396.391845703125,317.13848876953125,2430.1565551757812,346.25164794921875
1530.png,0,0.02415025420486927,700.0011596679688,2786.3162841796875,713.2919311523438,2801.8441162109375
1530.png,0,0.023320132866501808,1504.8048095703125,827.4464111328125,1522.9451904296875,841.28662109375
1530.png,1,0.022962549701333046,1905.9488220214844,1855.1166381835938,1933.7524108886719,1892.0308227539062
1530.png,0,0.021948253735899925,2195.154296875,496.8465270996094,2207.0928955078125,509.9018249511719
1530.png,0,0.021585242822766304,1109.645263671875,2829.424560546875,1137.191162109375,2851.970947265625
1530.png,0,0.021085551008582115,783.2785987854004,3077.7184448242188,803.6313400268555,3096.1201782226562
1530.png,3,0.021077530458569527,1109.1484375,489.739501953125,1127.3486328125,519.172607421875
1530.png,0,0.020922940224409103,727.4856567382812,2848.7318115234375,750.9336547851562,2863.7567138671875
1530.png,0,0.02078682743012905,1711.6414184570312,123.50373840332031,1727.3829345703125,153.6713409423828
1530.png,1,0.020531250163912773,221.21383666992188,2828.8131103515625,247.42196655273438,2876.7283935546875
1530.png,1,0.019911691546440125,3002.9842529296875,1006.9599609375,3036.8848876953125,1023.0611572265625
1530.png,0,0.019838236272335052,2534.8511962890625,2163.62109375,2557.3895263671875,2200.052734375
1530.png,2,0.01967265084385872,1787.6461486816406,1375.1419677734375,1834.8242492675781,1396.3421630859375
1530.png,0,0.01967182382941246,1085.409912109375,460.326416015625,1097.4935302734375,472.9677734375
1530.png,3,0.01954934559762478,2319.478759765625,1233.3414306640625,2347.176513671875,1249.6668701171875
1530.png,0,0.019545288756489754,793.0130195617676,2771.750732421875,817.624439239502,2784.1414794921875
1530.png,0,0.019066954031586647,1467.4953002929688,140.42391967773438,1486.2024536132812,172.67974853515625
1530.png,1,0.01901983469724655,1951.0695190429688,2504.216278076172,1966.0643920898438,2531.9102478027344
1530.png,0,0.01865340955555439,2873.1824951171875,599.5333862304688,2900.968505859375,629.9685668945312
1530.png,0,0.018217874690890312,429.0220642089844,3001.5838623046875,440.2035217285156,3015.8189697265625
1530.png,0,0.018059637397527695,547.477294921875,2595.483917236328,563.74462890625,2610.9270935058594
1530.png,0,0.017997981980443,1779.7535400390625,187.23658752441406,1791.6710205078125,202.0618438720703
1530.png,0,0.017994441092014313,294.8477783203125,3007.6549072265625,310.22027587890625,3035.2364501953125
1530.png,0,0.017795328050851822,1330.9799194335938,1955.572265625,1340.1427612304688,1971.4246826171875
1530.png,0,0.01775946654379368,2970.925048828125,3120.0934448242188,2986.9000244140625,3130.3403930664062
1530.png,0,0.017576413229107857,2457.2388916015625,714.26904296875,2478.723876953125,740.9935302734375
1530.png,3,0.01755250245332718,1917.0045166015625,1356.7791748046875,1933.742919921875,1404.7156982421875
1530.png,0,0.017539696767926216,603.1010131835938,1348.1829833984375,629.4443969726562,1359.1060791015625
1530.png,0,0.017376869916915894,92.02903747558594,2019.0491943359375,102.42494201660156,2030.6453857421875
1530.png,0,0.017322564497590065,1702.3033752441406,123.8963623046875,1716.7337951660156,141.81790161132812
1530.png,0,0.017186257988214493,33.9863166809082,2384.780517578125,54.5899772644043,2402.2802734375
1530.png,0,0.01711084134876728,1744.017333984375,170.77853393554688,1757.69287109375,192.51263427734375
1530.png,0,0.017053429037332535,2889.2138061523438,2372.0726318359375,2911.8717651367188,2389.9202880859375
1530.png,3,0.017001735046505928,1095.6172485351562,463.34686279296875,1111.4614868164062,485.80865478515625
1530.png,3,0.016477322205901146,1094.4258422851562,1568.0282974243164,1118.9850463867188,1583.361961364746
1530.png,1,0.016437463462352753,564.5762329101562,2195.0,596.8987426757812,2234.809066772461
1530.png,0,0.016289759427309036,2279.3824462890625,1536.0,2292.9288330078125,1543.740490913391
1530.png,1,0.016195053234696388,981.6245422363281,546.6616821289062,1048.2377319335938,567.8679809570312
1530.png,0,0.01615273579955101,1727.7384490966797,133.9495391845703,1745.4920806884766,148.0471649169922
1530.png,0,0.016114121302962303,1226.69287109375,2865.5909423828125,1239.199462890625,2879.7564697265625
1530.png,0,0.01600519008934498,1095.3163452148438,1565.8565483093262,1120.1463012695312,1584.6571006774902
1530.png,0,0.015821993350982666,827.0120849609375,1493.2166748046875,870.2650146484375,1519.114013671875
1530.png,0,0.01562599278986454,448.35284423828125,2118.923583984375,471.19390869140625,2135.06396484375
1530.png,0,0.015592931769788265,605.0869140625,2143.684326171875,624.142822265625,2164.5693359375
1530.png,1,0.0154808908700943,501.3587951660156,2454.871856689453,542.3160400390625,2486.4424743652344
1530.png,0,0.015425523743033409,1536.5745639801025,855.823974609375,1546.735200881958,868.15478515625
1530.png,0,0.015391239896416664,738.9772338867188,2788.6355590820312,751.6950073242188,2802.4193725585938
1530.png,0,0.015360740013420582,216.2590789794922,2276.6207275390625,238.50120544433594,2294.8402099609375
1530.png,0,0.015142614021897316,3004.4378662109375,1007.1583862304688,3036.830810546875,1023.8244018554688
1530.png,0,0.014595932327210903,167.29083251953125,2455.0192260742188,187.80584716796875,2471.3998413085938
1530.png,0,0.014587395824491978,141.04718017578125,2483.64404296875,153.49554443359375,2498.5340576171875
1530.png,0,0.014534519985318184,312.92779541015625,3131.6474609375,335.30010986328125,3150.75341796875
1530.png,1,0.014514044858515263,1082.359130859375,2898.5369873046875,1101.0794677734375,2927.4232177734375
1530.png,1,0.01426269393414259,752.5364990234375,2824.1361694335938,789.0086669921875,2872.0642700195312
1530.png,0,0.014231238514184952,1863.5384521484375,208.7255859375,1878.7724609375,224.00885009765625
1530.png,0,0.014178350567817688,2319.677459716797,1231.6947631835938,2347.246353149414,1248.0228881835938
1530.png,0,0.014164294116199017,1849.9676818847656,2166.229248046875,1865.4072570800781,2178.21142578125
1530.png,0,0.014068217016756535,1913.7937622070312,1268.7348022460938,1950.5996704101562,1280.3319702148438
1530.png,0,0.013999558053910732,1403.3502807617188,2905.0062866210938,1420.8550415039062,2919.2962036132812
1530.png,1,0.013984190300107002,0.0,2646.8330078125,12.929251670837402,2674.9742431640625
1530.png,0,0.013941354118287563,2396.601287841797,320.8955078125,2430.8836364746094,345.210205078125
1530.png,2,0.01393037848174572,2537.316192626953,2197.7265968322754,2597.062469482422,2222.465539932251
1530.png,0,0.013389680534601212,414.63458251953125,332.13970947265625,422.5975341796875,349.33953857421875
1530.png,0,0.013326125219464302,1407.094482421875,1715.9632568359375,1424.794189453125,1733.1541137695312
1530.png,3,0.013280346058309078,214.1346435546875,2813.4938354492188,229.566650390625,2832.2794799804688
1530.png,3,0.01326074730604887,2356.084014892578,1262.5182189941406,2367.063262939453,1276.6401062011719
1530.png,0,0.013240116648375988,1846.9992370605469,1153.9583740234375,1875.1679382324219,1190.6373291015625
1530.png,3,0.013148472644388676,2333.1392822265625,1212.6117553710938,2348.300765991211,1230.7579956054688
1530.png,0,0.013118925504386425,1318.10009765625,1544.3473815917969,1335.30615234375,1573.8135833740234
1530.png,0,0.013038813136518002,845.3374633789062,1449.26513671875,863.2908325195312,1479.69580078125
1530.png,1,0.012757068499922752,924.2101440429688,467.0018005371094,970.5203247070312,478.1095886230469
1530.png,1,0.012696979567408562,1114.5958251953125,575.68017578125,1133.41015625,614.32373046875
1530.png,0,0.012682467699050903,1854.8796081542969,1462.6080322265625,1867.4566955566406,1482.2852783203125
1530.png,0,0.012625853531062603,1850.3250732421875,1869.0479736328125,1864.5081787109375,1884.485107421875
1530.png,3,0.012614806182682514,1909.5151672363281,1356.2255859375,1922.0620422363281,1372.392578125
1530.png,0,0.012512840330600739,642.95166015625,2766.236572265625,660.36962890625,2790.21240234375
1530.png,0,0.012477067299187183,233.53158569335938,1824.5379333496094,257.3390197753906,1850.4833068847656
1530.png,0,0.01241099089384079,1162.1510620117188,2252.790771484375,1174.2517700195312,2267.231460571289
1530.png,0,0.012379388324916363,1493.517822265625,804.59423828125,1519.806396484375,825.834716796875
1530.png,0,0.01224062405526638,434.99603271484375,2106.318359375,446.26934814453125,2119.36572265625
1530.png,0,0.012143108993768692,218.94430541992188,2821.9569091796875,239.32989501953125,2862.1810302734375
1530.png,0,0.012112852185964584,464.5970458984375,1978.82861328125,478.2579345703125,1992.4771728515625
1530.png,0,0.01205362007021904,579.33935546875,1315.7559204101562,590.791015625,1335.1508178710938
1530.png,0,0.0119055500254035,768.0,2274.7517700195312,774.8435926437378,2290.9967651367188
1530.png,0,0.011835429817438126,391.85028076171875,1941.4273986816406,413.00311279296875,1962.6183776855469
1530.png,0,0.011652154847979546,663.544921875,984.8268280029297,682.9197998046875,1004.0388641357422
1530.png,0,0.011483234353363514,2880.701171875,2404.083984375,2895.1900634765625,2425.303466796875
1530.png,0,0.01145869679749012,857.1747741699219,2711.03857421875,869.7164611816406,2725.730224609375
1530.png,0,0.011394518427550793,411.36407470703125,2087.060302734375,427.03887939453125,2102.291259765625
1530.png,3,0.011308196932077408,816.8602523803711,2761.7401733398438,839.6626663208008,2780.5556030273438
1530.png,3,0.011306150816380978,2308.9488677978516,1240.2279357910156,2333.055862426758,1258.2829284667969
1530.png,0,0.011288600973784924,1022.5911407470703,532.7012329101562,1060.2015991210938,549.9679565429688
1530.png,0,0.011074237525463104,1469.77392578125,1153.0159301757812,1484.338623046875,1165.9007568359375
1530.png,0,0.01101287454366684,2929.4878540039062,3082.4683837890625,2943.6874389648438,3102.9871826171875
1530.png,0,0.010873514227569103,1093.4042358398438,583.0504150390625,1110.4138793945312,613.5501708984375
1530.png,0,0.010850285179913044,1067.9824523925781,1945.9561157226562,1077.5596618652344,1966.5162963867188
1530.png,0,0.010841676034033298,2196.5379638671875,473.4805603027344,2212.4583740234375,489.4372863769531
1530.png,3,0.010811913758516312,1085.0924072265625,470.0263366699219,1100.635986328125,482.3439636230469
1530.png,1,0.01078642439097166,2217.8646240234375,95.8656005859375,2253.0791015625,131.90045166015625
1530.png,0,0.010754254646599293,191.97015380859375,2102.1771240234375,213.4154052734375,2116.79296875
1530.png,0,0.010668826289474964,408.366455078125,1878.2417602539062,424.6048583984375,1900.4848022460938
1530.png,0,0.01056004036217928,1449.7785034179688,1047.2308349609375,1466.7980346679688,1068.5816650390625
1530.png,1,0.010504573583602905,1029.576904296875,2695.0590209960938,1066.35595703125,2722.6746215820312
1530.png,0,0.010447965003550053,283.6436767578125,1927.6990966796875,299.87530517578125,1940.9930419921875
1530.png,1,0.010395032353699207,989.7791748046875,425.92645263671875,1024.0,435.95526123046875
1530.png,0,0.010276935994625092,1988.28271484375,2195.0,2005.31689453125,2211.046718597412
1530.png,0,0.010271776467561722,2537.2469787597656,2022.0116577148438,2556.165496826172,2037.9398193359375
1530.png,1,0.010221083648502827,1104.214111328125,528.881103515625,1144.7158203125,550.15771484375
1530.png,0,0.010208298452198505,1988.3478088378906,2169.5391235351562,2000.8115539550781,2184.1696166992188
1530.png,0,0.010166476480662823,722.617919921875,1095.9332885742188,736.88134765625,1105.6912231445312
1530.png,0,0.010151434689760208,1947.1004333496094,2068.5810546875,1956.5789489746094,2082.288330078125
1530.png,0,0.010099092498421669,1528.3509521484375,2696.630615234375,1545.7054443359375,2706.3704833984375
1530.png,1,0.010089867748320103,2072.8106689453125,1992.6360778808594,2117.4581298828125,2015.4516906738281
1530.png,0,0.01006585918366909,224.77316284179688,871.0638427734375,255.55319213867188,893.0267333984375
1530.png,0,0.010046998038887978,887.0368499755859,2838.021484375,898.6848297119141,2852.379150390625
1530.png,0,0.00992873776704073,1362.0636596679688,2787.9437255859375,1379.0944213867188,2810.670166015625
1530.png,1,0.009877491742372513,1181.9485473632812,2830.826416015625,1207.4534912109375,2841.676513671875
1530.png,0,0.009835385717451572,518.351318359375,1081.9619140625,534.129638671875,1104.68408203125
1530.png,3,0.009812930598855019,808.4277114868164,2752.4266357421875,836.3390045166016,2770.4842529296875
1530.png,0,0.009739544242620468,2334.2813568115234,1243.4815063476562,2357.2091217041016,1269.4889526367188
1530.png,3,0.009724176488816738,2341.483856201172,1216.7705688476562,2361.2853088378906,1244.1723022460938
1530.png,0,0.009719577617943287,1945.2250366210938,299.9546813964844,1961.9566040039062,317.1626281738281
1530.png,3,0.009665870107710361,2320.7530212402344,1211.6181030273438,2334.173126220703,1225.1757202148438
1530.png,0,0.009663159027695656,1416.441162109375,2648.41748046875,1437.977783203125,2664.727783203125
1530.png,0,0.009628134779632092,1840.2512817382812,1437.6282348632812,1847.9379272460938,1452.4523315429688
1530.png,1,0.00958130694925785,927.0428924560547,461.40008544921875,967.3202056884766,473.09100341796875
1530.png,0,0.009570376016199589,982.7020568847656,533.059326171875,1035.8885192871094,548.79833984375
1530.png,0,0.00955499429255724,1951.8249816894531,2503.8726196289062,1966.4967346191406,2531.9620361328125
1530.png,3,0.0095287524163723,1680.1128387451172,1085.6557922363281,1711.4701690673828,1102.0744323730469
1530.png,1,0.00951915793120861,768.0,2512.1072692871094,782.5503540039062,2558.117950439453
1530.png,2,0.009468873031437397,1918.2330932617188,1357.1002807617188,1942.6028442382812,1407.6481323242188
1530.png,0,0.009412935934960842,1536.048122882843,1571.694911956787,1542.3830814361572,1584.0498237609863
1530.png,0,0.009397532790899277,2666.2047119140625,2098.8499755859375,2678.45654296875,2119.2320556640625
1530.png,1,0.009375851601362228,1809.3296813964844,1440.6490478515625,1837.6014709472656,1483.7115478515625
1530.png,0,0.009374523535370827,571.902099609375,1319.5436401367188,580.4796142578125,1333.9282836914062
1530.png,0,0.009361849166452885,525.8392333984375,2123.3170166015625,539.3006591796875,2142.3345947265625
1530.png,0,0.009324994869530201,3219.9437866210938,965.8522338867188,3228.9819946289062,980.6547241210938
1530.png,0,0.009293165989220142,991.0454406738281,2400.8603515625,1016.2406311035156,2422.0650329589844
1530.png,0,0.009215028025209904,276.32952880859375,2715.5321044921875,313.03546142578125,2741.7745361328125
1530.png,0,0.009189637377858162,1725.3682250976562,1019.4018859863281,1741.9601135253906,1036.9245910644531
1530.png,2,0.009138710796833038,880.6838073730469,2559.6757202148438,908.0128173828125,2596.05908203125
1530.png,0,0.00901486724615097,1808.4728698730469,850.0537109375,1818.8898010253906,862.568115234375
1530.png,1,0.00898832082748413,1173.2362976074219,2221.9316482543945,1194.7370910644531,2253.975830078125
1530.png,0,0.008969324640929699,1024.8245239257812,3027.6025390625,1038.5286254882812,3039.47412109375
1530.png,0,0.00890927854925394,2283.4345092773438,1528.2868041992188,2292.2211303710938,1542.8634643554688
1530.png,0,0.00889794621616602,815.3190612792969,2762.235595703125,843.2354354858398,2781.20263671875
1530.png,3,0.008876403793692589,1093.3110656738281,584.8923950195312,1107.7240905761719,604.0486450195312
1530.png,0,0.008848466910421848,1821.0851440429688,1135.9195556640625,1842.3954467773438,1153.109619140625
1530.png,3,0.008833516389131546,2046.8858947753906,1558.0714721679688,2073.7554931640625,1585.4491577148438
1530.png,0,0.008796296082437038,524.7967529296875,2384.431640625,537.4566650390625,2400.266845703125
1530.png,3,0.008782553486526012,450.625244140625,2093.54296875,469.035400390625,2112.82177734375
1530.png,0,0.008779453113675117,540.4246215820312,2608.6454467773438,557.8385620117188,2623.8475952148438
1530.png,0,0.008766760118305683,1001.7911376953125,2745.7320556640625,1017.183837890625,2760.685546875
1530.png,0,0.008758580312132835,621.01123046875,1470.5533447265625,639.958984375,1485.8084716796875
1530.png,0,0.008705398999154568,391.9555358886719,1578.6468315124512,412.0486755371094,1593.028621673584
1530.png,3,0.008694488555192947,2361.585205078125,1248.1469116210938,2383.9028930664062,1265.7625122070312
1530.png,0,0.008687173016369343,2008.6306457519531,1914.7933044433594,2025.1916198730469,1928.8282165527344
1530.png,0,0.00862415786832571,1192.7755737304688,1619.5389556884766,1205.9801635742188,1632.9173126220703
1530.png,0,0.008622221648693085,817.0994491577148,930.5309448242188,829.9877395629883,949.8268432617188
1530.png,0,0.008588566444814205,339.32696533203125,2651.3034057617188,355.34954833984375,2667.0103149414062
1530.png,0,0.00857231579720974,2360.1184692382812,1884.8453674316406,2373.617156982422,1907.8787536621094
1530.png,0,0.008482025936245918,1932.2537231445312,1655.6380462646484,1943.6276245117188,1670.2111206054688
1530.png,0,0.008299105800688267,2283.0476684570312,1132.9443359375,2295.8704223632812,1146.157958984375
1530.png,0,0.008278755471110344,2528.4443359375,2159.8385009765625,2547.378173828125,2195.2047119140625
1530.png,0,0.008253315463662148,1537.694190979004,3133.107177734375,1571.1827239990234,3143.4501953125
1530.png,0,0.008245677687227726,1999.4266967773438,2551.5113525390625,2011.1820678710938,2560.0
1530.png,0,0.00823094230145216,1917.5950622558594,1365.02685546875,1944.6141052246094,1415.528564453125
1530.png,0,0.00818108581006527,1117.1519775390625,1784.7145385742188,1133.0028076171875,1803.524169921875
1530.png,0,0.008158648386597633,1421.6522216796875,2640.5807189941406,1440.0115966796875,2654.5177307128906
1530.png,0,0.008061926811933517,3108.276611328125,1474.208984375,3118.146728515625,1491.4222412109375
1530.png,2,0.00793125294148922,321.8455810546875,2879.463623046875,362.13568115234375,2923.13037109375
1530.png,0,0.00792148057371378,427.769287109375,2981.7362060546875,441.83843994140625,3009.0040283203125
1530.png,0,0.007903342135250568,1465.78125,2195.6068348884583,1478.572021484375,2201.8380665779114
1530.png,0,0.00782101135700941,372.2281799316406,2022.6962280273438,383.9009704589844,2047.4257202148438
1530.png,0,0.007818514481186867,1957.2742919921875,1453.9365844726562,1969.3028564453125,1464.3444213867188
1530.png,0,0.007805445231497288,1113.8179321289062,575.9637451171875,1130.9614868164062,607.087646484375
1530.png,0,0.007767189294099808,758.6624755859375,2867.564208984375,775.1728515625,2884.1314697265625
1530.png,3,0.00773613853380084,2331.0921936035156,1252.3376770019531,2345.7903747558594,1271.3355407714844
1530.png,0,0.0076860105618834496,1747.3440246582031,1100.1908569335938,1771.5036926269531,1117.6871948242188
1530.png,3,0.007673982065171003,2343.841812133789,1260.0814208984375,2355.359359741211,1272.1859130859375
1530.png,1,0.007643454242497683,2456.1506958007812,706.4071044921875,2480.6987915039062,740.9735107421875
1530.png,0,0.00763674033805728,1023.7841186523438,2429.9158935546875,1050.18359375,2454.39794921875
1530.png,0,0.007601943798363209,724.183837890625,941.592529296875,741.349609375,948.49853515625
1530.png,1,0.0075850472785532475,2534.72314453125,2197.649450302124,2598.1165771484375,2222.538583755493
1530.png,0,0.007549077272415161,42.083168029785156,2379.0216064453125,63.24927520751953,2396.3230590820312
1530.png,1,0.007545398082584143,2457.0152587890625,1999.1626586914062,2473.9026794433594,2035.5387573242188
1530.png,0,0.007540953811258078,1488.3975219726562,1194.6842651367188,1506.0338745117188,1210.1282348632812
1530.png,3,0.007513738702982664,2365.8572692871094,1263.1849670410156,2377.961395263672,1277.0187683105469
1530.png,0,0.007482167799025774,1120.8363647460938,3207.355712890625,1135.1425170898438,3218.685546875
1530.png,1,0.007456927094608545,1679.900375366211,1083.15087890625,1711.4584197998047,1104.2657470703125
1530.png,0,0.007448809687048197,2757.185546875,2195.0,2780.6822509765625,2207.820487976074
1530.png,0,0.007424661424010992,165.31845092773438,2460.2001037597656,183.59994506835938,2479.0694274902344
1530.png,0,0.007416298612952232,2799.784423828125,3207.7208251953125,2819.5972900390625,3218.8707275390625
1530.png,1,0.007400352042168379,768.0,768.0358390808105,781.7422542572021,805.9182281494141
1530.png,3,0.0073668500408530235,237.453857421875,2881.7205810546875,251.4483642578125,2897.3753662109375
1530.png,1,0.007344098761677742,2.36824893951416,2656.1892700195312,31.024688720703125,2702.6661376953125
1530.png,0,0.0073436712846159935,908.2796783447266,977.3853759765625,923.7619171142578,996.8494873046875
1530.png,1,0.0072745103389024734,1432.11669921875,1776.0107421875,1492.765625,1792.0
1530.png,0,0.007260313257575035,462.5859375,534.32080078125,493.3165283203125,544.979736328125
1530.png,1,0.007238792255520821,393.6070861816406,483.5013427734375,416.2803649902344,526.9718017578125
1530.png,3,0.007236551959067583,1022.1648559570312,532.2940673828125,1060.9586791992188,551.9007568359375
1530.png,0,0.007171956822276115,375.7972412109375,1948.8079223632812,398.7674560546875,1965.7960815429688
1530.png,0,0.007147250697016716,729.3087158203125,2790.3436279296875,746.43017578125,2808.3486328125
1530.png,1,0.007139019668102264,2421.5157775878906,1648.6545944213867,2465.421905517578,1660.0555953979492
1530.png,1,0.007130449637770653,785.4375343322754,2195.0,812.539867401123,2221.9447135925293
1530.png,0,0.007126245182007551,2865.5247802734375,1727.9209899902344,2881.5372314453125,1761.3947448730469
1530.png,3,0.0070917862467467785,778.9221477508545,2522.0072021484375,796.2166957855225,2565.47412109375
1530.png,0,0.007071956526488066,2474.691650390625,1992.378173828125,2490.0650634765625,2006.1536865234375
1530.png,0,0.007055211346596479,2040.0340576171875,1560.4691772460938,2060.9937744140625,1573.9249877929688
1530.png,3,0.007046265061944723,1087.3663635253906,478.56231689453125,1106.6769104003906,513.2276611328125
1530.png,0,0.007032802328467369,661.884033203125,2776.683349609375,673.6495361328125,2792.973876953125
1530.png,3,0.007015743758529425,1747.1251831054688,1099.6963500976562,1770.0437622070312,1118.6492309570312
1530.png,3,0.007013628259301186,2563.2483520507812,2195.0692749023438,2596.5330200195312,2206.3310050964355
1530.png,0,0.007010417524725199,2376.7032470703125,2622.041259765625,2392.6204528808594,2630.4061279296875
1530.png,0,0.007005888037383556,1734.3249816894531,792.3930644989014,1757.1640930175781,810.8316650390625
1530.png,0,0.006981125567108393,928.3081970214844,460.46026611328125,967.8344116210938,472.3668212890625
1530.png,0,0.006959925405681133,1095.9745178222656,2199.9782333374023,1128.4858093261719,2235.6602096557617
1530.png,3,0.0069405147805809975,2231.532485961914,1327.5203857421875,2243.5661392211914,1336.7335205078125
1530.png,0,0.006931246258318424,12.964349746704102,1757.464111328125,53.37452697753906,1791.892822265625
1530.png,0,0.0069283186458051205,26.286758422851562,736.316650390625,43.302818298339844,758.10107421875
1530.png,1,0.006905168294906616,1933.042724609375,1454.8515625,1957.0318603515625,1489.6771240234375
1530.png,0,0.006902226712554693,1828.6337890625,1056.201171875,1844.1634521484375,1069.7639770507812
1530.png,0,0.006857816129922867,2817.2962646484375,1612.8961791992188,2827.4730224609375,1624.6271362304688
1530.png,0,0.006807241123169661,89.50372314453125,2402.7193603515625,104.46260070800781,2416.6300048828125
1530.png,0,0.006798335816711187,2279.2655029296875,1526.493408203125,2288.5350341796875,1542.6058349609375
1530.png,2,0.006791305262595415,2535.4384155273438,2022.0560913085938,2578.6073608398438,2056.447265625
1530.png,0,0.006790764629840851,335.7539978027344,3173.6380615234375,352.5533142089844,3186.6160888671875
1530.png,0,0.0067450981587171555,3172.8534545898438,881.7965087890625,3193.5204467773438,907.8363037109375
1530.png,0,0.006738794967532158,1131.5775451660156,2179.8596801757812,1141.5834045410156,2191.3069458007812
1530.png,0,0.006724214646965265,1120.0287475585938,2891.846435546875,1139.5999145507812,2907.99072265625
1530.png,0,0.0067217121832072735,916.5139770507812,1170.2015991210938,929.9811401367188,1181.4297485351562
1530.png,0,0.006714705843478441,291.3240051269531,649.2034301757812,303.3070373535156,667.9846801757812
1530.png,0,0.006688601337373257,1186.7148742675781,2456.87841796875,1202.6949157714844,2474.1982421875
1530.png,0,0.006647923495620489,3227.6242065429688,1118.0198364257812,3236.2567749023438,1128.7648315429688
1530.png,1,0.006637373473495245,781.1556243896484,995.9934234619141,842.9564971923828,1006.1642303466797
1530.png,1,0.0066331783309578896,858.2874603271484,2846.81494140625,883.9109344482422,2869.876220703125
1530.png,0,0.006624125875532627,2110.5813598632812,1563.922981262207,2123.3213500976562,1593.0114212036133
1530.png,0,0.0066047473810613155,692.4468994140625,1797.3784484863281,709.6588134765625,1819.9732360839844
1530.png,0,0.006594886537641287,747.2510986328125,1279.1969604492188,764.8494873046875,1288.0430297851562
1530.png,0,0.006591079290956259,1404.1853637695312,2688.8287963867188,1424.2787475585938,2713.6222534179688
1530.png,1,0.006587256211787462,1917.1209106445312,1357.5609130859375,1946.4896850585938,1414.6307373046875
1530.png,0,0.00658351881429553,3226.150146484375,978.6979064941406,3236.95556640625,990.5301208496094
1530.png,0,0.006554045248776674,520.3143310546875,2179.18603515625,538.5357666015625,2199.41015625
1530.png,0,0.006549998186528683,148.96481323242188,1793.7471313476562,161.98794555664062,1812.9579467773438
1530.png,0,0.0065193637274205685,2204.427490234375,1433.0444946289062,2218.3123779296875,1447.8784790039062
1530.png,0,0.006519237067550421,1536.097728729248,833.5040893554688,1548.0368432998657,863.0027465820312
1530.png,1,0.006504880264401436,1444.4296875,2158.656494140625,1461.322998046875,2196.160400390625
1530.png,0,0.0064163669012486935,1085.2283325195312,470.563232421875,1099.3956909179688,482.5863037109375
1530.png,0,0.006405068561434746,624.2879028320312,3041.0797729492188,637.7305297851562,3061.9811401367188
1530.png,1,0.0063620274886488914,988.905517578125,2399.2638549804688,1024.0,2445.266387939453
1530.png,0,0.006340844556689262,2267.7994384765625,1133.2290954589844,2283.2252197265625,1150.2976379394531
1530.png,0,0.006281591951847076,2918.0880126953125,2837.7628784179688,2932.5198974609375,2858.1289672851562
1530.png,0,0.006272689905017614,1337.0835571289062,943.5416259765625,1351.1213989257812,956.1163330078125
1929.png,1,0.4355947971343994,4316.891448974609,1679.3988952636719,4339.175628662109,1734.2339782714844
1929.png,1,0.41543465852737427,2351.1165466308594,1713.9761962890625,2402.8709106445312,1761.4832763671875
1929.png,1,0.4086140990257263,3272.0818786621094,1156.3564147949219,3339.217742919922,1179.7488708496094
1929.png,1,0.4071943759918213,4241.094390869141,1682.4803466796875,4258.707611083984,1738.0578002929688
1929.png,1,0.397874653339386,4356.368347167969,1765.626220703125,4448.990417480469,1782.6650390625
1929.png,1,0.3885471224784851,4301.691497802734,1681.9071044921875,4322.761932373047,1734.930908203125
1929.png,1,0.3881463408470154,4298.493469238281,1785.8040466308594,4317.4459228515625,1848.2066955566406
1929.png,1,0.3711811602115631,4221.9346923828125,1680.4886779785156,4241.4466552734375,1737.0747375488281
1929.png,1,0.3608079254627228,3605.0377197265625,1290.897216796875,3692.4410400390625,1329.51806640625
1929.png,1,0.3401182293891907,3506.5025024414062,1197.5733032226562,3572.5150756835938,1235.8002319335938
1929.png,1,0.33916765451431274,4159.178741455078,1688.4308776855469,4181.796417236328,1741.8568420410156
1929.png,1,0.33051425218582153,4336.634704589844,1682.4839172363281,4357.940246582031,1737.7933349609375
1929.png,1,0.31540969014167786,3272.898193359375,1147.2701721191406,3337.8540954589844,1165.5870056152344
1929.png,1,0.3032451570034027,3517.483154296875,1174.2496337890625,3574.8438720703125,1205.4935302734375
1929.png,1,0.27732542157173157,4270.093933105469,1766.5615234375,4349.664306640625,1782.714111328125
1929.png,1,0.26992884278297424,4434.626922607422,1620.8885498046875,4502.138671875,1637.6766357421875
1929.png,1,0.25393742322921753,4065.730972290039,1688.6610412597656,4085.421401977539,1745.4425964355469
1929.png,1,0.2524941861629486,3453.8405151367188,1189.1197509765625,3491.3146362304688,1234.3974609375
1929.png,1,0.24865248799324036,3595.2247314453125,1314.73046875,3666.523681640625,1352.546142578125
1929.png,1,0.241939514875412,4696.6107177734375,1684.5848999023438,4719.0101318359375,1726.4456787109375
1929.png,1,0.21588751673698425,3260.7583618164062,1097.135009765625,3304.56640625,1129.1124267578125
1929.png,1,0.21236464381217957,4120.1357421875,1689.7742614746094,4139.659606933594,1731.2840881347656
1929.png,1,0.2050807774066925,3478.6822509765625,1182.1051025390625,3518.4989013671875,1224.6102294921875
1929.png,1,0.20048023760318756,4478.488525390625,1681.6708984375,4496.386962890625,1728.74169921875
1929.png,1,0.19709116220474243,4139.056243896484,1688.4964904785156,4158.102081298828,1731.5081481933594
1929.png,1,0.19556115567684174,4282.3917236328125,1857.392333984375,4372.653869628906,1873.1536865234375
1929.png,1,0.19414681196212769,4426.065124511719,1680.7228393554688,4444.771667480469,1746.9568481445312
1929.png,1,0.1911272406578064,4225.064208984375,1782.349105834961,4243.94091796875,1825.0888671875
1929.png,1,0.18723511695861816,4316.779846191406,1799.3992309570312,4335.866271972656,1847.963623046875
1929.png,1,0.18061448633670807,4922.1177978515625,1660.687255859375,4943.263671875,1715.7861328125
1929.png,1,0.17262126505374908,3073.041965484619,2015.6934204101562,3104.804828643799,2037.3812866210938
1929.png,1,0.16829301416873932,3994.5846939086914,1832.1032104492188,4065.099006652832,1840.4130249023438
1929.png,1,0.1657826155424118,4679.952880859375,1823.0654296875,4699.86083984375,1880.434814453125
1929.png,1,0.15824554860591888,4581.8824462890625,1686.23828125,4598.1146240234375,1724.6015625
1929.png,1,0.14643992483615875,4184.928527832031,1777.4052276611328,4205.847686767578,1822.8353881835938
1929.png,1,0.13451355695724487,4285.229064941406,1693.1805114746094,4303.094177246094,1736.1620788574219
1929.png,1,0.12861333787441254,4675.364501953125,1681.2639465332031,4696.20068359375,1724.4470520019531
1929.png,1,0.1283591240644455,4561.8072509765625,1687.5258178710938,4579.5960693359375,1727.2072143554688
1929.png,1,0.12248918414115906,3482.190216064453,1229.5254516601562,3546.6206970214844,1251.1517333984375
1929.png,1,0.1218891441822052,4005.1939544677734,1679.4464111328125,4025.894012451172,1721.4097900390625
1929.png,1,0.11390107125043869,4248.579650878906,1780.8752136230469,4266.817932128906,1821.6279602050781
1929.png,1,0.1117984727025032,4202.520706176758,1689.4089050292969,4220.475280761719,1735.9612121582031
1929.png,1,0.10812975466251373,4743.30859375,1678.5193176269531,4762.831298828125,1717.5083923339844
1929.png,1,0.10544010251760483,4351.030822753906,1810.5738220214844,4371.196472167969,1847.5138854980469
1929.png,1,0.09961622208356857,4270.6700439453125,1691.0305786132812,4288.281433105469,1735.6207275390625
1929.png,0,0.09912821650505066,3416.5172729492188,1852.1572265625,3454.4801635742188,1870.84423828125
1929.png,1,0.09843188524246216,4404.477325439453,1683.7899169921875,4422.419952392578,1720.8590087890625
1929.png,1,0.09591502696275711,3414.1427307128906,1850.6646728515625,3456.2496643066406,1872.4598388671875
1929.png,0,0.0948040708899498,4742.6854248046875,1678.6187438964844,4762.2860107421875,1719.6147766113281
1929.png,3,0.09472111612558365,4199.582458496094,1688.6754455566406,4220.715393066406,1735.8723449707031
1929.png,1,0.09275311976671219,1544.7886962890625,2316.341827392578,1606.7972412109375,2328.019073486328
1929.png,0,0.09222538024187088,4737.264892578125,1428.8411865234375,4778.70751953125,1442.1180419921875
1929.png,3,0.09189759194850922,3549.6699829101562,1205.76318359375,3578.0154418945312,1230.6056518554688
1929.png,1,0.09068211913108826,4495.916015625,1683.5067138671875,4513.938232421875,1726.9019775390625
1929.png,1,0.08843479305505753,1536.2673587799072,3134.8134155273438,1558.4777641296387,3176.5502319335938
1929.png,1,0.08746262639760971,751.1473388671875,3098.923095703125,793.468017578125,3112.336181640625
1929.png,1,0.08607550710439682,4389.926086425781,1616.7848510742188,4434.775207519531,1632.8251342773438
1929.png,0,0.08320371061563492,4586.5765380859375,1600.4407348632812,4603.9556884765625,1639.8388061523438
1929.png,1,0.08064739406108856,769.1503829956055,1010.0870513916016,785.0086135864258,1038.70556640625
1929.png,0,0.07999616861343384,4183.251251220703,1777.787094116211,4203.008087158203,1822.5850830078125
1929.png,0,0.07964307069778442,3542.1747131347656,1808.1431884765625,3576.715606689453,1821.653564453125
1929.png,1,0.07859858125448227,1390.5262451171875,2938.2398681640625,1458.1285400390625,2956.7713623046875
1929.png,1,0.07604116946458817,4698.500732421875,1828.4625549316406,4720.33203125,1879.1165466308594
1929.png,0,0.07577161490917206,4403.4600830078125,1683.9065246582031,4422.7142333984375,1721.9158325195312
1929.png,0,0.0744522362947464,2505.90966796875,1293.7456665039062,2546.91845703125,1310.9334106445312
1929.png,0,0.07388659566640854,4201.2425537109375,1689.1433715820312,4220.105651855469,1735.3640747070312
1929.png,0,0.07173267751932144,1526.1258544921875,2264.811767578125,1557.27880859375,2283.4384765625
1929.png,2,0.06984630972146988,1155.3727416992188,2977.836181640625,1223.9138793945312,3006.176513671875
1929.png,1,0.06956217437982559,4351.7135009765625,1678.0260620117188,4370.3438720703125,1705.6925048828125
1929.png,1,0.06856197118759155,2775.3567504882812,1428.74365234375,2823.8816528320312,1446.1328125
1929.png,3,0.06853971630334854,4341.236175537109,1609.3575057983398,4367.962554931641,1623.0615615844727
1929.png,0,0.06807643920183182,4352.1014404296875,1678.07177734375,4370.171630859375,1708.3023681640625
1929.png,1,0.06699909269809723,3526.16650390625,1855.1232299804688,3581.3391723632812,1876.0296020507812
1929.png,0,0.06548123806715012,3152.34383392334,2049.0313720703125,3180.823356628418,2084.5836181640625
1929.png,1,0.06446831673383713,4654.437805175781,1683.5153503417969,4676.502990722656,1728.193359375
1929.png,0,0.06276704370975494,4602.947814941406,1687.8359985351562,4619.692321777344,1726.4191284179688
1929.png,0,0.062476105988025665,4121.40185546875,1690.595458984375,4138.751953125,1732.64697265625
1929.png,0,0.06245701014995575,1655.361312866211,2388.94091796875,1692.3636016845703,2428.2353515625
1929.png,3,0.061975594609975815,4230.191741943359,1811.9133911132812,4244.712249755859,1837.6420288085938
1929.png,0,0.061662979423999786,4369.445068359375,1677.9978942871094,4387.1048583984375,1710.580810546875
1929.png,3,0.06061306595802307,3145.6250915527344,2047.0663452148438,3181.159683227539,2083.4843139648438
1929.png,0,0.06036955863237381,1534.0469970703125,3133.8016967773438,1557.3590087890625,3172.4609985351562
1929.png,0,0.05862287059426308,1914.0185546875,1223.5338134765625,1930.42529296875,1239.8353271484375
1929.png,0,0.05719240754842758,4747.98486328125,487.7552490234375,4777.65185546875,497.8870849609375
1929.png,0,0.05715382844209671,4883.523681640625,2375.5444946289062,4900.956298828125,2399.9580688476562
1929.png,0,0.05705908313393593,4587.232666015625,1674.949462890625,4623.6121826171875,1683.927978515625
1929.png,3,0.05699395388364792,4259.875549316406,1831.1294555664062,4274.800720214844,1858.6572875976562
1929.png,0,0.05688132345676422,4004.9801330566406,1678.1640625,4026.211456298828,1720.8411865234375
1929.png,0,0.05627543479204178,4566.86376953125,1614.5225830078125,4583.9923095703125,1654.7230224609375
1929.png,0,0.05597901716828346,3239.765380859375,1184.566162109375,3275.1234741210938,1204.5286865234375
1929.png,0,0.054985411465168,4788.038879394531,2507.1781005859375,4813.106994628906,2516.0504150390625
1929.png,0,0.05493016168475151,3065.7673950195312,2016.8934326171875,3105.7738647460938,2034.9151611328125
1929.png,0,0.054643768817186356,3018.594482421875,2029.485107421875,3056.7711181640625,2046.2117309570312
1929.png,0,0.054444294422864914,3386.4755859375,1872.3126831054688,3411.6883544921875,1894.9548950195312
1929.png,0,0.0543188750743866,443.38519287109375,1626.7779922485352,473.86834716796875,1636.2538375854492
1929.png,0,0.053561147302389145,3596.5762939453125,1330.595947265625,3649.2940673828125,1358.303955078125
1929.png,0,0.053294818848371506,4225.8619384765625,1783.8105163574219,4242.9794921875,1821.5129089355469
1929.png,1,0.05258924886584282,4110.603088378906,1823.8558349609375,4128.7203369140625,1861.316162109375
1929.png,0,0.05241578072309494,1201.753662109375,2527.17578125,1220.0433349609375,2561.416259765625
1929.png,0,0.05238807201385498,3433.8609313964844,1976.8998718261719,3457.977813720703,1989.4131164550781
1929.png,1,0.051439423114061356,3956.166389465332,1832.4354248046875,3987.455909729004,1846.9488525390625
1929.png,3,0.0513174831867218,4246.6229248046875,1826.6882629394531,4261.6473388671875,1846.5815124511719
1929.png,0,0.05091657117009163,4657.9638671875,1685.8404388427734,4676.049072265625,1726.9192352294922
1929.png,3,0.04944395646452904,3512.24951171875,1215.6124267578125,3565.9066772460938,1239.59228515625
1929.png,0,0.04942777752876282,4787.3406982421875,2489.1558837890625,4813.4779052734375,2500.9732666015625
1929.png,0,0.049311697483062744,3454.873291015625,1187.6720581054688,3490.4130859375,1235.5030517578125
1929.png,0,0.0492938868701458,4922.4674072265625,1659.798583984375,4942.5460205078125,1713.42333984375
1929.png,2,0.04900994524359703,2776.0012817382812,1429.510986328125,2823.1730346679688,1445.13623046875
1929.png,1,0.04891156405210495,4602.556640625,1687.1636352539062,4620.15185546875,1727.6012573242188
1929.png,0,0.04828183352947235,4424.270080566406,1679.11572265625,4443.646911621094,1722.4767761230469
1929.png,0,0.0480785109102726,3137.4429931640625,2029.7796630859375,3159.1290283203125,2060.9179077148438
1929.png,0,0.04729577898979187,3442.0853881835938,1892.3819580078125,3471.0805053710938,1922.8900146484375
1929.png,1,0.04698539897799492,4539.258605957031,1683.6437377929688,4559.953552246094,1730.6658325195312
1929.png,0,0.046967510133981705,4584.1839599609375,1686.20947265625,4599.1038818359375,1724.555908203125
1929.png,1,0.0466490238904953,4622.794677734375,1682.766845703125,4641.780029296875,1723.0966796875
1929.png,0,0.046347782015800476,768.0,3099.8270263671875,793.4524879455566,3112.72900390625
1929.png,0,0.0460846871137619,1932.1464233398438,1188.0819702148438,1949.6157836914062,1208.5990600585938
1929.png,0,0.046083346009254456,4392.9976806640625,1616.4513702392578,4433.417236328125,1633.3069915771484
1929.png,1,0.04574884846806526,1655.1669921875,2389.24853515625,1692.66259765625,2427.055908203125
1929.png,0,0.045710332691669464,2855.582275390625,2608.446258544922,2876.700927734375,2636.0118713378906
1929.png,0,0.04531324654817581,4110.503204345703,1823.9502563476562,4127.606109619141,1862.1387329101562
1929.png,0,0.04517490789294243,1998.3860778808594,1325.9432373046875,2014.8713073730469,1342.9346923828125
1929.png,0,0.04501922056078911,4622.76708984375,1682.7393798828125,4641.80029296875,1723.12158203125
1929.png,1,0.044916894286870956,2505.9851989746094,1293.14990234375,2546.4013061523438,1313.503173828125
1929.png,1,0.04478992894291878,4586.474609375,1674.125732421875,4624.8192138671875,1684.317626953125
1929.png,1,0.0445001944899559,3107.5247192382812,1137.0745849609375,3185.4151000976562,1161.281005859375
1929.png,3,0.04403574764728546,4329.645568847656,1601.9637298583984,4348.316101074219,1616.1185760498047
1929.png,0,0.04291066527366638,4524.199035644531,1026.76318359375,4546.312805175781,1045.966064453125
1929.png,1,0.042327914386987686,4372.578155517578,1789.5799865722656,4391.554656982422,1840.5856018066406
1929.png,0,0.04226452484726906,3610.74755859375,1760.8809204101562,3629.6395263671875,1783.1248779296875
1929.png,3,0.04225730150938034,3135.7064666748047,2057.4232788085938,3160.1517028808594,2076.9096069335938
1929.png,0,0.04191305488348007,4920.3013916015625,3097.7080078125,4945.8414306640625,3122.787109375
1929.png,0,0.041516829282045364,1622.0921020507812,2275.328125,1658.8927612304688,2286.572509765625
1929.png,0,0.04122503101825714,4178.531280517578,1414.602294921875,4206.105621337891,1426.3006591796875
1929.png,0,0.04075125604867935,4541.261657714844,1683.4481201171875,4557.469787597656,1718.4332275390625
1929.png,1,0.040360044687986374,4585.7247314453125,1599.1842651367188,4602.8201904296875,1638.8751831054688
1929.png,1,0.04006022959947586,1615.72119140625,2285.8878173828125,1708.903564453125,2294.771240234375
1929.png,0,0.03995088115334511,1615.5220336914062,3150.8646240234375,1641.2577514648438,3163.3565673828125
1929.png,0,0.039811134338378906,3584.3939208984375,1791.946533203125,3616.7633056640625,1808.865478515625
1929.png,0,0.03874260559678078,3526.3051147460938,1854.8967590332031,3582.8704223632812,1875.8128967285156
1929.png,0,0.03864751756191254,1206.5685424804688,2775.9235229492188,1225.6708374023438,2809.8441772460938
1929.png,0,0.03835367038846016,4349.33447265625,1808.8565063476562,4368.755126953125,1847.6244506835938
1929.png,0,0.03746769577264786,3534.3533935546875,1878.4757080078125,3552.706787109375,1896.8194580078125
1929.png,0,0.03731624782085419,4066.5917358398438,1687.554443359375,4085.546096801758,1738.9656982421875
1929.png,0,0.037049464881420135,4249.575866699219,1783.260498046875,4266.410461425781,1792.0
1929.png,1,0.03687059134244919,3109.1540908813477,1147.7921142578125,3185.572898864746,1176.5106201171875
1929.png,0,0.03684677556157112,2311.3656997680664,2927.80908203125,2338.0227127075195,2949.1217041015625
1929.png,0,0.03665180131793022,3825.3834838867188,1827.728271484375,3846.4561157226562,1836.0496826171875
1929.png,0,0.03578224778175354,1256.262939453125,2478.4697265625,1273.033935546875,2514.449462890625
1929.png,1,0.035781726241111755,4366.41455078125,1676.060791015625,4387.154541015625,1712.20556640625
1929.png,3,0.03576803579926491,4520.66552734375,1683.6182861328125,4542.48828125,1729.0247802734375
1929.png,1,0.03528985008597374,3634.5716552734375,1850.6409912109375,3657.29052734375,1912.4683837890625
1929.png,3,0.03521564230322838,3137.324722290039,2029.5670166015625,3159.440231323242,2058.325927734375
1929.png,0,0.03491605818271637,3426.3829345703125,1951.8020629882812,3446.361083984375,1980.6443481445312
1929.png,0,0.034816671162843704,4559.872314453125,1687.386001586914,4579.259521484375,1727.8443145751953
1929.png,1,0.03397398442029953,1161.5532836914062,2980.10302734375,1225.9017944335938,3007.35595703125
1929.png,0,0.03377579152584076,1958.8804626464844,2595.0922241210938,1977.8191833496094,2638.0219116210938
1929.png,0,0.03374537080526352,4184.498138427734,586.8704833984375,4211.927001953125,596.39404296875
1929.png,2,0.033700305968523026,1219.370361328125,3001.640869140625,1287.7357177734375,3026.4287109375
1929.png,1,0.03346412256360054,1271.080810546875,3040.7615356445312,1304.07373046875,3081.2721557617188
1929.png,0,0.0333549901843071,4272.058349609375,1690.8593139648438,4289.28271484375,1737.8202514648438
1929.png,2,0.03333375230431557,4069.6022033691406,1575.5040130615234,4109.754974365234,1616.902114868164
1929.png,1,0.03287418559193611,3237.383590698242,1184.7024536132812,3274.9246673583984,1204.6181030273438
1929.png,0,0.03263034299015999,4362.366455078125,2678.3109130859375,4381.85791015625,2693.8525390625
1929.png,0,0.03251461684703827,536.1312255859375,3100.218994140625,558.4337158203125,3126.73046875
1929.png,0,0.03246799856424332,4692.642578125,1602.2224731445312,4706.1087646484375,1619.3665161132812
1929.png,0,0.032397445291280746,3699.625732421875,1769.0668640136719,3729.34814453125,1780.1678161621094
1929.png,0,0.03216883912682533,4640.3870849609375,1682.28076171875,4658.5513916015625,1720.6190185546875
1929.png,0,0.032157883048057556,4677.5902099609375,1680.3645935058594,4695.8836669921875,1719.2157287597656
1929.png,2,0.03208032622933388,4866.505432128906,1594.658317565918,4903.843444824219,1625.737648010254
1929.png,0,0.03200036659836769,1995.6357116699219,1349.923095703125,2014.6822204589844,1365.459716796875
1929.png,1,0.03119981847703457,4639.373474121094,1682.5532531738281,4660.220642089844,1721.9859924316406
1929.png,0,0.03118409775197506,4478.185607910156,1684.9446563720703,4496.087829589844,1729.3023529052734
1929.png,3,0.03112695924937725,4320.385650634766,1613.9303588867188,4345.857147216797,1628.329345703125
1929.png,2,0.031011199578642845,4004.876811981201,1803.7544555664062,4045.3907928466797,1820.2911987304688
1929.png,1,0.03096257895231247,4173.057464599609,1682.342041015625,4199.759552001953,1740.8746337890625
1929.png,2,0.030928028747439384,1222.9898681640625,2335.2348022460938,1276.2353515625,2369.3302612304688
1929.png,3,0.0307474248111248,536.0990600585938,3100.4701538085938,556.6321411132812,3129.4027709960938
1929.png,0,0.030700426548719406,1192.0592651367188,2574.7394409179688,1207.3788452148438,2595.6924438476562
1929.png,0,0.030611339956521988,2711.6620483398438,1294.086669921875,2742.1875610351562,1312.7333984375
1929.png,1,0.03041924722492695,2234.740234375,2194.5347747802734,2254.319091796875,2246.3667602539062
1929.png,0,0.03033030778169632,1721.6995697021484,2168.33056640625,1757.917221069336,2190.5301513671875
1929.png,0,0.030119987204670906,1207.9307861328125,2503.0130615234375,1222.9766845703125,2529.5963134765625
1929.png,0,0.030101493000984192,3191.2835693359375,2007.9273071289062,3212.3995361328125,2030.4439086914062
1929.png,0,0.029494188725948334,1823.9018249511719,1252.1858215332031,1841.1235046386719,1270.1980895996094
1929.png,0,0.029485126957297325,1206.6029968261719,2602.81884765625,1224.7441101074219,2636.6444091796875
1929.png,2,0.029443439096212387,3295.658966064453,3029.8792724609375,3346.4188537597656,3044.9410400390625
1929.png,0,0.02940189465880394,3158.61669921875,2030.8395385742188,3191.36669921875,2069.4808959960938
1929.png,0,0.02936246059834957,2731.491424560547,2791.848388671875,2744.7620544433594,2811.634765625
1929.png,0,0.0290073174983263,3583.9973754882812,1832.4622192382812,3618.0449829101562,1864.7001342773438
1929.png,0,0.02891840785741806,3829.2015380859375,1790.9400787353516,3844.6580810546875,1816.13916015625
1929.png,0,0.02891325205564499,2234.35693359375,2194.2181701660156,2254.7041015625,2245.0123596191406
1929.png,0,0.02880350686609745,3955.1524047851562,1834.5625610351562,3984.353973388672,1844.5307006835938
1929.png,1,0.028262654319405556,4263.3448486328125,1774.712142944336,4278.6734619140625,1824.50244140625
1929.png,0,0.027978016063570976,3928.2761993408203,1606.7008056640625,3946.1825408935547,1633.0976257324219
1929.png,0,0.02792748622596264,3494.4194946289062,1881.0914916992188,3516.1582641601562,1908.1893920898438
1929.png,0,0.02735813707113266,1544.3630294799805,1367.412109375,1584.3857879638672,1380.481201171875
1929.png,2,0.027020040899515152,2440.2769470214844,1316.2177734375,2485.438690185547,1361.842041015625
1929.png,0,0.026891570538282394,3257.4659423828125,1096.749267578125,3303.322021484375,1128.6505126953125
1929.png,0,0.02683214098215103,4318.470642089844,1677.45068359375,4335.9481201171875,1718.9284057617188
1929.png,3,0.026667626574635506,1256.851806640625,2421.6314086914062,1276.3248291015625,2464.3903198242188
1929.png,3,0.026377923786640167,4186.324890136719,1778.158203125,4203.912841796875,1791.617919921875
1929.png,3,0.02631344087421894,4008.186264038086,1791.6724243164062,4028.479034423828,1804.294677734375
1929.png,0,0.026170525699853897,4562.5718994140625,637.340576171875,4590.790771484375,646.525390625
1929.png,0,0.025983279570937157,4590.7430419921875,1360.6490478515625,4612.0806884765625,1402.7557373046875
1929.png,0,0.025953402742743492,2135.9259033203125,1360.86328125,2162.9920654296875,1376.141357421875
1929.png,3,0.025945955887436867,3493.668182373047,1890.0788879394531,3512.734161376953,1919.5555725097656
1929.png,0,0.025937702506780624,1649.3029174804688,2232.9088745117188,1670.1478881835938,2246.6416625976562
1929.png,0,0.025839973241090775,2114.3928833007812,1523.3629150390625,2145.7744750976562,1552.5892333984375
1929.png,1,0.025748129934072495,4565.955078125,1614.044921875,4582.29833984375,1654.6044921875
1929.png,1,0.025647101923823357,4609.728759765625,1602.103515625,4629.331298828125,1642.06689453125
1929.png,0,0.025453543290495872,4423.188659667969,1716.5017700195312,4442.533264160156,1748.5774536132812
1929.png,1,0.02538900263607502,4002.1299438476562,1818.1531982421875,4047.401123046875,1832.6046142578125
1929.png,1,0.02538391947746277,1146.2388916015625,2774.8837890625,1169.3204345703125,2826.00390625
1929.png,3,0.02515433356165886,4539.8331298828125,1684.020263671875,4557.3753662109375,1730.528076171875
1929.png,0,0.024815961718559265,4359.023132324219,1766.4509582519531,4419.157531738281,1783.0851135253906
1929.png,0,0.02480865642428398,4128.381896972656,1285.66064453125,4158.696960449219,1298.523193359375
1929.png,0,0.024808043614029884,4373.670104980469,1790.4975280761719,4391.256164550781,1820.6845397949219
1929.png,0,0.024377571418881416,4129.9964599609375,1418.9190063476562,4142.442626953125,1444.3137817382812
1929.png,3,0.024169929325580597,3638.847412109375,1762.6478881835938,3654.023193359375,1783.6039123535156
1929.png,0,0.023840809240937233,4612.946044921875,1601.757568359375,4631.029296875,1645.024658203125
1929.png,0,0.023707585409283638,2170.8587646484375,1405.056640625,2196.9971923828125,1413.6650390625
1929.png,1,0.02354849874973297,1224.1563720703125,2339.224853515625,1279.7540283203125,2369.7001953125
1929.png,3,0.023530762642621994,4031.50479888916,1792.9501342773438,4052.701286315918,1812.5609741210938
1929.png,1,0.02343239076435566,4356.47607421875,1770.840576171875,4433.6556396484375,1790.5733642578125
1929.png,3,0.02339758723974228,3927.1036529541016,1606.5066680908203,3945.469223022461,1633.952377319336
1929.png,3,0.02307511307299137,4231.425689697266,1838.98291015625,4250.968048095703,1854.027587890625
1929.png,0,0.0228160060942173,1212.6212768554688,2576.7324829101562,1230.0958251953125,2604.1123657226562
1929.png,1,0.022809842601418495,3968.5646362304688,3165.533935546875,4037.3911743164062,3183.0
1929.png,1,0.022777998819947243,4512.25341796875,1676.9813232421875,4539.5888671875,1729.5194091796875
1929.png,0,0.02270400896668434,4298.700653076172,1783.8706970214844,4316.434539794922,1794.0509948730469
1929.png,0,0.02248123660683632,3242.066925048828,1085.1693115234375,3264.9718017578125,1110.53857421875
1929.png,0,0.022445855662226677,4141.374328613281,1423.45703125,4154.663146972656,1443.142822265625
1929.png,0,0.02241360954940319,3640.052001953125,1878.9351806640625,3655.94921875,1910.145263671875
1929.png,0,0.022312643006443977,568.3829345703125,3118.6588134765625,586.1839599609375,3128.6749267578125
1929.png,0,0.022242682054638863,4866.58935546875,1595.1591148376465,4902.908203125,1626.8656921386719
1929.png,3,0.022146204486489296,4454.301086425781,1777.9591064453125,4468.187805175781,1791.0062255859375
1929.png,1,0.022131092846393585,4077.7525634765625,1685.1826171875,4096.0,1744.56787109375
1929.png,3,0.022094417363405228,3406.988006591797,1942.7023315429688,3425.432891845703,1978.3961791992188
1929.png,0,0.022056926041841507,3285.649169921875,1974.976318359375,3327.576416015625,1991.4081420898438
1929.png,0,0.022020000964403152,423.3587951660156,2799.8594970703125,445.8932800292969,2810.8670654296875
1929.png,0,0.021997911855578423,3601.551025390625,1241.8142700195312,3618.29833984375,1256.4360961914062
1929.png,3,0.021957622841000557,3516.738525390625,1901.2120361328125,3535.733154296875,1917.23779296875
1929.png,0,0.021744949743151665,2504.7796630859375,1301.2041625976562,2545.9638671875,1328.3418579101562
1929.png,0,0.02173534780740738,423.93084716796875,3121.4412841796875,451.26190185546875,3143.7027587890625
1929.png,0,0.021551139652729034,1902.0430297851562,2209.96142578125,1920.2153930664062,2231.6729888916016
1929.png,0,0.021534645929932594,2567.199462890625,1964.2891235351562,2589.903564453125,1977.2675170898438
1929.png,0,0.021530989557504654,4463.2581787109375,1282.6612548828125,4475.7720947265625,1301.9761962890625
1929.png,3,0.021495044231414795,4008.9438285827637,1805.9479064941406,4049.2938079833984,1821.0938415527344
1929.png,1,0.021410929039120674,1622.232421875,2342.3652954101562,1687.999755859375,2356.0960083007812
1929.png,0,0.021384188905358315,4942.6138916015625,1699.168212890625,4956.1707763671875,1718.912353515625
1929.png,0,0.021271828562021255,4222.814270019531,1680.4431762695312,4240.101013183594,1729.2804565429688
1929.png,0,0.021254779770970345,4681.242126464844,1823.1497192382812,4699.122375488281,1872.9867553710938
1929.png,0,0.02111021988093853,2775.0325317382812,1428.1917114257812,2824.5634155273438,1446.7333374023438
1929.png,0,0.021109843626618385,3498.3316040039062,1178.4707641601562,3519.6217651367188,1202.7450561523438
1929.png,3,0.02108227275311947,4550.10546875,1616.5733642578125,4560.9918212890625,1634.0386962890625
1929.png,0,0.02107645943760872,3633.682373046875,665.7344970703125,3655.6513671875,688.3133544921875
1929.png,1,0.020959720015525818,1615.97265625,2294.57763671875,1708.04443359375,2307.628662109375
1929.png,0,0.02094736509025097,345.4538879394531,778.3918685913086,371.4121398925781,787.926420211792
1929.png,0,0.02066725865006447,3086.5303955078125,2996.0646362304688,3104.7828369140625,3016.9295043945312
1929.png,1,0.02061552368104458,3157.091018676758,2032.8206787109375,3192.332473754883,2074.0380859375
1929.png,0,0.020593777298927307,1901.4156188964844,1781.918701171875,1927.4584655761719,1823.137939453125
1929.png,1,0.020501038059592247,4071.513427734375,1578.3162384033203,4110.118347167969,1617.1856079101562
1929.png,0,0.02049149200320244,3467.1849670410156,1887.6965942382812,3485.676300048828,1908.770751953125
1929.png,3,0.020406894385814667,3637.6890869140625,1864.2993469238281,3656.4769287109375,1911.3945617675781
1929.png,1,0.02037140727043152,1199.8359985351562,2529.709228515625,1220.38037109375,2559.91748046875
1929.png,0,0.02032129094004631,33.37931823730469,1646.7870483398438,54.161651611328125,1655.5829010009766
1929.png,3,0.02026856690645218,3649.18359375,1848.9332275390625,3675.7314453125,1902.9652099609375
1929.png,3,0.02023356221616268,3242.301788330078,1084.2611083984375,3264.7214965820312,1111.107666015625
1929.png,2,0.020190011709928513,4003.1788444519043,1813.7382202148438,4050.4452056884766,1830.5950317382812
1929.png,0,0.02007877640426159,3502.016632080078,1951.0077514648438,3524.084503173828,1977.5659790039062
1929.png,3,0.01998675800859928,3072.0,1888.805908203125,3085.6614837646484,1927.009765625
1929.png,1,0.01997712068259716,4256.9537353515625,1685.26318359375,4280.40625,1736.33984375
1929.png,3,0.01984834484755993,4037.9471740722656,1804.7998962402344,4059.112762451172,1828.8421325683594
1929.png,0,0.01969764567911625,1542.1593170166016,1392.0016479492188,1580.9684371948242,1402.7759399414062
1929.png,0,0.019563892856240273,3296.487091064453,3028.99853515625,3346.2154235839844,3044.353271484375
1929.png,3,0.019393006339669228,4435.926513671875,1844.79736328125,4464.0167236328125,1873.5655517578125
1929.png,0,0.019382435828447342,4901.3079833984375,2375.173095703125,4917.5391845703125,2396.3338623046875
1929.png,0,0.01909041590988636,3505.789306640625,1205.1300964355469,3575.7132568359375,1235.9698791503906
1929.png,1,0.019055211916565895,1544.303466796875,1366.2698974609375,1587.9462890625,1380.18505859375
1929.png,1,0.0189681313931942,1546.0409126281738,1390.4786376953125,1583.4351615905762,1403.8341064453125
1929.png,0,0.01879747025668621,2997.7460327148438,2905.974365234375,3018.2842407226562,2933.776611328125
1929.png,0,0.01870589703321457,4128.02490234375,3121.8607177734375,4143.3157958984375,3150.58935546875
1929.png,1,0.018689246848225594,1561.924072265625,2287.210205078125,1630.1220703125,2301.873291015625
1929.png,0,0.018679866567254066,1706.6788330078125,2228.97705078125,1723.6043701171875,2245.18994140625
1929.png,0,0.018638357520103455,4261.654602050781,1771.0921936035156,4276.671203613281,1785.9356994628906
1929.png,0,0.01862158253788948,2130.41650390625,2169.7951049804688,2172.772705078125,2185.272747039795
1929.png,3,0.018570952117443085,3079.094367980957,1887.2123413085938,3112.7706451416016,1933.5558471679688
1929.png,0,0.018569109961390495,1154.938232421875,2759.3760986328125,1171.8909912109375,2784.1905517578125
1929.png,1,0.01856846734881401,4146.607208251953,996.6685180664062,4172.769805908203,1023.6161499023438
1929.png,3,0.018506020307540894,3494.4668579101562,1882.36474609375,3516.2192993164062,1907.94580078125
1929.png,0,0.018464744091033936,3387.162078857422,3042.734130859375,3416.064239501953,3073.572998046875
1929.png,0,0.018422437831759453,4259.218505859375,1779.8201904296875,4283.60400390625,1790.8682861328125
1929.png,3,0.01838541589677334,4259.1455078125,1849.79150390625,4276.1817626953125,1866.6549072265625
1929.png,0,0.018382782116532326,4794.720703125,2793.8670654296875,4825.7572021484375,2807.61669921875
1929.png,0,0.01833803951740265,3767.2921142578125,1814.17431640625,3780.960205078125,1831.4923706054688
1929.png,3,0.018333731219172478,3120.9464111328125,2043.2171325683594,3155.0489501953125,2067.6705322265625
1929.png,0,0.018317097797989845,2031.1463623046875,2668.1166381835938,2053.052001953125,2710.4832153320312
1929.png,0,0.01814778335392475,4371.9384765625,1580.7832107543945,4380.489501953125,1596.3400650024414
1929.png,0,0.018116407096385956,3626.0975952148438,669.5296020507812,3639.3526000976562,687.2523803710938
1929.png,3,0.018020235002040863,4535.2169189453125,1617.6571655273438,4548.4178466796875,1636.4800415039062
1929.png,0,0.017981983721256256,1545.8332328796387,1374.5645141601562,1582.4999732971191,1390.7459106445312
1929.png,0,0.017926543951034546,1041.0763549804688,2701.6842041015625,1060.7531127929688,2740.9310302734375
1929.png,3,0.017843523994088173,4184.256317138672,1855.9601745605469,4203.110565185547,1871.6820983886719
1929.png,0,0.01772349327802658,4665.7896728515625,2866.591796875,4680.01806640625,2891.4508056640625
1929.png,0,0.017554277554154396,3620.3486328125,1851.8277587890625,3638.602294921875,1881.635009765625
1929.png,0,0.017548998817801476,4245.039611816406,1822.6363525390625,4263.671081542969,1845.4114990234375
1929.png,2,0.017451763153076172,3306.8113403320312,1833.4683532714844,3362.6361694335938,1849.8176574707031
1929.png,0,0.01739371567964554,4336.805419921875,1682.1361999511719,4355.147216796875,1726.9681091308594
1929.png,0,0.01734992489218712,4496.183288574219,1682.3182373046875,4513.641662597656,1727.9720458984375
1929.png,0,0.017267398536205292,2598.949462890625,3025.696533203125,2629.42578125,3037.0361328125
1929.png,3,0.01726413145661354,1801.2305297851562,2602.4694213867188,1828.2509765625,2630.8717651367188
1929.png,0,0.017225325107574463,1767.5759887695312,2256.3983154296875,1788.6209106445312,2282.7335205078125
1929.png,0,0.017118316143751144,1718.0715942382812,2211.006690979004,1732.3624877929688,2222.0476455688477
1929.png,0,0.016983812674880028,1214.8067016601562,2753.9752197265625,1228.4269409179688,2775.4552001953125
1929.png,1,0.016914675012230873,3319.7665100097656,1159.2884521484375,3422.8435974121094,1189.3362426757812
1929.png,0,0.016780918464064598,4827.452392578125,847.1201171875,4850.7099609375,868.57373046875
1929.png,3,0.016771338880062103,1880.8560485839844,2987.2401733398438,1930.3197937011719,3046.5756225585938
1929.png,0,0.01676967926323414,3518.3450927734375,1868.8192749023438,3540.2603759765625,1893.42626953125
1929.png,3,0.016750050708651543,4223.4986572265625,1779.5065307617188,4240.1627197265625,1791.7758178710938
1929.png,0,0.016739264130592346,3517.97900390625,1898.9384765625,3539.119384765625,1917.6060791015625
1929.png,0,0.01660633459687233,1713.8453369140625,2244.970458984375,1725.4844970703125,2259.50927734375
1929.png,0,0.01651671715080738,3702.838134765625,874.9743041992188,3717.107421875,890.6724243164062
1929.png,0,0.01650994084775448,4854.4244384765625,2591.4149169921875,4863.9578857421875,2609.870361328125
1929.png,0,0.016407325863838196,4467.2623291015625,1777.87548828125,4476.8817138671875,1791.7694091796875
1929.png,0,0.016389159485697746,289.3702697753906,3105.0281982421875,308.2124328613281,3119.3240966796875
1929.png,3,0.0162088330835104,3058.708251953125,1924.8251037597656,3082.785400390625,1958.3899230957031
1929.png,0,0.01620360091328621,4169.12744140625,1001.6754150390625,4197.939697265625,1012.2139892578125
1929.png,0,0.016130298376083374,214.89389038085938,3107.828369140625,236.11978149414062,3122.92529296875
1929.png,0,0.01606382429599762,4521.5338134765625,1599.6201782226562,4535.0118408203125,1617.7103881835938
1929.png,3,0.016060909256339073,4458.1004638671875,1856.1817626953125,4471.118835449219,1873.140625
1929.png,0,0.01587952859699726,1556.4047927856445,1347.87158203125,1590.5863952636719,1361.21044921875
1929.png,1,0.015733225271105766,1519.1668701171875,2766.5821533203125,1546.9349365234375,2799.1898193359375
1929.png,3,0.01568647101521492,369.1272277832031,3132.1453247070312,391.1214294433594,3149.8698120117188
20.png,1,0.6450310349464417,754.4017333984375,637.7330322265625,800.5692138671875,679.5965576171875
20.png,1,0.6210966110229492,763.5250244140625,627.3419189453125,821.8150634765625,645.2611083984375
20.png,1,0.485445111989975,723.7105712890625,646.6340942382812,766.5770263671875,693.7738647460938
20.png,1,0.37711989879608154,659.5247802734375,587.2904663085938,680.249267578125,634.5834350585938
20.png,1,0.2977241277694702,772.087158203125,606.7268676757812,829.810791015625,620.2521362304688
20.png,1,0.2972433865070343,833.4140625,888.75146484375,851.7783203125,937.6609497070312
20.png,1,0.288235604763031,771.5362548828125,593.56787109375,834.5721435546875,606.243408203125
20.png,1,0.24923090636730194,1197.9719848632812,1579.9310989379883,1256.3636474609375,1599.5159530639648
20.png,1,0.24359287321567535,1197.4655151367188,1591.577247619629,1256.1139526367188,1609.4055252075195
20.png,1,0.21980702877044678,1196.6907348632812,1566.7320919036865,1251.9948120117188,1589.6459884643555
20.png,1,0.20637647807598114,1572.587158203125,2326.217529296875,1626.709716796875,2375.935546875
20.png,1,0.18357440829277039,623.3136596679688,561.609619140625,648.4535522460938,585.620361328125
20.png,1,0.18154926598072052,609.093994140625,522.879150390625,633.525634765625,560.171630859375
20.png,1,0.17627015709877014,541.2039794921875,323.86920166015625,571.2655029296875,374.94549560546875
20.png,1,0.1385432630777359,758.0280151367188,885.2139053344727,774.5150756835938,932.5466613769531
20.png,1,0.13789111375808716,1590.0844116210938,2315.9971923828125,1639.4248657226562,2368.3267822265625
20.png,0,0.13473309576511383,1412.7769775390625,2622.3109741210938,1438.3846435546875,2641.9978637695312
20.png,1,0.12763117253780365,1119.1784362792969,1686.0915985107422,1149.8346252441406,1732.939468383789
20.png,0,0.12726174294948578,1460.048583984375,2835.6741943359375,1485.4365234375,2868.190673828125
20.png,0,0.12398252636194229,623.2611083984375,560.4310302734375,649.2237548828125,588.5208740234375
20.png,1,0.12366539984941483,673.3064575195312,792.6099853515625,700.4974975585938,827.4703369140625
20.png,0,0.11713481694459915,1277.588134765625,2578.8236083984375,1300.3787841796875,2603.1448974609375
20.png,1,0.116202212870121,1198.9417419433594,996.141845703125,1224.2547912597656,1041.3137817382812
20.png,0,0.11024606227874756,1310.52587890625,2516.0889892578125,1335.458740234375,2547.4261474609375
20.png,0,0.11011240631341934,1256.1376037597656,2531.2349853515625,1279.3676452636719,2557.1214599609375
20.png,0,0.1062190979719162,1427.097412109375,2647.960205078125,1456.369873046875,2666.4549560546875
20.png,0,0.10564036667346954,1330.022216796875,2599.1163330078125,1355.4957275390625,2630.7908935546875
20.png,1,0.10555411875247955,1588.03759765625,2760.7220458984375,1627.95556640625,2809.2392578125
20.png,0,0.1008613258600235,1698.8205261230469,2571.0430908203125,1730.2517395019531,2611.73974609375
20.png,1,0.10049133002758026,635.0880126953125,600.3956298828125,660.9700927734375,648.7030029296875
20.png,0,0.10047116130590439,2841.1421508789062,2902.9393310546875,2867.5216674804688,2929.6822509765625
20.png,1,0.0977330133318901,1188.9768676757812,998.7745361328125,1214.4739379882812,1043.6140441894531
20.png,0,0.09663663804531097,1318.8823852539062,2605.9627685546875,1340.0817260742188,2631.8365478515625
20.png,0,0.09252477437257767,1290.5755004882812,2576.661865234375,1313.6559448242188,2601.217041015625
20.png,0,0.09088005125522614,1544.7977294921875,1199.154541015625,1563.3812255859375,1230.8142700195312
20.png,0,0.08671291917562485,1495.6622924804688,2892.4661865234375,1523.0463256835938,2914.3948974609375
20.png,0,0.08100899308919907,1553.3370361328125,2658.86962890625,1575.1221923828125,2684.889892578125
20.png,0,0.07921095192432404,779.9808959960938,995.9971313476562,802.0424194335938,1023.1725463867188
20.png,1,0.07724938541650772,768.3492431640625,999.5234680175781,802.6184921264648,1051.4558410644531
20.png,0,0.07724504172801971,1292.6070556640625,1908.0978546142578,1312.5015869140625,1933.4697132110596
20.png,0,0.07391969114542007,1335.55224609375,1844.0162353515625,1363.660888671875,1855.55908203125
20.png,1,0.06792044639587402,787.6387329101562,1086.711181640625,803.7286987304688,1122.812744140625
20.png,1,0.06737351417541504,1292.1077270507812,1907.5872020721436,1313.8511352539062,1933.7179069519043
20.png,0,0.06670228391885757,1328.203125,1907.8909702301025,1346.458740234375,1936.473545074463
20.png,0,0.06277832388877869,1234.0531005859375,2348.5775756835938,1263.220703125,2378.0585327148438
20.png,0,0.06266854703426361,1199.0969848632812,183.85513305664062,1227.5465698242188,202.824462890625
20.png,1,0.06130509078502655,768.0,9.167530059814453,803.9382476806641,40.21878433227539
20.png,0,0.06092960014939308,641.15966796875,618.226806640625,660.38037109375,650.58154296875
20.png,0,0.060303155332803726,1229.9404907226562,2470.6023559570312,1249.6940307617188,2498.8377075195312
20.png,0,0.06026037037372589,1304.506591796875,2574.411376953125,1326.6763916015625,2603.241943359375
20.png,0,0.05973231792449951,1672.093994140625,2513.875,1695.943603515625,2551.853271484375
20.png,0,0.05950199067592621,1396.495361328125,2709.9869384765625,1417.5146484375,2731.9149169921875
20.png,0,0.059092927724123,1140.3465576171875,2166.2630004882812,1167.018798828125,2203.8722534179688
20.png,2,0.05888773500919342,1115.5203857421875,1422.68017578125,1170.6419677734375,1454.84423828125
20.png,1,0.05776786059141159,2833.1351318359375,2902.4215087890625,2869.0167236328125,2931.0
20.png,3,0.057758621871471405,1253.5280151367188,2506.1263427734375,1291.3606567382812,2552.6112060546875
20.png,0,0.0576414093375206,1416.6373291015625,1768.6040649414062,1467.9385986328125,1786.9553833007812
20.png,0,0.05682067573070526,1324.5103759765625,2636.8507080078125,1349.7655029296875,2666.01318359375
20.png,3,0.05654050409793854,697.8489990234375,516.6082153320312,713.4171142578125,528.5275268554688
20.png,0,0.05608024820685387,996.7302551269531,1865.8701171875,1025.7678833007812,1886.2548828125
20.png,0,0.05510029196739197,1307.227294921875,1907.8039016723633,1327.725830078125,1931.7304821014404
20.png,0,0.05502299219369888,1273.5372009277344,2469.6563110351562,1291.8204345703125,2487.4027709960938
20.png,0,0.053273651748895645,1743.6353759765625,2722.1355590820312,1775.0142822265625,2755.6928100585938
20.png,1,0.052593544125556946,1416.0938720703125,1768.356689453125,1467.9036865234375,1788.453369140625
20.png,0,0.05197777971625328,1290.048583984375,2497.4390869140625,1312.7890625,2521.9544677734375
20.png,0,0.05115710198879242,1198.9542236328125,1581.849006652832,1257.202880859375,1600.0525283813477
20.png,0,0.05086652562022209,1302.9449462890625,1861.0481567382812,1321.8802490234375,1887.7603149414062
20.png,3,0.050434160977602005,668.20458984375,626.6675415039062,683.59814453125,638.5016479492188
20.png,0,0.04983842000365257,1764.9410400390625,2120.2750244140625,1792.0,2137.1715087890625
20.png,0,0.049689192324876785,1350.4649047851562,1896.9408569335938,1371.4883422851562,1925.0071411132812
20.png,0,0.0494912825524807,522.2357177734375,269.35272216796875,552.4801025390625,320.0377197265625
20.png,1,0.04941922053694725,733.985595703125,536.9091796875,762.4652099609375,551.686279296875
20.png,0,0.0479634590446949,1336.419677734375,1905.5618286132812,1353.2275390625,1929.7518310546875
20.png,0,0.047789789736270905,1331.3272705078125,2553.635986328125,1355.8255615234375,2580.1773681640625
20.png,0,0.04743093624711037,1765.4630737304688,1230.7049255371094,1781.4902954101562,1257.2995910644531
20.png,0,0.04725896567106247,2411.809326171875,1775.68359375,2434.907470703125,1790.497314453125
20.png,0,0.04682224243879318,764.4393310546875,8.881263732910156,804.0355224609375,39.49687194824219
20.png,0,0.04638103395700455,1322.8822021484375,1860.172607421875,1338.10302734375,1883.63623046875
20.png,0,0.04614369198679924,1264.9472045898438,2510.1278076171875,1290.4495849609375,2553.4185791015625
20.png,0,0.04597591236233711,1292.8402099609375,1862.5611267089844,1307.510498046875,1885.1473693847656
20.png,2,0.0457463264465332,740.3497314453125,49.433753967285156,769.6998291015625,106.17874908447266
20.png,0,0.04561271518468857,1693.5796508789062,2631.5803833007812,1725.5967407226562,2671.5646362304688
20.png,1,0.04540390893816948,1152.2103881835938,1721.3961181640625,1216.2002563476562,1744.9859619140625
20.png,2,0.04504717141389847,1131.4971618652344,2019.131332397461,1169.5176696777344,2069.449661254883
20.png,0,0.044809091836214066,2062.3930053710938,2563.6531982421875,2106.9548950195312,2577.0450439453125
20.png,2,0.04460534080862999,1559.1065063476562,2556.2326049804688,1600.7891235351562,2577.3855590820312
20.png,3,0.04454733803868294,699.322021484375,529.9071655273438,713.8310546875,539.6819458007812
20.png,0,0.04367261379957199,1369.0745849609375,2602.124755859375,1392.9183349609375,2628.442626953125
20.png,0,0.043411340564489365,577.5369873046875,451.8813171386719,599.0313720703125,492.2591857910156
20.png,1,0.043012671172618866,2340.6541748046875,1991.837875366211,2361.7249755859375,2039.8116302490234
20.png,0,0.042862553149461746,779.0864868164062,566.1954956054688,805.2888793945312,584.4797973632812
20.png,0,0.04157145321369171,1366.1417846679688,1893.94140625,1387.8472290039062,1920.697265625
20.png,1,0.04143139347434044,3020.7398681640625,2511.6968383789062,3036.365234375,2566.2083129882812
20.png,0,0.0396147221326828,774.2779331207275,590.052001953125,831.6452102661133,606.89697265625
20.png,3,0.039125967770814896,1294.0772705078125,2546.41357421875,1313.7489013671875,2572.3837890625
20.png,0,0.03900265693664551,787.3977546691895,1085.0369567871094,804.1534080505371,1123.1239318847656
20.png,3,0.03892628848552704,778.7602758407593,566.65087890625,805.9558868408203,584.52880859375
20.png,1,0.03870522230863571,1243.260498046875,986.7635192871094,1263.4046630859375,1032.7318420410156
20.png,3,0.03839648514986038,834.1255493164062,887.5776290893555,851.6978149414062,941.56298828125
20.png,0,0.038096413016319275,1294.5982666015625,2547.029296875,1314.031982421875,2574.067626953125
20.png,3,0.03745614364743233,775.972412109375,592.6844482421875,831.067626953125,608.4993896484375
20.png,0,0.037413373589515686,1658.8119506835938,2589.5394287109375,1684.1145629882812,2627.0325927734375
20.png,0,0.03690832108259201,1149.9419555664062,54.262535095214844,1187.7913208007812,70.25032806396484
20.png,0,0.03685581311583519,493.0479736328125,289.8888244628906,529.6126708984375,321.8499450683594
20.png,1,0.036762017756700516,1256.1837768554688,2507.7171630859375,1291.4635620117188,2553.0106201171875
20.png,1,0.03602366894483566,616.266845703125,511.2984619140625,646.8590087890625,527.6431884765625
20.png,0,0.03572908416390419,2468.1368713378906,1874.5267639160156,2485.2396545410156,1901.5375061035156
20.png,0,0.03526463359594345,1133.5234069824219,2019.1974029541016,1166.4855041503906,2059.933853149414
20.png,0,0.03506353870034218,1369.6771240234375,1863.3165893554688,1392.3663330078125,1876.2833862304688
20.png,0,0.03469773009419441,1146.9833374023438,39.39675521850586,1185.1329956054688,53.942867279052734
20.png,3,0.03462403267621994,1306.5853271484375,1894.4991455078125,1324.8875732421875,1917.0999755859375
20.png,1,0.03389925882220268,1140.1910400390625,2166.8697509765625,1167.6962890625,2202.7518310546875
20.png,3,0.033847495913505554,1425.6251831054688,2792.4593505859375,1444.7180786132812,2809.7935791015625
20.png,0,0.03356575220823288,834.5469970703125,888.7127380371094,850.103759765625,926.3884582519531
20.png,0,0.03347882255911827,3021.09033203125,2509.4560546875,3036.2677001953125,2553.1640625
20.png,0,0.03344987332820892,1196.1509094238281,1564.2010498046875,1251.8170471191406,1590.6685791015625
20.png,0,0.033151283860206604,2071.855712890625,28.357622146606445,2090.616943359375,38.8255615234375
20.png,0,0.032477691769599915,1337.94970703125,1880.1751098632812,1354.179443359375,1905.5729370117188
20.png,0,0.03211216256022453,540.832275390625,327.22265625,571.920654296875,374.102294921875
20.png,0,0.03178173303604126,1309.6365966796875,220.096435546875,1323.3211669921875,244.5634765625
20.png,0,0.031418658792972565,2649.3871459960938,2714.2872314453125,2666.0713500976562,2739.2904052734375
20.png,3,0.031398363411426544,636.0075073242188,600.557373046875,657.3414916992188,633.673828125
20.png,1,0.030901918187737465,1326.781982421875,1908.3198986053467,1347.2012939453125,1936.4264030456543
20.png,3,0.030130334198474884,724.2366333007812,646.4532470703125,746.8775024414062,668.8934326171875
20.png,0,0.02951989881694317,1198.5022277832031,1592.029296875,1257.5032043457031,1610.1796875
20.png,1,0.02943333238363266,1307.1617431640625,1907.0,1328.2548828125,1933.2086124420166
20.png,0,0.02936442755162716,1328.0244750976562,1592.5140380859375,1348.9898071289062,1627.8677978515625
20.png,2,0.02929922193288803,1252.98193359375,2506.1661376953125,1290.6094970703125,2551.1065673828125
20.png,0,0.029290679842233658,1703.2855224609375,1886.9011840820312,1719.642578125,1907.8181762695312
20.png,0,0.02904193475842476,2911.595703125,2647.2784423828125,2927.656494140625,2665.5670166015625
20.png,0,0.028443384915590286,1313.5128784179688,1897.3712463378906,1330.9481811523438,1926.3859558105469
20.png,0,0.028440367430448532,2640.2340087890625,2714.275634765625,2653.9676513671875,2737.64208984375
20.png,3,0.02811363898217678,1292.7877197265625,2576.4388427734375,1313.4503173828125,2600.8663330078125
20.png,3,0.028001626953482628,946.4147338867188,454.1961975097656,975.0028686523438,485.4299011230469
20.png,0,0.027952052652835846,1334.3696899414062,1085.2149353027344,1348.8931274414062,1106.6867980957031
20.png,0,0.027651282027363777,1376.5486450195312,1879.1292114257812,1394.5260620117188,1889.4407348632812
20.png,0,0.027487972751259804,483.68621826171875,243.62777709960938,509.05303955078125,263.7521057128906
20.png,0,0.026980655267834663,768.9175796508789,621.96875,824.1047973632812,647.5621337890625
20.png,3,0.026965701952576637,770.9090576171875,604.843994140625,821.0755615234375,622.6748046875
20.png,3,0.02612752839922905,1412.07177734375,2791.172119140625,1433.36572265625,2812.4224853515625
20.png,3,0.026100702583789825,1169.2427978515625,201.37017822265625,1208.7828979492188,237.47235107421875
20.png,3,0.02606264501810074,1406.0120239257812,2778.6687622070312,1423.5674438476562,2796.2981567382812
20.png,0,0.025463920086622238,1560.5467529296875,2557.260498046875,1600.2864990234375,2576.6973876953125
20.png,0,0.025456901639699936,1433.674560546875,2810.37841796875,1453.814697265625,2838.580078125
20.png,0,0.02486896887421608,1722.4748077392578,2352.7930908203125,1736.813491821289,2376.7940673828125
20.png,1,0.024669934064149857,751.25048828125,1208.9624633789062,779.4320068359375,1259.1392211914062
20.png,1,0.024639282375574112,953.3836669921875,492.77105712890625,977.0989990234375,545.5491333007812
20.png,1,0.024481864646077156,1373.4000244140625,2896.2132568359375,1430.31298828125,2931.0
20.png,0,0.023959960788488388,2408.017120361328,2864.1619873046875,2420.987579345703,2886.5703125
20.png,3,0.0239581111818552,742.2786254882812,46.55815124511719,787.5014038085938,79.2371826171875
20.png,0,0.023888306692242622,982.6492004394531,1861.7949829101562,1007.4093322753906,1884.6759643554688
20.png,3,0.02381301485002041,771.0106201171875,594.6353759765625,808.892578125,614.7261962890625
20.png,3,0.02345065400004387,726.83837890625,630.189208984375,737.02783203125,642.3262939453125
20.png,0,0.023311175405979156,1916.0575256347656,1920.198787689209,1938.1287536621094,1935.1980056762695
20.png,1,0.021835511550307274,713.6005249023438,750.1295166015625,740.0687866210938,779.645751953125
20.png,0,0.021814754232764244,2919.8675537109375,1292.854248046875,2939.6619873046875,1313.80224609375
20.png,3,0.02167757973074913,1413.84521484375,2774.9534912109375,1432.0506591796875,2792.6141357421875
20.png,0,0.021458176895976067,1138.3945007324219,2423.017578125,1153.4431457519531,2439.788818359375
20.png,0,0.021429309621453285,617.474853515625,512.0977783203125,645.2408447265625,526.3084716796875
20.png,0,0.021138694137334824,758.2304077148438,885.0973510742188,774.2009887695312,931.6609497070312
20.png,0,0.020473850890994072,1140.2463989257812,17.9794921875,1175.6227416992188,32.696041107177734
20.png,0,0.020171135663986206,1686.526611328125,2058.80810546875,1701.622802734375,2072.13232421875
20.png,1,0.020045403391122818,1208.6383361816406,985.7393188476562,1237.2656555175781,1038.3489990234375
20.png,1,0.019917292520403862,776.7196044921875,567.0458984375,813.2479248046875,589.199462890625
20.png,0,0.019818153232336044,1578.9273071289062,1547.2446146011353,1594.8292846679688,1557.6885986328125
20.png,0,0.019047638401389122,710.86474609375,939.2505187988281,732.1474609375,952.6908874511719
20.png,0,0.01881994865834713,737.7564697265625,535.7135009765625,763.4598388671875,553.5933837890625
20.png,0,0.01878235675394535,1322.0682373046875,895.5388946533203,1333.8421630859375,920.1115264892578
20.png,3,0.01850144751369953,603.711181640625,502.28924560546875,619.154052734375,514.7737426757812
20.png,3,0.018353110179305077,644.2243041992188,628.8949584960938,660.4485473632812,649.9105834960938
20.png,0,0.018322227522730827,1478.6651611328125,2879.5863037109375,1506.742919921875,2906.8529052734375
20.png,0,0.01828974112868309,1268.1561279296875,1880.1557006835938,1283.798095703125,1892.0634155273438
20.png,0,0.018192606046795845,624.20263671875,618.6134643554688,647.446533203125,649.2139282226562
20.png,1,0.018092943355441093,2136.0106201171875,1296.0728759765625,2163.9088134765625,1353.5167236328125
20.png,3,0.01802455447614193,1136.0513000488281,1407.43408203125,1162.5895690917969,1421.622802734375
20.png,1,0.01773117482662201,1222.397216796875,987.3638916015625,1248.66015625,1033.94873046875
20.png,0,0.01750674471259117,1344.6090087890625,1578.0042190551758,1356.9710693359375,1614.1228866577148
20.png,2,0.017437158152461052,734.7589111328125,534.797607421875,761.8428955078125,551.00830078125
20.png,0,0.017409123480319977,2618.0263671875,2473.9329833984375,2652.4659423828125,2487.9534912109375
20.png,3,0.01723582297563553,1308.1632080078125,2579.9203491210938,1327.7386474609375,2602.1415405273438
20.png,0,0.01715247891843319,1507.7779541015625,2066.1665649414062,1524.3841552734375,2078.7384033203125
20.png,3,0.017125306650996208,937.2413940429688,455.50933837890625,959.1674194335938,481.87640380859375
20.png,3,0.017089826986193657,1479.8001708984375,2881.9798583984375,1506.2698974609375,2903.8250732421875
20.png,0,0.01708044297993183,1058.432373046875,2248.08349609375,1085.7264404296875,2268.15869140625
20.png,3,0.016583237797021866,1416.9832763671875,2802.8760375976562,1447.6876220703125,2824.6057739257812
20.png,3,0.01647198386490345,935.0469360351562,442.9853515625,958.2864379882812,460.487060546875
20.png,0,0.016436563804745674,1766.2235107421875,2673.9761352539062,1791.5672607421875,2710.1868286132812
20.png,0,0.0163987185806036,1509.1900634765625,1656.4971923828125,1552.3511962890625,1677.419677734375
20.png,0,0.016353100538253784,1283.8443603515625,1866.7581176757812,1296.9639892578125,1885.7468872070312
20.png,0,0.01607966050505638,1277.1602783203125,1123.505615234375,1297.1748046875,1167.232421875
20.png,3,0.01603289321064949,499.01959228515625,242.00360107421875,537.2948608398438,280.69842529296875
20.png,0,0.01593155786395073,1037.9321594238281,2213.574462890625,1069.2543029785156,2246.22314453125
20.png,3,0.01564807817339897,612.9843139648438,538.050537109375,635.5172729492188,560.60595703125
20.png,0,0.015490981750190258,1385.7244262695312,2682.9046630859375,1402.2378540039062,2700.4222412109375
20.png,0,0.015485761687159538,1767.9194641113281,2097.7151489257812,1796.4208679199219,2119.9046630859375
20.png,3,0.015464255586266518,1005.4637908935547,572.432373046875,1048.4379272460938,594.77099609375
20.png,1,0.015334510244429111,739.6779174804688,47.758766174316406,768.4984741210938,106.25699615478516
20.png,1,0.015231753699481487,1536.0,2481.739990234375,1559.282341003418,2509.45458984375
20.png,3,0.015178061090409756,1286.99951171875,1885.6945190429688,1302.868408203125,1907.6049194335938
20.png,0,0.015074042603373528,1659.329849243164,2154.6774291992188,1671.9906768798828,2169.590789794922
20.png,3,0.015014946460723877,1140.5224609375,17.999801635742188,1177.4290161132812,33.860191345214844
20.png,3,0.01492294017225504,768.4826049804688,622.1351318359375,799.3711547851562,641.557373046875
20.png,0,0.014921166002750397,2807.497802734375,2898.4765625,2827.2265625,2931.0
20.png,0,0.014819007366895676,1318.7891845703125,2362.0189819335938,1334.4385986328125,2376.4639282226562
20.png,2,0.014640413224697113,1141.35693359375,18.2802734375,1177.4007568359375,34.597511291503906
20.png,0,0.01451398991048336,1222.11865234375,133.5409393310547,1245.18359375,150.1747589111328
20.png,0,0.014410245232284069,773.6256790161133,608.6661376953125,827.0120086669922,620.1981201171875
20.png,0,0.0144052067771554,1334.465576171875,1822.6314086914062,1359.02392578125,1836.1347045898438
20.png,0,0.014350405894219875,1121.4425048828125,1685.3314208984375,1144.1859130859375,1726.7650146484375
20.png,1,0.01412138994783163,1126.5380249023438,1422.8189086914062,1170.6226196289062,1450.6892700195312
20.png,1,0.01395533699542284,2069.9902534484863,73.00643157958984,2109.826705932617,90.72061920166016
20.png,0,0.013946120627224445,1556.0288696289062,1811.6607971191406,1566.3444213867188,1829.2885437011719
20.png,3,0.01376334112137556,627.5624389648438,613.4443359375,648.0031127929688,648.875
20.png,2,0.013758610002696514,3021.6685791015625,2511.7265625,3035.6580810546875,2570.955078125
20.png,0,0.013685441575944424,757.3482666015625,637.0462036132812,790.4105224609375,662.9033813476562
20.png,1,0.013658343814313412,2807.98046875,2900.0433349609375,2828.022705078125,2931.0
20.png,3,0.013639530166983604,1314.293212890625,2605.338134765625,1341.038330078125,2632.821044921875
20.png,0,0.013370121829211712,1762.1992797851562,2416.0528564453125,1780.3881225585938,2442.1766357421875
20.png,0,0.013201802968978882,2700.4779052734375,2442.9976806640625,2739.502197265625,2461.3775634765625
20.png,0,0.013194586150348186,1116.3275146484375,1421.95703125,1168.548828125,1454.787109375
20.png,3,0.013062035664916039,1165.6082153320312,107.32398223876953,1187.1472778320312,122.62773895263672
20.png,0,0.012675047852098942,608.3746337890625,519.3748779296875,637.3267822265625,552.8416748046875
20.png,0,0.01263879518955946,1355.2900390625,1805.9900512695312,1380.8345947265625,1816.9584350585938
20.png,3,0.012580334208905697,1136.75634765625,1396.4298095703125,1161.3975830078125,1411.4827880859375
20.png,0,0.012496959418058395,3044.0158081054688,1269.4661865234375,3058.9751586914062,1288.1719970703125
20.png,0,0.012466049753129482,2924.3135375976562,2631.5252685546875,2940.3784790039062,2649.5045166015625
20.png,0,0.012285830453038216,1641.9111938476562,2596.9234619140625,1654.6104125976562,2611.5921630859375
20.png,0,0.012218383140861988,1279.9034729003906,2545.268310546875,1307.6065673828125,2559.8372802734375
20.png,2,0.01220686174929142,2918.7600708007812,2646.7261962890625,2957.6483764648438,2697.14892578125
20.png,0,0.01218467578291893,1413.094482421875,1952.1593017578125,1432.921142578125,1982.9405517578125
20.png,3,0.012161660939455032,1300.96337890625,1901.5480041503906,1316.347412109375,1931.7668151855469
20.png,0,0.012136606499552727,1018.9316711425781,2231.283203125,1044.5851135253906,2258.5318603515625
20.png,1,0.011929514817893505,2825.3162841796875,2853.8907470703125,2858.8546142578125,2900.9652099609375
20.png,3,0.01174222119152546,604.502685546875,511.55975341796875,629.3271484375,539.7727661132812
20.png,0,0.011731927283108234,1637.8739013671875,2919.2481079101562,1661.2425537109375,2930.6187133789062
20.png,0,0.011727672070264816,2681.6353759765625,2821.3270263671875,2696.4871826171875,2847.1683349609375
20.png,0,0.01166612096130848,1281.0814819335938,1838.59228515625,1297.1422729492188,1850.6348266601562
20.png,0,0.0115757305175066,1343.86474609375,1901.7311401367188,1365.405517578125,1930.6531982421875
20.png,0,0.01154477708041668,1003.9150390625,572.873779296875,1023.11474609375,586.882080078125
20.png,1,0.011385000310838223,1279.2665710449219,1121.1690063476562,1297.775146484375,1168.1016235351562
20.png,3,0.011250345967710018,755.0853271484375,618.6402587890625,778.1099853515625,636.6778564453125
20.png,3,0.01121138408780098,1335.1959228515625,1578.3978576660156,1347.4215087890625,1592.7822723388672
20.png,3,0.011194746010005474,626.7425537109375,595.2198486328125,646.1878662109375,611.3531494140625
20.png,0,0.011192095465958118,1643.7584228515625,1888.9375,1661.0653076171875,1899.8702392578125
20.png,0,0.011157357133924961,1698.8538513183594,2272.6218872070312,1710.8775939941406,2290.2764282226562
20.png,0,0.010997563600540161,1248.788330078125,1971.8570861816406,1263.6268310546875,1987.4915466308594
20.png,0,0.010976900346577168,1902.9010620117188,1927.408317565918,1914.6997680664062,1951.4809875488281
20.png,0,0.010967203415930271,1519.046875,2258.2517700195312,1543.17578125,2291.1660766601562
20.png,1,0.010898404754698277,1617.2689208984375,2417.856201171875,1651.0162353515625,2467.50146484375
20.png,0,0.010776756331324577,750.240478515625,646.718505859375,775.390869140625,672.616455078125
20.png,0,0.010716467164456844,1120.521484375,669.1213989257812,1137.3629150390625,694.0377807617188
20.png,0,0.010690187104046345,1157.5841064453125,1918.1408233642578,1180.8331298828125,1935.4611282348633
20.png,1,0.010689354501664639,774.4754524230957,1170.9675903320312,790.4302864074707,1225.8425903320312
20.png,3,0.010650993324816227,658.552734375,638.552734375,671.1815185546875,649.0931396484375
20.png,0,0.010462918318808079,1101.4203796386719,1874.8756713867188,1117.4430847167969,1888.4401245117188
20.png,0,0.010450637899339199,1589.2925567626953,2757.63916015625,1622.9491424560547,2801.994140625
20.png,0,0.010402156971395016,1953.7412719726562,2550.1921997070312,1974.6443481445312,2563.4788208007812
20.png,0,0.010363749228417873,2902.7763061523438,2662.0855712890625,2922.0530395507812,2694.3233642578125
20.png,0,0.01026162039488554,612.5723876953125,558.3492431640625,630.1817626953125,573.413818359375
20.png,0,0.010253246873617172,1432.9327392578125,1842.9005737304688,1472.2774658203125,1861.2302856445312
20.png,3,0.010181194171309471,1352.72998046875,2582.6585693359375,1392.162841796875,2626.8638916015625
20.png,0,0.010129704140126705,2943.2905883789062,2646.6151123046875,2956.0624389648438,2664.296875
20.png,0,0.01012063305824995,1138.6803588867188,0.0,1177.2463989257812,14.458327293395996
20.png,1,0.0101163974031806,2921.7716674804688,2749.963623046875,2950.5955200195312,2788.815673828125
20.png,0,0.010058344341814518,1284.5072631835938,1883.1176147460938,1302.9651489257812,1909.1777954101562
20.png,0,0.01004916150122881,768.4681272506714,1245.5908203125,779.3991374969482,1261.0156860351562
20.png,3,0.010014544241130352,747.7890625,629.2911376953125,763.869140625,646.7132568359375
20.png,0,0.00995995756238699,2696.4100341796875,2481.459716796875,2714.0567626953125,2513.237060546875
20.png,1,0.00989899318665266,1658.3131103515625,2587.656494140625,1688.5028076171875,2628.0863037109375
20.png,0,0.009893354959785938,1013.8145751953125,2304.5172119140625,1024.0,2328.548095703125
20.png,3,0.00978376530110836,1158.5086669921875,94.53673553466797,1187.1378173828125,111.60877227783203
20.png,0,0.00975240208208561,1602.2692260742188,2008.4839477539062,1620.8119506835938,2021.2474975585938
20.png,0,0.009722469374537468,1713.4884033203125,2704.1077880859375,1730.0736083984375,2722.5462646484375
20.png,0,0.009629795327782631,1536.0,2480.3286743164062,1559.1453399658203,2510.6076049804688
20.png,0,0.009602430276572704,1146.2810668945312,45.681556701660156,1188.9042358398438,62.785552978515625
20.png,3,0.009564836509525776,822.2742919921875,711.1910400390625,851.8865966796875,727.8880615234375
20.png,2,0.00945365708321333,1886.7315368652344,1185.280029296875,1950.1420593261719,1207.923095703125
20.png,3,0.009413376450538635,724.2569580078125,527.9039306640625,756.2359619140625,542.220947265625
20.png,0,0.009222209453582764,702.5444946289062,526.9447021484375,715.2313842773438,539.1593017578125
20.png,3,0.009209792129695415,683.2999267578125,696.405029296875,694.1837158203125,710.82470703125
20.png,3,0.009109439328312874,1351.1630249023438,2570.1475830078125,1377.0481567382812,2590.6251220703125
20.png,1,0.009095392189919949,1223.2694702148438,136.79315185546875,1268.7018432617188,165.2742919921875
20.png,0,0.009046993218362331,1702.5513305664062,2064.8704833984375,1715.1232299804688,2083.5360107421875
20.png,3,0.009045402519404888,1313.433837890625,1911.9051790237427,1345.457763671875,1939.6640586853027
20.png,0,0.008961232379078865,2455.8685913085938,1873.8705444335938,2471.44775390625,1898.104248046875
20.png,3,0.008903292939066887,866.3948974609375,551.009765625,881.4805908203125,561.772705078125
20.png,0,0.008889123797416687,2340.0057373046875,1993.8563842773438,2359.2974853515625,2041.9490051269531
20.png,1,0.0088601503521204,1020.1981964111328,2231.3928833007812,1046.8858032226562,2260.2914428710938
20.png,2,0.008799048140645027,755.9647216796875,957.9425659179688,782.79931640625,975.9466247558594
20.png,2,0.00878225453197956,2617.4049682617188,2472.2730712890625,2659.5789184570312,2490.4732666015625
20.png,0,0.008646703325212002,1310.55712890625,0.7075405120849609,1331.721923828125,14.477933883666992
20.png,3,0.008548516780138016,610.6740112304688,508.11883544921875,645.6937866210938,526.8673706054688
20.png,0,0.008482474833726883,1739.8944091796875,2365.1364135742188,1753.7667236328125,2386.7046508789062
20.png,0,0.00846191868185997,1698.8924713134766,2186.11572265625,1714.7628936767578,2199.994873046875
20.png,0,0.008440732955932617,1694.1999206542969,2158.252197265625,1714.8164367675781,2192.671142578125
20.png,3,0.008425958454608917,714.220947265625,682.1377563476562,734.62744140625,700.1480102539062
20.png,0,0.008364720270037651,660.082763671875,586.893798828125,676.5950927734375,614.768310546875
20.png,3,0.008291170932352543,1302.862548828125,1886.3782348632812,1320.41064453125,1904.9954223632812
20.png,0,0.008182981982827187,1633.4363098144531,1991.7495346069336,1664.7562255859375,2010.9592819213867
20.png,1,0.008177727460861206,621.5179443359375,610.569091796875,648.3726806640625,648.7391357421875
20.png,0,0.008157135918736458,2611.0177001953125,774.9443550109863,2627.2515869140625,797.2516670227051
20.png,0,0.00810962077230215,725.154541015625,641.4820556640625,739.854736328125,657.2535400390625
20.png,0,0.008043012581765652,1544.2734413146973,1813.8734741210938,1555.2069358825684,1832.5697021484375
20.png,3,0.008013877086341381,824.96484375,725.6640014648438,846.2413330078125,738.2800903320312
20.png,0,0.007911935448646545,1724.5054931640625,2869.1351318359375,1746.4625244140625,2895.7911376953125
20.png,0,0.007901824079453945,1989.2402038574219,2169.0833740234375,1999.0657653808594,2181.2052001953125
20.png,0,0.007882093079388142,1781.197982788086,2343.0687561035156,1803.6630859375,2364.8243103027344
20.png,1,0.007851582951843739,1309.4808349609375,2512.115478515625,1336.294921875,2548.44140625
20.png,0,0.007785797584801912,866.3535461425781,86.33148193359375,909.2835083007812,102.54833984375
20.png,3,0.007699238136410713,928.7337646484375,436.9706726074219,957.3865966796875,450.8729553222656
20.png,1,0.0076459902338683605,1400.6273193359375,2571.4010620117188,1427.8970947265625,2598.6323852539062
20.png,0,0.007629350759088993,2251.619338989258,1651.6204833984375,2278.137680053711,1667.2320556640625
20.png,3,0.007626798003911972,1192.5708923339844,2491.7444458007812,1212.7553405761719,2525.1299438476562
20.png,3,0.007597294170409441,2338.2113647460938,2019.8400421142578,2355.4329223632812,2042.3343353271484
20.png,0,0.007596124894917011,2653.53173828125,1907.9739379882812,2671.0970458984375,1917.9772338867188
20.png,0,0.007591992616653442,1522.577880859375,2598.4072265625,1536.9473876953125,2617.2550048828125
20.png,0,0.007547195069491863,2838.3873291015625,25.49285888671875,2852.2840576171875,46.233428955078125
20.png,0,0.0075340052135288715,1649.317626953125,2916.8990478515625,1673.8447265625,2931.0
20.png,0,0.007481869775801897,2507.7686767578125,2903.660888671875,2524.9174194335938,2930.839111328125
20.png,0,0.007461939472705126,1138.8475341796875,2032.351806640625,1176.54150390625,2074.7376708984375
20.png,3,0.007377339527010918,1558.745641708374,2554.213623046875,1599.1924057006836,2579.566650390625
20.png,2,0.007275684736669064,721.1915283203125,527.3449096679688,757.012451171875,542.0745239257812
20.png,0,0.007117090746760368,960.5601196289062,507.5705871582031,975.7357788085938,544.382080078125
20.png,3,0.007091722916811705,712.9820556640625,672.0501098632812,728.276611328125,687.4396362304688
20.png,3,0.0070508006028831005,2964.1654052734375,2636.1912841796875,2981.2366943359375,2650.3719482421875
20.png,0,0.0069910623133182526,566.2940063476562,468.5596923828125,593.3899536132812,489.6737060546875
20.png,3,0.006921728141605854,525.240234375,271.1595458984375,552.055419921875,321.582763671875
20.png,0,0.006885576993227005,732.9296264648438,1344.1990966796875,757.9857788085938,1360.8739013671875
20.png,0,0.006840608548372984,634.1202392578125,692.8007202148438,650.728515625,721.5054321289062
20.png,3,0.006839853245764971,547.6944580078125,321.6793212890625,583.2855224609375,373.58404541015625
20.png,2,0.00678980303928256,1685.6593933105469,1225.131591796875,1761.3701477050781,1247.774658203125
20.png,0,0.006777703296393156,681.150390625,694.0277099609375,696.913330078125,711.922607421875
20.png,3,0.006766724865883589,1185.6261901855469,247.76663208007812,1219.6062927246094,294.5995788574219
20.png,3,0.006712470203638077,940.64501953125,449.3538513183594,964.8222045898438,467.3464660644531
2139.png,1,0.3804019093513489,2350.615478515625,1419.8651733398438,2379.4154052734375,1472.8735961914062
2139.png,1,0.3688906729221344,1647.8804931640625,1536.151123046875,1660.6973876953125,1569.6381721496582
2139.png,1,0.36556461453437805,1554.1553955078125,1535.66015625,1576.7095947265625,1570.5947265625
2139.png,1,0.349428653717041,1624.5269775390625,1528.1376953125,1641.9295654296875,1563.585205078125
2139.png,1,0.3311963975429535,1598.3925170898438,1581.1788330078125,1617.1786499023438,1618.2020263671875
2139.png,1,0.26187676191329956,1636.121826171875,1528.2216796875,1649.8232421875,1566.078369140625
2139.png,1,0.2555154263973236,1591.83544921875,1534.9078369140625,1606.8402099609375,1563.8436279296875
2139.png,1,0.23638209700584412,1603.9293823242188,1536.0256824493408,1617.8622436523438,1565.6176891326904
2139.png,1,0.21479354798793793,2390.102294921875,965.1375732421875,2418.0933837890625,1009.5506591796875
2139.png,1,0.20088554918766022,1546.2656898498535,1535.9584350585938,1564.5790405273438,1569.9116821289062
2139.png,1,0.19903022050857544,1504.8436279296875,1620.9766235351562,1540.7840576171875,1639.0973510742188
2139.png,1,0.1902490258216858,1502.4393920898438,1611.381591796875,1535.8162231445312,1625.9720458984375
2139.png,1,0.18803004920482635,1522.6126098632812,1538.6150512695312,1540.6840209960938,1575.1083374023438
2139.png,1,0.17705027759075165,2523.6533203125,1654.1737060546875,2559.2568359375,1672.9678955078125
2139.png,1,0.17014917731285095,1556.2279052734375,1592.693115234375,1573.7137451171875,1624.687744140625
2139.png,1,0.1669878512620926,1501.1041259765625,1605.1934814453125,1535.6771240234375,1617.6468505859375
2139.png,0,0.1570795178413391,2512.05224609375,1690.8470458984375,2548.185302734375,1713.7811279296875
2139.png,1,0.15222690999507904,1947.2194213867188,1383.3087158203125,1975.2283325195312,1429.85888671875
2139.png,1,0.14969311654567719,1498.8388671875,1596.8104858398438,1530.712890625,1607.8002319335938
2139.png,0,0.14888030290603638,2375.53173828125,1495.5635375976562,2397.521484375,1529.8003540039062
2139.png,0,0.1472020149230957,2515.975830078125,1873.0433349609375,2538.3935546875,1912.736572265625
2139.png,1,0.1469067931175232,2515.5362548828125,1869.7122192382812,2536.8162841796875,1913.216064453125
2139.png,1,0.14460672438144684,1577.4766845703125,1589.653076171875,1595.868408203125,1617.972412109375
2139.png,1,0.14417637884616852,1549.01220703125,1667.2327880859375,1567.024169921875,1698.0303955078125
2139.png,1,0.13502644002437592,1461.7526245117188,1970.024616241455,1478.6674194335938,2009.6665344238281
2139.png,1,0.13430364429950714,1497.8658447265625,1587.8507080078125,1528.59033203125,1600.6275634765625
2139.png,3,0.13415440917015076,1580.5003662109375,1669.4568481445312,1598.3223876953125,1697.7050170898438
2139.png,3,0.13306058943271637,1556.9534912109375,1745.679931640625,1570.8079833984375,1771.7139892578125
2139.png,1,0.13275982439517975,1535.363037109375,1538.77734375,1548.34375,1571.09130859375
2139.png,1,0.12297023087739944,1796.4999389648438,1536.0,1844.5716552734375,1555.4988498687744
2139.png,1,0.11750277876853943,1585.7008056640625,1584.5015258789062,1604.80712890625,1617.7702026367188
2139.png,0,0.11541396379470825,1577.9113845825195,1589.4844207763672,1594.371238708496,1618.0506439208984
2139.png,0,0.11490960419178009,1548.4989500045776,1667.51953125,1566.0105018615723,1696.936767578125
2139.png,0,0.11252792924642563,1563.3829231262207,1669.114013671875,1580.3548164367676,1698.80322265625
2139.png,1,0.11120033264160156,2376.7924194335938,1968.0,2395.3786010742188,2004.0765380859375
2139.png,0,0.10866060107946396,1998.0926513671875,838.3848876953125,2018.8939208984375,872.4749755859375
2139.png,0,0.10640570521354675,2383.7809448242188,2630.5889892578125,2402.2249145507812,2657.9361572265625
2139.png,0,0.10513747483491898,2528.2490234375,1993.1907958984375,2563.7627563476562,2009.0579223632812
2139.png,1,0.10423656553030014,1513.7542114257812,1544.2863426208496,1531.9462280273438,1576.350700378418
2139.png,0,0.10370509326457977,1580.5221786499023,1669.5601806640625,1598.4050064086914,1697.8526611328125
2139.png,0,0.10369068384170532,1536.0,1537.5505981445312,1547.9139232635498,1565.9578247070312
2139.png,0,0.10275501757860184,1554.9021911621094,1648.60888671875,1568.8523178100586,1675.027099609375
2139.png,1,0.10116676986217499,1964.99072265625,1375.14453125,1994.3909912109375,1426.498046875
2139.png,0,0.10087087750434875,2143.78426361084,1372.5588989257812,2169.3102111816406,1393.3867797851562
2139.png,1,0.09993846714496613,1497.619140625,1574.1029663085938,1526.1602783203125,1588.7100219726562
2139.png,3,0.09954570978879929,1572.8837280273438,1667.13134765625,1589.6408081054688,1698.0439453125
2139.png,0,0.09932981431484222,1567.597827911377,1591.0218505859375,1584.5378608703613,1623.26611328125
2139.png,0,0.09872569888830185,1588.8912353515625,1669.6256713867188,1607.1529541015625,1696.5213012695312
2139.png,1,0.09589973092079163,2265.287109375,1391.3594360351562,2338.8602294921875,1422.9661254882812
2139.png,0,0.09570500999689102,1583.342041015625,1645.3856201171875,1599.8072509765625,1671.9383544921875
2139.png,3,0.09489233046770096,1573.933837890625,1648.7999877929688,1589.756591796875,1678.2068481445312
2139.png,0,0.09244333207607269,1462.0220947265625,1971.6609230041504,1479.9500732421875,2008.650188446045
2139.png,0,0.09130393713712692,1502.6416015625,1625.0579071044922,1540.872802734375,1637.5733032226562
2139.png,0,0.09022559970617294,1586.5640869140625,1585.076271057129,1604.1841430664062,1617.9345169067383
2139.png,3,0.09002234041690826,1546.2716064453125,1539.1136093139648,1559.3587646484375,1577.122329711914
2139.png,1,0.08952749520540237,2396.555419921875,2494.7152099609375,2438.0260009765625,2514.1031494140625
2139.png,0,0.08810511231422424,1574.8955078125,1670.2373046875,1588.502685546875,1697.1748046875
2139.png,0,0.0820264145731926,1600.2115478515625,1667.78369140625,1615.3651123046875,1692.59619140625
2139.png,0,0.07908451557159424,1547.0668621063232,1539.6768188476562,1560.4895877838135,1576.7459106445312
2139.png,0,0.07899260520935059,2354.485107421875,1857.7301025390625,2370.0294189453125,1881.2979736328125
2139.png,1,0.07698813825845718,2484.8231201171875,1766.3468017578125,2513.6395263671875,1825.5218505859375
2139.png,1,0.07658685743808746,2420.6483154296875,861.7671051025391,2482.9398193359375,889.386962890625
2139.png,0,0.07517722994089127,1592.490966796875,1644.8280029296875,1606.21240234375,1670.9815673828125
2139.png,0,0.07465381920337677,1677.2239990234375,1705.9690551757812,1691.7989501953125,1723.4569702148438
2139.png,3,0.07388385385274887,1601.8420104980469,1584.3494873046875,1614.9579772949219,1619.9315185546875
2139.png,3,0.07382547110319138,1526.1488037109375,1542.408203125,1541.2535400390625,1577.68310546875
2139.png,1,0.07260574400424957,2000.2154846191406,1632.8997955322266,2023.1040344238281,1670.7217407226562
2139.png,0,0.07209255546331406,2738.8509521484375,2364.0289916992188,2775.5794677734375,2381.587158203125
2139.png,3,0.07108090817928314,1579.5596923828125,1646.364501953125,1598.4423828125,1672.313232421875
2139.png,0,0.07041850686073303,1927.21142578125,1571.769905090332,1948.15576171875,1584.1958465576172
2139.png,3,0.07013343274593353,1559.45556640625,1538.1643753051758,1572.752197265625,1571.3417587280273
2139.png,1,0.07008009403944016,1996.2689514160156,1322.9432373046875,2024.2537536621094,1369.5460205078125
2139.png,3,0.0698675885796547,2686.6029052734375,1593.4769287109375,2705.4376220703125,1638.1173095703125
2139.png,0,0.069061778485775,1921.1822509765625,1506.4969482421875,1942.99609375,1537.4019775390625
2139.png,0,0.06874722242355347,2201.447021484375,2548.7380981445312,2218.27783203125,2558.1245727539062
2139.png,0,0.06820003688335419,2272.3502807617188,2511.0484619140625,2290.0380249023438,2544.5382080078125
2139.png,3,0.06703027337789536,1542.4952392578125,1741.2088623046875,1555.603271484375,1765.2103271484375
2139.png,0,0.06702768057584763,2539.9423217773438,1179.7351684570312,2585.2337036132812,1200.0750122070312
2139.png,0,0.0666075348854065,2238.89208984375,1596.514892578125,2260.808837890625,1611.62255859375
2139.png,3,0.06632032245397568,1530.0977783203125,1751.611328125,1542.9361572265625,1770.90380859375
2139.png,0,0.0661323070526123,1573.85009765625,1647.8868408203125,1588.962890625,1671.4176025390625
2139.png,1,0.06542520970106125,2605.6448974609375,1751.6325073242188,2630.630615234375,1786.4508666992188
2139.png,0,0.06518441438674927,1536.0,1764.3140258789062,1543.9751119613647,1781.2374877929688
2139.png,0,0.06457409262657166,1557.1534729003906,1590.4197845458984,1573.0375595092773,1624.1352844238281
2139.png,0,0.06421878933906555,1606.527099609375,1641.90478515625,1617.9051513671875,1662.412353515625
2139.png,0,0.06411425769329071,2292.7574157714844,2558.659912109375,2332.7083129882812,2578.15380859375
2139.png,0,0.06409423053264618,1859.2576293945312,1360.7747802734375,1879.7411499023438,1392.9154052734375
2139.png,0,0.06358563154935837,2641.4136962890625,2524.7689208984375,2667.6964111328125,2541.1207275390625
2139.png,0,0.06347864866256714,1620.1199951171875,1665.965576171875,1634.0113525390625,1691.3153076171875
2139.png,0,0.06334268301725388,2851.4672241210938,2481.7099609375,2878.6494750976562,2502.391357421875
2139.png,0,0.06272508949041367,2294.440200805664,2533.2852172851562,2321.4131622314453,2550.4113159179688
2139.png,1,0.06202487275004387,1631.85986328125,1668.8129272460938,1644.404296875,1694.2378540039062
2139.png,1,0.06103690713644028,1497.3414306640625,1567.8883666992188,1524.9588623046875,1578.0255737304688
2139.png,0,0.06101400777697563,2384.2994384765625,2528.4141845703125,2401.6734619140625,2562.3306884765625
2139.png,0,0.06050737574696541,1843.1668090820312,1979.4263305664062,1861.6270141601562,2008.1493530273438
2139.png,0,0.060224272310733795,2000.2420043945312,1632.921630859375,2023.1057739257812,1670.750244140625
2139.png,0,0.06018194183707237,1615.1495361328125,1639.841796875,1626.896484375,1660.22119140625
2139.png,3,0.06001128628849983,2278.51416015625,1520.8519287109375,2294.12744140625,1540.6622314453125
2139.png,0,0.059366870671510696,2607.3727416992188,1751.320556640625,2628.5133056640625,1786.340087890625
2139.png,1,0.05841042473912239,1624.3287963867188,1616.690673828125,1649.2451782226562,1667.2501068115234
2139.png,0,0.05789550766348839,1512.904541015625,1545.0632553100586,1527.0135498046875,1569.3520584106445
2139.png,1,0.05787140130996704,1536.0,1664.9135131835938,1547.0184116363525,1703.2693481445312
2139.png,0,0.057557910680770874,1504.554931640625,1638.9979248046875,1528.835205078125,1650.6441650390625
2139.png,0,0.056812651455402374,1621.4207763671875,1639.305908203125,1635.6275634765625,1660.69189453125
2139.png,3,0.05654149129986763,1555.944580078125,1585.337028503418,1570.662353515625,1599.3340682983398
2139.png,0,0.055682286620140076,2495.8609619140625,1723.5646667480469,2511.1826171875,1748.807861328125
2139.png,1,0.05562419816851616,2537.246856689453,1001.1810302734375,2590.1437072753906,1023.2591552734375
2139.png,0,0.05510411411523819,2392.0155029296875,2026.0141983032227,2405.5618896484375,2045.9714279174805
2139.png,0,0.055022891610860825,1982.6019592285156,1319.8616333007812,2004.5666809082031,1359.9971313476562
2139.png,0,0.05457727238535881,2180.707275390625,2527.1259765625,2196.4375,2546.3526611328125
2139.png,0,0.05431013181805611,2856.7636108398438,2514.4747924804688,2874.7734985351562,2542.7261352539062
2139.png,1,0.05384350195527077,1554.5223388671875,1648.3375244140625,1571.0133056640625,1674.1075439453125
2139.png,3,0.05240907892584801,2697.1700439453125,1589.1907348632812,2715.9923095703125,1636.5379028320312
2139.png,3,0.051274918019771576,2240.7979888916016,1443.701171875,2258.490005493164,1462.1922607421875
2139.png,0,0.05113930255174637,2644.0155029296875,2553.6259765625,2663.4302978515625,2566.83203125
2139.png,0,0.05110795423388481,1541.7510986328125,1740.4384765625,1555.1849365234375,1765.6715087890625
2139.png,0,0.05089254304766655,1988.1455688476562,1360.7049560546875,2012.068359375,1394.6322021484375
2139.png,0,0.05081521347165108,2410.4157104492188,1514.8106689453125,2430.3866577148438,1529.03857421875
2139.png,0,0.05064200982451439,1630.9830322265625,1666.9256591796875,1645.58837890625,1695.3049621582031
2139.png,3,0.049721669405698776,2665.7877197265625,1578.7628173828125,2686.3214111328125,1611.5228271484375
2139.png,3,0.0496591180562973,2267.8504638671875,1518.5069580078125,2284.1644287109375,1538.7911376953125
2139.png,0,0.049106381833553314,2550.8272399902344,2919.6435546875,2572.9449157714844,2935.88671875
2139.png,0,0.04880305007100105,2390.8892211914062,964.9908447265625,2415.8601684570312,1007.1649169921875
2139.png,0,0.048375457525253296,2414.4539794921875,1521.6766357421875,2434.6329345703125,1538.0469970703125
2139.png,1,0.048279400914907455,1566.2908325195312,1590.220703125,1588.4553833007812,1622.9427490234375
2139.png,0,0.04809682443737984,1521.5054321289062,1696.2650146484375,1541.6132202148438,1707.2349853515625
2139.png,1,0.04772384464740753,1539.1075439453125,1734.9920654296875,1554.6480712890625,1765.9266357421875
2139.png,3,0.04689222574234009,2313.482421875,1637.7762451171875,2335.077392578125,1665.5758056640625
2139.png,2,0.046035412698984146,1796.7536010742188,1533.80029296875,1844.2395629882812,1555.80029296875
2139.png,0,0.045892760157585144,1566.0879516601562,1648.3231811523438,1580.3779907226562,1676.7256469726562
2139.png,0,0.04580621048808098,2533.8745727539062,1001.683837890625,2588.5769653320312,1026.0914001464844
2139.png,0,0.044723816215991974,2324.19775390625,2526.20947265625,2344.628662109375,2538.22265625
2139.png,0,0.04464827477931976,1613.4297485351562,1666.1856689453125,1626.0292358398438,1688.1436767578125
2139.png,1,0.043894410133361816,1859.0140380859375,1359.4517211914062,1880.6650390625,1393.0414428710938
2139.png,0,0.043873801827430725,2637.2783203125,2550.2877197265625,2663.008544921875,2559.6990966796875
2139.png,0,0.043843768537044525,2266.2501831054688,2171.7920532226562,2280.7979125976562,2189.6729125976562
2139.png,0,0.04334738850593567,2421.5618896484375,863.296142578125,2468.6121826171875,889.03955078125
2139.png,0,0.042898502200841904,2287.08349609375,2504.3890380859375,2303.9407653808594,2527.0904541015625
2139.png,3,0.042888738214969635,1561.548583984375,1649.111083984375,1580.91064453125,1679.902099609375
2139.png,0,0.042764123529195786,2660.1306762695312,2537.6595458984375,2677.0210571289062,2550.0357666015625
2139.png,0,0.04227359592914581,2279.7212829589844,2508.1435546875,2298.8084411621094,2537.6134033203125
2139.png,0,0.04205724596977234,2537.5322265625,2887.582275390625,2558.8709716796875,2900.2451171875
2139.png,0,0.04173465445637703,2377.8914794921875,1968.0,2396.2081298828125,2004.8419456481934
2139.png,0,0.041680071502923965,2225.156005859375,1542.3779296875,2244.661376953125,1574.9410400390625
2139.png,0,0.04105626419186592,1963.3080444335938,1438.4420776367188,2005.7594604492188,1456.1221313476562
2139.png,0,0.040670618414878845,2663.8070678710938,1875.2811279296875,2676.8306274414062,1895.2490234375
2139.png,0,0.0404776856303215,1924.7019653320312,1338.6155395507812,1941.404052734375,1368.2759399414062
2139.png,0,0.04013516753911972,2242.8612670898438,1348.8674926757812,2255.5292358398438,1368.0543823242188
2139.png,3,0.039946842938661575,2231.190628051758,1454.9715576171875,2248.168411254883,1474.484619140625
2139.png,0,0.03922992944717407,2219.090576171875,1503.7186279296875,2233.88427734375,1520.6773681640625
2139.png,0,0.03859367594122887,2252.751220703125,1345.0504150390625,2265.95166015625,1360.0345458984375
2139.png,0,0.03849999979138374,3030.2738647460938,2752.20166015625,3051.8306274414062,2766.902587890625
2139.png,0,0.037809107452631,2835.1024169921875,2794.5208740234375,2858.6265869140625,2830.9844970703125
2139.png,0,0.03769600763916969,2546.2733764648438,975.3702239990234,2559.7286987304688,995.7612457275391
2139.png,3,0.037683021277189255,2709.3304443359375,1585.50390625,2727.4530029296875,1630.162353515625
2139.png,3,0.03725611791014671,2247.9241638183594,1461.502685546875,2266.321746826172,1478.1962890625
2139.png,0,0.036814313381910324,2542.547607421875,2894.66552734375,2571.1163330078125,2911.153564453125
2139.png,0,0.03650163114070892,1977.7651977539062,935.8531188964844,1998.6837768554688,965.1028442382812
2139.png,3,0.03616119176149368,2272.467041015625,1503.3277587890625,2293.12109375,1521.6015625
2139.png,0,0.03583185374736786,2481.59375,2161.5936431884766,2496.70849609375,2180.3436431884766
2139.png,0,0.035307805985212326,2329.2323608398438,2515.564453125,2346.8162231445312,2526.9141845703125
2139.png,0,0.035178881138563156,1497.85791015625,1585.4170227050781,1528.8040771484375,1600.486427307129
2139.png,0,0.03492742031812668,2333.11865234375,1698.3029174804688,2353.1640014648438,1712.2391967773438
2139.png,0,0.03492555394768715,2278.7310791015625,1698.369140625,2299.6728515625,1714.6029052734375
2139.png,3,0.03460264950990677,2208.8756103515625,2532.9483642578125,2221.51904296875,2548.3372802734375
2139.png,0,0.03447217494249344,2527.355712890625,2855.8857421875,2557.8277587890625,2873.54833984375
2139.png,0,0.034443557262420654,2513.9425048828125,1066.0352172851562,2522.7824096679688,1081.0132446289062
2139.png,0,0.03410171717405319,1963.2676086425781,827.2626953125,1974.9710388183594,841.6917724609375
2139.png,3,0.03386586904525757,2243.9640502929688,1451.889892578125,2261.4279174804688,1470.70556640625
2139.png,0,0.03373555839061737,1536.6547527313232,1868.6795654296875,1547.574016571045,1886.5364990234375
2139.png,0,0.03350265324115753,2665.7890625,1575.0684814453125,2686.8232421875,1611.6068115234375
2139.png,3,0.03317490592598915,1604.9986572265625,1545.6929168701172,1617.3760986328125,1567.4241752624512
2139.png,0,0.03307659924030304,2516.6328735351562,2823.8375244140625,2547.9026489257812,2840.7333984375
2139.png,3,0.03298056498169899,1594.2650146484375,1676.8805541992188,1604.2080078125,1693.6517944335938
2139.png,0,0.03297329694032669,1536.5468769073486,1747.1329040527344,1544.59135055542,1766.2192687988281
2139.png,0,0.03278818354010582,1600.7468872070312,1530.3177490234375,1616.4503326416016,1568.2584228515625
2139.png,0,0.032418422400951385,2534.1780395507812,2876.6867065429688,2558.0697631835938,2889.3916625976562
2139.png,0,0.03240904584527016,2418.1177978515625,1539.750244140625,2440.5594482421875,1554.894775390625
2139.png,0,0.032325100153684616,1513.2024536132812,1715.0347900390625,1533.4563598632812,1724.4781494140625
2139.png,0,0.032117895781993866,1557.4853515625,1749.397705078125,1570.166259765625,1773.198974609375
2139.png,0,0.032116860151290894,1628.1279296875,1632.0959014892578,1646.90283203125,1670.1935424804688
2139.png,0,0.03204825520515442,1779.6585693359375,2016.2224731445312,1791.5218505859375,2034.9176635742188
2139.png,0,0.032010190188884735,2508.7431640625,1725.6779174804688,2526.60791015625,1762.6430053710938
2139.png,0,0.03168169781565666,1590.48779296875,1728.586181640625,1600.957275390625,1746.80712890625
2139.png,0,0.03166400268673897,1496.6492919921875,1546.2557830810547,1515.0123291015625,1565.782325744629
2139.png,0,0.03165660426020622,2529.9022827148438,2865.4895629882812,2558.9901123046875,2879.8413696289062
2139.png,0,0.03156110271811485,2396.6602172851562,2495.5303344726562,2439.1218872070312,2516.4953002929688
2139.png,0,0.031546298414468765,2386.341552734375,2192.5676879882812,2397.654541015625,2206.5786743164062
2139.png,0,0.03149833157658577,2179.961669921875,1373.0816650390625,2189.8590087890625,1388.7713623046875
2139.png,3,0.031436335295438766,1464.2301635742188,1531.778076171875,1485.5120239257812,1569.01611328125
2139.png,0,0.03142635151743889,2012.999755859375,1673.2184143066406,2030.3438720703125,1700.1939392089844
2139.png,0,0.031212836503982544,2566.9469604492188,1025.7753295898438,2580.9713745117188,1051.8986206054688
2139.png,0,0.03070623055100441,1995.6730651855469,1617.712875366211,2007.6112976074219,1637.8627624511719
2139.png,3,0.030231289565563202,2203.168258666992,2521.5473022460938,2215.9520416259766,2545.7901000976562
2139.png,0,0.030010607093572617,2416.9647216796875,1528.6694946289062,2437.3828125,1543.3754272460938
2139.png,1,0.029124971479177475,1574.2470703125,1537.6239013671875,1587.359619140625,1569.3824462890625
2139.png,0,0.029100442305207253,2466.9721069335938,2167.6158447265625,2478.0971069335938,2181.889404296875
2139.png,0,0.028767326846718788,1501.5953369140625,1606.8529052734375,1535.8511962890625,1617.3243408203125
2139.png,0,0.028376484289765358,1960.024658203125,801.001708984375,1974.27490234375,819.546142578125
2139.png,0,0.028214946389198303,2504.8134155273438,1832.7689819335938,2515.7626342773438,1847.2206420898438
2139.png,0,0.028126124292612076,2742.4174194335938,2379.9345703125,2772.5105590820312,2393.1759033203125
2139.png,0,0.028025541454553604,1847.3807983398438,964.53369140625,1875.2264404296875,981.176025390625
2139.png,0,0.027929145842790604,1998.7045288085938,1322.7332763671875,2023.3937377929688,1372.5635986328125
2139.png,1,0.027727192267775536,1964.1735229492188,1437.650146484375,2008.5476684570312,1458.8734130859375
2139.png,0,0.027621351182460785,1843.6272583007812,2360.2403869628906,1879.4378051757812,2392.6365661621094
2139.png,0,0.027425820007920265,2411.5628662109375,946.028564453125,2423.19287109375,963.5370178222656
2139.png,0,0.02740943245589733,2110.0,2607.282470703125,2119.8873682022095,2623.0355224609375
2139.png,3,0.027373719960451126,1622.7547607421875,1640.0074462890625,1636.0462646484375,1664.323974609375
2139.png,3,0.027158116921782494,2252.0048828125,1478.6468505859375,2280.6099243164062,1502.1781005859375
2139.png,3,0.02713618054986,1625.6085205078125,1616.0975799560547,1644.0501708984375,1643.012222290039
2139.png,1,0.027028782293200493,2133.8780670166016,2599.601806640625,2202.440704345703,2628.1365966796875
2139.png,0,0.026622522622346878,2153.844482421875,1355.598876953125,2170.284912109375,1369.555908203125
2139.png,1,0.026512302458286285,1462.4923095703125,1536.0,1487.1851806640625,1569.5117492675781
2139.png,0,0.026484036818146706,2409.3108520507812,1208.7065124511719,2437.0007934570312,1252.8248596191406
2139.png,3,0.02637704275548458,1517.4896240234375,1735.7674560546875,1538.1175537109375,1768.7840270996094
2139.png,0,0.02610202506184578,2352.191650390625,1417.24560546875,2382.41552734375,1473.882080078125
2139.png,0,0.025915170088410378,2273.389923095703,1332.174560546875,2289.0470275878906,1343.029541015625
2139.png,1,0.025517921894788742,2515.444091796875,1692.881591796875,2552.941650390625,1717.305419921875
2139.png,1,0.025424057617783546,2212.405242919922,695.180908203125,2262.2560272216797,724.1473388671875
2139.png,3,0.024705490097403526,1566.9030151367188,1732.0465087890625,1579.3475952148438,1768.1038818359375
2139.png,0,0.024620598182082176,1668.9896240234375,1689.44677734375,1679.7259521484375,1702.63818359375
2139.png,2,0.024600932374596596,1464.343017578125,1536.0,1486.44287109375,1567.865228652954
2139.png,1,0.024572046473622322,2218.078125,714.04931640625,2266.548309326172,740.599853515625
2139.png,0,0.02425745688378811,2524.155792236328,1654.2584381103516,2560.874969482422,1675.2598724365234
2139.png,0,0.024192465469241142,2742.4058227539062,2391.8812866210938,2772.7321166992188,2404.91796875
2139.png,0,0.02409439906477928,2888.3269653320312,2757.8330078125,2914.2500610351562,2793.1240234375
2139.png,0,0.024021415039896965,1939.86669921875,1416.27978515625,1960.2313232421875,1439.0762939453125
2139.png,0,0.023710831999778748,1782.2236633300781,1542.6316013336182,1802.9077453613281,1556.1346244812012
2139.png,1,0.023650988936424255,1881.6176147460938,929.7812347412109,1907.2064819335938,968.5342254638672
2139.png,0,0.023619331419467926,2620.5133056640625,2834.8411865234375,2657.304443359375,2853.2099609375
2139.png,0,0.023504024371504784,1399.5856323242188,957.8796691894531,1411.5612182617188,977.2947082519531
2139.png,3,0.023171601817011833,2405.9356079101562,1497.7202758789062,2422.9293823242188,1512.2393188476562
2139.png,0,0.023067321628332138,2774.2459716796875,2444.3601684570312,2789.4102783203125,2462.8461303710938
2139.png,0,0.023010171949863434,2170.253849029541,2534.55078125,2180.175323486328,2550.498291015625
2139.png,0,0.022787010297179222,2199.5553436279297,2770.8466796875,2227.4622650146484,2785.852294921875
2139.png,0,0.02263478934764862,1514.0670776367188,1733.30859375,1531.1914672851562,1744.018310546875
2139.png,3,0.02251872979104519,2581.3375549316406,1021.6488037109375,2607.403350830078,1055.0048828125
2139.png,3,0.022502779960632324,1361.2456665039062,1368.29296875,1377.6897583007812,1395.1888427734375
2139.png,3,0.022365661337971687,1497.09619140625,1550.6474742889404,1515.6654052734375,1567.4910907745361
2139.png,3,0.02234937995672226,1521.3015747070312,1671.5087280273438,1533.4497680664062,1684.6057739257812
2139.png,0,0.022341329604387283,2544.3427734375,2905.0068359375,2572.7305908203125,2921.658203125
2139.png,3,0.022200465202331543,2309.0931701660156,2520.5823974609375,2326.917205810547,2535.2679443359375
2139.png,1,0.022118279710412025,2514.8099365234375,1686.7916870117188,2583.272216796875,1703.5250854492188
2139.png,3,0.022115031257271767,2511.0068359375,1689.6031494140625,2551.6544189453125,1715.6585693359375
2139.png,0,0.022071555256843567,3107.3990478515625,2636.595947265625,3125.4239501953125,2663.738525390625
2139.png,1,0.022014785557985306,2370.2646484375,1508.2660522460938,2386.562744140625,1528.2149047851562
2139.png,3,0.021998200565576553,2289.432861328125,1518.2955322265625,2304.2451171875,1540.3096923828125
2139.png,0,0.021880829706788063,2339.6998901367188,2187.939453125,2354.3905639648438,2199.688232421875
2139.png,1,0.02175799012184143,1496.7837524414062,1546.072509765625,1516.5436401367188,1566.804443359375
2139.png,0,0.021736249327659607,2930.398681640625,2759.5418090820312,2946.24658203125,2775.0303344726562
2139.png,0,0.021700605750083923,1975.5180053710938,829.0266723632812,1983.8385620117188,843.2603149414062
2139.png,0,0.021517803892493248,2079.78369140625,1922.4570922851562,2126.742431640625,1940.8432006835938
2139.png,3,0.0211986992508173,1418.7200927734375,991.8026733398438,1438.5098876953125,1021.0458374023438
2139.png,0,0.02117905765771866,2482.5526123046875,1764.6746826171875,2503.5576171875,1792.0
2139.png,0,0.020990917459130287,1592.1018753051758,2926.2413330078125,1609.165184020996,2947.3262939453125
2139.png,3,0.020935526117682457,2267.425750732422,1501.8302001953125,2283.580108642578,1527.6085205078125
2139.png,0,0.020832639187574387,1563.8474769592285,1538.2038221359253,1578.16898727417,1568.8668632507324
2139.png,0,0.020832562819123268,2403.2828369140625,1697.1929321289062,2420.6690673828125,1721.4669799804688
2139.png,3,0.02082107774913311,1503.7835693359375,1640.484130859375,1526.3060302734375,1652.39501953125
2139.png,3,0.020819716155529022,2368.008026123047,2592.023681640625,2390.1980895996094,2620.5537109375
2139.png,0,0.020754888653755188,1951.0908203125,1581.7225036621094,1969.102294921875,1608.2293243408203
2139.png,0,0.020708607509732246,2789.806396484375,1890.0968627929688,2810.539306640625,1924.1133422851562
2139.png,0,0.02064836025238037,2493.64599609375,2159.0980834960938,2505.972900390625,2175.8449096679688
2139.png,0,0.02043319121003151,1504.0853271484375,1653.97265625,1527.5093994140625,1668.80712890625
2139.png,0,0.02043001540005207,1574.3313598632812,1727.79052734375,1584.1243286132812,1747.33740234375
2139.png,0,0.02029513567686081,2346.6436767578125,2510.032958984375,2361.5751953125,2521.677001953125
2139.png,3,0.02027297019958496,1518.8553466796875,1685.4295654296875,1534.17138671875,1694.4759521484375
2139.png,0,0.02026567980647087,3034.388427734375,2814.8740234375,3050.85546875,2836.40234375
2139.png,3,0.020239008590579033,2500.2059326171875,1713.4732666015625,2525.686279296875,1754.6072998046875
2139.png,0,0.019823601469397545,2220.746292114258,2615.4876708984375,2242.1480712890625,2646.9664306640625
2139.png,2,0.019794389605522156,2221.4444580078125,2561.629150390625,2263.7832946777344,2585.146728515625
2139.png,0,0.01968001015484333,2216.3059692382812,1356.826171875,2227.6331481933594,1373.579345703125
2139.png,3,0.019667992368340492,2549.2711181640625,1022.2660369873047,2567.3798828125,1052.7813110351562
2139.png,1,0.01953190565109253,1696.64111328125,1703.2161865234375,1734.746826171875,1720.7025146484375
2139.png,0,0.019402755424380302,1831.5753173828125,1486.04443359375,1847.0556640625,1499.02294921875
2139.png,1,0.019385788589715958,2411.296630859375,2546.47314453125,2452.49169921875,2566.176513671875
2139.png,3,0.019116416573524475,1521.67041015625,1758.4949951171875,1534.004150390625,1782.9163818359375
2139.png,0,0.018954046070575714,2277.2376708984375,1691.7335815429688,2295.9661865234375,1706.4436645507812
2139.png,0,0.018811097368597984,2257.0421752929688,1203.4395141601562,2269.89501953125,1221.7454223632812
2139.png,0,0.018593257293105125,1685.1992797851562,1728.3330078125,1696.0310668945312,1742.710205078125
2139.png,2,0.018451450392603874,2350.7513427734375,2657.5662841796875,2390.7208251953125,2683.1680908203125
2139.png,0,0.018342331051826477,2320.1728515625,1618.1544189453125,2350.1640625,1655.4434814453125
2139.png,0,0.018334195017814636,1497.8970336914062,1576.0482368469238,1526.9400024414062,1587.2763404846191
2139.png,0,0.018307043239474297,2262.511688232422,2516.4143676757812,2274.712371826172,2537.2778930664062
2139.png,3,0.018304472789168358,2282.0552825927734,2535.3724975585938,2321.366500854492,2553.5155639648438
2139.png,1,0.018149422481656075,1938.4628295898438,1411.51611328125,1960.9686889648438,1439.91845703125
2139.png,3,0.01801398955285549,2306.499755859375,1617.6649169921875,2320.12060546875,1633.5577392578125
2139.png,0,0.017906399443745613,2291.739227294922,2513.619140625,2309.338348388672,2540.879150390625
2139.png,2,0.017758984118700027,2284.5770263671875,1057.9322204589844,2320.9566650390625,1076.7906799316406
2139.png,1,0.017708541825413704,1983.6197509765625,1384.9246826171875,2003.9805908203125,1425.5635986328125
2139.png,0,0.01758446730673313,2284.8616333007812,2554.8873291015625,2311.6749877929688,2569.56103515625
2139.png,0,0.01750103011727333,1513.27734375,1724.5870361328125,1532.5625,1735.7298583984375
2139.png,0,0.017310619354248047,2939.796875,2742.8629760742188,2953.385986328125,2758.5470581054688
2139.png,0,0.01714526303112507,2749.1185913085938,2423.052703857422,2769.8501586914062,2435.1837463378906
2139.png,3,0.01707991398870945,1572.242431640625,1727.674560546875,1581.8214111328125,1748.607421875
2139.png,0,0.01682128757238388,2414.808349609375,2055.7631225585938,2425.48046875,2073.0130004882812
2139.png,0,0.016724012792110443,2135.952875137329,2375.3736877441406,2148.898750305176,2390.191192626953
2139.png,0,0.016700975596904755,2308.8243408203125,2520.81591796875,2325.9605712890625,2533.47216796875
2139.png,0,0.01664515770971775,2118.185869216919,2546.0482788085938,2130.098045349121,2559.8379516601562
2139.png,0,0.01661776751279831,2497.9896240234375,2150.179168701172,2513.9156494140625,2173.121795654297
2139.png,0,0.016442539170384407,2110.152521133423,1843.7892761230469,2124.1492471694946,1865.7171936035156
2139.png,0,0.01632307656109333,2083.3695678710938,2545.55517578125,2096.6687622070312,2564.3251953125
2139.png,0,0.016232717782258987,2257.6611328125,1432.1801147460938,2283.2987670898438,1468.4462280273438
2139.png,2,0.016228705644607544,2265.8250732421875,1390.6876220703125,2297.6356201171875,1407.0882568359375
2139.png,0,0.016167405992746353,2945.1455078125,2756.3045043945312,2954.62451171875,2767.8139038085938
2139.png,0,0.016141904518008232,2344.9126586914062,2369.9194946289062,2357.1261291503906,2384.5150756835938
2139.png,3,0.016022274270653725,2717.05322265625,1586.0430297851562,2739.0269775390625,1633.5079956054688
2139.png,2,0.015844810754060745,2511.2813720703125,1688.0019073486328,2584.227783203125,1712.9839630126953
2139.png,0,0.01578620634973049,2802.6641845703125,1141.607421875,2818.9935302734375,1165.98095703125
2139.png,0,0.015749020501971245,2423.1950073242188,1549.3890380859375,2442.3778686523438,1560.2877197265625
2139.png,0,0.01571063883602619,1410.5311279296875,1677.3275146484375,1422.6239013671875,1697.2872314453125
2139.png,0,0.015531723387539387,1951.19921875,901.4644317626953,1969.09912109375,926.8015594482422
2139.png,1,0.015519545413553715,2374.6353759765625,1837.1599731445312,2418.6680908203125,1858.3982543945312
2139.png,0,0.015414758585393429,2338.8636474609375,2371.5682067871094,2349.1912231445312,2388.7493591308594
2139.png,0,0.01523036602884531,2747.309814453125,2434.6061401367188,2764.83056640625,2443.3970947265625
2139.png,0,0.015056178905069828,1536.0,1601.0294189453125,1547.3378019332886,1636.0638427734375
2139.png,0,0.015052416361868382,1686.4755859375,1876.3149719238281,1700.939697265625,1897.8849182128906
2139.png,1,0.014981864020228386,2579.9671630859375,1191.0241088867188,2621.05224609375,1221.6533813476562
2139.png,0,0.014924004673957825,2548.423065185547,1023.7092590332031,2566.380401611328,1052.9555358886719
2139.png,1,0.014872066676616669,2269.857864379883,2514.986328125,2287.765335083008,2545.235595703125
2139.png,0,0.014821598306298256,2951.8333740234375,2187.895050048828,2966.4183349609375,2211.740936279297
2139.png,0,0.014798400923609734,2385.36572265625,1185.9491271972656,2401.483642578125,1201.9718322753906
2139.png,0,0.014771508984267712,2699.2802734375,2467.5126342773438,2725.0361328125,2488.4824829101562
2139.png,3,0.01476031169295311,2256.5146484375,1519.3065185546875,2279.594970703125,1536.0452880859375
2139.png,0,0.014745720662176609,3025.0548095703125,2782.3817138671875,3040.4801025390625,2799.9044189453125
2139.png,0,0.014615890569984913,2289.4347534179688,1386.639404296875,2316.5220336914062,1405.8428955078125
2139.png,3,0.014579884707927704,1615.7888641357422,1598.5869140625,1636.1280059814453,1623.174560546875
2139.png,0,0.0145519208163023,1851.9605712890625,2055.8443603515625,1870.010009765625,2071.2637939453125
2139.png,0,0.014543763361871243,3035.782958984375,2823.59423828125,3052.273681640625,2846.92333984375
2139.png,1,0.014518458396196365,1887.93115234375,1377.53271484375,1916.581787109375,1423.520751953125
2139.png,0,0.014437489211559296,2453.798583984375,2168.887939453125,2465.4658203125,2186.8372802734375
2139.png,0,0.014422236941754818,2372.629638671875,1925.1429443359375,2382.1815185546875,1941.1968994140625
2139.png,0,0.014398230239748955,1417.093017578125,980.6472778320312,1438.982177734375,1020.9921264648438
2139.png,0,0.014318102039396763,3008.997802734375,2836.2105712890625,3018.739990234375,2851.2381591796875
2292.png,1,0.09111911803483963,3293.5413818359375,2219.22314453125,3328.0,2270.20751953125
2292.png,1,0.06253378838300705,3380.3692626953125,2235.4310913085938,3424.5831298828125,2250.2836303710938
2292.png,1,0.04897024855017662,3089.302734375,1936.0435485839844,3125.672119140625,1992.6895446777344
2292.png,0,0.04683889076113701,3376.9490356445312,2236.8050537109375,3423.3665161132812,2251.2213134765625
2292.png,1,0.030172279104590416,3318.1331787109375,2369.8321533203125,3334.29736328125,2413.1019287109375
2292.png,2,0.028517743572592735,3186.6777954101562,2290.4439086914062,3224.6287231445312,2333.0424194335938
2292.png,0,0.02821379527449608,891.303466796875,2290.9346923828125,902.73779296875,2309.7313232421875
2292.png,1,0.027621464803814888,3363.9146118164062,2323.5081176757812,3419.7369995117188,2338.7970581054688
2292.png,0,0.02744869887828827,2305.255205154419,2510.908203125,2322.7290534973145,2538.37060546875
2292.png,0,0.027197085320949554,1979.8463134765625,2542.342529296875,1994.9155883789062,2566.949462890625
2292.png,3,0.026913903653621674,3185.7276611328125,2289.5838623046875,3224.4476318359375,2333.2867431640625
2292.png,0,0.02604927308857441,2036.6669311523438,2480.1175537109375,2053.5174560546875,2501.4178466796875
2292.png,0,0.025651808828115463,3362.93017578125,2323.64453125,3423.716796875,2339.916259765625
2292.png,0,0.025007564574480057,3384.4498291015625,2220.35009765625,3422.852294921875,2233.6527099609375
2292.png,0,0.02497696876525879,3135.0137939453125,2678.9014892578125,3152.5594482421875,2717.527587890625
2292.png,0,0.02482547052204609,1032.8666381835938,1748.1368408203125,1060.0559692382812,1758.080322265625
2292.png,0,0.02413070760667324,3367.2313232421875,2264.9257202148438,3411.972900390625,2280.4747924804688
2292.png,0,0.02230364829301834,2029.702880859375,2546.33642578125,2040.7817993164062,2560.0
2292.png,2,0.021823935210704803,3187.0039672851562,2048.8414001464844,3234.7839965820312,2078.828887939453
2292.png,0,0.020055783912539482,2082.6913452148438,2378.6564331054688,2094.7794799804688,2395.5586547851562
2292.png,3,0.019908452406525612,3274.7998657226562,2201.60107421875,3296.3635864257812,2229.37841796875
2292.png,3,0.01990772783756256,3399.1275024414062,2200.0018005371094,3412.2655639648438,2213.751434326172
2292.png,1,0.01981945149600506,1536.0,2302.6278076171875,1569.811264038086,2346.8428955078125
2292.png,0,0.018650902435183525,2062.094482421875,2483.9619750976562,2075.823486328125,2501.4437866210938
2292.png,3,0.018322227522730827,3410.405517578125,2204.3646850585938,3424.03564453125,2217.1995239257812
2292.png,0,0.01794954389333725,2339.461135864258,2580.7435302734375,2364.1669921875,2619.1273193359375
2292.png,0,0.017088009044528008,1565.0706672668457,2330.880126953125,1576.9468574523926,2346.65673828125
2292.png,0,0.01680656149983406,1995.423828125,2545.3603515625,2005.3614501953125,2559.39697265625
2292.png,0,0.016714559867978096,2021.3322448730469,2546.6702880859375,2031.8192443847656,2559.9620361328125
2292.png,1,0.016689172014594078,3184.8013916015625,2047.5552978515625,3235.4571533203125,2077.6571044921875
2292.png,1,0.016522271558642387,3363.500244140625,2249.4376831054688,3425.40478515625,2264.7409057617188
2292.png,0,0.015546712093055248,3058.388916015625,1595.319320678711,3077.159423828125,1634.5446319580078
2292.png,0,0.015540758147835732,3360.173583984375,2309.3759155273438,3422.3697509765625,2329.4826049804688
2292.png,0,0.0155140096321702,860.630615234375,2308.283447265625,869.540771484375,2321.477783203125
2292.png,0,0.015334127470850945,92.90950012207031,1581.291748046875,100.82557678222656,1592.64404296875
2292.png,2,0.015139484778046608,3146.20849609375,2016.7747802734375,3201.136962890625,2059.579833984375
2292.png,1,0.01480872929096222,3380.2474365234375,2228.669921875,3425.11083984375,2238.4794921875
2292.png,3,0.014783156104385853,3289.1665649414062,2353.409423828125,3318.5313110351562,2388.611083984375
2292.png,0,0.014450066722929478,3316.6619873046875,2370.3824462890625,3334.7158203125,2413.2886962890625
2292.png,3,0.01441264245659113,3303.0665283203125,2344.4659423828125,3333.8302001953125,2379.2965087890625
2292.png,1,0.014271244406700134,1897.8510437011719,2520.958251953125,1920.2981262207031,2560.0
2292.png,0,0.014151249080896378,3132.3211669921875,1473.7020874023438,3163.9669189453125,1487.0449829101562
2292.png,0,0.014059990644454956,2006.491455078125,2543.76318359375,2018.2731323242188,2559.80419921875
2292.png,0,0.013709185644984245,2044.7765197753906,2481.156982421875,2060.1365966796875,2500.9775390625
2292.png,1,0.013349111191928387,3133.1837158203125,2677.823486328125,3153.3106689453125,2720.6962890625
2292.png,0,0.01334292534738779,1251.1954650878906,2334.2197265625,1261.9846496582031,2352.540771484375
2292.png,0,0.013183875009417534,2019.3732299804688,2549.5345458984375,2029.1427612304688,2564.7322998046875
2292.png,3,0.01316063106060028,3053.0180053710938,1577.1180419921875,3074.5178833007812,1608.1099853515625
2292.png,3,0.012759734876453876,3094.8846435546875,1836.3304748535156,3119.199462890625,1878.3386535644531
2292.png,0,0.012493683025240898,925.6234741210938,2353.3648071289062,934.2266235351562,2367.8231811523438
2292.png,3,0.012396796606481075,3393.7603759765625,2212.5004272460938,3417.4705810546875,2226.3657836914062
2292.png,0,0.012267467565834522,1242.6467895507812,2331.216064453125,1253.1126708984375,2350.206787109375
2292.png,0,0.012047182768583298,1216.0430603027344,2362.4246215820312,1226.4212341308594,2380.5549926757812
2292.png,1,0.011865067295730114,3188.3270874023438,2291.49072265625,3224.4431762695312,2333.656005859375
2292.png,3,0.011652126908302307,3277.6259155273438,2189.9677734375,3296.7495727539062,2213.999755859375
2292.png,0,0.011641795746982098,3384.3211669921875,2213.3804321289062,3415.7427978515625,2226.7434692382812
2292.png,0,0.011423512361943722,1155.9357299804688,2353.1559448242188,1169.5787963867188,2372.3156127929688
2292.png,0,0.011315173469483852,3279.423828125,2115.8065185546875,3307.0166015625,2153.0318603515625
2292.png,0,0.011100280098617077,3092.8466796875,2112.9742431640625,3127.392333984375,2127.618896484375
2292.png,2,0.01085978839546442,3373.42041015625,2505.1564331054688,3414.333740234375,2540.3578491210938
2292.png,0,0.010724195279181004,3202.6303100585938,2156.5761108398438,3218.4558715820312,2184.0311889648438
2292.png,0,0.010420766659080982,435.15777587890625,1916.6005859375,447.06903076171875,1933.0452880859375
2292.png,1,0.010159870609641075,3366.3828125,2266.9758911132812,3407.23876953125,2279.4312133789062
2292.png,1,0.010084105655550957,3358.0595703125,2309.1474609375,3416.312744140625,2329.33544921875
2292.png,0,0.010057133622467518,916.7745971679688,2352.5293579101562,926.1943969726562,2366.8213500976562
2292.png,0,0.009965845383703709,2011.2908935546875,2544.1580810546875,2026.892333984375,2560.0
2292.png,0,0.009253042750060558,1980.9374389648438,2362.175048828125,1991.8732299804688,2380.3740234375
2292.png,2,0.009244736284017563,3364.0032348632812,2339.8790283203125,3410.3776245117188,2353.2105712890625
2292.png,3,0.00917319767177105,3343.21826171875,2346.224609375,3374.06982421875,2380.628173828125
2292.png,2,0.009114273823797703,3361.4598388671875,2323.9635009765625,3420.4849853515625,2341.2965087890625
2292.png,0,0.009021865203976631,871.6620559692383,1150.4849243164062,890.3422775268555,1175.8480224609375
2292.png,0,0.008856646716594696,2304.048183441162,2710.1175537109375,2333.1938552856445,2724.715087890625
2292.png,0,0.008796080015599728,155.04595947265625,1224.908935546875,165.85076904296875,1241.9080810546875
2292.png,0,0.008717386052012444,2304.0,2471.8230590820312,2317.207431793213,2506.3793334960938
2292.png,0,0.0087127685546875,897.1591796875,2350.3995361328125,906.490234375,2364.7994384765625
2292.png,0,0.00859534926712513,3407.5155029296875,2160.410400390625,3426.8077392578125,2199.6317138671875
2292.png,0,0.008548528887331486,2586.292978286743,2666.733154296875,2598.354085922241,2682.389892578125
2292.png,0,0.008542278781533241,3362.0699462890625,2338.9216918945312,3413.8897705078125,2356.2665405273438
2292.png,0,0.008366084657609463,3365.349365234375,2249.4544677734375,3419.68603515625,2266.0465087890625
2292.png,2,0.008269039914011955,3361.510009765625,2309.8934326171875,3414.82666015625,2326.9971923828125
2292.png,0,0.007862272672355175,3056.9224853515625,1586.4994506835938,3073.5487060546875,1607.6565551757812
2292.png,0,0.007751263212412596,2076.5807495117188,2487.5323486328125,2086.0700073242188,2504.6575927734375
2292.png,0,0.007676292210817337,3370.7784423828125,2517.2560424804688,3400.4857177734375,2539.2006225585938
2292.png,1,0.007667950354516506,3288.778564453125,1284.27783203125,3313.5146484375,1335.901611328125
2292.png,3,0.007667550817131996,1562.6193313598633,2332.8198852539062,1592.037094116211,2358.4135131835938
2292.png,0,0.0076343161053955555,3141.3922119140625,2079.5635375976562,3155.6739501953125,2094.3551635742188
2292.png,1,0.00760221341624856,3319.4463500976562,2524.446044921875,3387.9115600585938,2549.755126953125
2292.png,0,0.007569883484393358,3192.830810546875,2123.981903076172,3222.74072265625,2164.8958435058594
2292.png,3,0.0075223734602332115,3145.4798583984375,2409.6426391601562,3166.8980712890625,2437.9739379882812
2292.png,0,0.007515466306358576,3304.971923828125,2374.2833251953125,3319.262939453125,2390.314453125
2292.png,1,0.007256585173308849,2304.2776622772217,2471.3200073242188,2318.106110572815,2506.5548706054688
2292.png,0,0.007227403577417135,2306.3285636901855,2686.4767456054688,2339.121742248535,2699.9634399414062
2292.png,1,0.0072074877098202705,2339.922378540039,2581.076171875,2365.4524993896484,2621.47314453125
2292.png,2,0.007125512696802616,3311.7180786132812,2525.35205078125,3388.6376342773438,2549.5283203125
2292.png,0,0.006922897882759571,3213.3333740234375,719.3424072265625,3228.4019775390625,736.0537109375
2292.png,0,0.006868544965982437,3380.0448608398438,2226.3245849609375,3423.1229858398438,2241.3045654296875
2292.png,3,0.006778586655855179,3284.084228515625,2208.487548828125,3309.0096435546875,2230.416748046875
2292.png,3,0.006598236970603466,3404.0391845703125,2209.98779296875,3424.6900634765625,2231.7386474609375
2292.png,0,0.00648193433880806,434.37640380859375,1926.51611328125,445.9127197265625,1938.7946166992188
2292.png,0,0.006466242950409651,2000.3751220703125,2481.5078125,2012.3192749023438,2494.34619140625
2292.png,3,0.006298578344285488,3280.1239624023438,2174.188232421875,3305.0932006835938,2192.80126953125
2292.png,3,0.006278170272707939,2609.63330078125,2053.1405029296875,2638.1197509765625,2070.561767578125
2292.png,2,0.006257985252887011,433.24200439453125,1924.9829711914062,494.27008056640625,1940.9008178710938
2292.png,2,0.006245188415050507,3089.6630859375,1839.559829711914,3118.605224609375,1878.6690521240234
2292.png,3,0.006068916525691748,3191.554443359375,2126.4202270507812,3223.68603515625,2163.9151000976562
2292.png,1,0.006030205637216568,3326.3942260742188,2367.4190063476562,3347.9124145507812,2412.9735717773438
2292.png,0,0.006020508240908384,3148.3485107421875,2411.725341796875,3166.2340087890625,2437.5689697265625
2292.png,2,0.005996102001518011,3305.358154296875,2343.849365234375,3332.4638671875,2378.546630859375
2292.png,2,0.005841159727424383,3320.886962890625,2366.2987670898438,3368.949951171875,2412.3757934570312
2292.png,1,0.0058077555149793625,3058.8770446777344,1596.0272636413574,3078.0819396972656,1642.7835845947266
2292.png,0,0.005675588268786669,3304.81005859375,2143.9335327148438,3319.7220458984375,2158.4183959960938
2292.png,0,0.005660871509462595,2027.2205505371094,2475.45263671875,2040.0076599121094,2495.7100830078125
2292.png,0,0.0056606438010931015,1512.7677001953125,2328.3943481445312,1522.6143798828125,2341.8641967773438
2292.png,0,0.005574123468250036,3317.0589599609375,2349.8120727539062,3328.0,2380.4052124023438
2292.png,0,0.00554222147911787,3280.4049072265625,2106.7750244140625,3295.9556884765625,2123.9056396484375
2292.png,0,0.005515557713806629,3135.2960815429688,2715.4378662109375,3150.2369995117188,2726.0
2292.png,3,0.005465115420520306,3364.9411010742188,2221.0064697265625,3384.7522583007812,2259.8411865234375
2292.png,0,0.005437892396003008,3274.1044921875,2205.7003173828125,3297.51025390625,2229.6414794921875
2292.png,2,0.005331944674253464,1561.849199295044,2332.9935302734375,1607.5907440185547,2363.8629150390625
2292.png,3,0.00527825066819787,3204.9005126953125,2165.6539306640625,3248.5931396484375,2186.8846435546875
2292.png,0,0.005145578179508448,3393.0287475585938,2169.0189514160156,3408.3587036132812,2182.926239013672
2292.png,0,0.0051448047161102295,1656.5199737548828,1725.5847930908203,1682.6175384521484,1748.376235961914
2292.png,2,0.00506235146895051,3206.0746459960938,2169.6168518066406,3248.7322387695312,2185.696014404297
2292.png,2,0.005039823241531849,3284.0289916992188,2354.120849609375,3319.1056518554688,2389.5826416015625
2292.png,0,0.005026975646615028,3366.2847900390625,2261.2423095703125,3406.9647216796875,2269.3970947265625
2292.png,3,0.00488770566880703,3197.1893310546875,2151.9906311035156,3219.8201904296875,2183.982879638672
2292.png,0,0.004883919842541218,1918.356689453125,2546.2706298828125,1931.8961791992188,2559.553466796875
2292.png,2,0.004789347294718027,3359.8699951171875,2264.5745239257812,3411.5716552734375,2281.9015502929688
2292.png,0,0.004687367472797632,1971.9808044433594,2354.6408081054688,1988.7607727050781,2370.5407104492188
2292.png,0,0.004645385313779116,3396.47607421875,2198.7499389648438,3418.23046875,2212.5841674804688
2292.png,0,0.004599287174642086,3108.2418212890625,1773.8341674804688,3132.7711181640625,1790.8784790039062
2292.png,2,0.004590454511344433,3203.511962890625,1403.308837890625,3223.547119140625,1445.781494140625
2292.png,0,0.0045852456241846085,3311.83349609375,2525.8109130859375,3384.784912109375,2544.5089111328125
2292.png,0,0.0045667989179492,2338.610870361328,2712.5020751953125,2367.2165908813477,2726.0
2292.png,0,0.004562989342957735,2172.9705810546875,2490.0234375,2188.6209716796875,2520.87548828125
2292.png,1,0.004533922765403986,3365.2212524414062,2258.213134765625,3408.7985229492188,2270.315185546875
2292.png,2,0.0044936141930520535,434.6257629394531,1916.562744140625,468.0405578613281,1933.23388671875
2292.png,0,0.004414677619934082,1251.3868103027344,2369.8446655273438,1264.8341979980469,2386.4129028320312
2292.png,0,0.004403257742524147,3128.458251953125,2099.5759887695312,3154.804931640625,2120.2378540039062
2292.png,0,0.004390299785882235,3279.962158203125,2173.4396362304688,3307.22900390625,2189.2522583007812
2292.png,0,0.004344825632870197,1142.3240966796875,2349.7144775390625,1155.4051513671875,2371.3001708984375
2292.png,3,0.0041800676845014095,871.8974914550781,1151.65283203125,889.4315185546875,1176.652099609375
2292.png,0,0.00416989391669631,26.607276916503906,1905.2100524902344,42.00105285644531,1914.7406616210938
2292.png,1,0.004133414477109909,3146.39599609375,2015.834716796875,3201.73583984375,2062.8050537109375
2292.png,1,0.004095759242773056,2304.8874473571777,2506.7630615234375,2323.426315307617,2537.686279296875
2292.png,0,0.004086126573383808,1677.7195281982422,2381.736328125,1694.5834197998047,2400.37158203125
2292.png,0,0.00407890509814024,2584.903575897217,2675.3425903320312,2598.0138092041016,2695.0962524414062
2292.png,0,0.00403761537745595,1283.47265625,2578.251953125,1299.956787109375,2588.464599609375
2292.png,0,0.0040252357721328735,0.2723064422607422,0.3297290802001953,18.94309425354004,9.078933715820312
2292.png,3,0.003932774532586336,3362.1068115234375,2341.2586669921875,3414.9664306640625,2357.0299072265625
2292.png,3,0.0038754476699978113,3105.673828125,1828.3489685058594,3129.758056640625,1877.0539245605469
2292.png,0,0.0038381803315132856,2002.1087036132812,2543.9231567382812,2011.9406127929688,2559.2196655273438
2292.png,0,0.003808779874816537,3045.5533142089844,1943.7115173339844,3063.275909423828,1970.0039978027344
2292.png,0,0.0038035004399716854,2039.8524169921875,2548.009765625,2052.5691528320312,2560.0
2292.png,3,0.0037845512852072716,3274.9434814453125,2226.01708984375,3294.5059814453125,2237.5625
2292.png,3,0.003766058012843132,3355.2252197265625,2323.185546875,3379.0714111328125,2353.526123046875
2292.png,3,0.003723158733919263,3018.3108520507812,1608.2178039550781,3060.8265380859375,1664.7445831298828
2292.png,0,0.003705367213115096,2023.892333984375,2373.5762939453125,2035.5283203125,2388.3577880859375
2292.png,3,0.0036976353731006384,3371.0286865234375,2508.9327392578125,3413.4549560546875,2540.5606689453125
2292.png,0,0.0036738074850291014,1234.464599609375,2364.7328491210938,1249.3575439453125,2384.7236938476562
2292.png,0,0.0035524906124919653,167.1309051513672,701.9149169921875,182.2299346923828,718.2308349609375
2292.png,2,0.0035431464202702045,3086.7568969726562,1934.3572998046875,3125.7262573242188,1990.9583740234375
2292.png,2,0.0035264850594103336,1538.112590789795,2299.8160400390625,1575.6182708740234,2348.0987548828125
2292.png,0,0.003508179448544979,3136.737548828125,2010.6705322265625,3155.896484375,2028.531005859375
2292.png,0,0.003493643831461668,3273.6016845703125,2233.745361328125,3293.1204833984375,2247.86572265625
2292.png,2,0.003484303131699562,3404.964599609375,2161.1173095703125,3468.0401611328125,2202.659423828125
2292.png,0,0.003476749872788787,319.3553466796875,2325.9449462890625,342.944580078125,2336.1048583984375
2292.png,3,0.003436099737882614,3204.0897827148438,1398.595703125,3228.3305053710938,1446.62060546875
2292.png,3,0.003427334362640977,3372.5299072265625,2246.5249633789062,3425.4520263671875,2262.8058471679688
2292.png,0,0.0034189599100500345,2602.1366443634033,2670.3944091796875,2615.6019592285156,2692.0211181640625
2292.png,1,0.0034074196591973305,3278.817138671875,2107.709197998047,3306.1380615234375,2152.592742919922
2292.png,0,0.0033791163004934788,1205.5925903320312,2357.3621215820312,1218.5494995117188,2381.2880249023438
2292.png,3,0.0033471928909420967,2740.499969482422,1650.3900146484375,2779.252685546875,1662.6978759765625
2292.png,2,0.003264759201556444,3140.8992919921875,2398.1306762695312,3167.5653076171875,2438.4822387695312
2292.png,3,0.003256093477830291,3297.5604248046875,2119.772705078125,3319.739013671875,2156.398193359375
2292.png,0,0.003241979517042637,3206.311279296875,1431.718017578125,3223.991943359375,1445.4522705078125
2292.png,0,0.0032161648850888014,3338.80322265625,851.0975341796875,3359.14892578125,879.3201904296875
2292.png,0,0.0032037547789514065,3092.2392578125,1568.9068603515625,3108.027099609375,1601.6124267578125
2292.png,1,0.0031958369072526693,2486.2298889160156,2519.445068359375,2516.556427001953,2560.0
2292.png,0,0.0031726935412734747,3286.8081665039062,2216.7926025390625,3313.3015747070312,2264.0296630859375
2292.png,0,0.0031136448960751295,2518.1276245117188,2714.982177734375,2536.3912658691406,2725.4501953125
2292.png,0,0.0029970703180879354,3149.604248046875,2017.5422973632812,3162.90234375,2031.031982421875
2292.png,0,0.00296555133536458,3208.6198120117188,2318.7291259765625,3224.8234252929688,2333.9571533203125
2292.png,0,0.002943126019090414,3093.9521484375,1840.5574035644531,3118.73388671875,1876.9902954101562
2292.png,0,0.0029338940512388945,896.2073974609375,2270.1473388671875,915.6219482421875,2284.9732666015625
2292.png,0,0.002931928029283881,1206.5328979492188,2325.1519775390625,1221.2636108398438,2343.7620849609375
2292.png,3,0.002929283771663904,3343.9942626953125,2332.8494262695312,3367.7236328125,2358.3021850585938
2292.png,0,0.0029166608583182096,1071.7826843261719,1741.2398681640625,1084.1246643066406,1750.5758056640625
2292.png,0,0.0029162017162889242,1400.982421875,2387.5557861328125,1414.122802734375,2406.8851318359375
2292.png,2,0.002907405374571681,3114.0579833984375,1987.9366149902344,3160.814208984375,2027.6005554199219
2292.png,0,0.002896571299061179,3188.7874755859375,2319.647705078125,3205.4659423828125,2335.499755859375
2292.png,0,0.002894269535318017,895.421875,2277.0345458984375,916.975830078125,2300.7884521484375
2292.png,0,0.0028546126559376717,3134.7530517578125,1917.6461791992188,3151.2117919921875,1927.6138305664062
2292.png,0,0.002846270799636841,3186.25390625,2048.2533569335938,3233.743408203125,2074.4683227539062
2292.png,2,0.002844179281964898,3279.9050903320312,2108.6773681640625,3317.1133422851562,2153.3575439453125
2292.png,3,0.0028120700735598803,3412.868896484375,2208.7430419921875,3436.542236328125,2232.518798828125
2292.png,0,0.002805269556120038,2462.3538208007812,2602.5516357421875,2480.6385498046875,2636.2313232421875
2292.png,0,0.0027856682427227497,875.755859375,1956.5528564453125,887.0181884765625,1967.4185791015625
2292.png,0,0.0027676497120410204,3123.454345703125,2122.7718505859375,3143.030029296875,2134.4110107421875
2292.png,3,0.0027547520585358143,433.072021484375,1924.6357116699219,484.1378173828125,1940.8038024902344
2292.png,3,0.0026975958608090878,3091.5546875,1565.9677963256836,3109.9791259765625,1602.1641693115234
2292.png,1,0.0026941499672830105,2304.0,2582.2564086914062,2314.3214015960693,2613.8410034179688
2292.png,0,0.0026660060975700617,1605.213623046875,2510.730712890625,1617.7320404052734,2527.922607421875
2292.png,0,0.0026232292875647545,3167.5623779296875,2319.8014526367188,3180.2603759765625,2339.1806030273438
2292.png,3,0.002545015187934041,3290.4637451171875,2201.9019775390625,3316.4688720703125,2225.5087890625
2292.png,0,0.0025448291562497616,24.30841064453125,714.9276123046875,47.33977508544922,732.0921630859375
2292.png,3,0.0025012148544192314,3284.9073486328125,2189.9030151367188,3313.1722412109375,2211.59033203125
2292.png,3,0.002493286272510886,3383.25341796875,2219.8032836914062,3426.921142578125,2236.3628540039062
2292.png,3,0.0024759997613728046,3129.9144287109375,2100.832763671875,3151.7923583984375,2118.202880859375
2292.png,0,0.0024643992073833942,3261.9391479492188,674.8642578125,3287.1814575195312,691.0615234375
2292.png,2,0.002451958367601037,3194.166748046875,2123.302001953125,3223.219482421875,2167.3419189453125
2292.png,3,0.0024474463425576687,3122.7340087890625,2077.2638549804688,3153.8878173828125,2101.2920532226562
2292.png,0,0.0024299786891788244,3412.9898681640625,2211.1456909179688,3435.2362060546875,2232.1570434570312
2292.png,3,0.002401019213721156,3361.573974609375,2308.39599609375,3415.8929443359375,2328.4805908203125
2292.png,3,0.0023821420036256313,1539.1516609191895,2307.3853759765625,1577.5337524414062,2347.09716796875
2292.png,1,0.002375554759055376,2305.4542388916016,2684.28125,2337.603832244873,2705.427001953125
2292.png,3,0.0023666147608309984,3129.7227172851562,2062.8082885742188,3156.6771850585938,2094.4948120117188
2292.png,1,0.0023593453224748373,3093.912841796875,1833.3455810546875,3119.940185546875,1879.651123046875
2292.png,2,0.002353199291974306,3292.9927368164062,2217.36669921875,3326.2984008789062,2269.60888671875
2292.png,0,0.002316156169399619,3116.677734375,2094.8633422851562,3130.277587890625,2108.5115356445312
2292.png,0,0.0022592474706470966,3139.0786743164062,1977.7414245605469,3152.0534057617188,1989.6765441894531
2292.png,0,0.002223118208348751,1190.8031616210938,2389.388427734375,1216.0281372070312,2401.2921142578125
2292.png,0,0.0021909039933234453,3108.378173828125,2710.1307373046875,3123.8353271484375,2725.4449462890625
2292.png,1,0.0021535225678235292,1977.11328125,2459.6837768554688,1997.2545166015625,2493.6017456054688
2292.png,0,0.0021253980230540037,2460.488754272461,2689.4910278320312,2468.9913787841797,2704.3268432617188
2292.png,0,0.0021129045635461807,793.529296875,2028.9052124023438,808.471435546875,2041.915771484375
2292.png,0,0.002105967840179801,2591.3726806640625,2668.7806396484375,2604.182476043701,2694.1319580078125
2292.png,1,0.0020887511782348156,2631.1015663146973,2694.41015625,2649.9271240234375,2726.0
2292.png,0,0.0020804309751838446,1958.5733337402344,2352.845947265625,1970.3351745605469,2361.614013671875
2292.png,1,0.0020794908050447702,2172.478271484375,2489.1576538085938,2191.26171875,2520.3425903320312
2292.png,3,0.002073317300528288,2633.9793701171875,118.06887817382812,2659.1200561523438,134.41244506835938
2292.png,0,0.002063604537397623,863.9295654296875,2416.5119018554688,876.0880126953125,2427.1192016601562
2292.png,0,0.0020273630507290363,2144.5673828125,2389.36279296875,2158.642333984375,2403.97021484375
2292.png,0,0.0020134623628109694,79.94151306152344,1620.368408203125,90.93888854980469,1634.07421875
2292.png,0,0.0020045731216669083,1107.3143310546875,1749.9697494506836,1124.8909912109375,1761.7632369995117
2292.png,0,0.0020008590072393417,386.4368896484375,2335.1134033203125,403.8634033203125,2346.8245849609375
2292.png,3,0.0019981290679425,3198.7886352539062,2140.575653076172,3266.1428833007812,2169.9231872558594
2292.png,0,0.0019735656678676605,2090.1690673828125,2377.7362670898438,2100.7650146484375,2395.6757202148438
2292.png,0,0.001959099667146802,3274.1298217773438,2226.8895874023438,3291.5016479492188,2237.5132446289062
2292.png,0,0.0019297647522762418,3117.8570556640625,2112.7413635253906,3141.8636474609375,2128.0624084472656
2292.png,1,0.00192709406837821,768.3010921478271,2261.4844970703125,780.8770322799683,2282.9454345703125
2292.png,0,0.0019120913930237293,696.7313842773438,2482.781005859375,708.9171752929688,2492.81884765625
2292.png,1,0.0018949405057355762,2315.0445766448975,2578.177490234375,2333.495782852173,2617.75927734375
2292.png,1,0.0018860363634303212,1755.8416748046875,1711.2155256271362,1792.0,1733.182903289795
2292.png,0,0.0018854440422728658,2019.8887329101562,2371.1724853515625,2027.9544067382812,2384.3277587890625
2292.png,0,0.0018724637338891625,2863.58056640625,2318.9649658203125,2879.8065185546875,2336.562255859375
2292.png,3,0.0018721679225564003,3064.1625366210938,1581.0076904296875,3084.0115356445312,1607.8975830078125
2292.png,0,0.0018610893748700619,900.9338989257812,2346.3330078125,915.2097778320312,2364.39599609375
2292.png,0,0.001833723857998848,2035.0147705078125,2370.7559814453125,2044.756103515625,2387.888916015625
2292.png,0,0.001831497997045517,2051.185302734375,2426.259033203125,2063.272705078125,2440.3330078125
2292.png,0,0.0018305975245311856,2051.3875732421875,2480.0234375,2066.4842529296875,2502.0155029296875
2292.png,0,0.001813054783269763,2631.454071044922,2681.364013671875,2650.316680908203,2726.0
2292.png,0,0.0018043993040919304,2013.184326171875,2477.2186279296875,2025.68798828125,2496.8216552734375
2292.png,0,0.0017833588644862175,1642.0483856201172,2508.4287109375,1652.8084869384766,2524.9127197265625
2292.png,3,0.0017418109346181154,3133.2435913085938,1888.8842163085938,3153.4108276367188,1927.8771362304688
2292.png,2,0.001717259525321424,3203.8094482421875,2157.753936767578,3257.1885986328125,2177.772491455078
2292.png,3,0.0017108396859839559,896.3362426757812,2274.6744384765625,908.5946655273438,2288.669921875
2292.png,0,0.001673003425821662,2767.1486206054688,1644.7173461914062,2780.9226684570312,1660.8075561523438
2292.png,0,0.0016723568551242352,929.7703857421875,2352.1068115234375,936.679931640625,2366.7733154296875
2292.png,0,0.0016657700762152672,3131.888671875,1335.6022338867188,3141.8477783203125,1348.9962768554688
2292.png,3,0.0016651477199047804,2937.4896850585938,2378.0050659179688,2963.2555541992188,2410.7733764648438
2292.png,1,0.0016464140499010682,3106.2020263671875,1773.1246337890625,3137.5953369140625,1791.8553466796875
2292.png,0,0.0016432043630629778,2625.5084533691406,2060.431396484375,2638.1182403564453,2071.6318359375
2292.png,0,0.0016062656650319695,3279.8541259765625,2188.6361083984375,3297.7440185546875,2205.4136962890625
2292.png,0,0.001605855068191886,907.6719970703125,1823.3057861328125,918.8651123046875,1834.6327514648438
2292.png,3,0.0015944951446726918,3207.7005615234375,2318.2615966796875,3227.8177490234375,2340.64697265625
2292.png,0,0.0015658768825232983,566.40966796875,1783.34619140625,580.16064453125,1794.7272338867188
2292.png,0,0.0015612341230735183,1395.5851440429688,2384.1005859375,1406.5676879882812,2417.316162109375
2292.png,3,0.0015601188642904162,3323.1614990234375,2336.0721435546875,3344.5133056640625,2375.3499755859375
2292.png,0,0.0015591379487887025,1286.6425170898438,2334.8377075195312,1298.2951049804688,2357.3309936523438
2292.png,0,0.0015588031383231282,2172.251220703125,2559.3367919921875,2191.119384765625,2594.0985107421875
2292.png,2,0.0015476031694561243,3107.3876342773438,1828.79638671875,3131.6796264648438,1877.4577026367188
2292.png,3,0.0015441079158335924,3355.9496459960938,2242.1231689453125,3382.5971069335938,2262.0428466796875
2292.png,0,0.0015293536707758904,3238.511474609375,2211.7469177246094,3249.660888671875,2228.5972900390625
2292.png,0,0.0015022190054878592,1134.0105285644531,2356.5540771484375,1142.0730285644531,2371.3304443359375
2292.png,1,0.0014995763776823878,3193.216796875,2124.6572875976562,3222.677490234375,2165.7230834960938
2292.png,0,0.001471194438636303,1286.2553100585938,2525.0076293945312,1298.6173706054688,2535.8522338867188
2292.png,0,0.0014702323824167252,3109.2933349609375,1365.5687255859375,3138.4078369140625,1382.4727783203125
2292.png,0,0.0014426233246922493,3345.5804443359375,2354.8909912109375,3373.2012939453125,2380.4915771484375
2292.png,0,0.001411707024089992,2193.1163330078125,2545.9580688476562,2207.935791015625,2559.5881958007812
2292.png,0,0.0014074374921619892,3128.3878173828125,1930.2845611572266,3163.9263916015625,1946.1222076416016
2292.png,0,0.001384244067594409,2305.802686691284,2697.52978515625,2335.754430770874,2709.84228515625
2292.png,1,0.0013816284481436014,2324.7240657806396,2472.5485229492188,2351.3027572631836,2515.0325317382812
2292.png,0,0.0013654414797201753,3318.1395263671875,1888.9196166992188,3328.0,1917.9754028320312
2292.png,3,0.0013621008256450295,3416.1203002929688,2196.4221801757812,3454.5142211914062,2220.4230346679688
2292.png,0,0.0013587522553279996,1017.953369140625,2633.4808349609375,1024.0,2650.1658935546875
2292.png,3,0.0013526234542950988,3278.484130859375,2180.9378051757812,3295.7001953125,2200.9782104492188
2292.png,0,0.0013493424048647285,3114.7741088867188,1830.2424011230469,3126.7689819335938,1862.9114074707031
2292.png,0,0.0013297245604917407,2636.0154418945312,118.83283996582031,2658.5209350585938,133.52810668945312
2292.png,0,0.001318908529356122,1064.7390747070312,338.13458251953125,1091.1346435546875,376.08209228515625
2292.png,0,0.001313076470978558,470.5127258300781,1136.0621643066406,485.7256774902344,1151.5184631347656
2292.png,0,0.001297353650443256,2318.2935962677,2602.0213012695312,2332.1700344085693,2617.1454467773438
2292.png,0,0.0012946060160174966,3108.4727783203125,2078.8648681640625,3130.7073974609375,2094.4795532226562
2292.png,0,0.0012848868500441313,0.0,0.0,11.464221954345703,16.448604583740234
2292.png,0,0.0012772049522027373,807.659725189209,2312.5390625,825.7634696960449,2328.122314453125
2292.png,3,0.0012765098363161087,2728.6492919921875,1654.937644958496,2759.4161376953125,1698.1623229980469
2292.png,2,0.0012737862998619676,1060.2442932128906,335.65777587890625,1091.1687316894531,375.16943359375
2292.png,0,0.0012722887331619859,2326.972333908081,2472.1941528320312,2349.5237426757812,2503.8987426757812
2292.png,0,0.0012716909404844046,2003.0673217773438,2367.48974609375,2012.0743408203125,2383.33984375
2292.png,0,0.0012714953627437353,1223.4402770996094,2333.3505859375,1236.7351379394531,2350.9453125
2292.png,1,0.0012638969346880913,2035.800048828125,2477.1505737304688,2050.75048828125,2500.8229370117188
2292.png,2,0.0012613822473213077,3054.87451171875,1590.7947540283203,3077.998046875,1652.181167602539
2292.png,1,0.001252273446880281,1884.2560729980469,2358.9638671875,1934.7129821777344,2375.2935791015625
2292.png,0,0.0012504380429163575,3243.66015625,2599.699462890625,3252.595458984375,2612.794677734375
2292.png,0,0.0012453977251425385,2780.705810546875,1674.2418212890625,2795.2881469726562,1686.9102783203125
2292.png,0,0.0011954825604334474,3101.48046875,2423.571044921875,3116.652099609375,2436.071533203125
2292.png,1,0.0011843674583360553,3304.0009765625,2376.7919921875,3321.314208984375,2415.247802734375
2292.png,0,0.0011830520816147327,2103.157958984375,2382.62841796875,2114.84765625,2396.5693359375
2292.png,0,0.0011829788563773036,2045.2710876464844,2546.8134155273438,2057.8572998046875,2559.2401733398438
2292.png,0,0.0011754205916076899,2016.670166015625,2473.1729736328125,2030.7882080078125,2491.2044677734375
2292.png,2,0.0011667250655591488,3025.8623046875,1616.7120208740234,3059.912353515625,1664.8809967041016
2292.png,1,0.0011643469333648682,2459.9160766601562,2599.9607543945312,2481.2786254882812,2636.2083129882812
2292.png,0,0.0011514225043356419,2743.5123596191406,1641.9526977539062,2776.7777404785156,1655.9590454101562
2292.png,1,0.0011442379327490926,3027.491729736328,1605.081283569336,3059.9036560058594,1667.2985076904297
2292.png,3,0.0011410192819312215,3164.102783203125,2308.8262329101562,3180.639892578125,2337.6676635742188
2292.png,3,0.0011373308952897787,3223.6892700195312,2176.4067993164062,3251.2211303710938,2194.9262084960938
2292.png,0,0.001123687601648271,2623.1347045898438,2673.22802734375,2633.7920532226562,2689.379150390625
2292.png,0,0.0011136347893625498,2619.683418273926,2673.9177856445312,2627.5465774536133,2690.2130737304688
2292.png,0,0.001111259451135993,159.56130981445312,2291.2576904296875,172.919921875,2299.1829833984375
2292.png,0,0.0011100152041763067,3254.327880859375,2593.58984375,3264.239013671875,2611.957275390625
2292.png,0,0.001109155360609293,3152.3050537109375,2427.3421020507812,3168.8184814453125,2443.4904174804688
2292.png,0,0.0011045681312680244,2949.5758666992188,2399.6087646484375,2963.5991821289062,2410.5491943359375
2292.png,0,0.001103990594856441,1910.0316772460938,2492.1507568359375,1925.5017700195312,2515.6353759765625
2292.png,1,0.0011018735822290182,817.0715713500977,2264.53564453125,881.8011245727539,2297.604736328125
2292.png,3,0.001100847963243723,3360.5220947265625,2255.669921875,3420.613525390625,2277.242431640625
2292.png,0,0.0011000905651599169,1011.680908203125,1885.2819519042969,1023.5816650390625,1895.6290588378906
2292.png,1,0.0010976942721754313,3407.22265625,2159.167938232422,3459.218017578125,2202.092559814453
2292.png,0,0.0010884345974773169,3264.29443359375,2597.0487060546875,3272.497802734375,2612.8402099609375
2292.png,3,0.0010880749905481935,3075.363037109375,1576.4615478515625,3089.789306640625,1608.1688232421875
2292.png,0,0.0010871337726712227,3151.2196044921875,2319.1529541015625,3164.5418701171875,2335.745361328125
2292.png,0,0.00107835594099015,3403.16845703125,2173.5868530273438,3424.3994140625,2209.965576171875
2292.png,2,0.001077638124115765,3091.4442138671875,1551.9915161132812,3110.4322509765625,1603.0292358398438
2292.png,1,0.0010753859532997012,3315.359619140625,2338.0042724609375,3328.0,2375.0386962890625
2292.png,0,0.0010635467479005456,1037.7074584960938,2389.6937255859375,1045.4972534179688,2402.7974853515625
2293.png,1,0.38627001643180847,2606.707473754883,845.285514831543,2670.2784729003906,858.3165817260742
2293.png,1,0.35557907819747925,1200.001220703125,1139.0543518066406,1261.66064453125,1171.4789123535156
2293.png,1,0.337574303150177,1920.4069213867188,1536.0,1943.1127319335938,1580.4921264648438
2293.png,1,0.29497382044792175,2281.288330078125,1953.3219604492188,2308.268310546875,2011.4140014648438
2293.png,1,0.2940080761909485,3558.1947021484375,216.4903564453125,3581.393310546875,267.7421875
2293.png,1,0.2939170300960541,2662.8762817382812,1469.0244140625,2723.1919555664062,1480.2021484375
2293.png,1,0.29317715764045715,2663.0723266601562,1456.8004760742188,2722.4515991210938,1468.3367309570312
2293.png,1,0.2873328924179077,1439.9112548828125,969.3240661621094,1508.255615234375,1001.0289611816406
2293.png,1,0.2706650495529175,2515.0528869628906,954.7381896972656,2583.7046508789062,970.3084716796875
2293.png,1,0.2614820897579193,2493.905792236328,1349.8806762695312,2510.9518127441406,1394.5103149414062
2293.png,1,0.24990656971931458,1626.849365234375,895.1242752075195,1683.66162109375,933.7417602539062
2293.png,1,0.24614982306957245,1412.0370483398438,1043.0659484863281,1472.1654663085938,1075.5300598144531
2293.png,1,0.24507850408554077,2272.9217529296875,2560.849853515625,2293.9617919921875,2612.6041259765625
2293.png,1,0.24415720999240875,2453.1729125976562,1610.4606323242188,2523.44384765625,1637.6508178710938
2293.png,1,0.23452509939670563,1248.1007080078125,1059.7554321289062,1317.24560546875,1094.3737182617188
2293.png,1,0.23123443126678467,2579.2685737609863,1023.4947814941406,2621.2274856567383,1034.8581848144531
2293.png,1,0.23051676154136658,1351.3251953125,1069.8523559570312,1412.5341796875,1098.6403198242188
2293.png,1,0.22680921852588654,287.19415283203125,1832.8561401367188,323.65020751953125,1877.1459350585938
2293.png,1,0.2229141741991043,1622.8095703125,959.0681457519531,1680.0849609375,993.4437561035156
2293.png,1,0.2186838686466217,2582.1739807128906,1002.3195953369141,2623.055877685547,1016.3718109130859
2293.png,1,0.21795329451560974,2595.1505737304688,918.9612884521484,2617.8820190429688,955.7352447509766
2293.png,1,0.21755968034267426,1594.439453125,1193.147216796875,1648.87841796875,1204.27099609375
2293.png,1,0.21454450488090515,1496.62841796875,949.9813995361328,1540.59326171875,976.8448333740234
2293.png,1,0.21250449120998383,1401.2425537109375,145.6375274658203,1474.7838134765625,161.7883758544922
2293.png,1,0.20915290713310242,2579.16841506958,1013.9406433105469,2621.339588165283,1023.3609619140625
2293.png,1,0.20651082694530487,2577.0595111846924,916.2377319335938,2598.694849014282,956.1873474121094
2293.png,1,0.20087377727031708,1795.7802734375,510.2314453125,1859.5639038085938,525.23681640625
2293.png,1,0.1972498893737793,2283.83349609375,2675.9920654296875,2303.961181640625,2723.5010986328125
2293.png,1,0.18208624422550201,1842.29345703125,1543.8809814453125,1860.6622314453125,1596.6754150390625
2293.png,1,0.17540547251701355,3098.2899780273438,167.53839111328125,3148.6509399414062,189.95669555664062
2293.png,1,0.17401109635829926,2581.6662979125977,1037.2081298828125,2620.6617164611816,1049.5223999023438
2293.png,1,0.17304979264736176,1168.5169067382812,1105.3814697265625,1205.4052124023438,1128.7289428710938
2293.png,3,0.1709577739238739,2579.812894821167,924.3975677490234,2596.6631622314453,957.1726531982422
2293.png,1,0.16910390555858612,1799.0375366210938,533.7822265625,1860.6583862304688,544.751953125
2293.png,1,0.1657511591911316,2303.4983520507812,2136.0262756347656,2318.9260864257812,2182.141082763672
2293.png,1,0.1594337373971939,1591.5712890625,1204.8507080078125,1649.240478515625,1216.947265625
2293.png,1,0.15848146378993988,2278.6387939453125,2618.1961059570312,2304.5093994140625,2672.4409790039062
2293.png,1,0.1564011126756668,1798.8976440429688,524.15576171875,1863.7186279296875,535.8892822265625
2293.png,1,0.15474648773670197,1392.704345703125,1147.6949462890625,1424.3719482421875,1187.0701904296875
2293.png,1,0.15373381972312927,2277.3004760742188,511.000732421875,2327.7999877929688,547.03076171875
2293.png,1,0.15008367598056793,2114.3377685546875,580.0860595703125,2152.0291748046875,605.7098388671875
2293.png,1,0.14859966933727264,1354.8975219726562,1019.9560241699219,1388.4890747070312,1050.1957702636719
2293.png,1,0.1466303914785385,1897.25439453125,1530.7201538085938,1916.8284912109375,1586.9607543945312
2293.png,0,0.1414434164762497,266.36883544921875,1879.3230590820312,290.70111083984375,1911.0513305664062
2293.png,1,0.13975588977336884,207.6375732421875,1880.8952026367188,267.9128723144531,1906.6880493164062
2293.png,1,0.13815604150295258,2579.963264465332,1617.9957885742188,2619.5385818481445,1631.8688354492188
2293.png,1,0.13714084029197693,1221.155517578125,1082.2135009765625,1258.51025390625,1107.8905029296875
2293.png,1,0.13469775021076202,337.664306640625,1753.3717041015625,373.3572998046875,1796.9747619628906
2293.png,0,0.13388098776340485,317.3990478515625,1793.1394653320312,346.1588134765625,1830.2179565429688
2293.png,1,0.13360871374607086,1509.8170166015625,1464.6547241210938,1527.3985595703125,1512.7295532226562
2293.png,1,0.12689143419265747,3453.6278076171875,337.875244140625,3514.5125732421875,351.5108642578125
2293.png,1,0.12627260386943817,1468.822998046875,727.6212158203125,1500.132568359375,771.5931396484375
2293.png,1,0.1233571246266365,2299.0809326171875,2048.883056640625,2315.908447265625,2094.8739013671875
2293.png,3,0.11823070049285889,1524.6534423828125,723.4642333984375,1551.9425048828125,769.9029541015625
2293.png,3,0.1179671511054039,2595.501474380493,918.9559631347656,2614.670478820801,958.4097595214844
2293.png,1,0.11750902235507965,2665.318572998047,1441.7564697265625,2724.0567474365234,1456.3433837890625
2293.png,1,0.11733981221914291,2665.925003051758,1478.934814453125,2724.831314086914,1489.120849609375
2293.png,1,0.11698081344366074,2888.114013671875,860.630500793457,2951.156982421875,876.918083190918
2293.png,1,0.11634725332260132,2480.8174438476562,845.5877380371094,2530.161102294922,860.5942077636719
2293.png,1,0.11501099914312363,316.9124450683594,1793.0851135253906,346.3476257324219,1829.3330383300781
2293.png,1,0.11384052783250809,1847.8378295898438,1492.4576416015625,1867.6708374023438,1544.4263916015625
2293.png,0,0.11336454004049301,1719.9344177246094,1288.1595458984375,1738.0347595214844,1321.2313232421875
2293.png,1,0.11317192018032074,2725.0761108398438,843.9292755126953,2760.4684448242188,857.7512817382812
2293.png,1,0.11306142807006836,1862.4937133789062,1479.3236083984375,1881.8485717773438,1532.5177001953125
2293.png,1,0.11144161224365234,2574.4223022460938,1586.0668334960938,2610.2641258239746,1603.0452270507812
2293.png,0,0.10765345394611359,1505.9681396484375,837.5351715087891,1540.1068115234375,867.5132904052734
2293.png,0,0.10723516345024109,2280.709228515625,2620.2861328125,2300.18798828125,2672.4234619140625
2293.png,1,0.10680621862411499,1719.61767578125,1204.0641479492188,1767.05908203125,1215.6098022460938
2293.png,1,0.10534869134426117,2238.0991821289062,1147.950927734375,2257.7449340820312,1195.4410400390625
2293.png,1,0.10531651973724365,2604.6860790252686,840.3921279907227,2667.673629760742,846.2343368530273
2293.png,1,0.10526315867900848,150.41302490234375,2288.102783203125,184.323486328125,2334.398193359375
2293.png,1,0.1051238402724266,650.7952270507812,2201.9278564453125,717.0103149414062,2215.0831298828125
2293.png,0,0.10507136583328247,1710.393310546875,1161.52880859375,1736.808837890625,1176.151123046875
2293.png,1,0.10440052300691605,780.0408935546875,1385.1943359375,822.4259033203125,1428.621826171875
2293.png,1,0.10314015299081802,1737.9295654296875,1282.6727905273438,1760.5146484375,1312.5092163085938
2293.png,0,0.10288073867559433,1167.2957763671875,1106.2650146484375,1207.136962890625,1128.13916015625
2293.png,0,0.10283470898866653,2383.309356689453,936.4248046875,2401.6022338867188,969.4304809570312
2293.png,3,0.10134807974100113,2417.0799560546875,669.4500732421875,2436.4283447265625,717.88330078125
2293.png,1,0.10078360140323639,1490.9501953125,1190.1637573242188,1513.1612548828125,1225.0321044921875
2293.png,1,0.09951764345169067,1797.4182434082031,540.0804443359375,1862.7745666503906,548.744873046875
2293.png,1,0.09951644390821457,1297.30859375,1035.8409423828125,1345.12744140625,1066.9481201171875
2293.png,1,0.09949640184640884,1439.1117553710938,1226.150634765625,1493.4517211914062,1240.7601318359375
2293.png,1,0.09926264733076096,1869.4754028320312,1569.7517700195312,1888.6564331054688,1618.8650512695312
2293.png,0,0.0989232063293457,1493.0491943359375,1191.2940673828125,1512.6046142578125,1225.5810546875
2293.png,1,0.09677942097187042,1435.583251953125,1212.4325561523438,1492.6837158203125,1225.9090576171875
2293.png,1,0.09673228114843369,2465.7400512695312,827.6589546203613,2533.2094116210938,845.9231109619141
2293.png,1,0.09562073647975922,1504.077392578125,837.1014404296875,1539.9033203125,867.2021484375
2293.png,0,0.09468735754489899,2527.07177734375,1594.1221923828125,2565.7483520507812,1607.5020751953125
2293.png,1,0.09424038231372833,1351.1031494140625,1050.9299011230469,1405.5811767578125,1078.8442687988281
2293.png,1,0.09353716671466827,1820.9231567382812,1494.2335205078125,1841.2970581054688,1547.2706298828125
2293.png,1,0.09350297600030899,1838.5816040039062,1488.701904296875,1858.8035278320312,1541.8582763671875
2293.png,0,0.0931776836514473,2577.325412750244,1618.302734375,2618.883857727051,1630.3802490234375
2293.png,3,0.09160731732845306,2675.5212936401367,1502.887939453125,2730.0791625976562,1520.646240234375
2293.png,0,0.09001874923706055,1727.7048950195312,1322.9444580078125,1744.3392944335938,1360.3756103515625
2293.png,0,0.08789294958114624,2432.0694885253906,1253.7025146484375,2450.395233154297,1294.0596923828125
2293.png,1,0.08753995597362518,1618.0679016113281,552.2398681640625,1691.0204162597656,571.8699951171875
2293.png,0,0.08626790344715118,2578.1637573242188,923.4546203613281,2597.7986450195312,958.6183776855469
2293.png,1,0.08515094965696335,3574.8131103515625,297.66351318359375,3596.6744384765625,338.59405517578125
2293.png,3,0.08499789237976074,1472.1871337890625,727.5531005859375,1499.1800537109375,773.6251220703125
2293.png,1,0.08416086435317993,2528.8159790039062,1593.7725830078125,2569.61767578125,1611.09423828125
2293.png,1,0.08407144993543625,1408.345703125,1141.8349609375,1444.874267578125,1182.2879638671875
2293.png,1,0.0833687037229538,1659.0906982421875,695.8255615234375,1676.1710205078125,743.6226806640625
2293.png,0,0.0824919044971466,1734.5999145507812,836.6527099609375,1758.6338500976562,855.6842041015625
2293.png,0,0.08247198164463043,1714.6990966796875,1173.3988647460938,1743.36474609375,1183.3257446289062
2293.png,3,0.08228343725204468,2666.9640502929688,1481.1551513671875,2720.9022827148438,1493.8875732421875
2293.png,0,0.08180200308561325,1977.0939331054688,695.888671875,2013.5783081054688,718.462890625
2293.png,1,0.08162728697061539,1724.3719482421875,1214.3544006347656,1764.8270263671875,1222.3138122558594
2293.png,0,0.08151846379041672,2580.346405029297,1003.3985595703125,2622.4891662597656,1018.2235107421875
2293.png,1,0.08150707930326462,1907.9014892578125,1670.1796875,1925.8424072265625,1712.732177734375
2293.png,0,0.0813482254743576,2523.316436767578,955.3284912109375,2582.486602783203,971.854736328125
2293.png,3,0.08034291863441467,2861.3045043945312,825.9076538085938,2924.9421997070312,845.7489624023438
2293.png,1,0.07986529916524887,123.30859375,2507.391845703125,142.12884521484375,2548.31103515625
2293.png,1,0.07984694093465805,2594.6957397460938,909.5050659179688,2619.8287963867188,918.4622192382812
2293.png,0,0.07938756048679352,1872.1788940429688,1572.2443237304688,1888.5770874023438,1623.6773071289062
2293.png,0,0.0782066360116005,1723.51171875,1269.0398559570312,1761.640625,1283.6625366210938
2293.png,0,0.0775422751903534,1821.9549560546875,1502.0535888671875,1840.556396484375,1547.1412353515625
2293.png,0,0.07736149430274963,1738.5597381591797,1282.7056884765625,1760.738754272461,1313.4464111328125
2293.png,3,0.07720650732517242,2621.42822265625,940.0082702636719,2632.5550994873047,953.1181335449219
2293.png,0,0.07679231464862823,2443.769760131836,1289.6864013671875,2460.7351837158203,1329.2313232421875
2293.png,0,0.07573205232620239,2531.053985595703,1618.1739501953125,2567.5885620117188,1628.3245849609375
2293.png,0,0.07531163841485977,2569.729217529297,1586.0538940429688,2609.8963928222656,1600.2894897460938
2293.png,3,0.07525400817394257,2836.4490966796875,1548.551025390625,2858.1402587890625,1598.9375
2293.png,1,0.07494853436946869,2315.9080810546875,2138.1482543945312,2335.6007080078125,2192.1127319335938
2293.png,1,0.07478129118680954,1517.2770385742188,1003.0747680664062,1561.7835083007812,1023.2434692382812
2293.png,1,0.07433124631643295,2670.576629638672,845.1178588867188,2714.266815185547,858.7251281738281
2293.png,3,0.07429273426532745,1496.902099609375,726.59228515625,1520.1318359375,745.86328125
2293.png,2,0.074082151055336,159.25701904296875,1866.7483825683594,191.5677490234375,1908.9084777832031
2293.png,1,0.07397294044494629,1724.0455932617188,1270.5194702148438,1762.1698608398438,1282.8893432617188
2293.png,0,0.072780542075634,185.1566925048828,2247.32861328125,203.67225646972656,2270.144287109375
2293.png,2,0.0727468878030777,2861.7003173828125,814.8717727661133,2924.2616577148438,841.4291458129883
2293.png,1,0.0723874643445015,1793.285400390625,545.512451171875,1861.0911865234375,558.399169921875
2293.png,3,0.07205770164728165,1474.234130859375,1480.4734497070312,1501.3828125,1513.6821899414062
2293.png,0,0.07060226052999496,2158.639404296875,773.40625,2182.26708984375,790.734375
2293.png,1,0.07023235410451889,2573.0,44.51609802246094,2625.908779144287,64.42597961425781
2293.png,0,0.07000753283500671,3514.7354736328125,332.02996826171875,3552.9888916015625,344.94744873046875
2293.png,0,0.06992286443710327,325.2929992675781,1815.3253784179688,347.2434997558594,1842.7162628173828
2293.png,3,0.06931939721107483,2671.2973022460938,1518.2908935546875,2727.345458984375,1531.2598876953125
2293.png,1,0.06918419152498245,1594.9973754882812,1181.4674072265625,1646.4677124023438,1191.4811401367188
2293.png,1,0.06877642124891281,3106.8333129882812,98.2589111328125,3153.9624633789062,121.21878051757812
2293.png,1,0.06771937757730484,2862.5618286132812,826.5587692260742,2926.5724487304688,845.0345077514648
2293.png,1,0.0676313117146492,1526.2225341796875,1136.8320007324219,1562.3653564453125,1156.9473571777344
2293.png,0,0.06756360083818436,2410.0753631591797,1518.822509765625,2428.576370239258,1552.0419921875
2293.png,0,0.06651344150304794,2723.5250244140625,843.9415893554688,2768.3731689453125,858.4216918945312
2293.png,1,0.06573265790939331,1643.830078125,934.9510345458984,1681.517578125,965.6819610595703
2293.png,1,0.06539025902748108,2081.15771484375,872.1461181640625,2144.1552734375,888.0958251953125
2293.png,3,0.06530039012432098,2553.230453491211,1338.7479858398438,2586.9560546875,1362.7771606445312
2293.png,1,0.06506025046110153,1543.4492797851562,1465.1728515625,1560.2577514648438,1515.2506103515625
2293.png,0,0.0650520771741867,1910.9747924804688,1487.693359375,1932.3634643554688,1529.78369140625
2293.png,1,0.06364255398511887,1605.17919921875,1169.3573608398438,1643.769287109375,1181.9087524414062
2293.png,1,0.06362496316432953,2443.0435180664062,1288.9633178710938,2461.1217651367188,1330.4142456054688
2293.png,0,0.06332825869321823,2580.2708320617676,1024.8964233398438,2623.5401573181152,1037.1442260742188
2293.png,1,0.06323763728141785,2303.377685546875,1956.8929748535156,2325.310546875,1990.0205993652344
2293.png,0,0.0631880834698677,1873.3394165039062,1620.90185546875,1891.9212646484375,1669.669189453125
2293.png,0,0.06300905346870422,1523.9686279296875,1134.8383483886719,1561.8487548828125,1157.2945861816406
2293.png,3,0.06298530101776123,1218.4689025878906,822.648078918457,1240.2986145019531,854.1397171020508
2293.png,1,0.062944196164608,1709.0147094726562,482.47418212890625,1724.2251586914062,521.5415649414062
2293.png,0,0.06260527670383453,1602.91259765625,1170.0873718261719,1642.98046875,1181.9159240722656
2293.png,1,0.06242108717560768,595.5346069335938,1972.3255310058594,618.9563598632812,2016.1288757324219
2293.png,3,0.06240152567625046,1495.3154296875,1845.7359924316406,1516.67822265625,1893.1813049316406
2293.png,1,0.062303196638822556,1733.381591796875,1222.2267456054688,1765.016845703125,1230.8135986328125
2293.png,1,0.06201416999101639,2424.28857421875,2665.263427734375,2454.183837890625,2706.3565673828125
2293.png,3,0.06152991205453873,3024.9310302734375,3.9816665649414062,3041.9088134765625,48.628841400146484
2293.png,0,0.06131724268198013,2024.7734375,672.4237060546875,2046.5921630859375,692.5771484375
2293.png,1,0.061075758188962936,274.93426513671875,1881.49462890625,301.6094970703125,1913.72314453125
2293.png,2,0.060381531715393066,2708.455795288086,138.731201171875,2774.9281463623047,165.3819580078125
2293.png,1,0.06032710149884224,1529.4029541015625,724.5498046875,1553.312744140625,766.879638671875
2293.png,0,0.06008950248360634,2669.69580078125,845.0040893554688,2715.98388671875,858.8689575195312
2293.png,0,0.059907276183366776,2114.1220092773438,579.7598876953125,2152.8574829101562,606.1041259765625
2293.png,2,0.059899818152189255,2456.870880126953,855.9883499145508,2515.1571044921875,869.3429336547852
2293.png,3,0.05980085954070091,2697.4070434570312,1533.551513671875,2721.522979736328,1543.130859375
2293.png,3,0.059328582137823105,3183.405029296875,660.3245239257812,3203.8687744140625,694.8621215820312
2293.png,3,0.05879006162285805,2633.5471954345703,952.5628356933594,2657.1564025878906,974.2014465332031
2293.png,0,0.0587192066013813,1752.5578002929688,1172.6696166992188,1787.8142700195312,1186.452880859375
2293.png,0,0.05840541422367096,288.77667236328125,1833.7472839355469,325.55023193359375,1885.7171020507812
2293.png,3,0.05833619832992554,2306.0491943359375,2123.1239318847656,2327.43603515625,2146.808135986328
2293.png,1,0.058291345834732056,2433.352783203125,1253.3292236328125,2451.1567993164062,1292.58154296875
2293.png,0,0.0582612007856369,2304.748435974121,511.4234924316406,2327.135263442993,534.1722412109375
2293.png,1,0.058178216218948364,1874.3087158203125,1468.743896484375,1893.56201171875,1517.798095703125
2293.png,0,0.05806860327720642,3019.92724609375,751.7792358398438,3036.131591796875,777.9193725585938
2293.png,2,0.05770391970872879,2665.971221923828,1479.5491943359375,2727.347412109375,1494.3253173828125
2293.png,0,0.05731886252760887,1359.4595947265625,2688.4354858398438,1377.3311767578125,2722.6055297851562
2293.png,1,0.05686047673225403,1885.0675354003906,1621.2597045898438,1908.1784362792969,1684.6238403320312
2293.png,1,0.0567772202193737,2260.2974853515625,2576.14306640625,2277.9053955078125,2613.47216796875
2293.png,0,0.05663469061255455,1529.0672607421875,726.0225830078125,1551.4625244140625,769.7979736328125
2293.png,0,0.055783722549676895,2551.6382751464844,1363.9615478515625,2583.066375732422,1381.4019775390625
2293.png,3,0.05532597750425339,2288.963134765625,1958.6178588867188,2307.8953857421875,2011.4701538085938
2293.png,0,0.05521480739116669,1733.2679138183594,1232.150146484375,1768.740234375,1245.5679931640625
2293.png,1,0.05519961193203926,2266.4083251953125,1702.0,2288.8106689453125,1731.0795459747314
2293.png,1,0.05511469393968582,1392.450439453125,1220.2645263671875,1445.825927734375,1237.4930419921875
2293.png,1,0.055088527500629425,2884.291748046875,848.7854537963867,2929.0380859375,865.020378112793
2293.png,0,0.05503803864121437,3326.2821044921875,18.220203399658203,3361.29345703125,42.74713897705078
2293.png,1,0.05489477142691612,1534.1018676757812,1465.3931884765625,1548.5403442382812,1505.9154052734375
2293.png,0,0.054614488035440445,125.12721252441406,2507.6646728515625,140.34629821777344,2548.6134033203125
2293.png,1,0.054355502128601074,1719.079833984375,1192.8323059082031,1772.3251953125,1204.0964050292969
2293.png,0,0.05411824584007263,2494.5206909179688,690.6561279296875,2532.4115600585938,704.4642333984375
2293.png,2,0.05411709472537041,2671.8255004882812,1499.2591552734375,2730.9555053710938,1519.808837890625
2293.png,2,0.054030511528253555,1474.023193359375,1590.1061401367188,1492.584228515625,1638.1526489257812
2293.png,0,0.05390934646129608,2819.487762451172,839.95361328125,2862.800262451172,853.5668029785156
2293.png,3,0.05386979132890701,2310.6124267578125,2050.6286010742188,2331.1617431640625,2090.5599975585938
2293.png,0,0.053403835743665695,1913.8583068847656,1592.3294677734375,1928.3023986816406,1620.5274658203125
2293.png,1,0.05333426222205162,1048.3598022460938,725.8396606445312,1071.1087036132812,776.2171020507812
2293.png,0,0.05323284864425659,1889.6788940429688,1641.3970947265625,1909.3078002929688,1688.515625
2293.png,0,0.053043268620967865,1516.263427734375,1004.7140808105469,1544.022216796875,1025.9837951660156
2293.png,0,0.052850477397441864,1874.2207641601562,1468.9014892578125,1892.8882446289062,1511.948974609375
2293.png,0,0.052607618272304535,2309.298828125,1958.0380249023438,2326.44580078125,1989.0774536132812
2293.png,3,0.05240169167518616,1387.64990234375,897.2050170898438,1404.603515625,918.0970458984375
2293.png,3,0.052317604422569275,2296.8865966796875,2022.2164306640625,2315.953857421875,2053.5731201171875
2293.png,1,0.05227820202708244,2573.9403190612793,26.508987426757812,2615.8245391845703,44.70753479003906
2293.png,0,0.05159945413470268,1218.9770202636719,824.372802734375,1238.8464050292969,853.564697265625
2293.png,3,0.05154126510024071,2625.2287673950195,944.2806701660156,2641.8278579711914,960.7392883300781
2293.png,0,0.05129433795809746,2416.78515625,2531.2120361328125,2445.205322265625,2560.0
2293.png,2,0.05096867308020592,2631.905387878418,284.4707946777344,2681.5315475463867,313.6747131347656
2293.png,2,0.05054759606719017,567.695556640625,1972.19482421875,602.414306640625,2020.902587890625
2293.png,0,0.05029456689953804,3097.66748046875,168.06881713867188,3143.747802734375,190.18682861328125
2293.png,0,0.0500447116792202,2286.2544555664062,1954.9375610351562,2308.6159057617188,2013.3917846679688
2293.png,0,0.049866218119859695,1901.2556457519531,1623.90869140625,1920.6337585449219,1667.944091796875
2293.png,1,0.049694981426000595,2458.2830505371094,852.3354187011719,2525.5508728027344,866.1427001953125
2293.png,1,0.04968743398785591,1644.3202514648438,977.5449829101562,1679.4581909179688,1007.0044555664062
2293.png,0,0.049647439271211624,2500.612060546875,308.9267578125,2526.8704223632812,328.6683349609375
2293.png,0,0.04922575503587723,1297.599609375,1994.8960876464844,1319.454345703125,2033.3783264160156
2293.png,1,0.049002859741449356,2294.936279296875,2618.5718994140625,2319.479736328125,2670.8013916015625
2293.png,0,0.048726677894592285,2665.6068420410156,1455.3402099609375,2723.951461791992,1472.3477783203125
2293.png,1,0.0485355369746685,1722.7432861328125,1016.7800598144531,1753.5205078125,1044.8048400878906
2293.png,0,0.048210542649030685,2686.585968017578,1544.065673828125,2709.231414794922,1553.5341796875
2293.png,1,0.048200368881225586,1392.5379638671875,993.24072265625,1453.0428466796875,1024.0
2293.png,0,0.04819037392735481,1733.28369140625,1245.3050537109375,1760.064697265625,1260.48046875
2293.png,1,0.04806956276297569,1872.961669921875,1619.0621337890625,1890.0882568359375,1667.7926025390625
2293.png,3,0.04798360541462898,2671.5628814697266,844.8232955932617,2716.4366912841797,858.4872817993164
2293.png,0,0.04763637110590935,2665.9835815429688,800.5301132202148,2681.4710083007812,828.4186859130859
2293.png,0,0.04763141646981239,1530.4857177734375,937.9479064941406,1556.8828125,956.6289978027344
2293.png,0,0.04735829681158066,1877.3460083007812,1664.3848876953125,1894.6129150390625,1689.7198486328125
2293.png,1,0.04720849543809891,651.4784545898438,2197.7279052734375,716.5867309570312,2206.9052734375
2293.png,0,0.04719734191894531,2665.830047607422,1479.0446166992188,2725.2940979003906,1495.8795776367188
2293.png,0,0.04714112728834152,663.273193359375,2290.65771484375,683.99755859375,2336.9501953125
2293.png,3,0.04689949378371239,1380.6363525390625,900.6517944335938,1396.3175048828125,920.64013671875
2293.png,3,0.04685145244002342,1907.9522705078125,1569.101318359375,1925.626953125,1592.9517822265625
2293.png,0,0.04671831429004669,2271.7452392578125,2645.00048828125,2286.5455322265625,2672.631591796875
2293.png,0,0.04651293903589249,2490.99951171875,1347.4090576171875,2512.2647094726562,1398.4793701171875
2293.png,0,0.0464235283434391,1787.4219970703125,1585.9266357421875,1806.364013671875,1631.251220703125
2293.png,0,0.046140898019075394,1645.6524658203125,935.3328552246094,1679.60888671875,964.3062438964844
2293.png,0,0.046119119971990585,2765.3536224365234,975.9710998535156,2783.470504760742,1001.8322448730469
2293.png,1,0.04609460383653641,1523.7569580078125,1466.4598388671875,1541.4197998046875,1518.4844970703125
2293.png,0,0.04608047381043434,2522.751739501953,746.773193359375,2543.2341918945312,769.2353515625
2293.png,0,0.045913565903902054,2275.5872802734375,1720.781005859375,2292.4219970703125,1753.0400390625
2293.png,0,0.04582851752638817,3027.654052734375,11.609725952148438,3051.2354736328125,48.47294616699219
2293.png,3,0.04558432474732399,2669.691375732422,1507.1820068359375,2685.737762451172,1530.6851806640625
2293.png,1,0.0455147959291935,2649.7535400390625,941.085205078125,2703.467758178711,951.8096313476562
2293.png,1,0.045458607375621796,2573.0,1019.0458831787109,2586.3203048706055,1058.6744384765625
2293.png,1,0.04530942812561989,3025.8417358398438,4.695068359375,3040.0457763671875,49.711448669433594
2293.png,1,0.04520493000745773,1925.3271789550781,1580.310302734375,1941.6797790527344,1621.375
2293.png,1,0.04440457373857498,1376.33154296875,1023.4426116943359,1404.532470703125,1056.361572265625
2293.png,0,0.044166650623083115,2594.6132202148438,909.2236938476562,2619.9310913085938,918.6798706054688
2293.png,0,0.043849121779203415,2665.030960083008,1469.4908447265625,2723.9804077148438,1482.1068115234375
2293.png,1,0.04352409020066261,2512.0286865234375,1352.2464599609375,2549.8236694335938,1383.3143310546875
2293.png,0,0.04344521090388298,2894.813232421875,826.5906524658203,2924.585205078125,841.7543334960938
2293.png,0,0.043380241841077805,3338.791748046875,1676.1422119140625,3357.269775390625,1721.6922607421875
2293.png,2,0.043324295431375504,1495.2490234375,1845.5938720703125,1514.74462890625,1893.648193359375
2293.png,3,0.043195564299821854,2665.5685424804688,1492.3392944335938,2736.4261779785156,1511.8374633789062
2293.png,3,0.043181728571653366,1412.277587890625,889.051025390625,1426.5986328125,908.26318359375
2293.png,0,0.04315385967493057,2580.888355255127,1036.5497436523438,2622.5474739074707,1047.643310546875
2293.png,2,0.04309197887778282,2646.380096435547,936.8731994628906,2703.0892028808594,951.1074523925781
2293.png,1,0.04287400096654892,664.1996459960938,2291.4058227539062,684.6550903320312,2337.0659790039062
2293.png,1,0.04283478483557701,1738.4825744628906,585.2086791992188,1791.4438781738281,604.5396118164062
2293.png,0,0.04261656478047371,1915.3114929199219,1625.0777587890625,1932.4124450683594,1665.765380859375
2293.png,3,0.0425308495759964,2300.2060546875,2046.372802734375,2315.93798828125,2088.5166625976562
2293.png,1,0.04252832755446434,2566.068572998047,1295.8867797851562,2583.5704040527344,1338.8096313476562
2293.png,1,0.04246802255511284,781.4886474609375,2216.07763671875,847.8502197265625,2229.832275390625
2293.png,0,0.042291536927223206,338.62646484375,1795.5620880126953,357.99566650390625,1820.7366027832031
2293.png,1,0.04226531460881233,1896.392578125,1622.4140625,1926.9585571289062,1671.031982421875
2293.png,3,0.0421346053481102,1720.1068115234375,1187.1850280761719,1744.9281005859375,1204.9212951660156
2293.png,0,0.042107149958610535,771.0307884216309,2251.7249755859375,809.0746879577637,2268.31982421875
2293.png,0,0.042084284126758575,1202.5177307128906,1216.6168823242188,1222.1525573730469,1238.5772094726562
2293.png,1,0.04204994812607765,1332.0985107421875,999.1568298339844,1379.7406005859375,1028.4297790527344
2293.png,3,0.0419251024723053,1370.7005004882812,902.8478393554688,1387.5857543945312,924.88037109375
2293.png,0,0.04183610901236534,1530.8668823242188,992.9163513183594,1550.3047485351562,1005.5897521972656
2293.png,3,0.04173961281776428,2787.0482482910156,979.5540466308594,2813.1358337402344,999.5544128417969
2293.png,1,0.041622914373874664,1751.6080322265625,1172.7976684570312,1787.6251220703125,1185.6378784179688
2293.png,0,0.041560493409633636,1571.1517333984375,2599.979248046875,1588.070571899414,2636.715087890625
2293.png,0,0.0413672961294651,1725.8048095703125,1192.4329833984375,1773.3409423828125,1206.2049560546875
2293.png,3,0.041272349655628204,2668.4773559570312,1498.4630126953125,2685.5514526367188,1520.9163818359375
2293.png,3,0.04123537987470627,2786.7632446289062,1060.739013671875,2819.64990234375,1080.40869140625
2293.png,0,0.04122210666537285,2623.6211853027344,1616.3660888671875,2662.519515991211,1629.153076171875
2293.png,3,0.04111888259649277,1826.2471313476562,1502.853759765625,1841.4707641601562,1546.403076171875
2293.png,0,0.04109014570713043,1494.383544921875,949.9612121582031,1542.87841796875,978.5802307128906
2293.png,2,0.040895942598581314,1200.3393249511719,919.5917053222656,1251.5408020019531,948.236572265625
2293.png,1,0.040888089686632156,2723.2929077148438,924.9070739746094,2746.4603881835938,963.2916259765625
2293.png,0,0.04087492451071739,1899.7443542480469,1579.2160034179688,1916.8698425292969,1628.3153686523438
2293.png,1,0.04039577767252922,1865.593017578125,1431.1598510742188,1886.2293701171875,1476.1292114257812
2293.png,1,0.04029752314090729,772.8387451171875,2090.697998046875,788.3443603515625,2133.114990234375
2293.png,1,0.04018998146057129,2254.1944580078125,567.7266845703125,2301.79833984375,600.5648193359375
2293.png,0,0.04010835662484169,1352.504150390625,1029.74755859375,1385.174560546875,1056.669921875
2293.png,0,0.03988680988550186,780.4089279174805,2214.8946533203125,846.5499725341797,2228.4654541015625
2293.png,1,0.039845049381256104,2470.521728515625,816.0916519165039,2525.5612182617188,828.6711654663086
2293.png,3,0.03983312100172043,1406.5042724609375,890.7957458496094,1421.5159912109375,910.518798828125
2293.png,0,0.03981496021151543,2666.262252807617,1443.7105712890625,2723.400146484375,1457.6214599609375
2293.png,0,0.03967546671628952,1722.2273559570312,1257.5772399902344,1759.1495971679688,1270.7400817871094
2293.png,1,0.03958128020167351,2601.457929611206,133.0684051513672,2623.8121795654297,177.02565002441406
2293.png,3,0.0392819382250309,2677.113571166992,894.7279968261719,2701.9022369384766,913.6312561035156
2293.png,3,0.0392490029335022,1783.8734741210938,1543.370849609375,1806.395751953125,1564.4564208984375
2293.png,0,0.0392187163233757,1850.5532836914062,1634.0479736328125,1867.6951293945312,1679.1990966796875
2293.png,0,0.03887120261788368,3453.788330078125,339.09930419921875,3510.0606689453125,350.50726318359375
2293.png,1,0.03857957571744919,1387.1931762695312,1023.5510864257812,1429.4436645507812,1047.3359985351562
2293.png,3,0.03838349133729935,1665.7298583984375,934.7563171386719,1693.7362060546875,952.0849304199219
2293.png,0,0.03829119727015495,1887.4791870117188,1845.5564880371094,1901.228515625,1862.4614562988281
2293.png,3,0.03827344998717308,1473.9700927734375,1591.253662109375,1492.5384521484375,1638.844482421875
2293.png,0,0.038231927901506424,1306.9261474609375,1040.8136596679688,1335.90478515625,1072.2676391601562
2293.png,0,0.03822121396660805,2470.3667602539062,725.1505126953125,2521.292266845703,740.6785888671875
2293.png,3,0.03797592222690582,2784.8563842773438,990.2530517578125,2810.4198608398438,1004.7401733398438
2293.png,0,0.03788119554519653,1213.1156616210938,1209.4670715332031,1236.3858032226562,1231.1453552246094
2293.png,3,0.03785067796707153,2496.761474609375,691.4192504882812,2534.3994140625,707.0397338867188
2293.png,0,0.037837374955415726,2449.046600341797,1364.2169189453125,2465.521759033203,1383.57861328125
2293.png,0,0.037703413516283035,2778.7116088867188,845.298469543457,2809.0149536132812,855.2293319702148
2293.png,0,0.037632908672094345,1859.9453735351562,1476.6558227539062,1879.0521850585938,1512.7542114257812
2293.png,3,0.03714786842465401,1419.9092407226562,886.1672058105469,1433.4324340820312,906.8235168457031
2293.png,1,0.03697218745946884,1885.5662536621094,1588.0560302734375,1912.2228698730469,1641.9105224609375
2293.png,1,0.03693421185016632,567.1282958984375,1971.7335510253906,601.1234130859375,2021.4444274902344
2293.png,0,0.036714788526296616,2752.6307983398438,899.9234313964844,2775.1897888183594,927.0275573730469
2293.png,3,0.03670957684516907,3334.2227783203125,1675.635009765625,3356.6719970703125,1722.28857421875
2293.png,1,0.036355309188365936,1584.24658203125,1234.8270263671875,1665.22509765625,1250.1619873046875
2293.png,1,0.036328207701444626,2410.3836669921875,665.657470703125,2437.5772705078125,718.934326171875
2293.png,1,0.03602920100092888,2624.72306060791,1615.2037353515625,2662.4431228637695,1629.52490234375
2293.png,3,0.03596464917063713,2788.6568298339844,1049.9584350585938,2801.7925720214844,1067.5843505859375
2293.png,3,0.03596445173025131,2474.731201171875,706.2877197265625,2521.411865234375,720.6707763671875
2293.png,1,0.03586510941386223,1883.2745056152344,1553.6121215820312,1901.4122009277344,1616.6426391601562
2293.png,2,0.035693056881427765,2528.644775390625,11.620142936706543,2600.3703002929688,28.287593841552734
2293.png,1,0.035685621201992035,1420.6854248046875,1132.9849853515625,1453.7061767578125,1173.6895751953125
2293.png,2,0.03556797653436661,2888.1747436523438,862.5566329956055,2954.6007690429688,878.5937728881836
2293.png,0,0.03549494966864586,2123.3055419921875,688.960205078125,2134.555419921875,705.68212890625
2293.png,3,0.035413336008787155,294.84954833984375,1871.1860046386719,309.41802978515625,1886.8256530761719
2293.png,3,0.035372182726860046,2998.5805053710938,766.39990234375,3017.6146850585938,782.07080078125
2293.png,1,0.03534121811389923,713.42529296875,1550.3372344970703,765.431396484375,1591.0290908813477
2293.png,0,0.03507214039564133,1222.186279296875,1081.7371826171875,1258.883056640625,1109.0591430664062
2293.png,0,0.03501586616039276,1733.2381591796875,1221.6824645996094,1766.0303955078125,1231.2346496582031
2293.png,1,0.034650057554244995,2573.867944717407,8.464000701904297,2601.88747215271,26.805683135986328
2308.png,1,0.2514857351779938,0.26031494140625,1770.1924133300781,35.86723709106445,1803.5249938964844
2308.png,1,0.24277864396572113,468.90374755859375,4772.638427734375,521.2477416992188,4795.5821533203125
2308.png,3,0.2027980387210846,3990.257293701172,3072.3791465759277,4010.8938903808594,3099.965602874756
2308.png,1,0.17711934447288513,1.4681663513183594,1575.2799072265625,26.587139129638672,1618.959487915039
2308.png,3,0.1734553575515747,5366.1802978515625,2422.306396484375,5387.516845703125,2451.108154296875
2308.png,3,0.16325828433036804,3958.0521240234375,2856.387939453125,3996.8348388671875,2901.9755859375
2308.png,3,0.1452055424451828,5340.95751953125,2411.6060791015625,5373.854736328125,2464.88818359375
2308.png,1,0.1388452649116516,3931.8919067382812,2304.0,3962.7857055664062,2340.4356422424316
2308.png,0,0.131930872797966,2225.2023315429688,3555.7083129882812,2247.3825073242188,3588.9093627929688
2308.png,0,0.13147054612636566,2818.8048095703125,4110.623596191406,2846.6729736328125,4141.169494628906
2308.png,0,0.12477551400661469,5975.04443359375,4843.9400634765625,6004.19970703125,4875.0184326171875
2308.png,0,0.1217363178730011,176.57015991210938,4151.9296875,201.6405029296875,4184.274658203125
2308.png,1,0.12027125060558319,5220.0972900390625,977.7818145751953,5280.3873291015625,992.2872467041016
2308.png,0,0.11966715008020401,1895.1000366210938,4209.110534667969,1919.6609497070312,4251.962097167969
2308.png,1,0.11729690432548523,2025.3748779296875,5109.1768798828125,2106.5001220703125,5162.9866943359375
2308.png,1,0.11421377211809158,3726.4798583984375,605.3858642578125,3807.1297607421875,625.338134765625
2308.png,0,0.11306098848581314,4067.5230712890625,1821.6886596679688,4090.89599609375,1855.0349731445312
2308.png,0,0.1125376895070076,1.2200927734375,1575.3653717041016,27.50505828857422,1621.7751922607422
2308.png,0,0.1125241294503212,5206.6507568359375,2719.9135131835938,5231.3785400390625,2748.3379516601562
2308.png,0,0.11134590208530426,5420.899230957031,521.3988037109375,5443.743835449219,561.9124755859375
2308.png,3,0.11057333648204803,5859.237731933594,2415.806396484375,5878.867248535156,2445.160888671875
2308.png,1,0.10999993979930878,6468.290100097656,3188.9383544921875,6484.998107910156,3230.8902587890625
2308.png,1,0.10908690840005875,5014.648498535156,982.80517578125,5081.02294921875,995.03271484375
2308.png,0,0.10677970200777054,3106.6958618164062,321.2421875,3126.9966430664062,351.19970703125
2308.png,0,0.10636799037456512,5873.046447753906,2471.3548583984375,5893.600341796875,2505.6029052734375
2308.png,1,0.10585391521453857,5985.984924316406,4877.844482421875,6030.055969238281,4926.1834716796875
2308.png,1,0.10451918095350266,6367.808044433594,2828.2255249023438,6402.952575683594,2882.4269409179688
2308.png,0,0.10403913259506226,6054.393310546875,4257.869445800781,6095.14111328125,4276.232604980469
2308.png,3,0.10337332636117935,4006.254196166992,3072.6004524230957,4025.052993774414,3094.9317111968994
2308.png,0,0.1009519100189209,5634.0355224609375,1452.1278686523438,5653.0867919921875,1487.8334350585938
2308.png,0,0.10084286332130432,4031.029586791992,4316.9752197265625,4055.775924682617,4349.433349609375
2308.png,0,0.0993373692035675,3927.5523223876953,1695.9966583251953,3951.207077026367,1731.8181915283203
2308.png,0,0.0991443544626236,5613.8929443359375,1359.1729736328125,5638.056579589844,1399.5445556640625
2308.png,0,0.09913937747478485,5543.4747314453125,822.85107421875,5564.2142333984375,855.248291015625
2308.png,0,0.09864867478609085,3525.7501220703125,3944.934097290039,3549.1556396484375,3973.044891357422
2308.png,0,0.09826084971427917,3303.9292602539062,2559.2662200927734,3333.9409790039062,2588.45654296875
2308.png,0,0.09746511280536652,3977.868118286133,1470.526123046875,4008.1255950927734,1508.21044921875
2308.png,0,0.09734974801540375,3471.3717651367188,3138.875,3500.4605102539062,3179.065673828125
2308.png,1,0.0962330549955368,1893.1884460449219,4207.1617431640625,1920.3622741699219,4252.1722412109375
2308.png,0,0.0961083471775055,5736.48583984375,2448.2354736328125,5763.6619873046875,2488.3975830078125
2308.png,0,0.095342718064785,2871.8285522460938,4059.462158203125,2906.3552856445312,4092.513427734375
2308.png,1,0.09515940397977829,3882.13623046875,813.7013549804688,3949.177978515625,835.4306030273438
2308.png,0,0.09340544790029526,311.8377685546875,3141.8988647460938,348.07568359375,3157.562713623047
2308.png,1,0.09303849190473557,6269.118255615234,2921.3031005859375,6328.382568359375,2944.8031005859375
2308.png,1,0.09274493157863617,0.6037330627441406,1795.6307067871094,36.995361328125,1812.3717956542969
2308.png,0,0.09189588576555252,4047.5511932373047,1161.1278686523438,4068.8944549560547,1191.9841918945312
2308.png,0,0.09141196310520172,4973.231781005859,4187.626037597656,5016.108123779297,4209.018859863281
2308.png,0,0.09103965759277344,3917.4370880126953,1454.8155517578125,3946.320266723633,1499.08984375
2308.png,0,0.09091555327177048,3974.4017944335938,3711.8824462890625,4003.723663330078,3753.2476806640625
2308.png,1,0.09017805010080338,2304.511318206787,692.704833984375,2336.9566917419434,712.845947265625
2308.png,0,0.08989199995994568,5113.514404296875,4249.065490722656,5133.6258544921875,4279.5833740234375
2308.png,0,0.08980493247509003,1811.6661376953125,4953.883483886719,1858.17822265625,4994.659606933594
2308.png,1,0.08969367295503616,6180.320146560669,529.4348754882812,6207.008058547974,568.6019897460938
2308.png,0,0.08937633037567139,3368.147491455078,3301.369140625,3401.225616455078,3343.7938842773438
2308.png,3,0.08922780305147171,3974.8793029785156,3074.884630203247,3996.3014221191406,3103.3543605804443
2308.png,1,0.08872856199741364,3274.5699462890625,30.813262939453125,3321.5178833007812,46.414405822753906
2308.png,1,0.08773153275251389,6742.503601074219,2759.4357299804688,6825.027282714844,2789.6436157226562
2308.png,0,0.08596693724393845,6346.194534301758,4813.71923828125,6368.888931274414,4841.4752197265625
2308.png,1,0.08372335880994797,2280.7532958984375,4051.957061767578,2304.6512451171875,4091.754852294922
2308.png,0,0.08344409614801407,344.5549621582031,897.4957275390625,363.9126892089844,926.7069091796875
2308.png,0,0.08329439908266068,6180.0,530.447509765625,6206.885936737061,570.359619140625
2308.png,0,0.08290930092334747,6288.044921875,4164.0867919921875,6321.864929199219,4181.7879638671875
2308.png,0,0.08254382014274597,1943.745849609375,980.5668334960938,1964.84912109375,1015.4368286132812
2308.png,1,0.08128073066473007,0.1493854522705078,4928.616424560547,21.823806762695312,4964.589599609375
2308.png,0,0.0812157616019249,2278.6875,4051.6839904785156,2303.468017578125,4095.407196044922
2308.png,0,0.08118090778589249,1944.8813781738281,5171.8323974609375,1995.2887878417969,5210.133056640625
2308.png,0,0.08059066534042358,6780.2568359375,2362.575096130371,6835.530029296875,2384.521354675293
2308.png,0,0.08012150973081589,5380.704387664795,3447.552032470703,5415.515544891357,3463.6070861816406
2308.png,0,0.07977113127708435,5663.591247558594,2499.3925018310547,5687.9854736328125,2526.852096557617
2308.png,0,0.07952270656824112,4356.5892333984375,582.4063110351562,4392.0440673828125,622.6470336914062
2308.png,0,0.07769033312797546,5877.737243652344,2320.3087120056152,5901.174865722656,2357.6884269714355
2308.png,0,0.07746829837560654,786.9872779846191,2510.791717529297,807.5933456420898,2542.824676513672
2308.png,0,0.07732712477445602,1732.3878784179688,5013.6201171875,1784.68212890625,5051.906982421875
2308.png,3,0.0771506056189537,3267.311309814453,2521.8863830566406,3313.2816467285156,2566.0293884277344
2308.png,0,0.07696462422609329,6070.0498046875,3127.918956756592,6089.322509765625,3158.4949798583984
2308.png,0,0.0769025906920433,4426.9656982421875,1013.7410888671875,4456.7843017578125,1054.1062622070312
2308.png,0,0.07680878043174744,6149.6331787109375,4832.671813964844,6194.9385986328125,4852.839538574219
2308.png,0,0.0765417143702507,5417.680458068848,3415.9275512695312,5454.1267166137695,3430.9213256835938
2308.png,0,0.07642397284507751,5779.080627441406,1869.34765625,5805.120910644531,1904.6292724609375
2308.png,0,0.07639395445585251,3771.8050537109375,3814.8306884765625,3811.5438232421875,3832.9708251953125
2308.png,0,0.07634545117616653,5854.726989746094,2232.9779052734375,5873.742492675781,2261.1678466796875
2308.png,3,0.07625817507505417,2310.2153930664062,4128.202697753906,2336.1724243164062,4166.631042480469
2308.png,1,0.07618538290262222,2132.3828735351562,558.9037475585938,2213.3013305664062,575.9215698242188
2308.png,0,0.07612710446119308,3913.54736328125,1325.0327758789062,3935.82421875,1370.1168823242188
2308.png,3,0.0756717249751091,6520.415985107422,4278.5428466796875,6539.448944091797,4310.6856689453125
2308.png,0,0.07535402476787567,1943.1990966796875,2836.6416015625,1976.396728515625,2853.014892578125
2308.png,1,0.07519536465406418,2304.0,66.03440856933594,2329.565517425537,107.78543090820312
2308.png,0,0.0748768299818039,1705.722412109375,5009.258056640625,1727.5654296875,5042.82958984375
2308.png,1,0.07444053888320923,5273.1552734375,2770.1895446777344,5353.1171875,2799.219757080078
2308.png,3,0.0743226483464241,5859.877014160156,2397.9349975585938,5885.568054199219,2433.2278442382812
2308.png,0,0.07413498312234879,1922.9017333984375,4200.862548828125,1942.534912109375,4228.3277587890625
2308.png,0,0.07316640019416809,6579.0316162109375,4255.6041259765625,6600.81396484375,4291.219970703125
2308.png,0,0.0729251578450203,5109.863342285156,1132.6344909667969,5147.969055175781,1148.7304992675781
2308.png,0,0.072125643491745,6202.544887542725,569.5748901367188,6238.01842880249,613.2208862304688
2308.png,0,0.07189793139696121,6772.999267578125,2670.5032348632812,6822.533447265625,2689.1386108398438
2308.png,3,0.07177295535802841,2144.9510498046875,2179.786865234375,2183.7037353515625,2196.81884765625
2308.png,0,0.07145016640424728,376.0885314941406,1676.548583984375,400.9316101074219,1708.492431640625
2308.png,0,0.0714152455329895,487.4637451171875,3092.521011352539,526.6322631835938,3112.0381469726562
2308.png,0,0.07109511643648148,803.3206634521484,1345.125732421875,852.6029968261719,1362.3935546875
2308.png,3,0.0707588642835617,3840.0,5332.8411865234375,3857.7134284973145,5367.4407958984375
2308.png,0,0.07056926190853119,550.5145874023438,1426.3013305664062,576.2700805664062,1454.5923461914062
2308.png,1,0.07033305615186691,314.92218017578125,422.52740478515625,382.44036865234375,440.80584716796875
2308.png,0,0.0701768547296524,5678.1851806640625,1398.738037109375,5700.203918457031,1432.477294921875
2308.png,0,0.07012712210416794,3906.3317794799805,5425.7730712890625,3962.7807540893555,5449.2818603515625
2308.png,0,0.06989985704421997,5555.365142822266,2164.0756225585938,5595.619049072266,2182.7810668945312
2308.png,0,0.06854704767465591,3605.2753295898438,2107.2601318359375,3647.4464721679688,2128.5797119140625
2308.png,1,0.06815395504236221,5262.099792480469,146.80532836914062,5299.345520019531,191.72662353515625
2308.png,1,0.06796851754188538,4441.851806640625,202.7274169921875,4481.632568359375,241.91375732421875
2308.png,0,0.06756774336099625,3906.91064453125,1376.937744140625,3925.70458984375,1406.26318359375
2308.png,0,0.06693834066390991,3285.844940185547,4848.570739746094,3323.0314025878906,4871.473449707031
2308.png,3,0.06690037995576859,5129.783508300781,4247.633392333984,5150.679870605469,4276.403900146484
2308.png,3,0.0668797567486763,5767.480407714844,4738.359313964844,5788.957458496094,4777.877380371094
2308.png,0,0.06678137928247452,4814.557189941406,4202.8236083984375,4871.589538574219,4224.195129394531
2308.png,0,0.06667356193065643,4549.8367919921875,4758.5675048828125,4573.1971435546875,4792.1883544921875
2308.png,0,0.06638766825199127,5717.312683105469,1831.2918090820312,5739.409118652344,1866.0156860351562
2308.png,0,0.0659274309873581,1807.460693359375,4046.284454345703,1831.2386474609375,4082.7381896972656
2308.png,0,0.06570733338594437,5617.811676025391,1156.3367309570312,5642.848785400391,1192.730224609375
2308.png,0,0.06560313701629639,5440.4248046875,2476.189697265625,5464.220947265625,2507.9217529296875
2308.png,3,0.0653880164027214,5059.2186279296875,4213.976135253906,5083.5386962890625,4246.266418457031
2308.png,0,0.06534618139266968,6268.11865234375,2919.7598266601562,6330.238098144531,2946.4180297851562
2308.png,1,0.06455082446336746,2403.221954345703,2516.56396484375,2439.768997192383,2560.0
2308.png,3,0.06453368812799454,5045.2191162109375,4218.696594238281,5066.88623046875,4248.787902832031
2308.png,0,0.06436686962842941,4815.908294677734,165.6949920654297,4843.136688232422,190.7587432861328
2308.png,0,0.06418653577566147,2475.855194091797,2998.5647583007812,2507.010955810547,3032.8262329101562
2308.png,1,0.06400209665298462,3270.4498901367188,40.304473876953125,3316.9122924804688,51.718048095703125
2308.png,1,0.0639418512582779,1753.4586791992188,3975.3619537353516,1778.5568237304688,4019.826400756836
2308.png,0,0.06377939879894257,4392.299560546875,226.94125366210938,4424.317138671875,256.0426330566406
2308.png,1,0.06347578763961792,5127.8341064453125,1272.6565551757812,5191.7147216796875,1300.9848022460938
2308.png,1,0.06342566013336182,4158.2808837890625,184.20907592773438,4235.109619140625,226.6085205078125
2308.png,1,0.06285655498504639,1733.1697998046875,5011.228942871094,1783.8713989257812,5050.889465332031
2308.png,1,0.06282249093055725,803.479606628418,1345.43408203125,851.2713088989258,1360.423828125
2308.png,0,0.06166411191225052,5935.9246826171875,1568.8713836669922,5959.9466552734375,1598.1119995117188
2308.png,0,0.06124532222747803,3197.2046508789062,2654.8865966796875,3227.5969848632812,2680.6531982421875
2308.png,0,0.061006397008895874,1719.1268615722656,1791.912353515625,1740.1163635253906,1821.5194702148438
2308.png,1,0.061004068702459335,1005.8385620117188,3448.842529296875,1052.1591186523438,3515.4032592773438
2308.png,0,0.060943469405174255,6506.536468505859,2851.6472778320312,6559.432891845703,2872.2775268554688
2308.png,1,0.06062197685241699,2942.4285278320312,1310.1495971679688,3027.6821899414062,1329.5375366210938
2308.png,3,0.060538388788700104,5423.3040771484375,1554.0601806640625,5442.2301025390625,1591.5562744140625
2308.png,1,0.06031147390604019,3005.5894775390625,3854.76611328125,3043.4964599609375,3910.1998291015625
2308.png,1,0.06026006489992142,4352.6065673828125,577.3431396484375,4389.6185302734375,617.8887939453125
2308.png,1,0.06025772541761398,6389.2081298828125,2823.1876220703125,6426.197692871094,2869.21826171875
2308.png,0,0.06015770509839058,89.44491577148438,4709.057434082031,111.61279296875,4736.056213378906
2308.png,1,0.059908222407102585,4739.288848876953,4564.820739746094,4827.72802734375,4592.060119628906
2308.png,0,0.05949742719531059,4441.583435058594,202.1112060546875,4482.181945800781,241.71762084960938
2308.png,0,0.05945026874542236,2315.1875495910645,2523.618927001953,2337.4842414855957,2557.225616455078
2308.png,0,0.05941009894013405,792.1843948364258,2791.0188598632812,811.2763061523438,2820.4779663085938
2308.png,0,0.05912488326430321,6450.263732910156,4995.3310546875,6472.552551269531,5027.6796875
2308.png,3,0.05871148779988289,3758.9293823242188,1170.5733642578125,3783.2018432617188,1208.3570556640625
2308.png,0,0.058695677667856216,3650.427490234375,3307.1806030273438,3673.4755859375,3333.084716796875
2308.png,0,0.05858046934008598,3991.3302001953125,2858.8760375976562,4013.2755126953125,2887.8560180664062
2308.png,0,0.058466728776693344,5924.6644287109375,4067.88916015625,5951.1363525390625,4103.734558105469
2308.png,0,0.05843978002667427,218.89556884765625,1989.9723510742188,252.42230224609375,2034.9161987304688
2308.png,0,0.05829770490527153,2304.0,4864.236755371094,2329.5230674743652,4891.619567871094
2308.png,3,0.058256857097148895,2097.5135498046875,4677.057556152344,2129.5076904296875,4716.778503417969
2308.png,0,0.05825350433588028,4608.32438659668,107.74339294433594,4644.064643859863,147.86727905273438
2308.png,0,0.057942964136600494,6780.3526611328125,2342.0775756835938,6834.3980712890625,2368.480987548828
2308.png,1,0.057412561029195786,6449.828369140625,3191.80810546875,6466.3099365234375,3231.463134765625
2308.png,0,0.057331278920173645,6295.093048095703,5396.71337890625,6321.018218994141,5430.53369140625
2308.png,0,0.05717160925269127,6419.984558105469,4291.498352050781,6436.511657714844,4317.859802246094
2308.png,3,0.05687457323074341,3981.7056884765625,2860.06591796875,4009.0740966796875,2900.69140625
2308.png,0,0.05650144815444946,2357.8453979492188,3998.0938110351562,2378.7023315429688,4029.1471557617188
2308.png,3,0.0562877394258976,4531.7109375,4669.1741943359375,4570.00927734375,4692.7635498046875
2308.png,1,0.05620037391781807,1711.9190368652344,3706.5963134765625,1747.6477966308594,3761.7376708984375
2308.png,0,0.0561385340988636,6191.613876342773,3796.9611206054688,6212.130401611328,3824.8644409179688
2308.png,3,0.05612098425626755,5859.446350097656,2523.23583984375,5884.916809082031,2557.0625
2308.png,0,0.05593374744057655,5754.111755371094,4756.4033203125,5774.570556640625,4784.4803466796875
2308.png,2,0.05580698698759079,6779.104736328125,2343.31388092041,6835.287841796875,2367.281051635742
2308.png,0,0.05545036867260933,1946.8502197265625,2847.4390869140625,1989.250244140625,2865.0950927734375
2308.png,0,0.05531132221221924,2561.7485961914062,4636.028076171875,2592.9215698242188,4665.452087402344
2308.png,1,0.05507058650255203,3056.3432006835938,4484.0902099609375,3088.1007690429688,4539.5638427734375
2308.png,0,0.05479894205927849,2534.4589233398438,4638.120361328125,2560.7753295898438,4664.177154541016
2308.png,3,0.05458052083849907,5677.841247558594,2490.619369506836,5699.270935058594,2517.3146209716797
2308.png,0,0.05457862466573715,4168.6353759765625,2295.1256103515625,4190.999267578125,2330.0238037109375
2308.png,0,0.05381767824292183,3882.0645751953125,3095.4482421875,3901.6199951171875,3125.65087890625
2308.png,1,0.05380711704492569,5158.83349609375,1965.0074462890625,5236.53515625,1982.319091796875
2308.png,0,0.053788017481565475,4334.3173828125,363.71514892578125,4372.985107421875,400.12603759765625
2308.png,3,0.053414229303598404,57.36235046386719,1669.2818908691406,81.046875,1703.4158325195312
2308.png,1,0.0532039999961853,5015.0814208984375,964.5050354003906,5083.562316894531,980.0378112792969
2308.png,0,0.05307779833674431,810.9146385192871,2905.826904296875,830.7877235412598,2938.056884765625
2308.png,0,0.0530560128390789,3137.0206298828125,193.49652099609375,3164.4361572265625,230.62030029296875
2308.png,3,0.05293939635157585,5324.6373291015625,2429.0770263671875,5350.8592529296875,2465.3421630859375
2308.png,1,0.05254435911774635,430.2147216796875,4746.943542480469,484.2010498046875,4767.834777832031
2308.png,1,0.05232616141438484,6779.47802734375,2343.843147277832,6834.359619140625,2367.2804412841797
2308.png,3,0.05207199230790138,5770.420867919922,4856.920471191406,5791.804840087891,4886.269470214844
2308.png,0,0.051840681582689285,2463.585678100586,2791.9763793945312,2498.8231048583984,2808.5162963867188
2308.png,0,0.05166922137141228,6148.431219100952,3060.2357177734375,6166.3417682647705,3087.8104248046875
2308.png,0,0.051574818789958954,1676.345947265625,3704.6165161132812,1695.2471923828125,3739.1083374023438
2308.png,1,0.051472149789333344,4678.7572021484375,4509.6190185546875,4721.628021240234,4546.7427978515625
2308.png,1,0.05132971704006195,472.5518798828125,4763.56982421875,522.569580078125,4782.169921875
2308.png,3,0.05097116902470589,6384.612976074219,4738.9764404296875,6409.285919189453,4782.3583984375
2308.png,0,0.05062193050980568,3840.0,4209.797424316406,3868.156581878662,4231.846740722656
2308.png,0,0.0504351444542408,2009.4500427246094,619.306884765625,2028.7779235839844,655.4390869140625
2308.png,3,0.05040014535188675,3853.778956413269,5332.0067138671875,3874.543659210205,5364.5654296875
2308.png,0,0.05036824941635132,6598.937347412109,3081.9017333984375,6616.486114501953,3091.632080078125
2308.png,0,0.05007370933890343,5920.922180175781,2589.3250732421875,5940.410949707031,2621.0218505859375
2308.png,0,0.0500488318502903,1612.3558349609375,5092.9229736328125,1651.0155029296875,5114.576171875
2308.png,0,0.05002483353018761,3271.4086303710938,4009.8953857421875,3291.4419555664062,4036.8331298828125
2308.png,0,0.04992981255054474,2390.989517211914,2696.025604248047,2418.3614349365234,2742.504669189453
2308.png,0,0.0499190017580986,5481.81787109375,2594.4351196289062,5513.622314453125,2637.6146240234375
2308.png,1,0.049851156771183014,5243.1983642578125,1294.41357421875,5296.0953369140625,1318.28466796875
2308.png,0,0.04972723871469498,2281.4903564453125,4687.8106689453125,2310.0980224609375,4715.9136962890625
2308.png,1,0.049624159932136536,5056.2745361328125,1176.7101440429688,5112.135925292969,1214.7966918945312
2308.png,1,0.049149975180625916,804.3991317749023,4006.8790435791016,879.396614074707,4026.9957122802734
2308.png,0,0.04912853613495827,2327.810571670532,2553.628692626953,2357.821876525879,2593.436981201172
2308.png,0,0.048953037708997726,5831.135986328125,4650.3260498046875,5862.6141357421875,4677.653259277344
2308.png,0,0.04890051856637001,4317.891174316406,2673.2070922851562,4337.631286621094,2702.7090454101562
2308.png,0,0.04881509765982628,6188.5513343811035,4120.205078125,6221.9466552734375,4139.3043212890625
2308.png,3,0.04864407703280449,6327.882659912109,4811.5902099609375,6348.506439208984,4841.8966064453125
2308.png,0,0.04858929291367531,2869.87451171875,4140.6260986328125,2893.809326171875,4166.9998779296875
2308.png,0,0.048349056392908096,513.1649169921875,2030.644775390625,534.1177978515625,2060.9747314453125
2308.png,0,0.04808562994003296,3632.2567749023438,2266.2899169921875,3660.5259399414062,2295.7650146484375
2308.png,0,0.04803710803389549,5551.580627441406,2573.7149963378906,5577.558013916016,2618.711883544922
2308.png,0,0.047827430069446564,2796.3212890625,4589.755035400391,2831.0336303710938,4616.554473876953
2308.png,0,0.04781824350357056,4930.603210449219,1966.080078125,4950.784484863281,1980.1326293945312
2308.png,3,0.04768212139606476,5378.059722900391,1536.6767654418945,5412.125640869141,1565.2815475463867
2308.png,0,0.04763663187623024,4773.595062255859,1706.26416015625,4816.909576416016,1723.534912109375
2308.png,0,0.04739232361316681,5910.72509765625,2440.6053466796875,5951.530029296875,2459.1234130859375
2308.png,3,0.04710406810045242,5781.551971435547,4745.202209472656,5804.818328857422,4777.983215332031
2308.png,3,0.04676530882716179,5378.0897216796875,2417.48046875,5400.280517578125,2445.6937255859375
2308.png,0,0.04664861783385277,2319.660375595093,3270.9903564453125,2353.8955688476562,3305.563201904297
2308.png,0,0.04662769287824631,5570.0341796875,2517.269577026367,5590.721496582031,2542.774429321289
2308.png,3,0.04651615396142006,2149.843994140625,2192.802001953125,2191.560791015625,2211.86865234375
2308.png,3,0.04650712385773659,5554.2054443359375,2147.37109375,5593.6661376953125,2167.680908203125
2308.png,3,0.046481695026159286,6442.0521240234375,2826.1983642578125,6465.75732421875,2855.2305908203125
2308.png,1,0.04638626053929329,6292.693374633789,2904.7244873046875,6344.219833374023,2919.474609375
2308.png,1,0.04613334685564041,6673.399597167969,3230.3101806640625,6744.744689941406,3250.2044677734375
2308.png,0,0.04612855985760689,2213.18115234375,0.5026016235351562,2235.090576171875,19.483789443969727
2308.png,0,0.04590746387839317,3910.655731201172,2463.44091796875,3931.7889862060547,2490.3248291015625
2308.png,0,0.045838531106710434,3145.8076171875,3542.8552856445312,3167.0438232421875,3583.0756225585938
2308.png,0,0.045791417360305786,93.59833526611328,4885.445068359375,110.41547393798828,4908.86083984375
2308.png,0,0.04577596113085747,6506.451324462891,2867.3670654296875,6562.616973876953,2888.2464599609375
2308.png,0,0.045371703803539276,4392.427001953125,2968.7386474609375,4416.4853515625,2992.2806396484375
2308.png,1,0.045320507138967514,6733.352722167969,2741.6954956054688,6806.266662597656,2770.5890502929688
2308.png,0,0.04518667608499527,5005.951416015625,4229.798614501953,5043.9544677734375,4253.682891845703
2308.png,0,0.044961363077163696,3884.51025390625,1454.6591796875,3905.234619140625,1485.8660888671875
2308.png,0,0.04492433741688728,5042.0133056640625,1146.69921875,5060.4554443359375,1155.9681396484375
2308.png,0,0.04490838199853897,2280.781494140625,3446.0474853515625,2305.249267578125,3477.3621215820312
2308.png,0,0.0448530912399292,394.49066162109375,302.34619140625,414.85687255859375,334.9326171875
2308.png,0,0.04479876533150673,3702.1695556640625,645.025634765625,3728.8602294921875,659.907470703125
2308.png,0,0.044709861278533936,10.205374717712402,74.0527572631836,30.614227294921875,103.92761993408203
2308.png,3,0.04467175155878067,5110.925201416016,4245.956848144531,5142.0518798828125,4280.476623535156
2308.png,0,0.044648561626672745,6597.88818359375,3060.4540405273438,6621.315856933594,3069.7653198242188
2308.png,1,0.044617652893066406,6351.298553466797,2841.005126953125,6384.357604980469,2887.154052734375
2308.png,1,0.04460635408759117,1536.3294849395752,653.6031494140625,1562.1369132995605,693.2086181640625
2308.png,0,0.044531386345624924,2141.8182373046875,1244.9528198242188,2158.0042724609375,1286.2903442382812
2308.png,0,0.044517066329717636,1668.6055297851562,2277.3148803710938,1702.0580749511719,2290.0811157226562
2308.png,0,0.044302526861429214,4010.2208251953125,5236.410583496094,4050.4320068359375,5263.048034667969
2308.png,0,0.04428349435329437,5639.4573974609375,4683.5025634765625,5673.8216552734375,4701.8133544921875
2308.png,0,0.04421238601207733,3413.042449951172,4914.971862792969,3443.9490661621094,4934.327453613281
2308.png,0,0.043917249888181686,3410.5294189453125,3574.593505859375,3442.0995483398438,3606.9456787109375
2308.png,0,0.04376042261719704,1794.945556640625,4080.3280029296875,1811.748779296875,4101.1650390625
2308.png,0,0.043729886412620544,1343.2562866210938,3046.8734741210938,1382.9702758789062,3065.7096557617188
2308.png,0,0.043665189296007156,3503.9185180664062,4698.306884765625,3545.1132202148438,4724.5491943359375
2308.png,0,0.04358525201678276,6585.717468261719,3010.5145263671875,6603.442626953125,3020.1322021484375
2308.png,0,0.04353407770395279,2797.9418029785156,2878.0845947265625,2850.0924072265625,2913.7921142578125
2308.png,0,0.043494243174791336,3480.8969116210938,4319.4344482421875,3496.8307495117188,4339.4044189453125
2308.png,1,0.043148644268512726,3135.627487182617,194.53073120117188,3165.6775665283203,231.10848999023438
2308.png,1,0.04299301281571388,4816.2154541015625,4204.111358642578,4862.9937744140625,4224.459197998047
2308.png,3,0.04299236088991165,6309.392333984375,4810.884094238281,6329.931182861328,4841.582946777344
2308.png,3,0.042987141758203506,5676.940368652344,4880.065490722656,5697.437072753906,4905.436950683594
2308.png,0,0.04295011982321739,5818.7396240234375,2396.6448974609375,5856.537048339844,2410.9266357421875
2308.png,0,0.0427868515253067,3693.50341796875,3795.01171875,3714.361083984375,3822.8021240234375
2308.png,3,0.04268915578722954,2246.9359130859375,3724.3881225585938,2266.3927001953125,3761.0575561523438
2308.png,0,0.04264716058969498,5032.057861328125,4059.072067260742,5053.345642089844,4086.182571411133
2308.png,3,0.04263756424188614,3886.978340148926,1751.3832397460938,3908.3098907470703,1806.0939636230469
2308.png,3,0.04255826026201248,6144.0,4542.6353759765625,6157.61710357666,4587.3670654296875
2308.png,0,0.04254388436675072,6410.577972412109,721.294189453125,6435.809478759766,732.7705078125
2308.png,0,0.04250695928931236,4610.0022315979,4309.241790771484,4640.932090759277,4340.253875732422
2308.png,0,0.042440615594387054,5814.189208984375,2508.3616943359375,5830.8026123046875,2535.9417724609375
2308.png,3,0.042404137551784515,3801.053955078125,1748.7410888671875,3819.2613525390625,1777.3577880859375
2308.png,3,0.042396508157253265,4019.0438537597656,3072.0,4042.8260803222656,3094.4878253936768
2308.png,0,0.0422411747276783,4526.461181640625,2297.5723876953125,4557.57666015625,2309.9219970703125
2308.png,3,0.042163826525211334,4992.2720947265625,315.82891845703125,5010.142761230469,344.13848876953125
2308.png,0,0.041588194668293,6328.439361572266,4810.737030029297,6347.2896728515625,4841.183380126953
2308.png,0,0.04150709509849548,2304.0,4313.523986816406,2316.1041526794434,4344.7862548828125
2308.png,0,0.04150411859154701,1921.1140747070312,2702.0069580078125,1967.5691528320312,2733.087158203125
2308.png,0,0.041424915194511414,6519.9376220703125,2813.4051513671875,6541.989501953125,2842.8929443359375
2308.png,0,0.04132726788520813,5551.553085327148,2147.6021728515625,5595.098831176758,2168.4569091796875
2308.png,0,0.04131784290075302,1721.8990478515625,5074.797180175781,1753.744384765625,5102.022766113281
2308.png,0,0.04124295711517334,2926.88623046875,3230.435760498047,2962.91162109375,3252.230010986328
2308.png,1,0.041130222380161285,4121.076446533203,4083.1819610595703,4165.150115966797,4142.843200683594
2308.png,0,0.04099927097558975,5301.452392578125,2422.5125732421875,5325.258544921875,2456.2730712890625
2308.png,0,0.04090115800499916,4728.610679626465,132.93093872070312,4755.709869384766,158.91802978515625
2308.png,0,0.04083416983485222,2909.7171630859375,4379.0780029296875,2947.510986328125,4416.4202880859375
2308.png,3,0.04074103757739067,34.04706954956055,1663.8307418823242,56.79459762573242,1704.8466186523438
2308.png,0,0.04063032567501068,2014.1706848144531,2091.4481201171875,2035.1634216308594,2129.6971435546875
2308.png,0,0.04059632495045662,6225.3648681640625,4859.049560546875,6269.48095703125,4872.493896484375
2308.png,3,0.040395647287368774,5716.7896728515625,1582.0687255859375,5740.1339111328125,1630.9730224609375
2308.png,0,0.04032424837350845,5376.0,2417.7790756225586,5387.7942237854,2450.9122009277344
2308.png,0,0.04027191177010536,4753.145690917969,4184.539245605469,4773.988342285156,4206.434387207031
2308.png,0,0.04027007147669792,2235.3768310546875,2144.8851928710938,2260.2388916015625,2173.0177612304688
2308.png,0,0.0401838943362236,451.839599609375,493.02081298828125,470.583251953125,519.5113525390625
2308.png,0,0.04008123278617859,665.4064331054688,1708.5010070800781,687.9630737304688,1737.2351379394531
2308.png,0,0.04002173990011215,3865.0911865234375,1696.2129516601562,3888.1781005859375,1725.5026245117188
2308.png,0,0.03999950736761093,1225.8637390136719,1814.0641479492188,1255.9960632324219,1827.9679565429688
2308.png,2,0.0399462953209877,3178.4674072265625,2563.4412231445312,3255.0048828125,2598.9255981445312
2308.png,3,0.0398901142179966,5726.603485107422,1721.34765625,5752.495880126953,1761.32763671875
2308.png,0,0.03981102257966995,4722.60498046875,1974.9309997558594,4762.584655761719,1988.6939392089844
2308.png,0,0.039800360798835754,6273.331237792969,4813.43701171875,6291.423034667969,4840.2960205078125
2308.png,0,0.039751771837472916,3814.297119140625,1672.9536437988281,3840.22314453125,1711.8294372558594
2308.png,1,0.03966813161969185,3272.4820556640625,2526.1351623535156,3312.9779052734375,2560.521026611328
2308.png,0,0.03960715979337692,4230.083099365234,678.0152587890625,4255.030914306641,705.9906005859375
2308.png,0,0.03949907049536705,6180.645658493042,4028.2352294921875,6206.175628662109,4048.2535400390625
2308.png,0,0.03949278965592384,632.5563354492188,1595.6530151367188,650.2619018554688,1621.6705932617188
2308.png,0,0.03937334939837456,979.1601257324219,1486.77587890625,995.0451965332031,1516.794677734375
2308.png,0,0.03935077413916588,6125.431884765625,4642.39404296875,6150.219970703125,4670.1612548828125
2308.png,3,0.03913159668445587,1.6157569885253906,4820.0899658203125,20.3804931640625,4855.926818847656
2308.png,0,0.03913053870201111,5157.1087646484375,898.2857666015625,5189.1983642578125,910.8218994140625
2308.png,3,0.03908570483326912,6207.139625549316,3955.125244140625,6228.717414855957,3995.639404296875
2308.png,0,0.039081621915102005,5593.140380859375,2430.5311737060547,5619.13134765625,2453.3834381103516
2308.png,0,0.03896462544798851,3087.853759765625,396.84588623046875,3103.183349609375,423.95208740234375
2308.png,0,0.038896456360816956,1156.4024353027344,3088.055187225342,1199.9150085449219,3109.917652130127
2308.png,1,0.038835231214761734,2377.8206787109375,2524.278839111328,2415.170455932617,2575.375274658203
2308.png,0,0.03873293101787567,6465.5955810546875,3003.7794189453125,6489.8680419921875,3035.5233154296875
2308.png,1,0.038679756224155426,2742.5911865234375,5293.3756103515625,2778.297119140625,5347.6925048828125
2308.png,0,0.03860229253768921,4651.601875305176,1481.1053466796875,4680.913787841797,1496.7305908203125
2308.png,3,0.03855791687965393,2988.3515625,2646.7179260253906,3024.822021484375,2661.992462158203
2308.png,0,0.038438547402620316,965.017333984375,3318.6971588134766,990.18798828125,3354.34375
2308.png,0,0.03843140974640846,1764.5468139648438,3939.286117553711,1785.1187133789062,3973.418411254883
2308.png,0,0.03830426558852196,2223.692138671875,2197.3687744140625,2268.961181640625,2213.8311767578125
2308.png,0,0.03814617544412613,548.964599609375,3558.082763671875,568.805908203125,3587.3229370117188
2308.png,0,0.03805041313171387,4117.575134277344,2004.1771240234375,4147.997863769531,2021.4522705078125
2308.png,1,0.03794102370738983,6228.975311279297,2896.1402587890625,6277.274917602539,2915.0555419921875
2308.png,0,0.037784479558467865,5626.840072631836,4020.70361328125,5662.0418701171875,4037.651611328125
2308.png,1,0.037649352103471756,6672.962097167969,3241.7860107421875,6743.113220214844,3256.6583251953125
2308.png,1,0.037640661001205444,3273.0677490234375,18.043067932128906,3327.58544921875,36.21923828125
2308.png,0,0.03741266950964928,1872.8728942871094,410.6509704589844,1890.7954406738281,439.3496398925781
2308.png,0,0.03732065111398697,1056.869140625,3111.29354095459,1107.8387451171875,3130.174491882324
2308.png,0,0.03732061758637428,6192.900939941406,3017.5146484375,6228.416442871094,3035.15087890625
2308.png,3,0.03723312169313431,5553.8984375,2575.397186279297,5576.2061767578125,2621.531707763672
2308.png,1,0.03707977384328842,2555.677703857422,188.26829528808594,2625.1319885253906,228.74095153808594
2308.png,3,0.03698990121483803,5851.3089599609375,4808.874816894531,5873.7777099609375,4838.3070068359375
2308.png,3,0.03698546811938286,5810.4036865234375,2360.8615112304688,5844.5106201171875,2375.5940551757812
2308.png,0,0.036948785185813904,2537.384063720703,11.772439002990723,2573.400421142578,25.668418884277344
2384.png,1,0.16596285998821259,304.5309143066406,694.2982788085938,314.1800231933594,723.9275512695312
2384.png,1,0.11242516338825226,324.54278564453125,695.3380737304688,337.10748291015625,729.1421508789062
2384.png,1,0.09551621973514557,310.14117431640625,695.1331481933594,317.85107421875,723.1777648925781
2384.png,1,0.08881106227636337,273.11297607421875,549.853759765625,292.06109619140625,581.5277404785156
2384.png,1,0.0815071165561676,40.45101547241211,1123.3455810546875,54.04868698120117,1149.6326904296875
2384.png,1,0.08048967272043228,296.47833251953125,693.6558837890625,303.92669677734375,722.2259521484375
2384.png,1,0.07020635902881622,315.28814697265625,695.52783203125,321.87530517578125,722.8580322265625
2384.png,0,0.06349954009056091,1.9756298065185547,1135.1851806640625,18.382476806640625,1147.8968505859375
2384.png,0,0.06208382174372673,1110.68017578125,762.212890625,1120.521484375,778.701416015625
2384.png,1,0.06165114417672157,63.98884201049805,484.765869140625,93.52555847167969,499.19769287109375
2384.png,1,0.05963132157921791,353.700439453125,602.363525390625,384.531982421875,613.17529296875
2384.png,1,0.05936487391591072,1338.5089111328125,780.6849365234375,1366.1318359375,810.2320556640625
2384.png,0,0.05366995558142662,11.096046447753906,306.50836181640625,25.938610076904297,332.81719970703125
2384.png,0,0.05235610529780388,91.2762222290039,517.1047973632812,106.79761505126953,528.0736694335938
2384.png,0,0.050785988569259644,78.91339111328125,1002.64794921875,107.830078125,1013.467041015625
2384.png,0,0.05037345364689827,304.093994140625,694.058837890625,314.34466552734375,720.23876953125
2384.png,1,0.048662219196558,286.363037109375,692.5505065917969,297.31866455078125,712.8218688964844
2384.png,0,0.045852214097976685,40.61774444580078,1123.4644775390625,53.211387634277344,1148.9019775390625
2384.png,1,0.04583873972296715,643.3626098632812,392.2929992675781,668.2760009765625,404.82830810546875
2384.png,0,0.04258062690496445,187.847412109375,59.40818786621094,196.467529296875,71.9281005859375
2384.png,1,0.040409572422504425,640.3751220703125,403.1818542480469,667.9425048828125,414.9275817871094
2384.png,0,0.03900033235549927,65.61532592773438,499.111572265625,91.5888671875,509.080322265625
2384.png,0,0.03688332810997963,65.98902893066406,945.050537109375,85.70390319824219,965.3187255859375
2384.png,0,0.036559414118528366,159.1602783203125,141.9455108642578,166.590087890625,155.8004608154297
2384.png,0,0.03649616613984108,781.2960205078125,122.914794921875,789.43798828125,134.30966186523438
2384.png,0,0.035101763904094696,44.21186065673828,942.311767578125,60.852882385253906,955.740234375
2384.png,0,0.0348568819463253,190.64462280273438,0.0,199.48501586914062,13.575481414794922
2384.png,1,0.03345126286149025,65.15734100341797,943.3734130859375,86.77977752685547,969.3145751953125
2384.png,0,0.0321698896586895,19.029983520507812,476.29168701171875,29.65609359741211,484.19891357421875
2384.png,0,0.030789360404014587,172.5167236328125,115.06818389892578,180.6065673828125,127.12622833251953
2384.png,0,0.030652545392513275,427.1505432128906,8.418310165405273,435.9794616699219,29.687761306762695
2384.png,0,0.029887951910495758,19.914230346679688,287.70037841796875,27.676658630371094,301.324462890625
2384.png,1,0.029521169140934944,318.809326171875,699.21875,325.9229736328125,723.547607421875
2384.png,0,0.02927462011575699,65.24930572509766,484.08721923828125,92.09735870361328,498.33062744140625
2384.png,0,0.027518605813384056,1083.1533203125,699.6924438476562,1099.7254638671875,717.4240112304688
2384.png,0,0.027419550344347954,642.2353515625,391.8204803466797,669.9635009765625,407.0325164794922
2384.png,1,0.027249151840806007,63.89878845214844,477.1875305175781,92.75091552734375,489.6130065917969
2384.png,0,0.027214251458644867,393.88555908203125,448.6884460449219,414.3277587890625,458.6069641113281
2384.png,0,0.026003921404480934,297.86260986328125,693.3338623046875,306.92169189453125,719.9232177734375
2384.png,1,0.025485934689641,69.61201477050781,1014.968994140625,93.12605285644531,1023.59375
2384.png,0,0.02530357800424099,86.54851531982422,510.0076599121094,103.8400650024414,521.0098876953125
2384.png,1,0.02497532218694687,0.27364635467529297,471.10540771484375,15.164315223693848,485.07537841796875
2384.png,1,0.023816552013158798,291.48529052734375,533.9940490722656,315.43804931640625,582.2786560058594
2384.png,0,0.02375420741736889,83.69921875,502.07525634765625,94.35983276367188,519.1012573242188
2384.png,0,0.02311326190829277,72.55226135253906,253.31895446777344,87.52537536621094,272.3160400390625
2384.png,1,0.02297108620405197,0.8045778274536133,495.03436279296875,10.046664237976074,519.9812622070312
2384.png,0,0.02288721688091755,179.73316955566406,679.0150756835938,186.7888946533203,690.3655395507812
2384.png,0,0.022650597617030144,28.189346313476562,1098.556640625,40.2508544921875,1107.8740234375
2384.png,0,0.022158952429890633,1101.7293090820312,742.6311645507812,1113.3980102539062,759.5165405273438
2384.png,0,0.022070208564400673,283.9329528808594,711.8602294921875,292.1343078613281,724.908935546875
2384.png,0,0.021972281858325005,259.48828125,527.4948577880859,267.9354248046875,539.9274139404297
2384.png,0,0.021903231739997864,435.60589599609375,402.5056457519531,445.19305419921875,418.91819763183594
2384.png,0,0.021198788657784462,70.65052032470703,542.976318359375,79.61443328857422,563.267333984375
2384.png,0,0.021161409094929695,1.0472488403320312,330.9253444671631,17.079124450683594,338.7151279449463
2384.png,0,0.020910188555717468,40.070533752441406,1082.4560546875,52.411293029785156,1098.991943359375
2384.png,0,0.020534222945570946,396.67596435546875,793.9151000976562,404.16192626953125,806.1517944335938
2384.png,0,0.020196475088596344,324.3406982421875,695.0357971191406,334.635986328125,712.0863342285156
2384.png,0,0.019778115674853325,369.41217041015625,801.6839599609375,375.87811279296875,814.9307861328125
2384.png,0,0.019594945013523102,338.51904296875,796.3268432617188,345.5301513671875,807.2687377929688
2384.png,0,0.01921648345887661,346.903076171875,796.6434326171875,358.6002197265625,806.0496826171875
2384.png,0,0.019163325428962708,378.6202392578125,810.6780395507812,386.665771484375,828.5307006835938
2384.png,0,0.018767036497592926,192.92201232910156,47.02699279785156,199.4061737060547,58.61577606201172
2384.png,0,0.01868198625743389,1113.0476684570312,756.8172607421875,1124.4191284179688,773.1712646484375
2384.png,0,0.017931118607521057,390.6297912597656,841.5831298828125,399.3951721191406,850.3345947265625
2384.png,0,0.017552314326167107,1015.8497924804688,620.6555786132812,1022.3563842773438,635.2847290039062
2384.png,0,0.01746598817408085,335.58807373046875,797.10888671875,341.43292236328125,812.641845703125
2384.png,0,0.017457619309425354,110.76361083984375,559.8558654785156,123.62545776367188,570.2706604003906
2384.png,1,0.017290644347667694,646.1630859375,380.17530059814453,667.630126953125,395.0295944213867
2384.png,0,0.017254183068871498,40.347801208496094,247.69525146484375,48.45497131347656,259.649658203125
2384.png,0,0.017222467809915543,333.9127197265625,443.1333312988281,342.443603515625,452.0142822265625
2384.png,0,0.016982659697532654,34.066619873046875,186.51390075683594,42.87388610839844,200.6456756591797
2384.png,0,0.01653253473341465,374.21417236328125,800.1316528320312,378.36834716796875,809.1914672851562
2384.png,0,0.016523201018571854,1315.739501953125,1321.718505859375,1325.365234375,1333.296142578125
2384.png,0,0.01644011028110981,342.8602294921875,796.3428955078125,349.802734375,806.2630615234375
2384.png,0,0.01629040762782097,242.58779907226562,607.8834228515625,252.8768310546875,620.9718017578125
2384.png,0,0.016182871535420418,171.57745361328125,648.9075317382812,188.46142578125,660.6712036132812
2384.png,0,0.016051432117819786,251.32839965820312,569.64013671875,260.0932312011719,579.7542724609375
2384.png,0,0.015897460281848907,383.5183639526367,811.8150634765625,390.1062240600586,824.9595947265625
2384.png,0,0.01567842625081539,348.06524658203125,811.602294921875,358.14385986328125,820.6328125
2384.png,0,0.01566060446202755,348.3425235748291,379.6904754638672,356.10128688812256,396.2116241455078
2384.png,0,0.015529680997133255,1119.5858154296875,750.610595703125,1128.745849609375,762.914794921875
2384.png,0,0.015501881018280983,375.5777893066406,802.3971557617188,381.6950988769531,814.7564086914062
2384.png,1,0.015481182374060154,0.0,302.1805419921875,8.967495918273926,333.2706298828125
2384.png,0,0.015371670015156269,386.60906982421875,805.3460388183594,393.51153564453125,814.6568298339844
2384.png,0,0.015350321307778358,150.0339813232422,731.1796875,158.19261169433594,741.6669921875
2384.png,0,0.015301395207643509,957.283203125,1314.35107421875,967.00341796875,1324.56494140625
2384.png,0,0.01517210528254509,364.7841796875,315.3268551826477,372.12335205078125,325.8876762390137
2384.png,0,0.015012908726930618,380.4168472290039,801.6885375976562,386.735107421875,811.0812377929688
2384.png,0,0.014964788220822811,27.29979705810547,254.0247802734375,35.100189208984375,268.1600341796875
2384.png,0,0.014896824024617672,155.45462036132812,154.23150634765625,165.12051391601562,181.8084716796875
2384.png,0,0.014775067567825317,489.08998107910156,53.92662048339844,498.85401916503906,68.07718658447266
2384.png,0,0.014514761976897717,387.8453369140625,841.0474853515625,395.46240234375,850.4512939453125
2384.png,0,0.014236010611057281,20.189720153808594,259.7401123046875,28.991641998291016,271.3538818359375
2384.png,0,0.014198197983205318,405.3316650390625,811.3758239746094,410.6923828125,818.3977966308594
2384.png,0,0.014187977649271488,1007.87744140625,621.24658203125,1014.208984375,636.507568359375
2384.png,0,0.014071980491280556,141.88546752929688,143.84225463867188,152.37948608398438,166.35830688476562
2384.png,0,0.013952573761343956,360.540283203125,381.92958068847656,370.5174560546875,397.47845458984375
2384.png,0,0.013875563628971577,293.2706298828125,692.2845458984375,305.01336669921875,713.2830810546875
2384.png,0,0.013836958445608616,39.278656005859375,1098.5682373046875,51.624420166015625,1114.7471923828125
2384.png,0,0.01380943600088358,383.7484130859375,802.7520751953125,390.36376953125,815.5284423828125
2384.png,0,0.013652672991156578,448.2535095214844,364.6775817871094,456.1047058105469,378.4642028808594
2384.png,1,0.013230974785983562,121.39859008789062,976.447021484375,130.97161865234375,995.345703125
2384.png,0,0.013215395621955395,334.9207763671875,815.436767578125,344.5570068359375,828.88330078125
2384.png,3,0.01320742629468441,1070.9505615234375,708.0401000976562,1087.8055419921875,724.3335571289062
2384.png,0,0.012967017479240894,15.674537658691406,214.0703582763672,34.65458297729492,226.2036590576172
2384.png,0,0.012938126921653748,59.59870910644531,541.2804565429688,73.23896789550781,562.5159301757812
2384.png,0,0.012890982441604137,510.71746826171875,51.49229431152344,519.1314392089844,63.818267822265625
2384.png,0,0.012375086545944214,49.023536682128906,239.24081420898438,70.9775161743164,250.90762329101562
2384.png,0,0.012291699647903442,301.5419006347656,502.82647705078125,313.8064270019531,526.6646118164062
2384.png,0,0.012274933978915215,121.83558654785156,995.202392578125,132.8253631591797,1018.232177734375
2384.png,0,0.012163419276475906,402.9632568359375,750.41357421875,412.5284423828125,757.922607421875
2384.png,0,0.012116237543523312,399.7834167480469,776.5587768554688,408.7759094238281,790.5615844726562
2384.png,0,0.01206819899380207,478.9145202636719,53.834991455078125,489.3257751464844,66.4766845703125
2384.png,0,0.012055624276399612,69.04368591308594,619.964599609375,77.84825134277344,631.259765625
2384.png,0,0.011957625858485699,435.8941345214844,78.07894134521484,444.1736145019531,88.77132415771484
2384.png,0,0.011936620809137821,423.90838623046875,401.40545654296875,432.98309326171875,420.36163330078125
2384.png,0,0.011921877972781658,121.00624084472656,975.9892578125,131.1132354736328,995.823974609375
2384.png,0,0.011904158629477024,302.25244140625,425.6246337890625,309.6256103515625,435.75262451171875
2384.png,0,0.011884639039635658,1131.21435546875,726.2755737304688,1140.776611328125,742.1294555664062
2384.png,0,0.011852840892970562,35.95167541503906,511.17303466796875,68.455322265625,532.4072875976562
2384.png,1,0.011565065011382103,1248.651123046875,898.1563110351562,1272.0606689453125,934.4660034179688
2384.png,0,0.01145871914923191,324.0558166503906,794.5128784179688,331.9800720214844,803.1988525390625
2384.png,0,0.011423103511333466,190.04405212402344,256.6020812988281,203.8276824951172,263.8529968261719
2384.png,0,0.011390388943254948,233.25550842285156,577.809326171875,243.46495056152344,590.000244140625
2384.png,0,0.011349460110068321,355.0477294921875,798.7266845703125,362.8099365234375,810.2642822265625
2384.png,0,0.011106322519481182,29.727294921875,217.09478759765625,40.51921844482422,226.67428588867188
2384.png,0,0.011075137183070183,161.83908081054688,655.191162109375,170.52542114257812,666.466064453125
2384.png,0,0.010997164994478226,231.19918823242188,594.9846801757812,240.20303344726562,612.6703491210938
2384.png,0,0.01092855166643858,27.79969596862793,248.86715698242188,36.210784912109375,259.8857727050781
2384.png,0,0.010768209584057331,354.5504150390625,804.2374267578125,361.5733642578125,815.5789794921875
2384.png,0,0.010743673890829086,1071.7711181640625,708.0740356445312,1087.9395751953125,724.2894897460938
2384.png,0,0.01071807462722063,405.86962890625,861.0401611328125,414.21484375,877.4166259765625
2384.png,0,0.010622786357998848,59.87709045410156,643.70068359375,68.34547424316406,655.1865234375
2384.png,0,0.010610484518110752,365.7705192565918,798.9200439453125,372.345027923584,811.1549072265625
2384.png,0,0.010437321849167347,113.86552429199219,509.4069519042969,129.1642303466797,528.2005310058594
2384.png,0,0.010338924825191498,363.2305908203125,801.3759155273438,369.329345703125,816.7256469726562
2384.png,0,0.010332027450203896,288.6028747558594,692.5126953125,298.0486145019531,716.608642578125
2384.png,1,0.010144718922674656,640.5780029296875,407.7235870361328,665.6231689453125,419.7974395751953
2384.png,1,0.010109237395226955,8.545059204101562,309.8975830078125,22.783737182617188,338.09130859375
2384.png,1,0.009955082088708878,303.6366271972656,740.5064086914062,318.2209167480469,771.5011596679688
2384.png,0,0.009913112968206406,148.4449462890625,420.7318572998047,156.94195556640625,430.7830047607422
2384.png,0,0.009903683327138424,1094.435302734375,744.191650390625,1104.2763671875,759.3125
2384.png,0,0.009866668842732906,65.89445495605469,474.16192626953125,92.11399841308594,486.73455810546875
2384.png,0,0.009816201403737068,107.62225341796875,582.8662719726562,119.00924682617188,596.3878784179688
2384.png,0,0.009742442518472672,494.5679626464844,0.0,504.5760803222656,10.775259017944336
2384.png,0,0.009642678312957287,347.9815683364868,844.593017578125,355.84785747528076,861.294189453125
2384.png,0,0.009589790366590023,31.238418579101562,460.3232421875,43.414825439453125,475.8175048828125
2384.png,0,0.009480517357587814,34.181785583496094,310.6201477050781,43.93144226074219,321.1909923553467
2384.png,0,0.009168214164674282,416.74041748046875,794.3552856445312,425.71112060546875,801.2649536132812
2384.png,0,0.00913530495017767,1017.373291015625,554.441162109375,1024.160888671875,567.6671447753906
2384.png,0,0.009113658219575882,385.72161865234375,802.1791381835938,394.03143310546875,810.1224975585938
2384.png,0,0.008954484947025776,181.88279724121094,13.893142700195312,195.0597381591797,31.40478515625
2384.png,1,0.008881423622369766,0.27629852294921875,980.3887329101562,16.55057144165039,992.7914428710938
2384.png,0,0.008757276460528374,1003.745849609375,618.4019165039062,1011.0806884765625,634.9705200195312
2384.png,0,0.008692935109138489,144.4900665283203,420.2893829345703,151.57069396972656,429.8426208496094
2384.png,0,0.008603841997683048,0.5216102600097656,208.8596954345703,11.989163398742676,219.4831085205078
2384.png,0,0.008568569086492062,255.9720458984375,542.8766479492188,267.09417724609375,553.6339721679688
2384.png,1,0.008545348420739174,77.18375396728516,155.1290740966797,120.76432037353516,171.7761688232422
2384.png,0,0.008424644358456135,237.94317626953125,554.9265441894531,250.36956787109375,569.1741638183594
2384.png,0,0.008398978970944881,356.968994140625,601.7931518554688,380.43572998046875,613.6694946289062
2384.png,0,0.008209285326302052,117.4449462890625,529.9957275390625,129.8951416015625,539.184326171875
2384.png,0,0.008190973661839962,239.58294677734375,623.4349975585938,248.57733154296875,638.6315307617188
2384.png,0,0.008179406635463238,453.156982421875,542.6502685546875,460.9486083984375,555.7805786132812
2384.png,0,0.008176482282578945,260.50457763671875,595.4970703125,268.30572509765625,610.4378662109375
2384.png,0,0.008097907528281212,355.9944152832031,485.6071472167969,368.5520324707031,503.0652160644531
2384.png,3,0.008074638433754444,412.43841552734375,797.444580078125,422.89263916015625,812.44580078125
2384.png,1,0.008049462921917439,1.4664878845214844,462.89202880859375,18.269088745117188,473.79400634765625
2384.png,0,0.008045226335525513,497.98565673828125,53.278045654296875,507.17584228515625,67.86153411865234
2384.png,0,0.007998146116733551,1109.7078857421875,777.071533203125,1120.0628662109375,790.907958984375
2384.png,0,0.007942850701510906,1118.260986328125,549.4562377929688,1129.9310302734375,567.4605407714844
2384.png,0,0.00784092117100954,158.30267333984375,679.635986328125,165.8328857421875,692.7431640625
2384.png,1,0.007758311461657286,99.37559509277344,587.7015991210938,117.95674133300781,627.5758666992188
2384.png,1,0.0077393753454089165,644.982666015625,367.75990295410156,668.6959228515625,381.1174774169922
2384.png,0,0.0077347951009869576,354.687255859375,380.84899139404297,362.95867919921875,395.68595123291016
2384.png,0,0.0076636443845927715,211.87554931640625,657.6770629882812,224.9891357421875,665.196044921875
2384.png,0,0.007583572994917631,89.83418273925781,1143.23486328125,102.80180358886719,1161.077880859375
2384.png,1,0.007515822071582079,46.55443572998047,239.43887329101562,69.52838897705078,249.85757446289062
2384.png,0,0.00750152999535203,32.826229095458984,1322.2105712890625,39.974430084228516,1334.0
2384.png,3,0.007496451027691364,302.826904296875,515.4926910400391,316.77691650390625,529.6637420654297
2384.png,1,0.0074667371809482574,639.3034057617188,348.30218505859375,671.4609985351562,365.0599899291992
2384.png,0,0.007464945316314697,113.17866516113281,198.85910034179688,119.50892639160156,210.80191040039062
2384.png,3,0.007292984053492546,108.9285888671875,564.9917602539062,122.63336181640625,578.27685546875
2384.png,0,0.0072475941851735115,12.88451862335205,231.93142700195312,29.315258026123047,243.039306640625
2384.png,0,0.007216921541839838,248.37640380859375,580.3780517578125,258.4019775390625,590.6603393554688
2384.png,0,0.007119254674762487,5.322896957397461,0.0,14.220741271972656,10.397103309631348
2384.png,0,0.007090356200933456,147.5399627685547,728.7418212890625,154.2576141357422,739.7830810546875
2384.png,0,0.007087084464728832,445.0093078613281,542.7288208007812,453.2284851074219,556.5946960449219
2384.png,0,0.007082683499902487,30.95498275756836,533.6096801757812,42.92319107055664,549.1934204101562
2384.png,3,0.006992015987634659,222.05938720703125,569.220947265625,231.2581787109375,578.33642578125
2384.png,0,0.006978441961109638,1227.6177368164062,651.936767578125,1240.7891235351562,666.4520263671875
2384.png,0,0.006922547705471516,87.99200439453125,456.047119140625,100.58975219726562,473.8690185546875
2384.png,0,0.006921724416315556,1013.5490112304688,580.6058959960938,1022.7688598632812,599.6321411132812
2384.png,0,0.006891314405947924,240.18377685546875,548.7534027099609,251.39508056640625,562.4143218994141
2384.png,0,0.0068599143996834755,412.15118408203125,796.0657958984375,423.0472412109375,809.7633056640625
2384.png,0,0.00684622535482049,491.24298095703125,737.268798828125,500.1873779296875,760.51220703125
2384.png,0,0.006834294646978378,1089.6475219726562,804.9466552734375,1098.3214721679688,822.0408935546875
2384.png,1,0.006780770141631365,41.84392547607422,245.37237548828125,70.15677642822266,255.12481689453125
2384.png,0,0.006755494512617588,246.84796142578125,588.0912170410156,257.292724609375,599.8619689941406
2384.png,0,0.006744456011801958,398.59857177734375,827.410400390625,407.95074462890625,840.1544189453125
2384.png,0,0.006734448950737715,1302.8798828125,909.4657592773438,1311.854248046875,924.0729370117188
2384.png,0,0.006696830503642559,998.3760986328125,594.7835693359375,1006.2384033203125,606.005859375
2384.png,0,0.006677673663944006,287.3724365234375,499.0948486328125,300.7607421875,518.6754150390625
2384.png,0,0.006663831882178783,418.85833740234375,802.953125,425.44708251953125,814.76513671875
2384.png,0,0.006605920381844044,947.5867919921875,1323.6077270507812,969.94921875,1333.2807006835938
2384.png,0,0.006500237621366978,24.38611602783203,1322.1287841796875,32.02288818359375,1334.0
2384.png,0,0.006487682461738586,403.89837646484375,816.5119323730469,410.45977783203125,830.761962890625
2384.png,0,0.006480866111814976,115.82655334472656,234.73080444335938,126.04890441894531,242.906982421875
2384.png,1,0.006460780743509531,0.0,214.97117614746094,12.294754028320312,235.64710998535156
2384.png,3,0.006407217588275671,90.41187286376953,1137.84765625,105.34607696533203,1159.494873046875
2384.png,1,0.006390675902366638,20.680465698242188,336.2702941894531,44.67285919189453,349.0366516113281
2384.png,0,0.006372927688062191,946.3629760742188,1312.7734375,962.7197875976562,1327.3260498046875
2384.png,0,0.0063534206710755825,0.23963642120361328,1150.1212158203125,9.213399887084961,1166.2572021484375
2384.png,0,0.006351756397634745,345.765625,514.6239318847656,358.5751953125,531.0470275878906
2384.png,0,0.006328504998236895,390.4380416870117,407.9301452636719,400.5899429321289,419.8803405761719
2384.png,1,0.006324976682662964,629.4682006835938,429.11256408691406,658.8118286132812,447.2411346435547
2384.png,0,0.006281110458076,1217.631103515625,76.06443786621094,1230.17578125,94.47810363769531
2384.png,0,0.006274960935115814,1213.6546630859375,678.9500732421875,1223.78955078125,690.1732177734375
2384.png,0,0.0061912438832223415,367.8331298828125,317.48101806640625,382.5081787109375,326.14697265625
2384.png,0,0.006132114212960005,331.8149719238281,794.2093505859375,338.4565124511719,811.5496826171875
2384.png,0,0.006095383781939745,7.243812561035156,327.3593940734863,19.92605209350586,338.20361709594727
2384.png,3,0.006047969684004784,419.648193359375,801.8017578125,431.080322265625,814.2607421875
2384.png,1,0.006031626835465431,760.9766845703125,81.83714294433594,787.3006591796875,95.78465270996094
2384.png,0,0.0060173808597028255,17.904537200927734,992.1302490234375,38.49785232543945,1002.4744873046875
2384.png,0,0.005971192382276058,454.4595947265625,88.93009948730469,463.0785217285156,107.60237121582031
2384.png,1,0.0059641096740961075,346.43540382385254,737.9376220703125,367.6215419769287,750.5882568359375
2384.png,0,0.005957272369414568,428.80841064453125,795.1663818359375,440.12542724609375,805.2156982421875
2384.png,1,0.0059515065513551235,84.89836120605469,36.033721923828125,118.43443298339844,45.886322021484375
2384.png,0,0.0059364414773881435,1159.933837890625,219.64894104003906,1168.408935546875,232.7873077392578
2384.png,0,0.00590667687356472,102.85520935058594,259.91644287109375,111.47785949707031,272.34674072265625
2384.png,0,0.005841605365276337,322.8255310058594,442.6963806152344,333.0575866699219,452.9861755371094
2384.png,0,0.005775950849056244,100.03958892822266,588.7759094238281,117.1586685180664,603.7113952636719
2384.png,3,0.005754135083407164,815.29150390625,22.60083770751953,826.590576171875,45.483551025390625
2384.png,0,0.005745281465351582,56.585853576660156,964.6160888671875,69.08245849609375,986.51123046875
2384.png,0,0.00570982601493597,336.03680419921875,356.00297927856445,353.56573486328125,366.13051986694336
2384.png,0,0.005702891852706671,401.24005126953125,814.1491088867188,407.63555908203125,825.8092651367188
2384.png,0,0.005647663027048111,248.24380493164062,437.8710479736328,254.37313842773438,448.73094177246094
2384.png,0,0.005625835619866848,253.926513671875,559.515869140625,262.51910400390625,569.3923950195312
2384.png,0,0.005609012208878994,35.536773681640625,1080.6895751953125,47.41831970214844,1103.8780517578125
2384.png,0,0.005587105639278889,375.37384033203125,591.8229370117188,386.59149169921875,601.2302856445312
2384.png,0,0.005582460667937994,166.6137237548828,697.228515625,172.8539276123047,705.44921875
2384.png,0,0.005580385681241751,493.78887939453125,57.019447326660156,503.33367919921875,70.6375961303711
2384.png,0,0.005564515944570303,1213.2764892578125,636.4915466308594,1223.5115966796875,644.8439636230469
2384.png,3,0.005545405205339193,16.916263580322266,216.93698120117188,35.09995651245117,228.33218383789062
2384.png,3,0.005545108579099178,27.19440460205078,217.22320556640625,41.98152160644531,228.41754150390625
2384.png,0,0.00553620420396328,48.20942687988281,128.52430725097656,55.67012023925781,145.5519561767578
2384.png,0,0.005528734996914864,507.3728790283203,49.61430740356445,516.4906768798828,61.871150970458984
2384.png,0,0.005517896730452776,63.010135650634766,493.9633483886719,81.48117065429688,507.7978210449219
2384.png,0,0.005503315478563309,998.8809204101562,611.9568786621094,1006.2800903320312,628.8389587402344
2384.png,0,0.005496427416801453,785.796630859375,120.51868438720703,794.107666015625,136.456298828125
2384.png,0,0.0054695880971848965,846.9873046875,1320.577880859375,857.99169921875,1333.7138671875
2384.png,0,0.005466416943818331,316.84033203125,504.8213806152344,328.0574951171875,529.4366455078125
2384.png,3,0.005459509789943695,117.25567626953125,530.109130859375,130.41323852539062,538.8299560546875
2384.png,0,0.005446249153465033,1220.5451049804688,652.9524536132812,1233.5679321289062,667.6588745117188
2384.png,3,0.0054127369076013565,32.59661102294922,311.01300048828125,40.709739685058594,322.574462890625
2384.png,0,0.0054107471369206905,1093.6517333984375,478.8896179199219,1103.3900146484375,489.4332580566406
2384.png,0,0.005405830685049295,19.02408218383789,337.1739501953125,45.69723129272461,348.46533203125
2384.png,0,0.005365720484405756,221.9886016845703,570.5027465820312,230.94520568847656,579.0606079101562
2384.png,0,0.005321331322193146,817.214599609375,20.26363754272461,826.952392578125,36.43843078613281
2384.png,0,0.00532003166154027,225.3037567138672,566.1474304199219,233.89344787597656,576.7459411621094
2384.png,3,0.00530955521389842,114.52899169921875,534.0564880371094,129.0568389892578,547.7358093261719
2384.png,0,0.005304490681737661,69.61077880859375,491.618896484375,94.02169799804688,505.86767578125
2384.png,0,0.005294285248965025,227.43771362304688,614.5555419921875,235.86672973632812,627.2935791015625
2384.png,1,0.005283734295517206,72.24603271484375,251.61863708496094,87.91864013671875,272.74853515625
2384.png,1,0.005278937052935362,752.874267578125,122.13542938232422,781.120849609375,136.07318115234375
2384.png,0,0.0052757253870368,422.80169677734375,801.5584716796875,432.803466796875,814.9956665039062
2384.png,0,0.0052413963712751865,757.6781005859375,167.7564239501953,765.262939453125,178.56736755371094
2384.png,0,0.005214255303144455,287.00445556640625,838.65869140625,293.01898193359375,852.11572265625
2384.png,0,0.00519239716231823,399.8130187988281,762.6419372558594,407.7333068847656,771.0885925292969
2384.png,0,0.005180324427783489,501.95257568359375,30.52318572998047,514.4390869140625,43.12547302246094
2384.png,0,0.005163175985217094,303.96673583984375,422.3050994873047,313.21832275390625,432.2574768066406
2384.png,0,0.005118996370583773,410.3934020996094,807.8412475585938,419.8326110839844,817.8976440429688
2384.png,0,0.005117354448884726,175.0174560546875,640.5926513671875,189.72457885742188,657.7506103515625
2384.png,0,0.005094568710774183,114.69788360595703,539.0686645507812,127.4489517211914,548.5459594726562
2384.png,0,0.0050729806534945965,449.8260192871094,386.1116409301758,462.9043884277344,397.0453109741211
2384.png,0,0.0050540887750685215,46.34027099609375,534.8668823242188,57.1680908203125,551.8385620117188
2384.png,0,0.005053283181041479,1115.4279174804688,752.1722412109375,1125.7258911132812,765.5382080078125
2384.png,0,0.005022977478802204,399.3642578125,846.646728515625,406.76751708984375,856.910888671875
2384.png,0,0.004978557582944632,1002.8294677734375,782.576416015625,1020.6395263671875,797.278076171875
2384.png,0,0.004973809700459242,330.33172607421875,793.713134765625,333.32318115234375,807.09912109375
2384.png,0,0.004969754721969366,407.58245849609375,811.17529296875,414.84881591796875,822.81591796875
2384.png,0,0.0049692075699567795,283.72845458984375,0.6380205154418945,291.86248779296875,11.561595916748047
2384.png,0,0.004943876527249813,1100.1455078125,481.7956237792969,1111.6175537109375,493.3808898925781
2384.png,0,0.004930703900754452,253.37567138671875,548.8505859375,265.02606201171875,558.473388671875
2384.png,0,0.004899327177554369,345.124267578125,800.1810607910156,351.0416259765625,814.2282409667969
2384.png,0,0.004895553458482027,275.51312255859375,781.379150390625,300.27032470703125,791.012939453125
2384.png,0,0.004891158081591129,1094.9020385742188,802.9078369140625,1108.8009643554688,823.9417724609375
2384.png,0,0.004871100187301636,366.5972900390625,9.059467315673828,374.7523193359375,20.60506248474121
2384.png,1,0.004860463086515665,18.114295959472656,958.35986328125,37.5194206237793,990.51953125
2384.png,0,0.004853968042880297,52.7298583984375,534.34228515625,69.952392578125,552.7880859375
2384.png,0,0.00484863668680191,415.8309326171875,808.8861694335938,423.32513427734375,819.0850830078125
2384.png,0,0.0048354915343225,970.78662109375,1278.8042602539062,986.621826171875,1290.7792358398438
2384.png,0,0.004832690581679344,425.04345703125,73.865234375,435.0341796875,89.43266296386719
2384.png,1,0.004819780588150024,299.9046325683594,698.5900268554688,310.5629577636719,723.9850463867188
2384.png,0,0.004807872232049704,763.88427734375,153.35302734375,772.65380859375,164.43438720703125
2384.png,0,0.004799531307071447,120.99431610107422,198.864501953125,126.14444732666016,212.414794921875
2384.png,0,0.004759561736136675,410.642333984375,599.14208984375,418.70751953125,608.381591796875
2384.png,0,0.0047349147498607635,172.096435546875,635.4335327148438,184.10943603515625,647.2770385742188
2384.png,0,0.004721513949334621,18.27432632446289,323.0096740722656,30.501781463623047,336.8823547363281
2384.png,0,0.004719576332718134,414.78167724609375,598.3465576171875,422.68536376953125,608.2821044921875
2384.png,0,0.00465339794754982,163.3154296875,651.608154296875,178.31884765625,662.822509765625
2384.png,0,0.004645786713808775,1109.6221313476562,912.0504760742188,1118.9749145507812,926.1311645507812
2384.png,0,0.0046273693442344666,482.9322967529297,0.0,493.62440490722656,13.451580047607422
2384.png,0,0.004619090352207422,375.26361083984375,407.2765655517578,386.44366455078125,417.98472595214844
2384.png,0,0.0045786104165017605,6.014955520629883,1319.9595947265625,12.842489242553711,1333.794921875
2384.png,0,0.004563686903566122,335.784423828125,441.39988708496094,357.665283203125,449.50559997558594
2384.png,0,0.004529186524450779,339.91607666015625,816.17724609375,349.033203125,829.075927734375
2384.png,0,0.004524639341980219,387.1929931640625,811.3970336914062,393.20550537109375,825.2815551757812
2384.png,0,0.004505754914134741,239.93698120117188,615.2471008300781,252.19338989257812,627.9866027832031
2384.png,3,0.004502588417381048,415.49932861328125,806.7091064453125,427.45330810546875,817.729736328125
2384.png,1,0.004478838760405779,491.17510986328125,736.7744140625,501.10723876953125,760.7100830078125
2384.png,0,0.0044721276499331,137.2255096435547,726.223876953125,148.50205993652344,734.7764892578125
2384.png,0,0.004464843310415745,15.301058769226074,1319.886962890625,24.092105865478516,1334.0
2384.png,0,0.004416951909661293,466.22247314453125,408.06690979003906,477.17926025390625,419.2986755371094
2384.png,0,0.0043692030012607574,81.36210632324219,547.744873046875,88.52287292480469,562.72119140625
2384.png,0,0.004349696449935436,1138.7964477539062,738.3004150390625,1148.4741821289062,751.8463745117188
2384.png,1,0.004349683877080679,0.8737783432006836,330.5881042480469,14.6941499710083,340.4211120605469
2384.png,0,0.004321153741329908,1017.9678955078125,623.6981201171875,1026.7874755859375,635.4468994140625
2384.png,0,0.004307914525270462,391.44293212890625,813.6375122070312,397.18572998046875,826.6773071289062
2384.png,0,0.00430341949686408,808.4830322265625,33.065956115722656,816.376220703125,46.95911407470703
2384.png,0,0.0042828526347875595,401.7369689941406,405.86090087890625,413.9791564941406,421.49395751953125
2384.png,0,0.004277504049241543,818.5296020507812,27.176280975341797,826.6951293945312,45.277156829833984
2384.png,0,0.004271587822586298,27.1951904296875,285.9096374511719,36.387725830078125,300.6914978027344
2384.png,0,0.004255269654095173,345.0,479.9730529785156,354.67700386047363,493.3910217285156
2384.png,1,0.004253589082509279,0.7349357604980469,188.22926330566406,17.342510223388672,215.41810607910156
2384.png,0,0.004223154857754707,452.5865478515625,369.4432067871094,464.56549072265625,384.41900634765625
2384.png,1,0.004212358500808477,18.25271987915039,990.0186157226562,41.78927993774414,1005.0209350585938
2384.png,0,0.004206889774650335,432.46600341796875,388.1451873779297,443.20904541015625,394.7528533935547
2384.png,1,0.004195295739918947,42.1910400390625,939.4801025390625,62.22119140625,958.1331787109375
2384.png,3,0.00419409666210413,316.71112060546875,520.7731628417969,325.244140625,532.0005798339844
2384.png,0,0.004192744847387075,496.29779052734375,7.951101303100586,507.4539794921875,25.261438369750977
2384.png,0,0.004135000519454479,442.25396728515625,546.2521667480469,450.42144775390625,557.6879577636719
2384.png,0,0.0041102259419858456,431.09779357910156,400.040283203125,435.1732635498047,411.06982421875
2384.png,0,0.004103749059140682,927.093505859375,1098.0325927734375,940.245849609375,1116.7755126953125
2384.png,0,0.0040979087352752686,279.1835021972656,400.06048583984375,294.6012878417969,413.51336669921875
2391.png,1,0.27231624722480774,5716.453369140625,1459.3236083984375,5794.543212890625,1500.5159912109375
2391.png,1,0.24325723946094513,3698.5499267578125,5776.8577880859375,3744.6141357421875,5818.4007568359375
2391.png,1,0.2029932141304016,5040.965393066406,5243.057037353516,5068.238464355469,5302.191741943359
2391.png,3,0.1861979365348816,3377.9911499023438,3038.8802490234375,3399.9793090820312,3101.1488037109375
2391.png,3,0.16824844479560852,3760.6555786132812,3155.1512451171875,3779.6907348632812,3191.0487060546875
2391.png,3,0.16656258702278137,1670.6182098388672,2931.97412109375,1698.6383514404297,2968.259765625
2391.png,3,0.16313467919826508,3361.0872802734375,3067.6691284179688,3380.301025390625,3102.6375122070312
2391.png,1,0.15967920422554016,1774.1055908203125,3061.6087646484375,1862.2028198242188,3086.2989501953125
2391.png,0,0.13825497031211853,2616.1067504882812,3598.3087158203125,2636.1736450195312,3637.0487060546875
2391.png,3,0.13207091391086578,4222.9996337890625,2707.6131896972656,4305.3104248046875,2728.7618103027344
2391.png,3,0.12924347817897797,4917.494140625,5635.5272216796875,4939.676696777344,5669.618896484375
2391.png,3,0.12875699996948242,3846.287109375,2441.635986328125,3865.575439453125,2497.054931640625
2391.png,3,0.11762665212154388,3859.380859375,2442.12060546875,3883.73193359375,2498.9453125
2391.png,3,0.11643870919942856,4702.755676269531,4990.250732421875,4741.169860839844,5014.7890625
2391.png,3,0.11137407273054123,1610.7262878417969,2941.1142578125,1634.1150665283203,2974.2734375
2391.png,3,0.11107310652732849,2760.8972778320312,768.9346790313721,2841.7505493164062,788.7663955688477
2391.png,3,0.10320937633514404,2805.1992797851562,2311.093288421631,2824.2577514648438,2342.9367065429688
2391.png,3,0.10156168788671494,4221.1273193359375,2693.8426513671875,4298.4063720703125,2710.654052734375
2391.png,3,0.10139016807079315,3775.1689453125,3157.1494140625,3796.321533203125,3190.7060546875
2391.png,3,0.10023344308137894,4759.189392089844,4708.715881347656,4778.429260253906,4745.165954589844
2391.png,0,0.10000007599592209,754.5545654296875,4974.292510986328,779.7957763671875,5016.840789794922
2391.png,0,0.0980314165353775,5120.178283691406,157.83877563476562,5142.290100097656,196.51290893554688
2391.png,3,0.09756918996572495,3705.2139282226562,2771.0986938476562,3724.3313598632812,2824.1798706054688
2391.png,1,0.09387056529521942,5322.3226318359375,5233.191833496094,5350.6932373046875,5283.855651855469
2391.png,3,0.09326983243227005,3476.6446838378906,4908.7773513793945,3518.987030029297,4929.753658294678
2391.png,0,0.09302525222301483,2237.13232421875,944.7886047363281,2268.537109375,993.2944030761719
2391.png,3,0.09279754757881165,2759.5557250976562,2795.5798950195312,2779.8533325195312,2832.4850463867188
2391.png,3,0.09137564897537231,3388.5576171875,4083.871368408203,3461.998779296875,4104.210052490234
2391.png,1,0.09102016687393188,896.2935791015625,3360.7601623535156,928.4454345703125,3442.678680419922
2391.png,0,0.0882699117064476,3865.5756225585938,5680.015380859375,3907.0923461914062,5696.779296875
2391.png,0,0.08696947991847992,4932.667541503906,1763.6815185546875,4973.151672363281,1781.8875732421875
2391.png,3,0.086442731320858,1590.0881805419922,2941.5128784179688,1613.7352447509766,2975.5746459960938
2391.png,3,0.08560425788164139,3333.4817504882812,4908.0,3380.8735961914062,4921.752053260803
2391.png,3,0.08454647660255432,3366.1219482421875,3818.2525024414062,3446.0078125,3843.9970092773438
2391.png,3,0.08401059359312057,2993.2799072265625,2304.1668090820312,3013.0469970703125,2326.008903503418
2391.png,0,0.08397376537322998,5120.0858154296875,403.1866455078125,5140.6424560546875,441.7510986328125
2391.png,0,0.08295659720897675,2566.3540649414062,2350.5408821105957,2587.4492797851562,2388.7449493408203
2391.png,3,0.08284185826778412,3380.9957885742188,3848.5625,3448.4474487304688,3868.897705078125
2391.png,0,0.08238691091537476,5021.133728027344,4896.137939453125,5044.195861816406,4936.84326171875
2391.png,3,0.0793895497918129,3397.4853515625,4098.578521728516,3467.1112060546875,4118.926239013672
2391.png,0,0.07848169654607773,2858.2183837890625,2304.193935394287,2876.0897216796875,2335.9167289733887
2391.png,0,0.07788445055484772,5582.966003417969,2733.3680725097656,5607.353454589844,2777.084014892578
2391.png,0,0.07757184654474258,5229.1317138671875,5259.686584472656,5250.484130859375,5296.394775390625
2391.png,3,0.07617709785699844,3377.3209838867188,3906.5816650390625,3447.5636596679688,3926.2562255859375
2391.png,3,0.07554158568382263,2591.8032836914062,4232.926086425781,2619.1327514648438,4287.2808837890625
2391.png,1,0.07394459843635559,1773.5493774414062,3125.7705078125,1864.19287109375,3157.7655029296875
2391.png,3,0.07360800355672836,3358.9700317382812,3750.4066162109375,3433.8308715820312,3778.5447998046875
2391.png,0,0.07335679978132248,749.4005737304688,4807.943130493164,768.9271850585938,4854.637954711914
2391.png,0,0.07318616658449173,2601.82421875,4378.210510253906,2625.8949584960938,4430.782165527344
2391.png,0,0.07316917926073074,4543.166687011719,1149.1962890625,4590.293029785156,1167.0679931640625
2391.png,1,0.07294679433107376,768.0,4973.155609130859,779.4827556610107,5013.029144287109
2391.png,3,0.07183428853750229,1628.317611694336,2925.671630859375,1652.4985961914062,2969.2177734375
2391.png,3,0.07113797962665558,2926.7301635742188,2304.0856323242188,2946.2538452148438,2332.811513900757
2391.png,0,0.07109992951154709,5931.1094970703125,5109.813293457031,5966.7569580078125,5126.911315917969
2391.png,1,0.06995905935764313,1788.134292602539,3350.1994018554688,1875.9573974609375,3372.3226928710938
2391.png,3,0.06993045657873154,4224.234313964844,2749.24169921875,4282.674865722656,2770.668701171875
2391.png,0,0.06961113959550858,4730.079788208008,444.598876953125,4763.666305541992,474.8045654296875
2391.png,1,0.06868698447942734,1793.1132202148438,3317.357666015625,1875.6332397460938,3341.532958984375
2391.png,0,0.06850802898406982,1493.445068359375,2923.8389892578125,1525.632080078125,2965.1839599609375
2391.png,0,0.06850288808345795,4736.3489990234375,5099.526519775391,4776.096435546875,5128.0555419921875
2391.png,0,0.06814408302307129,4882.969665527344,1733.6996154785156,4903.425964355469,1773.8670349121094
2391.png,1,0.06766346096992493,1779.4363250732422,3172.8644409179688,1866.4435424804688,3195.0730590820312
2391.png,0,0.06706234067678452,4784.4874267578125,1480.966552734375,4823.6522216796875,1499.3900146484375
2391.png,1,0.06658685207366943,2618.345489501953,2274.0679931640625,2639.1370544433594,2336.1580810546875
2391.png,0,0.06636568903923035,4470.8292236328125,1588.6515579223633,4491.6226806640625,1623.1016006469727
2391.png,0,0.06623680889606476,5257.23583984375,5260.0362548828125,5277.614990234375,5291.0433349609375
2391.png,0,0.0656668022274971,2632.7706909179688,2584.38818359375,2651.3655395507812,2620.04931640625
2391.png,0,0.06520575284957886,4786.095642089844,1497.7335815429688,4824.431213378906,1515.8251342773438
2391.png,0,0.06467774510383606,4503.7518310546875,3776.9105224609375,4523.9957275390625,3813.037353515625
2391.png,3,0.0646616742014885,3375.4644775390625,3893.6937866210938,3445.1474609375,3915.2391967773438
2391.png,0,0.06435513496398926,5125.2705078125,4480.85888671875,5169.0869140625,4495.92431640625
2391.png,3,0.06434574723243713,3689.1827392578125,2789.8143920898438,3706.2095947265625,2822.1773071289062
2391.png,3,0.06426718086004257,2184.8870849609375,1223.7261962890625,2203.0211181640625,1252.827880859375
2391.png,0,0.06382177770137787,3853.6976318359375,2261.9849853515625,3872.2825927734375,2301.1844482421875
2391.png,3,0.06363019347190857,7029.0306396484375,2012.1685791015625,7053.8934326171875,2053.867431640625
2391.png,0,0.06357847154140472,4444.274658203125,1300.816162109375,4461.076904296875,1338.715576171875
2391.png,0,0.06292878091335297,4055.95703125,3509.0741577148438,4076.1171875,3547.4456176757812
2391.png,0,0.06285577267408371,2937.8345947265625,648.359130859375,2978.4510498046875,664.13427734375
2391.png,3,0.06285493075847626,2972.5748291015625,4467.8011474609375,3030.7725830078125,4489.8663330078125
2391.png,3,0.06281940639019012,3735.33349609375,2362.1512451171875,3755.26611328125,2405.8680419921875
2391.png,0,0.062684565782547,3096.3960285186768,3606.052734375,3137.338363647461,3622.440673828125
2391.png,0,0.06220785528421402,2871.0460815429688,2963.6572265625,2908.9349975585938,2983.946044921875
2391.png,0,0.062006592750549316,4882.525054931641,1129.82177734375,4909.830413818359,1164.065185546875
2391.png,3,0.06172166392207146,3310.9212646484375,2981.600830078125,3330.5845336914062,3014.9700927734375
2391.png,3,0.061529822647571564,2062.94970703125,1180.4952697753906,2080.10400390625,1207.6295471191406
2391.png,0,0.06097244843840599,5112.654296875,454.74774169921875,5132.150634765625,488.04595947265625
2391.png,3,0.060680974274873734,4776.607177734375,4711.6295166015625,4795.0419921875,4743.6104736328125
2391.png,3,0.060043685138225555,3275.64599609375,2985.6605224609375,3294.971923828125,3016.3431396484375
2391.png,0,0.05982261151075363,2620.0882568359375,2862.5609130859375,2637.074951171875,2897.3338623046875
2391.png,1,0.05966976284980774,1780.4638366699219,3146.91455078125,1865.2131042480469,3170.219482421875
2391.png,0,0.05957214906811714,2926.7725830078125,2304.0,2946.6912841796875,2332.6912269592285
2391.png,1,0.059289831668138504,2425.243621826172,572.8028564453125,2452.1641540527344,631.5313720703125
2391.png,0,0.059256941080093384,5152.097900390625,4721.54150390625,5189.9287109375,4734.983154296875
2391.png,0,0.059063032269477844,2427.26123046875,571.604736328125,2453.67626953125,632.0316162109375
2391.png,1,0.058399200439453125,5582.3212890625,2731.6948852539062,5603.2734375,2776.3560791015625
2391.png,0,0.057975150644779205,1453.463134765625,2927.1363525390625,1479.13671875,2963.0030517578125
2391.png,0,0.05794890224933624,4544.2113037109375,1168.2570190429688,4584.7825927734375,1186.6489868164062
2391.png,3,0.05776124447584152,4796.932373046875,4713.498107910156,4812.2412109375,4744.917541503906
2391.png,3,0.05740775913000107,3102.8914794921875,4690.046775817871,3149.1861572265625,4711.109016418457
2391.png,0,0.05728006735444069,2664.8948974609375,2647.1171264648438,2683.9292602539062,2685.7625122070312
2391.png,0,0.05704554170370102,2260.303955078125,419.95477294921875,2289.43017578125,473.234619140625
2391.png,3,0.05692801997065544,4726.774612426758,4813.864013671875,4751.506301879883,4848.014892578125
2391.png,3,0.05665135383605957,1652.0451202392578,2935.805908203125,1674.9542999267578,2966.041748046875
2391.png,0,0.05654894933104515,2874.6082763671875,2304.0,2895.3173828125,2333.6967277526855
2391.png,0,0.05519158020615578,5720.0968017578125,1461.5146484375,5782.56787109375,1496.111083984375
2391.png,0,0.054848432540893555,4903.243835449219,1093.8302001953125,4925.647644042969,1123.345458984375
2391.png,3,0.05464731529355049,3267.369415283203,3779.81787109375,3334.5629272460938,3799.34619140625
2391.png,3,0.054433178156614304,2778.1011657714844,2795.1653442382812,2796.2052307128906,2831.4959106445312
2391.png,0,0.05400310456752777,4535.867736816406,993.0150451660156,4575.486389160156,1010.4582824707031
2391.png,3,0.05366803705692291,4196.903594970703,3512.2628173828125,4215.540008544922,3543.93408203125
2391.png,3,0.053587790578603745,4225.053894042969,2720.9365844726562,4303.757507324219,2748.1473999023438
2391.png,0,0.053247757256031036,4634.991455078125,928.593505859375,4655.137451171875,965.0847778320312
2391.png,0,0.05301946774125099,5854.910308837891,4523.6697998046875,5877.607757568359,4575.673583984375
2391.png,3,0.05286883935332298,5303.8465576171875,5243.3194580078125,5323.49560546875,5275.9561767578125
2391.png,0,0.05236232653260231,3904.9069061279297,3572.5557250976562,3968.1438598632812,3590.1642456054688
2391.png,3,0.05230481177568436,1570.8449897766113,2939.9203491210938,1592.1867713928223,2974.0507202148438
2391.png,0,0.052095748484134674,1511.9802856445312,2915.36376953125,1542.0045776367188,2962.1771240234375
2391.png,0,0.05191998556256294,4445.2666015625,3705.64599609375,4470.5736083984375,3736.194580078125
2391.png,0,0.05169062688946724,7050.2415771484375,1488.6044311523438,7072.0,1531.6707153320312
2391.png,3,0.05166858807206154,3743.5208740234375,3155.39111328125,3763.7579345703125,3193.0458984375
2391.png,3,0.05165237560868263,4001.2539672851562,612.13427734375,4039.8294067382812,628.6483154296875
2391.png,3,0.05151413381099701,3673.1367797851562,2757.1748046875,3691.3359985351562,2823.4056396484375
2391.png,0,0.05130355432629585,4118.947998046875,4674.82177734375,4162.059631347656,4696.3028564453125
2391.png,3,0.0511847659945488,2079.9959716796875,1179.8755493164062,2096.581787109375,1208.6915893554688
2391.png,0,0.051015473902225494,2414.115493774414,372.7703857421875,2433.733367919922,410.29443359375
2391.png,3,0.05088692530989647,3369.6115112304688,3880.8377685546875,3446.3226928710938,3899.8690185546875
2391.png,3,0.05060829222202301,3083.2909545898438,4485.178527832031,3137.5508422851562,4501.632995605469
2391.png,1,0.049672286957502365,1520.0538330078125,968.1324462890625,1569.3790283203125,1024.0
2391.png,3,0.04960237070918083,3842.37939453125,914.2645263671875,3881.1708068847656,931.0732727050781
2391.png,3,0.04913671314716339,3410.1786193847656,3864.4779052734375,3448.391815185547,3881.1502685546875
2391.png,3,0.048667408525943756,3553.5089111328125,2584.2109375,3572.2781982421875,2614.9793701171875
2391.png,0,0.04865994676947594,5151.53369140625,4591.688720703125,5190.406005859375,4608.4508056640625
2391.png,3,0.04863761365413666,1697.1333770751953,2938.8359375,1717.5358428955078,2967.990966796875
2391.png,0,0.04855507239699364,4226.865234375,592.7470703125,4258.53857421875,619.823974609375
2391.png,0,0.04853593185544014,357.06292724609375,4206.1002197265625,382.96441650390625,4251.548583984375
2391.png,3,0.0485098659992218,3149.6708984375,3843.7910766601562,3231.354248046875,3872.7317504882812
2391.png,0,0.048098377883434296,4530.905029296875,225.063232421875,4548.87109375,255.705078125
2391.png,3,0.04808501526713371,3840.9734382629395,928.6526489257812,3884.181381225586,947.2764282226562
2391.png,0,0.04748544469475746,1427.1058959960938,4273.455841064453,1493.5476684570312,4293.998382568359
2391.png,0,0.047058477997779846,1013.7674560546875,4318.86474609375,1032.849609375,4361.0076904296875
2391.png,1,0.04703431949019432,3865.71240234375,5679.61279296875,3906.7021484375,5698.7108154296875
2391.png,0,0.04684942588210106,2726.8270568847656,2883.0986328125,2758.749053955078,2906.817626953125
2391.png,3,0.04674864187836647,2746.6376342773438,4422.6826171875,2785.099365234375,4441.61474609375
2391.png,0,0.04674140363931656,4766.462966918945,4956.983459472656,4797.748458862305,4979.169128417969
2391.png,0,0.046634476631879807,1537.9386749267578,436.101318359375,1575.3586654663086,453.6595458984375
2391.png,0,0.04657110944390297,1806.2685546875,3350.905303955078,1871.179443359375,3371.2987365722656
2391.png,3,0.046555254608392715,2894.8963623046875,3082.2471313476562,2913.2830810546875,3112.8809204101562
2391.png,3,0.04649581387639046,3340.5476989746094,4925.156902313232,3378.6200256347656,4942.571605682373
2391.png,0,0.04625377058982849,3333.3795776367188,4908.337439537048,3379.8632202148438,4921.668255805969
2391.png,0,0.04599593207240105,4784.123748779297,1516.907470703125,4820.479644775391,1532.899169921875
2391.png,0,0.04589896649122238,728.0982666015625,342.0433349609375,747.4674072265625,373.199951171875
2391.png,3,0.04587589204311371,3413.7484741210938,4908.441314697266,3449.4852905273438,4925.898979187012
2391.png,3,0.045781124383211136,3436.00634765625,3375.7152709960938,3456.6341552734375,3407.2510375976562
2391.png,3,0.045588452368974686,3700.5819091796875,2360.4118041992188,3720.9669189453125,2401.7105102539062
2391.png,0,0.045569561421871185,3158.0075073242188,3841.7580709457397,3194.3798217773438,3855.8129377365112
2391.png,0,0.045411575585603714,5007.101806640625,5045.943359375,5022.9754638671875,5075.550750732422
2391.png,0,0.04538542032241821,1682.5449829101562,2906.7838745117188,1703.2106323242188,2935.5817260742188
2391.png,3,0.04537954926490784,3092.1725463867188,4674.572280883789,3148.5073852539062,4695.061386108398
2391.png,0,0.04534449055790901,3333.6651000976562,4889.891510009766,3376.6727294921875,4907.363494873047
2391.png,3,0.04502621293067932,2979.459716796875,2305.190382003784,2996.328369140625,2328.054328918457
2391.png,3,0.04486367106437683,4233.167785644531,2546.920379638672,4287.115661621094,2564.643280029297
2391.png,0,0.04483352601528168,4901.792785644531,5027.505615234375,4927.576599121094,5052.9058837890625
2391.png,3,0.04479344189167023,3338.6024169921875,4957.487869262695,3379.07763671875,4975.261329650879
2391.png,3,0.044651105999946594,3072.3587646484375,4500.0726318359375,3138.2833251953125,4517.8577880859375
2391.png,0,0.04455854371190071,1610.4617385864258,2941.5178833007812,1634.712501525879,2971.7205200195312
2391.png,3,0.044546015560626984,3084.5257568359375,4455.9791259765625,3140.195068359375,4472.8839111328125
2391.png,0,0.0444711297750473,5927.1103515625,5132.38818359375,5963.90234375,5149.931396484375
2391.png,3,0.0443936288356781,3995.2651977539062,626.133056640625,4038.4232788085938,642.3486328125
2391.png,0,0.044344596564769745,812.0946273803711,5108.9429931640625,862.2724533081055,5144.5819091796875
2391.png,3,0.04425468295812607,2911.900634765625,3081.721435546875,2931.7957763671875,3111.413330078125
2391.png,3,0.04413373023271561,3713.0670166015625,2257.8665771484375,3732.0230712890625,2302.2928466796875
2391.png,0,0.043984971940517426,2134.5440063476562,975.9623413085938,2174.7998657226562,994.0699768066406
2391.png,0,0.043954044580459595,2618.6234130859375,2304.1471557617188,2637.650634765625,2343.009292602539
2391.png,3,0.043784912675619125,3417.1253967285156,3350.9843139648438,3438.753875732422,3407.4868774414062
2391.png,0,0.043737445026636124,1500.1778564453125,139.26055908203125,1554.2442626953125,157.61407470703125
2391.png,0,0.0436411015689373,3889.486083984375,2321.4644775390625,3918.9688720703125,2332.28125
2391.png,0,0.04361801967024803,4866.9306640625,1171.5206298828125,4889.1781005859375,1202.1017456054688
2391.png,0,0.04293891042470932,4526.3482666015625,1454.0142822265625,4546.6519775390625,1487.4810791015625
2391.png,0,0.042927373200654984,5321.207275390625,5233.899658203125,5349.892822265625,5283.218505859375
2391.png,1,0.042873039841651917,1774.9873657226562,3043.3206787109375,1860.310302734375,3075.9207763671875
2391.png,3,0.04284592717885971,3148.9983520507812,3861.895751953125,3233.2782592773438,3887.70263671875
2391.png,0,0.04276758059859276,1951.7528381347656,1037.8002624511719,1973.4793395996094,1087.8829040527344
2391.png,3,0.04261370748281479,3292.557891845703,3746.820556640625,3330.023193359375,3764.8994140625
2391.png,0,0.04261332005262375,5155.5108642578125,1691.4618530273438,5173.9752197265625,1727.1964721679688
2391.png,3,0.042357187718153,3390.3890991210938,3164.9987182617188,3411.3728637695312,3202.4435424804688
2391.png,0,0.04232936352491379,3608.652099609375,5830.1689453125,3626.602783203125,5859.9912109375
2391.png,1,0.042277589440345764,1777.5150299072266,3080.3896484375,1862.2060546875,3102.72119140625
2391.png,3,0.04224022850394249,2910.4187622070312,2304.7816829681396,2927.8554077148438,2333.541177749634
2391.png,3,0.04217241704463959,3719.0642700195312,903.56396484375,3778.5183715820312,925.38525390625
2391.png,0,0.04215279221534729,5102.896545410156,1384.8896484375,5123.315612792969,1414.43798828125
2391.png,0,0.04204852879047394,2619.904022216797,401.71142578125,2638.374053955078,430.9454345703125
2391.png,0,0.04200068861246109,5497.3486328125,3312.7216796875,5516.61279296875,3341.1983337402344
2391.png,3,0.04184466972947121,3070.57958984375,4529.0972900390625,3139.70458984375,4549.0484619140625
2391.png,0,0.041840698570013046,1055.2389526367188,2931.8736572265625,1080.6305541992188,2970.9263916015625
2391.png,0,0.04179220646619797,3728.48095703125,1619.3258666992188,3767.76123046875,1628.7304992675781
2391.png,0,0.0417674258351326,4874.341827392578,3094.8671875,4908.918182373047,3115.80908203125
2391.png,0,0.04151111841201782,3280.28564453125,4424.447998046875,3318.078369140625,4437.030029296875
2391.png,0,0.04140029102563858,5039.961181640625,5240.8416748046875,5068.0087890625,5304.739501953125
2391.png,0,0.04124473035335541,3222.639862060547,4704.73567199707,3263.1224365234375,4722.476272583008
2391.png,0,0.04122026264667511,5109.481140136719,4064.8529052734375,5159.340148925781,4084.0859375
2391.png,3,0.0411861278116703,3412.7225952148438,4960.901649475098,3450.8148803710938,4978.006614685059
2391.png,0,0.04111095145344734,4433.3966064453125,1117.122802734375,4452.0816650390625,1153.054931640625
2391.png,3,0.04105604067444801,2182.6218872070312,1100.2299194335938,2200.1343383789062,1127.3657836914062
2391.png,0,0.04091176763176918,965.9405517578125,3446.6288452148438,983.8953857421875,3488.6088256835938
2391.png,0,0.040507737547159195,5024.019836425781,4945.104270935059,5046.130798339844,4980.773979187012
2391.png,3,0.04044017940759659,2135.345458984375,992.5299072265625,2175.707763671875,1007.3833618164062
2391.png,3,0.040319085121154785,3400.863311767578,4111.722442626953,3461.818328857422,4133.131256103516
2391.png,3,0.04028172045946121,3328.428466796875,2982.1895751953125,3344.608154296875,3006.9332275390625
2391.png,3,0.040261223912239075,2758.2017211914062,624.0716552734375,2839.5938110351562,642.5386962890625
2391.png,0,0.04016493633389473,4546.27294921875,1092.869384765625,4584.947021484375,1110.261474609375
2391.png,3,0.0400497242808342,2538.2340087890625,395.6956481933594,2556.6737060546875,431.4357604980469
2391.png,0,0.03998275473713875,3385.055419921875,4843.6573486328125,3444.640625,4862.8424072265625
2391.png,0,0.0398411862552166,421.952880859375,3742.3124389648438,446.9971923828125,3768.1803588867188
2391.png,0,0.03974243625998497,1414.0999145507812,1017.5014343261719,1440.3324584960938,1046.4513244628906
2391.png,0,0.03952029347419739,5134.2896728515625,4551.2406005859375,5175.9027099609375,4568.2877197265625
2391.png,0,0.039490457624197006,5280.093017578125,5248.0396728515625,5298.550537109375,5287.7928466796875
2391.png,3,0.0392780564725399,3362.57958984375,3730.6251220703125,3432.0565185546875,3750.1737060546875
2391.png,3,0.03923109918832779,3224.3468322753906,4760.512298583984,3261.7648010253906,4774.899871826172
2391.png,0,0.039002690464258194,3580.705322265625,5823.7459716796875,3598.9979248046875,5854.4434814453125
2391.png,3,0.03893774002790451,2746.7718505859375,4406.0115966796875,2783.120849609375,4421.1680908203125
2391.png,3,0.038915425539016724,4005.4290313720703,3511.468994140625,4021.742477416992,3549.1295166015625
2391.png,0,0.03886571526527405,5120.89208984375,5032.776397705078,5140.16650390625,5064.0596923828125
2391.png,0,0.0388275608420372,3549.2891845703125,2481.2462463378906,3569.3890380859375,2512.2591247558594
2391.png,2,0.038821689784526825,4795.597381591797,5616.360656738281,4874.511444091797,5662.234924316406
2391.png,0,0.03878069669008255,5064.535095214844,5061.034942626953,5085.0701904296875,5110.089691162109
2391.png,0,0.03865673020482063,5007.238739013672,280.27398681640625,5027.932769775391,316.74029541015625
2391.png,3,0.038649532943964005,2168.0048828125,1224.92529296875,2185.7471923828125,1253.424072265625
2391.png,3,0.03856112062931061,4010.991744995117,3126.1654052734375,4091.7532806396484,3144.4410400390625
2391.png,0,0.03852733224630356,4871.879577636719,1625.4267578125,4890.564697265625,1659.706298828125
2391.png,0,0.03851364180445671,3269.9940185546875,3478.6218872070312,3288.4495849609375,3521.0093383789062
2391.png,3,0.03836684674024582,4936.4488525390625,5636.1417236328125,4958.044494628906,5669.4490966796875
2391.png,3,0.038294024765491486,3386.0545043945312,4038.77587890625,3458.3124389648438,4063.089599609375
2391.png,3,0.03825804218649864,2166.6053466796875,1175.04931640625,2185.9398193359375,1208.5689697265625
2391.png,0,0.03810147941112518,2144.739013671875,1022.3364410400391,2219.73681640625,1046.319091796875
2391.png,0,0.03801806643605232,5153.9658203125,4704.507080078125,5195.784912109375,4719.903076171875
2391.png,0,0.03778427466750145,3622.6039428710938,1366.6582641601562,3657.1347045898438,1381.7782592773438
2391.png,0,0.037686653435230255,3404.8543701171875,3473.2046508789062,3425.7139282226562,3503.087890625
2391.png,3,0.03766964375972748,3260.5108032226562,3795.887451171875,3331.1005859375,3815.1741943359375
2391.png,0,0.03758304938673973,3701.93994140625,5761.099365234375,3751.3751220703125,5807.892578125
2391.png,0,0.037568289786577225,1698.4512939453125,2898.63134765625,1720.5087585449219,2925.5859375
2391.png,1,0.03755030781030655,36.28948211669922,2876.2365112304688,56.412940979003906,2932.0020141601562
2391.png,3,0.037337273359298706,3852.949417114258,1061.1989135742188,3895.2628784179688,1078.6878051757812
2391.png,3,0.03725970908999443,3994.674072265625,641.664794921875,4043.75146484375,658.941162109375
2391.png,0,0.03724151477217674,3094.8701400756836,3246.563232421875,3114.639907836914,3277.61083984375
2391.png,3,0.03722411394119263,2965.0277099609375,3076.1619873046875,2985.1129150390625,3111.2833251953125
2391.png,0,0.0372132807970047,4153.590240478516,3412.9219360351562,4217.430267333984,3430.2639770507812
2391.png,0,0.03720339015126228,3840.0,2145.056640625,3870.161163330078,2160.6259765625
2391.png,0,0.03717130795121193,3870.0540771484375,2264.3951416015625,3889.2657470703125,2295.5758056640625
2391.png,3,0.037123486399650574,3102.1466674804688,4472.3795166015625,3135.4902954101562,4485.255126953125
2391.png,0,0.03711363673210144,3344.4280395507812,2984.685546875,3366.2394409179688,3015.850830078125
2391.png,3,0.0371117927134037,2959.196533203125,4408.2982177734375,3025.655029296875,4432.9110107421875
2391.png,0,0.0370875708758831,960.337646484375,3347.5308837890625,982.302490234375,3395.7194213867188
2391.png,3,0.03708338364958763,3732.916259765625,920.480712890625,3775.665283203125,939.0152587890625
2391.png,0,0.037061356008052826,4287.092681884766,3312.9066162109375,4311.540557861328,3325.0966796875
2391.png,0,0.03700796142220497,2095.60595703125,1176.5090942382812,2114.229248046875,1208.4689331054688
2391.png,1,0.03699992597103119,3728.7100830078125,1619.3087615966797,3769.0567626953125,1629.738021850586
2391.png,0,0.036955758929252625,5073.874938964844,3312.5130004882812,5120.132019042969,3334.4541625976562
2391.png,0,0.03694968298077583,726.0421142578125,5583.5308837890625,750.3558349609375,5623.872802734375
2391.png,3,0.036870017647743225,3719.764404296875,2367.576416015625,3739.56201171875,2405.094970703125
2391.png,0,0.0366523377597332,4120.590270996094,4694.4755859375,4159.646057128906,4710.430419921875
2391.png,0,0.036608435213565826,1330.3492431640625,2946.455810546875,1351.0103759765625,2975.4708251953125
2391.png,3,0.036606404930353165,3631.865234375,4436.95166015625,3672.4420166015625,4454.00439453125
2391.png,3,0.036490548402071,3266.9147033691406,3763.2623901367188,3334.4954528808594,3785.1007690429688
2391.png,0,0.03632750362157822,3293.27978515625,214.22869873046875,3335.066162109375,230.25830078125
2391.png,0,0.03628569468855858,1423.35693359375,662.46728515625,1443.4759521484375,702.1044921875
2391.png,0,0.03628132864832878,4823.683532714844,1276.9158325195312,4842.953948974609,1306.2146606445312
2391.png,0,0.0361962616443634,5898.330505371094,1638.8009033203125,5931.807189941406,1667.8245849609375
2391.png,3,0.03617670387029648,3079.5869140625,4658.312149047852,3144.692138671875,4678.97868347168
2391.png,0,0.036116134375333786,4844.10302734375,1281.0599365234375,4860.162841796875,1305.9107666015625
2391.png,3,0.03602772578597069,4666.590576171875,217.799072265625,4695.7733154296875,232.66531372070312
2391.png,3,0.0358724482357502,2519.171905517578,399.436279296875,2537.7462158203125,434.1766357421875
2391.png,3,0.03572806343436241,3383.5152893066406,3993.513916015625,3458.2256774902344,4014.17041015625
2391.png,3,0.035711247473955154,3373.922119140625,3834.4493408203125,3447.49169921875,3855.5628662109375
2391.png,3,0.035691481083631516,2788.200714111328,2312.569408416748,2804.615692138672,2340.4801483154297
2391.png,0,0.035611920058727264,1351.777587890625,1362.7910766601562,1380.015625,1395.0773315429688
2391.png,1,0.03549163416028023,1536.5933952331543,436.11627197265625,1578.5381813049316,457.01361083984375
2391.png,3,0.03548120707273483,3400.275634765625,4130.739715576172,3461.477783203125,4148.476409912109
2391.png,3,0.035478625446558,3776.3450927734375,2470.8942260742188,3795.2713623046875,2504.5012817382812
2391.png,1,0.035463277250528336,4795.297637939453,5618.2047119140625,4868.379486083984,5657.1002197265625
2391.png,3,0.035351917147636414,3080.6435546875,4515.169921875,3138.4375,4533.779296875
2391.png,0,0.03527744859457016,4413.398132324219,248.50502014160156,4428.631286621094,274.2618408203125
2391.png,3,0.03516726568341255,3378.3309326171875,3923.814697265625,3448.9342041015625,3943.30517578125
2391.png,3,0.0350707545876503,2358.8479537963867,536.8692016601562,2378.8997116088867,568.0714721679688
2391.png,0,0.03494627773761749,3719.763427734375,2367.610004425049,3739.563720703125,2405.068405151367
2391.png,3,0.034814298152923584,4233.846740722656,2554.7462768554688,4288.011413574219,2573.6105346679688
2391.png,0,0.034738991409540176,4063.3570556640625,480.484130859375,4096.0,497.04833984375
2391.png,0,0.03465493395924568,3422.7136840820312,3445.7266845703125,3439.1918334960938,3479.102783203125
2391.png,0,0.034654807299375534,5068.451354980469,3699.6632080078125,5128.107421875,3722.1239013671875
2391.png,3,0.03462393954396248,3387.748748779297,4048.4239501953125,3449.4602966308594,4073.4327392578125
2391.png,1,0.03455488011240959,5065.953186035156,3697.5655517578125,5131.029479980469,3716.6907958984375
2391.png,3,0.03450143709778786,4219.5133056640625,2416.74267578125,4283.038146972656,2433.3154296875
2391.png,3,0.03440515324473381,4141.054748535156,3412.923553466797,4220.195007324219,3431.537078857422
2391.png,3,0.03438606858253479,2501.679931640625,400.3515625,2520.073974609375,436.82135009765625
2391.png,3,0.034345511347055435,1851.7310180664062,1304.131591796875,1878.5684204101562,1348.63134765625
2391.png,3,0.034275270998477936,4244.400573730469,3059.5032348632812,4315.385070800781,3077.9960327148438
2391.png,0,0.03394108638167381,5279.852722167969,5504.4583740234375,5312.858825683594,5521.1099853515625
2391.png,0,0.033862363547086716,5086.537841796875,3917.3321533203125,5127.447021484375,3934.8717041015625
2391.png,0,0.0337960422039032,1627.9114227294922,542.1360473632812,1647.0373077392578,582.9845581054688
2391.png,3,0.03351976349949837,3390.527587890625,3975.8922729492188,3455.6680297851562,3995.5070190429688
2391.png,0,0.033468086272478104,3505.2103271484375,3450.1060180664062,3519.2254638671875,3478.5095825195312
2391.png,3,0.03344219923019409,4260.976745605469,2752.13818359375,4299.457946777344,2781.0598754882812
2391.png,0,0.03339312598109245,5704.762756347656,3013.302490234375,5740.060607910156,3031.196533203125
2391.png,0,0.033250726759433746,4816.063095092773,3013.1624145507812,4841.371597290039,3053.7786254882812
2391.png,0,0.03322513774037361,4423.740478515625,967.0296630859375,4442.6009521484375,1003.964111328125
2391.png,3,0.033215366303920746,3638.37939453125,3157.73046875,3658.191650390625,3191.60595703125
2391.png,3,0.03315255418419838,3343.256103515625,3072.070098876953,3361.544921875,3102.6948738098145
2391.png,0,0.03313715010881424,5079.700927734375,4586.437072753906,5091.931335449219,4615.326477050781
2391.png,3,0.03311958536505699,1729.9162902832031,3300.253173828125,1762.4739074707031,3326.75048828125
2391.png,0,0.03304676711559296,5701.917419433594,1379.83056640625,5719.438415527344,1415.294677734375
2391.png,0,0.0330452136695385,3816.3455810546875,1048.0819091796875,3854.9185791015625,1064.0213623046875
2391.png,0,0.03301175311207771,5684.7076416015625,1473.302734375,5702.085693359375,1501.608642578125
2391.png,3,0.032928697764873505,2645.9126586914062,4138.988830566406,2668.3931274414062,4184.144470214844
2391.png,3,0.032919831573963165,2183.7694091796875,1296.7271728515625,2199.3958740234375,1325.5357666015625
2391.png,0,0.0329093299806118,3491.3834533691406,3969.277587890625,3505.6900939941406,3996.9114990234375
2391.png,0,0.03275478258728981,6960.1722412109375,3956.8028564453125,6994.6756591796875,3975.697265625
2391.png,1,0.03273985907435417,6834.94384765625,2546.2353515625,6891.5029296875,2559.516845703125
2391.png,0,0.032723840326070786,5430.7269287109375,4987.360977172852,5462.2952880859375,4996.23762512207
2391.png,0,0.032689835876226425,4316.3133544921875,331.20062255859375,4331.6209716796875,369.20831298828125
2391.png,0,0.03267619386315346,3701.4376220703125,5686.2149658203125,3743.1287841796875,5702.7845458984375
2391.png,0,0.03266867250204086,705.5277709960938,5541.53662109375,738.0422973632812,5590.654541015625
2391.png,3,0.03263421356678009,3342.8450927734375,4990.290222167969,3383.2823486328125,5004.441436767578
2391.png,0,0.03263019397854805,1529.9237060546875,2906.32470703125,1550.6766357421875,2943.9931640625
2391.png,3,0.03261079639196396,4014.3446197509766,2595.6567993164062,4061.5030059814453,2611.7951049804688
2391.png,0,0.03255557641386986,4732.4010009765625,161.44305419921875,4773.0704345703125,178.1768798828125
2391.png,0,0.03254060447216034,4032.396240234375,513.947509765625,4055.4033203125,545.2606201171875
2391.png,0,0.032474618405103683,4638.310546875,1044.6126708984375,4660.01123046875,1094.085205078125
2391.png,0,0.03244318813085556,3806.341552734375,1249.3994750976562,3816.8740234375,1265.7013549804688
2391.png,0,0.03236030414700508,5055.609069824219,5478.9818115234375,5075.743957519531,5511.5731201171875
2391.png,0,0.03231335058808327,5021.9493408203125,4800.0947265625,5042.1444091796875,4830.4970703125
2391.png,0,0.0322866253554821,3504.22412109375,2580.8417358398438,3523.455322265625,2617.6644897460938
2391.png,3,0.03223766013979912,4715.5323486328125,1536.1837730407715,4735.5821533203125,1566.7793674468994
2391.png,3,0.032199643552303314,3377.9489135742188,4593.4444580078125,3432.3104858398438,4612.3250732421875
2391.png,0,0.03216521814465523,1571.197265625,137.69125366210938,1587.664306640625,176.24111938476562
2391.png,1,0.03215249627828598,4608.3003396987915,5341.2708740234375,4621.3292055130005,5392.5384521484375
2460.png,1,0.08506789803504944,606.268310546875,285.50811767578125,637.3818359375,309.66925048828125
2460.png,0,0.06763759255409241,607.899787902832,286.021484375,638.8082733154297,310.7425537109375
2460.png,0,0.04960888996720314,456.09619140625,28.924549102783203,473.058349609375,37.98891830444336
2460.png,0,0.048187464475631714,748.958251953125,260.3868408203125,776.7057189941406,273.96337890625
2460.png,1,0.04323368892073631,626.1996765136719,343.8912353515625,658.7577819824219,365.0379638671875
2460.png,0,0.04230857267975807,629.0111694335938,344.0121154785156,656.3986206054688,365.9436950683594
2460.png,0,0.04218402877449989,1428.2540283203125,292.0213928222656,1449.4295654296875,314.5700378417969
2460.png,0,0.04174535349011421,307.91241455078125,469.23846435546875,318.73370361328125,500.20281982421875
2460.png,0,0.041000526398420334,721.7021331787109,264.134765625,749.8085479736328,286.1265869140625
2460.png,0,0.03826542943716049,332.8509216308594,186.92999267578125,346.6174621582031,199.4173583984375
2460.png,0,0.03491691127419472,1374.712890625,148.5752410888672,1402.4228515625,171.56089782714844
2460.png,0,0.03407985717058182,362.21417236328125,109.42778015136719,377.44183349609375,132.0133819580078
2460.png,1,0.032637178897857666,721.7974853515625,264.54815673828125,748.6158447265625,285.35552978515625
2460.png,0,0.032517824321985245,280.3194274902344,360.5950927734375,311.7652282714844,372.6712646484375
2460.png,0,0.03166072815656662,840.9598388671875,54.661590576171875,853.456298828125,81.94935607910156
2460.png,0,0.030764203518629074,600.6048583984375,294.20428466796875,624.4862060546875,316.84197998046875
2460.png,1,0.030056681483983994,469.92205810546875,203.21820068359375,522.6281127929688,229.34930419921875
2460.png,0,0.027832912281155586,706.8661499023438,263.66168212890625,734.072998046875,283.60504150390625
2460.png,1,0.02759464830160141,834.0987548828125,0.6953277587890625,854.5360107421875,19.273080825805664
2460.png,0,0.027293991297483444,480.3837890625,248.43426513671875,500.5889892578125,263.731689453125
2460.png,1,0.02470429614186287,708.619140625,263.21905517578125,734.992431640625,283.39544677734375
2460.png,0,0.024379240348935127,396.6098937988281,90.29656982421875,406.3480529785156,100.97164916992188
2460.png,0,0.02320108562707901,1001.5460205078125,282.36016845703125,1010.293701171875,296.10247802734375
2460.png,0,0.023129479959607124,1290.214111328125,187.31768798828125,1314.80517578125,207.64144897460938
2460.png,0,0.023093147203326225,991.7366333007812,279.98822021484375,999.9264526367188,296.63726806640625
2460.png,0,0.02299298159778118,1460.907958984375,260.95391845703125,1480.646484375,283.4232177734375
2460.png,0,0.02281375229358673,888.7902221679688,953.675048828125,923.1897583007812,964.6656494140625
2460.png,1,0.02220052480697632,890.8617858886719,953.167724609375,923.5179138183594,965.10595703125
2460.png,1,0.02153734862804413,693.8837890625,253.93405151367188,719.2607421875,268.5901184082031
2460.png,0,0.02150662988424301,766.90966796875,1072.069091796875,795.07763671875,1080.6517333984375
2460.png,0,0.021467600017786026,908.879150390625,581.2935791015625,934.577392578125,608.7513427734375
2460.png,0,0.02088189497590065,398.6312255859375,362.196533203125,423.4222412109375,381.4346923828125
2460.png,0,0.020872315391898155,327.14166259765625,186.89810180664062,340.82452392578125,199.28652954101562
2460.png,0,0.020571937784552574,344.3162841796875,81.70652770996094,359.1766357421875,98.89891052246094
2460.png,0,0.02047489397227764,997.2476806640625,279.5702209472656,1004.1209716796875,296.8473205566406
2460.png,1,0.019892875105142593,531.4300537109375,168.70684814453125,543.1617431640625,196.90679931640625
2460.png,0,0.01964583620429039,695.059814453125,600.1392822265625,709.60986328125,612.573974609375
2460.png,2,0.019219422712922096,748.8070068359375,261.0787353515625,775.4417724609375,274.4810791015625
2460.png,0,0.01918637380003929,1404.936279296875,362.83056640625,1425.093505859375,380.6221923828125
2460.png,0,0.019181061536073685,359.05364990234375,322.14642333984375,377.8126220703125,334.41546630859375
2460.png,0,0.018973492085933685,958.3289184570312,619.3436241149902,970.9884033203125,634.5932884216309
2460.png,2,0.017891118302941322,654.5294799804688,527.2777709960938,704.0719604492188,566.1780395507812
2460.png,0,0.01788613386452198,692.8939056396484,254.3055419921875,718.3655548095703,269.09002685546875
2460.png,0,0.017768867313861847,389.2541198730469,112.91162109375,403.5016784667969,126.441162109375
2460.png,0,0.017498446628451347,532.717041015625,166.57577514648438,543.32763671875,196.28366088867188
2460.png,0,0.01703261025249958,818.35546875,1068.0408935546875,845.102783203125,1076.209716796875
2460.png,0,0.016945840790867805,385.59149169921875,147.16485595703125,407.66680908203125,161.3023681640625
2460.png,0,0.016818124800920486,534.086669921875,36.3367919921875,543.3536376953125,61.43206024169922
2460.png,0,0.01659315638244152,445.24298095703125,166.10687255859375,458.29534912109375,179.78875732421875
2460.png,0,0.01635238714516163,411.5226745605469,180.3424530029297,429.6930847167969,197.7001495361328
2460.png,0,0.016225043684244156,632.8354034423828,6.784860610961914,646.7521514892578,15.657369613647461
2460.png,0,0.015908489003777504,887.081787109375,469.51336669921875,922.88623046875,500.82965087890625
2460.png,1,0.01566648669540882,887.3355712890625,510.91888427734375,917.7755126953125,543.0630493164062
2460.png,0,0.015195969492197037,1275.4881591796875,203.06309509277344,1289.0523681640625,217.14756774902344
2460.png,0,0.014891526661813259,418.26708984375,165.88638305664062,431.079345703125,180.50973510742188
2460.png,1,0.014597796835005283,994.0935363769531,10.364023208618164,1027.8602600097656,27.523000717163086
2460.png,0,0.014420433901250362,414.27764892578125,319.37841796875,428.37384033203125,330.0068359375
2460.png,0,0.013979706913232803,365.3803405761719,256.6883544921875,377.8525695800781,281.1546630859375
2460.png,2,0.013840225525200367,877.7030334472656,466.06561279296875,922.5889587402344,500.34490966796875
2460.png,0,0.013291366398334503,560.18896484375,638.2526702880859,575.257080078125,658.7580718994141
2460.png,0,0.013291285373270512,360.430419921875,203.88134765625,374.51708984375,217.333984375
2460.png,0,0.012967017479240894,432.07135009765625,158.0869598388672,445.50140380859375,172.2991180419922
2460.png,1,0.012943609617650509,1061.0182495117188,31.078582763671875,1109.9876098632812,72.88137817382812
2460.png,0,0.01293142419308424,862.3936767578125,513.7685546875,876.4888916015625,527.18359375
2460.png,1,0.012871815823018551,881.6402893066406,468.0098876953125,923.2593688964844,501.464111328125
2460.png,0,0.012562677264213562,390.59051513671875,328.12506103515625,408.33380126953125,338.9720458984375
2460.png,0,0.012549132108688354,531.7344360351562,77.94934844970703,539.8895874023438,95.3433609008789
2460.png,1,0.012295220047235489,307.7325439453125,469.4081115722656,318.9691162109375,502.9527282714844
2460.png,0,0.011929687112569809,432.38861083984375,337.79779052734375,464.53912353515625,357.97662353515625
2460.png,0,0.01176163088530302,511.296630859375,1039.7605590820312,533.49951171875,1048.8975219726562
2460.png,0,0.011565407738089561,915.6389770507812,555.1356811523438,926.9378051757812,568.9419555664062
2460.png,0,0.011412962339818478,559.1708984375,163.46133422851562,570.3592529296875,184.97048950195312
2460.png,0,0.011325706727802753,278.59979248046875,353.1790466308594,299.41754150390625,362.8069152832031
2460.png,0,0.01128016784787178,835.5017700195312,0.0,855.2822875976562,18.28732681274414
2460.png,0,0.011226306669414043,402.57745361328125,122.80553436279297,414.55389404296875,138.85223388671875
2460.png,0,0.01116930041462183,1005.24755859375,280.9339599609375,1012.78173828125,296.329833984375
2460.png,0,0.010965232737362385,429.40643310546875,162.20059204101562,441.84906005859375,177.88580322265625
2460.png,0,0.010665569454431534,435.1689147949219,182.5126953125,451.4718933105469,197.94525146484375
2460.png,2,0.010275791399180889,909.70556640625,584.242603302002,935.0540771484375,607.7274436950684
2460.png,0,0.010010361671447754,555.7247314453125,317.71136474609375,568.48583984375,328.30499267578125
2460.png,0,0.009924454614520073,600.541748046875,516.45947265625,618.14599609375,530.0587158203125
2460.png,0,0.00987327191978693,553.19970703125,103.8515853881836,566.103515625,126.80828094482422
2460.png,0,0.009673911146819592,289.2138671875,167.31141662597656,306.4951171875,181.2066192626953
2460.png,2,0.009565373882651329,572.6992588043213,348.630126953125,593.4488010406494,374.783203125
2460.png,1,0.009415674954652786,910.024169921875,583.656135559082,935.9365234375,608.6897430419922
2460.png,0,0.009276261553168297,434.52398681640625,1098.4241943359375,449.25787353515625,1106.1768798828125
2460.png,1,0.009048672392964363,977.1217651367188,199.491455078125,1017.0911254882812,218.04153442382812
2460.png,0,0.009032119996845722,1214.8526611328125,125.7495346069336,1234.4044189453125,137.98397827148438
2460.png,1,0.008947500959038734,990.6002197265625,71.37831115722656,1019.2071533203125,88.52198791503906
2460.png,1,0.00894076842814684,430.5718994140625,334.05645751953125,465.66278076171875,358.09283447265625
2460.png,0,0.00879521481692791,296.551025390625,1099.169921875,320.55718994140625,1106.968505859375
2460.png,2,0.00876067578792572,1059.166259765625,714.3965759277344,1097.2911376953125,764.4750671386719
2460.png,0,0.008732294663786888,822.7376708984375,98.9659423828125,841.5389404296875,118.66708374023438
2460.png,0,0.008397295139729977,355.269775390625,72.57626342773438,374.34320068359375,93.15362548828125
2460.png,1,0.008146676234900951,1058.87060546875,713.7068786621094,1099.4467163085938,765.5757751464844
2460.png,0,0.008134905248880386,724.776611328125,1077.4513549804688,738.791015625,1088.3909912109375
2460.png,0,0.008120985701680183,468.10577392578125,239.91299438476562,479.64105224609375,253.49734497070312
2460.png,0,0.008120693266391754,454.2952880859375,224.68026733398438,467.86279296875,240.61846923828125
2460.png,0,0.00809474103152752,650.0032958984375,348.8994445800781,665.2628173828125,362.2455139160156
2460.png,1,0.007846517488360405,820.539794921875,97.54325866699219,856.80859375,134.0789794921875
2460.png,0,0.007801679894328117,388.5740966796875,92.43295288085938,398.53924560546875,106.65875244140625
2460.png,1,0.007779350969940424,1.2980213165283203,168.7178192138672,27.789762496948242,195.19554138183594
2460.png,0,0.007605167105793953,447.4918212890625,35.62076187133789,475.2576904296875,45.878116607666016
2460.png,0,0.007205658592283726,387.2935791015625,127.66209411621094,405.631103515625,144.3297576904297
2460.png,0,0.006991139147430658,377.800048828125,54.814414978027344,394.22698974609375,72.44158935546875
2460.png,0,0.006926281843334436,412.4536437988281,138.07308959960938,427.2395324707031,154.52328491210938
2460.png,0,0.006837402004748583,615.2681884765625,15.965457916259766,629.1837158203125,36.95618438720703
2460.png,0,0.0067555527202785015,192.35585021972656,364.86669921875,207.21852111816406,374.863525390625
2460.png,0,0.006686852779239416,1280.419677734375,122.8333740234375,1311.056396484375,151.380615234375
2460.png,0,0.006685038097202778,400.0351257324219,410.613525390625,417.9158020019531,419.285888671875
2460.png,0,0.006629440002143383,489.85552978515625,182.54098510742188,510.59869384765625,190.91592407226562
2460.png,0,0.006507169455289841,346.69775390625,49.18101501464844,357.5811767578125,62.308929443359375
2460.png,1,0.006479030475020409,637.6807861328125,1004.2841796875,652.2677001953125,1049.1202392578125
2460.png,0,0.006291932426393032,1092.414794921875,1126.4371948242188,1104.853515625,1153.9945678710938
2460.png,0,0.005998685956001282,1476.6624755859375,328.89312744140625,1501.8626708984375,354.46942138671875
2460.png,1,0.00589998671784997,1475.033203125,328.2529602050781,1501.23046875,354.5968933105469
2460.png,0,0.005881620105355978,759.5494384765625,426.6209716796875,771.7252197265625,441.198974609375
2460.png,0,0.005878289695829153,572.278242111206,408.4239501953125,583.0021905899048,424.9866943359375
2460.png,0,0.005849869456142187,1298.4720458984375,80.40880584716797,1313.1956787109375,96.13382720947266
2460.png,1,0.0057792020961642265,243.72752380371094,143.09234619140625,272.5909423828125,170.48623657226562
2460.png,0,0.005762477871030569,719.070556640625,654.26806640625,734.6904296875,669.747314453125
2460.png,2,0.005657962989062071,704.4691467285156,567.3001708984375,756.4036560058594,608.3519287109375
2460.png,2,0.0056093605235219,975.0618286132812,68.62837219238281,1021.4307250976562,100.31185913085938
2460.png,0,0.005580367520451546,362.8150329589844,49.04663848876953,377.0831604003906,63.241188049316406
2460.png,0,0.005531268194317818,990.150390625,69.27880859375,1022.307373046875,88.85075378417969
2460.png,0,0.005527959205210209,331.99658203125,198.9308319091797,351.4521484375,214.92274475097656
2460.png,0,0.00539725087583065,418.48114013671875,531.6807861328125,434.38128662109375,540.6005859375
2460.png,0,0.005348582752048969,383.4179382324219,251.53811645507812,396.3487243652344,267.0045471191406
2460.png,0,0.0053346361964941025,435.13348388671875,175.0001220703125,445.41021728515625,192.5462646484375
2460.png,2,0.005261256359517574,848.3460693359375,1016.3966674804688,903.5449829101562,1030.2638549804688
2460.png,0,0.005241411738097668,397.4600830078125,610.2094116210938,408.7999267578125,621.0114135742188
2460.png,1,0.005223067943006754,650.2722320556641,528.035400390625,701.3033599853516,565.9771728515625
2460.png,0,0.005213491152971983,1480.6292724609375,256.63446044921875,1500.1241455078125,274.04913330078125
2460.png,2,0.0052000898867845535,572.4205188751221,455.290771484375,594.533597946167,489.04022216796875
2460.png,2,0.005101555958390236,1003.5626220703125,308.9421691894531,1049.9389038085938,324.1321105957031
2460.png,0,0.005092174280434847,1013.3558349609375,281.70166015625,1023.6556396484375,297.19805908203125
2460.png,2,0.00505446782335639,706.768310546875,261.23004150390625,735.275390625,285.04681396484375
2460.png,0,0.005044081248342991,42.44877624511719,85.36294555664062,55.23065185546875,96.05633544921875
2460.png,0,0.004981210455298424,399.3067626953125,112.24897766113281,415.278076171875,128.2408905029297
2460.png,0,0.0049219802021980286,302.9701843261719,346.30010986328125,326.1853332519531,354.92120361328125
2460.png,0,0.00486674252897501,732.0570068359375,349.23529052734375,744.6097412109375,359.74224853515625
2460.png,2,0.004851587116718292,1060.1402282714844,31.479408264160156,1108.3306884765625,72.58125305175781
2460.png,0,0.004845993593335152,26.697158813476562,728.5380859375,35.39875030517578,742.90869140625
2460.png,0,0.004774077795445919,567.4668579101562,225.58193969726562,579.4219360351562,238.75497436523438
2460.png,0,0.004712497349828482,1013.2247314453125,1064.7572021484375,1024.0,1078.197021484375
2460.png,0,0.004691066220402718,383.426513671875,97.3519287109375,396.545654296875,108.16555786132812
2460.png,0,0.004654853604733944,678.9071044921875,403.65777587890625,693.6981201171875,416.02484130859375
2460.png,1,0.004572583362460136,632.4740600585938,567.4119873046875,655.4092407226562,599.2122802734375
2460.png,0,0.004503772594034672,91.32548522949219,316.462646484375,107.16831970214844,330.295166015625
2460.png,1,0.004482601303607225,70.83799743652344,236.92681884765625,112.79248046875,274.2881164550781
2460.png,0,0.004450933076441288,442.64398193359375,351.34063720703125,466.21112060546875,366.14471435546875
2460.png,0,0.004438317846506834,341.519287109375,259.06964111328125,353.4398193359375,290.99456787109375
2460.png,0,0.004420264158397913,291.81585693359375,0.6366252899169922,308.7869873046875,12.874038696289062
2460.png,0,0.004316343460232019,763.1105346679688,168.54071044921875,784.3674926757812,180.8304443359375
2460.png,0,0.004205930978059769,402.8343505859375,89.70018005371094,412.121826171875,105.10124206542969
2460.png,0,0.0041877506300807,543.1036376953125,90.01576232910156,552.3668212890625,101.49830627441406
2460.png,1,0.004173418041318655,1279.9656982421875,119.7993392944336,1315.4176025390625,150.14669799804688
2460.png,0,0.004112992435693741,1390.3931884765625,340.8135681152344,1405.444091796875,356.9450378417969
2460.png,0,0.003972818609327078,1270.0189208984375,59.9820442199707,1291.1009521484375,77.99784851074219
2460.png,0,0.0039284732192754745,1.8457756042480469,169.4514617919922,27.791017532348633,195.55165100097656
2460.png,0,0.0038910445291548967,1162.066650390625,51.99824523925781,1174.549560546875,67.34489440917969
2460.png,0,0.0038410970009863377,1547.603759765625,290.7695617675781,1563.13037109375,310.2378234863281
2460.png,1,0.0038389682304114103,557.5120239257812,161.80126953125,572.6184692382812,189.66729736328125
2460.png,0,0.0038131820037961006,1014.1001892089844,644.8610305786133,1034.4516296386719,660.3705825805664
2460.png,0,0.003776606172323227,1345.9705810546875,314.7198791503906,1360.7872314453125,326.7571105957031
2460.png,0,0.0037708624731749296,1006.777099609375,307.484375,1024.0,329.2650146484375
2460.png,1,0.003770095994696021,692.634765625,625.260124206543,729.2005615234375,663.4462966918945
2460.png,0,0.0037622421514242887,389.7652587890625,155.794677734375,414.572998046875,172.00680541992188
2460.png,1,0.0037603264208883047,508.3842468261719,238.6407470703125,534.881103515625,265.665283203125
2460.png,0,0.0037380277644842863,343.7586364746094,574.9721069335938,358.7125549316406,586.8598022460938
2460.png,0,0.003712124191224575,360.5848083496094,65.94818115234375,379.7023620605469,85.03707885742188
2460.png,0,0.003682887414470315,400.625,381.20245361328125,414.2880859375,392.48980712890625
2460.png,1,0.0036738268099725246,937.5616455078125,1015.17138671875,970.173583984375,1023.424072265625
2460.png,2,0.003563805716112256,294.36102294921875,203.90667724609375,336.68670654296875,238.71755981445312
2460.png,0,0.0035434109158813953,335.8642578125,225.66326904296875,347.1842041015625,237.68136596679688
2460.png,0,0.0035397240426391363,225.08551025390625,96.73341369628906,246.53338623046875,107.73225402832031
2460.png,0,0.003524803090840578,799.867919921875,1016.833740234375,819.349609375,1025.5186767578125
2460.png,0,0.0035169566981494427,993.6690368652344,10.995469093322754,1028.9011535644531,29.0625
2460.png,0,0.0034822840243577957,300.646728515625,183.39865112304688,309.581298828125,192.94699096679688
2460.png,0,0.0034754069056361914,323.0658264160156,474.154052734375,332.1412658691406,500.298583984375
2460.png,1,0.0034542980138212442,703.6209411621094,583.8231201171875,743.5835266113281,618.0135498046875
2460.png,2,0.003419723827391863,1281.09765625,108.32357788085938,1323.461669921875,150.75439453125
2460.png,0,0.0033430755138397217,978.4979858398438,201.47430419921875,1015.1714477539062,219.10455322265625
2460.png,1,0.0033092438243329525,427.072509765625,1014.1438598632812,461.526611328125,1021.236328125
2460.png,0,0.003308519022539258,753.9119873046875,1009.7259521484375,780.224853515625,1024.0
2460.png,0,0.003271719440817833,693.6095352172852,386.5606689453125,713.7749938964844,404.752197265625
2460.png,0,0.0032588960602879524,27.79823112487793,333.4278564453125,44.31333923339844,358.82269287109375
2460.png,0,0.0032511884346604347,378.73291015625,803.0084228515625,400.40985107421875,811.87353515625
2460.png,2,0.0031686860602349043,716.9640960693359,653.3140335083008,751.6740570068359,690.1718063354492
2460.png,1,0.0031413708347827196,1441.197509765625,150.01705932617188,1471.0146484375,181.26010131835938
2460.png,0,0.003134522819891572,121.12965393066406,1013.0800170898438,137.15138244628906,1023.5773315429688
2460.png,1,0.003111685859039426,854.2703247070312,158.5113983154297,883.1404418945312,172.54734802246094
2460.png,0,0.0031032604165375233,663.374755859375,921.2277221679688,682.768798828125,929.36962890625
2460.png,2,0.0030407363083213568,214.96597290039062,544.3707275390625,245.98831176757812,559.2364501953125
2460.png,2,0.0030350491870194674,1202.7113037109375,12.436568260192871,1233.2926025390625,31.813201904296875
2460.png,0,0.0030149405356496572,426.1773681640625,197.28829956054688,446.630126953125,219.24221801757812
2460.png,1,0.00299814622849226,496.3133544921875,21.07093048095703,519.3836059570312,57.91840362548828
2460.png,0,0.0029771861154586077,336.947021484375,818.4097290039062,359.8553466796875,829.7632446289062
2460.png,0,0.0029631161596626043,282.3193664550781,816.6200866699219,307.3066101074219,826.4550476074219
2460.png,0,0.0029446922708302736,401.68792724609375,101.38481140136719,412.53564453125,113.99017333984375
2460.png,2,0.0029132019262760878,1225.3002319335938,19.924945831298828,1262.2841186523438,53.12983322143555
2460.png,0,0.0028971610590815544,838.3302917480469,1015.401611328125,863.8217468261719,1023.49560546875
2460.png,1,0.002862614346668124,862.2703247070312,1011.1160278320312,883.1614379882812,1019.3517456054688
2460.png,1,0.0028534892480820417,98.39375305175781,303.0985107421875,133.43472290039062,340.5955810546875
2460.png,0,0.0028378707356750965,817.7022705078125,1053.7066040039062,852.0975341796875,1063.640380859375
2460.png,2,0.002811269136145711,1094.61767578125,263.72283935546875,1141.61376953125,282.8685302734375
2460.png,0,0.00281036039814353,597.0645790100098,537.1259765625,615.2500190734863,555.8916015625
2460.png,0,0.002790369326248765,718.1545104980469,365.6419677734375,740.1246032714844,382.98974609375
2460.png,0,0.0027327085845172405,662.7398681640625,1072.46435546875,677.7911376953125,1089.3787231445312
2460.png,0,0.0027024969458580017,389.08404541015625,74.5364990234375,402.03948974609375,86.63775634765625
2460.png,0,0.0027011618949472904,410.68646240234375,148.44671630859375,426.4876708984375,161.55218505859375
2460.png,3,0.0026926409918814898,605.5204010009766,283.3516845703125,635.9206390380859,309.9329833984375
2460.png,1,0.0026741018518805504,631.6085014343262,275.23040771484375,666.1634063720703,300.39202880859375
2460.png,0,0.002668503439053893,364.1893310546875,71.16410827636719,381.1981201171875,93.59303283691406
2460.png,0,0.0026659881696105003,189.5130615234375,583.2854957580566,200.158447265625,595.2006187438965
2460.png,0,0.0026523605920374393,941.4268188476562,1012.9521484375,967.8833618164062,1024.0
2460.png,1,0.0026168497279286385,238.46798706054688,175.70654296875,274.9264221191406,206.44952392578125
2460.png,1,0.0026044840924441814,294.8315734863281,204.38040161132812,329.5345764160156,237.77719116210938
2460.png,0,0.0025925817899405956,653.4648284912109,528.9241333007812,673.9658050537109,552.7114868164062
2460.png,0,0.0025760135613381863,582.1529989242554,468.10760498046875,594.0823364257812,486.74603271484375
2460.png,0,0.002549143973737955,1004.3939208984375,305.11669921875,1047.9166259765625,319.793212890625
2460.png,0,0.002512797014787793,430.86865234375,804.0162963867188,451.2611083984375,813.01318359375
2460.png,0,0.002499341731891036,1036.1009521484375,686.1455383300781,1052.1917724609375,694.6004791259766
2460.png,0,0.0024855483788996935,402.1925964355469,164.01593017578125,415.9855041503906,177.65463256835938
2460.png,0,0.002484674798324704,919.62841796875,185.16973876953125,937.721923828125,196.4197998046875
2460.png,0,0.0023761268239468336,529.4168701171875,706.650634765625,538.9764404296875,716.8736572265625
2460.png,1,0.0023547860328108072,478.9820251464844,1036.2926635742188,505.5812072753906,1045.5133666992188
2460.png,0,0.0023510621394962072,799.8473815917969,217.37265014648438,810.8085632324219,227.18362426757812
2460.png,0,0.0023221515584737062,1060.1053466796875,730.7342529296875,1078.42041015625,749.1503601074219
2460.png,0,0.0022975706961005926,1325.595947265625,208.53497314453125,1345.585693359375,228.22802734375
2460.png,0,0.0022969881538301706,900.6677856445312,1078.3508911132812,916.3674926757812,1088.1084594726562
2460.png,0,0.002292611403390765,215.90130615234375,559.5654296875,226.46078491210938,566.97705078125
2460.png,0,0.002286426955834031,414.6979064941406,158.6967315673828,428.5454406738281,170.25743103027344
2460.png,1,0.00228560040704906,85.20159912109375,68.87353515625,112.37724304199219,92.1083984375
2460.png,0,0.0022830162197351456,242.68467712402344,141.9773406982422,272.3719482421875,168.17076110839844
2460.png,0,0.0022561775986105204,1029.6937866210938,191.13185119628906,1040.7697143554688,207.95237731933594
2460.png,1,0.0022467970848083496,1073.4442749023438,259.5152587890625,1108.4046020507812,276.9041748046875
2460.png,0,0.002242268528789282,1013.987060546875,520.845703125,1024.0,537.07373046875
2460.png,0,0.0022309026680886745,855.0262145996094,157.9903564453125,884.0964660644531,172.44378662109375
2460.png,0,0.0022274928633123636,839.1264038085938,1081.2447509765625,851.8786010742188,1088.747802734375
2460.png,0,0.0022256008815020323,451.30029296875,166.9844970703125,459.4346923828125,185.80264282226562
2460.png,0,0.002218698151409626,1304.7019653320312,106.92982482910156,1324.9984741210938,122.89884948730469
2460.png,0,0.0021957869175821543,713.9682922363281,1015.1381530761719,738.2232360839844,1027.8548278808594
2460.png,2,0.0021886504255235195,573.1356773376465,330.2137451171875,595.1274795532227,356.4964599609375
2460.png,0,0.0021818503737449646,381.5244140625,311.086181640625,395.1636962890625,319.6497802734375
2460.png,0,0.0021788906306028366,454.99896240234375,172.85911560058594,466.63543701171875,184.04612731933594
2460.png,0,0.00216885469853878,353.26007080078125,194.61203002929688,371.38677978515625,210.17767333984375
2460.png,0,0.002139531308785081,22.774795532226562,290.1097412109375,36.10472869873047,305.0093994140625
2460.png,0,0.002131131710484624,452.59503173828125,203.28582763671875,464.43695068359375,221.1458740234375
2460.png,0,0.002125584287568927,900.1033935546875,1057.3197326660156,914.7689208984375,1073.2236022949219
2460.png,0,0.0020856030751019716,545.9647827148438,93.40718078613281,557.6436157226562,126.30963134765625
2460.png,0,0.002068570349365473,1216.5789794921875,147.4420166015625,1234.0462646484375,167.49435424804688
2460.png,0,0.0020515399519354105,470.08819580078125,868.2255859375,486.59527587890625,880.0361328125
2460.png,0,0.002036700025200844,1368.78759765625,227.10784912109375,1401.20947265625,248.7086181640625
2460.png,1,0.002013235352933407,135.4534149169922,134.41708374023438,176.02015686035156,170.85696411132812
2460.png,0,0.001999858533963561,34.226436614990234,402.3187255859375,46.69707107543945,414.7657470703125
2460.png,0,0.0019935036543756723,547.7550048828125,706.189453125,558.2703857421875,714.9442138671875
2460.png,1,0.0019920412451028824,1491.532958984375,450.877685546875,1519.373779296875,477.8560791015625
2460.png,0,0.001966624055057764,936.0765380859375,650.7008056640625,953.8028564453125,669.2633056640625
2460.png,0,0.0019591834861785173,165.79153442382812,398.4400634765625,191.25631713867188,414.7052001953125
2460.png,0,0.0019107095431536436,239.10015869140625,793.8515319824219,263.6379699707031,805.6722106933594
2460.png,2,0.0018986669601872563,847.4151611328125,1011.8294677734375,884.0455322265625,1020.6029052734375
2460.png,0,0.0018970572855323553,572.0680742263794,349.71563720703125,587.8127489089966,375.12200927734375
2460.png,0,0.0018665528623387218,438.41387939453125,179.920654296875,457.27484130859375,193.95208740234375
2460.png,0,0.0018485193140804768,632.55810546875,392.46502685546875,648.7014312744141,408.9981689453125
2460.png,0,0.0018439656123518944,468.5428466796875,1012.0937805175781,481.868896484375,1022.5138244628906
2460.png,0,0.0018333694897592068,500.84991455078125,1016.2938232421875,516.2448120117188,1026.2507934570312
2460.png,1,0.0018290072912350297,419.96917724609375,193.8755645751953,445.93634033203125,220.1389923095703
2460.png,0,0.0018239677883684635,572.1475410461426,386.94451904296875,580.1931915283203,406.47015380859375
2460.png,2,0.0018143203342333436,991.4971923828125,9.631485939025879,1028.896240234375,29.156509399414062
2460.png,0,0.0018137868028134108,746.6623382568359,324.761962890625,761.3130035400391,335.59619140625
2460.png,0,0.001799659337848425,8.218143463134766,63.16249084472656,22.978588104248047,76.32720947265625
2460.png,0,0.0017743768403306603,590.8813323974609,413.9733581542969,606.8292007446289,432.7373962402344
2460.png,1,0.0017495604697614908,387.0504455566406,1011.78369140625,411.8758850097656,1023.7169189453125
2460.png,0,0.0017490407917648554,21.672542572021484,1017.5244750976562,48.348201751708984,1023.7329711914062
2460.png,1,0.0017426933627575636,1368.651123046875,228.9395751953125,1400.6400146484375,247.25634765625
2460.png,0,0.0017385738901793957,1471.2359619140625,378.8831787109375,1485.3690185546875,389.69189453125
2460.png,0,0.0017298712627962232,310.43182373046875,0.3678150177001953,324.81854248046875,6.0731964111328125
2460.png,1,0.001722561428323388,471.653076171875,220.60513305664062,507.05780029296875,241.4339599609375
2460.png,0,0.0017176944529637694,340.07977294921875,73.67469787597656,357.67840576171875,89.31297302246094
2460.png,0,0.0017173215746879578,840.8492431640625,1059.9307861328125,853.0220947265625,1073.1358642578125
2460.png,1,0.0017060707323253155,912.1176147460938,555.2086181640625,958.7452392578125,592.103515625
2460.png,0,0.001666479161940515,1066.6915893554688,121.656494140625,1078.6028442382812,133.38037109375
2460.png,0,0.0015653693117201328,387.4871520996094,1015.2780151367188,410.7872619628906,1025.8052368164062
2460.png,0,0.001520755235105753,102.9720458984375,752.8858032226562,112.04714965820312,772.0054626464844
2460.png,0,0.0014339260524138808,643.1122131347656,537.0253295898438,660.3786468505859,561.2516479492188
2460.png,3,0.0014208366628736258,574.0662631988525,337.4465637207031,595.0956611633301,355.4698181152344
2460.png,0,0.001414350583218038,1207.84130859375,133.177734375,1219.50537109375,140.95599365234375
2460.png,0,0.0014124108711257577,1132.5598754882812,64.67677307128906,1149.4326782226562,79.05686950683594
2460.png,1,0.0014098776737228036,572.0,452.09918212890625,596.9982795715332,488.84051513671875
2460.png,0,0.0014017459470778704,861.7330322265625,1009.4410400390625,883.1878662109375,1019.6094970703125
2460.png,1,0.0014006675919517875,1071.3750915527344,1.8067550659179688,1099.6258544921875,25.725845336914062
2460.png,0,0.0013951801229268312,752.8305511474609,428.12225341796875,766.3158111572266,442.23736572265625
2460.png,2,0.0013107361737638712,1046.3349609375,161.6553955078125,1113.2986450195312,187.52362060546875
2460.png,0,0.0012819751864299178,666.6040191650391,109.30598449707031,679.7207183837891,117.53059387207031
2460.png,0,0.0012728640576824546,480.66412353515625,1036.02685546875,506.01507568359375,1045.4296264648438
2460.png,2,0.0012634203303605318,1002.0278625488281,314.5947265625,1047.0353698730469,335.83154296875
2460.png,0,0.0012601448688656092,1439.6129150390625,149.57199096679688,1470.6700439453125,181.0052490234375
2460.png,0,0.0012520732125267386,7.8969573974609375,673.9700241088867,17.508501052856445,684.6386337280273
2460.png,0,0.0012413858203217387,314.78582763671875,808.5387878417969,327.56732177734375,819.7582092285156
2460.png,1,0.0012272332096472383,764.673583984375,1080.3502807617188,800.0208740234375,1090.8488159179688
2460.png,1,0.0012127836234867573,861.5418701171875,1018.6851806640625,902.6544189453125,1031.1700439453125
2460.png,0,0.0012081008171662688,1085.87939453125,122.34831237792969,1104.831787109375,133.6753387451172
2460.png,0,0.0012049461947754025,1014.4803466796875,635.7979965209961,1024.0,654.0597457885742
2460.png,0,0.0012010243954136968,1039.8619384765625,647.9547882080078,1051.4258422851562,660.4010314941406
2460.png,0,0.001192681142129004,771.1816101074219,375.4894714355469,792.4285583496094,394.7373962402344
2460.png,3,0.0011682743206620216,875.912353515625,464.8950500488281,918.397705078125,496.0425720214844
2460.png,1,0.001161608612164855,711.6409912109375,401.49285888671875,761.3932495117188,444.97015380859375
2460.png,0,0.001127062365412712,113.14456176757812,757.22998046875,122.19439697265625,770.6666870117188
2460.png,0,0.001117862411774695,1075.3101501464844,2.9160447120666504,1097.3135986328125,18.45180320739746
2460.png,0,0.0011060771066695452,1426.2933349609375,361.869140625,1437.7545166015625,375.869140625
2460.png,1,0.0010965617839246988,1203.7306518554688,11.842025756835938,1233.7406616210938,36.274627685546875
2460.png,1,0.0010960825020447373,1093.3631591796875,1127.593505859375,1104.8775634765625,1154.775634765625
2460.png,0,0.0010912492871284485,1015.340087890625,993.8033752441406,1024.0,1012.5865783691406
2460.png,0,0.0010882937349379063,1116.0335693359375,1134.6439208984375,1125.9884033203125,1152.3228759765625
2460.png,0,0.0010705062886700034,1020.7567443847656,274.449462890625,1035.6872863769531,285.5208740234375
2460.png,0,0.0010647313902154565,885.6734619140625,514.3929443359375,918.5450439453125,542.2061767578125
2460.png,2,0.0010507776169106364,158.48568725585938,626.0415573120117,191.01174926757812,640.2857360839844
2460.png,2,0.00103453965857625,428.85821533203125,1012.6701049804688,462.54766845703125,1022.6547241210938
2460.png,1,0.0010210949694737792,1003.577880859375,307.03265380859375,1051.615234375,323.23602294921875
2470.png,1,0.3595173954963684,995.4388427734375,2172.0,1036.5061950683594,2213.9811820983887
2470.png,1,0.2762407064437866,1096.40234375,2354.3568420410156,1152.2498779296875,2390.890655517578
2470.png,1,0.2755885124206543,2608.194122314453,2748.7724609375,2660.487579345703,2800.583251953125
2470.png,1,0.27473902702331543,1157.6752624511719,2299.3521118164062,1224.7959289550781,2347.7606811523438
2470.png,1,0.2703142762184143,2632.6014404296875,2345.099365234375,2688.1019287109375,2390.375244140625
2470.png,1,0.2507271468639374,1023.2088012695312,2366.4724731445312,1079.0798950195312,2411.1696166992188
2470.png,1,0.24055536091327667,1114.6436767578125,2177.2962799072266,1181.9261474609375,2223.090621948242
2470.png,1,0.22705967724323273,594.4256591796875,1817.1013793945312,654.2340087890625,1860.9627075195312
2470.png,1,0.21644338965415955,564.5137329101562,1808.423583984375,616.4183959960938,1850.0287475585938
2470.png,1,0.19923046231269836,285.83367919921875,2034.4896850585938,336.21649169921875,2073.0234985351562
2470.png,1,0.1914750337600708,1083.7433471679688,2124.05029296875,1137.5335083007812,2169.153564453125
2470.png,1,0.18902148306369781,1979.7474975585938,2266.6905822753906,2015.2676391601562,2311.6676635742188
2470.png,1,0.18842589855194092,653.937744140625,1670.3043975830078,704.930419921875,1703.6652374267578
2470.png,1,0.18377681076526642,2536.76123046875,2828.092529296875,2598.969482421875,2880.786865234375
2470.png,1,0.17607396841049194,3018.5391845703125,2351.0982971191406,3056.7457275390625,2392.228057861328
2470.png,1,0.17385119199752808,2597.8403930664062,2762.0863037109375,2641.2019653320312,2813.0050048828125
2470.png,1,0.1663382351398468,1172.7194213867188,1360.189208984375,1218.496826171875,1402.3370361328125
2470.png,1,0.14700011909008026,1082.3852233886719,2332.167694091797,1130.9909362792969,2378.539825439453
2470.png,2,0.13905584812164307,530.9042358398438,1867.9661254882812,588.4598999023438,1912.5122680664062
2470.png,1,0.13263936340808868,1018.9276733398438,1474.3919677734375,1062.9766235351562,1515.3038330078125
2470.png,1,0.1319444179534912,67.96907043457031,2223.4780883789062,118.69456481933594,2255.6799926757812
2470.png,2,0.13178110122680664,612.641357421875,1761.1844787597656,674.584228515625,1808.0049133300781
2470.png,1,0.13172389566898346,447.6812744140625,1907.4803466796875,491.8094482421875,1943.4954833984375
2470.png,1,0.12971892952919006,715.967529296875,1688.3600006103516,762.1241455078125,1728.480697631836
2470.png,1,0.11915826052427292,1187.0482788085938,2246.212890625,1238.4077758789062,2281.614990234375
2470.png,2,0.11780237406492233,661.7056884765625,1729.7005615234375,710.4876708984375,1770.1131591796875
2470.png,1,0.11665469408035278,3027.850830078125,1729.104736328125,3078.28955078125,1766.080322265625
2470.png,2,0.11639976501464844,320.466796875,2039.5112915039062,370.351318359375,2082.0974731445312
2470.png,1,0.11176372319459915,1134.5120544433594,2195.5729694366455,1196.5763244628906,2238.4266510009766
2470.png,1,0.11127368360757828,1271.8576354980469,2164.8153686523438,1325.99365234375,2209.0302124023438
2470.png,0,0.11114266514778137,2359.6782836914062,2531.0908203125,2395.1534729003906,2554.201416015625
2470.png,2,0.10987435281276703,714.214599609375,1688.5528564453125,761.136962890625,1728.7572021484375
2470.png,0,0.10754315555095673,2297.5172119140625,3136.0145263671875,2322.5423583984375,3157.9835205078125
2470.png,1,0.10531309992074966,686.6026000976562,2585.1114501953125,722.1095581054688,2625.51708984375
2470.png,1,0.10451702773571014,806.59716796875,1654.0039825439453,854.969970703125,1689.0015106201172
2470.png,1,0.10120853781700134,614.48583984375,1763.0934448242188,671.390380859375,1809.039306640625
2470.png,0,0.10079842805862427,1960.0774841308594,2291.8524017333984,1982.3202209472656,2322.8993072509766
2470.png,1,0.0998978242278099,1121.6704711914062,1351.687255859375,1175.5479125976562,1397.93359375
2470.png,2,0.09987252205610275,1118.8609619140625,1352.0010986328125,1173.2347412109375,1396.7664794921875
2470.png,0,0.09781541675329208,928.4462890625,771.6610107421875,955.2080078125,797.9210205078125
2470.png,1,0.09734287858009338,337.67620849609375,2988.3603515625,393.47467041015625,3024.75537109375
2470.png,0,0.08811181783676147,2463.299560546875,3000.422607421875,2491.12939453125,3025.28857421875
2470.png,2,0.08769811689853668,2978.7257080078125,2413.165740966797,3022.8927001953125,2467.8133239746094
2470.png,2,0.08746692538261414,2534.029052734375,2335.1784057617188,2587.7181396484375,2373.2247924804688
2470.png,1,0.08642307668924332,2543.8849182128906,2341.3922119140625,2590.207733154297,2378.7708740234375
2470.png,0,0.08444865047931671,2434.6890258789062,3022.5809326171875,2467.8698120117188,3046.4051513671875
2470.png,1,0.08275151252746582,1217.3991088867188,3062.8643798828125,1270.419189453125,3114.3507080078125
2470.png,1,0.0826745256781578,998.3013610839844,645.839599609375,1048.0284423828125,693.66015625
2470.png,2,0.08093947917222977,400.8284912109375,1937.9076232910156,457.82421875,1978.3028869628906
2470.png,2,0.07796274125576019,450.325927734375,1937.38134765625,507.95806884765625,1978.76123046875
2470.png,1,0.07783795893192291,660.7725219726562,1731.3636779785156,711.1919555664062,1769.7425537109375
2470.png,1,0.07753371447324753,403.5008544921875,1942.5553588867188,456.51702880859375,1978.1327514648438
2470.png,0,0.07569090276956558,2682.6406860351562,2773.6927490234375,2705.4951782226562,2798.4588623046875
2470.png,1,0.07445230334997177,995.9492492675781,725.3270874023438,1042.7139587402344,777.9315795898438
2470.png,0,0.07311329245567322,2279.08349609375,2311.4359130859375,2310.7200927734375,2335.53857421875
2470.png,0,0.07234033942222595,808.1160278320312,1654.052963256836,854.4153594970703,1691.4271392822266
2470.png,1,0.07026125490665436,1124.5887451171875,1385.0343627929688,1177.5538330078125,1424.8634643554688
2470.png,2,0.07006368786096573,2416.6756744384766,2441.9400634765625,2457.791015625,2482.831298828125
2470.png,1,0.06954455375671387,2323.9022216796875,2472.181854248047,2368.0582275390625,2510.538543701172
2470.png,0,0.06941916793584824,1319.1675415039062,415.29998779296875,1346.7324829101562,437.7484130859375
2470.png,0,0.06843777745962143,1620.8154754638672,2240.596923828125,1660.731216430664,2263.170654296875
2470.png,0,0.06829706579446793,1481.5162353515625,1964.266357421875,1516.6446533203125,1995.1542358398438
2470.png,0,0.06479189544916153,2361.3101196289062,2514.527313232422,2393.6793823242188,2535.283905029297
2470.png,1,0.0641537755727768,660.97119140625,1683.3016357421875,709.97509765625,1716.1345520019531
2470.png,0,0.06372338533401489,988.5270843505859,2512.5338745117188,1020.5025482177734,2534.08837890625
2470.png,2,0.06263889372348785,1123.843994140625,1384.2373046875,1175.1094970703125,1424.8828125
2470.png,1,0.06167782098054886,1964.0379333496094,2274.0485076904297,2000.5053405761719,2324.0594787597656
2470.png,1,0.0616777203977108,2053.6143798828125,2001.7327880859375,2102.7904052734375,2057.8671875
2470.png,0,0.06165643781423569,2749.1096801757812,3077.493408203125,2783.0700073242188,3116.448974609375
2470.png,0,0.0610368587076664,1016.8212890625,1473.5845336914062,1063.1466674804688,1517.9733276367188
2470.png,0,0.06083281710743904,2370.8670654296875,2450.3343505859375,2393.3463134765625,2470.6292724609375
2470.png,0,0.060259345918893814,1123.9724731445312,1386.6188354492188,1170.9633178710938,1425.6569213867188
2470.png,2,0.0600222647190094,1220.2128295898438,2208.316291809082,1286.2921752929688,2252.263771057129
2470.png,0,0.05910308659076691,447.8873291015625,1907.1336364746094,490.59832763671875,1943.1875915527344
2470.png,0,0.058389678597450256,2045.5063171386719,1994.4501342773438,2063.041259765625,2032.2619018554688
2470.png,0,0.057986319065093994,2867.8680419921875,2831.4530029296875,2911.205810546875,2863.2681884765625
2470.png,0,0.05664115771651268,965.9114379882812,732.742431640625,990.6633911132812,756.330078125
2470.png,0,0.05629316344857216,2727.8145751953125,3055.9915771484375,2756.5487060546875,3083.1402587890625
2470.png,3,0.05609969049692154,1009.1613159179688,741.92724609375,1043.2724609375,781.2841796875
2470.png,0,0.05536459758877754,2657.6824951171875,2972.0869750976562,2691.4888305664062,3001.2932739257812
2470.png,2,0.054288726300001144,1218.305419921875,3063.14599609375,1272.451904296875,3112.884521484375
2470.png,0,0.05421024560928345,2880.3701171875,2099.66357421875,2909.823486328125,2125.779296875
2470.png,2,0.05374610051512718,1141.7491149902344,2042.2162475585938,1232.2740173339844,2071.0223999023438
2470.png,0,0.05341620370745659,686.8433837890625,2584.12353515625,722.5975341796875,2626.0311889648438
2470.png,0,0.05325617268681526,403.9713439941406,1946.2862243652344,445.6156921386719,1977.4186096191406
2470.png,1,0.052250880748033524,1179.3092346191406,2461.210693359375,1238.1447448730469,2507.260986328125
2470.png,1,0.05072683468461037,2281.2823486328125,3112.052734375,2319.8631591796875,3142.170654296875
2470.png,2,0.05061744153499603,328.9425048828125,2971.85791015625,390.2803955078125,3010.4365234375
2470.png,0,0.050189629197120667,637.1783447265625,824.5164794921875,660.0377197265625,844.2266845703125
2470.png,1,0.05008918046951294,2360.2454223632812,2537.1034545898438,2401.949188232422,2564.888916015625
2470.png,0,0.048878014087677,2911.798828125,2136.4013671875,2937.144287109375,2164.457763671875
2470.png,0,0.04860272258520126,1093.6937866210938,2354.927734375,1150.052734375,2391.6716918945312
2470.png,0,0.047948744148015976,2105.5390625,2156.4534912109375,2123.832763671875,2184.5308837890625
2470.png,2,0.04759407415986061,1164.6393737792969,1352.9857177734375,1214.7728576660156,1395.7313232421875
2470.png,0,0.047465696930885315,772.0595512390137,741.1597290039062,808.1179008483887,772.7202758789062
2470.png,0,0.04676205664873123,974.7717895507812,2545.5210571289062,999.1396179199219,2570.2496337890625
2470.png,0,0.04673859477043152,287.05084228515625,2036.7501831054688,332.36663818359375,2072.6934204101562
2470.png,1,0.04662294685840607,1008.3816528320312,2152.43994140625,1058.490966796875,2199.6085205078125
2470.png,1,0.04654547572135925,684.9647827148438,661.0538330078125,726.7241821289062,710.4091796875
2470.png,1,0.04647112637758255,1139.39990234375,2042.0895690917969,1213.005615234375,2065.492431640625
2470.png,0,0.04602755606174469,2307.6158447265625,2709.2559814453125,2327.9657592773438,2747.3399658203125
2470.png,3,0.045952554792165756,990.0115356445312,750.1612548828125,1019.0866088867188,787.1207275390625
2470.png,2,0.044943347573280334,2324.9151763916016,2470.6949462890625,2369.813705444336,2510.5501708984375
2470.png,0,0.04368302971124649,1198.4210205078125,184.38229370117188,1241.7550659179688,231.47189331054688
2470.png,0,0.04340239241719246,2325.916015625,2844.5317993164062,2363.80810546875,2880.9424438476562
2470.png,0,0.04322992265224457,2842.70166015625,2879.9080200195312,2874.6947021484375,2907.2650756835938
2470.png,0,0.04249405115842819,2557.8921508789062,2821.4991455078125,2586.6099243164062,2856.7843017578125
2470.png,0,0.042353689670562744,903.1311798095703,2632.3118591308594,922.8227996826172,2649.8699645996094
2470.png,0,0.041979894042015076,1171.7295532226562,1364.3052978515625,1216.2631225585938,1402.7633056640625
2470.png,0,0.04068000242114067,694.219970703125,1630.8719177246094,725.170654296875,1649.2186279296875
2470.png,0,0.03922557830810547,1117.5079956054688,2187.26224899292,1157.3942260742188,2221.752986907959
2470.png,0,0.03883672505617142,2415.5882873535156,2439.5927124023438,2458.1822814941406,2485.0480346679688
2470.png,0,0.03864879161119461,2440.4593505859375,3172.3099365234375,2456.4468994140625,3193.7789306640625
2470.png,2,0.0384819470345974,897.2166442871094,1541.6064453125,931.6012878417969,1580.7672119140625
2470.png,0,0.038469281047582626,2638.5902709960938,2840.65234375,2661.3244018554688,2866.763671875
2470.png,0,0.03801394999027252,615.029296875,1768.3907470703125,655.727294921875,1808.5155334472656
2470.png,1,0.03797672316431999,967.1757659912109,2173.8223876953125,1009.3400115966797,2220.4056396484375
2470.png,0,0.037861548364162445,2518.0332946777344,2986.765625,2546.313995361328,3011.284912109375
2470.png,0,0.03764314949512482,999.1274719238281,2172.0,1035.639892578125,2214.4798851013184
2470.png,3,0.03752674162387848,1020.925048828125,776.0403747558594,1032.1289672851562,788.508602142334
2470.png,2,0.037074293941259384,200.79672241210938,2095.1702880859375,253.29171752929688,2136.3594970703125
2470.png,0,0.03688491880893707,2035.22802734375,2940.0864868164062,2066.9832763671875,2958.1956176757812
2470.png,0,0.03630674630403519,1211.649169921875,2070.8271484375,1243.965087890625,2086.7113037109375
2470.png,1,0.0357135608792305,1135.5389099121094,2021.69873046875,1188.7005920410156,2046.0489501953125
2470.png,2,0.035242266952991486,1504.6558227539062,1997.1745300292969,1553.0542602539062,2035.8434143066406
2470.png,0,0.03483957424759865,2325.6963500976562,3115.341552734375,2352.8280639648438,3138.39501953125
2470.png,0,0.034673046320676804,3057.7020263671875,2246.7303009033203,3094.4439697265625,2290.894500732422
2470.png,0,0.03449714928865433,2794.6412353515625,2204.552703857422,2821.0504150390625,2227.4131774902344
2470.png,0,0.03428616374731064,1335.430908203125,2318.5264892578125,1360.803466796875,2341.0028076171875
2470.png,0,0.03411588445305824,1218.8870239257812,3064.3397827148438,1269.4719848632812,3110.9092407226562
2470.png,1,0.03396214172244072,2517.5070190429688,2986.0594482421875,2545.4163208007812,3010.9661865234375
2470.png,2,0.03387005254626274,1017.9552001953125,2367.8528442382812,1074.0154418945312,2412.7549438476562
2470.png,0,0.03383703529834747,2085.2525634765625,2915.7039794921875,2119.8087158203125,2933.1324462890625
2470.png,0,0.03382570296525955,1087.080322265625,2159.9808349609375,1128.654296875,2186.2767333984375
2470.png,0,0.03368796408176422,2643.0770263671875,2939.4624633789062,2664.0616455078125,2958.2478637695312
2470.png,0,0.03344825655221939,64.30386352539062,2224.3995361328125,121.41961669921875,2255.7545166015625
2470.png,3,0.03340142220258713,532.88671875,1877.7471313476562,576.531005859375,1911.7179565429688
2470.png,0,0.03330441936850548,1188.0180969238281,2298.311767578125,1222.7409362792969,2328.68505859375
2470.png,2,0.03325198218226433,1087.4862670898438,2380.961395263672,1158.2129516601562,2435.0745239257812
2470.png,3,0.033135898411273956,1086.673828125,2156.308349609375,1133.46142578125,2186.646728515625
2470.png,0,0.03294119983911514,2280.274169921875,3111.1507568359375,2319.76513671875,3144.6976318359375
2470.png,0,0.03290458023548126,1121.556884765625,1364.5354614257812,1163.5891723632812,1397.5630493164062
2470.png,1,0.0327872596681118,1093.1243591308594,2172.0256481170654,1145.5038146972656,2197.1474285125732
2470.png,0,0.03270651400089264,2434.2300415039062,3011.57421875,2457.0651245117188,3039.125244140625
2470.png,0,0.03266909345984459,3022.232177734375,2349.3079833984375,3057.30322265625,2387.9085693359375
2470.png,0,0.032657869160175323,524.2786865234375,2752.3527221679688,550.0274658203125,2778.8489379882812
2470.png,0,0.032329052686691284,1622.273193359375,1808.3701782226562,1641.0198364257812,1824.4447631835938
2470.png,0,0.03227753937244415,1074.9632568359375,2327.1466064453125,1112.9263916015625,2365.438751220703
2470.png,1,0.03209917992353439,771.1322479248047,733.5340576171875,806.0312728881836,773.2374267578125
2470.png,0,0.03181009367108345,713.2682495117188,1688.4001159667969,758.9723510742188,1729.0052185058594
2470.png,0,0.0314156673848629,2927.3824462890625,2157.7131958007812,2951.818359375,2183.4374389648438
2470.png,0,0.031218955293297768,652.32177734375,1672.5930786132812,702.591796875,1701.9520874023438
2470.png,0,0.031181175261735916,1008.8118438720703,747.9614868164062,1043.7861938476562,780.1710815429688
2470.png,3,0.031179027631878853,319.80596923828125,2039.2554931640625,365.70599365234375,2082.9591064453125
2470.png,1,0.030622560530900955,153.45184326171875,2180.260383605957,196.9732666015625,2212.332862854004
2470.png,0,0.030500387772917747,1136.5390014648438,2022.541015625,1190.3626708984375,2045.83740234375
2470.png,3,0.029998978599905968,713.23974609375,1685.9171142578125,756.6728515625,1730.2745361328125
2470.png,3,0.029992638155817986,2384.49365234375,2474.7044982910156,2417.6202392578125,2508.464630126953
2470.png,0,0.029890190809965134,1592.492919921875,1822.012451171875,1616.415771484375,1846.665771484375
2470.png,0,0.029743589460849762,1145.7342529296875,2043.1292724609375,1217.300048828125,2062.3302001953125
2470.png,0,0.029686013236641884,2648.2839965820312,2342.6028747558594,2689.1793212890625,2384.2013244628906
2470.png,1,0.029179386794567108,530.829833984375,1865.1104431152344,588.4072265625,1913.0329895019531
2470.png,0,0.0290451068431139,2324.812286376953,2473.2376098632812,2363.4932861328125,2510.6932983398438
2470.png,1,0.029043681919574738,2432.2574462890625,3016.8212890625,2471.9039306640625,3048.60302734375
2470.png,0,0.029027147218585014,662.2946166992188,1729.6823120117188,709.6419067382812,1768.8781127929688
2470.png,0,0.028734611347317696,1633.4620666503906,1839.465576171875,1649.3862609863281,1853.0418701171875
2470.png,1,0.02846786566078663,3057.66748046875,2251.936309814453,3091.829345703125,2290.3207092285156
2470.png,3,0.028180241584777832,2976.011962890625,2415.0811157226562,3021.4892578125,2468.5488891601562
2470.png,3,0.02717963233590126,896.6784515380859,1545.7405395507812,931.1370086669922,1580.7362670898438
2470.png,0,0.027071334421634674,1092.7432250976562,2328.841796875,1129.833740234375,2369.420654296875
2470.png,1,0.027030399069190025,1089.3672485351562,2380.9083862304688,1158.0037231445312,2430.315185546875
2470.png,1,0.026489226147532463,1086.0122985839844,2147.7037963867188,1138.1941833496094,2188.0125122070312
2470.png,3,0.026397280395030975,2607.3469848632812,2746.3704833984375,2628.4526977539062,2764.327392578125
2470.png,0,0.02636723592877388,2599.6871337890625,2765.3284301757812,2638.8585205078125,2805.9561157226562
2470.png,2,0.02607765980064869,998.5681762695312,2137.8828125,1059.2490234375,2197.8936767578125
2470.png,2,0.025697626173496246,2792.331298828125,2610.4559936523438,2839.39990234375,2660.3643188476562
2470.png,0,0.025623399764299393,1267.6262817382812,2164.9114990234375,1324.7031860351562,2213.1761474609375
2470.png,2,0.025454701855778694,1071.5204772949219,2332.100311279297,1114.7041931152344,2376.4422912597656
2470.png,2,0.025418980047106743,446.1585998535156,1903.0066528320312,486.8864440917969,1946.2749633789062
2470.png,2,0.0253836028277874,2917.9951171875,2486.5043334960938,2964.5675048828125,2541.6305541992188
2470.png,0,0.02525741420686245,1033.707275390625,2364.4317626953125,1083.3064575195312,2398.9564819335938
2470.png,0,0.025150079280138016,908.0962524414062,2597.8262329101562,924.7940063476562,2612.5311889648438
2470.png,1,0.024955645203590393,2659.3251953125,2969.879150390625,2698.1883544921875,3000.5960693359375
2470.png,0,0.024737564846873283,3026.1888427734375,1729.7412719726562,3074.91162109375,1765.2897338867188
2470.png,3,0.024495931342244148,2541.9474182128906,2824.9398193359375,2559.604034423828,2847.3421630859375
2470.png,2,0.024102920666337013,663.27197265625,1691.9949645996094,710.614990234375,1724.6434020996094
2470.png,0,0.023465706035494804,338.0052490234375,2991.8002319335938,387.83544921875,3024.6370239257812
2470.png,0,0.02337285503745079,2261.273666381836,3172.955078125,2278.431167602539,3186.453857421875
2470.png,0,0.023222124204039574,319.9337158203125,2039.2885437011719,365.75860595703125,2083.71923828125
2470.png,3,0.023183973506093025,660.7990112304688,1738.6290283203125,705.4234008789062,1767.6221923828125
2470.png,0,0.023101722821593285,2607.438720703125,2752.4964599609375,2648.893798828125,2795.2813720703125
2470.png,0,0.023064024746418,201.45703125,2105.482666015625,241.12420654296875,2136.122802734375
2470.png,3,0.022898416966199875,452.573486328125,1944.65234375,495.41925048828125,1979.3656005859375
2470.png,0,0.022845184430480003,934.6280517578125,778.163330078125,961.4451904296875,810.7423095703125
2470.png,0,0.022845005616545677,1111.7045288085938,2173.121664047241,1145.7614135742188,2203.4472789764404
2470.png,0,0.02266283519566059,1363.8161010742188,2065.7742919921875,1389.9014282226562,2089.7413330078125
2470.png,0,0.02263428270816803,1004.1776123046875,2528.423370361328,1022.9609375,2548.2921447753906
2470.png,0,0.022512871772050858,983.9819183349609,220.75860595703125,1001.7983856201172,236.02587890625
2470.png,3,0.02230236865580082,157.9394073486328,2049.581298828125,181.3805694580078,2089.864990234375
2470.png,1,0.022204510867595673,1401.1730346679688,1751.526123046875,1449.5838012695312,1792.0
2470.png,0,0.02219684049487114,1200.2669067382812,2052.630615234375,1232.2822875976562,2069.07958984375
2470.png,0,0.021887658163905144,1686.3580322265625,1893.9777221679688,1719.0745849609375,1927.7737426757812
2470.png,0,0.021800870075821877,1645.8839645385742,1819.9716796875,1662.2817001342773,1833.1434936523438
2470.png,0,0.021796509623527527,1094.364501953125,2173.6797065734863,1127.9867553710938,2197.3134765625
2470.png,2,0.021715329959988594,1148.8934936523438,2056.4779052734375,1229.9830932617188,2087.0230712890625
2470.png,0,0.02153424173593521,2333.354217529297,2924.4031982421875,2353.6988830566406,2959.1771240234375
2470.png,3,0.021380336955189705,2399.9798583984375,2472.458465576172,2429.9854736328125,2509.872100830078
2470.png,3,0.02136661298573017,2791.8570556640625,2615.08935546875,2813.7261962890625,2658.44482421875
2470.png,2,0.021309247240424156,152.42132568359375,2181.291244506836,198.64227294921875,2213.453384399414
2470.png,3,0.02127680368721485,1198.258544921875,181.666015625,1239.5247802734375,230.04962158203125
2470.png,0,0.021152827888727188,654.7056884765625,1686.0345458984375,708.3006591796875,1718.03369140625
2470.png,2,0.02061600610613823,1004.3863830566406,712.9816284179688,1043.6298522949219,757.3986206054688
2470.png,0,0.02053738757967949,2542.5724487304688,2342.3355712890625,2589.1608276367188,2377.9771728515625
2470.png,2,0.020287562161684036,771.1353759765625,741.763671875,809.9234619140625,772.151123046875
2470.png,3,0.02023969776928425,2543.768280029297,2341.6297607421875,2588.177947998047,2379.4813232421875
2470.png,1,0.019995829090476036,120.73710632324219,2184.1341552734375,164.56663513183594,2219.461669921875
2470.png,0,0.019981911405920982,3064.3741455078125,2230.779655456543,3083.2559814453125,2247.506019592285
2470.png,0,0.019810358062386513,532.9847412109375,1867.029052734375,586.4420166015625,1912.365966796875
2470.png,2,0.019583500921726227,2371.7706298828125,2544.6199340820312,2414.3577880859375,2586.9735717773438
2470.png,0,0.019567927345633507,1385.476806640625,1891.7179870605469,1405.176513671875,1908.9032287597656
2470.png,3,0.0195455439388752,2281.4810638427734,2540.0267944335938,2316.2879180908203,2568.9627075195312
2470.png,1,0.019505806267261505,2867.3089599609375,2830.923095703125,2911.837158203125,2864.8385009765625
2470.png,0,0.019490908831357956,647.7135009765625,225.46157836914062,675.11865234375,238.95547485351562
2470.png,3,0.019441742449998856,997.82421875,2174.324493408203,1024.5927734375,2218.627487182617
2470.png,0,0.019067302346229553,1631.523422241211,1824.3072509765625,1657.0459289550781,1842.5458984375
2470.png,0,0.018943214789032936,1177.5862426757812,2239.5933837890625,1236.8876342773438,2283.7210693359375
2470.png,0,0.018861152231693268,477.69403076171875,2929.2259521484375,506.73944091796875,2947.1734619140625
2470.png,3,0.018526671454310417,445.69903564453125,1908.3548889160156,492.43316650390625,1943.4216613769531
2470.png,0,0.018188295885920525,1402.4969482421875,2082.9354858398438,1431.4827880859375,2110.3145141601562
2470.png,1,0.01775723695755005,451.88916015625,1940.878662109375,513.986083984375,1980.2382202148438
2470.png,1,0.017603415995836258,411.2877197265625,1926.5827331542969,449.556640625,1961.0262145996094
2470.png,3,0.017591562122106552,2567.186279296875,2401.8250732421875,2605.8709716796875,2424.0838623046875
2470.png,2,0.0175914466381073,2911.5222778320312,2124.0565185546875,2945.0347290039062,2166.1468505859375
2470.png,0,0.0175149068236351,1263.2476196289062,401.49114990234375,1283.4300537109375,415.19171142578125
2470.png,0,0.017485234886407852,2280.6733779907227,2538.8992309570312,2315.3765563964844,2568.3052368164062
2470.png,2,0.017363399267196655,972.5052490234375,1535.800048828125,1011.7439880371094,1561.75830078125
2470.png,0,0.017196329310536385,293.17431640625,1921.7711486816406,318.5457763671875,1945.2470397949219
2470.png,3,0.017121165990829468,1093.4195556640625,2330.2952880859375,1129.30078125,2369.0864868164062
2470.png,1,0.01686221733689308,568.4691162109375,2802.168212890625,613.1954345703125,2837.3330078125
2470.png,1,0.016809288412332535,2321.187469482422,3114.0474853515625,2353.4044799804688,3145.816650390625
2470.png,2,0.016771653667092323,610.1290283203125,608.8781127929688,664.8438720703125,652.1536254882812
2470.png,2,0.01662975735962391,1085.281494140625,2154.2754516601562,1139.6060791015625,2186.9819946289062
2470.png,3,0.0165579654276371,613.62744140625,1781.8274536132812,655.220703125,1807.946533203125
2470.png,0,0.01654883846640587,768.0,2172.0723419189453,780.05921459198,2193.901958465576
2470.png,1,0.016390927135944366,1261.9851684570312,2230.0262031555176,1306.4868774414062,2264.8900299072266
2470.png,3,0.016369186341762543,2414.6585388183594,2448.6876220703125,2457.413299560547,2483.7816162109375
2470.png,0,0.016275964677333832,879.1046371459961,221.30712890625,894.7594223022461,238.00823974609375
2470.png,3,0.016249995678663254,1019.1599426269531,730.9835815429688,1043.7936706542969,755.9006958007812
2470.png,0,0.016243450343608856,674.0970458984375,666.97021484375,701.2244873046875,697.571044921875
2470.png,0,0.016211720183491707,2401.5316162109375,2478.4362182617188,2439.6424560546875,2509.7467651367188
2470.png,0,0.01619577407836914,961.8416595458984,258.06256103515625,982.0596160888672,274.17047119140625
2470.png,0,0.016172358766198158,898.7579345703125,1548.3460655212402,927.7703857421875,1581.367488861084
2470.png,3,0.016145911067724228,985.9991455078125,2511.5678100585938,1022.4873657226562,2539.958984375
2470.png,0,0.016030268743634224,2487.923828125,2980.42919921875,2520.4466552734375,3006.6883544921875
2470.png,0,0.015931520611047745,2208.526123046875,2437.4500122070312,2221.835693359375,2456.9276733398438
2470.png,0,0.015786495059728622,2548.9794921875,2828.3985595703125,2560.0,2840.181884765625
2470.png,0,0.015763508155941963,2247.307388305664,3185.8377685546875,2263.604721069336,3195.9298095703125
2470.png,2,0.015731003135442734,2560.41748046875,2245.4441528320312,2617.5960693359375,2287.2916870117188
2470.png,0,0.01564742438495159,1644.2275390625,1834.7291870117188,1684.044189453125,1864.226318359375
2470.png,1,0.01562599278986454,2487.8599243164062,2979.6904296875,2519.0004272460938,3015.2388916015625
2470.png,3,0.015599998645484447,1013.5201416015625,2369.3890228271484,1042.8585205078125,2413.2552337646484
2470.png,1,0.015550288371741772,1401.5255126953125,2084.1826782226562,1432.9603271484375,2117.5429077148438
2470.png,0,0.015360335819423199,1193.5070190429688,707.3282470703125,1209.7333374023438,724.8555908203125
2470.png,0,0.01534260343760252,3050.71240234375,2216.6707763671875,3066.65771484375,2234.0133056640625
2470.png,0,0.015304413624107838,2536.461669921875,2838.9068603515625,2591.74951171875,2875.0538330078125
2470.png,1,0.015267586335539818,1253.7072143554688,2154.77099609375,1295.764892578125,2188.392822265625
2470.png,2,0.015234800986945629,1241.304931640625,2141.9317626953125,1287.0347900390625,2176.273681640625
2470.png,3,0.014911181293427944,2580.341064453125,2948.6781005859375,2595.804931640625,2967.96728515625
2470.png,0,0.014692571014165878,1221.3250122070312,2209.6662826538086,1282.0564575195312,2250.152702331543
2470.png,3,0.01468008104711771,1068.1869506835938,2332.991180419922,1111.9906616210938,2377.572296142578
2470.png,1,0.014646385796368122,2371.3949432373047,2545.3855590820312,2418.953353881836,2587.5656127929688
2470.png,0,0.01459735818207264,566.640869140625,1815.7801818847656,609.89404296875,1847.5881652832031
2470.png,1,0.014552534557878971,2910.8302001953125,2122.0413818359375,2948.4464111328125,2167.3883056640625
2470.png,0,0.014519277028739452,1589.37353515625,1808.7105712890625,1607.21044921875,1823.4456787109375
2470.png,2,0.014508964493870735,2628.712890625,2242.052734375,2659.4174194335938,2282.8427734375
2470.png,1,0.01446793507784605,1525.5980224609375,1724.0744018554688,1560.57275390625,1768.7123413085938
2470.png,0,0.014389238320291042,452.9650573730469,1941.4362182617188,502.2445983886719,1981.2507934570312
2470.png,2,0.014234659262001514,743.7568359375,1695.5725555419922,796.0301513671875,1736.923110961914
2470.png,0,0.014154896140098572,154.8634033203125,2182.7808837890625,198.31069946289062,2215.3841552734375
2470.png,0,0.014115032739937305,1647.1185989379883,1827.893798828125,1663.7053604125977,1840.1044921875
2470.png,3,0.014105706475675106,745.6973876953125,1699.2620849609375,789.4617919921875,1736.4464111328125
2470.png,0,0.01405290700495243,3044.16650390625,2260.4198150634766,3086.60498046875,2307.8627166748047
2470.png,3,0.014020306058228016,973.7785034179688,768.274019241333,1018.7477722167969,788.4638843536377
2470.png,3,0.013988668099045753,2538.0105590820312,2832.837890625,2552.4490356445312,2852.3076171875
2470.png,3,0.013945595361292362,2673.9153442382812,2331.27099609375,2703.0252075195312,2356.788330078125
2470.png,3,0.013888285495340824,1025.61767578125,1488.0809326171875,1072.0723266601562,1520.2916259765625
2470.png,2,0.013707702979445457,2107.8275146484375,2129.5078125,2138.6702880859375,2182.15234375
2470.png,0,0.013516346924006939,1762.12060546875,1828.6419067382812,1790.86767578125,1850.2081909179688
2470.png,2,0.013492981903254986,841.841796875,1646.8238525390625,908.105712890625,1701.5294189453125
2470.png,3,0.01346956193447113,2628.430908203125,2239.815673828125,2661.7579345703125,2282.9599609375
2470.png,0,0.013399031013250351,2434.289306640625,2033.3718872070312,2465.05224609375,2050.4087524414062
2470.png,1,0.013270208612084389,657.0711669921875,1700.8780517578125,712.176513671875,1725.3664855957031
2470.png,3,0.013123173266649246,1161.4703979492188,1351.41357421875,1205.2609252929688,1395.091552734375
2470.png,3,0.013027152046561241,2778.4401245117188,2631.8805541992188,2807.8331909179688,2658.5909423828125
2470.png,0,0.012886413373053074,1082.8938598632812,2126.1934204101562,1131.4743041992188,2167.3623657226562
2470.png,3,0.012874778360128403,1150.4842224121094,2056.5355224609375,1220.6055603027344,2080.6583251953125
2470.png,0,0.012812966480851173,3070.32373046875,2156.734619140625,3095.92333984375,2178.620361328125
2470.png,0,0.012620966881513596,2365.3526000976562,2542.6555786132812,2406.3507690429688,2586.0966186523438
2470.png,1,0.012591758742928505,2107.620849609375,2130.2052001953125,2138.20703125,2183.0299072265625
2470.png,0,0.012561801820993423,681.49658203125,758.776611328125,698.13330078125,774.723388671875
2470.png,0,0.012527518905699253,2641.2349853515625,2952.8850708007812,2669.3797607421875,2976.5823364257812
2470.png,0,0.012481520883738995,1610.6821212768555,1761.535888671875,1634.733772277832,1772.643798828125
2470.png,3,0.012427985668182373,2332.6089477539062,2838.013427734375,2366.4796752929688,2878.82421875
2470.png,0,0.012277738191187382,2629.4654541015625,2242.240234375,2657.7491455078125,2282.7685546875
2470.png,1,0.012213940732181072,346.8150329589844,2975.697021484375,395.3955383300781,3008.0059814453125
2470.png,1,0.012203251011669636,708.8975830078125,1764.48486328125,754.2530517578125,1792.0
2470.png,0,0.012152113951742649,772.3504009246826,2160.3800659179688,798.6948375701904,2182.0105590820312
2470.png,3,0.012081322260200977,2566.356201171875,2917.1649169921875,2596.968017578125,2941.4735107421875
2470.png,1,0.012053614482283592,1242.5739135742188,2141.9991455078125,1286.7451782226562,2174.5777587890625
2470.png,3,0.011930210515856743,2570.3211669921875,2410.050811767578,2609.6407470703125,2431.845733642578
2470.png,0,0.011917066760361195,1252.0165405273438,2149.5624389648438,1289.8745727539062,2186.1314086914062
2470.png,0,0.011898573487997055,925.207763671875,2596.816436767578,942.40087890625,2611.376678466797
2470.png,0,0.011807293631136417,2633.6207275390625,2351.574493408203,2678.9275512695312,2391.4652404785156
2470.png,2,0.011698476038873196,2066.9095458984375,2946.244140625,2119.7623291015625,2970.141845703125
2470.png,0,0.011545353569090366,2113.9257202148438,2153.3178100585938,2136.5435180664062,2181.3065795898438
2470.png,0,0.011484046466648579,2646.4385986328125,2984.0069580078125,2675.669677734375,3006.9718017578125
2470.png,1,0.01124330423772335,700.1463623046875,1804.1553344726562,729.2562255859375,1827.3344116210938
2470.png,0,0.011085722595453262,2349.5596923828125,1983.6852416992188,2369.1558837890625,2004.0608520507812
2470.png,3,0.010768340900540352,2109.9564208984375,2147.255615234375,2135.6383056640625,2181.067626953125
2470.png,3,0.01073481235653162,1620.6638793945312,1800.666015625,1659.2280883789062,1825.25390625
2470.png,0,0.010670637711882591,987.044921875,769.095043182373,1019.122802734375,787.5582656860352
2470.png,1,0.010648351162672043,2917.687255859375,2486.2518920898438,2960.96923828125,2542.3883056640625
2470.png,1,0.010484885424375534,2976.353759765625,2409.8551025390625,3013.09814453125,2468.0743408203125
2470.png,3,0.010391481220722198,1019.1298370361328,2157.9451293945312,1058.0916137695312,2200.2437133789062
2470.png,0,0.010307356715202332,610.2208251953125,608.3555297851562,654.3504638671875,646.2100219726562
2470.png,0,0.010234951041638851,801.3896942138672,72.7121353149414,814.3926391601562,87.70836639404297
2470.png,0,0.010148243047297001,1151.7719116210938,50.06086349487305,1179.7998657226562,77.96595764160156
2470.png,3,0.01007650326937437,2372.5992431640625,2547.8383178710938,2413.1927490234375,2586.3861083984375
2470.png,0,0.009972702711820602,1235.591064453125,480.9441833496094,1250.955322265625,492.4213562011719
2470.png,1,0.009971856139600277,1505.43505859375,1997.5362243652344,1554.731201171875,2038.6882629394531
2470.png,0,0.009892878122627735,2334.0219116210938,1992.621337890625,2348.9837036132812,2006.4690551757812
2470.png,1,0.009758049622178078,1169.5214233398438,2063.9324951171875,1248.5632934570312,2088.2982177734375
2470.png,0,0.009750435128808022,2403.106689453125,2415.261962890625,2436.2005615234375,2446.1109008789062
2470.png,3,0.009618219919502735,2886.423828125,2835.7935791015625,2910.8526611328125,2862.8231201171875
2472.png,1,0.5190613865852356,1087.6539611816406,1000.4842834472656,1107.7773132324219,1051.9284362792969
2472.png,1,0.3975829482078552,2285.0917358398438,2701.6871948242188,2315.9456176757812,2756.6018676757812
2472.png,1,0.3898860812187195,1127.2877807617188,1021.3443450927734,1185.85791015625,1046.71630859375
2472.png,1,0.3874884247779846,1127.8024291992188,1008.4375305175781,1177.3474731445312,1034.4323120117188
2472.png,1,0.3588303327560425,2090.1962280273438,2842.75830078125,2154.5210571289062,2859.691650390625
2472.png,1,0.33074599504470825,1581.7717895507812,2894.982177734375,1607.0348892211914,2945.4906005859375
2472.png,1,0.32888150215148926,1138.9093017578125,1038.73681640625,1192.0445556640625,1057.69970703125
2472.png,1,0.31297215819358826,1633.1094360351562,2867.46044921875,1689.2375946044922,2895.520751953125
2472.png,1,0.30268609523773193,1062.287353515625,1090.2732543945312,1099.1627197265625,1143.5110473632812
2472.png,1,0.3025105893611908,2066.261474609375,2711.46044921875,2126.562744140625,2736.04052734375
2472.png,1,0.2767435908317566,2083.700439453125,2773.6920776367188,2140.4169921875,2795.8756713867188
2472.png,1,0.270927757024765,496.8429260253906,1214.6458129882812,543.1651611328125,1255.9559936523438
2472.png,1,0.24558046460151672,1333.174072265625,807.25439453125,1392.067626953125,830.986083984375
2472.png,1,0.24152153730392456,1892.482666015625,1961.3488159179688,1954.7713012695312,1986.4959106445312
2472.png,1,0.23965506255626678,1631.5132904052734,3014.6069946289062,1652.9266357421875,3068.2112426757812
2472.png,1,0.2249450534582138,2473.2799682617188,2547.3734130859375,2534.4590454101562,2570.3333740234375
2472.png,1,0.21435044705867767,1896.9996337890625,1927.5947265625,1951.0963134765625,1950.4982299804688
2472.png,1,0.210612952709198,1221.4733276367188,799.21826171875,1278.7825317382812,833.2435302734375
2472.png,1,0.20835931599140167,978.3762512207031,3105.7108764648438,1031.4177856445312,3142.2808227539062
2472.png,1,0.20255237817764282,2357.3231201171875,2837.032958984375,2411.89697265625,2865.67138671875
2472.png,1,0.19865301251411438,1283.7510986328125,784.0296630859375,1340.6546630859375,813.3609619140625
2472.png,1,0.1938096135854721,1570.6405029296875,3003.5057373046875,1617.2971725463867,3025.9598388671875
2472.png,1,0.1872352510690689,1067.8212890625,1007.0681915283203,1096.7113037109375,1058.8140258789062
2472.png,1,0.18675826489925385,1641.238380432129,2895.2037353515625,1698.4621887207031,2915.6705322265625
2472.png,1,0.18527384102344513,2068.3706665039062,2736.0643310546875,2132.4619750976562,2758.3614501953125
2472.png,1,0.18178987503051758,1123.9755554199219,993.6636657714844,1177.3448791503906,1021.4208068847656
2472.png,3,0.18125173449516296,1123.9502563476562,1057.4076843261719,1136.5390014648438,1068.4589538574219
2472.png,1,0.1798119693994522,1810.993408203125,2749.4746704101562,1871.314453125,2777.2553100585938
2472.png,1,0.17963138222694397,2092.57861328125,2825.2432861328125,2151.9398193359375,2839.69677734375
2472.png,1,0.17913874983787537,949.861083984375,2604.91552734375,977.817626953125,2660.9356689453125
2472.png,1,0.17774172127246857,2255.2099609375,2716.853515625,2278.919921875,2760.246337890625
2472.png,1,0.1762913465499878,1335.85400390625,792.2205200195312,1391.084716796875,821.1815795898438
2472.png,1,0.17039716243743896,1110.0015258789062,1082.9176025390625,1141.6101684570312,1121.348388671875
2472.png,1,0.1652582287788391,894.0979309082031,1120.7462463378906,939.3219909667969,1141.9307556152344
2472.png,1,0.1554553508758545,1825.7189331054688,1945.5732421875,1888.5823364257812,1974.5176391601562
2472.png,1,0.15208062529563904,480.13031005859375,1210.6128234863281,527.8505859375,1249.3244323730469
2472.png,1,0.147531658411026,1585.7950439453125,1544.8250732421875,1655.2415771484375,1573.32177734375
2472.png,2,0.1448911875486374,1520.4439086914062,1560.8583984375,1605.1063842773438,1592.54443359375
2472.png,1,0.1444966346025467,2068.2095947265625,2723.3890991210938,2129.8697509765625,2748.6465454101562
2472.png,1,0.14071445167064667,1517.4608154296875,1522.5948486328125,1591.234130859375,1553.3385009765625
2472.png,1,0.1396365910768509,1536.0,2671.1142578125,1556.7118873596191,2716.3648681640625
2472.png,1,0.13294555246829987,72.3558349609375,1560.8585186004639,116.82737731933594,1598.8763122558594
2472.png,1,0.13109183311462402,2149.9075927734375,2806.732421875,2170.8094482421875,2857.20947265625
2472.png,1,0.12476411461830139,1112.4959716796875,1166.8116760253906,1142.318359375,1213.1718444824219
2472.png,0,0.11784514784812927,818.6129455566406,1203.4846496582031,846.7198791503906,1231.6994934082031
2472.png,1,0.11782565712928772,0.0,1189.7886352539062,31.13222885131836,1237.7196655273438
2472.png,0,0.11394429206848145,1299.2110595703125,652.8919677734375,1337.8563232421875,669.80517578125
2472.png,1,0.11391631513834,1287.9877319335938,813.349365234375,1338.1647338867188,836.5616455078125
2472.png,1,0.11145588755607605,122.01424407958984,1384.6153564453125,174.58761596679688,1430.1331787109375
2472.png,1,0.10966936498880386,2065.732666015625,2690.193359375,2117.37841796875,2716.9683837890625
2472.png,3,0.10844474285840988,1111.2226257324219,1057.3128662109375,1123.3410949707031,1069.6685791015625
2472.png,1,0.10664388537406921,2397.8016357421875,3066.787353515625,2445.662841796875,3117.80517578125
2472.png,1,0.10510741919279099,999.153564453125,2875.4623413085938,1023.730224609375,2929.9478149414062
2472.png,1,0.10252747684717178,548.5673828125,2231.8675498962402,602.1824951171875,2257.2181091308594
2472.png,1,0.09994439035654068,652.4378662109375,3033.1074829101562,695.5411376953125,3067.1680297851562
2472.png,1,0.09725391119718552,1034.3095092773438,2741.8931884765625,1094.9293823242188,2767.71142578125
2472.png,0,0.09554509818553925,1941.942626953125,1081.9091186523438,1971.8521728515625,1101.1530151367188
2472.png,1,0.09421388804912567,1447.9443969726562,1588.05322265625,1522.6871948242188,1616.5921630859375
2472.png,1,0.09197720885276794,2071.846923828125,2867.31201171875,2091.95703125,2925.1259765625
2472.png,1,0.09054145216941833,1953.6033935546875,1892.8340454101562,2009.1974487304688,1923.0803833007812
2472.png,1,0.08970807492733002,1755.5777587890625,2789.2937622070312,1810.8301391601562,2812.6216430664062
2472.png,0,0.08970002830028534,1301.6494140625,691.1622924804688,1340.8045654296875,709.2221069335938
2472.png,1,0.08842110633850098,532.004638671875,1024.9169311523438,575.313232421875,1070.4564819335938
2472.png,2,0.08839147537946701,1953.835205078125,1894.213134765625,2008.936279296875,1924.1031494140625
2472.png,0,0.08711300790309906,807.1980133056641,1210.1682434082031,833.4194793701172,1238.3053283691406
2472.png,1,0.08615003526210785,1408.0609130859375,697.084716796875,1430.0570068359375,735.701904296875
2472.png,0,0.08381525427103043,1028.9019775390625,1084.062744140625,1051.4689331054688,1097.7930908203125
2472.png,1,0.0834539383649826,1114.8080444335938,1072.7550659179688,1155.8253784179688,1085.0353393554688
2472.png,1,0.08156418055295944,1685.663330078125,2809.8388671875,1748.6702270507812,2837.018798828125
2472.png,3,0.07944344729185104,1112.3462219238281,1062.9279174804688,1155.7464294433594,1087.421875
2472.png,1,0.07931263744831085,1256.7310180664062,843.8197021484375,1282.0490112304688,889.4243774414062
2472.png,2,0.07673980295658112,418.6910400390625,1240.8238525390625,472.8330078125,1285.1732177734375
2472.png,1,0.07462453097105026,520.145751953125,2171.6093139648438,582.530029296875,2187.6315307617188
2472.png,0,0.07445137947797775,1470.4755859375,891.4302215576172,1491.19677734375,926.0411529541016
2472.png,0,0.07442992925643921,543.3839111328125,950.7237548828125,567.8453369140625,974.1090087890625
2472.png,1,0.07378505915403366,1494.4742431640625,974.824462890625,1526.4029541015625,1022.8040771484375
2472.png,2,0.07298219949007034,1687.0593566894531,2811.53125,1750.5578308105469,2836.677978515625
2472.png,3,0.06983161717653275,1578.1892890930176,3026.8587646484375,1625.6206512451172,3046.6544189453125
2472.png,0,0.06965716928243637,418.18914794921875,2827.8704833984375,452.10894775390625,2850.1895751953125
2472.png,3,0.0696120336651802,1716.3556518554688,1921.3358154296875,1753.5833740234375,1952.34521484375
2472.png,1,0.0687038004398346,419.6121826171875,1240.3246459960938,471.001708984375,1284.4942016601562
2472.png,2,0.06840917468070984,2477.6082153320312,2547.5755004882812,2532.9157104492188,2569.2666625976562
2472.png,0,0.06828847527503967,1442.9638671875,783.5201435089111,1482.509521484375,798.0639400482178
2472.png,0,0.06767919659614563,432.38531494140625,3065.3524780273438,466.20294189453125,3093.6643676757812
2472.png,0,0.06737318634986877,1799.708251953125,1802.9346313476562,1818.4407958984375,1814.6970825195312
2472.png,0,0.06332271546125412,480.02044677734375,1210.2793579101562,529.5433959960938,1251.063720703125
2472.png,0,0.06315498054027557,1467.1354370117188,735.4840698242188,1497.9782104492188,750.5448608398438
2472.png,2,0.06300134211778641,1540.6694526672363,2820.6798095703125,1584.4649467468262,2842.9434814453125
2472.png,0,0.06203629821538925,1812.4614868164062,1897.9212646484375,1831.6716918945312,1911.1807861328125
2472.png,2,0.06095050275325775,269.254150390625,1382.73486328125,317.8941650390625,1419.890869140625
2472.png,1,0.06030445173382759,1102.0679321289062,848.9955139160156,1147.6820678710938,873.5716247558594
2472.png,1,0.05926419049501419,1651.9380493164062,1519.3955078125,1726.8949279785156,1550.881103515625
2472.png,0,0.05881619080901146,1425.2504272460938,736.5634765625,1464.7188110351562,751.8363037109375
2472.png,0,0.05834804102778435,549.2393798828125,2232.176128387451,601.8624267578125,2252.460647583008
2472.png,0,0.05829343944787979,1484.7578125,1021.0009155273438,1504.724365234375,1056.427490234375
2472.png,0,0.05819381773471832,1407.4793701171875,695.277587890625,1426.9925537109375,729.942138671875
2472.png,0,0.05657406151294708,2074.1605224609375,2739.2490234375,2131.715576171875,2756.4002685546875
2472.png,0,0.05488267540931702,1221.9033203125,801.2166137695312,1272.966552734375,832.3297729492188
2472.png,0,0.054147105664014816,1870.8085327148438,1889.5881042480469,1891.3534545898438,1901.0528259277344
2472.png,2,0.05368475615978241,480.066650390625,1204.419189453125,521.624267578125,1237.7022094726562
2472.png,1,0.05243954062461853,1645.206169128418,3086.0084838867188,1713.578125,3105.9050903320312
2472.png,2,0.051814768463373184,1037.7160034179688,2741.71826171875,1099.2433471679688,2767.998291015625
2472.png,0,0.05086127668619156,534.5172729492188,1026.1358642578125,576.0385131835938,1072.0001220703125
2472.png,2,0.050808340311050415,2063.368896484375,2689.1881103515625,2129.453125,2717.7999267578125
2472.png,0,0.05003511905670166,584.3974609375,3112.76220703125,601.63671875,3132.27587890625
2472.png,2,0.04877720773220062,1935.2874755859375,2432.5445556640625,2011.62744140625,2462.3665161132812
2472.png,0,0.048633135855197906,6.5672149658203125,2176.9208984375,32.24561309814453,2201.841552734375
2472.png,0,0.04858290031552315,2476.6903076171875,2547.5421142578125,2533.4212646484375,2567.701904296875
2472.png,0,0.04847288131713867,1473.8250732421875,754.46142578125,1506.6585693359375,773.285400390625
2472.png,2,0.04822787269949913,1126.0328979492188,992.337890625,1176.3952026367188,1022.485107421875
2472.png,0,0.048068322241306305,1848.7840576171875,1860.3423461914062,1866.7857666015625,1872.4815063476562
2472.png,0,0.047858186066150665,1807.4951782226562,502.831787109375,1827.855224609375,518.5029907226562
2472.png,1,0.04778594523668289,1940.2959594726562,2433.1477966308594,2006.8035888671875,2461.989776611328
2472.png,0,0.047615889459848404,1829.6701965332031,2080.6533203125,1849.6839294433594,2120.616943359375
2472.png,0,0.04756820946931839,1825.8784790039062,1852.009765625,1844.0713500976562,1864.2644653320312
2472.png,0,0.04755637049674988,391.5292663574219,812.0177001953125,426.2464904785156,845.0635986328125
2472.png,0,0.04725506156682968,2085.2236938476562,2772.796875,2140.2640991210938,2796.063232421875
2472.png,0,0.0468779057264328,2354.5258026123047,2837.4301147460938,2408.2945098876953,2865.6004028320312
2472.png,2,0.04664761945605278,1645.4414825439453,3088.5880126953125,1711.2891082763672,3106.2169189453125
2472.png,0,0.0463644340634346,1825.3484497070312,1840.5556030273438,1842.3485717773438,1856.9247436523438
2472.png,1,0.0463041327893734,1769.6746063232422,1640.524658203125,1818.7987670898438,1661.9930419921875
2472.png,1,0.045510921627283096,1536.0,1559.2742919921875,1599.9306106567383,1590.6180419921875
2472.png,0,0.045507755130529404,1517.498291015625,1527.3284912109375,1578.030029296875,1551.9820556640625
2472.png,3,0.04536767676472664,254.29718017578125,1657.885498046875,313.4306640625,1699.7657470703125
2472.png,2,0.045288603752851486,893.7782440185547,1119.411376953125,941.9291229248047,1143.3912353515625
2472.png,0,0.04498225450515747,1497.7669677734375,482.52288818359375,1513.848388671875,491.29144287109375
2472.png,1,0.044729337096214294,1455.054443359375,2103.2059936523438,1509.2645263671875,2131.0701293945312
2472.png,0,0.043738022446632385,1791.0880584716797,1879.8654174804688,1809.6445922851562,1892.3082885742188
2472.png,1,0.0435216911137104,1541.6959228515625,2819.2196044921875,1585.4080352783203,2844.0672607421875
2472.png,0,0.04307379573583603,609.1065673828125,3144.7653198242188,626.0931396484375,3161.8748168945312
2472.png,2,0.04294770956039429,1515.2285766601562,1519.0283813476562,1601.3330688476562,1552.5796508789062
2472.png,1,0.04289194568991661,1828.9859008789062,2082.2024536132812,1851.2855224609375,2122.5451049804688
2472.png,2,0.04163571447134018,1585.4652099609375,1548.314208984375,1645.3792724609375,1572.568603515625
2472.png,1,0.0412798747420311,1278.658447265625,912.3371276855469,1304.9293212890625,959.9504699707031
2472.png,0,0.04124220460653305,1569.0216903686523,2999.780029296875,1614.2602157592773,3027.54443359375
2472.png,1,0.04116103798151016,1537.0742073059082,2783.9439697265625,1572.3322792053223,2804.1954345703125
2472.png,0,0.04090849310159683,486.32720947265625,2982.07861328125,502.6199951171875,2997.3092041015625
2472.png,0,0.039961326867341995,1831.0862426757812,1892.6058959960938,1848.1724243164062,1903.6012573242188
2472.png,1,0.039491090923547745,2240.1618041992188,2423.8753662109375,2263.3081665039062,2466.158203125
2472.png,0,0.03938494995236397,1805.9669799804688,528.5408325195312,1817.5581665039062,547.2236938476562
2472.png,0,0.039217907935380936,1833.8907470703125,1875.5818176269531,1852.4141235351562,1885.4126892089844
2472.png,0,0.03882887586951256,132.03213500976562,1392.1659545898438,172.96676635742188,1430.0303344726562
2472.png,0,0.03874161094427109,1530.7576904296875,2672.4923095703125,1555.1595458984375,2711.7015380859375
2472.png,0,0.03865024447441101,1020.4802551269531,2952.604248046875,1038.2749938964844,2989.41845703125
2472.png,0,0.03826560080051422,63.40269470214844,1559.9233856201172,98.230224609375,1590.9327774047852
2472.png,0,0.0381050780415535,610.2249755859375,3163.1975708007812,642.8494873046875,3195.8860473632812
2472.png,0,0.03765590116381645,689.06494140625,3179.913818359375,706.714599609375,3195.7508544921875
2472.png,0,0.037619441747665405,1822.4773559570312,531.97314453125,1833.7471313476562,548.3447265625
2472.png,0,0.037567220628261566,296.61785888671875,2682.2078857421875,313.80560302734375,2698.7200927734375
2472.png,1,0.037244196981191635,1865.4290771484375,2059.2213745117188,1890.4210205078125,2103.6130981445312
2472.png,0,0.037234384566545486,1866.0046997070312,1776.5743408203125,1885.5866088867188,1791.0728759765625
2472.png,0,0.03615471348166466,1901.806640625,1889.7904663085938,1919.016357421875,1900.7997436523438
2472.png,1,0.03601858764886856,1269.4822082519531,2239.176040649414,1294.028564453125,2295.7096405029297
2472.png,0,0.03598129004240036,1818.0354614257812,1795.8293151855469,1833.8609008789062,1807.7614440917969
2472.png,0,0.03595060110092163,1672.8373413085938,1779.443115234375,1697.0748291015625,1792.0
2472.png,0,0.035680290311574936,61.46141052246094,737.6483154296875,83.78781127929688,756.5111083984375
2472.png,0,0.03539030998945236,2148.978515625,2600.8828735351562,2166.70458984375,2633.8158569335938
2472.png,0,0.035168442875146866,999.3349914550781,2875.326171875,1024.3052368164062,2929.388671875
2472.png,0,0.03486756607890129,1878.4539794921875,1836.374755859375,1897.5780029296875,1848.085205078125
2472.png,0,0.03451000154018402,1106.3762817382812,1149.1868286132812,1122.0221557617188,1171.5663452148438
2472.png,0,0.03445781394839287,481.5768737792969,2962.794921875,496.8350524902344,2978.688720703125
2472.png,0,0.03444482386112213,470.5082092285156,2939.318359375,486.7348327636719,2956.479248046875
2472.png,0,0.03396983817219734,0.0,1196.2715759277344,30.80539321899414,1237.7147521972656
2472.png,0,0.03388773649930954,2315.1988830566406,2668.3316040039062,2331.6808166503906,2689.8287963867188
2472.png,0,0.033853016793727875,1863.3597412109375,1851.6486511230469,1880.6337890625,1862.9617004394531
2472.png,0,0.03375102952122688,2987.9352416992188,2900.5927734375,3023.7988891601562,2914.934814453125
2472.png,0,0.033689238131046295,1869.0714416503906,1837.2761840820312,1886.5782775878906,1858.4343872070312
2472.png,1,0.03360377997159958,607.0159912109375,3163.4527587890625,644.81640625,3196.0
2472.png,0,0.03337569162249565,1784.4082946777344,1809.3876647949219,1800.4951477050781,1822.5986022949219
2472.png,0,0.03337046504020691,2066.4827880859375,2692.1171264648438,2120.1314697265625,2717.3627319335938
2472.png,0,0.03331304341554642,1789.5419006347656,522.3851318359375,1805.5689392089844,538.3121337890625
2472.png,1,0.03289564326405525,54.23214340209961,1559.745620727539,97.76412963867188,1595.6282806396484
2472.png,0,0.03284192457795143,1583.6327514648438,971.9544677734375,1602.0996704101562,986.7337646484375
2472.png,2,0.03283308073878288,327.06011962890625,1341.205810546875,376.21661376953125,1381.279296875
2472.png,0,0.032796699553728104,396.5162658691406,1284.3807373046875,438.9704284667969,1316.5311279296875
2472.png,0,0.03267475962638855,1646.565528869629,2897.86474609375,1695.2408142089844,2919.15478515625
2472.png,2,0.03241978585720062,656.3834228515625,1297.0285034179688,697.2645263671875,1334.7619018554688
2472.png,1,0.0322832316160202,1884.4326171875,2051.82470703125,1909.932373046875,2099.8958740234375
2472.png,0,0.032272953540086746,1952.9407958984375,1895.0743408203125,2008.9723510742188,1926.1024169921875
2472.png,1,0.03223634883761406,1536.9735870361328,2977.4332275390625,1582.9558639526367,3007.5885009765625
2472.png,1,0.03193104639649391,1081.6809692382812,1083.4985961914062,1125.5626220703125,1131.3753051757812
2472.png,1,0.03171973675489426,1321.3494873046875,784.5202865600586,1370.9320068359375,811.777717590332
2472.png,0,0.03161114826798439,1752.750732421875,1811.091552734375,1770.5731811523438,1821.733642578125
2472.png,1,0.03160519152879715,272.09747314453125,1071.4615478515625,316.81610107421875,1112.7655029296875
2472.png,0,0.03150896728038788,1879.9422912597656,1844.4981079101562,1899.5469665527344,1858.4265747070312
2472.png,2,0.03147166594862938,1993.0775756835938,2415.1387939453125,2058.2734985351562,2445.4243774414062
2472.png,0,0.03144936263561249,290.35064697265625,2757.07421875,306.645751953125,2771.023193359375
2472.png,0,0.03138747438788414,1009.9715576171875,1351.6322021484375,1045.8363037109375,1379.2471923828125
2472.png,2,0.03137771785259247,1755.2381286621094,2790.6677856445312,1808.8119201660156,2813.6961059570312
2472.png,0,0.031291037797927856,1634.5856323242188,2871.3762817382812,1681.2892761230469,2895.8226928710938
2472.png,0,0.031279537826776505,1668.7095642089844,1761.8985595703125,1696.0378723144531,1778.2310791015625
2472.png,0,0.031070251017808914,1786.6170654296875,1853.1610717773438,1804.0233154296875,1865.0675048828125
2472.png,0,0.03105631284415722,1883.42626953125,1895.6824340820312,1903.4140625,1908.5570068359375
2472.png,0,0.03096395544707775,1819.3085327148438,512.1580810546875,1835.2156372070312,527.8126220703125
2472.png,1,0.03096121922135353,2097.4442749023438,2329.6546020507812,2118.8340454101562,2388.6101684570312
2472.png,0,0.03082049824297428,1321.4856567382812,2383.8350982666016,1343.2745971679688,2420.7504119873047
2472.png,0,0.0307067409157753,1443.3258666992188,767.6187744140625,1474.6610717773438,785.0718994140625
2472.png,0,0.030514772981405258,1807.4666137695312,1826.6131896972656,1825.6851196289062,1839.9198303222656
2472.png,1,0.03021610900759697,1424.657958984375,736.7799072265625,1467.69482421875,752.7274169921875
2472.png,0,0.0301516093313694,2150.9495849609375,2804.3927612304688,2171.3809814453125,2855.6727905273438
2472.png,0,0.030013995245099068,2095.314697265625,2842.4981079101562,2150.3310546875,2859.6698608398438
2472.png,1,0.029947984963655472,2436.3338623046875,3052.4921264648438,2479.5679931640625,3076.9369506835938
2472.png,0,0.02983282320201397,1769.9170532226562,1640.6066436767578,1820.4457397460938,1661.9300689697266
2472.png,0,0.02975308708846569,1858.2471313476562,1633.25634765625,1899.8147583007812,1652.420654296875
2472.png,0,0.029629023745656013,1342.4353637695312,588.6265869140625,1358.0635375976562,611.3787841796875
2472.png,0,0.02948591485619545,1843.4530029296875,1844.064208984375,1862.3834228515625,1856.0947265625
2472.png,0,0.029373429715633392,268.7768859863281,1390.4237670898438,321.3727111816406,1420.6327514648438
2472.png,1,0.029358001425862312,1644.4028625488281,2904.6861572265625,1700.400634765625,2923.9090576171875
2472.png,0,0.028569165617227554,150.04742431640625,710.8458251953125,175.0885009765625,738.0848388671875
2472.png,0,0.02852964960038662,1584.8050994873047,1544.8763570785522,1646.656723022461,1574.6637878417969
2472.png,0,0.02851557545363903,1838.7412719726562,508.16107177734375,1857.2404174804688,517.4528198242188
2472.png,0,0.028391700237989426,1865.6615295410156,1605.323486328125,1904.3320007324219,1623.107177734375
2472.png,2,0.02831972762942314,1536.0,2784.9212646484375,1572.1846389770508,2802.8101806640625
2472.png,2,0.028316237032413483,1652.7418594360352,1519.9697265625,1724.3619079589844,1550.8551025390625
2472.png,1,0.028309769928455353,1447.4833984375,853.906005859375,1471.5003662109375,895.060791015625
2472.png,0,0.02819100394845009,1112.28564453125,1070.1261291503906,1156.8282470703125,1087.0777282714844
2472.png,0,0.02800258994102478,1649.8925018310547,3083.348876953125,1710.7362213134766,3105.3905029296875
2472.png,0,0.02757480926811695,1539.8006477355957,2820.53857421875,1582.457618713379,2842.5301513671875
2472.png,2,0.027448825538158417,395.86993408203125,1283.9214477539062,439.19854736328125,1316.1525268554688
2472.png,0,0.02731088548898697,1822.6889343261719,1836.51025390625,1841.2677917480469,1849.4285888671875
2472.png,3,0.02713468112051487,1562.8654918670654,2947.658935546875,1585.812255859375,2977.9393310546875
2472.png,1,0.02705354616045952,1854.32666015625,2075.5910034179688,1876.5515747070312,2115.3471069335938
2472.png,0,0.026830844581127167,45.987030029296875,3096.2579345703125,59.55389404296875,3115.19580078125
2472.png,0,0.026829635724425316,1582.3811378479004,3027.3828125,1623.9933471679688,3051.350830078125
2472.png,3,0.026372721418738365,614.4407958984375,1448.9456787109375,642.3443603515625,1479.3897705078125
2472.png,0,0.02622067742049694,464.6291809082031,2945.9697265625,482.9662170410156,2961.9512939453125
2472.png,0,0.026147855445742607,2094.5716552734375,2823.9673461914062,2153.0633544921875,2841.9027709960938
2472.png,3,0.025902077555656433,479.55487060546875,1213.70849609375,518.3528442382812,1250.004150390625
2472.png,0,0.025898084044456482,1639.9507904052734,2888.3634033203125,1686.9776306152344,2907.5308837890625
2472.png,2,0.02562871016561985,1536.0479850769043,2979.1678466796875,1581.674949645996,3005.0167236328125
2472.png,0,0.025253338739275932,1857.9970092773438,1830.7692565917969,1875.8432006835938,1843.2644958496094
2472.png,2,0.025137757882475853,1911.2353515625,2433.909423828125,1958.0869750976562,2474.46484375
2472.png,0,0.024841036647558212,2067.39453125,2711.680908203125,2125.328125,2736.23486328125
2472.png,1,0.024830318987369537,1840.6852416992188,2079.175537109375,1867.2693481445312,2118.8134765625
2472.png,0,0.024791311472654343,495.46185302734375,2930.0113525390625,514.6742553710938,2947.4927978515625
2472.png,0,0.024711983278393745,1035.6636047363281,2740.5664672851562,1096.9596862792969,2769.0393676757812
2472.png,0,0.024685105308890343,2285.325927734375,2696.5643310546875,2319.765380859375,2755.49755859375
2472.png,3,0.024609459564089775,1537.4795417785645,2979.7825927734375,1581.3773002624512,3002.2689208984375
2472.png,0,0.024579612538218498,1843.3775024414062,354.19305419921875,1862.883544921875,365.88824462890625
2472.png,1,0.024283742532134056,591.781494140625,3172.389892578125,620.9454345703125,3194.292724609375
2472.png,2,0.02417314425110817,546.8455810546875,2228.4560546875,605.3404541015625,2257.006103515625
2472.png,1,0.023908838629722595,498.80511474609375,988.790771484375,550.6099243164062,1024.0
2472.png,0,0.02382569946348667,1834.248046875,1789.3292846679688,1851.116943359375,1803.974609375
2472.png,1,0.02377074398100376,1663.9656066894531,2231.7340698242188,1710.0071105957031,2282.8231811523438
2472.png,0,0.023764071986079216,593.9454345703125,3173.5343627929688,620.4356689453125,3194.7955932617188
2472.png,1,0.02361474744975567,581.8055419921875,1111.7823486328125,616.3997802734375,1168.0665893554688
2472.png,0,0.0235093105584383,1839.2781677246094,1824.8985900878906,1858.4640197753906,1840.0878601074219
2472.png,0,0.023472284898161888,1841.055419921875,1837.83544921875,1859.60205078125,1849.955322265625
2472.png,0,0.023441821336746216,1755.024658203125,2792.7531127929688,1807.8156433105469,2812.9546508789062
2472.png,3,0.023441480472683907,1656.110450744629,3090.1688842773438,1710.8406066894531,3105.9607543945312
2472.png,0,0.023300908505916595,1841.3329772949219,2078.8511962890625,1866.2095642089844,2118.5701904296875
2472.png,0,0.023083606734871864,1809.632080078125,2751.785888671875,1867.9244384765625,2776.504150390625
2472.png,2,0.02301172725856304,1817.5651245117188,1625.0879821777344,1895.2546997070312,1648.8339538574219
2472.png,1,0.02297225408256054,1821.1680297851562,1625.2151489257812,1876.5065307617188,1647.2284545898438
2472.png,0,0.02281825989484787,1821.4523315429688,1903.5537719726562,1842.4850463867188,1914.2383422851562
2472.png,3,0.02277093194425106,396.5138854980469,1284.5103759765625,440.0693054199219,1316.4998779296875
2472.png,0,0.022685987874865532,673.6070556640625,3178.7418212890625,690.3172607421875,3195.777099609375
2472.png,0,0.022628629580140114,1825.6578369140625,1827.9669799804688,1839.4912109375,1839.3294677734375
2472.png,0,0.022586872801184654,1785.7221984863281,1859.2971801757812,1804.5347595214844,1871.6294555664062
2472.png,0,0.022566618397831917,656.5108032226562,1301.034912109375,697.3490600585938,1335.7470703125
2472.png,0,0.022553665563464165,1807.4833374023438,1849.0408325195312,1822.6668090820312,1868.5549926757812
2472.png,0,0.02243056334555149,830.5310363769531,2381.2803802490234,876.6633605957031,2406.260269165039
2472.png,1,0.022362003102898598,1471.842041015625,754.078369140625,1507.68505859375,774.394775390625
2472.png,0,0.02232171595096588,1798.9911804199219,1874.6075439453125,1821.9062194824219,1889.3104248046875
2472.png,1,0.022183245047926903,1107.6092529296875,998.5861511230469,1126.5982666015625,1045.1189880371094
2472.png,0,0.022076763212680817,1047.9489135742188,2904.3735961914062,1066.1471557617188,2928.3806762695312
2472.png,1,0.022022301331162453,1484.19189453125,1018.9521484375,1506.87451171875,1058.1923217773438
2472.png,3,0.02198193594813347,2219.999801635742,1790.5285949707031,2264.4310760498047,1809.9316711425781
2472.png,1,0.021959127858281136,3081.213623046875,2771.95166015625,3128.83984375,2790.7529296875
2472.png,1,0.021913692355155945,2229.74755859375,2994.039306640625,2250.3001708984375,3038.345703125
2472.png,0,0.02188352309167385,513.32080078125,2945.6871337890625,528.7325439453125,2961.301025390625
2472.png,2,0.02186001092195511,324.6374206542969,1031.6824951171875,369.8508605957031,1070.444580078125
2472.png,3,0.021778061985969543,2094.55078125,2825.4651489257812,2152.281982421875,2842.2078247070312
2472.png,3,0.02174616977572441,1574.4116134643555,2941.711669921875,1592.1858444213867,2963.8546142578125
2472.png,2,0.021710144355893135,2399.1492919921875,3066.8765869140625,2446.6109619140625,3119.1859130859375
2472.png,0,0.021667975932359695,1885.6846923828125,1960.4614868164062,1954.5609130859375,1983.4880981445312
2472.png,0,0.02164909988641739,1807.0531616210938,1841.1370849609375,1823.6432495117188,1857.4072265625
2472.png,0,0.02124960348010063,543.31298828125,978.0775146484375,569.602783203125,995.2066650390625
2472.png,0,0.021227527409791946,1811.4195556640625,1809.1098327636719,1827.6939697265625,1819.7407531738281
2472.png,0,0.020874274894595146,1746.9388122558594,421.4720153808594,1762.5903625488281,430.4335021972656
2472.png,1,0.0208368431776762,324.78033447265625,1030.9595642089844,369.343017578125,1068.4810485839844
2472.png,0,0.020804479718208313,2853.800048828125,2738.3817138671875,2887.9306640625,2754.6268310546875
2472.png,2,0.020629940554499626,1644.3800201416016,2907.2867431640625,1700.6160736083984,2923.04736328125
2472.png,2,0.020624680444598198,1664.7696838378906,2233.4911499023438,1707.9605407714844,2280.6508178710938
2472.png,0,0.02062070369720459,1793.9815673828125,1892.604248046875,1810.7730712890625,1905.142333984375
2472.png,1,0.020562464371323586,1309.5573120117188,967.2220153808594,1331.6170043945312,1000.0278015136719
2472.png,3,0.020431609824299812,1661.7597579956055,3116.2548217773438,1695.7720336914062,3141.7310180664062
2472.png,0,0.02034097909927368,1840.062255859375,516.127197265625,1858.7288818359375,526.72314453125
2472.png,0,0.02005821093916893,280.77252197265625,2679.638885498047,294.58074951171875,2693.3740234375
2472.png,1,0.02003367245197296,578.1516723632812,2936.0887451171875,626.1677856445312,2975.7635498046875
2472.png,3,0.02001221664249897,1110.9838256835938,1081.7811889648438,1123.4876098632812,1094.0510864257812
2472.png,1,0.02000584825873375,1388.62646484375,2130.7083740234375,1440.9200439453125,2155.8990478515625
2472.png,0,0.019981425255537033,1473.2674560546875,959.4887390136719,1491.0697021484375,982.5051574707031
2472.png,0,0.019950682297348976,1447.3017578125,753.845703125,1471.78515625,769.75537109375
2472.png,0,0.01993260160088539,2322.882843017578,2693.68896484375,2339.7433166503906,2715.507568359375
2472.png,0,0.01991460472345352,82.41117095947266,1559.8996772766113,115.44495391845703,1593.641185760498
2472.png,0,0.01991044543683529,1861.8530883789062,1836.2025756835938,1879.920654296875,1848.1295166015625
2472.png,0,0.019897770136594772,890.7921142578125,1117.0491638183594,938.8011474609375,1147.3147277832031
2472.png,0,0.019894037395715714,1109.4258728027344,1054.4810791015625,1124.3573303222656,1071.3406982421875
2472.png,2,0.019840221852064133,2430.4947509765625,3035.1646728515625,2495.6241455078125,3066.6038818359375
2472.png,1,0.01978772133588791,1922.0626220703125,1262.4014892578125,1966.2421875,1279.3868408203125
2472.png,0,0.019633900374174118,808.0867919921875,1095.0259704589844,822.0206909179688,1116.7440490722656
2472.png,1,0.01958383247256279,343.8239440917969,2606.4424438476562,378.8639221191406,2644.6250610351562
2472.png,0,0.01952735334634781,1569.462646484375,943.2037048339844,1604.80908203125,963.4549255371094
2472.png,1,0.01942783035337925,2815.30419921875,2973.5489501953125,2868.28955078125,2995.4178466796875
2472.png,0,0.019407274201512337,251.56497192382812,2731.5800170898438,267.8142395019531,2746.1863403320312
2472.png,0,0.01935218833386898,1802.67041015625,1908.3224487304688,1833.1187744140625,1921.5794677734375
2472.png,1,0.019219763576984406,2094.6776123046875,2523.89111328125,2129.0645751953125,2596.1783447265625
2472.png,0,0.019219404086470604,418.2469482421875,1241.491455078125,468.1236572265625,1284.778076171875
2472.png,2,0.01920468732714653,1644.1299438476562,1481.3323974609375,1716.3939819335938,1507.2508544921875
2472.png,0,0.01919647864997387,1865.6346435546875,1860.9740905761719,1884.3277587890625,1873.3938903808594
2472.png,1,0.019178856164216995,1880.6232299804688,1908.4638671875,1955.5264282226562,1937.56884765625
2472.png,1,0.019058866426348686,1121.2217712402344,1159.49462890625,1153.3085021972656,1196.9234619140625
2472.png,0,0.018714778125286102,1796.09033203125,523.8819580078125,1809.4842529296875,542.811279296875
2472.png,0,0.018709030002355576,1495.38525390625,316.14642333984375,1512.989013671875,328.018798828125
2472.png,0,0.01858624815940857,1850.6649780273438,1866.8405151367188,1870.009765625,1878.5569458007812
2472.png,0,0.018570126965641975,1851.2584228515625,1781.6563110351562,1871.8743896484375,1796.8732299804688
2472.png,3,0.01855226792395115,1686.7657318115234,2819.35791015625,1746.5029754638672,2836.64404296875
2472.png,0,0.018495718017220497,2943.7208251953125,27.887374877929688,2959.0980224609375,38.95543670654297
2472.png,2,0.018478723242878914,1638.923454284668,2915.5146484375,1702.9093017578125,2938.231201171875
2472.png,2,0.018475430086255074,1866.3374633789062,1603.0806884765625,1904.0364379882812,1623.2510986328125
2472.png,0,0.018317973241209984,422.38494873046875,2961.9403686523438,454.75799560546875,2995.8624877929688
2472.png,0,0.01827436126768589,530.535400390625,3086.9528198242188,545.878662109375,3101.6035766601562
2472.png,0,0.018265647813677788,1477.7927856445312,764.9891357421875,1508.2164916992188,781.4893798828125
2472.png,0,0.018220938742160797,1667.3625183105469,314.21270751953125,1683.3105163574219,324.09613037109375
2472.png,3,0.018220484256744385,618.9254760742188,3135.864990234375,646.3922729492188,3169.093994140625
2472.png,0,0.018124423921108246,1913.8469848632812,1229.2644653320312,1957.3873901367188,1248.1228637695312
2472.png,0,0.017972705885767937,1771.4283447265625,1802.9022216796875,1787.2775268554688,1815.165283203125
2472.png,0,0.017940660938620567,2898.80078125,2727.1708374023438,2933.2421875,2743.8334350585938
2472.png,0,0.01783931255340576,3147.4954833984375,135.88458251953125,3157.2716064453125,150.53787231445312
2472.png,0,0.017829421907663345,1486.8760986328125,319.96923828125,1499.2525634765625,334.739990234375
2472.png,0,0.017811886966228485,1542.4287910461426,2336.6510009765625,1565.4234657287598,2352.4202880859375
2472.png,1,0.017807140946388245,423.3032531738281,2962.2198486328125,455.5255432128906,2996.1942138671875
2472.png,0,0.017745016142725945,1816.5689086914062,1871.070556640625,1839.6426391601562,1885.8136596679688
2543.png,1,0.2898682951927185,2815.9185791015625,660.417236328125,2860.0284423828125,698.409423828125
2543.png,1,0.20709802210330963,273.03936767578125,549.6053466796875,316.64752197265625,584.4871826171875
2543.png,3,0.1826796978712082,224.1168212890625,1548.5448608398438,250.82452392578125,1600.5811157226562
2543.png,1,0.1453080028295517,2028.9159088134766,768.0,2064.5887298583984,803.9778861999512
2543.png,1,0.13976523280143738,2666.6317138671875,600.1945190429688,2706.1964111328125,637.0985717773438
2543.png,1,0.1182950958609581,1952.7051086425781,864.265380859375,1983.5637817382812,900.201416015625
2543.png,0,0.10241196304559708,2189.4893798828125,136.3118896484375,2221.2672119140625,160.609375
2543.png,1,0.09365493059158325,1888.0,903.4149780273438,1917.0822582244873,938.6647338867188
2543.png,1,0.07982592284679413,1817.3425903320312,576.2703247070312,1855.1110229492188,614.2153930664062
2543.png,1,0.07710292190313339,2712.606201171875,639.60986328125,2748.759521484375,677.63427734375
2543.png,3,0.07373247295618057,259.153564453125,1555.1364440917969,281.3021240234375,1596.2829284667969
2543.png,1,0.06944292038679123,2313.0298461914062,550.9326782226562,2362.4500122070312,586.9431762695312
2543.png,3,0.06345894932746887,213.8683319091797,1551.8048706054688,236.71546936035156,1601.7993774414062
2543.png,0,0.06072774529457092,1697.685302734375,1110.4916076660156,1723.1376342773438,1133.5350646972656
2543.png,3,0.058083996176719666,909.9472503662109,1591.3331604003906,939.0692596435547,1632.6253967285156
2543.png,1,0.05347849056124687,2633.139404296875,647.29248046875,2666.953369140625,684.874267578125
2543.png,0,0.05133688822388649,1919.1396369934082,915.4568786621094,1941.0423851013184,944.2227478027344
2543.png,0,0.050956934690475464,1655.7047271728516,1141.3069458007812,1687.3805389404297,1165.9251098632812
2543.png,1,0.05091426894068718,1429.7840576171875,23.653396606445312,1481.4180908203125,55.43553924560547
2543.png,0,0.04335871711373329,2711.7816162109375,639.0687255859375,2747.2020263671875,677.562255859375
2543.png,0,0.04298730194568634,1934.5501327514648,858.6496124267578,1957.5323791503906,882.9736785888672
2543.png,0,0.041853755712509155,1952.5501098632812,865.1887817382812,1983.0298461914062,900.7853393554688
2543.png,0,0.03848196193575859,2815.8197631835938,662.4812622070312,2860.8389282226562,699.0416870117188
2543.png,1,0.038244761526584625,2637.833251953125,635.2744750976562,2670.610107421875,664.0007934570312
2543.png,0,0.037821825593709946,1815.46923828125,576.2938232421875,1854.2446899414062,614.4666748046875
2543.png,3,0.036615822464227676,84.29730224609375,1640.1072692871094,105.76992797851562,1679.0436096191406
2543.png,3,0.03565729409456253,114.06996154785156,1469.4305419921875,135.0986785888672,1513.0233154296875
2543.png,0,0.034004468470811844,2719.2164306640625,633.5703735351562,2754.1143798828125,654.5509643554688
2543.png,0,0.032636065036058426,820.23583984375,1609.6434326171875,851.825439453125,1638.4049072265625
2543.png,3,0.0311567522585392,118.49671936035156,1503.132568359375,140.73683166503906,1543.619384765625
2543.png,3,0.030124984681606293,896.8066711425781,1611.4008178710938,925.5091247558594,1638.4132690429688
2543.png,0,0.029919810593128204,2530.2561645507812,108.39047241210938,2554.0497436523438,119.681396484375
2543.png,1,0.029691409319639206,2702.8887939453125,596.8416748046875,2746.5316162109375,632.8736572265625
2543.png,1,0.029492562636733055,1997.2532272338867,768.0,2053.1531372070312,798.6383075714111
2543.png,1,0.028413912281394005,2398.4806518554688,70.98316955566406,2439.7243041992188,106.78392028808594
2543.png,0,0.027831336483359337,2194.849578857422,82.42027282714844,2219.099151611328,103.23600769042969
2543.png,0,0.02736794576048851,271.1177673339844,550.0623779296875,311.7844543457031,584.716064453125
2543.png,3,0.02679462358355522,864.5118103027344,1613.9052124023438,885.5076904296875,1649.7106323242188
2543.png,0,0.025454465299844742,45.84660339355469,1601.7396850585938,68.41378784179688,1640.4386596679688
2543.png,1,0.025416746735572815,460.1117248535156,851.8521728515625,499.1222839355469,871.85986328125
2543.png,1,0.025093859061598778,524.526611328125,996.5030517578125,558.732421875,1023.5074462890625
2543.png,0,0.02463390864431858,2519.147705078125,434.4819030761719,2539.6619873046875,452.8805236816406
2543.png,0,0.02453940361738205,2341.0579833984375,114.27153015136719,2382.2474365234375,127.46647644042969
2543.png,3,0.02452932856976986,895.2666320800781,1591.8494262695312,915.4036254882812,1619.7775268554688
2543.png,0,0.024292774498462677,2206.304718017578,94.73411560058594,2225.2410583496094,110.93898010253906
2543.png,3,0.023472242057323456,102.38604736328125,1644.4388122558594,123.00152587890625,1679.1806945800781
2543.png,0,0.0233234241604805,2694.5069580078125,687.4375,2726.1661376953125,714.0428466796875
2543.png,1,0.023125646635890007,996.2667236328125,541.338623046875,1024.0,570.798583984375
2543.png,0,0.022487923502922058,2254.3257446289062,506.2928161621094,2269.7128295898438,524.0758056640625
2543.png,0,0.022383488714694977,1839.7692260742188,1019.1429443359375,1857.6198120117188,1038.176025390625
2543.png,3,0.022224241867661476,845.9564666748047,1615.2935791015625,867.8686981201172,1648.7508544921875
2543.png,3,0.021984171122312546,202.76943969726562,2264.7391357421875,263.9909362792969,2319.65869140625
2543.png,1,0.021621262654662132,2157.05615234375,813.2946166992188,2198.185546875,849.1617431640625
2543.png,0,0.02156718075275421,2737.2982788085938,639.1915283203125,2765.9198608398438,675.1654052734375
2543.png,0,0.02135428413748741,2312.1483764648438,551.3790283203125,2362.0470581054688,586.4852294921875
2543.png,3,0.021249692887067795,890.8518524169922,1603.7493896484375,913.7737274169922,1636.7772216796875
2543.png,0,0.021053604781627655,1360.6467895507812,35.03343963623047,1377.9559936523438,53.377479553222656
2543.png,0,0.020957371219992638,2081.028289794922,541.056396484375,2096.489227294922,556.138671875
2543.png,0,0.020719459280371666,2553.66943359375,2360.8375244140625,2584.5107421875,2375.8641357421875
2543.png,3,0.020601030439138412,1320.9659423828125,1152.0836181640625,1353.8533935546875,1191.185546875
2543.png,2,0.02035343274474144,2313.154296875,550.1904907226562,2364.70556640625,589.2730102539062
2543.png,3,0.02001706138253212,893.0639724731445,1626.5967407226562,911.9830322265625,1644.8618774414062
2543.png,1,0.019647441804409027,1077.7582397460938,1161.4078369140625,1127.1434936523438,1192.8321533203125
2543.png,2,0.019216230139136314,1167.4323120117188,1249.6488647460938,1207.9877319335938,1300.5667114257812
2543.png,0,0.018949586898088455,2215.253662109375,99.7332763671875,2239.310302734375,120.2786865234375
2543.png,1,0.01860228180885315,1271.2277221679688,316.43719482421875,1333.2879028320312,362.68646240234375
2543.png,1,0.01852809637784958,2414.6236572265625,82.50059509277344,2454.5081787109375,121.2984619140625
2543.png,3,0.018461262807250023,2599.572021484375,648.571044921875,2620.595947265625,679.1851806640625
2543.png,3,0.01838012970983982,237.63818359375,1546.712646484375,267.67413330078125,1601.1612548828125
2543.png,0,0.017937418073415756,2552.7611083984375,2298.51171875,2571.8353271484375,2309.156494140625
2543.png,0,0.01764506660401821,459.422607421875,850.079460144043,498.1307373046875,872.834358215332
2543.png,0,0.01729215309023857,2341.255828857422,1312.2364501953125,2369.4266662597656,1336.3988037109375
2543.png,2,0.01717793196439743,2600.3575439453125,644.9186401367188,2631.9039306640625,680.7958374023438
2543.png,0,0.017147326841950417,282.07476806640625,2101.1632080078125,314.6865234375,2158.6387939453125
2543.png,0,0.016737451776862144,2338.7599487304688,1323.4230346679688,2366.2212524414062,1343.3131713867188
2543.png,0,0.016521736979484558,2704.810791015625,721.679931640625,2722.75927734375,738.09423828125
2543.png,0,0.016181981191039085,267.44085693359375,2161.096923828125,289.09564208984375,2196.107666015625
2543.png,0,0.016123520210385323,2670.8739013671875,677.743896484375,2694.6226806640625,699.464599609375
2543.png,0,0.015895692631602287,2709.5325317382812,597.57470703125,2745.6161499023438,633.1197509765625
2543.png,1,0.01582285389304161,1167.3698120117188,1249.6614379882812,1203.8799438476562,1302.7987060546875
2543.png,0,0.015782976523041725,1053.7234802246094,1141.2908935546875,1096.5376281738281,1172.0807495117188
2543.png,0,0.015668759122490883,2166.533935546875,169.49490356445312,2182.06689453125,181.95477294921875
2543.png,3,0.01554185338318348,203.93873596191406,1558.654067993164,228.62229919433594,1586.6526947021484
2543.png,0,0.015532612800598145,2171.0823364257812,124.62605285644531,2186.0263061523438,136.3134307861328
2543.png,0,0.015531256794929504,1006.5343322753906,1436.0128440856934,1030.7994079589844,1453.53364944458
2543.png,1,0.015523428097367287,1189.7933959960938,397.43084716796875,1223.6375732421875,425.52044677734375
2543.png,0,0.01539798267185688,2205.78857421875,569.9266967773438,2218.427490234375,583.3890991210938
2543.png,3,0.015261300839483738,163.21331787109375,1705.9036254882812,186.18817138671875,1743.6419067382812
2543.png,2,0.015166221186518669,1223.2266235351562,1085.9107666015625,1272.4711303710938,1125.3702392578125
2543.png,3,0.015114031732082367,47.67646026611328,1594.3692626953125,72.67034149169922,1639.9764404296875
2543.png,1,0.015051695518195629,1325.381103515625,275.3042297363281,1387.72119140625,322.9920349121094
2543.png,0,0.014966544695198536,2704.67138671875,622.6904296875,2721.140869140625,637.2296142578125
2543.png,0,0.014894774183630943,1470.0872802734375,1827.7656555175781,1492.4935302734375,1848.1434020996094
2543.png,3,0.014764181338250637,221.98486328125,2162.55078125,243.38433837890625,2203.74462890625
2543.png,3,0.014696652069687843,2294.6710815429688,536.4051513671875,2327.9733276367188,566.1129150390625
2543.png,3,0.014688629657030106,927.4483337402344,1591.59375,948.3281555175781,1627.0040283203125
2543.png,3,0.014654900878667831,172.19239807128906,1934.223876953125,194.5051727294922,1992.59521484375
2543.png,0,0.014570058323442936,1985.5738372802734,765.2801513671875,1998.0741424560547,777.468505859375
2543.png,0,0.014555462636053562,1997.2091064453125,780.6912384033203,2018.3328094482422,798.1512069702148
2543.png,3,0.014475729316473007,71.37748718261719,1599.21875,98.68144226074219,1632.111328125
2543.png,3,0.014391017146408558,2687.4639892578125,1844.9568481445312,2706.8914794921875,1882.0067749023438
2543.png,1,0.014365770854055882,797.38210105896,1086.3635864257812,836.0010147094727,1122.6257934570312
2543.png,0,0.01434431504458189,2239.6534423828125,123.41458129882812,2260.7696533203125,142.43264770507812
2543.png,0,0.014215333387255669,2294.3944091796875,237.22586059570312,2321.1651611328125,265.4222106933594
2543.png,0,0.014163454994559288,2079.151611328125,577.013671875,2094.61376953125,590.31494140625
2543.png,1,0.014075029641389847,469.53997802734375,2236.3344116210938,509.384765625,2266.8067016601562
2543.png,1,0.01402693334966898,191.78958129882812,1677.1405029296875,222.40328979492188,1732.2034301757812
2543.png,1,0.013878779485821724,2293.3330993652344,236.7427978515625,2320.3497619628906,266.1670837402344
2543.png,3,0.013868055306375027,191.62110900878906,2042.340576171875,211.3866424560547,2065.444580078125
2543.png,3,0.0137334568426013,116.98626708984375,1485.1591796875,136.31069946289062,1533.30224609375
2543.png,0,0.01367719192057848,2226.3621520996094,102.9830322265625,2247.0951232910156,126.06402587890625
2543.png,0,0.013549447059631348,2473.6138916015625,944.8222961425781,2489.6510009765625,960.8963317871094
2543.png,3,0.013503363355994225,101.64295959472656,1486.36279296875,129.6322479248047,1513.929443359375
2543.png,0,0.013430408202111721,66.30778503417969,255.16221618652344,83.25822448730469,271.4229736328125
2543.png,0,0.013419318944215775,957.2273864746094,1582.5127258300781,979.333251953125,1605.8291931152344
2543.png,3,0.013392854481935501,200.09559631347656,1502.4568786621094,220.5194549560547,1531.8290405273438
2543.png,0,0.013390732929110527,2509.9921264648438,87.09600830078125,2543.3693237304688,102.18325805664062
2543.png,3,0.013119814917445183,343.55419921875,2205.1449584960938,354.7352294921875,2220.5463256835938
2543.png,3,0.012892614118754864,684.1846313476562,1040.6571044921875,731.9199829101562,1061.83544921875
2543.png,0,0.012850082479417324,2123.6673278808594,609.7569580078125,2139.9939880371094,623.1751708984375
2543.png,3,0.012790506705641747,1170.7189025878906,1248.9220581054688,1206.4538269042969,1303.3107299804688
2543.png,3,0.01276008877903223,65.37321472167969,1674.83837890625,86.08634948730469,1721.519287109375
2543.png,3,0.012758815661072731,871.4699401855469,1609.8127746582031,891.0600738525391,1630.1986999511719
2543.png,0,0.012698163278400898,92.07830047607422,1681.7493286132812,109.7277603149414,1692.4404907226562
2543.png,1,0.012609841302037239,1022.2754821777344,1.0126361846923828,1055.2333679199219,29.705381393432617
2543.png,0,0.012491199187934399,153.16786193847656,1892.824462890625,174.68714904785156,1903.809814453125
2543.png,0,0.012401905842125416,73.92352294921875,549.85498046875,89.48980712890625,564.57666015625
2543.png,3,0.012369778007268906,89.00883483886719,1455.3948974609375,115.68685913085938,1483.497314453125
2543.png,3,0.012152453884482384,280.3509521484375,2097.585205078125,313.65283203125,2155.291015625
2543.png,1,0.01213999092578888,1054.0325317382812,1148.952392578125,1098.54345703125,1179.9161376953125
2543.png,0,0.012106458656489849,1671.4220275878906,1288.5697631835938,1704.2171325683594,1302.8317260742188
2543.png,3,0.012035032734274864,855.462158203125,1632.8880310058594,881.1694946289062,1651.1902770996094
2543.png,3,0.011980881914496422,111.6634521484375,1690.35791015625,134.98153686523438,1732.477783203125
2543.png,0,0.011890715919435024,2632.1638793945312,656.290283203125,2664.3054809570312,686.554931640625
2543.png,0,0.011881139129400253,33.866764068603516,265.5924072265625,49.6408805847168,277.56805419921875
2543.png,3,0.011878492310643196,353.55914306640625,2227.1234130859375,367.31829833984375,2243.6883544921875
2543.png,3,0.011877289041876793,205.7801513671875,1752.7272338867188,224.7735595703125,1773.1104125976562
2543.png,0,0.011839182116091251,2724.96630859375,699.3662109375,2752.567138671875,726.067626953125
2543.png,3,0.011794982478022575,256.56658935546875,2101.8439331054688,285.70526123046875,2157.5465698242188
2543.png,0,0.01165325753390789,1055.466064453125,1160.7598876953125,1088.2806396484375,1180.8697509765625
2543.png,3,0.011607822962105274,1996.7609558105469,752.8110961914062,2029.5789489746094,798.7523803710938
2543.png,0,0.01160234771668911,136.6359100341797,2002.4799194335938,156.26148986816406,2036.5706176757812
2543.png,0,0.01145634800195694,287.1573486328125,526.8973999023438,310.1549072265625,543.0560913085938
2543.png,1,0.011424319818615913,833.6673431396484,1513.0073013305664,887.2730560302734,1552.8539733886719
2543.png,2,0.011292128823697567,1661.8785858154297,1654.533203125,1704.3219451904297,1692.40185546875
2543.png,0,0.011274336837232113,893.5037307739258,1624.0571594238281,914.2483520507812,1645.1517028808594
2543.png,3,0.011256033554673195,78.33599090576172,1748.88525390625,100.13884735107422,1785.8671875
2543.png,3,0.01119433343410492,261.21142578125,1986.9108276367188,281.29754638671875,2025.8759155273438
2543.png,1,0.011192206293344498,819.4440460205078,1602.11376953125,854.6443023681641,1638.4268798828125
2543.png,0,0.011190718971192837,213.81063842773438,1791.8814697265625,238.24575805664062,1818.1533813476562
2543.png,0,0.011152897961437702,1663.7767639160156,1655.3951416015625,1690.5565795898438,1682.2115478515625
2543.png,3,0.011083872057497501,2111.966064453125,576.7719116210938,2141.9130859375,599.0670776367188
2543.png,0,0.011023890227079391,223.30699157714844,1821.0817260742188,239.3268280029297,1834.0652465820312
2543.png,0,0.010932309553027153,1766.4852294921875,1980.997802734375,1782.7627563476562,2000.65673828125
2543.png,0,0.010931325145065784,2183.4564514160156,608.1930541992188,2196.1278381347656,623.1148071289062
2543.png,3,0.010886034928262234,1933.7898254394531,861.98095703125,1955.3064880371094,883.083984375
2543.png,0,0.010847347788512707,1805.1669616699219,1059.9669799804688,1821.6842346191406,1076.4619750976562
2543.png,3,0.010822317562997341,189.69708251953125,2032.550537109375,210.86865234375,2055.965576171875
2543.png,0,0.010761887766420841,2681.6309814453125,605.538818359375,2706.2607421875,636.437255859375
2543.png,0,0.010759547352790833,217.23782348632812,1544.433837890625,249.3948974609375,1602.873779296875
2543.png,3,0.010715239681303501,55.33589172363281,1532.2882080078125,95.56114196777344,1559.4939880371094
2543.png,0,0.01071025151759386,881.1973724365234,1660.7340698242188,908.7060089111328,1682.8925170898438
2543.png,3,0.010590645484626293,352.965576171875,2203.6751708984375,367.1923828125,2220.2213134765625
2543.png,1,0.01058536022901535,2724.7823486328125,698.3035278320312,2754.7039794921875,726.0537719726562
2543.png,0,0.010528161190450191,2305.0108642578125,2412.0743408203125,2329.282470703125,2427.9503173828125
2543.png,0,0.010383575223386288,1819.4181213378906,1007.0367584228516,1833.8068542480469,1021.6777191162109
2543.png,1,0.010302620008587837,1431.53759765625,191.51649475097656,1497.76416015625,238.43959045410156
2543.png,0,0.01015735324472189,2118.0322265625,143.4808349609375,2137.6826171875,160.3626708984375
2543.png,3,0.010122917592525482,200.65216064453125,2155.4678344726562,225.5777587890625,2175.8587036132812
2543.png,0,0.010083516128361225,2681.5338134765625,1885.7665405273438,2698.1771240234375,1904.8037719726562
2543.png,1,0.01006423868238926,2322.9246826171875,599.0530395507812,2392.6622314453125,633.0288696289062
2543.png,3,0.009987689554691315,175.41778564453125,1639.8174438476562,202.20977783203125,1666.1829833984375
2543.png,0,0.009864283725619316,265.03863525390625,1586.1236572265625,282.853759765625,1595.9605712890625
2543.png,3,0.009856131859123707,214.9523468017578,2145.8690795898438,238.11814880371094,2180.7022094726562
2543.png,3,0.009831787087023258,2680.337646484375,1880.709716796875,2699.22119140625,1905.28466796875
2543.png,3,0.009825889021158218,2335.2781982421875,1277.8026733398438,2379.4560546875,1318.4486694335938
2543.png,0,0.009702174924314022,1845.9723510742188,977.5861511230469,1861.2000122070312,990.5554504394531
2543.png,0,0.009685124270617962,1991.1144409179688,585.6880493164062,2011.8587036132812,601.8207397460938
2543.png,3,0.009651971980929375,125.15013122558594,1463.170654296875,154.84645080566406,1497.3984375
2543.png,2,0.009632565081119537,1011.2807159423828,1150.4622802734375,1051.1397094726562,1182.7763061523438
2543.png,0,0.009614395909011364,2818.3779296875,1965.0126953125,2836.3818359375,1976.40478515625
2543.png,0,0.009587866254150867,2032.6924438476562,485.51446533203125,2047.5346069335938,502.77667236328125
2543.png,1,0.009520663879811764,2343.7860717773438,114.47981262207031,2383.9805297851562,129.44166564941406
2543.png,0,0.009445377625524998,2857.25390625,1376.2899169921875,2872.099609375,1397.8707275390625
2543.png,0,0.00943624135106802,2285.5596618652344,536.3513793945312,2300.0506286621094,550.8549194335938
2543.png,0,0.00941445678472519,75.19718933105469,1601.7492065429688,96.62364196777344,1629.4865112304688
2543.png,0,0.00937823485583067,2330.9415283203125,1398.8292236328125,2371.8896484375,1415.3023681640625
2543.png,3,0.009358157403767109,87.017333984375,1581.6666259765625,108.7900390625,1628.6336669921875
2543.png,3,0.009358118288218975,207.58908081054688,2176.6142578125,223.66683959960938,2202.1552734375
2543.png,3,0.009238121099770069,114.20291137695312,1773.3079833984375,134.90512084960938,1791.7835693359375
2543.png,3,0.009229222312569618,882.0536956787109,1628.5511474609375,902.9584655761719,1648.4625854492188
2543.png,3,0.009207220748066902,252.939208984375,1542.66943359375,274.74163818359375,1575.52880859375
2543.png,0,0.009107988327741623,2855.4910888671875,625.04638671875,2873.5648193359375,643.2943115234375
2543.png,0,0.009035180322825909,470.3316650390625,2236.0853271484375,507.4715576171875,2267.9151611328125
2543.png,1,0.009019268676638603,953.49560546875,574.9658813476562,989.658935546875,600.0718383789062
2543.png,3,0.0089867627248168,201.32044982910156,1529.7743530273438,232.61817932128906,1543.150634765625
2543.png,0,0.0089739840477705,421.9391784667969,2228.562255859375,438.1227722167969,2242.985107421875
2543.png,0,0.008928320370614529,215.63671875,303.1653747558594,231.88323974609375,318.5288391113281
2543.png,3,0.008889208547770977,1788.0804748535156,1074.7472534179688,1805.7956237792969,1091.2438354492188
2543.png,1,0.008858353830873966,2180.1316528320312,607.814208984375,2232.0321655273438,640.2412109375
2543.png,3,0.008831446059048176,114.98773193359375,1638.045166015625,146.56350708007812,1662.171630859375
2543.png,3,0.008731828071177006,846.7578125,1644.97900390625,870.4464416503906,1662.38037109375
2543.png,2,0.008574265986680984,1995.2498168945312,749.5747680664062,2028.8702392578125,795.4733276367188
2543.png,3,0.008533229120075703,2864.749755859375,1056.4436645507812,2895.039794921875,1103.2632446289062
2543.png,0,0.00843761209398508,2161.1744384765625,1428.6802978515625,2186.0811767578125,1448.868408203125
2543.png,2,0.008433695882558823,769.1977653503418,32.938987731933594,826.0665626525879,71.09811401367188
2543.png,0,0.008428087458014488,161.1923065185547,170.12322998046875,184.0424041748047,191.82571411132812
2543.png,0,0.008410388603806496,841.3110961914062,1610.6739501953125,869.6777954101562,1646.6148681640625
2543.png,3,0.00839810911566019,1991.8787536621094,808.7303314208984,2014.7876586914062,852.0298156738281
2543.png,0,0.008398065343499184,2615.7032470703125,863.248779296875,2633.5345458984375,876.8414306640625
2543.png,1,0.008371466770768166,2324.4757080078125,266.3194580078125,2351.748779296875,299.63189697265625
2543.png,1,0.008322414010763168,1365.98974609375,2408.22607421875,1414.326416015625,2420.673828125
2543.png,0,0.008307485841214657,2847.7164306640625,1718.53173828125,2872.5250244140625,1731.537109375
2543.png,1,0.008250887505710125,158.34585571289062,501.9647216796875,189.55413818359375,531.1033935546875
2543.png,0,0.008234236389398575,2364.860595703125,1014.2083740234375,2383.7445068359375,1024.0
2543.png,0,0.008215285837650299,908.6441802978516,1603.7409973144531,934.8201141357422,1632.4248352050781
2543.png,0,0.008200247772037983,1712.2707214355469,2181.080810546875,1730.9161071777344,2218.210693359375
2543.png,3,0.008199108764529228,875.1755294799805,1617.8701171875,893.4795150756836,1644.0614013671875
2543.png,3,0.008195766247808933,158.8634033203125,1975.1644287109375,186.89151000976562,1992.338623046875
2543.png,0,0.008137433789670467,2325.089324951172,1047.4002075195312,2340.0521545410156,1063.1524047851562
2543.png,0,0.008110901340842247,2118.2440795898438,566.5411987304688,2134.8702087402344,582.4793090820312
2543.png,0,0.008045009337365627,997.4269409179688,542.153076171875,1032.5830993652344,569.149658203125
2543.png,3,0.008026894181966782,99.07450866699219,1512.3336791992188,120.74923706054688,1531.1620483398438
2543.png,0,0.007998906075954437,1341.9996948242188,16.8946533203125,1360.4257202148438,31.789688110351562
2543.png,1,0.007996595464646816,2589.6740112304688,2012.96044921875,2613.3377075195312,2054.4180908203125
2543.png,0,0.007989570498466492,1352.85205078125,30.719261169433594,1371.3397216796875,43.46168518066406
2543.png,3,0.007970915175974369,879.5607757568359,1608.9789733886719,897.9457092285156,1630.4053039550781
2543.png,3,0.007957029156386852,836.2930145263672,1629.0792236328125,853.4168548583984,1645.52392578125
2543.png,3,0.007853656075894833,206.95571899414062,1547.7136840820312,226.47628784179688,1562.1920166015625
2543.png,3,0.007836312055587769,214.6383056640625,1920.3223876953125,238.30084228515625,1964.7689208984375
2543.png,0,0.007832801900804043,2803.420654296875,1884.5283813476562,2818.9306640625,1894.8577880859375
2543.png,0,0.007813319563865662,2847.4044189453125,1222.9901733398438,2870.3330078125,1264.4512329101562
2543.png,0,0.007811633870005608,216.505615234375,590.61181640625,235.35479736328125,608.767333984375
2543.png,3,0.0078025031834840775,368.1300048828125,2224.7399291992188,381.6041259765625,2240.5797729492188
2543.png,0,0.007795208133757114,104.64961242675781,1643.7769775390625,123.45433044433594,1677.0018310546875
2543.png,0,0.007793419063091278,2495.704345703125,2377.4424438476562,2513.159912109375,2393.3524780273438
2543.png,0,0.007751421071588993,167.21746826171875,1933.1453247070312,195.1378173828125,1983.3458862304688
2543.png,0,0.007683195639401674,2228.4962768554688,114.53736877441406,2252.3674926757812,130.8608856201172
2543.png,3,0.00763958552852273,99.93771362304688,1717.0360717773438,120.09771728515625,1742.4489135742188
2543.png,3,0.007633893750607967,2361.4742431640625,1012.3623352050781,2429.790283203125,1058.4230651855469
2543.png,0,0.007613196969032288,1812.2132263183594,938.522705078125,1829.0473327636719,955.0208129882812
2543.png,3,0.00755838630720973,2374.3897705078125,1280.1640625,2387.8656005859375,1304.342529296875
2543.png,1,0.007549394387751818,2693.8563232421875,686.5407104492188,2726.1365966796875,714.6323852539062
2543.png,3,0.0075261155143380165,1802.8101196289062,1058.5523681640625,1823.9706420898438,1080.833740234375
2543.png,3,0.007524146232753992,31.908885955810547,1536.796630859375,53.48372268676758,1580.9199829101562
2543.png,3,0.007514371071010828,247.5941925048828,1924.43505859375,264.83807373046875,1952.650146484375
2543.png,3,0.007481307722628117,254.06103515625,1954.7933349609375,277.4241943359375,1998.4068603515625
2543.png,3,0.0074567850679159164,2638.4813232421875,863.5604248046875,2663.2713623046875,879.0274658203125
2543.png,0,0.007434292230755091,1577.0357666015625,2190.1305541992188,1620.017578125,2219.4362182617188
2543.png,0,0.007431963924318552,2546.0888671875,2387.2160034179688,2559.31982421875,2404.6249389648438
2543.png,0,0.007423837669193745,159.651611328125,505.0399475097656,185.451416015625,529.7882080078125
2543.png,3,0.007381548639386892,90.53710174560547,1479.29931640625,113.6511001586914,1494.680908203125
2543.png,3,0.0073707252740859985,87.69389343261719,1657.321517944336,111.37446594238281,1694.0584716796875
2543.png,0,0.007353765424340963,1326.2425537109375,1184.4640502929688,1342.4110107421875,1198.8650512695312
2543.png,0,0.00734197860583663,2330.7892456054688,1333.43359375,2354.5758666992188,1350.0672607421875
2543.png,0,0.007337475661188364,2831.0809326171875,1758.7030639648438,2850.5015869140625,1770.1199340820312
2543.png,0,0.007335208356380463,913.2046813964844,1659.6778411865234,927.5389404296875,1678.9757080078125
2543.png,0,0.007287704385817051,965.6612548828125,1579.6830444335938,985.3797607421875,1598.2666625976562
2543.png,3,0.0072767422534525394,149.3074951171875,1641.9201049804688,174.4921875,1683.8403930664062
2543.png,3,0.007254095282405615,209.02017211914062,1774.3804931640625,227.94357299804688,1791.1185302734375
2543.png,0,0.0072337607853114605,1834.5388488769531,637.640380859375,1871.7367858886719,662.084716796875
2543.png,0,0.007201348897069693,1630.3765335083008,1631.307861328125,1645.3224868774414,1656.7952880859375
2543.png,0,0.007116205058991909,326.30889892578125,1061.5105285644531,346.02410888671875,1078.2107238769531
2543.png,3,0.007087067700922489,40.19525909423828,1583.69189453125,59.443153381347656,1602.47314453125
2543.png,0,0.0070706382393836975,1013.3160400390625,1162.048583984375,1024.0,1182.4747314453125
2543.png,3,0.00705289700999856,182.39236450195312,2064.72314453125,200.23074340820312,2077.59423828125
2543.png,3,0.007039029151201248,2317.0679931640625,1016.3727569580078,2333.236328125,1032.9379272460938
2543.png,1,0.007021639496088028,1330.492431640625,1406.2697105407715,1399.626708984375,1428.6196994781494
2543.png,3,0.007004992570728064,127.18240356445312,1542.5867919921875,144.711669921875,1570.0650024414062
2543.png,3,0.0069982027634978294,105.69329833984375,1454.7801513671875,123.84954833984375,1474.2598876953125
2543.png,0,0.0069377184845507145,2639.344970703125,1828.1469116210938,2675.9906005859375,1843.9458618164062
2543.png,1,0.006796668749302626,63.0410041809082,769.8461151123047,95.31159973144531,794.7715530395508
2543.png,3,0.006742651108652353,57.28507995605469,1520.4292602539062,82.23724365234375,1538.2955780029297
2543.png,0,0.006740978453308344,458.9862060546875,2301.6494140625,476.1614990234375,2313.4814453125
2543.png,0,0.006697258912026882,56.145042419433594,1647.9156494140625,75.94683074951172,1679.1998291015625
2543.png,1,0.006649268325418234,1161.5120849609375,419.32666015625,1194.021240234375,446.8367919921875
2543.png,3,0.006632222328335047,2793.805908203125,663.328369140625,2807.0714111328125,679.1287841796875
2543.png,0,0.006620919331908226,85.72510528564453,1783.115478515625,101.59688568115234,1791.6298828125
2543.png,0,0.006615624763071537,404.0653076171875,2212.89404296875,420.130615234375,2227.266357421875
2543.png,3,0.006599255837500095,1547.3495559692383,1996.5402221679688,1569.5943450927734,2017.9097290039062
2543.png,2,0.006592874880880117,2863.9373779296875,1057.1951293945312,2894.9930419921875,1103.7080688476562
2543.png,3,0.006544461473822594,142.990234375,2019.09716796875,164.44479370117188,2064.1868896484375
2543.png,3,0.006539128255099058,72.52171325683594,1483.064453125,91.34150695800781,1526.5784912109375
2543.png,3,0.006522687617689371,2638.4495849609375,1826.1058959960938,2676.1683349609375,1843.2144165039062
2543.png,0,0.006519629620015621,2391.735595703125,993.0895690917969,2407.262451171875,1007.4898681640625
2543.png,0,0.006516174413263798,2008.919189453125,768.0,2053.5101928710938,807.1325607299805
2543.png,2,0.00647452287375927,157.99325561523438,499.3734130859375,192.53695678710938,531.7362060546875
2543.png,3,0.00646764924749732,235.18753051757812,2088.3840942382812,255.32052612304688,2104.7749633789062
2543.png,0,0.006431054323911667,2182.6339721679688,572.586669921875,2196.2328491210938,587.3388671875
2543.png,3,0.006416871678084135,2705.9435424804688,623.5833740234375,2721.8975219726562,637.0697021484375
2543.png,0,0.006416744086891413,334.40362548828125,2270.2320556640625,348.38568115234375,2284.4395751953125
2543.png,1,0.006372797302901745,2382.5620727539062,1070.0272216796875,2413.3992309570312,1104.105712890625
2543.png,3,0.006366034969687462,204.61996459960938,2100.0960693359375,226.9022216796875,2122.6756591796875
2543.png,0,0.0063577755354344845,1991.1515655517578,814.0420227050781,2019.5531768798828,851.9477233886719
2543.png,0,0.006342295557260513,130.3624267578125,1800.4565124511719,154.5172119140625,1821.0708923339844
2543.png,0,0.006338047329336405,2229.1477966308594,538.9359130859375,2243.975616455078,553.4930419921875
2543.png,3,0.0063204835169017315,166.48367309570312,1503.3133392333984,189.21414184570312,1546.0323028564453
2543.png,0,0.006276245694607496,937.5638732910156,1647.2979736328125,953.6996765136719,1668.1083984375
2543.png,0,0.0062700980342924595,929.386474609375,1650.9791259765625,944.5518798828125,1671.8360595703125
2543.png,3,0.006240865681320429,215.16639709472656,1514.051528930664,235.3236846923828,1529.8659973144531
2543.png,0,0.006231832318007946,1634.4495468139648,1643.7242431640625,1649.505729675293,1664.7652587890625
2543.png,0,0.006230104714632034,137.95208740234375,1240.7350463867188,169.54010009765625,1277.2598266601562
2543.png,0,0.00622115982696414,1703.7095184326172,577.6412963867188,1727.4232330322266,602.4345092773438
2543.png,0,0.006216638721525669,873.7184066772461,1668.755615234375,886.6939926147461,1684.593994140625
2543.png,2,0.006200307514518499,2308.058349609375,1093.578125,2359.510986328125,1133.447265625
2543.png,3,0.0061751725152134895,201.56405639648438,1945.8922119140625,222.10537719726562,1965.7049560546875
2543.png,0,0.006174151320010424,1750.9780578613281,619.4091796875,1773.8793029785156,641.32568359375
2543.png,3,0.006171828601509333,163.2576904296875,2115.294677734375,181.9495849609375,2147.199462890625
2543.png,1,0.006171483546495438,1577.5410690307617,2190.330810546875,1619.9529266357422,2219.309326171875
2543.png,0,0.0061266301199793816,953.45751953125,574.16015625,990.3099365234375,600.30126953125
2543.png,0,0.006086631212383509,2127.851531982422,593.7763671875,2158.5638122558594,617.22314453125
2543.png,3,0.0060803890228271484,230.63449096679688,2225.548095703125,253.55267333984375,2241.09814453125
2543.png,0,0.006077548023313284,895.5982131958008,1592.3442687988281,912.2755737304688,1612.5226745605469
2543.png,1,0.006065241526812315,490.10931396484375,831.9483909606934,549.1537475585938,859.9316101074219
2543.png,3,0.006062375847250223,1326.2608032226562,1185.0861206054688,1341.8781127929688,1198.6583862304688
2543.png,1,0.006058406550437212,2510.6409912109375,86.53140258789062,2545.3096923828125,104.02716064453125
2543.png,3,0.006050116382539272,338.0670166015625,2233.4583129882812,358.126220703125,2258.3938598632812
2543.png,0,0.005994104780256748,207.19241333007812,1558.1394653320312,229.85702514648438,1602.264892578125
2543.png,0,0.005985755007714033,2416.0633544921875,1330.9744873046875,2447.3421630859375,1348.18896484375
2543.png,1,0.0059529566206038,786.6061096191406,59.07707214355469,817.3782272338867,86.19183349609375
2543.png,0,0.005942482966929674,162.30230712890625,1777.0425415039062,183.54498291015625,1790.5877075195312
2543.png,0,0.005926760844886303,2647.9025268554688,1685.16552734375,2680.0867309570312,1700.869384765625
2543.png,0,0.005878125317394733,1886.2460327148438,904.2364501953125,1917.5689086914062,941.0535888671875
2543.png,0,0.00587264122441411,2078.897216796875,528.9818115234375,2095.298126220703,550.105224609375
2543.png,0,0.005868664477020502,2112.5071716308594,577.9295654296875,2139.304901123047,598.8314208984375
2543.png,3,0.005836371332406998,884.6601943969727,1594.396728515625,908.4048767089844,1624.570556640625
2543.png,0,0.0058189197443425655,84.18954467773438,1772.0460815429688,100.42742919921875,1783.0298461914062
2543.png,1,0.0058030132204294205,1661.8704147338867,1654.1864013671875,1706.0800170898438,1692.9361572265625
2543.png,3,0.005789941642433405,74.74371337890625,1538.9725646972656,100.07914733886719,1578.7057495117188
2543.png,0,0.005789480172097683,2143.666976928711,833.7853240966797,2158.052978515625,848.6683807373047
2543.png,3,0.005767826922237873,2835.1931762695312,1904.4046020507812,2865.4384155273438,1935.3845825195312
2543.png,0,0.005738212261348963,2285.3612670898438,1265.731689453125,2314.0117797851562,1283.6509399414062
2543.png,3,0.005727899726480246,182.2741241455078,2000.7222290039062,199.5105743408203,2011.5912475585938
2543.png,3,0.005699045490473509,2423.767333984375,1285.640869140625,2435.522705078125,1301.106201171875
31.png,1,0.5149732232093811,2611.3128662109375,1624.6314697265625,2668.3106689453125,1666.1788330078125
31.png,1,0.4052450358867645,248.54107666015625,365.1671142578125,301.5987548828125,404.7584228515625
31.png,1,0.33709716796875,1035.1653442382812,588.7883911132812,1084.5018920898438,622.7592163085938
31.png,1,0.31423258781433105,183.4122314453125,315.70556640625,239.46588134765625,361.0626220703125
31.png,1,0.30633997917175293,1339.6272583007812,810.4833374023438,1391.6152954101562,848.7328033447266
31.png,1,0.29707807302474976,308.7509765625,185.22482299804688,360.05328369140625,221.48104858398438
31.png,1,0.29679572582244873,1790.9641418457031,849.6122436523438,1839.4454650878906,892.1929016113281
31.png,1,0.27732959389686584,1723.2388916015625,795.721305847168,1774.9298095703125,823.9753341674805
31.png,1,0.22802001237869263,880.8638000488281,773.8584594726562,935.5361633300781,817.1326293945312
31.png,1,0.19581979513168335,1958.1245422363281,1094.4303588867188,1982.7468566894531,1128.4943237304688
31.png,1,0.13368718326091766,1841.9029541015625,1020.0537719726562,1902.6083984375,1044.0399169921875
31.png,1,0.1284646838903427,308.72650146484375,406.3067626953125,359.59002685546875,448.577880859375
31.png,1,0.1274559646844864,634.7684326171875,916.661376953125,685.25048828125,953.704833984375
31.png,0,0.1211046352982521,1306.775146484375,1171.7309265136719,1326.3310546875,1199.1022033691406
31.png,0,0.1083461195230484,1148.2045288085938,1321.5234375,1170.7247924804688,1343.3798828125
31.png,0,0.10268781334161758,1223.0516662597656,1249.4310913085938,1244.8314514160156,1271.3350219726562
31.png,0,0.10118325054645538,1049.6493530273438,1392.1824951171875,1068.1395874023438,1417.7850341796875
31.png,3,0.09951771795749664,827.3690185546875,2156.130157470703,839.9461669921875,2173.3321838378906
31.png,1,0.09937756508588791,2070.0,2220.6339721679688,2110.4114303588867,2261.8318481445312
31.png,0,0.09815628081560135,1345.3330078125,1275.3182983398438,1365.05029296875,1303.5405883789062
31.png,0,0.09688176214694977,1235.619873046875,1225.9094543457031,1248.547119140625,1248.4176940917969
31.png,3,0.09408989548683167,815.8656616210938,2159.7048950195312,834.2229614257812,2174.6347045898438
31.png,0,0.09209643304347992,1255.0193481445312,1200.2010498046875,1270.4127807617188,1227.3809814453125
31.png,0,0.0916026383638382,1078.1091918945312,1352.0240478515625,1103.4744262695312,1371.0958251953125
31.png,0,0.09119374305009842,1369.2591552734375,1150.7526245117188,1394.5396728515625,1175.674072265625
31.png,0,0.09108836203813553,1257.6721496582031,1248.051513671875,1277.0718688964844,1267.4244995117188
31.png,0,0.09103768318891525,834.5980224609375,2260.314697265625,857.817138671875,2284.1007080078125
31.png,0,0.09034387022256851,1296.322509765625,1222.0469970703125,1316.63525390625,1248.64990234375
31.png,0,0.08996935188770294,1168.025634765625,1205.50048828125,1197.3717041015625,1225.9588623046875
31.png,0,0.08948249369859695,989.7470092773438,47.61213684082031,1011.450927734375,69.51527404785156
31.png,0,0.08920986205339432,1230.0165710449219,1164.5363159179688,1243.2243347167969,1191.8639526367188
31.png,0,0.0891999900341034,1182.8404541015625,1198.3140258789062,1206.1177978515625,1217.7343139648438
31.png,0,0.08882908523082733,1320.639404296875,1306.4356689453125,1347.551513671875,1325.065673828125
31.png,0,0.08781087398529053,1377.5546875,1221.84912109375,1403.049072265625,1249.2806396484375
31.png,0,0.08689605444669724,1145.0800170898438,1271.3070373535156,1172.1569213867188,1292.6339111328125
31.png,0,0.08593936264514923,1327.4630126953125,1126.47802734375,1345.7711181640625,1152.8250732421875
31.png,0,0.08528146892786026,701.998046875,742.7491455078125,724.763671875,770.3948974609375
31.png,0,0.08268453925848007,1150.9785766601562,1259.3818359375,1176.0256958007812,1280.47900390625
31.png,0,0.08129607141017914,2272.6376037597656,2831.947998046875,2294.490997314453,2860.173828125
31.png,1,0.07824383676052094,1307.6681518554688,1171.5362548828125,1333.0973510742188,1198.8524169921875
31.png,0,0.07784052938222885,1847.9739379882812,1247.6337280273438,1880.849609375,1269.0338134765625
31.png,0,0.07762452214956284,1469.4859619140625,2663.0914916992188,1490.0272216796875,2686.6688842773438
31.png,0,0.07726220786571503,1110.4888305664062,1237.282958984375,1143.2549438476562,1258.8892822265625
31.png,0,0.0771574005484581,1363.402587890625,1143.572265625,1383.053466796875,1167.6597900390625
31.png,3,0.0770331546664238,837.78076171875,2152.0973205566406,851.545654296875,2171.3396606445312
31.png,0,0.07581707090139389,819.7142333984375,2130.741455078125,837.065185546875,2155.9107666015625
31.png,0,0.07428903132677078,1277.8611755371094,1253.3982543945312,1296.3648681640625,1276.0415649414062
31.png,0,0.07396526634693146,1279.1748657226562,1192.5643310546875,1302.5653686523438,1214.6668701171875
31.png,1,0.07370001077651978,2132.4275550842285,1737.9097900390625,2169.0608520507812,1783.6834106445312
31.png,0,0.07309716939926147,1225.7939453125,1115.0906372070312,1251.822265625,1139.5708618164062
31.png,1,0.07208142429590225,674.9034423828125,2167.1228637695312,718.6090087890625,2210.6477661132812
31.png,0,0.07085882872343063,1382.5114135742188,1207.9563903808594,1412.0908813476562,1234.2948913574219
31.png,0,0.07065187394618988,1048.2841796875,1373.7377319335938,1076.3023681640625,1392.8015747070312
31.png,0,0.07049082964658737,1147.2239990234375,1230.3247680664062,1184.902099609375,1255.4500122070312
31.png,0,0.06996694207191467,1959.9904174804688,2334.6109619140625,1982.7257690429688,2350.8128662109375
31.png,3,0.0699186697602272,1210.1015319824219,1269.42724609375,1235.8199768066406,1288.254150390625
31.png,0,0.06894861906766891,873.5870361328125,123.48837280273438,891.478271484375,149.08322143554688
31.png,0,0.06884531676769257,929.52880859375,2198.303955078125,955.8974609375,2219.1192626953125
31.png,0,0.0684603676199913,1183.9573974609375,1253.184326171875,1203.1609497070312,1270.989501953125
31.png,0,0.06835541129112244,635.76806640625,917.923583984375,685.4407958984375,954.31396484375
31.png,0,0.06787602603435516,1252.104248046875,1232.3493347167969,1269.8165283203125,1255.6080017089844
31.png,3,0.0675545260310173,802.3060913085938,2134.9243774414062,819.4826049804688,2167.5587158203125
31.png,0,0.0674806758761406,1208.9947509765625,1220.0038452148438,1236.4010620117188,1238.4795532226562
31.png,0,0.06697560846805573,1246.3281860351562,1230.8594970703125,1262.4457397460938,1255.7999267578125
31.png,0,0.06685872375965118,1264.355712890625,1145.3988647460938,1278.6158447265625,1173.7850952148438
31.png,0,0.0668225809931755,725.3719482421875,2122.234375,753.4632568359375,2133.40771484375
31.png,3,0.06638681143522263,1202.3920288085938,1250.48583984375,1215.8861694335938,1264.3391723632812
31.png,0,0.06559714674949646,1191.7015991210938,1195.7042236328125,1221.268798828125,1215.6766357421875
31.png,0,0.06473052501678467,1221.1016540527344,1597.1834716796875,1238.4150085449219,1620.8656005859375
31.png,1,0.06450088322162628,799.6759643554688,2256.418212890625,829.7250366210938,2288.624755859375
31.png,0,0.06408493220806122,760.4434814453125,325.3536376953125,778.68408203125,348.68927001953125
31.png,0,0.06353724002838135,1381.1604614257812,1117.0254516601562,1400.0170288085938,1143.5491333007812
31.png,0,0.06327762454748154,914.95068359375,2210.352325439453,936.6409912109375,2231.2105407714844
31.png,1,0.06294343620538712,822.1728515625,2130.9405212402344,846.93701171875,2171.1017150878906
31.png,0,0.06278904527425766,1136.0098876953125,1382.8485107421875,1154.9464111328125,1405.8514404296875
31.png,0,0.06056422367691994,2789.4866943359375,2584.5110473632812,2806.8883056640625,2612.6757202148438
31.png,0,0.05900340899825096,1960.0299377441406,1093.647216796875,1984.2287902832031,1128.5047607421875
31.png,1,0.05888654664158821,1937.0520629882812,2101.2684936523438,1984.597900390625,2137.0881958007812
31.png,3,0.058591410517692566,1288.3388671875,1106.8991088867188,1339.19873046875,1121.577880859375
31.png,0,0.05832048878073692,2001.1879272460938,2508.711669921875,2020.0120239257812,2525.40625
31.png,0,0.05664360523223877,779.5118408203125,738.84912109375,799.127685546875,755.793701171875
31.png,0,0.0564814954996109,1105.3534545898438,1157.0375061035156,1132.0376586914062,1176.4487609863281
31.png,0,0.05596913769841194,1781.1644287109375,883.1981048583984,1810.7412109375,902.4085083007812
31.png,0,0.05553214251995087,767.2738037109375,1781.4468841552734,786.6236572265625,1790.4088592529297
31.png,1,0.05546398460865021,2611.869873046875,1041.8184204101562,2660.8826904296875,1077.1384887695312
31.png,0,0.054947540163993835,1361.3809814453125,1353.5006103515625,1373.8712158203125,1367.0838623046875
31.png,0,0.05492112785577774,1376.7706298828125,2607.4749755859375,1396.8311767578125,2631.7755126953125
31.png,0,0.05480847507715225,1102.8131103515625,1315.317138671875,1131.44677734375,1334.341552734375
31.png,0,0.054805856198072433,998.4872131347656,2007.7958526611328,1014.6275939941406,2033.380630493164
31.png,0,0.05464699864387512,774.8931503295898,2219.8815307617188,802.5674209594727,2236.86328125
31.png,1,0.05425106734037399,1803.96630859375,2015.5324249267578,1846.7694091796875,2045.541275024414
31.png,0,0.05399026721715927,1896.94970703125,1093.9457397460938,1922.226806640625,1112.6448364257812
31.png,0,0.053762856870889664,629.8518676757812,2124.0232543945312,644.2329711914062,2138.8460083007812
31.png,0,0.05262039974331856,1115.8113403320312,1368.6962890625,1158.0802612304688,1388.682861328125
31.png,1,0.05172937363386154,400.216552734375,147.34786987304688,439.27117919921875,175.22311401367188
31.png,0,0.05157138407230377,1193.800048828125,1403.4823608398438,1206.2703857421875,1421.7981567382812
31.png,0,0.05132649093866348,1107.1507263183594,1377.7159423828125,1140.4446716308594,1395.7899169921875
31.png,1,0.050377100706100464,2036.1116333007812,2126.6464233398438,2079.6038208007812,2161.2849731445312
31.png,3,0.049772027879953384,1187.5503540039062,1231.2774353027344,1210.7757568359375,1254.8266296386719
31.png,0,0.049400340765714645,1070.5092163085938,1777.565673828125,1083.9319458007812,1796.8291625976562
31.png,0,0.04933549091219902,1275.3641357421875,1216.6498413085938,1291.45751953125,1237.8020629882812
31.png,0,0.04861240088939667,1338.5130004882812,1227.6427917480469,1354.2418823242188,1248.9973449707031
31.png,0,0.04851435497403145,1194.9359130859375,1180.2793579101562,1223.718994140625,1200.8126831054688
31.png,0,0.04846298694610596,1371.5535888671875,1236.5286865234375,1395.7296142578125,1258.8043212890625
31.png,0,0.0478462353348732,849.5005950927734,2176.6046142578125,868.3046722412109,2200.2723388671875
31.png,1,0.047401148825883865,752.3604736328125,2086.887969970703,782.4669189453125,2122.000274658203
31.png,0,0.04732025787234306,1208.6839599609375,1232.1465454101562,1234.348388671875,1251.5587768554688
31.png,0,0.04670858755707741,839.2742004394531,2191.2001953125,861.1594848632812,2208.909423828125
31.png,0,0.04661169275641441,1662.9022216796875,2621.408203125,1675.4547119140625,2640.8602294921875
31.png,0,0.04651419073343277,1129.111572265625,1222.585205078125,1153.5137939453125,1239.2608032226562
31.png,0,0.04575405269861221,45.104209899902344,2289.4479370117188,58.578468322753906,2308.4336547851562
31.png,1,0.045029718428850174,3016.44775390625,1565.3797607421875,3047.5013427734375,1609.4495849609375
31.png,3,0.04459042847156525,1271.1256713867188,1179.9625549316406,1299.5116577148438,1216.7054748535156
31.png,0,0.04400191828608513,781.766845703125,762.0841064453125,795.53857421875,777.1585693359375
31.png,0,0.0439738854765892,1431.7972412109375,1155.4427795410156,1454.6549072265625,1178.1222229003906
31.png,0,0.043894149363040924,835.9287033081055,2185.1805419921875,848.9797592163086,2197.5682373046875
31.png,1,0.0436648465692997,1679.3860778808594,896.691650390625,1749.9393615722656,923.215087890625
31.png,1,0.04314948990941048,730.064208984375,969.9552001953125,774.736572265625,991.373779296875
31.png,0,0.04284215345978737,1205.7514038085938,1134.740966796875,1230.53173828125,1158.463134765625
31.png,1,0.04276135191321373,1291.6505126953125,1251.84765625,1315.7279052734375,1282.9410400390625
31.png,1,0.04264571890234947,1189.3843688964844,815.954345703125,1224.0505065917969,858.031494140625
31.png,0,0.04248664155602455,1289.1901245117188,1108.1834411621094,1319.8287963867188,1122.5694885253906
31.png,0,0.04205745831131935,1152.0925903320312,644.3533325195312,1171.1615600585938,660.5274047851562
31.png,0,0.042028460651636124,1012.4203491210938,2012.1770324707031,1029.1318359375,2034.4349975585938
31.png,0,0.042000383138656616,1566.5668334960938,966.8931884765625,1587.5426635742188,988.505126953125
31.png,1,0.04181715473532677,24.12579345703125,315.729248046875,53.88209533691406,357.8045654296875
31.png,0,0.040810197591781616,1526.6268310546875,1138.0929260253906,1540.4300537109375,1155.0657653808594
31.png,1,0.04071395471692085,1369.5630493164062,1151.4723510742188,1398.0164184570312,1183.2705078125
31.png,0,0.04060698673129082,1660.7537841796875,811.6370010375977,1674.8687744140625,826.1296005249023
31.png,0,0.04045109823346138,1409.0929565429688,1181.1137084960938,1434.5972290039062,1204.6375122070312
31.png,0,0.04026409983634949,1316.708984375,1254.3639831542969,1326.35107421875,1267.3832702636719
31.png,0,0.03986629098653793,294.24896240234375,1995.251708984375,310.272705078125,2010.8986206054688
31.png,1,0.0397878997027874,2728.1044921875,2909.7135009765625,2782.6588134765625,2931.1671142578125
31.png,0,0.03938474878668785,1293.1708984375,1252.181396484375,1315.4033203125,1282.3809204101562
31.png,0,0.03933143988251686,1267.9580078125,1252.3151245117188,1287.279296875,1273.7556762695312
31.png,2,0.03906099870800972,1680.1507720947266,895.05859375,1752.5658721923828,925.536865234375
31.png,3,0.039044857025146484,836.136474609375,2162.513427734375,848.6925048828125,2183.599365234375
31.png,3,0.038764312863349915,1262.3617553710938,1177.2697143554688,1278.5398559570312,1196.2627563476562
31.png,0,0.03865770250558853,2612.1480712890625,1042.6905517578125,2661.8450927734375,1074.9862060546875
31.png,0,0.038487713783979416,2516.934600830078,2429.9677734375,2547.623748779297,2452.2998046875
31.png,1,0.03847019746899605,2060.365234375,2238.46533203125,2103.217529296875,2271.888916015625
31.png,1,0.03843988850712776,1769.6320190429688,2049.9230194091797,1806.0989379882812,2076.9212799072266
31.png,0,0.03755054995417595,2948.475341796875,155.876953125,2978.344482421875,181.17327880859375
31.png,0,0.037417806684970856,1257.0618896484375,2717.3702392578125,1277.9261474609375,2741.459228515625
31.png,0,0.03734402731060982,840.020263671875,2275.118408203125,868.8525390625,2306.38623046875
31.png,0,0.03722476214170456,1461.2457885742188,1320.0073852539062,1499.3497924804688,1352.5953979492188
31.png,0,0.03721237555146217,1147.3648681640625,1244.3169860839844,1173.7818603515625,1264.0389709472656
31.png,0,0.03718675673007965,2695.024169921875,2833.0304565429688,2713.2509765625,2848.6708374023438
31.png,0,0.03715454041957855,851.0704345703125,262.68218994140625,867.9515380859375,281.65911865234375
31.png,0,0.037126727402210236,2909.135986328125,2464.6346435546875,2928.5885009765625,2482.8797607421875
31.png,0,0.03706818073987961,2611.8517456054688,1622.027099609375,2672.0879516601562,1666.44140625
31.png,0,0.03686216101050377,1367.0039672851562,1113.145263671875,1388.9190063476562,1141.6588134765625
31.png,1,0.03669261559844017,1162.7866821289062,1322.9121704101562,1189.3701782226562,1354.3345336914062
31.png,0,0.03650439530611038,825.78515625,2256.9215087890625,841.5634765625,2285.6883544921875
31.png,0,0.036499567329883575,24.961593627929688,316.4683532714844,54.59288787841797,358.7279357910156
31.png,3,0.03649348393082619,311.2208251953125,406.50799560546875,359.909912109375,447.44256591796875
31.png,0,0.036272525787353516,739.40380859375,803.3994140625,750.467041015625,818.47412109375
31.png,3,0.035787250846624374,1151.8229370117188,1258.9746704101562,1175.4786987304688,1278.7865600585938
31.png,1,0.035507895052433014,1734.9797973632812,778.976806640625,1781.8125610351562,808.438720703125
31.png,2,0.03523233160376549,1270.7449951171875,223.79803466796875,1309.685302734375,256.6630554199219
31.png,0,0.03508283942937851,2262.2747802734375,2837.255615234375,2275.8941650390625,2851.997314453125
31.png,3,0.03489825874567032,1929.2000122070312,1101.9808349609375,1945.9942016601562,1127.6531982421875
31.png,0,0.034891676157712936,1184.8188781738281,2422.2889404296875,1202.2016296386719,2440.6339111328125
31.png,1,0.03488064557313919,1303.4066162109375,1222.8865966796875,1325.4415283203125,1251.0110473632812
31.png,1,0.034842781722545624,2188.3377685546875,2287.5469970703125,2232.3424072265625,2320.4893798828125
31.png,0,0.03477717936038971,1339.7413330078125,1131.7604370117188,1355.35888671875,1158.2156372070312
31.png,0,0.034613147377967834,852.2610473632812,2006.5515441894531,868.2493286132812,2026.9048156738281
31.png,2,0.03455120325088501,1460.7210083007812,1319.33251953125,1499.6460571289062,1351.39306640625
31.png,0,0.03435772284865379,2741.0438232421875,2559.566162109375,2763.9959716796875,2588.1834716796875
31.png,0,0.03430543094873428,907.098876953125,2194.9681396484375,923.562255859375,2214.7962646484375
31.png,0,0.03413606807589531,406.1961669921875,932.0180358886719,443.2906494140625,959.3518981933594
31.png,0,0.03397221490740776,1030.3504333496094,1355.89892578125,1047.0774841308594,1386.157958984375
31.png,0,0.033850349485874176,1204.9567565917969,1226.9590759277344,1220.7126159667969,1249.6991271972656
31.png,1,0.033651892095804214,2276.9825439453125,913.5875701904297,2304.2835083007812,949.3268890380859
31.png,1,0.03348734229803085,1715.7697143554688,1998.5517654418945,1759.6396179199219,2032.5381546020508
31.png,0,0.03263258561491966,1958.7117309570312,1135.1567993164062,1974.8539428710938,1150.2390747070312
31.png,0,0.03238607197999954,1429.5921630859375,51.44170379638672,1444.9571533203125,71.00525665283203
31.png,0,0.03208364546298981,1005.5229034423828,1530.5457763671875,1023.4820404052734,1551.1583251953125
31.png,3,0.03166104853153229,656.0785522460938,1878.2197875976562,675.2362670898438,1893.5890502929688
31.png,0,0.03163816034793854,897.1180419921875,785.9723167419434,932.9473876953125,816.6882209777832
31.png,3,0.03149721398949623,1017.1953887939453,2191.303955078125,1044.1176147460938,2209.04638671875
31.png,0,0.031390052288770676,2277.336471557617,917.3341369628906,2305.6771392822266,948.3304138183594
31.png,1,0.031232209876179695,839.29345703125,2274.7025146484375,869.9903564453125,2305.6717529296875
31.png,0,0.030894335359334946,1722.019775390625,787.773042678833,1779.5615234375,815.6909027099609
31.png,1,0.030792847275733948,1379.9384765625,0.0,1444.96728515625,26.926982879638672
31.png,1,0.02987801283597946,271.64990234375,157.6934814453125,316.426513671875,193.489013671875
31.png,3,0.029060766100883484,873.0009155273438,2175.1080322265625,893.2487182617188,2200.8050537109375
31.png,0,0.02905920334160328,3017.18408203125,1563.7886352539062,3049.67724609375,1608.8526611328125
31.png,0,0.0290078017860651,779.199215888977,2111.793212890625,793.6749382019043,2131.6640625
31.png,0,0.028882285580039024,870.2227172851562,250.871337890625,883.0712280273438,264.18414306640625
31.png,3,0.028811313211917877,726.6680908203125,2123.0452880859375,756.5657958984375,2136.7799682617188
31.png,0,0.028450727462768555,2326.299560546875,2380.093994140625,2364.580810546875,2409.027587890625
31.png,0,0.028443872928619385,1939.2194519042969,1481.169189453125,1955.8680114746094,1495.981201171875
31.png,2,0.027962226420640945,2355.7848205566406,1916.5606536865234,2419.2237243652344,1959.708583831787
31.png,3,0.027885757386684418,1168.3557739257812,1238.6287841796875,1184.0761108398438,1255.227294921875
31.png,0,0.027626780793070793,827.99658203125,2136.851043701172,850.4603271484375,2172.7762451171875
31.png,1,0.027553439140319824,1381.2589721679688,1116.8092956542969,1404.8737182617188,1147.7104187011719
31.png,0,0.02744811400771141,1917.7206420898438,1126.021728515625,1935.9465942382812,1145.345703125
31.png,3,0.02741621807217598,1304.5761108398438,1120.7050170898438,1328.0015258789062,1136.3849487304688
31.png,3,0.026906510815024376,986.4094848632812,2203.4483642578125,1008.4730224609375,2225.0687255859375
31.png,1,0.026655761525034904,2356.5635986328125,1916.3713455200195,2424.22607421875,1960.1632537841797
31.png,0,0.026599206030368805,1125.0597534179688,43.553611755371094,1139.8526000976562,60.059974670410156
31.png,0,0.026576461270451546,1354.565185546875,1116.2034606933594,1365.764892578125,1136.2094421386719
31.png,0,0.026426365599036217,1014.9474487304688,1926.47607421875,1024.7707214355469,1942.744987487793
31.png,0,0.026211244985461235,1051.4391174316406,2027.4772338867188,1068.2245178222656,2057.2634887695312
31.png,0,0.026181623339653015,308.99591064453125,406.28509521484375,361.94097900390625,449.41693115234375
31.png,0,0.0259080920368433,1187.748046875,1207.1242065429688,1210.5404052734375,1223.6329956054688
31.png,0,0.025710701942443848,898.1470336914062,2190.447509765625,906.3930053710938,2211.154052734375
31.png,1,0.025574909523129463,1856.4503173828125,2105.264129638672,1908.1695556640625,2142.5200805664062
31.png,3,0.025494037196040154,849.1937255859375,2177.3506469726562,869.3277587890625,2202.2805786132812
31.png,1,0.025470485910773277,2369.624267578125,2746.3634033203125,2403.79931640625,2775.0592041015625
31.png,0,0.025224024429917336,1174.7651977539062,1260.9864196777344,1191.3558959960938,1276.1125793457031
31.png,0,0.025129778310656548,1010.7242431640625,2218.476806640625,1022.5292053222656,2230.562744140625
31.png,0,0.0249486044049263,884.0374755859375,2187.541015625,896.6529541015625,2212.409423828125
31.png,1,0.02494553104043007,2222.50634765625,2670.8857421875,2244.56005859375,2698.2451171875
31.png,0,0.024895012378692627,728.775634765625,711.7415161132812,745.3173828125,729.6856079101562
31.png,0,0.024848926812410355,692.8199462890625,2166.172119140625,716.85205078125,2188.6044311523438
31.png,0,0.024790896102786064,1341.3841552734375,808.3922882080078,1389.0799560546875,847.5348510742188
31.png,0,0.024741627275943756,1081.9022216796875,1200.82421875,1095.1032104492188,1215.62060546875
31.png,0,0.02460612915456295,818.01953125,2149.857421875,833.708984375,2172.3427734375
31.png,1,0.024483608081936836,1366.205078125,1111.8736877441406,1389.581787109375,1141.4069519042969
31.png,1,0.023749154061079025,2070.0,2181.4024658203125,2110.9695587158203,2223.8916015625
31.png,0,0.023516885936260223,1215.7881774902344,1128.71923828125,1234.7052917480469,1148.134765625
31.png,0,0.02323134057223797,2251.0120849609375,2614.7657470703125,2262.8504638671875,2626.3309326171875
31.png,0,0.02311868779361248,640.992919921875,2126.1891021728516,657.890869140625,2154.084487915039
31.png,0,0.023115327581763268,1192.862548828125,1687.5760803222656,1207.6884765625,1706.38427734375
31.png,1,0.023107144981622696,995.3925323486328,874.8653564453125,1073.5308227539062,937.8306884765625
31.png,0,0.023090306669473648,800.787841796875,2253.609375,831.47802734375,2286.552734375
31.png,0,0.022703301161527634,601.6669921875,2115.3636474609375,628.607177734375,2131.232177734375
31.png,3,0.02242499217391014,1972.0337219238281,2382.9151611328125,2004.4382629394531,2405.8143310546875
31.png,0,0.022414350882172585,801.6377182006836,2137.6011657714844,818.5730056762695,2168.2933044433594
31.png,0,0.022407280281186104,1141.9913940429688,2472.950927734375,1172.019287109375,2499.5322265625
31.png,0,0.02237139642238617,1271.5848083496094,226.77505493164062,1309.1290283203125,256.7301025390625
31.png,0,0.02218470349907875,1442.968017578125,1139.0543823242188,1462.222412109375,1165.8280639648438
31.png,3,0.021901831030845642,879.5832824707031,2178.6568603515625,895.4603881835938,2213.400146484375
31.png,1,0.021734921261668205,1536.0,1183.1138916015625,1559.0201473236084,1224.1256103515625
31.png,0,0.021717173978686333,2996.3934936523438,147.42221069335938,3007.7496948242188,166.60165405273438
31.png,0,0.021389050409197807,762.8883056640625,2142.5048217773438,792.8209228515625,2155.8178100585938
31.png,0,0.02129673957824707,2969.7745361328125,131.79229736328125,2988.66650390625,152.75811767578125
31.png,0,0.02087104693055153,808.0819702148438,2128.474609375,835.8648071289062,2145.605224609375
31.png,0,0.020821241661906242,150.110107421875,2160.4512939453125,163.88330078125,2176.238037109375
31.png,0,0.020632071420550346,1166.0219116210938,1698.3933410644531,1179.831298828125,1711.2157287597656
31.png,0,0.020614176988601685,1319.1520385742188,4.523403167724609,1332.6480102539062,20.83039665222168
31.png,1,0.02056051604449749,769.4444351196289,2232.2987060546875,806.9924774169922,2273.8572998046875
31.png,3,0.020400386303663254,1221.29345703125,1276.4428100585938,1246.8680419921875,1293.2819213867188
31.png,0,0.020279934629797935,873.5006103515625,2170.9198608398438,895.2572021484375,2193.4179077148438
31.png,0,0.019900454208254814,998.2530822753906,871.3434448242188,1036.7516479492188,902.9671020507812
31.png,0,0.019893599674105644,842.4098205566406,2306.483154296875,859.5720520019531,2323.414794921875
31.png,3,0.019618211314082146,1214.2103881835938,1249.5554809570312,1246.0859985351562,1273.2219848632812
31.png,0,0.019566485658288002,687.6888427734375,739.356201171875,705.56396484375,759.518798828125
31.png,0,0.01951170340180397,965.3906860351562,2173.8568115234375,980.7191772460938,2194.5621337890625
31.png,0,0.019395891577005386,305.9795837402344,184.19081115722656,362.0777282714844,222.39549255371094
31.png,3,0.019263334572315216,1262.7740173339844,1144.175537109375,1278.6050109863281,1176.3275146484375
31.png,1,0.019032124429941177,2246.9700927734375,2026.7021942138672,2274.6961669921875,2062.955612182617
31.png,1,0.018922869116067886,1982.8656005859375,2266.565185546875,2025.9373779296875,2302.27783203125
31.png,0,0.018919842317700386,1379.6126708984375,0.0,1445.6322021484375,30.18153953552246
31.png,1,0.01886158436536789,2389.6703491210938,2539.1641845703125,2432.4219360351562,2573.1090087890625
31.png,0,0.018821123987436295,1289.5245361328125,1150.9677734375,1313.3741455078125,1165.5687255859375
31.png,1,0.018815314397215843,2535.9260864257812,2453.693603515625,2583.7012329101562,2490.6204833984375
31.png,3,0.01874539442360401,842.9538269042969,2165.3722534179688,860.0985107421875,2194.1776733398438
31.png,3,0.018707087263464928,854.3585205078125,2155.1341552734375,870.9215087890625,2177.560546875
31.png,1,0.018697606399655342,2495.85546875,2648.32958984375,2560.0,2702.4476318359375
31.png,0,0.018504567444324493,674.4388427734375,2166.407470703125,691.8804931640625,2184.534912109375
31.png,0,0.018372364342212677,1221.5482482910156,1164.8292541503906,1234.4470520019531,1194.9645690917969
31.png,0,0.01833180896937847,1180.5294799804688,1791.3011779785156,1218.2289428710938,1824.3370666503906
31.png,0,0.018263235688209534,1042.1005554199219,1318.699462890625,1056.1771545410156,1336.469482421875
31.png,3,0.018245479092001915,1155.9549865722656,1251.8099975585938,1175.2405700683594,1266.1753540039062
31.png,1,0.018123431131243706,2354.0343017578125,2399.5018920898438,2396.7982177734375,2431.9456176757812
31.png,3,0.018107926473021507,1119.5517578125,1368.75732421875,1150.0696411132812,1388.616943359375
31.png,0,0.018037870526313782,1443.614990234375,770.3463158607483,1453.964111328125,783.9574527740479
31.png,0,0.017903892323374748,983.9373168945312,2204.5128173828125,1009.6692504882812,2229.555908203125
31.png,0,0.01789536513388157,1320.6982421875,1254.7522583007812,1338.978271484375,1273.8694458007812
31.png,0,0.017856530845165253,1787.5461730957031,871.8987731933594,1809.9430847167969,886.921142578125
31.png,0,0.017817670479416847,1283.11328125,1156.7765502929688,1296.317138671875,1172.7847900390625
31.png,0,0.017738625407218933,1153.201416015625,2535.8936157226562,1175.3157958984375,2561.5480346679688
31.png,0,0.017403293401002884,1290.54248046875,1128.57763671875,1306.715576171875,1147.8604736328125
31.png,2,0.017368607223033905,994.3840484619141,871.26806640625,1075.3807373046875,938.40380859375
31.png,0,0.0173364095389843,854.2568664550781,2322.881103515625,876.5160064697266,2350.90771484375
31.png,3,0.01728891208767891,1176.897705078125,1250.6353149414062,1202.5162963867188,1270.9223022460938
31.png,0,0.017216326668858528,856.3135986328125,2157.176025390625,878.7003173828125,2181.1826171875
31.png,2,0.01710994355380535,655.757080078125,862.4500122070312,695.98876953125,907.2260131835938
31.png,0,0.01708199456334114,2583.7255859375,2450.7788696289062,2598.543701171875,2476.5451049804688
31.png,0,0.01688654161989689,1139.0044860839844,1955.4567260742188,1162.3258361816406,1971.8136596679688
31.png,0,0.016885630786418915,2174.672607421875,2638.1739501953125,2194.283203125,2659.2513427734375
31.png,0,0.016833806410431862,1929.7889404296875,1096.6780090332031,1950.0966796875,1127.4199523925781
31.png,0,0.016729244962334633,1028.0448608398438,2214.4085693359375,1037.9647827148438,2225.786865234375
31.png,0,0.016672832891345024,656.1176147460938,862.2091064453125,676.1715698242188,890.5950927734375
31.png,3,0.016602767631411552,636.034423828125,1886.5694274902344,665.0107421875,1912.2320861816406
31.png,0,0.016590159386396408,921.3948059082031,2203.3665161132812,940.6590270996094,2227.3211059570312
31.png,0,0.016471728682518005,1605.8174209594727,1335.5758056640625,1622.2033309936523,1351.1375732421875
31.png,0,0.016378747299313545,2494.9571533203125,2651.0140380859375,2538.6315307617188,2689.198486328125
31.png,0,0.016374146565794945,1109.4482116699219,2482.53125,1121.0446472167969,2495.38623046875
31.png,0,0.016313141211867332,1778.26416015625,878.8361053466797,1792.0,904.0969696044922
31.png,0,0.016279635950922966,768.0751352310181,2211.6936645507812,777.4223566055298,2236.3755493164062
31.png,0,0.016253456473350525,1206.6201171875,1172.5147094726562,1231.1949462890625,1196.5661010742188
31.png,0,0.016246750950813293,908.9967041015625,141.12557983398438,919.0679931640625,154.79519653320312
31.png,0,0.016204847022891045,2095.7966918945312,2480.77490234375,2131.3634643554688,2506.381103515625
31.png,3,0.01615739054977894,1305.8367309570312,1130.2756958007812,1318.7938842773438,1149.0477905273438
31.png,0,0.016020463779568672,2293.588424682617,897.6937866210938,2304.767776489258,913.0090942382812
31.png,0,0.015931004658341408,509.59893798828125,1857.299560546875,523.9996948242188,1868.3662109375
31.png,0,0.015850916504859924,1195.2466735839844,1242.00341796875,1217.1396179199219,1266.559326171875
31.png,0,0.01583855226635933,768.0,2240.4388732910156,778.5875024795532,2260.8826599121094
31.png,0,0.01581820659339428,1462.7830810546875,797.7473526000977,1483.1436767578125,818.3997039794922
31.png,3,0.01576140709221363,638.2981567382812,1878.6192626953125,666.4511108398438,1898.4357299804688
31.png,0,0.01575619913637638,944.8985595703125,2188.4478759765625,960.7738037109375,2205.2811279296875
31.png,3,0.01564154215157032,768.5636119842529,2142.7857360839844,793.2762413024902,2156.115509033203
31.png,1,0.015626681968569756,1102.3421630859375,1308.7042236328125,1131.8214111328125,1335.4547119140625
31.png,0,0.015565392561256886,768.6434841156006,2085.544189453125,785.7803020477295,2119.44873046875
31.png,1,0.015536339022219181,2519.58056640625,2270.3621826171875,2554.156494140625,2315.6005859375
31.png,3,0.015438692644238472,1360.3779296875,1152.2609252929688,1378.1455078125,1182.0869750976562
31.png,3,0.01540410052984953,1281.455810546875,1150.9798278808594,1296.841796875,1172.7493591308594
31.png,3,0.015381516888737679,1226.9487609863281,1205.446533203125,1241.8938903808594,1220.725830078125
31.png,0,0.015373032540082932,1131.200439453125,48.284461975097656,1153.7958984375,75.92729949951172
31.png,0,0.015300246886909008,2383.0096435546875,1989.127197265625,2402.8737182617188,2007.5436401367188
31.png,1,0.01528833992779255,599.4053955078125,2099.511993408203,644.2764892578125,2120.245574951172
31.png,0,0.015259085223078728,2133.362636566162,1737.1229858398438,2169.7406311035156,1783.3786010742188
31.png,0,0.01508286688476801,915.1822509765625,2199.50048828125,931.6893310546875,2226.18603515625
31.png,0,0.014943982474505901,750.146240234375,2087.7630462646484,776.5576171875,2121.361587524414
31.png,1,0.014866616576910019,2230.707275390625,2294.6183471679688,2267.83251953125,2330.4839477539062
31.png,0,0.01484849862754345,1122.8003540039062,1143.0899047851562,1141.69140625,1162.1987915039062
31.png,3,0.014809070155024529,2415.3687744140625,466.86126708984375,2461.1534423828125,501.15478515625
31.png,1,0.01476062461733818,2932.54296875,62.65574645996094,2969.4866943359375,97.83680725097656
31.png,0,0.014616308733820915,1945.470458984375,1516.94287109375,1965.63623046875,1530.8720703125
31.png,0,0.014574057422578335,2286.1148681640625,2838.3966064453125,2305.2940673828125,2863.0557861328125
31.png,0,0.014514979906380177,1506.8463134765625,1208.6400146484375,1520.1075439453125,1223.9827880859375
31.png,0,0.014513813890516758,2245.763916015625,2655.537109375,2273.646240234375,2674.7259521484375
31.png,1,0.01448249351233244,1207.146240234375,1389.2962646484375,1231.1298828125,1420.9425048828125
31.png,0,0.014471628703176975,16.581806182861328,2876.404296875,27.281009674072266,2890.68212890625
31.png,0,0.01441525761038065,2826.4669189453125,530.6741333007812,2850.9527587890625,556.0079956054688
31.png,1,0.01420160848647356,2266.1296997070312,2357.5042724609375,2305.4529418945312,2392.5950927734375
31.png,2,0.013987477868795395,2494.26318359375,2652.117431640625,2542.1201171875,2688.65380859375
31.png,0,0.013819004409015179,1233.3787231445312,1217.4577026367188,1248.1013793945312,1239.8495483398438
31.png,3,0.013786026276648045,1360.8250732421875,1172.9544067382812,1379.0501708984375,1188.2677612304688
31.png,0,0.013756467960774899,1060.091796875,1763.43603515625,1075.6463623046875,1779.4786987304688
