image,tile_x0,tile_y0,cls,conf,x1,y1,x2,y2
1181.png,0,0,0,0.025735510513186455,2115.078125,225.82754516601562,2131.401123046875,247.67990112304688
1181.png,0,0,0,0.023346440866589546,2210.923583984375,269.0635681152344,2224.084716796875,279.1744079589844
1181.png,0,0,0,0.02313394285738468,703.8209838867188,485.7817687988281,718.3023071289062,512.6594848632812
1181.png,0,0,0,0.021407941356301308,375.10693359375,43.958717346191406,393.25164794921875,62.965206146240234
1181.png,0,0,0,0.017236603423953056,569.6266479492188,488.131591796875,597.6449584960938,514.1731567382812
1181.png,0,0,0,0.01711433008313179,512.6484375,196.77297973632812,525.1332397460938,215.55191040039062
1181.png,0,0,0,0.016840001568198204,2722.999267578125,297.7123107910156,2732.016845703125,319.89617919921875
1181.png,0,0,0,0.0164127666503191,803.116943359375,1024.6317138671875,817.1578979492188,1042.29296875
1181.png,0,0,0,0.016382373869419098,592.7100219726562,345.6994323730469,609.9096069335938,379.7317199707031
1181.png,0,0,0,0.016239633783698082,690.7240600585938,485.6988525390625,714.897705078125,524.3692626953125
1181.png,0,0,0,0.01613699086010456,710.1275634765625,478.6488952636719,741.3564453125,502.132080078125
1181.png,0,0,0,0.01602722331881523,626.1961059570312,438.8738098144531,647.259521484375,459.7147216796875
1181.png,0,0,0,0.015392821282148361,409.98681640625,840.735107421875,417.12860107421875,859.7345581054688
1181.png,0,0,0,0.015160110779106617,270.8796691894531,72.15721130371094,287.1554870605469,94.41674041748047
1181.png,0,0,0,0.014972600154578686,474.77288818359375,271.1474609375,488.5942077636719,301.22039794921875
1181.png,0,0,0,0.014962617307901382,2232.1552734375,336.5930480957031,2260.162109375,356.67303466796875
1181.png,0,0,0,0.01490538939833641,1161.932373046875,1139.0736083984375,1182.5386962890625,1175.8173828125
1181.png,0,0,0,0.014771931804716587,515.8230590820312,451.3363342285156,533.3141479492188,466.81207275390625
1181.png,0,0,0,0.014458774589002132,2726.927490234375,2284.4169921875,2744.4833984375,2303.381103515625
1181.png,0,0,0,0.014429396018385887,376.1785888671875,40.371009826660156,415.9134826660156,64.2305908203125
1181.png,0,0,0,0.014381861314177513,2114.8955078125,121.08811950683594,2130.3740234375,138.60841369628906
1181.png,0,0,0,0.013971531763672829,10.470356941223145,115.84172058105469,26.681285858154297,135.7295379638672
1181.png,0,0,0,0.013957679271697998,1455.4296875,1206.6019287109375,1464.701171875,1224.3968505859375
1181.png,0,0,0,0.013744058087468147,2223.97314453125,326.93487548828125,2240.51611328125,351.5341491699219
1181.png,0,0,0,0.013511902652680874,591.1414794921875,771.41845703125,612.0490112304688,788.1312255859375
1181.png,0,0,0,0.013494308106601238,450.1362609863281,90.3652114868164,466.78228759765625,127.14183044433594
1181.png,0,0,0,0.013276991434395313,2245.7265625,16.29103660583496,2260.8603515625,28.0596923828125
1181.png,0,0,0,0.013276342302560806,1668.167236328125,152.1940460205078,1681.79833984375,172.21878051757812
1181.png,0,0,0,0.013135611079633236,589.2992553710938,343.4241943359375,603.9589233398438,370.98358154296875
1181.png,0,0,0,0.013108804821968079,2213.230224609375,89.32628631591797,2228.37109375,106.32643127441406
1181.png,0,0,0,0.012982760556042194,2757.041259765625,1780.5321044921875,2776.462158203125,1803.6727294921875
1181.png,0,0,0,0.012054278515279293,2544.0849609375,2470.207763671875,2560.762939453125,2485.89697265625
1181.png,0,0,0,0.011881683021783829,487.6246337890625,687.2072143554688,503.09698486328125,711.2492065429688
1181.png,0,0,0,0.011514860205352306,1165.1513671875,1143.527587890625,1188.5518798828125,1175.9593505859375
1181.png,0,0,0,0.011418596841394901,88.86693572998047,763.0633544921875,107.39143371582031,783.669189453125
1181.png,0,0,0,0.01127102505415678,159.50425720214844,739.65185546875,176.15518188476562,756.6867065429688
1181.png,0,0,0,0.011148092336952686,1095.46533203125,1389.3897705078125,1112.142333984375,1404.0810546875
1181.png,0,0,0,0.010876196436583996,2825.457275390625,413.8765563964844,2839.15283203125,431.2261047363281
1181.png,0,0,0,0.010863451287150383,488.17681884765625,560.1854248046875,513.916748046875,584.552734375
1181.png,0,0,0,0.010806132107973099,2362.304931640625,2110.013916015625,2377.83349609375,2127.747802734375
1181.png,0,0,0,0.01069637667387724,512.7919921875,521.5392456054688,524.8087158203125,545.4489135742188
1181.png,0,0,0,0.010631585493683815,1454.9556884765625,10.301477432250977,1472.224609375,30.397188186645508
1181.png,0,0,0,0.010443400591611862,868.1703491210938,114.41426849365234,886.7139892578125,142.16705322265625
1181.png,0,0,0,0.010326296091079712,209.09503173828125,595.6173706054688,236.36561584472656,617.3558959960938
1181.png,0,0,0,0.010235946625471115,396.7668762207031,216.56407165527344,415.9093017578125,237.02886962890625
1181.png,0,0,0,0.009946673177182674,104.94720458984375,625.5554809570312,126.73324584960938,650.956298828125
1181.png,0,0,0,0.009884769096970558,2620.580810546875,2467.0751953125,2637.87060546875,2481.96044921875
1181.png,0,0,0,0.009850312024354935,1810.9373779296875,1305.2945556640625,1826.239013671875,1327.918701171875
1181.png,0,0,0,0.009737028740346432,79.7693099975586,88.50165557861328,101.56086730957031,101.52955627441406
1181.png,0,0,0,0.009724424220621586,2838.65234375,1175.0574951171875,2876.667724609375,1189.403564453125
1181.png,0,0,0,0.009680003859102726,2107.635009765625,65.9408187866211,2125.450927734375,91.1209945678711
1181.png,0,0,0,0.009618101641535759,2172.889892578125,210.2025909423828,2190.3408203125,235.59872436523438
1181.png,0,0,0,0.00954185239970684,692.4622192382812,958.2037353515625,715.1021728515625,983.8778076171875
1181.png,0,0,0,0.009531889110803604,541.6310424804688,366.25830078125,560.5239868164062,385.9501953125
1181.png,0,0,0,0.009477539919316769,17.79005241394043,485.3644714355469,54.254390716552734,497.7082824707031
1181.png,0,0,0,0.009437157772481441,274.35430908203125,78.10076904296875,307.4267578125,99.17105865478516
1181.png,0,0,0,0.00938638485968113,2653.3173828125,2434.53466796875,2672.013427734375,2449.329345703125
1181.png,0,0,0,0.009375028312206268,724.1763916015625,9.307753562927246,741.45556640625,29.67605972290039
1181.png,0,0,0,0.009338528849184513,2187.80029296875,262.7745666503906,2211.118408203125,284.224365234375
1181.png,0,0,0,0.009159446693956852,2024.9500732421875,20.1630802154541,2043.5445556640625,54.29844284057617
1181.png,0,0,0,0.00892168190330267,2510.40625,2279.430908203125,2527.8828125,2298.26708984375
1181.png,0,0,0,0.008896882645785809,1669.0032958984375,1605.3515625,1689.25830078125,1619.9183349609375
1181.png,0,0,0,0.008887922391295433,360.8267517089844,105.96544647216797,379.86578369140625,128.257568359375
1181.png,0,0,0,0.008855859749019146,2759.551025390625,1421.2977294921875,2777.461181640625,1437.7269287109375
1181.png,0,0,0,0.00884551927447319,2533.56494140625,2765.691162109375,2549.6298828125,2775.795654296875
1181.png,0,0,0,0.008836936205625534,2603.44384765625,2573.602783203125,2621.939453125,2591.259033203125
1181.png,0,0,0,0.00883298646658659,481.8092346191406,158.99330139160156,491.4033203125,173.52899169921875
1181.png,0,0,0,0.008821017108857632,2823.235107421875,1727.9803466796875,2853.318115234375,1756.9984130859375
1181.png,0,0,0,0.00871448963880539,560.3961181640625,488.0706787109375,596.846923828125,516.9964599609375
1181.png,0,0,0,0.008698718622326851,343.4209289550781,81.26223754882812,361.6144104003906,115.98593139648438
1181.png,0,0,0,0.008663104847073555,386.8056945800781,175.2328643798828,415.88775634765625,202.9402313232422
1181.png,0,0,0,0.008616679348051548,2653.38916015625,849.4234619140625,2669.769775390625,862.234375
1181.png,0,0,0,0.00859895907342434,1263.805908203125,1464.513427734375,1294.4400634765625,1488.91796875
1181.png,0,0,0,0.008568046614527702,2827.54150390625,1717.578857421875,2849.101318359375,1747.77197265625
1181.png,0,0,0,0.008554713800549507,378.9159240722656,534.1896362304688,394.40814208984375,561.0266723632812
1181.png,0,0,0,0.008460450917482376,1355.5977783203125,1119.2685546875,1372.0277099609375,1144.5357666015625
1181.png,0,0,0,0.008379117585718632,2720.5361328125,1133.6016845703125,2745.09326171875,1150.7288818359375
1181.png,0,0,0,0.008368715643882751,611.5397338867188,304.10418701171875,635.4385375976562,321.8721618652344
1181.png,0,0,0,0.008365985937416553,432.06146240234375,141.37730407714844,452.33148193359375,167.67181396484375
1181.png,0,0,0,0.008303562179207802,2255.653564453125,38.551429748535156,2275.63427734375,59.785484313964844
1181.png,0,0,0,0.008299820125102997,2693.720947265625,1083.525146484375,2712.81982421875,1104.693115234375
1181.png,0,0,0,0.008237316273152828,52.82101058959961,582.9775390625,72.4300308227539,606.51025390625
1181.png,0,0,0,0.008080162107944489,338.2315368652344,296.6795959472656,350.3798522949219,318.2422790527344
1181.png,0,0,0,0.007926774211227894,645.2228393554688,508.6659240722656,669.1001586914062,535.697998046875
1181.png,0,0,0,0.007914229296147823,2514.30224609375,340.6215515136719,2550.34228515625,357.992919921875
1181.png,0,0,0,0.0078886142000556,628.8076171875,1038.6165771484375,645.4933471679688,1067.5184326171875
1181.png,0,0,0,0.007853574119508266,632.8233032226562,498.2485656738281,657.038330078125,533.5972900390625
1181.png,0,0,0,0.007841949351131916,1358.9537353515625,1342.8157958984375,1392.43017578125,1360.2669677734375
1181.png,0,0,0,0.007760487962514162,1030.4107666015625,1288.0511474609375,1046.166748046875,1320.114990234375
1181.png,0,0,0,0.007729950826615095,160.62136840820312,743.0935668945312,176.0580291748047,777.7208251953125
1181.png,0,0,0,0.007573714014142752,487.2332458496094,668.975830078125,505.17095947265625,707.6160278320312
1181.png,0,0,0,0.00755109591409564,2654.6533203125,2796.8046875,2671.245849609375,2813.723876953125
1181.png,0,0,0,0.007540282793343067,486.79278564453125,867.9697875976562,503.2237548828125,891.3526611328125
1181.png,0,0,0,0.0074921282939612865,294.9064636230469,849.0748901367188,308.3489685058594,874.7518920898438
1181.png,0,0,0,0.007390857674181461,1491.1500244140625,1197.3370361328125,1513.83544921875,1235.350830078125
1181.png,0,0,0,0.007297576870769262,1268.8658447265625,1467.8165283203125,1296.686767578125,1500.86767578125
1181.png,0,0,0,0.007276094984263182,429.4383544921875,497.5997009277344,458.3768005371094,525.7760620117188
1181.png,0,0,0,0.007160682696849108,593.1787109375,906.1377563476562,610.6380615234375,925.2511596679688
1181.png,0,0,0,0.007131722290068865,15.609177589416504,482.2447814941406,40.197654724121094,499.0137939453125
1181.png,0,0,0,0.007123647723346949,2368.496826171875,285.9131774902344,2388.650634765625,313.88970947265625
1181.png,0,0,0,0.007097366265952587,1142.5701904296875,666.169189453125,1175.2952880859375,684.4854736328125
1181.png,0,0,0,0.007090880069881678,1413.7525634765625,1306.5242919921875,1429.6845703125,1327.5433349609375
1181.png,0,0,0,0.007053314708173275,591.193359375,838.4976806640625,610.1138916015625,863.3590698242188
1181.png,0,0,0,0.007029856089502573,2834.509033203125,144.5633087158203,2855.452880859375,163.5782012939453
1181.png,0,0,0,0.007017999887466431,2459.46435546875,632.6713256835938,2487.201904296875,655.5037231445312
1181.png,0,0,0,0.0069482289254665375,2424.00927734375,2866.053955078125,2441.87255859375,2886.338134765625
1181.png,0,0,0,0.006945449858903885,485.5050354003906,682.102294921875,524.3756103515625,709.4892578125
1181.png,0,0,0,0.006945028901100159,1608.36669921875,1376.0897216796875,1626.2083740234375,1397.299072265625
1181.png,0,0,0,0.006926961243152618,74.07002258300781,594.1166381835938,91.33394622802734,609.4042358398438
1181.png,0,0,0,0.006869986187666655,161.8679962158203,594.55517578125,178.29713439941406,610.543701171875
1181.png,0,0,0,0.0068305185995996,330.10565185546875,378.5712890625,344.7278137207031,390.2413024902344
1181.png,0,0,0,0.006711882073432207,339.2467041015625,519.5603637695312,353.0968322753906,532.4627075195312
1181.png,0,0,0,0.006698559504002333,484.57373046875,623.6471557617188,515.6575317382812,639.1356201171875
1181.png,0,0,0,0.006681420374661684,627.66455078125,1030.46875,646.3494873046875,1063.9442138671875
1181.png,0,0,0,0.006680195685476065,152.26925659179688,1101.91064453125,175.3509521484375,1114.5013427734375
1181.png,0,0,0,0.006670788861811161,2859.481689453125,2619.081298828125,2879.042724609375,2634.798583984375
1181.png,0,0,0,0.00666633527725935,1138.4765625,663.6210327148438,1155.37451171875,686.2017822265625
1181.png,0,0,0,0.00664913933724165,290.1568603515625,341.5799560546875,307.5257263183594,356.470458984375
1181.png,0,0,0,0.00664706714451313,2729.044189453125,2251.052001953125,2744.57177734375,2266.70166015625
1181.png,0,0,0,0.006629701238125563,372.6460876464844,769.3526611328125,389.6423645019531,782.6021118164062
1181.png,0,0,0,0.006585721392184496,210.89022827148438,901.3026733398438,235.0906219482422,924.0457763671875
1181.png,0,0,0,0.006583746522665024,511.3484802246094,920.7599487304688,536.284912109375,936.3567504882812
1181.png,0,0,0,0.0065830666571855545,192.2089385986328,682.0426025390625,203.44085693359375,706.8665161132812
1181.png,0,0,0,0.006566955242305994,494.61962890625,560.1563110351562,524.4848022460938,588.4639892578125
1181.png,0,0,0,0.00656050955876708,1.6282635927200317,54.11598205566406,20.062358856201172,77.13253021240234
1181.png,0,0,0,0.006550456862896681,1481.8907470703125,1210.5152587890625,1503.6265869140625,1250.705078125
1181.png,0,0,0,0.006523757241666317,168.6191864013672,523.9804077148438,198.9319610595703,550.8975830078125
1181.png,0,0,0,0.0065193637274205685,2730.0556640625,1565.4803466796875,2758.71142578125,1588.9444580078125
1181.png,0,0,0,0.006507175974547863,263.0438232421875,659.623779296875,273.63568115234375,691.5377197265625
1181.png,0,0,0,0.006490145344287157,922.0828857421875,1030.61279296875,958.3798828125,1064.42529296875
1181.png,0,0,0,0.006477145943790674,449.0033264160156,99.11875915527344,465.98236083984375,132.6285400390625
1181.png,0,0,0,0.006466638762503862,1353.9447021484375,1348.1820068359375,1375.323486328125,1363.3818359375
1181.png,0,0,0,0.006456842180341482,488.10223388671875,196.3902130126953,505.15777587890625,216.82444763183594
1181.png,0,0,0,0.006427594926208258,695.01416015625,964.5077514648438,720.029541015625,995.4085083007812
1181.png,0,0,0,0.0064102839678525925,90.3307876586914,614.341064453125,115.00911712646484,643.2512817382812
1181.png,0,0,0,0.006405781488865614,378.93377685546875,651.0662841796875,396.0108947753906,673.1771850585938
1181.png,0,0,0,0.006344603840261698,2025.5609130859375,17.992971420288086,2044.93115234375,44.945579528808594
1181.png,0,0,0,0.006344417575746775,906.5427856445312,865.2647094726562,922.4813842773438,888.6730346679688
1181.png,0,0,0,0.0063343346118927,229.2651824951172,798.6338500976562,251.19078063964844,821.0944213867188
1181.png,0,0,0,0.006333799567073584,121.39248657226562,806.67724609375,144.59254455566406,825.3759765625
1181.png,0,0,0,0.006324263289570808,1423.622802734375,9.859156608581543,1436.84521484375,30.88979148864746
1181.png,0,0,0,0.006310703698545694,2791.972900390625,1354.3917236328125,2815.732666015625,1368.536376953125
1181.png,0,0,0,0.006308849900960922,666.0494995117188,488.0648193359375,689.446044921875,534.373046875
1181.png,0,0,0,0.006284694653004408,379.6635437011719,180.30763244628906,396.33355712890625,203.9938201904297
1181.png,0,0,0,0.006278203334659338,1753.1611328125,1310.2161865234375,1770.1376953125,1332.286865234375
1181.png,0,0,0,0.006182187702506781,364.7778015136719,17.945720672607422,388.53277587890625,54.41413116455078
1181.png,0,0,0,0.006180547643452883,2729.572021484375,2830.2451171875,2746.333251953125,2848.2978515625
1181.png,0,0,0,0.0061315507628023624,2507.700439453125,2784.17529296875,2520.474365234375,2806.117919921875
1181.png,0,0,0,0.00612304825335741,82.45921325683594,1793.289306640625,97.15528106689453,1826.2886962890625
1181.png,0,0,0,0.006121414713561535,365.2131042480469,486.893798828125,390.0015869140625,499.0914001464844
1181.png,0,0,0,0.006117888260632753,487.7427062988281,562.923583984375,509.5164489746094,598.664794921875
1181.png,0,0,0,0.006098631769418716,490.3929138183594,668.9177856445312,524.677490234375,705.8070068359375
1181.png,0,0,0,0.0060593131929636,2158.21044921875,194.5757598876953,2187.987548828125,227.89810180664062
1181.png,0,0,0,0.006018695421516895,640.9219970703125,1609.0772705078125,669.2156372070312,1629.55322265625
1181.png,0,0,0,0.006003234069794416,446.84124755859375,1464.5245361328125,488.4385070800781,1491.560791015625
1181.png,0,0,0,0.006001555826514959,14.699076652526855,1938.4659423828125,30.771930694580078,1970.8900146484375
1181.png,0,0,0,0.00597669743001461,301.0828857421875,735.9959106445312,319.9686584472656,768.502197265625
1181.png,0,0,0,0.005973383784294128,377.7086486816406,530.8366088867188,415.8836975097656,560.7989501953125
1181.png,0,0,0,0.005933642387390137,2722.0908203125,2257.474365234375,2766.451904296875,2277.362548828125
1181.png,0,0,0,0.005933197680860758,507.49188232421875,125.18673706054688,526.1240844726562,149.06326293945312
1181.png,0,0,0,0.005847841966897249,2721.820556640625,2281.839599609375,2766.730224609375,2305.876953125
1181.png,0,0,0,0.005829828325659037,2654.81201171875,660.3560791015625,2672.37939453125,675.258544921875
1181.png,0,0,0,0.005825193133205175,1787.5870361328125,151.8937530517578,1807.3160400390625,175.02969360351562
1181.png,0,0,0,0.005813198164105415,262.1466064453125,54.19567108154297,286.76495361328125,97.92314147949219
1181.png,0,0,0,0.005802730098366737,499.15374755859375,343.04656982421875,524.4271240234375,356.38885498046875
1181.png,0,0,0,0.0057944501750171185,2424.9248046875,276.1093444824219,2442.869384765625,309.6838073730469
1181.png,0,0,0,0.005787048488855362,364.8045654296875,1246.9891357421875,380.8996887207031,1262.1552734375
1181.png,0,0,0,0.005759705789387226,136.75540161132812,693.1544189453125,162.7992706298828,710.0658569335938
1181.png,0,0,0,0.005719674285501242,2217.744873046875,1962.5582275390625,2238.662353515625,1982.8157958984375
1181.png,0,0,0,0.005716223735362291,448.3358459472656,1464.5726318359375,481.0567321777344,1499.7132568359375
1181.png,0,0,0,0.005709314718842506,467.9637756347656,469.5384826660156,488.36505126953125,490.4177551269531
1181.png,0,0,0,0.005704470910131931,2121.309326171875,126.31605529785156,2151.953857421875,150.86097717285156
1181.png,0,0,0,0.005699710454791784,2677.15771484375,664.69189453125,2699.400634765625,679.420654296875
1181.png,0,0,0,0.005694070365279913,2867.82373046875,1889.7181396484375,2886.29345703125,1911.8509521484375
1181.png,0,0,0,0.005685138050466776,268.8851318359375,410.7143249511719,290.292724609375,429.0058288574219
1181.png,0,0,0,0.005638127215206623,340.9375915527344,86.03624725341797,359.05450439453125,129.2134552001953
1181.png,0,0,0,0.005632854998111725,921.2637939453125,1049.3978271484375,939.8087158203125,1069.91748046875
1181.png,0,0,0,0.0055764662101864815,1090.509765625,1425.20556640625,1110.4901123046875,1447.5411376953125
1181.png,0,0,0,0.005572727881371975,1649.9986572265625,1319.3062744140625,1682.6396484375,1338.470703125
1181.png,0,0,0,0.005552781280130148,497.5917663574219,622.275390625,531.64892578125,639.8568725585938
1181.png,0,0,0,0.005547485779970884,2838.697265625,1175.2357177734375,2880.368896484375,1203.7237548828125
1181.png,0,0,0,0.00549796037375927,474.1348571777344,281.03289794921875,496.01068115234375,309.2372741699219
1181.png,0,0,0,0.0054825651459395885,2857.2275390625,1789.7567138671875,2883.8759765625,1820.8857421875
1181.png,0,0,0,0.005476099904626608,349.7491760253906,83.04124450683594,379.7392578125,124.28148651123047
1181.png,0,0,0,0.005446083843708038,482.0126953125,849.8094482421875,509.2540283203125,889.8436279296875
1181.png,0,0,0,0.005424694158136845,192.79747009277344,595.3687133789062,213.69183349609375,618.2111206054688
1181.png,0,0,0,0.005420795641839504,2278.33544921875,306.8797912597656,2310.443359375,323.43890380859375
1181.png,0,0,0,0.00541367381811142,2503.9755859375,191.7602081298828,2519.2470703125,231.45330810546875
1181.png,0,0,0,0.005400585010647774,559.6237182617188,339.7927551269531,571.003662109375,364.3636169433594
1181.png,0,0,0,0.005386997014284134,378.4769592285156,17.701885223388672,416.2452087402344,55.05196762084961
1181.png,0,0,0,0.005382302682846785,1030.3929443359375,1283.73388671875,1053.5838623046875,1319.38818359375
1181.png,0,0,0,0.005361032672226429,2392.92919921875,333.87530517578125,2413.678955078125,358.60540771484375
1181.png,0,0,0,0.005355027504265308,2138.50146484375,159.84793090820312,2162.64306640625,186.2581024169922
1181.png,0,0,0,0.00532774580642581,2390.3740234375,2131.19775390625,2405.766845703125,2154.694091796875
1181.png,0,0,0,0.005325737409293652,1573.835693359375,80.35700988769531,1609.6268310546875,100.08492279052734
1181.png,0,0,0,0.0053141457028687,2619.272216796875,2861.220947265625,2638.62353515625,2881.4541015625
1181.png,0,0,0,0.00530356215313077,54.11079788208008,39.98075866699219,87.13787078857422,57.405696868896484
1181.png,0,0,0,0.005261670798063278,635.5286865234375,1026.629150390625,669.0276489257812,1044.3668212890625
1181.png,0,0,0,0.005255851428955793,52.71791076660156,541.9390869140625,69.59909057617188,568.658935546875
1181.png,0,0,0,0.005244353786110878,398.18780517578125,414.7885437011719,416.120361328125,438.28472900390625
1181.png,0,0,0,0.005226803012192249,620.848388671875,415.5861511230469,650.9960327148438,454.1031494140625
1181.png,0,0,0,0.005167466588318348,631.4933471679688,486.3685302734375,654.9219360351562,530.391357421875
1181.png,0,0,0,0.00515730818733573,2508.3037109375,2717.742431640625,2526.54345703125,2738.131103515625
1181.png,0,0,0,0.00512406462803483,515.9881591796875,927.7808837890625,537.1076049804688,958.5798950195312
1181.png,0,0,0,0.005113176070153713,1086.267578125,776.3436889648438,1103.5750732421875,792.5448608398438
1181.png,0,0,0,0.005102620925754309,375.6607971191406,524.189453125,393.6924133300781,547.7730712890625
1181.png,0,0,0,0.005098589695990086,1131.623046875,791.1513671875,1143.07470703125,815.5589599609375
1181.png,0,0,0,0.005090855062007904,1638.1866455078125,1194.5035400390625,1662.0093994140625,1219.7989501953125
1181.png,0,0,0,0.005076090805232525,187.23297119140625,306.9405517578125,209.27883911132812,337.3865966796875
1181.png,0,0,0,0.0050481464713811874,2857.16796875,1319.7947998046875,2880.0078125,1346.01025390625
1181.png,0,0,0,0.005044640973210335,2863.03564453125,1326.0469970703125,2881.33544921875,1356.336181640625
1181.png,0,0,0,0.005035449285060167,10.631637573242188,1934.593505859375,23.053590774536133,1962.6595458984375
1181.png,0,0,0,0.005009516142308712,364.8211975097656,34.7923698425293,398.2593994140625,42.559452056884766
1181.png,0,0,0,0.004983560647815466,2584.5498046875,30.283767700195312,2601.90380859375,61.20726776123047
1181.png,0,0,0,0.004972643684595823,172.85040283203125,268.2922058105469,198.99794006347656,283.057861328125
1181.png,0,0,0,0.004971006419509649,377.68975830078125,688.0962524414062,395.7402648925781,719.9190063476562
1181.png,0,0,0,0.004918952472507954,2726.068603515625,2223.932861328125,2748.04052734375,2258.709228515625
1181.png,0,0,0,0.004912948235869408,834.0040893554688,6.606243133544922,850.2020874023438,27.463279724121094
1181.png,0,0,0,0.004904672037810087,248.8091278076172,482.7743225097656,271.66656494140625,508.89813232421875
1181.png,0,0,0,0.004892072640359402,450.6295166015625,478.35302734375,470.7326354980469,497.7493591308594
1181.png,0,0,0,0.004887135233730078,2616.3017578125,2454.6376953125,2658.111328125,2482.420654296875
1181.png,0,0,0,0.004878006875514984,114.82406616210938,1569.729736328125,128.37591552734375,1586.3721923828125
1181.png,0,0,0,0.004869292955845594,1571.8123779296875,86.11744689941406,1601.7969970703125,104.14175415039062
1181.png,0,0,0,0.004868886433541775,126.48094177246094,682.5525512695312,160.75140380859375,711.0939331054688
1181.png,0,0,0,0.004868405871093273,2796.204833984375,437.6346130371094,2809.688720703125,455.9682922363281
1181.png,0,0,0,0.004868040792644024,524.001953125,368.7231140136719,541.9891357421875,392.02008056640625
1181.png,0,0,0,0.00485496548935771,77.26390838623047,741.2741088867188,105.11658477783203,782.9747314453125
1181.png,0,0,0,0.004820626694709063,687.9173583984375,777.2218627929688,705.605712890625,796.2589721679688
1181.png,0,0,0,0.004777493420988321,443.7575378417969,1471.7193603515625,488.38250732421875,1502.08251953125
1181.png,0,0,0,0.004775333218276501,225.58753967285156,602.6686401367188,248.80377197265625,633.6704711914062
1181.png,0,0,0,0.00477164750918746,2201.53662109375,50.16281509399414,2224.18896484375,66.53026580810547
1181.png,0,0,0,0.004768216051161289,451.9354248046875,271.1488342285156,488.0995788574219,308.4225769042969
1181.png,0,0,0,0.004762987140566111,2284.99462890625,88.7761001586914,2301.474609375,104.29415893554688
1181.png,0,0,0,0.004753232467919588,2492.601806640625,194.72390747070312,2515.437255859375,236.51161193847656
1181.png,0,0,0,0.004710251931101084,122.77554321289062,1673.667724609375,140.1929168701172,1693.440185546875
1181.png,0,0,0,0.004704559687525034,2151.355712890625,186.8754119873047,2169.486083984375,221.18492126464844
1181.png,0,0,0,0.004679330158978701,451.799560546875,374.2364807128906,475.34942626953125,395.64202880859375
1181.png,0,0,0,0.0046774959191679955,2547.59326171875,665.7107543945312,2565.4736328125,687.5748291015625
1181.png,0,0,0,0.004667588043957949,57.437076568603516,1283.6075439453125,99.90762329101562,1311.24072265625
1181.png,0,0,0,0.0046616545878350735,162.23179626464844,524.0405883789062,189.15171813964844,551.3457641601562
1181.png,0,0,0,0.004660355858504772,512.3359985351562,156.82720947265625,526.0995483398438,177.11610412597656
1181.png,0,0,0,0.004604050889611244,547.092041015625,147.56568908691406,565.168701171875,172.9192657470703
1181.png,0,0,0,0.004588467534631491,2100.358642578125,53.99211120605469,2118.7880859375,79.58104705810547
1181.png,0,0,0,0.00458657369017601,2649.247314453125,875.7113037109375,2671.823974609375,897.386962890625
1181.png,0,0,0,0.0045812795870006084,88.16609191894531,1200.6268310546875,104.90351104736328,1218.3009033203125
1181.png,0,0,0,0.004534073173999786,2756.02978515625,621.352294921875,2767.8359375,643.7037353515625
1181.png,0,0,0,0.004512814339250326,2534.275146484375,2868.6435546875,2552.94580078125,2886.09912109375
1181.png,0,0,0,0.004500526003539562,1898.41748046875,1535.988037109375,1929.7589111328125,1566.1795654296875
1181.png,0,0,0,0.004497314337641001,738.575439453125,758.7401123046875,777.80810546875,784.9310913085938
1181.png,0,0,0,0.004488806240260601,124.22869873046875,872.7337646484375,141.91665649414062,893.37548828125
1181.png,0,0,0,0.004485664423555136,122.29010009765625,798.0665893554688,162.7508087158203,822.4697875976562
1181.png,0,0,0,0.004457246977835894,1228.6357421875,1347.2724609375,1248.631103515625,1366.983154296875
1181.png,0,0,0,0.004447462968528271,530.9442749023438,543.21435546875,560.8089599609375,571.8869018554688
1181.png,0,0,0,0.0044411905109882355,2511.48828125,341.5757141113281,2541.973876953125,357.1583557128906
1181.png,0,0,0,0.004437135998159647,2463.836181640625,16.893327713012695,2499.697509765625,27.80133819580078
1181.png,0,0,0,0.004433015361428261,2415.438232421875,269.70208740234375,2441.34228515625,303.76287841796875
1181.png,0,0,0,0.0044292001985013485,644.265869140625,413.6881408691406,676.8130493164062,444.78363037109375
1181.png,0,0,0,0.0043981727212667465,2763.679931640625,1500.633056640625,2781.425537109375,1534.654052734375
1181.png,0,0,0,0.0043900455348193645,1835.229736328125,1496.47412109375,1873.63134765625,1514.3087158203125
1181.png,0,0,0,0.004377545788884163,1147.6058349609375,909.788330078125,1175.809326171875,928.21044921875
1181.png,0,0,0,0.004374354612082243,2218.3203125,302.1136169433594,2236.247802734375,331.43804931640625
1181.png,0,0,0,0.004372658208012581,187.83151245117188,311.20098876953125,209.3628692626953,343.79583740234375
1181.png,0,0,0,0.004353644791990519,2569.9267578125,2434.583251953125,2588.06298828125,2456.026123046875
1181.png,0,0,0,0.004348787944763899,1460.0445556640625,0.0,1501.2025146484375,23.932941436767578
1181.png,0,0,0,0.0043457066640257835,514.324951171875,452.4445495605469,532.0924072265625,488.23486328125
1181.png,0,0,0,0.004340127110481262,1897.1607666015625,1536.895751953125,1911.7833251953125,1573.144287109375
1181.png,0,0,0,0.004336053039878607,1572.7449951171875,1211.13330078125,1605.4971923828125,1232.939697265625
1181.png,0,0,0,0.004333892371505499,427.6612243652344,631.5173950195312,452.76904296875,650.5909423828125
1181.png,0,0,0,0.004331543110311031,2187.052490234375,48.46988296508789,2213.326416015625,67.08403015136719
1181.png,0,0,0,0.004281506408005953,1101.9737548828125,1391.3123779296875,1148.16455078125,1416.0228271484375
1181.png,0,0,0,0.004281412810087204,366.5685119628906,449.18292236328125,383.5334777832031,472.1348876953125
1181.png,0,0,0,0.004270478151738644,2402.296630859375,2657.371337890625,2435.614013671875,2689.6669921875
1181.png,0,0,0,0.004265691619366407,2462.899658203125,633.0205688476562,2487.7890625,669.0506591796875
1181.png,0,0,0,0.0042460947297513485,325.431640625,657.6724853515625,343.62823486328125,676.82861328125
1181.png,0,0,0,0.004241671413183212,1629.993896484375,1409.0758056640625,1650.901123046875,1431.0869140625
1181.png,0,0,0,0.004218895919620991,4.461093902587891,708.089599609375,21.715717315673828,741.983642578125
1181.png,0,0,0,0.004215467721223831,441.2518310546875,1480.9027099609375,468.28582763671875,1508.466064453125
1181.png,0,0,0,0.004211656283587217,268.6219177246094,494.8092346191406,289.4042053222656,526.4465942382812
1181.png,0,0,0,0.004205549601465464,363.77667236328125,957.9991455078125,385.0437927246094,986.1429443359375
1181.png,0,0,0,0.004194765817373991,600.1532592773438,1099.476806640625,633.2872314453125,1118.95703125
1181.png,0,0,0,0.004184429068118334,2143.83544921875,44.848636627197266,2158.529052734375,68.44804382324219
1181.png,0,0,0,0.004176635295152664,56.93083572387695,48.97410202026367,91.597900390625,72.0234375
1181.png,0,0,0,0.004152391105890274,2463.429443359375,2794.598876953125,2477.508056640625,2813.990234375
1181.png,0,0,0,0.004135886672884226,270.80078125,532.2638549804688,299.40533447265625,569.7637939453125
1181.png,0,0,0,0.0041270870715379715,1158.0511474609375,777.2841796875,1180.92822265625,805.3689575195312
1181.png,0,0,0,0.0041199359111487865,1679.197021484375,1273.586669921875,1695.0191650390625,1303.79833984375
1181.png,0,0,0,0.004113573115319014,2765.211669921875,2642.41162109375,2784.224365234375,2667.216064453125
1181.png,0,0,0,0.004093125928193331,550.4957275390625,866.3916015625,561.8984375,889.311279296875
1181.png,0,0,0,0.004090625327080488,2786.103759765625,1319.5562744140625,2814.410888671875,1351.105712890625
1181.png,0,0,0,0.0040877824649214745,2528.55322265625,2336.995361328125,2552.333984375,2368.921142578125
1181.png,0,0,0,0.004086369648575783,1351.2044677734375,1129.912353515625,1392.781494140625,1164.4898681640625
1181.png,0,0,0,0.004073397722095251,413.3634338378906,154.5982666015625,428.6968994140625,188.16981506347656
1181.png,0,0,0,0.004035611636936665,2389.164306640625,2003.354248046875,2405.19677734375,2023.58056640625
1181.png,0,0,0,0.0040159039199352264,5.696267127990723,60.91889190673828,25.919294357299805,90.80635070800781
1181.png,0,0,0,0.00401171064004302,80.40501403808594,1789.5994873046875,95.18804168701172,1818.376220703125
1181.png,0,0,0,0.004008838441222906,1247.5291748046875,1464.135009765625,1295.318115234375,1493.536376953125
1181.png,0,0,0,0.003991011530160904,10.416004180908203,1001.3839721679688,28.919368743896484,1030.7896728515625
1181.png,0,0,0,0.003986230585724115,2759.525390625,2655.115966796875,2802.855712890625,2683.68408203125
1181.png,0,0,0,0.00397597486153245,342.5028381347656,11.335807800292969,374.5783386230469,27.904220581054688
1181.png,0,0,0,0.003970062825828791,2678.9775390625,2559.43603515625,2697.228759765625,2586.092041015625
1181.png,0,0,0,0.003964591305702925,305.543701171875,657.617431640625,323.850830078125,687.8340454101562
1181.png,0,0,0,0.003964514005929232,2762.1767578125,1535.913818359375,2779.892822265625,1555.47216796875
1181.png,0,0,0,0.003959049936383963,1206.69580078125,1240.0794677734375,1227.4775390625,1258.7723388671875
1181.png,0,0,0,0.003957872744649649,1056.947509765625,1332.6077880859375,1079.9405517578125,1357.758544921875
1181.png,0,0,0,0.0039537507109344006,494.3421936035156,569.8601684570312,526.7149658203125,598.05126953125
1181.png,0,0,0,0.003951892256736755,35.22593688964844,1549.5966796875,57.31814956665039,1573.8328857421875
1181.png,0,0,0,0.003951694816350937,668.6563720703125,1138.802490234375,698.9207153320312,1163.7093505859375
1181.png,0,0,0,0.003945264499634504,298.065673828125,377.5653991699219,311.94708251953125,393.153076171875
1181.png,0,0,0,0.003933183383196592,88.08122253417969,8.733601570129395,126.72261047363281,24.502365112304688
1181.png,0,0,0,0.003925358410924673,489.2525634765625,849.8065795898438,525.0120849609375,889.1466064453125
1181.png,0,0,0,0.003923971205949783,2585.38916015625,2571.139892578125,2604.523193359375,2589.75341796875
1181.png,0,0,0,0.003923427313566208,2657.58349609375,2797.05419921875,2694.1484375,2823.900146484375
1181.png,0,0,0,0.0039216200821101665,395.1612854003906,693.302490234375,417.2347717285156,719.8772583007812
1181.png,0,0,0,0.003914457280188799,2400.017822265625,2684.2275390625,2422.7099609375,2706.48486328125
1181.png,0,0,0,0.003906899131834507,2342.611083984375,217.95909118652344,2368.730712890625,241.10140991210938
1181.png,0,0,0,0.003903337987139821,2830.7060546875,371.0528869628906,2846.794189453125,400.02191162109375
1181.png,0,0,0,0.0038911504670977592,2332.219482421875,206.21441650390625,2350.802978515625,239.6142120361328
1181.png,0,0,0,0.0038890144787728786,1097.4063720703125,1397.1197509765625,1148.741943359375,1429.1112060546875
1181.png,0,0,0,0.0038705840706825256,9.776565551757812,1567.36181640625,25.29097557067871,1583.1641845703125
1181.png,0,0,0,0.0038637309335172176,2218.18359375,177.77171325683594,2237.385498046875,202.60719299316406
1181.png,0,0,0,0.003862533951178193,6.209991455078125,632.0994262695312,25.526290893554688,655.8648681640625
1181.png,0,0,0,0.0038564952556043863,181.6330108642578,664.3194580078125,200.82691955566406,700.325927734375
1181.png,0,0,0,0.00384032865986228,2692.88623046875,1087.552001953125,2730.3828125,1106.857666015625
1181.png,0,0,0,0.0038067034911364317,2795.016357421875,2811.25830078125,2814.237548828125,2839.9951171875
1181.png,0,0,0,0.003782549174502492,2763.0185546875,1392.147216796875,2793.466552734375,1425.998291015625
1181.png,0,0,0,0.0037761684507131577,2582.44091796875,17.997333526611328,2601.33984375,57.39479446411133
1181.png,0,0,0,0.003758454928174615,146.5603485107422,98.11431884765625,166.55943298339844,127.25121307373047
1181.png,0,0,0,0.00375635945238173,1428.3843994140625,1208.46533203125,1461.8780517578125,1234.6099853515625
1181.png,0,0,0,0.003747084643691778,1607.5584716796875,1378.6353759765625,1645.4232177734375,1397.2469482421875
1181.png,0,0,0,0.003730559488758445,716.82470703125,426.2397155761719,741.6475219726562,475.9968566894531
1181.png,0,0,0,0.0037247652653604746,341.0579528808594,441.14056396484375,361.703125,465.24481201171875
1181.png,0,0,0,0.0037214665208011866,750.460205078125,1238.4215087890625,777.5460815429688,1264.166748046875
1181.png,0,0,0,0.0037194921169430017,2686.037109375,2251.279052734375,2702.832275390625,2270.36181640625
1181.png,0,0,0,0.0037147770635783672,338.85430908203125,396.9755859375,357.7283935546875,418.5492858886719
1206.png,0,0,0,0.05216410011053085,160.81613159179688,844.6566772460938,176.1162109375,866.5482788085938
1206.png,0,0,0,0.04605603963136673,1713.7685546875,2078.31103515625,1728.8348388671875,2095.422607421875
1206.png,0,0,0,0.04454238340258598,260.3350524902344,736.1060180664062,271.1669921875,749.5869750976562
1206.png,0,0,0,0.04438183456659317,2529.18896484375,124.83673095703125,2548.580078125,145.46426391601562
1206.png,0,0,0,0.04329119995236397,1680.7894287109375,632.35888671875,1709.4608154296875,641.9104614257812
1206.png,0,0,0,0.035515837371349335,450.6318664550781,569.59521484375,465.82550048828125,596.6976928710938
1206.png,0,0,0,0.034500546753406525,841.7844848632812,1338.1259765625,853.1688232421875,1365.9969482421875
1206.png,0,0,0,0.03239535167813301,1561.65380859375,407.7187805175781,1572.5799560546875,424.7395935058594
1206.png,0,0,0,0.02969275787472725,2801.5009765625,680.3350219726562,2818.358154296875,706.1895751953125
1206.png,0,0,0,0.027905797585844994,335.6636047363281,588.8421630859375,356.40985107421875,604.4374389648438
1206.png,0,0,0,0.026838140562176704,2331.62646484375,848.8177490234375,2346.785888671875,871.554931640625
1206.png,0,0,0,0.026677751913666725,51.348812103271484,225.11134338378906,69.4674072265625,244.1726837158203
1206.png,0,0,0,0.026470307260751724,1750.706298828125,1711.3602294921875,1767.9852294921875,1722.7227783203125
1206.png,0,0,0,0.026164377108216286,1681.5184326171875,632.620361328125,1717.394287109375,656.5382080078125
1206.png,0,0,0,0.025355998426675797,2322.63037109375,992.5759887695312,2332.826904296875,1006.6104736328125
1206.png,0,0,0,0.024877239018678665,270.8951416015625,162.50015258789062,286.4538879394531,176.60317993164062
1206.png,0,0,0,0.023915540426969528,1270.54931640625,2762.114990234375,1283.34716796875,2781.161376953125
1206.png,0,0,0,0.023242704570293427,1427.8839111328125,2721.505859375,1445.359375,2735.918212890625
1206.png,0,0,0,0.02300477959215641,548.5874633789062,1319.3087158203125,560.9861450195312,1337.3236083984375
1206.png,0,0,0,0.022360166534781456,114.01997375488281,269.2160339355469,126.56492614746094,290.2828674316406
1206.png,0,0,0,0.022312207147479057,1522.141845703125,2185.116943359375,1541.9521484375,2195.56982421875
1206.png,0,0,0,0.022106319665908813,2617.21923828125,2217.0498046875,2635.15869140625,2234.21923828125
1206.png,0,0,0,0.021733278408646584,1711.1722412109375,2080.071533203125,1729.5531005859375,2114.84228515625
1206.png,0,0,0,0.02151750959455967,549.4931640625,1096.40087890625,560.7151489257812,1113.166748046875
1206.png,0,0,0,0.021447747945785522,1375.66845703125,1456.7664794921875,1391.9212646484375,1472.5867919921875
1206.png,0,0,0,0.02088942378759384,2178.477294921875,2182.61474609375,2187.4033203125,2194.052978515625
1206.png,0,0,0,0.02066415175795555,2388.588623046875,810.8323974609375,2403.985107421875,828.3078002929688
1206.png,0,0,0,0.020363111048936844,1670.4981689453125,451.8246765136719,1683.933349609375,469.02069091796875
1206.png,0,0,0,0.020348239690065384,805.61474609375,1173.17431640625,826.1926879882812,1186.8896484375
1206.png,0,0,0,0.020134488120675087,2617.23681640625,304.3210144042969,2633.029296875,318.6666259765625
1206.png,0,0,0,0.0198504701256752,1709.695556640625,2078.605712890625,1753.332763671875,2107.5810546875
1206.png,0,0,0,0.019848652184009552,2800.954345703125,668.7583618164062,2814.12109375,705.2136840820312
1206.png,0,0,0,0.018592866137623787,2729.281982421875,550.150634765625,2744.260498046875,568.5738525390625
1206.png,0,0,0,0.01856410503387451,2433.565185546875,814.9904174804688,2443.349609375,849.5363159179688
1206.png,0,0,0,0.018342958763241768,400.5777893066406,1124.6031494140625,415.7743835449219,1141.2808837890625
1206.png,0,0,0,0.01829705387353897,1360.69482421875,2252.2412109375,1392.1162109375,2264.147705078125
1206.png,0,0,0,0.018267588689923286,2707.22509765625,485.3085632324219,2729.39794921875,495.3324890136719
1206.png,0,0,0,0.018150102347135544,1369.4000244140625,1716.0008544921875,1391.84814453125,1751.812744140625
1206.png,0,0,0,0.018050484359264374,2755.46728515625,562.6107177734375,2766.540283203125,596.4898071289062
1206.png,0,0,0,0.01800881326198578,617.3482055664062,846.399658203125,632.7398681640625,863.2205810546875
1206.png,0,0,0,0.01798277348279953,1753.180419921875,418.138916015625,1769.22119140625,454.9718017578125
1206.png,0,0,0,0.017960675060749054,522.5255737304688,690.9664916992188,540.6207275390625,710.953125
1206.png,0,0,0,0.01762647181749344,1713.6212158203125,1732.3294677734375,1731.396240234375,1753.820068359375
1206.png,0,0,0,0.017601510509848595,2495.9921875,86.36951446533203,2512.470947265625,100.49015808105469
1206.png,0,0,0,0.017389437183737755,1608.5687255859375,2653.29296875,1625.965576171875,2667.271240234375
1206.png,0,0,0,0.017293239012360573,2512.42333984375,124.82554626464844,2538.139892578125,146.42051696777344
1206.png,0,0,0,0.017155688256025314,2656.906005859375,404.56768798828125,2672.715087890625,424.16802978515625
1206.png,0,0,0,0.017138056457042694,1856.0286865234375,1969.63671875,1873.755615234375,1985.9368896484375
1206.png,0,0,0,0.016893921419978142,1607.98486328125,487.8976135253906,1625.1370849609375,506.50958251953125
1206.png,0,0,0,0.016818249598145485,1804.508544921875,2068.032958984375,1825.6995849609375,2084.966064453125
1206.png,0,0,0,0.016527803614735603,126.30872344970703,2435.018798828125,146.1715850830078,2450.16259765625
1206.png,0,0,0,0.016413483768701553,10.497907638549805,1391.2554931640625,21.0761661529541,1410.7486572265625
1206.png,0,0,0,0.016099141910672188,1875.799560546875,1851.724609375,1897.9263916015625,1876.3857421875
1206.png,0,0,0,0.015983618795871735,451.7656555175781,560.3241577148438,487.54345703125,596.7218017578125
1206.png,0,0,0,0.01577756367623806,2760.41650390625,2545.059814453125,2766.02099609375,2563.690673828125
1206.png,0,0,0,0.01569114811718464,2044.847412109375,1500.1749267578125,2087.191650390625,1529.7403564453125
1206.png,0,0,0,0.015646271407604218,1813.01220703125,776.4573364257812,1826.718505859375,786.1614379882812
1206.png,0,0,0,0.015519696287810802,177.217041015625,842.5385131835938,198.87872314453125,862.5756225585938
1206.png,0,0,0,0.015404743142426014,2284.328369140625,343.117431640625,2296.6318359375,358.22698974609375
1206.png,0,0,0,0.01535811461508274,1753.061279296875,409.93902587890625,1768.2034912109375,444.52606201171875
1206.png,0,0,0,0.015346221625804901,1929.6832275390625,1097.4925537109375,1945.325927734375,1120.3017578125
1206.png,0,0,0,0.015316260978579521,1712.31396484375,805.5985717773438,1729.593505859375,824.226806640625
1206.png,0,0,0,0.015297573991119862,792.9340209960938,993.6793212890625,813.5509033203125,1005.345947265625
1206.png,0,0,0,0.015216019935905933,2391.6318359375,307.1941833496094,2407.397216796875,321.71490478515625
1206.png,0,0,0,0.015138625167310238,327.16290283203125,1094.9844970703125,343.9574890136719,1110.891357421875
1206.png,0,0,0,0.01512456126511097,834.5426635742188,930.2796020507812,849.896484375,958.3469848632812
1206.png,0,0,0,0.015071260742843151,1209.8739013671875,2686.28076171875,1225.0650634765625,2702.396484375
1206.png,0,0,0,0.015056326985359192,2534.3017578125,1528.7076416015625,2548.6181640625,1546.10888671875
1206.png,0,0,0,0.014996628277003765,2455.721923828125,259.5096740722656,2477.10888671875,275.2889099121094
1206.png,0,0,0,0.014886150136590004,367.5617980957031,1174.2412109375,380.6446533203125,1188.6141357421875
1206.png,0,0,0,0.014780503697693348,1717.11279296875,142.5052032470703,1732.9232177734375,165.9052276611328
1206.png,0,0,0,0.014643062837421894,2184.140869140625,737.430419921875,2201.669677734375,755.0655517578125
1206.png,0,0,0,0.014632917009294033,2028.807373046875,67.6014175415039,2042.579833984375,90.95636749267578
1206.png,0,0,0,0.014392525888979435,2331.436279296875,2075.672119140625,2348.22607421875,2090.863037109375
1206.png,0,0,0,0.014373625628650188,2683.06689453125,1954.5699462890625,2695.05322265625,1971.9046630859375
1206.png,0,0,0,0.014367621392011642,1518.2911376953125,2110.228271484375,1536.5211181640625,2124.791015625
1206.png,0,0,0,0.014276692643761635,1822.4171142578125,1026.1324462890625,1838.576904296875,1042.0164794921875
1206.png,0,0,0,0.014268459752202034,2149.915283203125,1889.0166015625,2165.7548828125,1904.3616943359375
1206.png,0,0,0,0.013952226378023624,2532.7626953125,1997.566162109375,2548.638427734375,2014.9141845703125
1206.png,0,0,0,0.013936485163867474,1701.7017822265625,1461.4991455078125,1717.13818359375,1476.7852783203125
1206.png,0,0,0,0.013898065313696861,543.9393920898438,482.8086242675781,560.5438232421875,499.16552734375
1206.png,0,0,0,0.013823742978274822,478.9667663574219,401.1629638671875,509.51409912109375,419.03985595703125
1206.png,0,0,0,0.01371307484805584,1122.9595947265625,1526.5716552734375,1139.8538818359375,1546.0196533203125
1206.png,0,0,0,0.013652853667736053,1855.298583984375,1978.2447509765625,1876.679931640625,2007.5667724609375
1206.png,0,0,0,0.01358439214527607,1547.527099609375,2162.02490234375,1574.39111328125,2187.5234375
1206.png,0,0,0,0.013546349480748177,2618.39111328125,2432.31201171875,2632.572998046875,2450.031005859375
1206.png,0,0,0,0.013515221886336803,1246.061767578125,2613.160400390625,1262.0299072265625,2630.7587890625
1206.png,0,0,0,0.013514668680727482,1490.2481689453125,535.5911865234375,1510.0838623046875,562.0896606445312
1206.png,0,0,0,0.01351174432784319,342.9413146972656,181.5630340576172,358.5135498046875,204.69598388671875
1206.png,0,0,0,0.013425575569272041,1091.9122314453125,1355.061279296875,1113.066162109375,1379.8887939453125
1206.png,0,0,0,0.01339458767324686,444.4256591796875,704.5059204101562,464.6419982910156,724.7793579101562
1206.png,0,0,0,0.013382109813392162,2099.8916015625,2398.253662109375,2116.221923828125,2415.454345703125
1206.png,0,0,0,0.013382059521973133,1093.7232666015625,2863.52880859375,1117.4490966796875,2885.219970703125
1206.png,0,0,0,0.013345813378691673,2214.2314453125,2141.3984375,2229.995849609375,2159.3525390625
1206.png,0,0,0,0.013340308330953121,2772.916748046875,524.0775146484375,2802.714599609375,536.6038208007812
1206.png,0,0,0,0.013336675241589546,2385.893310546875,229.75848388671875,2403.991455078125,247.06637573242188
1206.png,0,0,0,0.01321096159517765,96.31829071044922,90.22130584716797,137.96417236328125,118.76115417480469
1206.png,0,0,0,0.013167729601264,1773.4364013671875,587.87109375,1789.48583984375,605.6206665039062
1206.png,0,0,0,0.013152854517102242,2742.8134765625,559.6714477539062,2765.52197265625,584.3153686523438
1206.png,0,0,0,0.01313067227602005,1644.412109375,553.7918701171875,1661.400146484375,565.110595703125
1206.png,0,0,0,0.013126014731824398,484.41790771484375,1060.0150146484375,495.1376037597656,1076.6939697265625
1206.png,0,0,0,0.013078734278678894,193.39869689941406,2573.230224609375,208.26576232910156,2592.369873046875
1206.png,0,0,0,0.013070310465991497,2247.822509765625,2041.087646484375,2270.962890625,2052.791015625
1206.png,0,0,0,0.013022046536207199,2363.419677734375,250.40911865234375,2380.11572265625,272.5538330078125
1206.png,0,0,0,0.0129997031763196,2223.176513671875,1283.2548828125,2246.033447265625,1319.146728515625
1206.png,0,0,0,0.012986743822693825,1759.970458984375,440.5579528808594,1789.4664306640625,460.39801025390625
1206.png,0,0,0,0.012912624515593052,1355.0582275390625,1402.1192626953125,1370.9365234375,1430.536376953125
1206.png,0,0,0,0.012882526032626629,2586.411865234375,1934.0164794921875,2626.48388671875,1961.410888671875
1206.png,0,0,0,0.012849985621869564,2068.1064453125,1460.143798828125,2086.62109375,1482.4412841796875
1206.png,0,0,0,0.012737318873405457,270.69476318359375,162.59487915039062,307.3114318847656,187.0137939453125
1206.png,0,0,0,0.012702953070402145,2583.984130859375,660.1749267578125,2600.09375,682.4749755859375
1206.png,0,0,0,0.012600529938936234,2403.495849609375,70.27259063720703,2419.46923828125,93.09188079833984
1206.png,0,0,0,0.012587745673954487,1739.7154541015625,1417.5758056640625,1754.6480712890625,1437.7899169921875
1206.png,0,0,0,0.01258364599198103,2357.08154296875,379.53253173828125,2378.0712890625,412.4839782714844
1206.png,0,0,0,0.012329474091529846,2258.060791015625,297.98565673828125,2273.771240234375,310.1701354980469
1206.png,0,0,0,0.012313549406826496,1969.35595703125,1670.551513671875,1985.6514892578125,1687.5831298828125
1206.png,0,0,0,0.012285275384783745,83.56034851074219,408.98931884765625,96.14051818847656,423.9023132324219
1206.png,0,0,0,0.012245381250977516,294.76824951171875,940.28271484375,307.3837585449219,958.49560546875
1206.png,0,0,0,0.012242728844285011,2223.139892578125,631.5303955078125,2260.878173828125,649.7628784179688
1206.png,0,0,0,0.012238265946507454,1966.6090087890625,51.578208923339844,1979.9864501953125,70.38865661621094
1206.png,0,0,0,0.012159736827015877,347.617431640625,187.68316650390625,379.60858154296875,205.76637268066406
1206.png,0,0,0,0.012146266177296638,2359.78076171875,490.61138916015625,2377.7724609375,524.2832641601562
1206.png,0,0,0,0.01214105449616909,343.38446044921875,1210.964111328125,377.1100158691406,1227.2314453125
1206.png,0,0,0,0.012133583426475525,2185.404052734375,1819.17333984375,2203.16455078125,1835.17236328125
1206.png,0,0,0,0.012111921794712543,1885.675537109375,1283.1943359375,1900.0938720703125,1305.7081298828125
1206.png,0,0,0,0.012033626437187195,1353.052978515625,2648.780517578125,1370.94482421875,2669.273193359375
1206.png,0,0,0,0.012021812610328197,983.7026977539062,2362.946044921875,1005.315673828125,2380.8701171875
1206.png,0,0,0,0.011949004605412483,157.133544921875,10.758129119873047,175.69720458984375,27.2806339263916
1206.png,0,0,0,0.011916262097656727,2481.57080078125,2114.690673828125,2512.4296875,2132.28271484375
1206.png,0,0,0,0.011905140243470669,1498.5179443359375,2512.41748046875,1523.52392578125,2535.788330078125
1206.png,0,0,0,0.011887001805007458,912.7723388671875,1439.2576904296875,927.9157104492188,1464.38525390625
1206.png,0,0,0,0.011828827671706676,1530.6011962890625,2574.68017578125,1550.599609375,2590.891845703125
1206.png,0,0,0,0.01177246030420065,1854.7142333984375,114.55656433105469,1873.3583984375,133.06082153320312
1206.png,0,0,0,0.01176360435783863,413.8439025878906,1201.9991455078125,430.85638427734375,1217.239990234375
1206.png,0,0,0,0.011741534806787968,1641.2542724609375,190.53147888183594,1656.6363525390625,205.2798614501953
1206.png,0,0,0,0.01172416191548109,1694.8912353515625,634.45458984375,1728.0267333984375,668.7889404296875
1206.png,0,0,0,0.011720411479473114,1173.7359619140625,2285.413818359375,1191.96435546875,2306.594482421875
1206.png,0,0,0,0.011679627001285553,793.6903076171875,1171.6834716796875,849.9173583984375,1194.6768798828125
1206.png,0,0,0,0.011640023440122604,793.5465087890625,1318.9222412109375,813.4009399414062,1355.487060546875
1206.png,0,0,0,0.011610153131186962,2863.840087890625,480.79217529296875,2880.93701171875,501.8554992675781
1206.png,0,0,0,0.011417482048273087,1788.3187255859375,1092.195068359375,1804.498046875,1109.62109375
1206.png,0,0,0,0.01141712348908186,2362.642333984375,1714.108642578125,2379.988525390625,1725.5811767578125
1206.png,0,0,0,0.011409752070903778,348.0094299316406,1210.9591064453125,381.2431640625,1231.0882568359375
1206.png,0,0,0,0.011380615644156933,1447.790283203125,2093.203857421875,1464.2176513671875,2116.281494140625
1206.png,0,0,0,0.0113554447889328,727.4473266601562,1789.3367919921875,745.625244140625,1819.604248046875
1206.png,0,0,0,0.011340650729835033,2818.451171875,1860.0076904296875,2837.77783203125,1870.4285888671875
1206.png,0,0,0,0.011339042335748672,1376.8265380859375,2223.21826171875,1406.901123046875,2248.187744140625
1206.png,0,0,0,0.011320801451802254,1930.1220703125,226.84954833984375,1945.7899169921875,243.38453674316406
1206.png,0,0,0,0.0112262899056077,2512.378662109375,1598.211669921875,2529.169677734375,1616.8360595703125
1206.png,0,0,0,0.011218876577913761,2689.337158203125,575.5518188476562,2708.963134765625,600.8424682617188
1206.png,0,0,0,0.011198414489626884,2432.2236328125,292.3746337890625,2442.79296875,309.31829833984375
1206.png,0,0,0,0.011144187301397324,487.7722473144531,1241.8135986328125,505.3258972167969,1260.3692626953125
1206.png,0,0,0,0.011142090894281864,2692.95166015625,482.5273742675781,2712.161865234375,497.3587951660156
1206.png,0,0,0,0.01112926285713911,883.6259765625,1098.6424560546875,904.1427612304688,1117.060302734375
1206.png,0,0,0,0.011123859323561192,2489.048583984375,2126.763427734375,2512.67822265625,2151.33154296875
1206.png,0,0,0,0.01109320018440485,776.7625122070312,2800.315673828125,791.402099609375,2815.37109375
1206.png,0,0,0,0.011061952449381351,2865.80615234375,587.5330810546875,2883.92626953125,610.0934448242188
1206.png,0,0,0,0.011009203270077705,1648.239501953125,123.16374969482422,1681.0191650390625,136.25247192382812
1206.png,0,0,0,0.010978354141116142,1780.6492919921875,641.3777465820312,1800.5732421875,668.898193359375
1206.png,0,0,0,0.01096257008612156,2676.0947265625,445.4925231933594,2693.216552734375,462.1106872558594
1206.png,0,0,0,0.010934351943433285,298.7677307128906,766.6668701171875,312.86456298828125,785.9999389648438
1206.png,0,0,0,0.010917656123638153,1642.623291015625,125.31543731689453,1663.06640625,136.84640502929688
1206.png,0,0,0,0.010914381593465805,1433.915771484375,2723.00341796875,1464.078125,2737.931640625
1206.png,0,0,0,0.010891010984778404,342.9039001464844,1217.099609375,358.8212890625,1247.2332763671875
1206.png,0,0,0,0.01083480566740036,733.34912109375,1792.7283935546875,751.7779541015625,1825.673583984375
1206.png,0,0,0,0.010755995288491249,1347.90087890625,2290.5478515625,1370.7864990234375,2307.065185546875
1206.png,0,0,0,0.01074570044875145,918.518310546875,2714.067626953125,936.8194580078125,2732.40185546875
1206.png,0,0,0,0.010708103887736797,1482.541748046875,524.1471557617188,1501.4105224609375,550.8076782226562
1206.png,0,0,0,0.010681728832423687,1867.07177734375,1967.8272705078125,1897.88671875,1980.1170654296875
1206.png,0,0,0,0.010646432638168335,1087.82373046875,2655.80615234375,1102.655029296875,2677.308837890625
1206.png,0,0,0,0.010642831213772297,226.96080017089844,831.6265258789062,248.2469024658203,853.5641479492188
1206.png,0,0,0,0.010621653869748116,184.6153106689453,121.05821990966797,199.58740234375,138.68276977539062
1206.png,0,0,0,0.010589211247861385,2674.677490234375,410.05224609375,2693.189453125,431.5707702636719
1206.png,0,0,0,0.010582124814391136,780.3352661132812,2800.390625,813.4094848632812,2812.369873046875
1206.png,0,0,0,0.01056545227766037,304.285888671875,403.1377868652344,321.9060363769531,419.8282775878906
1206.png,0,0,0,0.01055933814495802,593.1300659179688,2762.683349609375,610.67529296875,2776.1416015625
1206.png,0,0,0,0.010492625646293163,1431.0731201171875,1820.423095703125,1464.0830078125,1835.3131103515625
1206.png,0,0,0,0.010488120838999748,2199.781005859375,1812.5697021484375,2223.330078125,1829.58837890625
1206.png,0,0,0,0.010458456352353096,2057.430419921875,735.3248291015625,2079.82080078125,750.0259399414062
1206.png,0,0,0,0.010448847897350788,1427.61865234375,2187.025146484375,1463.956787109375,2203.4033203125
1206.png,0,0,0,0.010448778979480267,1719.8284912109375,148.82192993164062,1753.2784423828125,171.95135498046875
1206.png,0,0,0,0.010418014600872993,2446.07861328125,1464.02685546875,2476.283447265625,1492.6600341796875
1206.png,0,0,0,0.010378734208643436,921.6929931640625,1170.0162353515625,938.2462768554688,1198.1177978515625
1206.png,0,0,0,0.010372424498200417,2003.43798828125,1306.1278076171875,2021.5582275390625,1328.4896240234375
1206.png,0,0,0,0.010364576242864132,291.1640930175781,1132.5252685546875,307.38067626953125,1149.9210205078125
1206.png,0,0,0,0.01033869106322527,2040.9598388671875,2180.208740234375,2061.799560546875,2194.9423828125
1206.png,0,0,0,0.010310261510312557,2476.26513671875,2114.24072265625,2500.9462890625,2128.1474609375
1206.png,0,0,0,0.01029126439243555,2457.363525390625,788.0385131835938,2476.59423828125,814.3338012695312
1206.png,0,0,0,0.010277231223881245,390.8905029296875,1066.39111328125,415.7356262207031,1096.506591796875
1206.png,0,0,0,0.010261529125273228,2273.11181640625,290.0745849609375,2296.08935546875,307.8516540527344
1206.png,0,0,0,0.010220331139862537,198.75680541992188,986.834228515625,218.436279296875,1011.7430419921875
1206.png,0,0,0,0.010219805873930454,1527.00830078125,2762.650390625,1538.9110107421875,2775.58447265625
1206.png,0,0,0,0.010217519477009773,475.1546630859375,2584.751953125,490.0086975097656,2620.938232421875
1206.png,0,0,0,0.010170930065214634,1638.54833984375,668.057373046875,1658.290283203125,680.3934936523438
1206.png,0,0,0,0.01016176026314497,2394.752197265625,311.90216064453125,2417.34814453125,343.660400390625
1206.png,0,0,0,0.010150355286896229,2758.475830078125,730.0468139648438,2779.70654296875,750.762451171875
1206.png,0,0,0,0.01012556441128254,1934.006103515625,2085.712158203125,1964.28564453125,2122.10693359375
1206.png,0,0,0,0.010123873129487038,1556.372314453125,337.7610778808594,1572.533447265625,351.4989318847656
1206.png,0,0,0,0.01011740043759346,1563.4610595703125,2467.581298828125,1582.869873046875,2486.355712890625
1206.png,0,0,0,0.010099406354129314,1621.8167724609375,484.47509765625,1644.847412109375,495.53436279296875
1206.png,0,0,0,0.01009010523557663,1955.288330078125,257.8987731933594,1970.4051513671875,274.4444885253906
1206.png,0,0,0,0.010049388743937016,2641.632568359375,2614.699951171875,2657.037841796875,2627.90869140625
1206.png,0,0,0,0.010041612200438976,2518.76806640625,2209.944091796875,2548.60546875,2235.877197265625
1206.png,0,0,0,0.010027497075498104,2599.010009765625,1940.5855712890625,2634.65478515625,1970.4947509765625
1206.png,0,0,0,0.009986025281250477,2272.7333984375,694.0419921875,2295.619384765625,715.1306762695312
1206.png,0,0,0,0.00992140918970108,2396.670654296875,2048.351806640625,2411.892333984375,2078.69482421875
1206.png,0,0,0,0.009912158362567425,10.140913009643555,2650.920654296875,25.79534912109375,2669.49169921875
1206.png,0,0,0,0.009911386296153069,1798.21630859375,2006.1102294921875,1825.593505859375,2017.7877197265625
1206.png,0,0,0,0.009897620417177677,1678.01904296875,512.240966796875,1688.6884765625,527.85498046875
1206.png,0,0,0,0.009879805147647858,1788.524169921875,2709.86181640625,1805.8330078125,2731.914794921875
1206.png,0,0,0,0.009873163886368275,408.7958984375,327.33648681640625,421.4446105957031,349.5110168457031
1206.png,0,0,0,0.009866444393992424,2367.67724609375,811.5974731445312,2382.4912109375,834.42431640625
1206.png,0,0,0,0.00986525695770979,1755.955078125,413.9338073730469,1789.4556884765625,453.597412109375
1206.png,0,0,0,0.00982691440731287,231.7087860107422,877.0211791992188,249.67691040039062,901.8331909179688
1206.png,0,0,0,0.009814715012907982,578.8994750976562,1030.028564453125,602.1090087890625,1064.6546630859375
1206.png,0,0,0,0.009808427654206753,389.55908203125,2584.087646484375,415.7694091796875,2600.743896484375
1206.png,0,0,0,0.009754888713359833,377.5498352050781,363.2790222167969,395.7244567871094,382.1185302734375
1206.png,0,0,0,0.009730622172355652,396.6247863769531,1094.411865234375,415.7521057128906,1118.8675537109375
1206.png,0,0,0,0.00968518853187561,2362.451904296875,385.2110290527344,2381.642822265625,416.2862854003906
1206.png,0,0,0,0.009670385159552097,369.3919372558594,2729.12939453125,386.0581970214844,2747.69580078125
1206.png,0,0,0,0.009658838622272015,1255.38916015625,2612.619873046875,1283.4730224609375,2630.326416015625
1206.png,0,0,0,0.009640187956392765,1751.4945068359375,1637.7515869140625,1766.5985107421875,1651.9228515625
1206.png,0,0,0,0.009629531763494015,2540.37158203125,1881.6630859375,2555.165771484375,1902.714599609375
1206.png,0,0,0,0.00962322112172842,119.48036193847656,328.9850158691406,131.29092407226562,349.29339599609375
1206.png,0,0,0,0.009622412733733654,2512.287841796875,1996.05029296875,2530.10009765625,2013.8026123046875
1206.png,0,0,0,0.009600484743714333,2223.3115234375,632.5946655273438,2260.646728515625,659.7210083007812
1206.png,0,0,0,0.009597071446478367,1340.2989501953125,1666.910400390625,1368.869384765625,1691.050537109375
1206.png,0,0,0,0.009589513763785362,2497.7734375,1680.258544921875,2513.48193359375,1693.4644775390625
1206.png,0,0,0,0.009584298357367516,341.48248291015625,947.258056640625,368.31103515625,961.4783935546875
1206.png,0,0,0,0.009515484794974327,2651.006591796875,363.8680114746094,2670.410400390625,382.3274230957031
1206.png,0,0,0,0.009502757340669632,1616.39404296875,2655.343994140625,1644.8350830078125,2670.47900390625
1206.png,0,0,0,0.009501599706709385,2337.118408203125,847.464111328125,2368.997314453125,874.1361694335938
1206.png,0,0,0,0.009488563053309917,1690.36669921875,1933.90869140625,1717.1617431640625,1964.0892333984375
1206.png,0,0,0,0.009488236159086227,1085.3502197265625,1858.58203125,1102.75830078125,1879.0179443359375
1206.png,0,0,0,0.009473422542214394,1995.054931640625,46.559818267822266,2018.17822265625,69.72261810302734
1206.png,0,0,0,0.009445980191230774,1385.585693359375,2363.154052734375,1405.089599609375,2375.300537109375
1206.png,0,0,0,0.009440885856747627,223.4805145263672,787.3009033203125,244.96054077148438,813.9818115234375
1206.png,0,0,0,0.009411073289811611,1327.0682373046875,1644.665771484375,1360.2449951171875,1685.573974609375
1206.png,0,0,0,0.009405708871781826,597.6502685546875,1861.6983642578125,636.0535888671875,1888.92333984375
1206.png,0,0,0,0.009367546997964382,2476.03369140625,73.12875366210938,2497.8134765625,96.09901428222656
1206.png,0,0,0,0.009365140460431576,2475.8466796875,2320.21337890625,2493.578125,2339.824951171875
1206.png,0,0,0,0.00926273874938488,1309.557373046875,2688.019287109375,1323.7457275390625,2709.67529296875
1206.png,0,0,0,0.00925606768578291,2863.5947265625,2612.57177734375,2874.439697265625,2631.865966796875
1206.png,0,0,0,0.009224153123795986,2436.400634765625,266.1611328125,2453.61181640625,282.31268310546875
1206.png,0,0,0,0.009221930988132954,123.13778686523438,733.9765625,148.1979522705078,748.6842651367188
1206.png,0,0,0,0.009187149815261364,307.1697998046875,90.18587493896484,331.654296875,126.70445251464844
1206.png,0,0,0,0.009172243066132069,1974.1875,2078.510986328125,2006.3609619140625,2116.908935546875
1206.png,0,0,0,0.00916203111410141,1283.3101806640625,1417.0615234375,1310.0621337890625,1438.0535888671875
1206.png,0,0,0,0.009150765836238861,2468.19189453125,515.6649169921875,2489.1474609375,530.5298461914062
1206.png,0,0,0,0.00912884995341301,1495.0616455078125,2513.223876953125,1512.00830078125,2548.5849609375
1206.png,0,0,0,0.00912261102348566,629.8040771484375,2711.3212890625,647.4889526367188,2733.4609375
1206.png,0,0,0,0.009102976880967617,1743.961181640625,2181.9853515625,1763.857666015625,2198.165771484375
1206.png,0,0,0,0.009096849709749222,1497.4840087890625,2512.407470703125,1536.426513671875,2534.601806640625
1206.png,0,0,0,0.009090401232242584,1861.498291015625,1854.54345703125,1874.70751953125,1883.902587890625
1206.png,0,0,0,0.009084964171051979,451.27996826171875,1065.040771484375,473.6348876953125,1083.2694091796875
1206.png,0,0,0,0.009069724939763546,2184.32763671875,2216.353271484375,2196.077392578125,2232.80810546875
1206.png,0,0,0,0.009064190089702606,1020.3451538085938,2418.3095703125,1043.01123046875,2440.5615234375
1206.png,0,0,0,0.00905601680278778,1829.8814697265625,1883.468017578125,1862.0682373046875,1918.4210205078125
1206.png,0,0,0,0.008995285257697105,1702.0274658203125,1497.3687744140625,1717.4898681640625,1515.5716552734375
1206.png,0,0,0,0.008988316170871258,1193.5147705078125,1560.167236328125,1211.5933837890625,1582.6324462890625
1206.png,0,0,0,0.008980326354503632,1675.4886474609375,2130.96630859375,1696.7235107421875,2152.962890625
1206.png,0,0,0,0.008921331726014614,1667.7742919921875,2703.54638671875,1695.113525390625,2730.153564453125
1206.png,0,0,0,0.008908642455935478,2828.35888671875,1422.903564453125,2840.844482421875,1436.99755859375
1206.png,0,0,0,0.008888250216841698,1717.0599365234375,126.49610137939453,1740.9615478515625,161.45291137695312
1206.png,0,0,0,0.00887926947325468,801.262939453125,1138.6146240234375,849.60205078125,1163.1370849609375
1206.png,0,0,0,0.00887571182101965,1208.38671875,2403.865234375,1233.7978515625,2425.4462890625
1206.png,0,0,0,0.00885937549173832,2234.857421875,744.6729736328125,2262.584228515625,777.3802490234375
1206.png,0,0,0,0.00884670577943325,1819.816650390625,1247.0697021484375,1838.212646484375,1279.11962890625
1206.png,0,0,0,0.00882470328360796,2440.09033203125,1462.9287109375,2464.53857421875,1481.1488037109375
1206.png,0,0,0,0.008810375817120075,2357.811767578125,487.91632080078125,2375.849365234375,519.5671997070312
1206.png,0,0,0,0.008774586953222752,2278.21484375,1464.0196533203125,2301.259521484375,1487.1280517578125
1206.png,0,0,0,0.008772032335400581,2037.1424560546875,2267.324462890625,2053.87109375,2295.817138671875
1206.png,0,0,0,0.008756697177886963,2367.542236328125,1535.7479248046875,2393.138916015625,1556.673095703125
1206.png,0,0,0,0.0087560024112463,479.8558654785156,2581.320068359375,493.861328125,2618.158447265625
1206.png,0,0,0,0.008747542276978493,1734.301513671875,2800.9140625,1753.3699951171875,2815.1875
1206.png,0,0,0,0.008730449713766575,552.1041870117188,1200.7218017578125,564.5303344726562,1227.9090576171875
1206.png,0,0,0,0.00871141254901886,2605.319580078125,412.0943603515625,2621.05859375,423.4676208496094
1206.png,0,0,0,0.008710432797670364,2226.33447265625,741.06494140625,2263.380126953125,774.576904296875
1206.png,0,0,0,0.008700006641447544,1644.15966796875,409.4012756347656,1658.7176513671875,425.41009521484375
1206.png,0,0,0,0.00868911948055029,1784.7415771484375,816.505615234375,1798.7547607421875,849.5398559570312
1206.png,0,0,0,0.008682837709784508,1345.06689453125,1391.7659912109375,1372.7462158203125,1433.4317626953125
1206.png,0,0,0,0.008667364716529846,2403.88525390625,2330.01220703125,2425.1787109375,2349.158447265625
1206.png,0,0,0,0.008645812049508095,1493.366455078125,1876.32666015625,1512.7017822265625,1899.3494873046875
1206.png,0,0,0,0.008642036467790604,2224.441650390625,1283.228515625,2259.40966796875,1320.230224609375
1206.png,0,0,0,0.008616129867732525,1708.0909423828125,1309.5927734375,1729.2196044921875,1331.6591796875
1206.png,0,0,0,0.00859849900007248,2436.318359375,618.9906005859375,2455.884033203125,639.7135620117188
1206.png,0,0,0,0.008585989475250244,2705.5234375,1785.8055419921875,2729.531494140625,1803.249267578125
1206.png,0,0,0,0.008575303480029106,16.93621253967285,339.05413818359375,39.60554122924805,355.72576904296875
1206.png,0,0,0,0.008569691330194473,1708.5831298828125,405.8694152832031,1717.805419921875,423.6286315917969
1206.png,0,0,0,0.008559495210647583,2295.0625,583.1173706054688,2314.200439453125,608.7055053710938
1206.png,0,0,0,0.00854160450398922,2127.876953125,1498.7098388671875,2152.27490234375,1510.8787841796875
1206.png,0,0,0,0.008539251051843166,1822.94189453125,1255.4520263671875,1840.13671875,1284.033447265625
1206.png,0,0,0,0.008525604382157326,2258.96435546875,1239.9398193359375,2273.480712890625,1261.029296875
1206.png,0,0,0,0.008516531437635422,154.77894592285156,842.5740966796875,172.53997802734375,885.6859130859375
1206.png,0,0,0,0.008513910695910454,1624.869873046875,2469.45947265625,1644.8760986328125,2481.697265625
1206.png,0,0,0,0.008497142232954502,2144.176513671875,761.4899291992188,2161.861328125,785.2988891601562
1206.png,0,0,0,0.008489849045872688,2353.880615234375,582.0051879882812,2368.24755859375,600.7583618164062
1206.png,0,0,0,0.008485082536935806,1931.990234375,1102.732177734375,1948.2008056640625,1139.5970458984375
1206.png,0,0,0,0.00844866968691349,1348.5260009765625,1880.922607421875,1369.9454345703125,1901.143310546875
1206.png,0,0,0,0.008444280363619328,612.5933837890625,1084.586669921875,632.7177734375,1105.4586181640625
1206.png,0,0,0,0.00842852983623743,1069.0723876953125,2837.765625,1104.8477783203125,2876.298095703125
1206.png,0,0,0,0.008406679145991802,61.005619049072266,885.5001831054688,90.45809936523438,903.2901611328125
1206.png,0,0,0,0.008405573666095734,270.2606201171875,162.61009216308594,283.83404541015625,198.83883666992188
1206.png,0,0,0,0.008399296551942825,1911.5052490234375,2476.042724609375,1934.2120361328125,2495.332275390625
1206.png,0,0,0,0.008375592529773712,1403.641845703125,1557.1424560546875,1428.2431640625,1578.2882080078125
1206.png,0,0,0,0.008354166522622108,540.8421630859375,2614.04833984375,560.4655151367188,2628.61083984375
1206.png,0,0,0,0.008353186771273613,2858.395263671875,516.5213623046875,2874.388427734375,535.0491333007812
1206.png,0,0,0,0.008337086997926235,2325.87890625,1514.8541259765625,2338.739013671875,1537.635498046875
1206.png,0,0,0,0.0083064716309309,1495.38330078125,2689.62158203125,1513.8626708984375,2710.055908203125
1206.png,0,0,0,0.008295520208775997,2331.42822265625,848.6630249023438,2344.385009765625,885.741943359375
1206.png,0,0,0,0.008277995511889458,2254.7529296875,1897.7801513671875,2278.455078125,1920.402587890625
1206.png,0,0,0,0.008269494399428368,2220.81396484375,1426.449462890625,2239.504150390625,1448.1104736328125
1206.png,0,0,0,0.008264082483947277,2715.040283203125,524.1346435546875,2740.38427734375,558.9268798828125
1206.png,0,0,0,0.008251989260315895,2035.6478271484375,1371.891357421875,2056.857177734375,1401.6807861328125
1206.png,0,0,0,0.008245318196713924,2472.962158203125,671.8888549804688,2490.766845703125,705.0808715820312
1206.png,0,0,0,0.008232133463025093,1492.45654296875,2655.135009765625,1509.3558349609375,2673.152587890625
1206.png,0,0,0,0.008230245672166348,248.68801879882812,126.05748748779297,271.6776428222656,138.81808471679688
1206.png,0,0,0,0.008212546817958355,258.05670166015625,960.48291015625,276.9100036621094,994.1718139648438
1206.png,0,0,0,0.008190454915165901,496.92889404296875,1245.86474609375,524.278076171875,1269.830322265625
1206.png,0,0,0,0.008180114440619946,1680.9229736328125,2328.32958984375,1702.6766357421875,2352.1015625
1206.png,0,0,0,0.008174506947398186,2222.53515625,230.11033630371094,2244.367919921875,252.55859375
1206.png,0,0,0,0.0081606674939394,487.2889099121094,379.5616455078125,524.8844604492188,417.41790771484375
1206.png,0,0,0,0.008160608820617199,1387.8875732421875,2791.41650390625,1406.5732421875,2812.03662109375
1206.png,0,0,0,0.00815624836832285,770.3896484375,1857.1409912109375,789.9959106445312,1875.6236572265625
1206.png,0,0,0,0.008152870461344719,2042.451171875,1499.880859375,2097.571044921875,1525.271484375
1206.png,0,0,0,0.00813634879887104,2250.279052734375,1902.54248046875,2270.928466796875,1934.2161865234375
1206.png,0,0,0,0.008113572373986244,2463.9267578125,2028.51171875,2481.1953125,2046.34326171875
1206.png,0,0,0,0.00810807105153799,2166.77685546875,126.51335144042969,2191.3408203125,159.18228149414062
1206.png,0,0,0,0.008106641471385956,1227.30322265625,2717.6240234375,1247.396484375,2733.776123046875
1206.png,0,0,0,0.008082322776317596,2360.38671875,1752.5665283203125,2380.456298828125,1770.070068359375
1206.png,0,0,0,0.008073809556663036,1968.619873046875,2184.6455078125,1999.19140625,2195.0107421875
1206.png,0,0,0,0.008057381957769394,1085.229736328125,2580.281494140625,1102.6104736328125,2602.599365234375
1206.png,0,0,0,0.00804824847728014,1709.02001953125,2034.570556640625,1730.296875,2050.72314453125
1206.png,0,0,0,0.00804667267948389,1674.3692626953125,455.95135498046875,1689.805419921875,488.1319885253906
1211.png,0,0,0,0.0706593245267868,1350.8372802734375,2476.623779296875,1357.2938232421875,2492.98828125
1211.png,0,0,0,0.06356368958950043,655.4920654296875,1388.7738037109375,669.0165405273438,1402.68017578125
1211.png,0,0,0,0.05395428091287613,2576.534912109375,1500.2813720703125,2588.383056640625,1524.9014892578125
1211.png,0,0,0,0.05387275665998459,2618.80224609375,1456.6590576171875,2635.767822265625,1472.6015625
1211.png,0,0,0,0.04600848630070686,1630.722412109375,1094.845703125,1645.39990234375,1109.193359375
1211.png,0,0,0,0.04474993795156479,1526.334228515625,2041.9495849609375,1536.9700927734375,2052.94189453125
1211.png,0,0,0,0.043896809220314026,1092.1212158203125,2648.173828125,1103.399658203125,2664.803955078125
1211.png,0,0,0,0.043139372020959854,1739.13330078125,1099.6175537109375,1753.9556884765625,1109.4954833984375
1211.png,0,0,0,0.04086580127477646,26.479415893554688,2585.615966796875,54.33173751831055,2615.021728515625
1211.png,0,0,0,0.03818303719162941,2436.308349609375,1427.3934326171875,2452.198486328125,1440.177978515625
1211.png,0,0,0,0.037404704838991165,1238.19384765625,2367.662109375,1250.8125,2379.37548828125
1211.png,0,0,0,0.034708768129348755,508.76031494140625,1138.7271728515625,524.7243041992188,1147.4571533203125
1211.png,0,0,0,0.033520862460136414,451.8158874511719,2151.600830078125,476.33233642578125,2164.579345703125
1211.png,0,0,0,0.03313061222434044,1164.3125,1276.6217041015625,1175.654296875,1291.3377685546875
1211.png,0,0,0,0.03080231510102749,2833.3359375,1169.5001220703125,2842.35107421875,1183.7808837890625
1211.png,0,0,0,0.030712317675352097,2178.06005859375,662.4834594726562,2188.098876953125,676.7406005859375
1211.png,0,0,0,0.030416984111070633,2250.821044921875,2760.96728515625,2260.26220703125,2774.74658203125
1211.png,0,0,0,0.030254431068897247,563.821533203125,921.9761962890625,596.69970703125,942.92333984375
1211.png,0,0,0,0.030210312455892563,1678.745361328125,1066.7359619140625,1693.734375,1090.9822998046875
1211.png,0,0,0,0.03010515309870243,1557.4417724609375,1028.93017578125,1574.44921875,1039.06884765625
1211.png,0,0,0,0.02978561818599701,413.00787353515625,1019.1444702148438,430.16802978515625,1036.283203125
1211.png,0,0,0,0.02952394261956215,2121.826416015625,948.9955444335938,2151.709716796875,963.5447387695312
1211.png,0,0,0,0.029375210404396057,2121.47412109375,1208.7840576171875,2151.827880859375,1220.7513427734375
1211.png,0,0,0,0.02898598462343216,1859.180419921875,2791.56201171875,1876.5780029296875,2804.837890625
1211.png,0,0,0,0.028306230902671814,1428.3734130859375,666.3417358398438,1444.298828125,679.3768310546875
1211.png,0,0,0,0.027439089491963387,1308.974853515625,2511.25732421875,1320.0560302734375,2521.17919921875
1211.png,0,0,0,0.027277212589979172,1075.5777587890625,445.6842041015625,1103.093017578125,454.9125671386719
1211.png,0,0,0,0.02668689377605915,2111.923095703125,1243.3402099609375,2128.9130859375,1258.1168212890625
1211.png,0,0,0,0.02666632831096649,1315.722412109375,951.2369384765625,1333.7451171875,966.2222290039062
1211.png,0,0,0,0.026305342093110085,1776.375244140625,1059.681884765625,1790.0823974609375,1074.4432373046875
1211.png,0,0,0,0.026215514168143272,589.498779296875,1596.802978515625,598.1844482421875,1616.3251953125
1211.png,0,0,0,0.025538986548781395,785.5328369140625,415.2222900390625,813.6940307617188,429.8940734863281
1211.png,0,0,0,0.025037027895450592,1127.4461669921875,2471.81787109375,1139.1458740234375,2487.719482421875
1211.png,0,0,0,0.025035424157977104,2116.965087890625,1247.5987548828125,2156.53271484375,1279.4759521484375
1211.png,0,0,0,0.02498359978199005,523.6868896484375,513.4959106445312,539.9724731445312,530.518310546875
1211.png,0,0,0,0.02495550736784935,2249.40478515625,1316.097900390625,2261.067138671875,1337.5892333984375
1211.png,0,0,0,0.024860797449946404,1174.7821044921875,1900.9178466796875,1189.483642578125,1942.7919921875
1211.png,0,0,0,0.024361666291952133,1459.4967041015625,950.9423828125,1468.158203125,965.9854125976562
1211.png,0,0,0,0.024354221299290657,2621.693603515625,1530.2593994140625,2640.29248046875,1546.3011474609375
1211.png,0,0,0,0.02427010051906109,542.8792114257812,1563.1995849609375,560.530029296875,1580.2147216796875
1211.png,0,0,0,0.0242479108273983,2151.661376953125,2184.9287109375,2173.706787109375,2196.9892578125
1211.png,0,0,0,0.023916330188512802,559.9465942382812,1201.7249755859375,575.11083984375,1216.062744140625
1211.png,0,0,0,0.023875178769230843,1280.147216796875,1152.415283203125,1295.1014404296875,1175.5341796875
1211.png,0,0,0,0.0235541220754385,511.4837951660156,1753.0738525390625,524.617919921875,1762.0074462890625
1211.png,0,0,0,0.023496713489294052,1133.316650390625,2828.267578125,1144.7137451171875,2845.920166015625
1211.png,0,0,0,0.02345912903547287,2101.846435546875,958.284423828125,2125.419677734375,972.4259643554688
1211.png,0,0,0,0.023178141564130783,590.6714477539062,1535.468994140625,608.9019775390625,1555.54638671875
1211.png,0,0,0,0.022874072194099426,631.456787109375,2801.701904296875,651.8740844726562,2810.5947265625
1211.png,0,0,0,0.022857241332530975,1339.2352294921875,2397.085693359375,1356.10302734375,2410.708984375
1211.png,0,0,0,0.022550038993358612,1427.525390625,1116.2196044921875,1443.8675537109375,1139.71240234375
1211.png,0,0,0,0.022457672283053398,1823.6458740234375,1088.4580078125,1838.614990234375,1104.849365234375
1211.png,0,0,0,0.022425930947065353,1246.8359375,2650.525390625,1262.631591796875,2667.11328125
1211.png,0,0,0,0.02236856147646904,738.6209106445312,444.7322082519531,757.2142333984375,460.6330261230469
1211.png,0,0,0,0.022315774112939835,2069.69677734375,891.4534912109375,2082.05810546875,922.2274169921875
1211.png,0,0,0,0.022300362586975098,2475.575927734375,1382.2364501953125,2493.169921875,1399.4039306640625
1211.png,0,0,0,0.022181259468197823,1341.5804443359375,1928.8741455078125,1356.1705322265625,1942.5718994140625
1211.png,0,0,0,0.021743347868323326,2631.30517578125,1535.3551025390625,2657.981689453125,1547.41015625
1211.png,0,0,0,0.021640820428729057,1890.3465576171875,2836.465576171875,1909.647216796875,2846.25341796875
1211.png,0,0,0,0.021603014320135117,1784.6575927734375,1175.06298828125,1801.8035888671875,1194.4150390625
1211.png,0,0,0,0.021585242822766304,2037.6474609375,1201.518798828125,2053.50244140625,1221.5953369140625
1211.png,0,0,0,0.021441010758280754,869.1876220703125,2724.364501953125,886.0006103515625,2743.62646484375
1211.png,0,0,0,0.02136712335050106,2223.38720703125,951.0841674804688,2238.947021484375,966.7626342773438
1211.png,0,0,0,0.021261537447571754,1673.9591064453125,1016.859130859375,1694.4869384765625,1034.32666015625
1211.png,0,0,0,0.020922891795635223,1233.083984375,1909.2186279296875,1247.96435546875,1946.237548828125
1211.png,0,0,0,0.020915206521749496,1122.3123779296875,1313.2171630859375,1139.1844482421875,1328.47607421875
1211.png,0,0,0,0.020838866010308266,988.0621948242188,1085.6865234375,999.063232421875,1104.9610595703125
1211.png,0,0,0,0.02066814713180065,1271.6947021484375,2537.28125,1283.93603515625,2555.31298828125
1211.png,0,0,0,0.020641380921006203,708.6150512695312,678.96875,741.3859252929688,705.298828125
1211.png,0,0,0,0.020556043833494186,487.82037353515625,1712.40185546875,506.1299133300781,1724.658935546875
1211.png,0,0,0,0.02053438499569893,1386.7371826171875,2366.277587890625,1404.026611328125,2389.438720703125
1211.png,0,0,0,0.020235341042280197,1116.4654541015625,415.85638427734375,1141.34228515625,435.14373779296875
1211.png,0,0,0,0.02017507515847683,584.5321655273438,1641.93408203125,596.8184814453125,1655.271240234375
1211.png,0,0,0,0.020130658522248268,814.9641723632812,632.8409423828125,863.6484375,646.4634399414062
1211.png,0,0,0,0.020127320662140846,160.0266571044922,1180.1973876953125,177.38331604003906,1211.5989990234375
1211.png,0,0,0,0.020123248919844627,2513.696533203125,524.3547973632812,2549.52392578125,549.8517456054688
1211.png,0,0,0,0.020058317109942436,1426.4195556640625,1102.8175048828125,1443.007080078125,1123.181884765625
1211.png,0,0,0,0.019744455814361572,1282.134033203125,2467.760498046875,1297.3216552734375,2481.125
1211.png,0,0,0,0.019366292282938957,228.10020446777344,444.6525573730469,235.89306640625,458.3101806640625
1211.png,0,0,0,0.019258471205830574,1235.98388671875,1893.1611328125,1247.6422119140625,1925.0482177734375
1211.png,0,0,0,0.01913626864552498,697.8328247070312,1500.3544921875,718.60986328125,1522.1107177734375
1211.png,0,0,0,0.018965700641274452,1532.0357666015625,2802.37890625,1549.9189453125,2829.263671875
1211.png,0,0,0,0.018927792087197304,846.0289306640625,488.0098571777344,871.529052734375,497.878173828125
1211.png,0,0,0,0.01881532184779644,1138.776123046875,1146.3201904296875,1154.08984375,1175.5777587890625
1211.png,0,0,0,0.018790777772665024,1749.1790771484375,696.6049194335938,1764.3192138671875,709.7056274414062
1211.png,0,0,0,0.018772587180137634,2179.42236328125,1456.9366455078125,2189.523193359375,1472.9827880859375
1211.png,0,0,0,0.018746212124824524,1957.317626953125,1102.352294921875,1971.0081787109375,1112.5166015625
1211.png,0,0,0,0.01854904741048813,2770.656494140625,1645.0731201171875,2802.602783203125,1662.6839599609375
1211.png,0,0,0,0.018528806045651436,1715.5098876953125,882.6939086914062,1732.8538818359375,896.6958618164062
1211.png,0,0,0,0.01847296580672264,1112.7415771484375,2042.9508056640625,1139.1331787109375,2059.53955078125
1211.png,0,0,0,0.01829550229012966,1680.249755859375,1068.15966796875,1695.2509765625,1102.9716796875
1211.png,0,0,0,0.018256884068250656,2285.511962890625,1564.42822265625,2298.139892578125,1578.787353515625
1211.png,0,0,0,0.018130628392100334,2003.105712890625,709.4769897460938,2020.3033447265625,741.3716430664062
1211.png,0,0,0,0.01801866479218006,2541.053466796875,1399.1690673828125,2552.41259765625,1428.503173828125
1211.png,0,0,0,0.01791805773973465,1816.490966796875,906.1323852539062,1826.735595703125,924.3212280273438
1211.png,0,0,0,0.01787400059401989,522.798828125,1673.179931640625,537.4689331054688,1690.7625732421875
1211.png,0,0,0,0.017828254029154778,1308.6546630859375,1316.4990234375,1324.208740234375,1338.94384765625
1211.png,0,0,0,0.017722539603710175,1748.6939697265625,947.802490234375,1769.56298828125,961.2534790039062
1211.png,0,0,0,0.017583932727575302,703.9240112304688,626.6838989257812,716.9488525390625,651.681640625
1211.png,0,0,0,0.017545176669955254,1518.22509765625,1862.3326416015625,1537.4833984375,1879.31884765625
1211.png,0,0,0,0.01748938113451004,487.8360595703125,1462.7772216796875,503.7226257324219,1475.0660400390625
1211.png,0,0,0,0.017482440918684006,379.6683044433594,1365.998046875,397.4259338378906,1393.84716796875
1211.png,0,0,0,0.017480894923210144,1536.4476318359375,1573.060302734375,1574.671630859375,1588.212890625
1211.png,0,0,0,0.017453700304031372,1499.75048828125,1999.027587890625,1514.3780517578125,2009.7900390625
1211.png,0,0,0,0.017414918169379234,2223.8271484375,1310.9813232421875,2248.343994140625,1331.172607421875
1211.png,0,0,0,0.017392093315720558,921.9221801757812,1240.5885009765625,939.48388671875,1254.1435546875
1211.png,0,0,0,0.01724068447947502,885.947509765625,2794.42724609375,902.093017578125,2809.044921875
1211.png,0,0,0,0.017237000167369843,1427.049072265625,908.8688354492188,1442.1578369140625,924.5765380859375
1211.png,0,0,0,0.017220143228769302,1425.9105224609375,1205.180908203125,1440.903076171875,1222.4464111328125
1211.png,0,0,0,0.017117299139499664,1455.8682861328125,1933.451416015625,1466.2459716796875,1947.00634765625
1211.png,0,0,0,0.016998713836073875,1886.2763671875,2865.447509765625,1904.6776123046875,2884.544189453125
1211.png,0,0,0,0.016998324543237686,1701.4073486328125,1138.712890625,1718.2100830078125,1158.9056396484375
1211.png,0,0,0,0.01692984253168106,2513.278564453125,524.3385620117188,2547.346435546875,541.8409423828125
1211.png,0,0,0,0.016865039244294167,1913.6439208984375,2797.07080078125,1935.3353271484375,2807.85400390625
1211.png,0,0,0,0.016759460791945457,1789.218505859375,780.2200927734375,1804.4237060546875,813.6935424804688
1211.png,0,0,0,0.016662687063217163,2216.882568359375,839.0933227539062,2225.932861328125,858.5927124023438
1211.png,0,0,0,0.016639577224850655,1350.3553466796875,1023.631103515625,1368.46142578125,1046.4681396484375
1211.png,0,0,0,0.016570108011364937,1231.8292236328125,1132.99365234375,1247.724853515625,1147.700927734375
1211.png,0,0,0,0.016549598425626755,2432.49365234375,2394.939453125,2441.532470703125,2412.489990234375
1211.png,0,0,0,0.016499895602464676,777.40185546875,415.71807861328125,808.5521240234375,433.09912109375
1211.png,0,0,0,0.016489334404468536,1386.6673583984375,1146.3309326171875,1403.74072265625,1175.4207763671875
1211.png,0,0,0,0.01641988940536976,1781.2032470703125,665.4586791992188,1790.5958251953125,675.5831298828125
1211.png,0,0,0,0.016340579837560654,1786.082275390625,777.4894409179688,1802.226806640625,812.6738891601562
1211.png,0,0,0,0.016233989968895912,2692.173828125,1583.2314453125,2708.063232421875,1609.5079345703125
1211.png,0,0,0,0.01622018776834011,1609.152587890625,885.9414672851562,1623.3734130859375,914.9093627929688
1211.png,0,0,0,0.016103079542517662,302.8143615722656,2203.50927734375,321.2963562011719,2225.691650390625
1211.png,0,0,0,0.016068996861577034,2694.7607421875,2476.634521484375,2730.484619140625,2487.944091796875
1211.png,0,0,0,0.016005249693989754,1709.809814453125,2186.611083984375,1722.4844970703125,2204.524169921875
1211.png,0,0,0,0.015959884971380234,1849.91845703125,885.5240478515625,1874.23388671875,897.489990234375
1211.png,0,0,0,0.01595040038228035,912.2368774414062,1029.4993896484375,929.0798950195312,1043.6112060546875
1211.png,0,0,0,0.015913991257548332,514.7311401367188,1373.1168212890625,525.6859130859375,1394.210693359375
1211.png,0,0,0,0.01584932580590248,1426.9625244140625,2317.98779296875,1444.0963134765625,2336.3525390625
1211.png,0,0,0,0.015816373750567436,1174.8817138671875,1895.49658203125,1185.8988037109375,1935.02001953125
1211.png,0,0,0,0.015792163088917732,1270.3798828125,1341.4281005859375,1285.080322265625,1366.6004638671875
1211.png,0,0,0,0.01573692448437214,1598.2816162109375,1001.8260498046875,1615.26318359375,1030.7926025390625
1211.png,0,0,0,0.015735456719994545,957.858154296875,2072.858642578125,972.9169311523438,2090.962646484375
1211.png,0,0,0,0.015647197142243385,2834.0537109375,1270.967529296875,2852.7607421875,1292.5499267578125
1211.png,0,0,0,0.015585570596158504,2582.718505859375,419.3185119628906,2592.13427734375,452.06304931640625
1211.png,0,0,0,0.01550130546092987,2042.43701171875,698.1459350585938,2058.81103515625,711.8816528320312
1211.png,0,0,0,0.01540807168930769,424.29742431640625,1717.3582763671875,452.0623474121094,1726.001220703125
1211.png,0,0,0,0.015296252444386482,1042.6541748046875,2006.35400390625,1066.80517578125,2022.3265380859375
1211.png,0,0,0,0.015258834697306156,493.1343994140625,1714.5504150390625,524.363037109375,1729.2530517578125
1211.png,0,0,0,0.015172005631029606,951.0634155273438,2150.77734375,970.6141967773438,2167.65673828125
1211.png,0,0,0,0.01508244313299656,266.1313781738281,1271.7572021484375,286.129150390625,1298.001220703125
1211.png,0,0,0,0.0149929728358984,2395.496826171875,2293.92333984375,2405.372314453125,2306.299072265625
1211.png,0,0,0,0.014857519418001175,2102.9111328125,959.6163330078125,2127.5693359375,994.4957275390625
1211.png,0,0,0,0.014789958484470844,494.2981872558594,1464.4788818359375,524.7566528320312,1475.605224609375
1211.png,0,0,0,0.014784601517021656,2296.137451171875,1341.1339111328125,2311.532958984375,1359.98876953125
1211.png,0,0,0,0.014776595868170261,265.56591796875,468.5401916503906,282.30133056640625,489.46002197265625
1211.png,0,0,0,0.014766547828912735,1531.5440673828125,2806.040771484375,1548.677978515625,2838.810791015625
1211.png,0,0,0,0.014652958139777184,628.1534423828125,2802.567626953125,669.03271484375,2829.64208984375
1211.png,0,0,0,0.014621928334236145,2132.751220703125,1248.7459716796875,2163.348876953125,1283.7763671875
1211.png,0,0,0,0.014595197513699532,1996.775634765625,955.4629516601562,2014.5755615234375,969.2759399414062
1211.png,0,0,0,0.014594841748476028,1429.6221923828125,668.213134765625,1464.582275390625,684.4061279296875
1211.png,0,0,0,0.014585702680051327,1812.9371337890625,1245.169189453125,1826.495849609375,1261.3729248046875
1211.png,0,0,0,0.014554730616509914,697.4508666992188,475.59857177734375,716.1115112304688,493.0002136230469
1211.png,0,0,0,0.014537882059812546,1161.3665771484375,2221.19287109375,1175.6068115234375,2255.280029296875
1211.png,0,0,0,0.014472737908363342,1411.4326171875,16.174217224121094,1428.4873046875,25.247570037841797
1211.png,0,0,0,0.014456083998084068,226.37945556640625,2693.447998046875,237.6310577392578,2706.197998046875
1211.png,0,0,0,0.0144261559471488,1319.6539306640625,1175.158935546875,1346.45849609375,1191.3072509765625
1211.png,0,0,0,0.014355000108480453,1133.5322265625,1139.0535888671875,1152.378173828125,1169.6263427734375
1211.png,0,0,0,0.014281350187957287,559.7637939453125,1425.091796875,577.6787109375,1439.065185546875
1211.png,0,0,0,0.014218849129974842,2576.766845703125,1501.3917236328125,2599.26123046875,1537.052734375
1211.png,0,0,0,0.014172112569212914,487.2192687988281,1780.2432861328125,502.8815612792969,1794.5777587890625
1211.png,0,0,0,0.014079027809202671,932.8805541992188,1244.0499267578125,958.4874877929688,1257.1666259765625
1211.png,0,0,0,0.014003092423081398,334.843017578125,125.0330810546875,352.8948059082031,141.979248046875
1211.png,0,0,0,0.013977617025375366,918.2196044921875,2113.020263671875,927.1642456054688,2126.91064453125
1211.png,0,0,0,0.013971230946481228,2801.841552734375,1233.168212890625,2821.9091796875,1253.4383544921875
1211.png,0,0,0,0.013896124437451363,1194.47705078125,2395.00146484375,1211.5054931640625,2413.0927734375
1211.png,0,0,0,0.013889748603105545,1312.67041015625,1131.6661376953125,1329.104248046875,1145.80810546875
1211.png,0,0,0,0.013875497505068779,486.2458801269531,1420.7930908203125,503.1482238769531,1434.0130615234375
1211.png,0,0,0,0.013855951838195324,2339.781982421875,1373.057861328125,2369.187744140625,1393.4058837890625
1211.png,0,0,0,0.013854601420462132,999.6290283203125,2766.26318359375,1030.750244140625,2789.72216796875
1211.png,0,0,0,0.013845693320035934,957.4983520507812,2151.26513671875,994.5790405273438,2168.5654296875
1211.png,0,0,0,0.013811164535582066,428.1904602050781,1888.686767578125,452.03662109375,1904.9671630859375
1211.png,0,0,0,0.013786213472485542,2785.978515625,2764.52734375,2802.5986328125,2781.531494140625
1211.png,0,0,0,0.013735360465943813,1210.513916015625,2476.9208984375,1226.5413818359375,2500.575927734375
1211.png,0,0,0,0.01367746852338314,1130.3299560546875,480.5020446777344,1143.5604248046875,497.46575927734375
1211.png,0,0,0,0.013532047159969807,158.5349884033203,1033.161865234375,172.63600158691406,1066.814697265625
1211.png,0,0,0,0.013488100841641426,581.7803955078125,1428.2462158203125,597.28173828125,1454.74951171875
1211.png,0,0,0,0.013475107029080391,1609.21240234375,1100.3251953125,1629.4920654296875,1115.470703125
1211.png,0,0,0,0.013434168882668018,1972.77197265625,415.85894775390625,2007.03076171875,444.69110107421875
1211.png,0,0,0,0.013401370495557785,1519.484619140625,1051.734375,1541.21923828125,1068.87255859375
1211.png,0,0,0,0.013378157280385494,867.809326171875,1464.544189453125,886.306640625,1486.6141357421875
1211.png,0,0,0,0.013353055343031883,632.8282470703125,1389.3994140625,654.2523193359375,1408.6590576171875
1211.png,0,0,0,0.013349028304219246,2858.1435546875,2855.4638671875,2875.364013671875,2880.743896484375
1211.png,0,0,0,0.01329047977924347,49.73134231567383,147.70425415039062,67.36962890625,167.1160888671875
1211.png,0,0,0,0.013246603310108185,2766.42333984375,1644.9117431640625,2796.424560546875,1657.7569580078125
1211.png,0,0,0,0.013231316581368446,2187.25341796875,2723.91796875,2201.728515625,2735.606201171875
1211.png,0,0,0,0.013212336227297783,1559.58251953125,2867.969970703125,1573.3489990234375,2883.386962890625
1211.png,0,0,0,0.013102982193231583,2802.07080078125,1595.7320556640625,2812.596923828125,1613.9561767578125
1211.png,0,0,0,0.013078093528747559,644.8604736328125,2181.24072265625,669.6217651367188,2196.733642578125
1211.png,0,0,0,0.013045140542089939,1751.8094482421875,926.6602172851562,1790.2486572265625,958.4251708984375
1211.png,0,0,0,0.012982270680367947,1667.7340087890625,149.05865478515625,1681.7608642578125,165.66078186035156
1211.png,0,0,0,0.012935947626829147,2608.5810546875,9.517346382141113,2621.986328125,28.983386993408203
1211.png,0,0,0,0.01281722541898489,17.701353073120117,13.503435134887695,40.05001449584961,26.575523376464844
1211.png,0,0,0,0.01278513204306364,849.4334716796875,2137.60498046875,866.03125,2156.551025390625
1211.png,0,0,0,0.012755320407450199,1970.2808837890625,425.649169921875,1984.5404052734375,453.309326171875
1211.png,0,0,0,0.012677435763180256,767.3626708984375,2248.415283203125,778.6754760742188,2270.502685546875
1211.png,0,0,0,0.012671409174799919,2295.9091796875,2621.519287109375,2318.504150390625,2633.855712890625
1211.png,0,0,0,0.01267047319561243,585.3550415039062,1477.4261474609375,606.8056030273438,1502.7083740234375
1211.png,0,0,0,0.012605883181095123,1244.4471435546875,2018.9835205078125,1260.3134765625,2043.4749755859375
1211.png,0,0,0,0.012575690634548664,808.776123046875,1028.3419189453125,826.467529296875,1040.9681396484375
1211.png,0,0,0,0.01253211498260498,845.4090576171875,487.946044921875,885.9857788085938,499.7879943847656
1211.png,0,0,0,0.012486147694289684,1605.033447265625,831.6085815429688,1623.5814208984375,850.5737915039062
1211.png,0,0,0,0.012435275129973888,1166.0137939453125,2308.123291015625,1178.915283203125,2333.028564453125
1211.png,0,0,0,0.01242465153336525,576.19677734375,1910.6168212890625,596.9758911132812,1935.2816162109375
1211.png,0,0,0,0.01241833996027708,20.591461181640625,13.587730407714844,54.25893020629883,26.4942626953125
1211.png,0,0,0,0.012416672892868519,1471.7325439453125,1175.0518798828125,1500.772216796875,1194.697021484375
1211.png,0,0,0,0.012410013936460018,950.58935546875,991.033935546875,960.0313720703125,1005.2859497070312
1211.png,0,0,0,0.012392121367156506,1319.1395263671875,191.50619506835938,1337.570068359375,206.18055725097656
1211.png,0,0,0,0.012381820008158684,1319.427734375,2681.0654296875,1334.451416015625,2697.148193359375
1211.png,0,0,0,0.012368334457278252,2536.60888671875,408.15484619140625,2549.485107421875,426.73779296875
1211.png,0,0,0,0.012314743362367153,1275.7459716796875,1892.67919921875,1284.0899658203125,1918.23291015625
1211.png,0,0,0,0.012303845025599003,474.1698303222656,2035.643310546875,489.0802001953125,2061.90625
1211.png,0,0,0,0.012299546971917152,1419.26220703125,1970.577880859375,1429.0455322265625,1983.7183837890625
1211.png,0,0,0,0.012268073856830597,1353.1956787109375,510.5813293457031,1369.8681640625,537.7628784179688
1211.png,0,0,0,0.012244285084307194,1134.50927734375,1158.568359375,1175.3515625,1179.12890625
1211.png,0,0,0,0.012224308215081692,1779.5484619140625,90.10762023925781,1794.0673828125,109.44265747070312
1211.png,0,0,0,0.012215995229780674,1317.8681640625,1185.480712890625,1334.036865234375,1211.53466796875
1211.png,0,0,0,0.01217658631503582,2178.066162109375,2259.990966796875,2194.42724609375,2283.150634765625
1211.png,0,0,0,0.012131616473197937,868.2972412109375,2073.727294921875,886.082763671875,2089.124755859375
1211.png,0,0,0,0.012128833681344986,1957.77783203125,1426.51513671875,1981.601806640625,1440.1668701171875
1211.png,0,0,0,0.012127913534641266,1343.9979248046875,1972.929931640625,1358.1663818359375,2007.03173828125
1211.png,0,0,0,0.012113908305764198,1585.9847412109375,994.4476928710938,1609.985107421875,1027.9876708984375
1211.png,0,0,0,0.012109623290598392,2044.6033935546875,1095.1881103515625,2079.37255859375,1110.8616943359375
1211.png,0,0,0,0.012093011289834976,1197.0965576171875,2691.489990234375,1211.5528564453125,2706.387451171875
1211.png,0,0,0,0.012022922746837139,1663.615966796875,994.4664916992188,1690.16943359375,1031.7784423828125
1211.png,0,0,0,0.01197195053100586,742.897705078125,433.92724609375,777.7353515625,456.6774597167969
1211.png,0,0,0,0.011954343877732754,1970.7861328125,1029.740234375,1992.4755859375,1046.6414794921875
1211.png,0,0,0,0.011930795386433601,667.775146484375,704.3043212890625,683.765380859375,723.651123046875
1211.png,0,0,0,0.011928165331482887,1053.1925048828125,2585.322998046875,1068.21435546875,2613.94677734375
1211.png,0,0,0,0.011886577121913433,1604.9676513671875,1338.5611572265625,1623.7386474609375,1359.61328125
1211.png,0,0,0,0.011833238415420055,1315.7119140625,1179.5650634765625,1356.247314453125,1211.4818115234375
1211.png,0,0,0,0.011831146664917469,1782.911376953125,1187.611328125,1802.8731689453125,1212.85986328125
1211.png,0,0,0,0.011821907944977283,124.64923858642578,414.336181640625,143.19207763671875,428.94580078125
1211.png,0,0,0,0.011821460910141468,1987.1036376953125,705.0711669921875,2010.3265380859375,731.0047607421875
1211.png,0,0,0,0.011769359931349754,1061.22802734375,451.7959899902344,1098.817138671875,460.2433776855469
1211.png,0,0,0,0.011767535470426083,841.4752807617188,596.49853515625,889.1843872070312,616.7985229492188
1211.png,0,0,0,0.011762850917875767,668.9263916015625,226.3004608154297,689.706787109375,239.4326934814453
1211.png,0,0,0,0.011747600510716438,2103.63916015625,1675.2698974609375,2115.514892578125,1691.2227783203125
1211.png,0,0,0,0.011741335503757,990.3534545898438,2033.09521484375,1002.1235961914062,2048.4609375
1211.png,0,0,0,0.011614372953772545,664.8470458984375,2468.146240234375,687.3836669921875,2486.74072265625
1211.png,0,0,0,0.011564578860998154,918.9237670898438,102.78811645507812,934.9208984375,127.0997085571289
1211.png,0,0,0,0.011531916446983814,554.6431884765625,2648.501220703125,576.4266357421875,2667.458251953125
1211.png,0,0,0,0.011515658348798752,1970.682373046875,696.5150146484375,1994.13916015625,714.7235107421875
1211.png,0,0,0,0.011478958651423454,593.8993530273438,1261.6534423828125,611.0723266601562,1284.47265625
1211.png,0,0,0,0.011458632536232471,270.19757080078125,2508.411376953125,286.7708740234375,2528.824462890625
1211.png,0,0,0,0.011452930048108101,1427.8773193359375,1602.072021484375,1443.817138671875,1616.8673095703125
1211.png,0,0,0,0.011419372633099556,1535.431884765625,2863.979248046875,1551.2742919921875,2886.53125
1211.png,0,0,0,0.01140847709029913,1707.4781494140625,114.7074966430664,1719.170166015625,135.0784149169922
1211.png,0,0,0,0.011377746239304543,1065.743896484375,1420.1329345703125,1084.9742431640625,1435.600830078125
1211.png,0,0,0,0.011372393928468227,681.8778076171875,1854.6536865234375,705.214111328125,1870.7366943359375
1211.png,0,0,0,0.011351017281413078,2476.94287109375,306.8972473144531,2499.562255859375,317.0352478027344
1211.png,0,0,0,0.011343218386173248,1606.107421875,2290.83740234375,1623.0130615234375,2309.13330078125
1211.png,0,0,0,0.011331053450703621,1681.4906005859375,1134.067138671875,1706.5970458984375,1157.1114501953125
1211.png,0,0,0,0.011310148984193802,120.47374725341797,551.5581665039062,141.37811279296875,571.0679321289062
1211.png,0,0,0,0.011264591477811337,2248.18505859375,2254.46630859375,2266.905517578125,2268.2861328125
1211.png,0,0,0,0.011244820430874825,2621.100341796875,396.8320007324219,2639.05126953125,420.0140075683594
1211.png,0,0,0,0.011186519637703896,865.9689331054688,130.9674072265625,889.4942016601562,162.76611328125
1211.png,0,0,0,0.011142170056700706,1970.7978515625,415.7855529785156,1996.6522216796875,433.29705810546875
1211.png,0,0,0,0.011084050871431828,2201.0830078125,2693.830322265625,2224.097412109375,2703.609130859375
1211.png,0,0,0,0.011057300493121147,828.56298828125,631.8291625976562,886.427490234375,643.5783081054688
1211.png,0,0,0,0.011022106744349003,2477.011962890625,1500.3074951171875,2499.525146484375,1519.6021728515625
1211.png,0,0,0,0.011021550744771957,1443.245361328125,1292.2037353515625,1464.6632080078125,1320.041259765625
1211.png,0,0,0,0.011007842607796192,2729.92822265625,1888.77734375,2745.111328125,1905.2611083984375
1211.png,0,0,0,0.011005507782101631,1804.6966552734375,1174.9093017578125,1829.418212890625,1191.75732421875
1211.png,0,0,0,0.011002031154930592,1043.350830078125,1862.2845458984375,1077.3389892578125,1875.3709716796875
1211.png,0,0,0,0.010990009643137455,2473.627685546875,1500.5836181640625,2513.386962890625,1531.6519775390625
1211.png,0,0,0,0.01097355131059885,53.99298095703125,1160.53662109375,70.20310974121094,1177.523681640625
1211.png,0,0,0,0.010965625755488873,1624.14013671875,2294.28857421875,1645.504638671875,2308.833984375
1211.png,0,0,0,0.010948268696665764,1262.3369140625,2647.260009765625,1283.8023681640625,2664.58203125
1211.png,0,0,0,0.010943291708827019,65.74323272705078,2404.791748046875,92.35750579833984,2440.378173828125
1211.png,0,0,0,0.0109358886256814,1062.0794677734375,225.3247528076172,1080.376708984375,243.7898406982422
1211.png,0,0,0,0.01088305190205574,441.878173828125,2154.0,465.2217712402344,2187.939208984375
1211.png,0,0,0,0.010874144732952118,2315.590576171875,1536.67138671875,2332.828857421875,1555.731201171875
1211.png,0,0,0,0.010837197303771973,1202.3001708984375,1898.3580322265625,1215.1239013671875,1945.8348388671875
1211.png,0,0,0,0.01083679310977459,623.9898681640625,590.8068237304688,641.05859375,603.4547729492188
1211.png,0,0,0,0.010832092724740505,916.6533203125,615.523681640625,931.5904541015625,633.9368286132812
1211.png,0,0,0,0.01081256102770567,1277.13525390625,1823.736328125,1300.939208984375,1836.1705322265625
1211.png,0,0,0,0.010775206610560417,1325.328857421875,195.96884155273438,1356.117919921875,208.2323760986328
1211.png,0,0,0,0.01077310275286436,2067.953857421875,885.5452880859375,2082.3603515625,913.1880493164062
1211.png,0,0,0,0.010757842101156712,1934.1680908203125,1131.4278564453125,1952.03857421875,1143.7806396484375
1211.png,0,0,0,0.010747839696705341,1050.2086181640625,1962.325439453125,1066.8052978515625,1980.061279296875
1211.png,0,0,0,0.010644674301147461,2868.08740234375,1191.435302734375,2884.6689453125,1213.8255615234375
1211.png,0,0,0,0.010614519938826561,2473.61181640625,500.2441711425781,2486.443359375,524.4561767578125
1211.png,0,0,0,0.010604689829051495,433.7102355957031,1427.807861328125,452.65118408203125,1450.2603759765625
1211.png,0,0,0,0.010568578727543354,1211.262939453125,1894.1702880859375,1224.43603515625,1934.0712890625
1211.png,0,0,0,0.010556324385106564,1316.454345703125,2353.745361328125,1333.4208984375,2371.904541015625
1211.png,0,0,0,0.010545219294726849,153.1018829345703,1030.574462890625,166.5258331298828,1061.6533203125
1211.png,0,0,0,0.010540075600147247,1679.9481201171875,2543.2275390625,1695.91796875,2558.37548828125
1211.png,0,0,0,0.010527664795517921,328.3076171875,1789.878173828125,356.184814453125,1814.149658203125
1211.png,0,0,0,0.010503893718123436,1030.4814453125,2003.4837646484375,1046.168701171875,2015.5567626953125
1211.png,0,0,0,0.010502967052161694,1753.11083984375,31.018918991088867,1767.752197265625,55.40930938720703
1211.png,0,0,0,0.01044555939733982,956.5892944335938,86.6267318725586,973.3920288085938,98.82469177246094
1211.png,0,0,0,0.010444987565279007,333.5962219238281,1795.7440185546875,355.3218078613281,1826.349365234375
1211.png,0,0,0,0.010436706244945526,1922.367431640625,10.871350288391113,1934.84619140625,24.08267593383789
1211.png,0,0,0,0.010433105751872063,1425.2301025390625,2643.508056640625,1443.403564453125,2660.8642578125
1211.png,0,0,0,0.0104097630828619,1347.8846435546875,2615.986572265625,1362.5050048828125,2631.88427734375
1211.png,0,0,0,0.01040866319090128,1344.793212890625,1638.198486328125,1356.310302734375,1657.7716064453125
1211.png,0,0,0,0.010398216545581818,448.8225402832031,2151.590576171875,488.3143005371094,2170.71337890625
1211.png,0,0,0,0.010379234328866005,2200.386474609375,741.22412109375,2227.375244140625,765.334716796875
1211.png,0,0,0,0.010352633893489838,1133.5439453125,769.7827758789062,1150.7105712890625,798.9071044921875
1211.png,0,0,0,0.010337388142943382,1080.959228515625,1420.0653076171875,1103.007080078125,1435.7015380859375
1211.png,0,0,0,0.010323605500161648,1174.0299072265625,1016.818359375,1194.71923828125,1033.0616455078125
1211.png,0,0,0,0.010315599851310253,1536.2950439453125,911.9215698242188,1553.9752197265625,930.7317504882812
1211.png,0,0,0,0.010297117754817009,1102.949951171875,2043.1102294921875,1132.04345703125,2057.156494140625
1211.png,0,0,0,0.010286043398082256,1557.3887939453125,1033.4324951171875,1577.2822265625,1066.841064453125
1211.png,0,0,0,0.010250353254377842,625.9067993164062,1962.675537109375,647.0262451171875,1979.1107177734375
1211.png,0,0,0,0.01023745909333229,919.2868041992188,339.0428161621094,948.9408569335938,354.2865905761719
1211.png,0,0,0,0.010229726321995258,953.3715209960938,2157.742431640625,972.2747802734375,2188.138671875
1211.png,0,0,0,0.010210943408310413,2059.7109375,990.3892822265625,2079.701416015625,1005.1630859375
1211.png,0,0,0,0.010208149440586567,2792.2158203125,1519.9080810546875,2803.087158203125,1539.0941162109375
1211.png,0,0,0,0.010198835283517838,1170.01123046875,2642.443115234375,1188.6072998046875,2663.82861328125
1211.png,0,0,0,0.010177724994719028,2253.94384765625,1261.7088623046875,2273.06689453125,1285.128173828125
1211.png,0,0,0,0.010127275250852108,149.08070373535156,1174.8524169921875,173.4736785888672,1204.9114990234375
1211.png,0,0,0,0.010114874690771103,162.46168518066406,352.4161376953125,176.60311889648438,380.36541748046875
1211.png,0,0,0,0.010114502161741257,621.9470825195312,1231.584228515625,637.333740234375,1250.7701416015625
1211.png,0,0,0,0.010105629451572895,75.35140991210938,480.42230224609375,98.17906951904297,501.1605224609375
1211.png,0,0,0,0.010086648166179657,1659.7864990234375,795.197509765625,1681.5751953125,817.6223754882812
1211.png,0,0,0,0.010072855278849602,891.95458984375,2800.8642578125,922.1484985351562,2823.004638671875
1211.png,0,0,0,0.010043598711490631,813.6399536132812,632.7067260742188,868.9091796875,640.4939575195312
1211.png,0,0,0,0.010038389824330807,953.28515625,2234.2216796875,968.8184814453125,2265.3330078125
1211.png,0,0,0,0.009995355270802975,1745.8995361328125,2000.9061279296875,1761.7452392578125,2016.091552734375
1211.png,0,0,0,0.009973056614398956,1322.802978515625,1175.22900390625,1356.2275390625,1190.0198974609375
1211.png,0,0,0,0.009965295903384686,796.441650390625,2834.056396484375,814.053466796875,2845.866455078125
1211.png,0,0,0,0.009947147220373154,1247.4735107421875,1632.4783935546875,1263.6658935546875,1652.31103515625
1211.png,0,0,0,0.009933716617524624,451.7068786621094,2464.020751953125,470.4407043457031,2483.23876953125
1211.png,0,0,0,0.009865550324320793,1851.1048583984375,262.310791015625,1862.463623046875,279.7071533203125
1211.png,0,0,0,0.009836146607995033,1319.3782958984375,1879.0693359375,1334.34912109375,1905.3502197265625
1211.png,0,0,0,0.009813004173338413,89.79122161865234,261.1195983886719,105.14273071289062,286.4297180175781
1211.png,0,0,0,0.009810052812099457,448.1474609375,1993.2257080078125,465.52728271484375,2012.72119140625
1211.png,0,0,0,0.009796186350286007,1138.9888916015625,197.01698303222656,1169.942138671875,209.24423217773438
1211.png,0,0,0,0.009736357256770134,1309.603759765625,2859.809326171875,1331.9300537109375,2881.243408203125
1211.png,0,0,0,0.009730746038258076,1307.87646484375,1970.8360595703125,1327.014404296875,1987.4969482421875
1362.png,0,0,0,0.09223424643278122,458.85479736328125,1144.8310546875,485.3955078125,1184.7545166015625
1362.png,0,0,0,0.07860475778579712,1394.7498779296875,3020.86376953125,1409.9329833984375,3037.73828125
1362.png,0,0,0,0.07659339904785156,1585.4703369140625,1775.5640869140625,1594.7977294921875,1791.3326416015625
1362.png,0,0,0,0.06509758532047272,1805.06201171875,618.5818481445312,1826.1142578125,633.1171264648438
1362.png,0,0,0,0.06271500140428543,611.1796264648438,244.7357635498047,627.2122802734375,262.37554931640625
1362.png,0,0,0,0.048485711216926575,2008.421875,899.7774658203125,2024.8978271484375,914.654052734375
1362.png,0,0,0,0.04313674941658974,1160.204345703125,439.0981140136719,1181.06298828125,455.8205261230469
1362.png,0,0,0,0.04177521541714668,1765.5838623046875,2842.005126953125,1785.1175537109375,2858.19189453125
1362.png,0,0,0,0.04035738483071327,943.4190673828125,449.9226379394531,965.0025634765625,486.6137390136719
1362.png,0,0,0,0.04030425474047661,1709.3717041015625,2874.34130859375,1733.4840087890625,2899.265869140625
1362.png,0,0,0,0.03898373246192932,729.301025390625,624.01025390625,763.7433471679688,645.7224731445312
1362.png,0,0,0,0.0353182852268219,1178.6710205078125,300.44244384765625,1210.6241455078125,331.4522399902344
1362.png,0,0,0,0.03294998034834862,2139.829345703125,2785.9072265625,2150.5458984375,2803.786865234375
1362.png,0,0,0,0.032456763088703156,1213.34814453125,385.0452880859375,1231.6756591796875,406.65692138671875
1362.png,0,0,0,0.030814072117209435,1408.87255859375,2888.70947265625,1433.7042236328125,2901.03173828125
1362.png,0,0,0,0.03004561923444271,1547.9525146484375,1125.101806640625,1566.782958984375,1140.052490234375
1362.png,0,0,0,0.029596056789159775,1236.8179931640625,346.4534912109375,1274.1075439453125,378.6052551269531
1362.png,0,0,0,0.029216881841421127,939.8089599609375,439.1365966796875,980.0431518554688,491.9372863769531
1362.png,0,0,0,0.028246823698282242,1011.636474609375,438.490478515625,1040.322509765625,453.3021240234375
1362.png,0,0,0,0.028121523559093475,1270.5882568359375,86.1226577758789,1291.7275390625,120.68913269042969
1362.png,0,0,0,0.025754934176802635,715.0386962890625,624.1123046875,732.1376953125,670.2642822265625
1362.png,0,0,0,0.02553417906165123,1545.364501953125,892.4263305664062,1567.5960693359375,912.2096557617188
1362.png,0,0,0,0.024863729253411293,1224.940673828125,1218.9608154296875,1250.509521484375,1236.8834228515625
1362.png,0,0,0,0.023891620337963104,444.3460388183594,1132.5123291015625,485.52294921875,1202.710205078125
1362.png,0,0,0,0.023550352081656456,633.4347534179688,621.5403442382812,670.3287353515625,649.8118286132812
1362.png,0,0,0,0.023286251351237297,1409.1619873046875,2888.903076171875,1456.1121826171875,2902.704345703125
1362.png,0,0,0,0.02318747341632843,1779.5234375,618.3662109375,1809.6759033203125,634.535400390625
1362.png,0,0,0,0.023047687485814095,2817.3564453125,1401.201416015625,2842.8388671875,1427.5369873046875
1362.png,0,0,0,0.022817783057689667,1268.9910888671875,69.3365478515625,1317.6759033203125,123.36869049072266
1362.png,0,0,0,0.022616958245635033,391.4189453125,711.785888671875,412.7008056640625,732.4388427734375
1362.png,0,0,0,0.022305477410554886,947.2725219726562,457.5753173828125,997.9168090820312,486.4440002441406
1362.png,0,0,0,0.022292865440249443,1270.6341552734375,69.30540466308594,1305.181884765625,117.24378204345703
1362.png,0,0,0,0.02210165001451969,305.6839294433594,708.9931030273438,346.7380065917969,746.6845703125
1362.png,0,0,0,0.02201857417821884,1178.6763916015625,303.2245788574219,1200.9451904296875,346.94696044921875
1362.png,0,0,0,0.021545058116316795,1656.8433837890625,2909.2900390625,1688.434814453125,2938.928955078125
1362.png,0,0,0,0.02141566574573517,1776.5953369140625,707.4409790039062,1795.883056640625,724.0548706054688
1362.png,0,0,0,0.021276317536830902,652.8924560546875,215.95785522460938,691.4596557617188,255.11166381835938
1362.png,0,0,0,0.021131956949830055,47.923126220703125,1178.642822265625,73.40802001953125,1219.6260986328125
1362.png,0,0,0,0.02045125886797905,1574.99609375,74.0361328125,1608.165283203125,115.73538208007812
1362.png,0,0,0,0.020414255559444427,2032.401123046875,947.2899780273438,2057.12744140625,962.1288452148438
1362.png,0,0,0,0.020225293934345245,1412.7432861328125,2380.58642578125,1456.482666015625,2405.363525390625
1362.png,0,0,0,0.01977888122200966,1502.1392822265625,23.07394790649414,1552.0447998046875,82.58783721923828
1362.png,0,0,0,0.019730551168322563,716.386962890625,623.9744873046875,758.0972900390625,649.8489990234375
1362.png,0,0,0,0.019551439210772514,2143.2197265625,2698.36376953125,2162.490966796875,2719.0400390625
1362.png,0,0,0,0.01922575943171978,943.2703857421875,1072.0516357421875,966.8992309570312,1092.326904296875
1362.png,0,0,0,0.019136805087327957,1946.305419921875,1021.0806274414062,1964.94189453125,1048.060791015625
1362.png,0,0,0,0.019035017117857933,791.2682495117188,2841.0322265625,808.9630126953125,2862.302001953125
1362.png,0,0,0,0.019003985449671745,1854.9515380859375,711.3295288085938,1872.269775390625,727.1934204101562
1362.png,0,0,0,0.01884658820927143,922.2178344726562,68.81072235107422,948.2874755859375,84.88805389404297
1362.png,0,0,0,0.018597764894366264,623.9005737304688,617.1192626953125,652.837890625,643.33154296875
1362.png,0,0,0,0.018583890050649643,946.0524291992188,1941.3671875,965.6162109375,1968.328369140625
1362.png,0,0,0,0.018505148589611053,760.5223388671875,992.1301879882812,784.8846435546875,1013.3622436523438
1362.png,0,0,0,0.018409887328743935,1889.2237548828125,1070.8026123046875,1918.34814453125,1092.5308837890625
1362.png,0,0,0,0.01838902197778225,988.8209228515625,569.5364990234375,1011.5814819335938,586.0286865234375
1362.png,0,0,0,0.018284613266587257,520.0089111328125,1142.823486328125,535.1315307617188,1188.481689453125
1362.png,0,0,0,0.018213288858532906,1872.0272216796875,1909.4512939453125,1896.864013671875,1932.9661865234375
1362.png,0,0,0,0.01820303313434124,299.77532958984375,707.4205322265625,321.1688537597656,734.6934814453125
1362.png,0,0,0,0.0181445125490427,2077.16015625,2657.00732421875,2103.33154296875,2673.34423828125
1362.png,0,0,0,0.018072132021188736,1347.5989990234375,2604.205322265625,1363.6522216796875,2627.625
1362.png,0,0,0,0.01805969886481762,1551.785888671875,69.21349334716797,1597.866943359375,117.32835388183594
1362.png,0,0,0,0.0180219653993845,2007.6304931640625,608.30712890625,2020.2947998046875,632.3079833984375
1362.png,0,0,0,0.017659669741988182,838.44189453125,15.086188316345215,856.197021484375,32.04532241821289
1362.png,0,0,0,0.017540616914629936,1405.39990234375,2472.200927734375,1423.2421875,2489.2119140625
1362.png,0,0,0,0.017448043450713158,153.23416137695312,943.013671875,176.15887451171875,993.9658203125
1362.png,0,0,0,0.017432190477848053,638.6672973632812,208.00733947753906,676.8751220703125,256.34283447265625
1362.png,0,0,0,0.01740322820842266,991.7323608398438,3019.833984375,1005.9570922851562,3043.946044921875
1362.png,0,0,0,0.017355259507894516,386.6894836425781,726.4613647460938,411.44927978515625,766.2748413085938
1362.png,0,0,0,0.017334192991256714,1225.9364013671875,1220.7623291015625,1271.2039794921875,1245.466796875
1362.png,0,0,0,0.01731683500111103,2829.576416015625,2654.802734375,2843.0771484375,2672.348388671875
1362.png,0,0,0,0.017015734687447548,531.0441284179688,1132.4609375,556.3577880859375,1184.7413330078125
1362.png,0,0,0,0.01697271130979061,2310.39501953125,1422.5130615234375,2335.7724609375,1457.3450927734375
1362.png,0,0,0,0.01688522845506668,2045.4039306640625,1122.9267578125,2059.0849609375,1142.172607421875
1362.png,0,0,0,0.016849715262651443,949.3671875,439.135986328125,1013.2838134765625,486.5477294921875
1362.png,0,0,0,0.01677757501602173,2009.5567626953125,920.88037109375,2029.0908203125,949.3689575195312
1362.png,0,0,0,0.016767077147960663,1955.762939453125,1766.448974609375,1967.1668701171875,1788.9400634765625
1362.png,0,0,0,0.016664110124111176,203.5390625,2966.685546875,218.7804412841797,2987.529541015625
1362.png,0,0,0,0.016633281484246254,1857.505615234375,759.261962890625,1873.8355712890625,775.6243896484375
1362.png,0,0,0,0.016456564888358116,1040.0406494140625,623.99462890625,1074.7562255859375,667.5282592773438
1362.png,0,0,0,0.01627027615904808,157.3103485107422,939.9424438476562,179.5201416015625,977.5626831054688
1362.png,0,0,0,0.016256004571914673,944.2963256835938,1990.1302490234375,963.8944702148438,2016.5552978515625
1362.png,0,0,0,0.016214998438954353,1554.0916748046875,2981.330322265625,1596.00634765625,2996.614990234375
1362.png,0,0,0,0.01620851270854473,1732.0302734375,2655.587158203125,1755.6943359375,2667.3388671875
1362.png,0,0,0,0.016156934201717377,1457.7099609375,762.6433715820312,1502.5272216796875,796.3274536132812
1362.png,0,0,0,0.0160207562148571,2029.207275390625,893.631591796875,2057.023681640625,913.0057983398438
1362.png,0,0,0,0.015600817278027534,1812.6722412109375,893.1542358398438,1826.2542724609375,911.4306030273438
1362.png,0,0,0,0.015308883972465992,1178.687255859375,300.461181640625,1224.996826171875,346.2554626464844
1362.png,0,0,0,0.015211126767098904,1963.1199951171875,660.7435302734375,1989.7218017578125,682.3217163085938
1362.png,0,0,0,0.015159747563302517,439.1220703125,1132.5101318359375,476.82305908203125,1183.03173828125
1362.png,0,0,0,0.014929242432117462,1630.0526123046875,869.2845458984375,1652.68896484375,902.0372924804688
1362.png,0,0,0,0.014854757115244865,1501.849365234375,50.735897064208984,1536.2042236328125,92.08291625976562
1362.png,0,0,0,0.014815645292401314,1847.31591796875,531.0703125,1882.9404296875,547.2398071289062
1362.png,0,0,0,0.01474825106561184,2561.616943359375,1257.8450927734375,2583.416015625,1287.3568115234375
1362.png,0,0,0,0.014455153606832027,2010.242431640625,2692.740966796875,2047.173828125,2722.9072265625
1362.png,0,0,0,0.014146566390991211,1408.8895263671875,2744.204345703125,1430.4659423828125,2759.049072265625
1362.png,0,0,0,0.014115981757640839,2055.58544921875,657.1878051757812,2076.703369140625,675.3726196289062
1362.png,0,0,0,0.014075229875743389,1355.187744140625,139.79318237304688,1388.4429931640625,174.85894775390625
1362.png,0,0,0,0.014070168137550354,1132.451904296875,439.1316223144531,1179.5364990234375,463.8367004394531
1362.png,0,0,0,0.013919438235461712,1085.2857666015625,475.51165771484375,1113.212890625,499.90838623046875
1362.png,0,0,0,0.013550321571528912,700.9743041992188,130.87295532226562,731.65771484375,168.4584503173828
1362.png,0,0,0,0.013535230420529842,1870.4605712890625,1903.9190673828125,1919.4091796875,1944.088134765625
1362.png,0,0,0,0.013444365933537483,2323.149658203125,1224.7071533203125,2342.54150390625,1266.790771484375
1362.png,0,0,0,0.013381398282945156,1425.7578125,854.767333984375,1456.42333984375,870.2970581054688
1362.png,0,0,0,0.013357673771679401,801.6702270507812,47.17325973510742,826.2738037109375,71.14701843261719
1362.png,0,0,0,0.013342887163162231,2195.114013671875,2572.959716796875,2214.505859375,2613.063720703125
1362.png,0,0,0,0.013308526016771793,1551.55029296875,1124.684326171875,1594.8001708984375,1144.01611328125
1362.png,0,0,0,0.013238945975899696,435.7972717285156,343.9144592285156,459.61175537109375,359.3336486816406
1362.png,0,0,0,0.013205698691308498,1175.9320068359375,387.81109619140625,1212.5950927734375,420.65496826171875
1362.png,0,0,0,0.01303180679678917,2328.5263671875,1228.4832763671875,2349.3056640625,1271.2852783203125
1362.png,0,0,0,0.012963850051164627,1867.6201171875,1079.4249267578125,1885.43798828125,1094.7816162109375
1362.png,0,0,0,0.012919597327709198,1794.1754150390625,2786.363037109375,1828.9564208984375,2830.6767578125
1362.png,0,0,0,0.012742135673761368,1270.9832763671875,2278.30419921875,1291.448974609375,2298.465576171875
1362.png,0,0,0,0.012737217359244823,2796.5478515625,1587.28662109375,2816.0263671875,1627.6536865234375
1362.png,0,0,0,0.012600138783454895,1588.1361083984375,945.6405029296875,1608.643798828125,961.3438110351562
1362.png,0,0,0,0.012582726776599884,1904.3072509765625,696.1922607421875,1918.677734375,722.5592041015625
1362.png,0,0,0,0.01250489428639412,762.662841796875,2837.236328125,780.8660278320312,2862.4111328125
1362.png,0,0,0,0.01246431190520525,1861.327880859375,561.3131713867188,1892.6490478515625,588.5864868164062
1362.png,0,0,0,0.01242097094655037,677.0003662109375,115.55943298339844,719.8264770507812,166.42282104492188
1362.png,0,0,0,0.012260635383427143,1731.9652099609375,3015.16943359375,1752.538818359375,3040.752685546875
1362.png,0,0,0,0.012157995253801346,618.7526245117188,1117.7374267578125,633.7374267578125,1144.8414306640625
1362.png,0,0,0,0.012141341343522072,2762.244873046875,1363.4632568359375,2796.6201171875,1408.2991943359375
1362.png,0,0,0,0.012083359993994236,2243.606689453125,439.1043701171875,2322.318115234375,457.54656982421875
1362.png,0,0,0,0.011963274329900742,1766.8951416015625,834.2194213867188,1779.9544677734375,856.3179931640625
1362.png,0,0,0,0.01191260851919651,1485.19921875,206.81101989746094,1510.687255859375,232.73388671875
1362.png,0,0,0,0.011904030106961727,153.7788543701172,945.4506225585938,208.06614685058594,983.6809692382812
1362.png,0,0,0,0.011889657005667686,2194.2978515625,762.5740356445312,2213.899169921875,796.4535522460938
1362.png,0,0,0,0.011831142008304596,1945.277587890625,816.748046875,1965.760986328125,855.2947387695312
1362.png,0,0,0,0.011691498570144176,1300.461669921875,2279.378662109375,1318.1240234375,2296.5927734375
1362.png,0,0,0,0.011685368604958057,1022.8954467773438,517.7918701171875,1040.938720703125,539.2748413085938
1362.png,0,0,0,0.011511473916471004,439.1365051269531,1141.98779296875,468.5556945800781,1186.1416015625
1362.png,0,0,0,0.0114503875374794,2195.479248046875,852.6375122070312,2224.3212890625,871.8551635742188
1362.png,0,0,0,0.011416002176702023,2332.679443359375,680.1817626953125,2352.673095703125,716.824462890625
1362.png,0,0,0,0.011215312406420708,514.5260620117188,523.7340087890625,542.0128173828125,548.1722412109375
1362.png,0,0,0,0.01119371596723795,1848.2698974609375,2888.1474609375,1874.212890625,2901.101806640625
1362.png,0,0,0,0.011163662187755108,1265.2374267578125,81.41699981689453,1321.2391357421875,121.21910095214844
1362.png,0,0,0,0.011114757508039474,2470.231201171875,1564.0780029296875,2492.216552734375,1595.7406005859375
1362.png,0,0,0,0.011066840961575508,1415.9287109375,2384.475341796875,1457.9552001953125,2426.863037109375
1362.png,0,0,0,0.010862068273127079,1547.2978515625,1021.4755249023438,1566.8441162109375,1041.8070068359375
1362.png,0,0,0,0.010861452668905258,764.8021850585938,577.5466918945312,809.2067260742188,601.947509765625
1362.png,0,0,0,0.010860725305974483,1947.96826171875,945.2937622070312,1964.8834228515625,961.3533935546875
1362.png,0,0,0,0.010832443833351135,1451.0556640625,945.0979614257812,1468.48876953125,962.2557983398438
1362.png,0,0,0,0.010783610865473747,1755.9609375,204.04690551757812,1797.8277587890625,229.14585876464844
1362.png,0,0,0,0.010655933991074562,1825.4669189453125,1162.2286376953125,1841.853271484375,1180.704345703125
1362.png,0,0,0,0.010648149065673351,2195.366455078125,2564.17041015625,2214.024169921875,2597.543701171875
1362.png,0,0,0,0.010516579262912273,375.1514587402344,764.3860473632812,396.0141296386719,808.9713134765625
1362.png,0,0,0,0.010461783036589622,2190.980712890625,766.7626953125,2212.012451171875,809.3128662109375
1362.png,0,0,0,0.010418309830129147,2842.03662109375,1685.770263671875,2860.251220703125,1705.1849365234375
1362.png,0,0,0,0.010397386737167835,84.3463363647461,2935.2529296875,129.68881225585938,2952.010986328125
1362.png,0,0,0,0.010278134606778622,2202.142578125,2750.38037109375,2242.143798828125,2791.373779296875
1362.png,0,0,0,0.010273396037518978,1538.9517822265625,1187.155517578125,1564.1851806640625,1225.0506591796875
1362.png,0,0,0,0.010249090380966663,3533.373291015625,6.208617687225342,3555.1416015625,25.48210906982422
1362.png,0,0,0,0.010153485462069511,2376.40869140625,484.7475280761719,2426.9033203125,511.88555908203125
1362.png,0,0,0,0.010150998830795288,1626.00048828125,1029.0191650390625,1641.2681884765625,1046.7291259765625
1362.png,0,0,0,0.010050741024315357,3442.27978515625,62.78400802612305,3462.679443359375,77.66938781738281
1362.png,0,0,0,0.009988109581172466,1243.8438720703125,1872.1087646484375,1287.9796142578125,1948.6527099609375
1362.png,0,0,0,0.009986025281250477,1947.332763671875,808.853515625,1968.81591796875,833.958984375
1362.png,0,0,0,0.009980130940675735,1729.10986328125,761.8679809570312,1757.663330078125,780.3779907226562
1362.png,0,0,0,0.009965168312191963,1181.952880859375,325.38092041015625,1225.0137939453125,348.7987365722656
1362.png,0,0,0,0.009952765889465809,1039.68798828125,624.0366821289062,1086.6041259765625,675.7327880859375
1362.png,0,0,0,0.009905234910547733,1609.1390380859375,2934.70556640625,1650.6741943359375,2968.4248046875
1362.png,0,0,0,0.009853270836174488,1913.26513671875,484.6527404785156,1948.1942138671875,501.9922180175781
1362.png,0,0,0,0.009847791865468025,2197.435302734375,855.13232421875,2243.255126953125,893.4266967773438
1362.png,0,0,0,0.009814092889428139,1090.400146484375,467.1962890625,1132.8250732421875,490.9284362792969
1362.png,0,0,0,0.009810058400034904,844.2562866210938,1868.834716796875,863.7302856445312,1884.8074951171875
1362.png,0,0,0,0.00978741142898798,1763.7420654296875,2676.212646484375,1793.638916015625,2704.615234375
1362.png,0,0,0,0.009785151109099388,404.7140197753906,622.969970703125,439.15484619140625,634.8153686523438
1362.png,0,0,0,0.009753110818564892,1033.7694091796875,3011.12109375,1059.570068359375,3038.72021484375
1362.png,0,0,0,0.009746490977704525,2439.91259765625,343.7367858886719,2473.273193359375,357.5855712890625
1362.png,0,0,0,0.009723740629851818,1446.4078369140625,2974.271484375,1477.344482421875,3005.962158203125
1362.png,0,0,0,0.009715070948004723,801.8961791992188,624.9569091796875,826.2135620117188,670.2882080078125
1362.png,0,0,0,0.009710827842354774,1871.6707763671875,1872.073974609375,1922.79248046875,1928.563720703125
1362.png,0,0,0,0.009670504368841648,1952.421142578125,760.4095458984375,1965.543212890625,775.6444702148438
1362.png,0,0,0,0.009661119431257248,316.1618957519531,713.7877807617188,347.1829833984375,762.7334594726562
1362.png,0,0,0,0.009641389362514019,311.9872131347656,670.2470703125,346.9348449707031,722.8641967773438
1362.png,0,0,0,0.00962828565388918,1617.532470703125,106.06742095947266,1641.4998779296875,138.58616638183594
1362.png,0,0,0,0.009619168937206268,1924.5186767578125,481.8297424316406,1964.7376708984375,498.30352783203125
1362.png,0,0,0,0.009562221355736256,437.4317932128906,2149.15966796875,485.4774475097656,2161.90869140625
1362.png,0,0,0,0.009537671692669392,2198.14599609375,759.95751953125,2241.921875,784.4242553710938
1362.png,0,0,0,0.009501110762357712,942.1806640625,1918.3338623046875,963.9907836914062,1965.643310546875
1362.png,0,0,0,0.00948970578610897,1680.30615234375,2878.988525390625,1708.43359375,2909.107421875
1362.png,0,0,0,0.00942662637680769,2006.65625,804.9600830078125,2029.76318359375,821.0403442382812
1362.png,0,0,0,0.009424329735338688,2287.982666015625,1409.2618408203125,2322.076416015625,1451.6505126953125
1362.png,0,0,0,0.009421205148100853,438.90985107421875,2148.18115234375,479.85784912109375,2158.031982421875
1362.png,0,0,0,0.009400264360010624,1539.1533203125,3001.17578125,1567.4564208984375,3031.26123046875
1362.png,0,0,0,0.009349598549306393,924.3779296875,1074.386474609375,993.9231567382812,1101.2979736328125
1362.png,0,0,0,0.009281390346586704,709.2042236328125,939.281005859375,734.0656127929688,959.8923950195312
1362.png,0,0,0,0.009275323711335659,2326.09716796875,465.8387451171875,2374.63232421875,486.6488342285156
1362.png,0,0,0,0.009224354289472103,1846.1326904296875,1158.4093017578125,1872.3338623046875,1179.520751953125
1362.png,0,0,0,0.009211010299623013,2062.140869140625,661.20361328125,2103.33056640625,685.0382080078125
1362.png,0,0,0,0.009209330193698406,1248.75537109375,2368.29833984375,1271.494140625,2388.77490234375
1362.png,0,0,0,0.009130416437983513,1534.145751953125,1178.6944580078125,1562.8056640625,1209.8851318359375
1362.png,0,0,0,0.009093218483030796,1854.4052734375,2559.67041015625,1872.6297607421875,2576.420166015625
1362.png,0,0,0,0.00906336773186922,1340.234130859375,2691.641357421875,1363.6468505859375,2713.72119140625
1362.png,0,0,0,0.009039424359798431,51.85438537597656,1184.3804931640625,83.82501983642578,1225.293212890625
1362.png,0,0,0,0.009035073220729828,1406.5159912109375,2388.015625,1425.021240234375,2426.920654296875
1362.png,0,0,0,0.009017594158649445,1871.6331787109375,991.3447875976562,1897.6607666015625,1008.2597045898438
1362.png,0,0,0,0.008978293277323246,2285.584228515625,439.0931396484375,2363.46875,460.8896484375
1362.png,0,0,0,0.008970829658210278,2453.276611328125,226.26846313476562,2473.3046875,255.6213836669922
1362.png,0,0,0,0.00896373949944973,2234.345947265625,475.6932678222656,2287.86962890625,486.4282531738281
1362.png,0,0,0,0.008963286876678467,380.0594787597656,2184.576171875,405.6163330078125,2234.4248046875
1362.png,0,0,0,0.008960673585534096,898.2080078125,2134.65283203125,924.4429931640625,2153.741455078125
1362.png,0,0,0,0.008931477554142475,1944.2525634765625,2749.741943359375,1968.72216796875,2787.345703125
1362.png,0,0,0,0.008924199268221855,1163.944091796875,987.73876953125,1179.549072265625,1023.4796142578125
1362.png,0,0,0,0.008914213627576828,2195.673583984375,2749.4912109375,2237.490966796875,2769.570556640625
1362.png,0,0,0,0.0088602090254426,1995.251708984375,696.095458984375,2027.509521484375,721.205810546875
1362.png,0,0,0,0.008852696046233177,611.9168090820312,142.8520050048828,642.43115234375,186.8914337158203
1362.png,0,0,0,0.008837818168103695,1040.0142822265625,626.5855102539062,1066.7777099609375,671.3049926757812
1362.png,0,0,0,0.008825537748634815,2838.17578125,1685.771240234375,2889.06591796875,1703.201171875
1362.png,0,0,0,0.008786788210272789,1363.5303955078125,3024.213623046875,1401.287109375,3047.281494140625
1362.png,0,0,0,0.00877413060516119,2884.91845703125,2676.904052734375,2907.608642578125,2706.2197265625
1362.png,0,0,0,0.00875899475067854,1738.2916259765625,762.0011596679688,1779.7259521484375,795.0648803710938
1362.png,0,0,0,0.0087583614513278,2087.2255859375,1394.53076171875,2104.37646484375,1422.7261962890625
1362.png,0,0,0,0.00875286478549242,752.5574951171875,993.5963134765625,812.8551635742188,1032.5545654296875
1362.png,0,0,0,0.008745727129280567,337.56103515625,791.00732421875,355.7863464355469,812.8544921875
1362.png,0,0,0,0.008715794421732426,1733.3873291015625,2841.9951171875,1781.3397216796875,2869.73828125
1362.png,0,0,0,0.008624866604804993,2021.76708984375,2703.71875,2067.479736328125,2727.084228515625
1362.png,0,0,0,0.008620774373412132,2096.799560546875,868.843017578125,2119.583740234375,903.0518798828125
1362.png,0,0,0,0.008557165041565895,277.6378479003906,467.3114318847656,301.9395446777344,493.96685791015625
1362.png,0,0,0,0.008521675132215023,1866.9437255859375,2723.333251953125,1891.3388671875,2760.888916015625
1362.png,0,0,0,0.008509918116033077,1823.847900390625,1132.46630859375,1845.0599365234375,1162.4019775390625
1362.png,0,0,0,0.00850862730294466,1917.4818115234375,808.1090698242188,1937.197509765625,829.291748046875
1362.png,0,0,0,0.008508027531206608,1726.6192626953125,97.53739929199219,1751.7501220703125,119.49142456054688
1362.png,0,0,0,0.008460789918899536,2089.18408203125,1685.4339599609375,2117.94921875,1723.696044921875
1362.png,0,0,0,0.008451647125184536,2091.5458984375,2795.932861328125,2109.559814453125,2813.724853515625
1362.png,0,0,0,0.008445635437965393,1014.8154296875,571.1769409179688,1041.2557373046875,589.5839233398438
1362.png,0,0,0,0.008433089591562748,1407.7735595703125,2326.646728515625,1434.0198974609375,2343.009765625
1362.png,0,0,0,0.008395973592996597,1445.406494140625,229.8026885986328,1484.813232421875,260.77374267578125
1362.png,0,0,0,0.00830783136188984,189.49195861816406,1224.3204345703125,214.97862243652344,1244.03173828125
1362.png,0,0,0,0.008219541050493717,2149.1123046875,569.6538696289062,2183.304443359375,585.8743286132812
1362.png,0,0,0,0.00816343817859888,1478.093994140625,149.74786376953125,1502.69580078125,172.33824157714844
1362.png,0,0,0,0.008111562579870224,1518.861572265625,229.10044860839844,1548.826416015625,263.17919921875
1362.png,0,0,0,0.008103014901280403,1442.8580322265625,983.4495849609375,1459.5301513671875,1004.5562744140625
1362.png,0,0,0,0.0080428970977664,2237.70361328125,458.50640869140625,2309.27294921875,485.9151306152344
1362.png,0,0,0,0.008002199232578278,1308.507568359375,852.9131469726562,1347.871337890625,868.5367431640625
1362.png,0,0,0,0.007982997223734856,1592.9693603515625,855.1122436523438,1626.186767578125,899.1115112304688
1362.png,0,0,0,0.007968720048666,1771.2706298828125,577.5074462890625,1809.30078125,620.6700439453125
1362.png,0,0,0,0.007929237559437752,712.104248046875,623.9365844726562,762.83203125,670.2640991210938
1362.png,0,0,0,0.007929110899567604,1823.505859375,2740.748779296875,1846.7584228515625,2770.61767578125
1362.png,0,0,0,0.0078032370656728745,564.6182861328125,294.5402526855469,590.9964599609375,312.63922119140625
1362.png,0,0,0,0.007801990024745464,973.501708984375,1993.2481689453125,994.0457153320312,2014.6876220703125
1362.png,0,0,0,0.007800775580108166,264.2947998046875,670.250732421875,310.4306640625,717.3546142578125
1362.png,0,0,0,0.0077962810173630714,1949.3660888671875,2775.995361328125,1979.193115234375,2803.25537109375
1362.png,0,0,0,0.007763738743960857,948.4841918945312,204.5537872314453,993.90771484375,222.8377227783203
1362.png,0,0,0,0.00776225421577692,1481.303955078125,946.9047241210938,1502.630859375,962.2308349609375
1362.png,0,0,0,0.007759453263133764,558.3526611328125,2184.142578125,578.9591064453125,2207.412353515625
1362.png,0,0,0,0.007730375975370407,1224.7186279296875,2368.847900390625,1253.4974365234375,2390.833740234375
1362.png,0,0,0,0.007719107437878847,1315.2652587890625,2354.912841796875,1335.9111328125,2382.008056640625
1362.png,0,0,0,0.007713809609413147,1642.3487548828125,662.2059326171875,1687.6292724609375,688.4384765625
1362.png,0,0,0,0.0077035678550601006,2200.6982421875,2589.217041015625,2242.0400390625,2614.0390625
1362.png,0,0,0,0.007675423752516508,1233.334228515625,299.7608642578125,1278.3768310546875,339.25604248046875
1362.png,0,0,0,0.0076662092469632626,1899.788330078125,989.3275146484375,1918.47900390625,1012.7136840820312
1362.png,0,0,0,0.007636227644979954,1824.73779296875,2888.810302734375,1863.1793212890625,2919.27197265625
1362.png,0,0,0,0.007633366622030735,1501.3065185546875,970.8013305664062,1523.774658203125,996.7192993164062
1362.png,0,0,0,0.007630740758031607,3535.246826171875,420.8569030761719,3555.55908203125,443.1754455566406
1362.png,0,0,0,0.0075675118714571,1825.1209716796875,710.1884765625,1855.1778564453125,727.7391967773438
1362.png,0,0,0,0.007518963422626257,2293.302490234375,1409.8515625,2335.05517578125,1458.92822265625
1362.png,0,0,0,0.007514509838074446,1543.5382080078125,933.0693969726562,1566.19921875,951.8904418945312
1362.png,0,0,0,0.007483361288905144,1603.8157958984375,2939.9296875,1646.08740234375,2981.770263671875
1362.png,0,0,0,0.0074805100448429585,2090.839111328125,754.5018310546875,2111.8701171875,779.1117553710938
1362.png,0,0,0,0.007462529465556145,2527.0751953125,1544.2891845703125,2565.52734375,1562.3409423828125
1362.png,0,0,0,0.007458704989403486,1408.1527099609375,234.70779418945312,1449.9443359375,257.4203796386719
1362.png,0,0,0,0.007450822740793228,1816.4725341796875,806.6802368164062,1826.975830078125,823.802978515625
1362.png,0,0,0,0.007444622460752726,1320.27001953125,850.1539306640625,1363.7845458984375,868.5585327148438
1362.png,0,0,0,0.0074311536736786366,1538.9879150390625,68.8132553100586,1594.50927734375,119.30193328857422
1362.png,0,0,0,0.007424881681799889,1403.279052734375,2885.391357421875,1428.5068359375,2935.330078125
1362.png,0,0,0,0.007421579677611589,1825.42578125,531.3740844726562,1881.9974365234375,573.3014526367188
1362.png,0,0,0,0.007392285857349634,755.4046630859375,988.9586181640625,786.6558837890625,1040.0692138671875
1362.png,0,0,0,0.007391432300209999,1855.9813232421875,1224.8818359375,1872.70068359375,1251.1405029296875
1362.png,0,0,0,0.007386532612144947,3395.6064453125,1263.7344970703125,3417.303466796875,1283.6458740234375
1362.png,0,0,0,0.007375761400908232,1915.138427734375,3022.569091796875,1936.792236328125,3045.82763671875
1362.png,0,0,0,0.007374096661806107,800.019775390625,23.027362823486328,832.9678955078125,62.34204864501953
1362.png,0,0,0,0.007347161881625652,2731.3681640625,1623.171142578125,2750.602783203125,1650.63916015625
1362.png,0,0,0,0.007342176977545023,714.3309326171875,207.98622131347656,763.0321044921875,245.1605987548828
1362.png,0,0,0,0.00734082842245698,3258.599365234375,1178.5794677734375,3280.205078125,1218.17431640625
1362.png,0,0,0,0.007303745951503515,2400.26904296875,1407.678466796875,2432.32958984375,1426.13427734375
1362.png,0,0,0,0.0072977980598807335,2305.9072265625,613.7774047851562,2334.428466796875,633.0655517578125
1362.png,0,0,0,0.007280790712684393,3199.584716796875,1217.12841796875,3214.805908203125,1244.5755615234375
1362.png,0,0,0,0.007262866944074631,643.1219482421875,577.1168212890625,679.8109741210938,613.2505493164062
1362.png,0,0,0,0.007259075995534658,1397.9249267578125,160.79635620117188,1437.397705078125,190.90545654296875
1362.png,0,0,0,0.007249017711728811,67.88422393798828,855.0302124023438,97.41685485839844,897.814208984375
1362.png,0,0,0,0.0072478619404137135,1480.7890625,2268.435302734375,1502.7349853515625,2291.559814453125
1362.png,0,0,0,0.007231226656585932,838.4803466796875,2094.54150390625,855.566650390625,2117.1376953125
1362.png,0,0,0,0.007218613289296627,2134.856689453125,848.3043212890625,2153.990966796875,868.910400390625
1362.png,0,0,0,0.0072111086919903755,616.9603271484375,207.6638641357422,671.4130859375,267.99810791015625
1362.png,0,0,0,0.007158398162573576,760.4423217773438,2783.0947265625,779.4434204101562,2799.805419921875
1362.png,0,0,0,0.007152131292968988,2164.03955078125,428.7442626953125,2217.600830078125,441.065185546875
1362.png,0,0,0,0.007151630241423845,2158.3857421875,574.8251342773438,2195.72900390625,588.9825439453125
1362.png,0,0,0,0.007131506688892841,1562.1578369140625,890.754150390625,1595.196533203125,910.980224609375
1362.png,0,0,0,0.007123553194105625,531.5380859375,2184.502197265625,563.8160400390625,2207.632080078125
1362.png,0,0,0,0.007115972228348255,2088.699951171875,854.6884765625,2110.804931640625,878.0219116210938
1362.png,0,0,0,0.007108621299266815,653.8289794921875,833.4984130859375,671.17578125,857.731689453125
1362.png,0,0,0,0.007108365185558796,723.1068115234375,2981.202392578125,762.8189086914062,2993.46337890625
1362.png,0,0,0,0.00710715726017952,1040.807373046875,637.1558837890625,1092.423583984375,675.4816284179688
1362.png,0,0,0,0.007094459608197212,2050.88525390625,855.0450439453125,2068.70068359375,894.6647338867188
1362.png,0,0,0,0.007088718004524708,1452.4923095703125,2935.21826171875,1509.615478515625,2981.1259765625
1362.png,0,0,0,0.007062126882374287,14.261470794677734,852.9993896484375,34.8470458984375,872.4571533203125
1362.png,0,0,0,0.007052847184240818,1853.841064453125,2704.15185546875,1885.5169677734375,2756.92724609375
1362.png,0,0,0,0.007032879628241062,697.7263793945312,2512.517333984375,716.8651123046875,2542.596923828125
1362.png,0,0,0,0.007015232462435961,3664.17333984375,61.697723388671875,3689.20703125,88.16101837158203
1362.png,0,0,0,0.007014173083007336,1617.8167724609375,123.10989379882812,1641.8109130859375,162.04307556152344
1362.png,0,0,0,0.006994608789682388,1884.6488037109375,2731.078369140625,1918.3885498046875,2760.3837890625
1362.png,0,0,0,0.006984242703765631,1119.183837890625,287.4328918457031,1144.724853515625,311.65460205078125
1362.png,0,0,0,0.00694449245929718,1607.65283203125,855.1194458007812,1646.03515625,899.9288330078125
1362.png,0,0,0,0.006894376594573259,2370.645263671875,1489.524169921875,2400.318359375,1520.2662353515625
1362.png,0,0,0,0.0068762702867388725,294.48712158203125,698.6494750976562,333.2474365234375,762.7174072265625
1362.png,0,0,0,0.006876120809465647,119.55347442626953,715.3255004882812,161.95408630371094,731.3328247070312
1362.png,0,0,0,0.006864145398139954,3200.05419921875,69.166015625,3236.52001953125,103.1292724609375
1362.png,0,0,0,0.00685653043910861,609.3773193359375,1999.8092041015625,624.5303955078125,2028.1285400390625
1362.png,0,0,0,0.00685257650911808,3118.617919921875,1126.0032958984375,3138.41552734375,1150.2196044921875
1362.png,0,0,0,0.006848176941275597,1775.53125,1069.1214599609375,1792.4234619140625,1091.562255859375
1362.png,0,0,0,0.006845304276794195,1969.2603759765625,669.816162109375,2011.1700439453125,702.802490234375
1362.png,0,0,0,0.006828390061855316,2695.13916015625,1178.0443115234375,2717.65380859375,1226.603271484375
1362.png,0,0,0,0.006825264077633619,483.2098083496094,599.0380249023438,505.297607421875,624.77685546875
1362.png,0,0,0,0.006805197801440954,1548.5074462890625,2981.14453125,1602.23095703125,3002.5283203125
1362.png,0,0,0,0.006801427807658911,1490.5992431640625,110.47251892089844,1538.591796875,157.96389770507812
1362.png,0,0,0,0.006793206557631493,1397.7884521484375,895.927734375,1426.476318359375,917.9307250976562
1362.png,0,0,0,0.00679013691842556,2224.357666015625,2774.466552734375,2256.666259765625,2802.904296875
1362.png,0,0,0,0.006765481550246477,1213.430419921875,362.5113830566406,1277.4898681640625,409.132080078125
1362.png,0,0,0,0.006759299896657467,1215.94970703125,1586.291015625,1233.4554443359375,1620.646240234375
1362.png,0,0,0,0.006753661669790745,1821.61767578125,1024.775634765625,1843.8731689453125,1049.0054931640625
1362.png,0,0,0,0.006738612428307533,789.2001953125,621.7006225585938,826.9696044921875,647.1082153320312
1362.png,0,0,0,0.006727132946252823,1312.739990234375,2011.0604248046875,1332.888671875,2057.339111328125
1362.png,0,0,0,0.006713755428791046,1529.0853271484375,158.0102081298828,1552.2901611328125,176.2930908203125
1362.png,0,0,0,0.006707655265927315,536.697021484375,1131.968994140625,577.8472900390625,1162.252197265625
1362.png,0,0,0,0.006683999672532082,1772.232421875,665.59033203125,1800.71533203125,701.9759521484375
1362.png,0,0,0,0.00667567178606987,1666.37646484375,945.4273071289062,1688.6043701171875,959.5488891601562
1362.png,0,0,0,0.006623015273362398,1624.5555419921875,1245.193359375,1660.055908203125,1271.7967529296875
1362.png,0,0,0,0.006613528355956078,1258.962158203125,104.05152130126953,1292.1668701171875,162.28575134277344
1362.png,0,0,0,0.006607603747397661,1418.3892822265625,2315.497802734375,1458.5826416015625,2339.69873046875
1362.png,0,0,0,0.006602413486689329,3057.591796875,67.49793243408203,3074.405029296875,94.93463897705078
1362.png,0,0,0,0.0065955896861851215,710.7304077148438,148.37991333007812,762.7279663085938,182.33023071289062
1362.png,0,0,0,0.006592681631445885,1875.5999755859375,2704.047119140625,1918.5367431640625,2753.685302734375
1362.png,0,0,0,0.0065844422206282616,2039.9478759765625,958.2337646484375,2057.77734375,994.0423583984375
1362.png,0,0,0,0.00655761081725359,658.0283203125,1163.2965087890625,685.2659912109375,1187.324951171875
1362.png,0,0,0,0.006543243303894997,620.5939331054688,577.671875,653.0736694335938,631.6088256835938
1399.png,0,0,0,0.03900401294231415,2563.776123046875,1131.079833984375,2573.67333984375,1151.42822265625
1399.png,0,0,0,0.03728165850043297,3220.3251953125,1866.2808837890625,3232.34423828125,1886.8118896484375
1399.png,0,0,0,0.036770161241292953,2681.833984375,1791.4000244140625,2697.0146484375,1807.306884765625
1399.png,0,0,0,0.034835003316402435,2433.6689453125,1415.204833984375,2450.036865234375,1437.10888671875
1399.png,0,0,0,0.033571600914001465,2779.248291015625,1955.974853515625,2804.92236328125,1974.8345947265625
1399.png,0,0,0,0.03337572142481804,2546.3544921875,2076.734130859375,2573.58740234375,2099.63671875
1399.png,0,0,0,0.03220032528042793,2778.6044921875,2563.369140625,2798.557861328125,2589.22216796875
1399.png,0,0,0,0.03196883201599121,48.860816955566406,2699.957763671875,66.83064270019531,2717.59228515625
1399.png,0,0,0,0.03008045069873333,219.3937530517578,2649.796142578125,242.35064697265625,2672.635498046875
1399.png,0,0,0,0.025481460615992546,2037.50439453125,760.2506713867188,2054.742431640625,778.3095092773438
1399.png,0,0,0,0.025265926495194435,2532.240234375,2078.886962890625,2556.292236328125,2101.03076171875
1399.png,0,0,0,0.024433692917227745,31.776716232299805,2019.902587890625,61.85133361816406,2054.19140625
1399.png,0,0,0,0.02430891804397106,2471.60546875,1372.13037109375,2504.739013671875,1402.82373046875
1399.png,0,0,0,0.02265768125653267,2849.299072265625,2510.763427734375,2880.15966796875,2549.1357421875
1399.png,0,0,0,0.022113485261797905,2733.860107421875,1014.5453491210938,2750.8125,1055.162109375
1399.png,0,0,0,0.02205190621316433,3067.453369140625,1091.013427734375,3088.513916015625,1109.1412353515625
1399.png,0,0,0,0.02204924263060093,2045.8582763671875,757.094970703125,2079.34521484375,777.6736450195312
1399.png,0,0,0,0.02187257446348667,417.44842529296875,2381.497314453125,448.4814758300781,2414.49072265625
1399.png,0,0,0,0.02167419157922268,2880.00830078125,1869.5308837890625,2902.99072265625,1889.4398193359375
1399.png,0,0,0,0.02149272710084915,2475.6943359375,1624.871337890625,2491.20751953125,1642.9896240234375
1399.png,0,0,0,0.02135482244193554,2284.69140625,1218.629150390625,2301.8955078125,1236.540771484375
1399.png,0,0,0,0.021322717890143394,489.1107482910156,2158.420654296875,514.706787109375,2175.17236328125
1399.png,0,0,0,0.020942652598023415,113.2645492553711,1698.703369140625,144.1679229736328,1720.8160400390625
1399.png,0,0,0,0.020132701843976974,2583.697509765625,1049.12060546875,2614.63818359375,1081.78173828125
1399.png,0,0,0,0.01993671990931034,2844.57763671875,1919.316162109375,2862.582275390625,1946.1993408203125
1399.png,0,0,0,0.01988336630165577,551.3133544921875,2113.1904296875,573.9617919921875,2157.31787109375
1399.png,0,0,0,0.01908782683312893,1707.221435546875,1002.0185546875,1725.984130859375,1028.3341064453125
1399.png,0,0,0,0.018953975290060043,2303.143798828125,1327.4261474609375,2326.470703125,1353.3270263671875
1399.png,0,0,0,0.018809249624609947,10.016130447387695,2737.692626953125,21.05980682373047,2754.333251953125
1399.png,0,0,0,0.01788940839469433,2734.639892578125,1411.648681640625,2750.478759765625,1441.5150146484375
1399.png,0,0,0,0.017551399767398834,3216.18798828125,1710.4434814453125,3232.41650390625,1728.691162109375
1399.png,0,0,0,0.01752317138016224,2323.52001953125,2139.427734375,2343.062744140625,2171.091796875
1399.png,0,0,0,0.017515620216727257,2243.64697265625,1328.750244140625,2266.991455078125,1360.0181884765625
1399.png,0,0,0,0.017513085156679153,3147.444091796875,2866.4619140625,3202.75537109375,2904.3974609375
1399.png,0,0,0,0.01750452071428299,77.71986389160156,1783.9376220703125,102.99015808105469,1811.439697265625
1399.png,0,0,0,0.017158187925815582,2774.40673828125,1427.2691650390625,2794.248046875,1466.93505859375
1399.png,0,0,0,0.01706375926733017,2802.8642578125,2702.063232421875,2824.3212890625,2740.557373046875
1399.png,0,0,0,0.01693500205874443,2820.305908203125,2011.9163818359375,2838.627685546875,2044.6007080078125
1399.png,0,0,0,0.016703035682439804,181.8282012939453,2587.177490234375,199.04725646972656,2620.314208984375
1399.png,0,0,0,0.01669524610042572,199.25291442871094,2937.79931640625,226.49972534179688,2959.060302734375
1399.png,0,0,0,0.015856564044952393,2790.172607421875,1953.4354248046875,2820.509765625,1973.9053955078125
1399.png,0,0,0,0.015822742134332657,2161.167236328125,855.4159545898438,2181.07568359375,892.4196166992188
1399.png,0,0,0,0.015518123283982277,308.76593017578125,2403.920166015625,337.8857116699219,2425.380859375
1399.png,0,0,0,0.015392201952636242,2766.4970703125,1424.7098388671875,2790.933349609375,1461.3009033203125
1399.png,0,0,0,0.015361546538770199,1698.7816162109375,844.4058837890625,1719.4180908203125,864.5116577148438
1399.png,0,0,0,0.015276994556188583,2680.331298828125,2764.33056640625,2697.949462890625,2794.59716796875
1399.png,0,0,0,0.015256945043802261,2183.6318359375,1377.71533203125,2203.44580078125,1406.462890625
1399.png,0,0,0,0.015250162221491337,2612.32177734375,2165.483642578125,2632.120849609375,2204.234619140625
1399.png,0,0,0,0.015138013288378716,3149.753662109375,2404.31494140625,3172.636962890625,2435.667724609375
1399.png,0,0,0,0.015131310559809208,3215.48046875,1295.30322265625,3232.290771484375,1320.81201171875
1399.png,0,0,0,0.015130173414945602,2118.5537109375,1290.7020263671875,2141.179443359375,1316.456787109375
1399.png,0,0,0,0.014952689409255981,2156.909912109375,848.2802124023438,2176.87353515625,884.6484375
1399.png,0,0,0,0.014802636578679085,1563.2275390625,911.4889526367188,1585.312255859375,933.0429077148438
1399.png,0,0,0,0.014687304385006428,2848.031494140625,2410.3603515625,2878.283203125,2435.823974609375
1399.png,0,0,0,0.014558320865035057,2243.767578125,1732.99755859375,2263.71923828125,1758.8946533203125
1399.png,0,0,0,0.01454662811011076,2036.8878173828125,830.0056762695312,2056.664794921875,852.4578857421875
1399.png,0,0,0,0.0144732054322958,3025.647705078125,2233.6123046875,3044.775146484375,2256.963623046875
1399.png,0,0,0,0.014444395899772644,2532.148193359375,1949.7762451171875,2551.94091796875,1976.8746337890625
1399.png,0,0,0,0.014417669735848904,2062.148681640625,1784.6094970703125,2079.57275390625,1808.6116943359375
1399.png,0,0,0,0.014413658529520035,2048.4931640625,1328.7421875,2079.383056640625,1356.7166748046875
1399.png,0,0,0,0.014404448680579662,92.60272979736328,1952.139404296875,118.00627899169922,1989.9229736328125
1399.png,0,0,0,0.014353609643876553,184.28021240234375,2520.400146484375,205.34657287597656,2547.361083984375
1399.png,0,0,0,0.014116546139121056,2315.981201171875,2332.402099609375,2338.1220703125,2372.73828125
1399.png,0,0,0,0.014031720347702503,2584.100830078125,2040.6998291015625,2616.864501953125,2067.31884765625
1399.png,0,0,0,0.014025905169546604,2902.697265625,1010.187744140625,2926.07177734375,1051.91162109375
1399.png,0,0,0,0.01390983909368515,2478.063232421875,1944.5999755859375,2493.36865234375,1971.710693359375
1399.png,0,0,0,0.013888129964470863,3145.729736328125,2518.921630859375,3168.7919921875,2550.43994140625
1399.png,0,0,0,0.013781624846160412,3185.392822265625,1808.4989013671875,3202.099365234375,1839.527099609375
1399.png,0,0,0,0.01375865563750267,2722.644287109375,2818.358154296875,2747.36962890625,2860.0439453125
1399.png,0,0,0,0.013442153111100197,2332.037353515625,2123.079833984375,2367.591552734375,2145.64404296875
1399.png,0,0,0,0.013350719586014748,2696.2607421875,2494.810791015625,2722.13818359375,2521.129150390625
1399.png,0,0,0,0.013327059336006641,3216.10498046875,1377.1566162109375,3232.353759765625,1414.2254638671875
1399.png,0,0,0,0.013295200653374195,3014.87109375,2762.8759765625,3042.68896484375,2795.986328125
1399.png,0,0,0,0.013088628649711609,12.474798202514648,2815.064208984375,32.14707946777344,2838.57568359375
1399.png,0,0,0,0.013065041974186897,2034.3292236328125,1293.5562744140625,2055.259033203125,1321.6854248046875
1399.png,0,0,0,0.0128414835780859,2808.3994140625,2705.820068359375,2834.533203125,2743.5947265625
1399.png,0,0,0,0.012754899449646473,2037.6796875,839.6878051757812,2079.356689453125,859.928466796875
1399.png,0,0,0,0.012691999785602093,2861.6337890625,2084.39453125,2888.935791015625,2123.902587890625
1399.png,0,0,0,0.012650695629417896,2318.841552734375,1088.0751953125,2340.690673828125,1115.2257080078125
1399.png,0,0,0,0.012648211792111397,1945.1768798828125,1409.087158203125,1978.5740966796875,1437.2510986328125
1399.png,0,0,0,0.0125968586653471,2696.969482421875,2495.762451171875,2738.229248046875,2527.99951171875
1399.png,0,0,0,0.012511455453932285,2304.933349609375,1002.3273315429688,2326.471435546875,1042.1676025390625
1399.png,0,0,0,0.012466666288673878,3063.234375,1549.05224609375,3083.980224609375,1576.147216796875
1399.png,0,0,0,0.012463062070310116,2153.625732421875,796.9015502929688,2178.549560546875,818.28759765625
1399.png,0,0,0,0.012398997321724892,2799.345458984375,2309.28759765625,2834.0625,2335.458251953125
1399.png,0,0,0,0.01237888727337122,147.24462890625,1888.195068359375,185.40977478027344,1922.4246826171875
1399.png,0,0,0,0.01222716923803091,3067.327880859375,2555.453125,3092.161376953125,2586.896728515625
1399.png,0,0,0,0.012181945145130157,2706.284912109375,1836.4215087890625,2738.29833984375,1858.5986328125
1399.png,0,0,0,0.012102089822292328,590.9029541015625,1948.477783203125,613.0961303710938,1976.33544921875
1399.png,0,0,0,0.012036665342748165,2736.3935546875,1010.3600463867188,2753.658203125,1038.3665771484375
1399.png,0,0,0,0.01193330343812704,2778.892333984375,1826.039794921875,2803.364501953125,1845.2998046875
1399.png,0,0,0,0.01172820758074522,209.95077514648438,2578.4345703125,244.6738739013672,2610.084228515625
1399.png,0,0,0,0.01170312613248825,333.69171142578125,1978.5982666015625,368.38848876953125,2012.0128173828125
1399.png,0,0,0,0.011538755148649216,2198.38671875,1255.34130859375,2227.455810546875,1277.230224609375
1399.png,0,0,0,0.011425165459513664,2489.982421875,1166.9715576171875,2517.943359375,1194.548095703125
1399.png,0,0,0,0.011419129557907581,2468.657958984375,2584.321044921875,2493.609130859375,2622.69140625
1399.png,0,0,0,0.011389615014195442,1586.548828125,1089.0938720703125,1629.2197265625,1112.6292724609375
1399.png,0,0,0,0.011372018605470657,1973.3330078125,1531.896484375,1998.7054443359375,1559.461669921875
1399.png,0,0,0,0.011346046812832355,305.8813171386719,1868.5196533203125,325.9190979003906,1898.089599609375
1399.png,0,0,0,0.011333515867590904,361.4323425292969,2418.756591796875,391.7289733886719,2455.258544921875
1399.png,0,0,0,0.011303107254207134,2542.40673828125,1956.363525390625,2573.61767578125,1991.6131591796875
1399.png,0,0,0,0.011297034099698067,540.897216796875,2191.325439453125,556.7701416015625,2217.142578125
1399.png,0,0,0,0.011164909228682518,2968.617919921875,2681.3623046875,3007.776123046875,2717.019775390625
1399.png,0,0,0,0.011152997612953186,3185.71826171875,2194.572021484375,3215.498779296875,2220.383544921875
1399.png,0,0,0,0.011061211116611958,2861.64892578125,2085.88330078125,2881.99951171875,2128.3896484375
1399.png,0,0,0,0.01101707760244608,298.9957275390625,2229.394775390625,319.5273132324219,2256.371337890625
1399.png,0,0,0,0.011016687378287315,3023.9501953125,1447.9173583984375,3043.933349609375,1477.9912109375
1399.png,0,0,0,0.010836804285645485,2883.42236328125,1989.4151611328125,2903.40673828125,2018.91796875
1399.png,0,0,0,0.010792689397931099,2643.993896484375,1695.562255859375,2675.004638671875,1732.7718505859375
1399.png,0,0,0,0.010677414946258068,2572.724609375,1046.2601318359375,2594.149169921875,1080.449462890625
1399.png,0,0,0,0.010673224925994873,3258.78515625,2242.150634765625,3280.795166015625,2288.83203125
1399.png,0,0,0,0.010654284618794918,378.2220458984375,2149.85498046875,393.8244323730469,2169.15966796875
1399.png,0,0,0,0.010537738911807537,2813.122314453125,1365.7877197265625,2829.786865234375,1396.354736328125
1399.png,0,0,0,0.010533875785768032,8.004402160644531,1889.3084716796875,36.62080764770508,1924.5396728515625
1399.png,0,0,0,0.010502452030777931,2779.085693359375,2937.494140625,2808.35595703125,2951.5185546875
1399.png,0,0,0,0.010480117052793503,3066.005615234375,1552.0985107421875,3083.14404296875,1590.6431884765625
1399.png,0,0,0,0.0104704350233078,355.2917175292969,2331.525634765625,406.7520446777344,2372.20166015625
1399.png,0,0,0,0.01046941801905632,2278.259033203125,2296.8896484375,2297.102294921875,2332.067138671875
1399.png,0,0,0,0.010418063029646873,3092.52978515625,2618.804931640625,3124.128662109375,2653.66064453125
1399.png,0,0,0,0.010378210805356503,2863.50341796875,2084.46044921875,2902.840576171875,2127.208740234375
1399.png,0,0,0,0.010310621000826359,2284.836181640625,1016.2188110351562,2308.91796875,1058.7347412109375
1399.png,0,0,0,0.010250589810311794,61.54307174682617,2492.0283203125,88.21849060058594,2534.80615234375
1399.png,0,0,0,0.010127964429557323,3137.539794921875,2866.582275390625,3188.931884765625,2909.4775390625
1399.png,0,0,0,0.010068676434457302,2730.068359375,2324.865234375,2762.844482421875,2350.020263671875
1399.png,0,0,0,0.010011718608438969,2812.412841796875,2906.96337890625,2861.688232421875,2928.18408203125
1399.png,0,0,0,0.009917275048792362,349.8270568847656,2331.502685546875,398.2513732910156,2384.53271484375
1399.png,0,0,0,0.009909724816679955,2808.943359375,2907.86181640625,2835.80615234375,2932.98046875
1399.png,0,0,0,0.009875942952930927,543.1063232421875,2121.02734375,566.2357788085938,2166.885009765625
1399.png,0,0,0,0.009864455088973045,3021.393310546875,1897.009765625,3044.40478515625,1923.599609375
1399.png,0,0,0,0.00985495001077652,2530.9677734375,1585.8271484375,2561.323974609375,1627.419921875
1399.png,0,0,0,0.009837813675403595,8.669909477233887,1878.188720703125,32.86780548095703,1910.898193359375
1399.png,0,0,0,0.00982944667339325,20.515281677246094,2032.4571533203125,40.50606155395508,2060.743408203125
1399.png,0,0,0,0.009802774526178837,3074.62939453125,2568.51806640625,3108.83251953125,2598.361083984375
1399.png,0,0,0,0.009786578826606274,2261.13671875,1740.42529296875,2285.3857421875,1764.48779296875
1399.png,0,0,0,0.009779972955584526,3148.73388671875,1871.3909912109375,3168.3564453125,1898.323486328125
1399.png,0,0,0,0.009742201305925846,3067.13525390625,2610.462646484375,3115.060546875,2649.39599609375
1399.png,0,0,0,0.009720789268612862,221.99298095703125,2101.482666015625,244.55548095703125,2130.812744140625
1399.png,0,0,0,0.009718975983560085,2026.31689453125,1347.326416015625,2051.529052734375,1384.7022705078125
1399.png,0,0,0,0.009644021280109882,1990.0506591796875,875.8806762695312,2013.80908203125,898.9338989257812
1399.png,0,0,0,0.0096410708501935,1955.7659912109375,1517.1788330078125,1981.64111328125,1554.3121337890625
1399.png,0,0,0,0.009593581780791283,2372.326171875,1919.728759765625,2413.34033203125,1979.6632080078125
1399.png,0,0,0,0.009577280841767788,1855.2125244140625,873.0265502929688,1876.20458984375,900.229248046875
1399.png,0,0,0,0.00954447966068983,2758.65771484375,1377.3466796875,2779.5625,1400.178955078125
1399.png,0,0,0,0.009497799910604954,3259.2724609375,2251.172607421875,3277.28271484375,2290.71533203125
1399.png,0,0,0,0.009495969861745834,568.7828369140625,2229.9814453125,614.8279418945312,2258.762451171875
1399.png,0,0,0,0.009484109468758106,337.8885498046875,1960.9345703125,370.9974365234375,2002.10888671875
1399.png,0,0,0,0.00947087723761797,390.0008850097656,1597.0394287109375,408.7239685058594,1631.9737548828125
1399.png,0,0,0,0.009457560256123543,3255.46435546875,2453.197998046875,3289.2958984375,2474.9462890625
1399.png,0,0,0,0.00935075618326664,1723.940185546875,1301.317138671875,1761.4412841796875,1320.078857421875
1399.png,0,0,0,0.00931407231837511,554.8214111328125,2229.13330078125,589.189453125,2258.845947265625
1399.png,0,0,0,0.009272747673094273,2721.28564453125,2827.8759765625,2752.667724609375,2868.549560546875
1399.png,0,0,0,0.009268621914088726,2019.2818603515625,1513.6383056640625,2038.5477294921875,1549.4063720703125
1399.png,0,0,0,0.00921208132058382,2222.557373046875,928.1954345703125,2254.21142578125,973.6837158203125
1399.png,0,0,0,0.009208295494318008,2325.795166015625,2125.145751953125,2350.191650390625,2160.723388671875
1399.png,0,0,0,0.009186942130327225,183.92208862304688,2524.9384765625,226.49783325195312,2549.751953125
1399.png,0,0,0,0.0091611472889781,2832.999267578125,2496.210205078125,2864.65966796875,2546.3330078125
1399.png,0,0,0,0.00914701446890831,10.368087768554688,2898.95849609375,24.517560958862305,2921.815185546875
1399.png,0,0,0,0.009101849980652332,2279.13330078125,1218.7579345703125,2326.394287109375,1248.3052978515625
1399.png,0,0,0,0.009076361544430256,2328.8505859375,931.34814453125,2367.601806640625,974.0447998046875
1399.png,0,0,0,0.009067372418940067,2284.443359375,1220.0701904296875,2300.20947265625,1261.1072998046875
1399.png,0,0,0,0.009065226651728153,3243.00244140625,2163.574462890625,3277.58056640625,2184.9794921875
1399.png,0,0,0,0.009035021997988224,3025.3056640625,2077.9619140625,3046.327880859375,2099.01708984375
1399.png,0,0,0,0.008980912156403065,2613.781005859375,1381.652587890625,2666.423828125,1405.031494140625
1399.png,0,0,0,0.008978543803095818,2974.546875,1704.571533203125,3000.109130859375,1726.3973388671875
1399.png,0,0,0,0.008932625874876976,2967.0625,1505.5863037109375,2986.964599609375,1536.016357421875
1399.png,0,0,0,0.00891836453229189,2366.802490234375,2446.088134765625,2388.300537109375,2470.87451171875
1399.png,0,0,0,0.008887523785233498,3259.200439453125,1817.0191650390625,3282.333740234375,1853.8492431640625
1399.png,0,0,0,0.008886897936463356,2209.8056640625,1249.784423828125,2244.06640625,1271.9190673828125
1399.png,0,0,0,0.008875548839569092,1954.4305419921875,1502.1982421875,1972.0635986328125,1538.5643310546875
1399.png,0,0,0,0.008846447803080082,462.09271240234375,2611.103759765625,489.6977844238281,2642.800048828125
1399.png,0,0,0,0.008838092908263206,3064.704833984375,1093.392578125,3108.736083984375,1129.962890625
1399.png,0,0,0,0.008824357762932777,1858.52587890625,1530.341552734375,1889.5570068359375,1561.3638916015625
1399.png,0,0,0,0.008778996765613556,3147.91650390625,2406.85693359375,3191.1044921875,2450.60400390625
1399.png,0,0,0,0.008777009323239326,1873.2579345703125,1380.778564453125,1898.845947265625,1418.236083984375
1399.png,0,0,0,0.008761309087276459,42.30371856689453,1803.756591796875,69.86386108398438,1844.78271484375
1399.png,0,0,0,0.00872308574616909,3052.764404296875,2286.13037109375,3073.806640625,2307.18505859375
1399.png,0,0,0,0.008614162914454937,2854.029541015625,1923.698486328125,2870.725341796875,1961.1798095703125
1399.png,0,0,0,0.008568362332880497,3142.432373046875,2872.045166015625,3202.230712890625,2909.174072265625
1399.png,0,0,0,0.008567296899855137,2969.90478515625,2660.317138671875,3008.07421875,2704.579345703125
1399.png,0,0,0,0.008547921665012836,2775.04150390625,2562.550537109375,2820.5302734375,2596.005859375
1399.png,0,0,0,0.008546524681150913,2653.3720703125,1644.419189453125,2673.49658203125,1679.999267578125
1399.png,0,0,0,0.008536642417311668,2599.291259765625,1864.61279296875,2615.407958984375,1892.6162109375
1399.png,0,0,0,0.008502579294145107,345.7626953125,2095.0498046875,368.3820495605469,2127.438232421875
1399.png,0,0,0,0.008500408381223679,2979.178466796875,2659.172607421875,3026.50830078125,2697.570556640625
1399.png,0,0,0,0.008475207723677158,2523.9775390625,1594.2784423828125,2545.8701171875,1632.0330810546875
1399.png,0,0,0,0.008432885631918907,3190.610107421875,2976.76513671875,3211.2705078125,3013.669677734375
1399.png,0,0,0,0.008423848077654839,2707.572265625,1705.5810546875,2738.18212890625,1731.837158203125
1399.png,0,0,0,0.008362612687051296,3094.338623046875,1647.8485107421875,3110.016845703125,1679.9102783203125
1399.png,0,0,0,0.008323760703206062,3033.989990234375,2739.585205078125,3074.54931640625,2783.68994140625
1399.png,0,0,0,0.008293088525533676,3186.063720703125,1374.5479736328125,3204.632568359375,1426.3695068359375
1399.png,0,0,0,0.008279558271169662,313.147705078125,2407.33740234375,350.0794677734375,2433.244384765625
1399.png,0,0,0,0.00827148836106062,2820.1796875,1913.80517578125,2851.4189453125,1946.4085693359375
1399.png,0,0,0,0.008248141966760159,3190.03271484375,1377.5030517578125,3208.833251953125,1420.5679931640625
1399.png,0,0,0,0.00823688879609108,3187.15380859375,2474.244384765625,3214.7880859375,2505.439208984375
1399.png,0,0,0,0.008230611681938171,3115.1787109375,1259.8619384765625,3161.732421875,1304.955810546875
1399.png,0,0,0,0.00821885745972395,2558.765869140625,2353.881591796875,2588.593994140625,2388.433349609375
1399.png,0,0,0,0.00821778830140829,102.4212875366211,2483.950439453125,144.12698364257812,2522.901611328125
1399.png,0,0,0,0.008197286166250706,2310.88037109375,2330.48828125,2341.89697265625,2369.611328125
1399.png,0,0,0,0.008194386959075928,2323.77783203125,928.2344970703125,2341.73486328125,969.8851318359375
1399.png,0,0,0,0.008159018121659756,2089.05615234375,910.1769409179688,2121.05126953125,936.4328002929688
1399.png,0,0,0,0.00815547350794077,178.63746643066406,2570.554931640625,223.92605590820312,2617.194091796875
1399.png,0,0,0,0.00812312588095665,3190.76220703125,2270.718017578125,3214.67822265625,2303.63232421875
1399.png,0,0,0,0.008091107942163944,3267.11767578125,1648.35986328125,3291.330322265625,1681.6644287109375
1399.png,0,0,0,0.008066641166806221,2499.43017578125,1318.9677734375,2533.39794921875,1349.127685546875
1399.png,0,0,0,0.008060310035943985,2872.08740234375,2100.123779296875,2902.982666015625,2134.737060546875
1399.png,0,0,0,0.008046464063227177,2902.552734375,1232.9097900390625,2921.71923828125,1274.9532470703125
1399.png,0,0,0,0.008022187277674675,168.38702392578125,2651.058349609375,185.7406463623047,2675.86669921875
1399.png,0,0,0,0.007982464507222176,2227.02294921875,1129.5400390625,2253.459228515625,1156.16015625
1399.png,0,0,0,0.007925393991172314,2717.964599609375,1839.32861328125,2750.084716796875,1878.8455810546875
1399.png,0,0,0,0.007900938391685486,3189.917724609375,2166.7880859375,3233.283447265625,2218.113037109375
1399.png,0,0,0,0.007863187231123447,1778.16748046875,793.0133666992188,1812.1568603515625,816.3816528320312
1399.png,0,0,0,0.007832850329577923,86.99185180664062,1959.842529296875,124.57874298095703,2016.4906005859375
1399.png,0,0,0,0.007827937602996826,490.2143249511719,2075.826416015625,514.8943481445312,2105.115478515625
1399.png,0,0,0,0.007815482094883919,2843.220458984375,2763.87158203125,2874.696044921875,2806.08935546875
1399.png,0,0,0,0.007813160307705402,2898.180908203125,2034.660400390625,2907.88037109375,2065.52001953125
1399.png,0,0,0,0.00778675964102149,225.47750854492188,1747.8226318359375,248.42514038085938,1773.137939453125
1399.png,0,0,0,0.00775416474789381,1701.158447265625,1102.4697265625,1739.358154296875,1140.9757080078125
1399.png,0,0,0,0.007751354947686195,1455.3170166015625,878.3622436523438,1468.6649169921875,904.825439453125
1399.png,0,0,0,0.007723151706159115,2774.817138671875,1829.0401611328125,2820.518310546875,1850.3238525390625
1399.png,0,0,0,0.0076955524273216724,17.528156280517578,1872.0833740234375,62.04071044921875,1900.6248779296875
1399.png,0,0,0,0.00768587552011013,2759.908935546875,1180.2322998046875,2792.0009765625,1221.6617431640625
1399.png,0,0,0,0.0076724933460354805,148.18814086914062,1613.0775146484375,186.47125244140625,1663.4395751953125
1399.png,0,0,0,0.007621855475008488,2741.510009765625,988.87890625,2783.85107421875,1021.9464111328125
1399.png,0,0,0,0.0076081338338553905,2902.115966796875,1009.5110473632812,2920.144287109375,1057.266845703125
1399.png,0,0,0,0.007594565860927105,2826.58544921875,1499.428466796875,2862.343505859375,1523.4658203125
1399.png,0,0,0,0.007525420747697353,2447.397705078125,1671.332275390625,2474.4853515625,1709.348388671875
1399.png,0,0,0,0.0075107840821146965,389.964599609375,2069.900390625,408.8861999511719,2099.5986328125
1399.png,0,0,0,0.0075104208663105965,397.64093017578125,2659.706787109375,432.53564453125,2685.2763671875
1399.png,0,0,0,0.007448619231581688,2778.77587890625,2907.880126953125,2826.92236328125,2946.153564453125
1399.png,0,0,0,0.007439430803060532,3215.958740234375,1385.7222900390625,3239.721435546875,1432.5316162109375
1399.png,0,0,0,0.007399864960461855,8.053775787353516,2553.033203125,34.508182525634766,2583.9951171875
1399.png,0,0,0,0.007387239020317793,1886.1654052734375,1297.2801513671875,1915.271728515625,1330.308837890625
1399.png,0,0,0,0.007376261055469513,5.6421613693237305,2532.771728515625,22.145336151123047,2557.812255859375
1399.png,0,0,0,0.00735078938305378,2808.81640625,1697.3277587890625,2838.6220703125,1728.0167236328125
1399.png,0,0,0,0.007326655089855194,3047.519287109375,2894.005126953125,3077.53515625,2931.95263671875
1399.png,0,0,0,0.007323326077312231,1827.8543701171875,994.8251342773438,1850.5264892578125,1025.5577392578125
1399.png,0,0,0,0.007315056398510933,1613.2515869140625,879.4342651367188,1639.04150390625,905.9492797851562
1399.png,0,0,0,0.007309390231966972,241.60743713378906,1747.02001953125,267.6861877441406,1774.930419921875
1399.png,0,0,0,0.007304789498448372,2861.3583984375,1875.3165283203125,2895.595947265625,1893.1697998046875
1399.png,0,0,0,0.0072568254545331,1968.1688232421875,1413.622802734375,1998.318115234375,1436.052734375
1399.png,0,0,0,0.007240005303174257,2062.31787109375,1957.6602783203125,2086.352783203125,1975.9730224609375
1399.png,0,0,0,0.007233784068375826,3092.748779296875,2236.12548828125,3113.646728515625,2261.988037109375
1399.png,0,0,0,0.007231264375150204,473.3169250488281,2162.8818359375,511.9411315917969,2182.839111328125
1399.png,0,0,0,0.007230487186461687,1497.9122314453125,1061.2862548828125,1520.6204833984375,1096.6871337890625
1399.png,0,0,0,0.007214550860226154,3190.43701171875,1705.1668701171875,3217.62890625,1730.9036865234375
1399.png,0,0,0,0.007205849513411522,1497.21533203125,916.2626342773438,1520.9669189453125,937.6095581054688
1399.png,0,0,0,0.007193515542894602,286.30572509765625,2266.734375,309.5824890136719,2300.357177734375
1399.png,0,0,0,0.007159499917179346,2360.768798828125,1499.4012451171875,2387.84130859375,1528.0726318359375
1399.png,0,0,0,0.007104862947016954,2319.3603515625,1079.5347900390625,2367.60107421875,1114.7335205078125
1399.png,0,0,0,0.007093821652233601,1840.2230224609375,999.196533203125,1873.58154296875,1028.646728515625
1399.png,0,0,0,0.007080044597387314,2095.606201171875,1205.5517578125,2121.10693359375,1227.1004638671875
1399.png,0,0,0,0.0070765260607004166,2449.85791015625,1625.7955322265625,2487.531494140625,1653.096435546875
1399.png,0,0,0,0.007072777021676302,2338.77001953125,1866.8963623046875,2367.841064453125,1902.2144775390625
1399.png,0,0,0,0.007060497999191284,293.9823913574219,2503.8779296875,329.9317626953125,2539.85400390625
1399.png,0,0,0,0.007042796351015568,2408.233154296875,1341.39892578125,2451.86474609375,1378.96826171875
1399.png,0,0,0,0.007028602063655853,3205.207275390625,2470.173828125,3242.984375,2498.1630859375
1399.png,0,0,0,0.007022141944617033,2365.30029296875,1492.488525390625,2408.772216796875,1519.6434326171875
1399.png,0,0,0,0.007017132826149464,198.62295532226562,1572.4046630859375,226.62513732910156,1602.88916015625
1399.png,0,0,0,0.006997533142566681,2613.40380859375,1120.0687255859375,2629.3369140625,1178.8157958984375
1399.png,0,0,0,0.006981895305216312,344.7559509277344,2263.4169921875,374.14654541015625,2291.1953125
1399.png,0,0,0,0.006966384593397379,3260.167724609375,2595.454345703125,3289.557373046875,2631.684814453125
1399.png,0,0,0,0.006953570991754532,2388.920654296875,1936.01220703125,2426.091552734375,1983.6849365234375
1399.png,0,0,0,0.006921967025846243,1709.4093017578125,1003.0595092773438,1749.9796142578125,1039.3922119140625
1399.png,0,0,0,0.006921259220689535,2029.7686767578125,1329.7220458984375,2056.132568359375,1374.1929931640625
1399.png,0,0,0,0.0069021545350551605,2109.53173828125,718.3215942382812,2131.97509765625,743.4697265625
1399.png,0,0,0,0.0068988739512860775,2079.22509765625,1659.6240234375,2111.578857421875,1687.552978515625
1399.png,0,0,0,0.006885439623147249,2450.182861328125,2569.82275390625,2491.201416015625,2621.12744140625
1399.png,0,0,0,0.006880045868456364,2941.308349609375,1498.8045654296875,2960.64794921875,1525.301025390625
1399.png,0,0,0,0.0068658944219350815,1873.3585205078125,1401.932861328125,1904.7386474609375,1435.7763671875
1399.png,0,0,0,0.00686228321865201,2366.037109375,2454.86279296875,2414.07666015625,2489.30419921875
1399.png,0,0,0,0.0068200682289898396,1698.6021728515625,1065.29541015625,1726.78466796875,1102.7474365234375
1399.png,0,0,0,0.00679429667070508,1873.1177978515625,1292.000244140625,1904.3980712890625,1321.410400390625
1399.png,0,0,0,0.006784750148653984,2423.62841796875,1337.2117919921875,2469.3291015625,1367.9271240234375
1399.png,0,0,0,0.006782594136893749,2239.3017578125,1661.25439453125,2261.66357421875,1690.489501953125
1399.png,0,0,0,0.006774693261831999,274.1949768066406,1672.5908203125,309.9394226074219,1702.6614990234375
1399.png,0,0,0,0.006771107669919729,2526.87451171875,1790.61083984375,2554.55859375,1840.1142578125
1399.png,0,0,0,0.00676568690687418,142.0786895751953,1624.779541015625,185.41986083984375,1673.3082275390625
1399.png,0,0,0,0.006739739328622818,3153.06689453125,1132.544921875,3191.10302734375,1159.362060546875
1399.png,0,0,0,0.006729991175234318,2655.75341796875,1786.6578369140625,2688.35888671875,1813.610107421875
1399.png,0,0,0,0.006721291691064835,465.7386169433594,2177.715087890625,495.6224670410156,2212.560546875
1399.png,0,0,0,0.006701244041323662,1710.974365234375,830.7202758789062,1755.799072265625,861.4351806640625
1399.png,0,0,0,0.00670119933784008,3086.373291015625,1629.9119873046875,3108.873291015625,1674.2406005859375
1399.png,0,0,0,0.0066817328333854675,2806.5087890625,2000.89697265625,2834.17333984375,2040.163818359375
1399.png,0,0,0,0.006671376526355743,3025.21435546875,1425.636962890625,3059.16650390625,1469.67431640625
1399.png,0,0,0,0.0066620041616261005,720.1433715820312,2148.770751953125,742.1443481445312,2178.12060546875
1399.png,0,0,0,0.006649806629866362,2904.71337890625,1011.046142578125,2944.83056640625,1055.220703125
1399.png,0,0,0,0.006640568841248751,2559.80126953125,1549.141845703125,2588.878662109375,1608.683349609375
1399.png,0,0,0,0.00663581769913435,2810.7333984375,1507.6473388671875,2844.04345703125,1524.9276123046875
1399.png,0,0,0,0.006634862627834082,2629.43701171875,1124.4580078125,2655.902099609375,1168.360107421875
1399.png,0,0,0,0.006626039743423462,1730.6822509765625,1094.36279296875,1769.0877685546875,1139.3096923828125
1399.png,0,0,0,0.006598177365958691,351.77313232421875,2719.30859375,391.2814636230469,2749.1318359375
1399.png,0,0,0,0.006587556097656488,1935.928466796875,880.5015258789062,1955.9200439453125,901.4063110351562
1399.png,0,0,0,0.006582300178706646,94.73631286621094,2609.332275390625,123.03411102294922,2639.841796875
1399.png,0,0,0,0.006575038656592369,3007.203125,1878.5750732421875,3039.57763671875,1924.4794921875
1399.png,0,0,0,0.006556337233632803,60.994571685791016,1789.9344482421875,84.72412109375,1823.5125732421875
1399.png,0,0,0,0.006542797200381756,264.9621276855469,2822.893798828125,294.9471130371094,2852.348876953125
1399.png,0,0,0,0.006539289373904467,2240.489013671875,1613.7972412109375,2262.853271484375,1654.99609375
1399.png,0,0,0,0.006533010397106409,215.7036590576172,2616.373779296875,268.2969665527344,2652.3095703125
1399.png,0,0,0,0.006505376193672419,2593.087158203125,1557.7379150390625,2618.78955078125,1597.930908203125
1399.png,0,0,0,0.006497466471046209,2120.7041015625,1294.3939208984375,2165.635986328125,1322.6961669921875
1399.png,0,0,0,0.006495838984847069,2855.062255859375,1458.6480712890625,2881.812744140625,1478.6424560546875
1399.png,0,0,0,0.0064867050386965275,1939.0069580078125,930.5181884765625,1957.529296875,959.7359008789062
1399.png,0,0,0,0.006470282096415758,86.55252838134766,2491.823486328125,119.05760955810547,2532.994140625
1399.png,0,0,0,0.006462758406996727,1902.378173828125,1214.9337158203125,1934.2552490234375,1262.479248046875
1399.png,0,0,0,0.006460553966462612,3066.329833984375,2620.183349609375,3089.820556640625,2661.46142578125
1399.png,0,0,0,0.006455746944993734,2184.482666015625,1091.4847412109375,2218.2177734375,1116.7291259765625
1399.png,0,0,0,0.006435486488044262,2937.670166015625,2392.271728515625,2963.373291015625,2421.15625
1399.png,0,0,0,0.006430923473089933,79.83499145507812,1739.24755859375,105.84955596923828,1793.080810546875
1399.png,0,0,0,0.006399878300726414,2998.01513671875,2741.970947265625,3039.953369140625,2791.704345703125
1399.png,0,0,0,0.006395019590854645,2696.790283203125,1821.445556640625,2723.26416015625,1856.1788330078125
1399.png,0,0,0,0.006374286022037268,214.8939666748047,2084.29150390625,248.15765380859375,2129.283203125
1399.png,0,0,0,0.006368680391460657,2532.224853515625,1136.2559814453125,2573.111328125,1169.438720703125
1399.png,0,0,0,0.0063665322959423065,1664.7445068359375,948.4671020507812,1690.6092529296875,982.497802734375
1399.png,0,0,0,0.006341144908219576,2952.65625,1586.8836669921875,2986.494384765625,1619.4383544921875
1399.png,0,0,0,0.006336777471005917,3189.755859375,2184.291259765625,3233.531494140625,2212.337646484375
1399.png,0,0,0,0.006279670167714357,2242.609375,936.2208251953125,2260.392822265625,977.6217041015625
1399.png,0,0,0,0.006269032135605812,2233.119873046875,1852.5517578125,2263.50341796875,1897.6805419921875
1399.png,0,0,0,0.006250401027500629,2731.753173828125,1742.776611328125,2756.865478515625,1791.1900634765625
1399.png,0,0,0,0.006240617483854294,2643.97705078125,1809.6539306640625,2678.96484375,1860.1607666015625
1399.png,0,0,0,0.006239543668925762,1490.337890625,1055.0845947265625,1521.658935546875,1095.22412109375
1399.png,0,0,0,0.006239529699087143,2161.520263671875,1380.0284423828125,2198.576416015625,1410.9725341796875
1399.png,0,0,0,0.006237528286874294,2772.064697265625,1655.9759521484375,2787.89599609375,1688.967529296875
1399.png,0,0,0,0.006224279757589102,2974.988525390625,2679.297607421875,3027.246337890625,2731.162353515625
1399.png,0,0,0,0.006223536562174559,2444.895751953125,2545.760009765625,2466.19189453125,2591.313720703125
1399.png,0,0,0,0.006217355374246836,2036.982177734375,1136.331787109375,2082.050048828125,1164.9888916015625
1399.png,0,0,0,0.006216306239366531,2408.526611328125,1413.14892578125,2444.00634765625,1440.7574462890625
1399.png,0,0,0,0.006196172442287207,2114.771240234375,1715.11474609375,2138.05322265625,1755.5389404296875
1399.png,0,0,0,0.006195496767759323,2821.741455078125,2034.270263671875,2861.6962890625,2055.23779296875
1399.png,0,0,0,0.006177900359034538,3148.88916015625,1534.1953125,3181.167724609375,1562.229248046875
1399.png,0,0,0,0.006174551788717508,2447.96484375,1673.574951171875,2467.39013671875,1715.2274169921875
1399.png,0,0,0,0.006164886057376862,2271.786376953125,2286.009033203125,2302.1845703125,2325.10546875
1399.png,0,0,0,0.006161950062960386,2241.962158203125,2233.96435546875,2267.698486328125,2263.406982421875
1399.png,0,0,0,0.0061608003452420235,3158.380859375,1889.041259765625,3191.281982421875,1921.56494140625
1399.png,0,0,0,0.006158958189189434,1911.659423828125,944.146728515625,1935.4228515625,980.2761840820312
1447.png,0,0,0,0.05121003836393356,601.8607177734375,1574.7972412109375,620.0833740234375,1601.182373046875
1447.png,0,0,0,0.04229727014899254,570.149169921875,1420.7421875,581.679931640625,1444.671142578125
1447.png,0,0,0,0.03231332078576088,639.1707763671875,1127.9560546875,647.0736083984375,1149.6640625
1447.png,0,0,0,0.026349958032369614,601.6602783203125,1638.3360595703125,614.3098754882812,1658.9512939453125
1447.png,0,0,0,0.023750511929392815,2598.259765625,56.48611831665039,2606.415283203125,67.00634002685547
1447.png,0,0,0,0.02323521301150322,201.73745727539062,2417.233154296875,218.24562072753906,2432.511962890625
1447.png,0,0,0,0.023094814270734787,71.05987548828125,2457.88037109375,92.40827178955078,2483.2734375
1447.png,0,0,0,0.02174953557550907,123.99231719970703,2791.057373046875,133.041015625,2812.630615234375
1447.png,0,0,0,0.021059228107333183,1828.6123046875,275.942626953125,1844.4212646484375,292.2610778808594
1447.png,0,0,0,0.020761549472808838,615.1006469726562,1528.4581298828125,646.9916381835938,1549.5716552734375
1447.png,0,0,0,0.020624853670597076,897.4034423828125,455.095947265625,905.646240234375,471.2563171386719
1447.png,0,0,0,0.020058857277035713,823.0323486328125,465.8360900878906,834.645263671875,482.6879577636719
1447.png,0,0,0,0.01996302232146263,1744.552734375,241.5603790283203,1755.7320556640625,253.69137573242188
1447.png,0,0,0,0.019115827977657318,448.7626953125,2154.908203125,462.12823486328125,2175.208984375
1447.png,0,0,0,0.018561646342277527,449.5459289550781,872.333984375,462.2104187011719,897.4651489257812
1447.png,0,0,0,0.018508974462747574,1607.7305908203125,17.026052474975586,1624.0364990234375,29.986207962036133
1447.png,0,0,0,0.018393805250525475,1744.8433837890625,464.04473876953125,1755.7484130859375,477.9866027832031
1447.png,0,0,0,0.017660364508628845,605.0761108398438,1497.8177490234375,622.3486938476562,1511.3001708984375
1447.png,0,0,0,0.017246469855308533,1865.6796875,349.5934753417969,1881.4649658203125,364.36962890625
1447.png,0,0,0,0.01706668734550476,571.7786865234375,1569.754638671875,581.197509765625,1591.4010009765625
1447.png,0,0,0,0.01677991822361946,860.9370727539062,353.7572937011719,871.1730346679688,392.8507385253906
1447.png,0,0,0,0.016750773414969444,2635.993896484375,21.134056091308594,2647.563720703125,31.929250717163086
1447.png,0,0,0,0.016656924039125443,115.79857635498047,2721.118896484375,129.3810272216797,2747.177978515625
1447.png,0,0,0,0.01654847338795662,868.5750122070312,275.3707275390625,885.7473754882812,307.71685791015625
1447.png,0,0,0,0.016432439908385277,817.106689453125,276.7354736328125,831.6951904296875,291.42803955078125
1447.png,0,0,0,0.01600547507405281,624.416748046875,1501.21923828125,646.8843994140625,1524.839111328125
1447.png,0,0,0,0.01554575003683567,2679.2236328125,93.26720428466797,2695.278564453125,105.5196762084961
1447.png,0,0,0,0.015234516002237797,1828.9842529296875,54.333988189697266,1844.3031005859375,70.3525161743164
1447.png,0,0,0,0.015003287233412266,1010.008544921875,314.6373596191406,1016.5528564453125,328.5539245605469
1447.png,0,0,0,0.014504874125123024,363.8956604003906,1242.5821533203125,388.1287536621094,1256.99462890625
1447.png,0,0,0,0.014486264437437057,2088.3212890625,101.96952056884766,2103.787353515625,134.16964721679688
1447.png,0,0,0,0.014426121488213539,55.440025329589844,2445.451171875,72.29173278808594,2472.995849609375
1447.png,0,0,0,0.013682815246284008,1784.3526611328125,95.96521759033203,1793.512939453125,122.45256042480469
1447.png,0,0,0,0.013262692838907242,1346.0859375,461.03521728515625,1353.994384765625,475.57843017578125
1447.png,0,0,0,0.013234355486929417,2492.464599609375,271.2724914550781,2504.0380859375,289.88543701171875
1447.png,0,0,0,0.013068244792521,494.41241455078125,978.1421508789062,505.6888122558594,997.2994995117188
1447.png,0,0,0,0.013037064112722874,675.932861328125,866.4968872070312,683.8785400390625,882.4186401367188
1447.png,0,0,0,0.012931868433952332,448.7817687988281,1385.5609130859375,462.0544738769531,1415.0179443359375
1447.png,0,0,0,0.012925850227475166,2789.175048828125,202.25950622558594,2803.46630859375,218.89674377441406
1447.png,0,0,0,0.012893754057586193,1977.10498046875,41.6133918762207,1993.0194091796875,66.95221710205078
1447.png,0,0,0,0.012858493253588676,2199.22216796875,724.126708984375,2214.819091796875,739.6376342773438
1447.png,0,0,0,0.012856973335146904,2038.302001953125,126.39926147460938,2051.42529296875,141.5561065673828
1447.png,0,0,0,0.012416450306773186,534.5216064453125,1078.0452880859375,550.9363403320312,1106.5819091796875
1447.png,0,0,0,0.01239083707332611,1790.439697265625,207.61976623535156,1804.834716796875,223.3102569580078
1447.png,0,0,0,0.01224809791892767,605.1255493164062,1537.0435791015625,622.4779052734375,1556.5867919921875
1447.png,0,0,0,0.01215498335659504,461.9548034667969,1680.9228515625,479.9670104980469,1698.0477294921875
1447.png,0,0,0,0.012098453938961029,895.0701293945312,162.39248657226562,908.3475952148438,180.7393341064453
1447.png,0,0,0,0.012070764787495136,2815.802978515625,279.0654602050781,2827.79052734375,289.65191650390625
1447.png,0,0,0,0.012018777430057526,881.8671875,276.0831298828125,905.5869140625,306.00927734375
1447.png,0,0,0,0.011992408894002438,90.7640151977539,1161.5296630859375,106.80941009521484,1178.547607421875
1447.png,0,0,0,0.01190640777349472,1009.6696166992188,54.41779708862305,1017.676025390625,75.64398193359375
1447.png,0,0,0,0.01162528246641159,2000.3360595703125,150.9948272705078,2014.482177734375,175.01388549804688
1447.png,0,0,0,0.01162441074848175,630.9710693359375,1422.1412353515625,647.0107421875,1450.8546142578125
1447.png,0,0,0,0.01161453127861023,2568.03369140625,270.85162353515625,2584.513916015625,285.6922302246094
1447.png,0,0,0,0.011571126990020275,2040.590576171875,261.025390625,2051.623291015625,283.25628662109375
1447.png,0,0,0,0.011458010412752628,86.19207000732422,2121.44482421875,96.93669891357422,2145.155029296875
1447.png,0,0,0,0.011444062925875187,646.8104858398438,921.9495239257812,662.3583984375,949.1104736328125
1447.png,0,0,0,0.011431797407567501,942.51025390625,276.0062255859375,961.8106689453125,299.7893981933594
1447.png,0,0,0,0.011338758282363415,2632.97705078125,313.4232177734375,2642.9462890625,328.7621765136719
1447.png,0,0,0,0.011199365369975567,1678.544189453125,49.51262664794922,1693.144287109375,69.39344787597656
1447.png,0,0,0,0.011185850016772747,965.0699462890625,21.0590877532959,979.5732421875,30.625707626342773
1447.png,0,0,0,0.011114678345620632,2198.51220703125,329.18121337890625,2214.916259765625,356.1776428222656
1447.png,0,0,0,0.011012682691216469,2707.338623046875,784.1527099609375,2717.46240234375,806.5050048828125
1447.png,0,0,0,0.010958461090922356,863.3009643554688,416.9947509765625,880.5086669921875,439.4037780761719
1447.png,0,0,0,0.010870421305298805,1829.05029296875,106.8822021484375,1843.801025390625,134.1987762451172
1447.png,0,0,0,0.010790892876684666,535.8521728515625,1558.23876953125,551.6830444335938,1594.133056640625
1447.png,0,0,0,0.010760379955172539,592.1989135742188,1571.95263671875,617.2039794921875,1612.4901123046875
1447.png,0,0,0,0.010740739293396473,487.77935791015625,1537.235107421875,500.31939697265625,1572.7178955078125
1447.png,0,0,0,0.010657879523932934,717.2483520507812,752.3900146484375,727.9154663085938,773.5240478515625
1447.png,0,0,0,0.010236217640340328,49.67233657836914,2012.49755859375,68.50194549560547,2029.61669921875
1447.png,0,0,0,0.010231710970401764,941.7222900390625,281.02423095703125,957.72705078125,318.907958984375
1447.png,0,0,0,0.01021257322281599,2748.00537109375,174.86279296875,2756.439453125,207.93614196777344
1447.png,0,0,0,0.010176029056310654,1080.504150390625,51.02792739868164,1090.971435546875,68.40827941894531
1447.png,0,0,0,0.01004038006067276,1753.8521728515625,96.74784088134766,1767.3255615234375,129.0350341796875
1447.png,0,0,0,0.009953885339200497,2255.073486328125,977.8609619140625,2273.195068359375,991.3367919921875
1447.png,0,0,0,0.009878904558718204,549.555908203125,1686.0799560546875,574.185546875,1703.50537109375
1447.png,0,0,0,0.009714924730360508,2562.088134765625,75.87500762939453,2569.6953125,97.98709869384766
1447.png,0,0,0,0.009664883837103844,155.56263732910156,126.3160171508789,166.52658081054688,152.48977661132812
1447.png,0,0,0,0.00963614135980606,1750.8463134765625,419.364013671875,1762.707763671875,440.11248779296875
1447.png,0,0,0,0.00962157640606165,460.766845703125,1309.3646240234375,469.919189453125,1335.887939453125
1447.png,0,0,0,0.009562722407281399,2236.216796875,977.5340576171875,2254.435546875,994.0718994140625
1447.png,0,0,0,0.009496991522610188,54.02703094482422,2425.6015625,69.48594665527344,2468.27392578125
1447.png,0,0,0,0.009477472864091396,2078.614501953125,752.1116943359375,2088.532958984375,768.188720703125
1447.png,0,0,0,0.009382794611155987,5.43956184387207,429.6298522949219,23.81625747680664,458.06646728515625
1447.png,0,0,0,0.009207403287291527,867.7723388671875,279.52459716796875,882.8213500976562,319.1625061035156
1447.png,0,0,0,0.00918235071003437,1753.2716064453125,99.31102752685547,1764.1383056640625,134.05177307128906
1447.png,0,0,0,0.00913307350128889,568.92041015625,1311.3795166015625,578.890869140625,1344.6697998046875
1447.png,0,0,0,0.009105424396693707,1829.525390625,940.636474609375,1844.1903076171875,954.0301513671875
1447.png,0,0,0,0.009092887863516808,964.4232788085938,232.08758544921875,979.5236206054688,254.57058715820312
1447.png,0,0,0,0.009088008664548397,534.3652954101562,2126.0546875,547.5881958007812,2141.367919921875
1447.png,0,0,0,0.0090512465685606,406.58795166015625,719.0330810546875,425.1050109863281,736.6141357421875
1447.png,0,0,0,0.009020620957016945,2746.2841796875,1611.39697265625,2754.140625,1621.2652587890625
1447.png,0,0,0,0.00901388842612505,89.85794830322266,2508.222412109375,98.99327850341797,2536.978515625
1447.png,0,0,0,0.00900436844676733,2044.7103271484375,20.944931030273438,2062.67724609375,48.36627960205078
1447.png,0,0,0,0.008960342966020107,498.6278381347656,1621.219482421875,513.482421875,1654.2108154296875
1447.png,0,0,0,0.00886903703212738,979.318603515625,107.437744140625,994.2322387695312,136.31607055664062
1447.png,0,0,0,0.008846748620271683,2113.748291015625,87.41693878173828,2127.333984375,120.20067596435547
1447.png,0,0,0,0.008828024379909039,2790.655029296875,271.9739685058594,2806.111572265625,285.0850524902344
1447.png,0,0,0,0.008819838054478168,1930.618408203125,166.71389770507812,1940.685302734375,184.60556030273438
1447.png,0,0,0,0.00880584679543972,1698.607177734375,207.6241455078125,1718.885009765625,235.82337951660156
1447.png,0,0,0,0.008756461553275585,1859.206787109375,159.96852111816406,1870.39013671875,179.8231201171875
1447.png,0,0,0,0.00870545208454132,2713.06103515625,725.1509399414062,2725.197021484375,749.1966552734375
1447.png,0,0,0,0.008693473413586617,1819.0565185546875,862.3642578125,1830.013427734375,878.331787109375
1447.png,0,0,0,0.008690116927027702,1933.5472412109375,392.672119140625,1950.36474609375,426.11529541015625
1447.png,0,0,0,0.00865166261792183,375.4977722167969,1203.1715087890625,388.2370300292969,1226.50439453125
1447.png,0,0,0,0.008649839088320732,1970.6650390625,345.66827392578125,1980.648193359375,364.06903076171875
1447.png,0,0,0,0.008613234385848045,990.3125610351562,96.94415283203125,1016.4794921875,120.0132827758789
1447.png,0,0,0,0.008610710501670837,2935.30224609375,462.8495178222656,2951.470703125,475.5044860839844
1447.png,0,0,0,0.008610144257545471,717.3894653320312,539.4591064453125,729.71630859375,549.8818359375
1447.png,0,0,0,0.008427956141531467,1977.1387939453125,540.3532104492188,1990.4554443359375,556.5700073242188
1447.png,0,0,0,0.008399550803005695,91.68681335449219,2718.080810546875,104.15288543701172,2736.065673828125
1447.png,0,0,0,0.008393845520913601,1052.585205078125,420.21405029296875,1065.7337646484375,437.2989501953125
1447.png,0,0,0,0.008327335119247437,1865.1695556640625,347.1136779785156,1903.585205078125,368.0362243652344
1447.png,0,0,0,0.008204442448914051,2716.494873046875,1204.5787353515625,2730.8486328125,1216.6416015625
1447.png,0,0,0,0.008186682127416134,2420.48046875,280.20745849609375,2435.870849609375,293.6676025390625
1447.png,0,0,0,0.00815215241163969,47.517120361328125,2010.3092041015625,92.42447662353516,2030.75830078125
1447.png,0,0,0,0.008145913481712341,2641.467529296875,273.39715576171875,2648.71484375,287.618408203125
1447.png,0,0,0,0.008132736198604107,2006.53759765625,296.5889892578125,2015.3255615234375,319.9149475097656
1447.png,0,0,0,0.008126572705805302,609.5634765625,1420.605712890625,625.313232421875,1450.8565673828125
1447.png,0,0,0,0.00806440133601427,2863.502197265625,351.9835510253906,2876.495849609375,361.6893615722656
1447.png,0,0,0,0.007942167110741138,2013.9522705078125,119.23064422607422,2028.2711181640625,145.3433837890625
1447.png,0,0,0,0.007925502955913544,895.1944580078125,348.449951171875,906.5777587890625,385.5838928222656
1447.png,0,0,0,0.007886998355388641,1675.2308349609375,355.57147216796875,1687.828369140625,377.9876403808594
1447.png,0,0,0,0.007812405936419964,1008.515380859375,1168.474365234375,1016.6942749023438,1180.865478515625
1447.png,0,0,0,0.007810902316123247,1085.899169921875,1237.050537109375,1091.6324462890625,1252.296630859375
1447.png,0,0,0,0.007792081218212843,1484.4307861328125,55.616336822509766,1497.082275390625,68.85401916503906
1447.png,0,0,0,0.0077603040263056755,2001.614501953125,392.6394348144531,2014.7264404296875,418.3186950683594
1447.png,0,0,0,0.007744653150439262,496.5972595214844,1612.4373779296875,511.48150634765625,1654.572021484375
1447.png,0,0,0,0.0077364277094602585,2739.8623046875,92.72870635986328,2753.720947265625,104.92720794677734
1447.png,0,0,0,0.0077276951633393764,535.3097534179688,1057.10009765625,551.5055541992188,1091.4874267578125
1447.png,0,0,0,0.007708868943154812,1718.578369140625,458.133544921875,1734.5078125,476.8224182128906
1447.png,0,0,0,0.007708369288593531,602.43994140625,1412.762451171875,621.3383178710938,1464.7076416015625
1447.png,0,0,0,0.0076776607893407345,572.6337890625,1559.0997314453125,610.0037841796875,1612.515869140625
1447.png,0,0,0,0.007676615845412016,2780.655029296875,144.07650756835938,2791.015625,171.0721893310547
1447.png,0,0,0,0.007590738590806723,858.0537109375,355.69659423828125,878.42919921875,394.8365783691406
1447.png,0,0,0,0.00754897715523839,2737.162353515625,167.60202026367188,2754.393798828125,186.93597412109375
1447.png,0,0,0,0.007546223234385252,2927.453369140625,687.4830932617188,2940.54736328125,704.5891723632812
1447.png,0,0,0,0.0074640437960624695,1857.4393310546875,668.1351928710938,1867.1099853515625,688.962646484375
1447.png,0,0,0,0.0074177272617816925,540.45263671875,1056.2322998046875,573.0303344726562,1082.579345703125
1447.png,0,0,0,0.007355680223554373,1081.673095703125,460.0356140136719,1090.518310546875,474.961669921875
1447.png,0,0,0,0.007329860236495733,1884.048828125,429.4750671386719,1903.5853271484375,450.8535461425781
1447.png,0,0,0,0.007319195196032524,2152.78955078125,516.0519409179688,2162.4873046875,541.5110473632812
1447.png,0,0,0,0.007234921213239431,1000.2780151367188,460.67462158203125,1016.4771728515625,477.5718688964844
1447.png,0,0,0,0.007208249066025019,8.835947036743164,434.7890625,27.490610122680664,466.73504638671875
1447.png,0,0,0,0.007176263723522425,18.32134437561035,1955.837646484375,35.4495735168457,1984.3118896484375
1447.png,0,0,0,0.007161516696214676,2926.24267578125,537.9208984375,2940.449462890625,550.66552734375
1447.png,0,0,0,0.007157883606851101,1784.8831787109375,275.2408752441406,1793.078125,291.2821044921875
1447.png,0,0,0,0.0071255299262702465,1493.1317138671875,869.6988525390625,1503.55078125,892.9771118164062
1447.png,0,0,0,0.007069181650876999,1972.784912109375,159.81906127929688,1989.5645751953125,185.1442108154297
1447.png,0,0,0,0.007006539031863213,1345.7120361328125,715.50830078125,1351.593505859375,729.366455078125
1447.png,0,0,0,0.006990311201661825,2336.28857421875,499.4064025878906,2347.292724609375,512.76904296875
1447.png,0,0,0,0.006988381501287222,1791.8233642578125,491.6788635253906,1804.94482421875,508.953857421875
1447.png,0,0,0,0.006964289583265781,2898.930908203125,648.0252075195312,2910.615966796875,661.9673461914062
1447.png,0,0,0,0.00695628859102726,898.844970703125,1131.6329345703125,910.4022216796875,1143.69140625
1447.png,0,0,0,0.00694611668586731,1641.2078857421875,472.2048645019531,1646.50439453125,503.78753662109375
1447.png,0,0,0,0.006928817834705114,1639.74755859375,466.55859375,1647.9246826171875,501.60687255859375
1447.png,0,0,0,0.0069275908172130585,1125.978759765625,201.58334350585938,1137.550048828125,220.2361297607422
1447.png,0,0,0,0.006911884993314743,2598.0927734375,226.68609619140625,2606.472900390625,245.87982177734375
1447.png,0,0,0,0.006895261816680431,1940.4664306640625,95.48518371582031,1965.536376953125,112.9474868774414
1447.png,0,0,0,0.006871466524899006,2747.92919921875,30.969520568847656,2755.382080078125,60.312870025634766
1447.png,0,0,0,0.006833718158304691,1833.685791015625,54.37378692626953,1866.65283203125,74.3337631225586
1447.png,0,0,0,0.00683246273547411,1607.287841796875,1753.091796875,1622.809814453125,1767.5887451171875
1447.png,0,0,0,0.006794242653995752,1118.9642333984375,1684.5323486328125,1128.1083984375,1694.1875
1447.png,0,0,0,0.0067922091111540794,112.16608428955078,2725.4755859375,129.68084716796875,2758.61181640625
1447.png,0,0,0,0.00669573899358511,152.9458465576172,2008.859130859375,166.5469207763672,2040.2255859375
1447.png,0,0,0,0.006683350540697575,2026.5687255859375,23.007251739501953,2054.251708984375,60.79391860961914
1447.png,0,0,0,0.006673946511000395,1607.5904541015625,639.7310791015625,1623.94775390625,658.6593017578125
1447.png,0,0,0,0.006639584433287382,265.74420166015625,2018.7991943359375,277.62640380859375,2030.96923828125
1447.png,0,0,0,0.00663949316367507,1897.8912353515625,492.0191650390625,1910.191650390625,511.51519775390625
1447.png,0,0,0,0.006633209064602852,1598.6083984375,494.2449645996094,1607.940673828125,510.10162353515625
1447.png,0,0,0,0.006629886105656624,2753.512939453125,1745.1265869140625,2770.068603515625,1762.88134765625
1447.png,0,0,0,0.006627188995480537,2198.60693359375,318.57781982421875,2215.90625,339.2874450683594
1447.png,0,0,0,0.006598195992410183,2267.943359375,59.60881042480469,2281.783447265625,78.6812744140625
1447.png,0,0,0,0.006590199191123247,443.68487548828125,1127.54833984375,462.1124267578125,1167.410400390625
1447.png,0,0,0,0.006574942264705896,2716.722412109375,168.46385192871094,2736.107177734375,180.0615234375
1447.png,0,0,0,0.006552990060299635,646.679931640625,1712.1375732421875,664.0755004882812,1731.96142578125
1447.png,0,0,0,0.006552030798047781,958.740234375,276.8927307128906,979.5074462890625,291.14276123046875
1447.png,0,0,0,0.006500413175672293,2924.030517578125,15.101568222045898,2939.6416015625,33.51954650878906
1447.png,0,0,0,0.0064873602241277695,2041.397216796875,799.0581665039062,2053.068359375,817.6244506835938
1447.png,0,0,0,0.006485602352768183,2783.51904296875,2085.673828125,2790.736083984375,2101.5234375
1447.png,0,0,0,0.0064735934138298035,1525.8662109375,1384.9398193359375,1534.2235107421875,1398.569580078125
1447.png,0,0,0,0.006457264069467783,1976.5865478515625,22.536449432373047,1994.27197265625,58.507118225097656
1447.png,0,0,0,0.006453358568251133,563.2942504882812,1316.6820068359375,579.4490966796875,1353.99072265625
1447.png,0,0,0,0.0064452229999005795,338.6519470214844,1346.56201171875,351.6638488769531,1369.949462890625
1447.png,0,0,0,0.006422949023544788,2786.597900390625,75.67090606689453,2797.635498046875,97.3694839477539
1447.png,0,0,0,0.006406397558748722,117.39602661132812,2536.04638671875,131.5601043701172,2561.9521484375
1447.png,0,0,0,0.00636645033955574,1050.791015625,86.5517578125,1063.4327392578125,105.51932525634766
1447.png,0,0,0,0.006365847773849964,2336.9794921875,1346.9759521484375,2347.13330078125,1361.130126953125
1447.png,0,0,0,0.006363187916576862,415.2989807128906,1012.2892456054688,428.5741882324219,1046.147705078125
1447.png,0,0,0,0.006359947379678488,2596.693115234375,165.59710693359375,2606.175048828125,179.8513641357422
1447.png,0,0,0,0.006359155289828777,1707.223876953125,429.42315673828125,1721.7525634765625,466.1356506347656
1447.png,0,0,0,0.006358245387673378,2263.478759765625,1382.6943359375,2273.213134765625,1402.1929931640625
1447.png,0,0,0,0.006354516837745905,2266.721923828125,121.90970611572266,2274.7412109375,140.92930603027344
1447.png,0,0,0,0.006341505330055952,2631.527587890625,131.0455322265625,2643.15283203125,142.58680725097656
1447.png,0,0,0,0.006339008919894695,49.554378509521484,2041.8465576171875,69.30561065673828,2061.49755859375
1447.png,0,0,0,0.006327125709503889,2563.062744140625,6.742796897888184,2580.98046875,27.000446319580078
1447.png,0,0,0,0.006299652624875307,979.1522216796875,96.84040832519531,993.9164428710938,120.45602416992188
1447.png,0,0,0,0.006272508297115564,1421.431884765625,494.1326599121094,1429.2283935546875,507.5918273925781
1447.png,0,0,0,0.006259788293391466,819.7073364257812,470.2110900878906,841.006591796875,504.0260314941406
1447.png,0,0,0,0.006243954412639141,889.3303833007812,356.0103454589844,906.814453125,405.06915283203125
1447.png,0,0,0,0.00622653029859066,1521.3087158203125,1168.1917724609375,1533.9957275390625,1179.606689453125
1447.png,0,0,0,0.006220379378646612,307.7187805175781,2386.412353515625,315.1280822753906,2398.361328125
1447.png,0,0,0,0.006195080000907183,1852.9425048828125,910.0901489257812,1866.6539306640625,921.9590454101562
1447.png,0,0,0,0.006191701628267765,351.1148681640625,1242.199951171875,371.63525390625,1256.35986328125
1447.png,0,0,0,0.006172928027808666,2713.72705078125,1638.1439208984375,2718.101318359375,1656.0770263671875
1447.png,0,0,0,0.0061600785702466965,276.5228576660156,2266.703125,292.0291748046875,2282.6513671875
1447.png,0,0,0,0.006153441034257412,1163.3851318359375,53.71043014526367,1178.5284423828125,69.62074279785156
1447.png,0,0,0,0.006132070906460285,1926.5172119140625,19.878084182739258,1940.9810791015625,34.841983795166016
1447.png,0,0,0,0.006125930231064558,1405.8756103515625,725.3109130859375,1423.366455078125,735.947021484375
1447.png,0,0,0,0.006048023700714111,2530.691162109375,410.0941467285156,2546.43017578125,431.0180969238281
1447.png,0,0,0,0.005991196259856224,2443.307861328125,54.473148345947266,2458.23486328125,70.35237121582031
1447.png,0,0,0,0.005986461415886879,563.6181640625,1407.6173095703125,579.5573120117188,1464.6436767578125
1447.png,0,0,0,0.00596923753619194,1012.6994018554688,1.4919553995132446,1030.1119384765625,24.91702651977539
1447.png,0,0,0,0.005957148503512144,420.65606689453125,1441.1514892578125,439.3736572265625,1465.941650390625
1447.png,0,0,0,0.005952931474894285,1898.8782958984375,298.6456604003906,1908.773193359375,321.0821228027344
1447.png,0,0,0,0.005942311137914658,1597.561767578125,1420.285888671875,1607.8856201171875,1436.7322998046875
1447.png,0,0,0,0.005908886902034283,867.2894287109375,1348.8367919921875,876.9677124023438,1371.039306640625
1447.png,0,0,0,0.005903332028537989,11.931859016418457,1795.7469482421875,29.906888961791992,1823.982666015625
1447.png,0,0,0,0.005855140276253223,679.7056884765625,496.08331298828125,692.9676513671875,512.6846313476562
1447.png,0,0,0,0.005845267325639725,416.5014953613281,1390.2366943359375,427.7831115722656,1426.8094482421875
1447.png,0,0,0,0.0058447024784982204,712.3779907226562,575.1884155273438,729.0958862304688,605.72998046875
1447.png,0,0,0,0.005825858097523451,2308.701416015625,455.69342041015625,2323.2685546875,469.3848876953125
1447.png,0,0,0,0.005792522337287664,899.185791015625,638.6932983398438,907.7459106445312,663.0779418945312
1447.png,0,0,0,0.005791292060166597,1937.4984130859375,401.8930358886719,1955.245849609375,430.32061767578125
1447.png,0,0,0,0.005772775504738092,560.2745361328125,2039.3243408203125,572.9885864257812,2064.457275390625
1447.png,0,0,0,0.005757532548159361,1825.53515625,610.991455078125,1833.4605712890625,630.3172607421875
1447.png,0,0,0,0.005752318538725376,1866.587158203125,429.2767333984375,1892.4083251953125,452.1617126464844
1447.png,0,0,0,0.005740778055042028,1670.857421875,359.2080993652344,1687.5885009765625,392.8335876464844
1447.png,0,0,0,0.005730004981160164,665.2362060546875,910.1570434570312,683.9189453125,946.8533325195312
1447.png,0,0,0,0.005729798227548599,868.3958740234375,451.5430603027344,885.77197265625,475.6096496582031
1447.png,0,0,0,0.005728418938815594,2789.958740234375,239.32559204101562,2805.793701171875,250.9962158203125
1447.png,0,0,0,0.0057233721017837524,1676.5748291015625,1126.4609375,1684.7855224609375,1144.7701416015625
1447.png,0,0,0,0.005700034089386463,608.3721313476562,1144.5211181640625,624.4495849609375,1181.5587158203125
1447.png,0,0,0,0.005699207540601492,2380.07421875,585.9871215820312,2389.5712890625,614.665283203125
1447.png,0,0,0,0.00569916982203722,1000.750244140625,0.0,1024.8739013671875,24.957256317138672
1447.png,0,0,0,0.005692035425454378,2888.38623046875,380.2405090332031,2901.73974609375,394.0146484375
1447.png,0,0,0,0.005689067300409079,609.864990234375,1129.0924072265625,642.7506103515625,1160.168212890625
1447.png,0,0,0,0.005687621422111988,492.9118347167969,2793.98388671875,500.53265380859375,2807.244140625
1447.png,0,0,0,0.005682559683918953,1452.205810546875,1240.863037109375,1463.658203125,1266.2640380859375
1447.png,0,0,0,0.005671136546880007,2451.147705078125,373.83233642578125,2460.900634765625,394.218505859375
1447.png,0,0,0,0.0056580062955617905,2603.873779296875,385.19708251953125,2617.664794921875,402.8300476074219
1447.png,0,0,0,0.005652131512761116,963.9295654296875,207.34535217285156,979.6268920898438,239.6344451904297
1447.png,0,0,0,0.005638551898300648,418.9010925292969,2089.10205078125,440.2933654785156,2115.00048828125
1447.png,0,0,0,0.005621027667075396,477.7668762207031,1682.072265625,499.0566711425781,1703.1978759765625
1447.png,0,0,0,0.005611507222056389,495.2667541503906,2344.20458984375,510.8940124511719,2358.906005859375
1447.png,0,0,0,0.005604947451502085,2007.1160888671875,461.3369445800781,2015.06005859375,479.02252197265625
1447.png,0,0,0,0.0055846101604402065,1149.5989990234375,352.7243957519531,1164.3402099609375,363.19036865234375
1447.png,0,0,0,0.005577928386628628,2005.5545654296875,396.6249694824219,2017.804931640625,429.8189392089844
1447.png,0,0,0,0.005562684964388609,2345.833740234375,1501.5692138671875,2359.38330078125,1533.858642578125
1447.png,0,0,0,0.005562189035117626,1566.4481201171875,313.568115234375,1573.79150390625,332.04669189453125
1447.png,0,0,0,0.005559583660215139,1457.1580810546875,1246.3214111328125,1467.5390625,1279.88134765625
1447.png,0,0,0,0.005558648146688938,1751.68505859375,365.12420654296875,1767.3643798828125,393.45379638671875
1447.png,0,0,0,0.00551916379481554,1496.724365234375,714.6273803710938,1511.8946533203125,731.6142578125
1447.png,0,0,0,0.005518509075045586,2637.837646484375,1639.489501953125,2645.22216796875,1657.841064453125
1447.png,0,0,0,0.005503631196916103,55.42544937133789,929.341552734375,72.18016052246094,953.4238891601562
1447.png,0,0,0,0.005494428798556328,2726.68603515625,1201.8055419921875,2753.719970703125,1213.7730712890625
1447.png,0,0,0,0.00549077894538641,2343.373779296875,873.125732421875,2360.469482421875,895.127197265625
1447.png,0,0,0,0.005486864130944014,2562.959716796875,1716.6240234375,2573.441162109375,1739.4432373046875
1447.png,0,0,0,0.005469539202749729,1714.4041748046875,299.8321838378906,1724.8326416015625,322.0531921386719
1447.png,0,0,0,0.005466432310640812,2555.2236328125,531.0653686523438,2568.933349609375,549.6661987304688
1447.png,0,0,0,0.005465051159262657,1894.9197998046875,1491.7086181640625,1903.70751953125,1508.5130615234375
1447.png,0,0,0,0.005462205968797207,2489.867919921875,353.8084716796875,2498.825439453125,367.3139343261719
1447.png,0,0,0,0.005459468811750412,2524.07470703125,32.219932556152344,2533.702392578125,60.26912307739258
1447.png,0,0,0,0.005430361721664667,2642.565673828125,576.1290893554688,2656.946533203125,588.1260986328125
1447.png,0,0,0,0.0053916070610284805,572.8250732421875,1924.019287109375,589.5027465820312,1954.0189208984375
1447.png,0,0,0,0.005388549994677305,1959.135498046875,96.38846588134766,1977.6444091796875,124.11140441894531
1447.png,0,0,0,0.00538592366501689,1453.3701171875,960.641357421875,1469.4847412109375,987.37255859375
1447.png,0,0,0,0.005359006114304066,461.02008056640625,1229.9825439453125,476.9930725097656,1251.9617919921875
1447.png,0,0,0,0.005358551628887653,2261.0791015625,684.7425537109375,2273.82275390625,699.5721435546875
1447.png,0,0,0,0.005358236376196146,2641.96044921875,37.12571716308594,2656.287353515625,61.09077072143555
1447.png,0,0,0,0.005350366234779358,1606.7261962890625,279.66607666015625,1621.8797607421875,295.1249084472656
1447.png,0,0,0,0.005344855133444071,1608.865966796875,17.224159240722656,1644.84375,34.016536712646484
1447.png,0,0,0,0.00534054497256875,1381.55126953125,527.5699462890625,1387.2796630859375,542.0532836914062
1447.png,0,0,0,0.005302246659994125,229.11155700683594,1085.302734375,240.41213989257812,1107.1651611328125
1447.png,0,0,0,0.00528721883893013,606.7855834960938,1559.270751953125,646.9163818359375,1587.1610107421875
1447.png,0,0,0,0.005279089789837599,1417.6424560546875,452.01959228515625,1425.751708984375,468.87255859375
1447.png,0,0,0,0.005275590345263481,1561.584716796875,585.4879760742188,1571.051513671875,614.7665405273438
1447.png,0,0,0,0.005269758403301239,424.2467041015625,2203.385009765625,439.72039794921875,2234.419189453125
1447.png,0,0,0,0.0052651409059762955,646.4844970703125,1057.5084228515625,664.6831665039062,1091.2945556640625
1447.png,0,0,0,0.00526024354621768,510.30108642578125,1239.2457275390625,536.0695190429688,1257.4466552734375
1447.png,0,0,0,0.0052468073554337025,461.99114990234375,1538.4180908203125,497.1247253417969,1577.3021240234375
1447.png,0,0,0,0.005240240599960089,1114.60302734375,1309.6624755859375,1127.45361328125,1327.7718505859375
1447.png,0,0,0,0.005239348392933607,531.8046875,1075.7451171875,573.164306640625,1106.17724609375
1447.png,0,0,0,0.005236006807535887,2420.2119140625,626.0375366210938,2436.2138671875,652.3291015625
1447.png,0,0,0,0.005235000979155302,2825.880615234375,298.264892578125,2839.394287109375,319.64813232421875
1447.png,0,0,0,0.0052277278155088425,2933.210693359375,1897.7071533203125,2940.8525390625,1918.1900634765625
1447.png,0,0,0,0.005208722781389952,2473.26416015625,133.7526092529297,2495.166015625,148.97702026367188
1447.png,0,0,0,0.005206391215324402,597.4613647460938,1277.7596435546875,610.3705444335938,1314.05126953125
1447.png,0,0,0,0.0052024065516889095,5.368150234222412,1387.653076171875,18.59281349182129,1401.0927734375
1447.png,0,0,0,0.005201347637921572,2779.669677734375,1532.6807861328125,2790.747314453125,1545.552978515625
1447.png,0,0,0,0.005177243612706661,603.2708740234375,2313.888671875,619.299560546875,2326.66552734375
1447.png,0,0,0,0.005171323195099831,411.0057067871094,1315.866943359375,425.1308898925781,1346.40771484375
1447.png,0,0,0,0.005156902130693197,2157.53759765625,161.18197631835938,2164.470947265625,181.51583862304688
1447.png,0,0,0,0.005151029210537672,629.4861450195312,576.8917236328125,646.9197998046875,594.9663696289062
1447.png,0,0,0,0.005138689652085304,2528.392822265625,212.4718780517578,2536.712890625,245.037841796875
1447.png,0,0,0,0.005129089113324881,120.99472045898438,236.57754516601562,141.38510131835938,268.1455078125
1447.png,0,0,0,0.005122076254338026,481.7701110839844,1539.614990234375,502.44390869140625,1576.42578125
1447.png,0,0,0,0.005092405714094639,272.641357421875,1285.139892578125,289.835205078125,1316.917236328125
1447.png,0,0,0,0.005091809201985598,2736.291748046875,243.72523498535156,2753.749755859375,256.1777038574219
1447.png,0,0,0,0.005087148863822222,1229.8206787109375,42.25857925415039,1238.6365966796875,61.01136016845703
1447.png,0,0,0,0.005085375159978867,634.6009521484375,1795.049560546875,647.0755615234375,1813.8006591796875
1447.png,0,0,0,0.005080923903733492,705.3201904296875,1647.0159912109375,720.9072265625,1663.686279296875
1447.png,0,0,0,0.005074573680758476,2414.8857421875,178.97769165039062,2428.71630859375,208.18014526367188
1447.png,0,0,0,0.005068683996796608,1843.4537353515625,390.8891296386719,1868.8829345703125,405.08966064453125
1447.png,0,0,0,0.005068409722298384,828.4407348632812,55.402896881103516,846.2017822265625,74.84013366699219
1447.png,0,0,0,0.005063770804554224,569.149658203125,1971.85498046875,584.64111328125,1999.1781005859375
1447.png,0,0,0,0.0050574131309986115,349.5413513183594,2676.14697265625,363.60955810546875,2695.107666015625
1447.png,0,0,0,0.005042339209467173,416.3810729980469,1402.4051513671875,434.4309997558594,1437.3045654296875
1447.png,0,0,0,0.005026381462812424,608.6555786132812,859.0857543945312,625.9185791015625,876.171630859375
1447.png,0,0,0,0.005004800856113434,1127.2357177734375,353.612548828125,1143.5458984375,365.320556640625
1447.png,0,0,0,0.004997077398002148,1087.8779296875,391.37664794921875,1095.795654296875,403.6479187011719
1447.png,0,0,0,0.004988417029380798,820.3663330078125,1607.60791015625,831.7028198242188,1619.649169921875
1447.png,0,0,0,0.004987430293112993,535.0275268554688,1421.881103515625,562.2349243164062,1448.208984375
1447.png,0,0,0,0.004984378349035978,72.60883331298828,2466.495361328125,93.45182800292969,2525.04638671875
1447.png,0,0,0,0.004982704762369394,311.7294006347656,1346.7294921875,327.9113464355469,1368.7498779296875
1447.png,0,0,0,0.004982409067451954,757.2339477539062,1057.0797119140625,775.381591796875,1089.592529296875
1447.png,0,0,0,0.004973422270268202,676.7227783203125,1648.6025390625,693.5289306640625,1672.331787109375
1447.png,0,0,0,0.004940422717481852,2334.467041015625,2788.484375,2347.2119140625,2805.774658203125
1447.png,0,0,0,0.004932302050292492,385.9859619140625,1439.1671142578125,402.1848449707031,1465.6007080078125
1447.png,0,0,0,0.00492826197296381,2013.6961669921875,752.4575805664062,2030.7183837890625,768.68505859375
1447.png,0,0,0,0.0049086748622357845,1230.3748779296875,485.35626220703125,1238.3707275390625,505.3087158203125
1447.png,0,0,0,0.004907254129648209,2087.628662109375,555.3131103515625,2103.958740234375,578.4995727539062
1447.png,0,0,0,0.004904753528535366,143.25863647460938,2323.84521484375,166.84861755371094,2355.450927734375
1447.png,0,0,0,0.004892801400274038,905.035888671875,132.65858459472656,929.3771362304688,170.232177734375
1447.png,0,0,0,0.0048899417743086815,387.48138427734375,719.1438598632812,403.08953857421875,737.8645629882812
1447.png,0,0,0,0.004887928254902363,2918.569580078125,1345.6695556640625,2938.564453125,1363.611083984375
1447.png,0,0,0,0.004873167257755995,329.44927978515625,1131.879638671875,351.21337890625,1161.8287353515625
1447.png,0,0,0,0.0048641846515238285,1451.2325439453125,1085.275634765625,1460.7861328125,1103.302734375
1447.png,0,0,0,0.004862179048359394,423.7449951171875,1130.40625,440.329345703125,1174.935791015625
1447.png,0,0,0,0.004850820172578096,53.81858825683594,1278.71044921875,69.21759796142578,1310.5889892578125
1447.png,0,0,0,0.004846591502428055,1074.4185791015625,830.2499389648438,1090.400390625,846.587158203125
1447.png,0,0,0,0.004843595903366804,2856.94140625,1421.3665771484375,2865.136962890625,1436.6761474609375
1447.png,0,0,0,0.004841437563300133,313.9020080566406,2448.661376953125,329.35906982421875,2465.922119140625
1447.png,0,0,0,0.004838521126657724,1234.1627197265625,345.4884948730469,1239.5601806640625,359.41387939453125
1456.png,0,0,0,0.018621942028403282,188.4029083251953,1349.8795166015625,203.32101440429688,1366.0291748046875
1456.png,0,0,0,0.013350159861147404,2631.470947265625,1020.0487060546875,2642.85400390625,1029.6053466796875
1456.png,0,0,0,0.011163519695401192,553.4996337890625,2795.22314453125,580.3212280273438,2811.30859375
1456.png,0,0,0,0.010304156690835953,2483.17041015625,16.105194091796875,2494.990966796875,30.140127182006836
1456.png,0,0,0,0.008395275101065636,637.7449951171875,2493.5,647.0546875,2508.083984375
1456.png,0,0,0,0.008133258670568466,2926.48388671875,20.77543830871582,2939.043701171875,33.65592956542969
1456.png,0,0,0,0.00781940296292305,44.078094482421875,2794.71337890625,55.762142181396484,2804.229248046875
1456.png,0,0,0,0.0071021392941474915,670.634765625,19.401033401489258,683.904052734375,30.284141540527344
1456.png,0,0,0,0.007026318926364183,2782.077392578125,14.875579833984375,2791.63330078125,30.338462829589844
1456.png,0,0,0,0.006870435085147619,10.151534080505371,1575.4144287109375,21.723711013793945,1596.1119384765625
1456.png,0,0,0,0.006726890802383423,154.42041015625,1830.9337158203125,166.4213104248047,1841.0677490234375
1456.png,0,0,0,0.006523036863654852,47.82889938354492,2609.992919921875,59.19584274291992,2626.703857421875
1456.png,0,0,0,0.0063999118283391,2749.6201171875,58.080265045166016,2766.0361328125,73.80352020263672
1456.png,0,0,0,0.0061491415835917,166.3164520263672,1348.53662109375,186.21792602539062,1367.6190185546875
1456.png,0,0,0,0.006126833613961935,753.9314575195312,2790.4296875,761.5925903320312,2804.651611328125
1456.png,0,0,0,0.006024892441928387,743.9078369140625,2455.11572265625,757.828857421875,2473.75048828125
1456.png,0,0,0,0.00572389317676425,743.0732421875,2495.003173828125,757.7652587890625,2509.569091796875
1456.png,0,0,0,0.005684338044375181,17.75261116027832,1256.3927001953125,34.23795700073242,1282.2218017578125
1456.png,0,0,0,0.0054644313640892506,163.2812042236328,1269.031982421875,182.434814453125,1286.357666015625
1456.png,0,0,0,0.005462454631924629,2884.899658203125,59.17024230957031,2901.589599609375,68.88459777832031
1456.png,0,0,0,0.005402593407779932,561.667236328125,1648.355712890625,573.2294921875,1656.8287353515625
1456.png,0,0,0,0.005296184215694666,340.849365234375,2752.775390625,351.38543701171875,2763.630859375
1456.png,0,0,0,0.005266959313303232,384.5796203613281,2756.39501953125,391.955078125,2767.659912109375
1456.png,0,0,0,0.005225729662925005,129.1836700439453,1561.7734375,146.65310668945312,1579.48193359375
1456.png,0,0,0,0.005119780544191599,2596.84423828125,941.6640625,2605.947265625,953.1412353515625
1456.png,0,0,0,0.005083703901618719,1198.247802734375,2781.98876953125,1209.987548828125,2797.5283203125
1456.png,0,0,0,0.004950277972966433,302.01190185546875,21.99736976623535,314.4132080078125,39.88010787963867
1456.png,0,0,0,0.004893897566944361,2530.5732421875,54.43110275268555,2544.3603515625,70.67454528808594
1456.png,0,0,0,0.0048624007031321526,603.3216552734375,2642.601806640625,613.9420776367188,2659.869873046875
1456.png,0,0,0,0.004854707513004541,772.2635498046875,20.958070755004883,794.70166015625,28.959686279296875
1456.png,0,0,0,0.004845317918807268,13.568428993225098,1578.0087890625,29.611820220947266,1612.508544921875
1456.png,0,0,0,0.00484256399795413,712.4382934570312,2562.232421875,724.603271484375,2581.030517578125
1456.png,0,0,0,0.004767064470797777,12.45506763458252,2733.820068359375,24.387542724609375,2758.59228515625
1456.png,0,0,0,0.004761780612170696,307.9989318847656,1718.0494384765625,314.2893981933594,1729.5384521484375
1456.png,0,0,0,0.004521500319242477,2477.862060546875,96.32124328613281,2494.994140625,105.48428344726562
1456.png,0,0,0,0.004480388946831226,2517.0166015625,1870.841796875,2532.04736328125,1879.5035400390625
1456.png,0,0,0,0.004332551266998053,2630.97998046875,1610.3397216796875,2642.98974609375,1620.6790771484375
1456.png,0,0,0,0.004299934953451157,22.17274284362793,1263.19384765625,55.517913818359375,1283.9951171875
1456.png,0,0,0,0.004262092057615519,609.7549438476562,2494.123291015625,626.1565551757812,2511.612548828125
1456.png,0,0,0,0.00425749272108078,787.3253784179688,2752.432861328125,795.4301147460938,2763.02490234375
1456.png,0,0,0,0.004234085790812969,92.19993591308594,1278.8602294921875,113.39446258544922,1296.423828125
1456.png,0,0,0,0.0041887229308485985,716.0549926757812,2530.7001953125,728.6864013671875,2547.748779296875
1456.png,0,0,0,0.004177773837000132,902.2359008789062,164.41209411621094,906.86328125,177.3141632080078
1456.png,0,0,0,0.00415025046095252,11.600066184997559,1528.6221923828125,25.171953201293945,1545.53271484375
1456.png,0,0,0,0.0041205426678061485,1271.2999267578125,220.83383178710938,1276.99072265625,245.08828735351562
1456.png,0,0,0,0.004102836828678846,36.96543502807617,1536.369873046875,58.369049072265625,1559.394775390625
1456.png,0,0,0,0.0040980116464197636,264.3349304199219,1406.4918212890625,277.2762145996094,1429.496337890625
1456.png,0,0,0,0.004042548593133688,664.031494140625,2312.2724609375,684.016357421875,2325.149169921875
1456.png,0,0,0,0.004034567624330521,444.67718505859375,19.78691864013672,462.172119140625,32.47264862060547
1456.png,0,0,0,0.003980668261647224,54.9029541015625,1567.6241455078125,73.41661834716797,1582.8831787109375
1456.png,0,0,0,0.003969378769397736,45.090736389160156,1929.808349609375,55.589935302734375,1951.95703125
1456.png,0,0,0,0.003924306947737932,552.7673950195312,2695.249755859375,573.8975830078125,2722.44091796875
1456.png,0,0,0,0.0039202249608933926,2005.7808837890625,1347.96533203125,2014.587158203125,1361.034423828125
1456.png,0,0,0,0.0038910266011953354,17.56003761291504,2601.3662109375,31.795013427734375,2623.956787109375
1456.png,0,0,0,0.0038753836415708065,497.4175109863281,2614.642333984375,510.6265563964844,2647.5068359375
1456.png,0,0,0,0.0038535618223249912,739.5097045898438,2425.483642578125,757.8351440429688,2452.96875
1456.png,0,0,0,0.0038488751742988825,2253.9638671875,725.1449584960938,2273.215087890625,734.9509887695312
1456.png,0,0,0,0.0038488716818392277,928.9293212890625,2794.569580078125,942.595947265625,2804.120361328125
1456.png,0,0,0,0.0038296901620924473,829.7278442382812,6.9087371826171875,843.7147827148438,24.456809997558594
1456.png,0,0,0,0.0037894337438046932,122.167724609375,1538.4459228515625,143.1054229736328,1572.4542236328125
1456.png,0,0,0,0.0037474939599633217,2415.244384765625,88.47871398925781,2421.7451171875,104.40869903564453
1456.png,0,0,0,0.0037401735316962004,9.67531967163086,2719.50146484375,22.226369857788086,2741.32666015625
1456.png,0,0,0,0.003705713665112853,11.005705833435059,2535.5830078125,24.547250747680664,2548.034423828125
1456.png,0,0,0,0.0036475963424891233,2594.90966796875,261.9106750488281,2605.90478515625,282.99365234375
1456.png,0,0,0,0.0036218457389622927,16.882173538208008,574.4806518554688,31.048978805541992,587.2980346679688
1456.png,0,0,0,0.003608981380239129,350.9068603515625,2793.55322265625,366.9556884765625,2807.6279296875
1456.png,0,0,0,0.0036000467371195555,268.2210388183594,1606.48193359375,277.5404052734375,1619.4951171875
1456.png,0,0,0,0.003587392857298255,562.17529296875,2127.56787109375,573.1282348632812,2138.291015625
1456.png,0,0,0,0.0035697948187589645,2488.593994140625,2786.51171875,2495.927001953125,2804.589111328125
1456.png,0,0,0,0.0035585754085332155,160.78778076171875,2573.472900390625,174.24362182617188,2587.444580078125
1456.png,0,0,0,0.003524214029312134,2081.93212890625,91.51636505126953,2088.863525390625,106.26039123535156
1456.png,0,0,0,0.003506144741550088,438.5434265136719,2756.734130859375,462.2614440917969,2769.240478515625
1456.png,0,0,0,0.003502123523503542,1493.5189208984375,14.720892906188965,1499.6925048828125,28.3089599609375
1456.png,0,0,0,0.0034842255990952253,90.18695831298828,1389.19287109375,108.558349609375,1419.880859375
1456.png,0,0,0,0.003450609976425767,1999.1722412109375,19.356918334960938,2014.5235595703125,31.345314025878906
1456.png,0,0,0,0.0034380597062408924,2264.551513671875,56.58419418334961,2273.56591796875,69.53248596191406
1456.png,0,0,0,0.0034342145081609488,535.8917236328125,2794.906982421875,577.6803588867188,2806.1787109375
1456.png,0,0,0,0.0034100341144949198,198.52513122558594,1491.9681396484375,214.188720703125,1512.157470703125
1456.png,0,0,0,0.0034016084391623735,716.6854858398438,2747.523193359375,721.6148681640625,2763.369384765625
1456.png,0,0,0,0.003395666601136327,424.5430603027344,15.512197494506836,441.5040283203125,31.525529861450195
1456.png,0,0,0,0.0033951872028410435,8.486026763916016,2683.6259765625,20.91765594482422,2699.9599609375
1456.png,0,0,0,0.0033800287637859583,18.348072052001953,2794.017578125,45.41922378540039,2808.069091796875
1456.png,0,0,0,0.0033557487186044455,10.522881507873535,2490.51904296875,22.29511833190918,2503.285888671875
1456.png,0,0,0,0.0033163984771817923,349.24298095703125,2674.348388671875,359.2424621582031,2688.01416015625
1456.png,0,0,0,0.0033099644351750612,53.47328567504883,2710.716064453125,69.47377014160156,2724.830810546875
1456.png,0,0,0,0.003307133913040161,10.148423194885254,1057.146240234375,19.273860931396484,1072.513916015625
1456.png,0,0,0,0.003302891505882144,646.49169921875,2308.432861328125,664.524169921875,2318.926513671875
1456.png,0,0,0,0.0032722933683544397,2042.9093017578125,1864.368896484375,2051.639404296875,1877.9315185546875
1456.png,0,0,0,0.003270729212090373,714.5430297851562,59.52220916748047,728.1713256835938,75.11239624023438
1456.png,0,0,0,0.0032660532742738724,128.56703186035156,1830.7998046875,148.751953125,1844.078125
1456.png,0,0,0,0.00325633492320776,44.052486419677734,1857.8489990234375,56.031715393066406,1878.7275390625
1456.png,0,0,0,0.003255934454500675,2528.66796875,1922.396240234375,2536.903564453125,1945.4560546875
1456.png,0,0,0,0.0032009598799049854,525.5708618164062,2454.469970703125,536.0328369140625,2470.504638671875
1456.png,0,0,0,0.003190254792571068,677.6762084960938,2749.603759765625,684.26416015625,2764.864013671875
1456.png,0,0,0,0.003176528960466385,273.73797607421875,1277.7855224609375,286.3642883300781,1291.07958984375
1456.png,0,0,0,0.0031660632230341434,2551.990234375,2166.7724609375,2568.930419921875,2178.34326171875
1456.png,0,0,0,0.0031641677487641573,1409.633056640625,463.05828857421875,1423.0997314453125,473.3521728515625
1456.png,0,0,0,0.0031560459174215794,1963.9752197265625,2052.205322265625,1977.5322265625,2062.7861328125
1456.png,0,0,0,0.003154079895466566,1459.3519287109375,58.82907485961914,1474.688232421875,69.60972595214844
1456.png,0,0,0,0.0031386842019855976,866.0941162109375,86.0456771850586,870.3154907226562,102.42569732666016
1456.png,0,0,0,0.0031224682461470366,681.0245361328125,2603.008056640625,692.4644775390625,2621.119873046875
1456.png,0,0,0,0.0030666834209114313,2932.75146484375,1903.8427734375,2943.576904296875,1921.0806884765625
1456.png,0,0,0,0.003049922175705433,545.8956909179688,2684.096435546875,573.161865234375,2720.2626953125
1456.png,0,0,0,0.0030471207574009895,535.9219360351562,2683.3525390625,558.6898193359375,2714.584228515625
1456.png,0,0,0,0.003033246146515012,236.7427978515625,2526.538818359375,242.44818115234375,2541.654296875
1456.png,0,0,0,0.003029398387297988,510.1774597167969,2741.841552734375,536.6851196289062,2760.65771484375
1456.png,0,0,0,0.00301380711607635,2293.1435546875,2791.95654296875,2311.031494140625,2802.24609375
1456.png,0,0,0,0.0030132585670799017,712.5044555664062,2673.093994140625,722.0597534179688,2688.58837890625
1456.png,0,0,0,0.003001017030328512,380.45184326171875,2691.703369140625,400.916259765625,2721.48046875
1456.png,0,0,0,0.0030007914174348116,455.35736083984375,2566.012451171875,462.8815002441406,2580.39453125
1456.png,0,0,0,0.0029961245600134134,1272.715087890625,353.31842041015625,1280.9591064453125,368.8076477050781
1456.png,0,0,0,0.002986076520755887,90.01377868652344,1283.4923095703125,107.08123016357422,1317.5552978515625
1456.png,0,0,0,0.002980993129312992,608.2493286132812,2089.379638671875,621.3511352539062,2103.6630859375
1456.png,0,0,0,0.002977929310873151,276.3874816894531,1311.3890380859375,292.1024475097656,1328.1405029296875
1456.png,0,0,0,0.0029605054296553135,2488.692626953125,2674.083984375,2495.738037109375,2690.261474609375
1456.png,0,0,0,0.0029520217794924974,2365.537109375,114.20124816894531,2384.12841796875,134.8003387451172
1456.png,0,0,0,0.0029419802594929934,783.6835327148438,88.98123931884766,795.0504150390625,103.80168914794922
1456.png,0,0,0,0.002937033073976636,10.168699264526367,1069.6322021484375,20.107154846191406,1095.719482421875
1456.png,0,0,0,0.0029307377990335226,90.56407928466797,1742.208740234375,106.84427642822266,1763.359375
1456.png,0,0,0,0.0029228590428829193,831.3102416992188,133.33724975585938,846.4517822265625,143.75711059570312
1456.png,0,0,0,0.0028998039197176695,756.3772583007812,2708.673828125,767.0444946289062,2724.62158203125
1456.png,0,0,0,0.0028986006509512663,606.6919555664062,2265.507568359375,613.3108520507812,2281.78369140625
1456.png,0,0,0,0.0028739911504089832,1235.5096435546875,254.95492553710938,1245.0418701171875,282.1420593261719
1456.png,0,0,0,0.0028497292660176754,716.647705078125,14.118132591247559,731.5672607421875,29.134201049804688
1456.png,0,0,0,0.0028167562559247017,15.880627632141113,1242.7159423828125,32.48588943481445,1281.08447265625
1456.png,0,0,0,0.0028126235119998455,226.82948303222656,2721.033447265625,240.85130310058594,2729.522216796875
1456.png,0,0,0,0.002807063050568104,11.822595596313477,311.0,26.176652908325195,325.7420654296875
1456.png,0,0,0,0.002785157412290573,1229.4224853515625,380.0748596191406,1238.63037109375,397.117919921875
1456.png,0,0,0,0.0027685370296239853,89.26873016357422,1393.27685546875,108.98560333251953,1428.8834228515625
1456.png,0,0,0,0.002761557698249817,2786.321533203125,2779.60791015625,2793.610107421875,2797.029296875
1456.png,0,0,0,0.0027600375469774008,306.6128234863281,2659.3662109375,315.18341064453125,2684.53466796875
1456.png,0,0,0,0.0027598943561315536,88.5389175415039,2530.723876953125,97.6490478515625,2542.919921875
1456.png,0,0,0,0.002757506910711527,226.84771728515625,1857.8875732421875,240.33409118652344,1872.365234375
1456.png,0,0,0,0.002749671693891287,228.0375518798828,2647.399658203125,240.6782684326172,2666.1064453125
1456.png,0,0,0,0.002746804151684046,2086.1005859375,2792.6806640625,2100.886962890625,2803.9921875
1456.png,0,0,0,0.0027422455605119467,188.9983673095703,1545.1336669921875,203.60032653808594,1575.6439208984375
1456.png,0,0,0,0.002739637391641736,2933.258056640625,2734.652587890625,2949.80419921875,2759.248779296875
1456.png,0,0,0,0.002738574519753456,269.4884948730469,683.6823120117188,277.4521484375,697.9541625976562
1456.png,0,0,0,0.0027328883297741413,607.0945434570312,2329.372802734375,619.55517578125,2352.3857421875
1456.png,0,0,0,0.002730489009991288,898.0253295898438,52.47784423828125,905.9783325195312,65.77709197998047
1456.png,0,0,0,0.002729816362261772,191.51431274414062,1907.0433349609375,204.57386779785156,1917.0166015625
1456.png,0,0,0,0.002728435443714261,2374.706787109375,2794.21484375,2384.74658203125,2804.953369140625
1456.png,0,0,0,0.0027184528298676014,678.7343139648438,2644.156494140625,689.9881591796875,2665.945068359375
1456.png,0,0,0,0.002714075380936265,10.362229347229004,1198.9124755859375,27.158273696899414,1217.5894775390625
1456.png,0,0,0,0.002694885479286313,826.3870849609375,2494.4755859375,834.08740234375,2511.185302734375
1456.png,0,0,0,0.002690848894417286,8.466238975524902,534.1578369140625,19.22805404663086,546.2302856445312
1456.png,0,0,0,0.002686836291104555,1013.0968017578125,2740.18505859375,1019.5914916992188,2759.0205078125
1456.png,0,0,0,0.0026774462312459946,828.1064453125,2788.264892578125,838.5576782226562,2802.260986328125
1456.png,0,0,0,0.002669908571988344,523.0325927734375,2492.1591796875,536.1741333007812,2512.028076171875
1456.png,0,0,0,0.0026196585968136787,2565.548583984375,11.62202262878418,2576.47216796875,27.1423282623291
1456.png,0,0,0,0.002613707911223173,1191.544677734375,346.16473388671875,1201.531982421875,362.4373474121094
1456.png,0,0,0,0.0026104876305907965,193.16067504882812,2087.841064453125,203.68341064453125,2099.174560546875
1456.png,0,0,0,0.002610256662592292,237.38107299804688,2753.964599609375,245.8773651123047,2769.995849609375
1456.png,0,0,0,0.002604671288281679,2522.01171875,2047.8153076171875,2531.95849609375,2063.1171875
1456.png,0,0,0,0.002597832353785634,646.575439453125,22.04792594909668,667.1170043945312,41.431724548339844
1456.png,0,0,0,0.0025953524746000767,364.20281982421875,2793.783203125,388.48046875,2808.72314453125
1456.png,0,0,0,0.002593731041997671,493.73431396484375,2610.299560546875,508.1806640625,2638.79931640625
1456.png,0,0,0,0.0025932725984603167,163.07957458496094,2642.779296875,172.16152954101562,2656.62451171875
1456.png,0,0,0,0.0025798315182328224,311.6990051269531,81.15286254882812,327.3055419921875,101.42774963378906
1456.png,0,0,0,0.0025789751671254635,1236.8978271484375,15.318004608154297,1253.9769287109375,28.346826553344727
1456.png,0,0,0,0.0025728789623826742,276.83740234375,1348.579833984375,291.63519287109375,1369.5274658203125
1456.png,0,0,0,0.002572715049609542,5.988606929779053,1575.6278076171875,41.540077209472656,1599.08642578125
1456.png,0,0,0,0.002567252377048135,39.664920806884766,2609.96484375,58.560848236083984,2647.447998046875
1456.png,0,0,0,0.0025634481571614742,197.9553680419922,2721.03955078125,208.6049041748047,2737.483154296875
1456.png,0,0,0,0.002563050715252757,1188.5029296875,21.420923233032227,1203.0164794921875,35.50725173950195
1456.png,0,0,0,0.002559034852311015,854.1006469726562,132.01046752929688,868.6260986328125,141.0716094970703
1456.png,0,0,0,0.0025588374119251966,415.9146728515625,59.73149871826172,427.9864501953125,75.00159454345703
1456.png,0,0,0,0.0025561179500073195,1520.2498779296875,2493.39404296875,1533.96923828125,2507.85400390625
1456.png,0,0,0,0.002553558675572276,720.4464721679688,2498.584716796875,737.7636108398438,2523.82275390625
1456.png,0,0,0,0.0025519367773085833,644.928466796875,2736.019775390625,660.9722900390625,2763.077392578125
1456.png,0,0,0,0.0025517011526972055,971.9650268554688,2757.441162109375,980.1287841796875,2769.52880859375
1456.png,0,0,0,0.0025437059812247753,10.34253978729248,2079.02392578125,23.216516494750977,2095.10302734375
1456.png,0,0,0,0.00253867800347507,192.69247436523438,1538.4447021484375,204.353515625,1569.3875732421875
1456.png,0,0,0,0.0025361990556120872,1082.6259765625,2787.12060546875,1094.25,2801.19482421875
1456.png,0,0,0,0.0025333608500659466,307.140869140625,2776.49658203125,315.5112609863281,2796.075439453125
1456.png,0,0,0,0.002529777819290757,717.85400390625,2644.34912109375,730.0770874023438,2658.62060546875
1456.png,0,0,0,0.0025229884777218103,47.61550521850586,2684.203125,60.60234451293945,2703.381591796875
1456.png,0,0,0,0.0025204902049154043,714.6837768554688,73.39857482910156,723.2110595703125,97.3562240600586
1456.png,0,0,0,0.0025174792390316725,523.3343505859375,1664.3387451171875,536.1141357421875,1686.7894287109375
1456.png,0,0,0,0.0025168207939714193,1452.5697021484375,19.76176643371582,1461.849853515625,31.268661499023438
1456.png,0,0,0,0.002503415569663048,2308.751708984375,692.6929931640625,2323.865966796875,725.4356079101562
1456.png,0,0,0,0.002502362011000514,97.87107849121094,1288.2579345703125,129.67750549316406,1317.55419921875
1456.png,0,0,0,0.0025019727181643248,570.7074584960938,2307.817138671875,573.865966796875,2319.373046875
1456.png,0,0,0,0.002496606670320034,757.409423828125,19.911235809326172,780.2459106445312,33.4707145690918
1456.png,0,0,0,0.002483731834217906,746.0833740234375,58.58732986450195,759.2353515625,66.22562408447266
1456.png,0,0,0,0.0024791331961750984,200.40744018554688,2735.968017578125,207.84283447265625,2758.6103515625
1456.png,0,0,0,0.0024788056034594774,164.0283660888672,1348.408203125,182.31228637695312,1390.788330078125
1456.png,0,0,0,0.0024759466759860516,905.3690795898438,2196.279052734375,922.0537109375,2212.8046875
1456.png,0,0,0,0.0024547812063246965,2457.8779296875,92.22561645507812,2478.974609375,104.1711654663086
1456.png,0,0,0,0.0024546096101403236,374.5598449707031,51.92439270019531,388.3934020996094,65.37212371826172
1456.png,0,0,0,0.002446606056764722,643.8095703125,2792.832275390625,662.2826538085938,2807.113037109375
1456.png,0,0,0,0.002446094062179327,377.490234375,388.4128723144531,388.1451110839844,401.7639465332031
1456.png,0,0,0,0.002445401856675744,119.35872650146484,2629.938232421875,130.37725830078125,2648.9609375
1456.png,0,0,0,0.0024424605071544647,165.40313720703125,1902.37548828125,180.00975036621094,1916.4923095703125
1456.png,0,0,0,0.0024421934504061937,1221.7447509765625,1426.8690185546875,1238.45947265625,1438.4876708984375
1456.png,0,0,0,0.0024378744419664145,638.5879516601562,2683.3115234375,649.5228881835938,2697.60546875
1456.png,0,0,0,0.0024345230776816607,1530.21630859375,2349.447509765625,1540.0057373046875,2358.713134765625
1456.png,0,0,0,0.0024275733157992363,10.919149398803711,686.941650390625,20.963706970214844,700.5740356445312
1456.png,0,0,0,0.0024262284860014915,16.442853927612305,942.4776611328125,31.68303680419922,956.8526611328125
1456.png,0,0,0,0.0024161175824701786,1268.8409423828125,2128.802001953125,1277.1749267578125,2139.007080078125
1456.png,0,0,0,0.0024159427266567945,927.0699462890625,2195.6025390625,942.7159423828125,2213.20849609375
1456.png,0,0,0,0.00240034400485456,66.7036361694336,1574.48388671875,92.83170318603516,1591.777099609375
1456.png,0,0,0,0.0023994091898202896,117.69783782958984,2608.13134765625,129.46002197265625,2622.97802734375
1456.png,0,0,0,0.002396803814917803,302.57305908203125,2419.3935546875,314.54248046875,2432.275390625
1456.png,0,0,0,0.0023928030859678984,567.5762329101562,2369.6923828125,575.5504150390625,2390.584228515625
1456.png,0,0,0,0.0023874591570347548,1156.9554443359375,2752.031494140625,1164.532958984375,2764.38671875
1456.png,0,0,0,0.002386637032032013,710.4859008789062,2258.8310546875,722.6325073242188,2282.19873046875
1456.png,0,0,0,0.0023788162507116795,2932.589599609375,93.00860595703125,2945.99462890625,112.59135437011719
1456.png,0,0,0,0.0023723565973341465,1858.669677734375,754.7500610351562,1866.6571044921875,770.3126831054688
1456.png,0,0,0,0.0023707749787718058,164.47145080566406,2709.160888671875,174.98666381835938,2723.996337890625
1456.png,0,0,0,0.0023664224427193403,858.1015625,2342.41162109375,869.4478759765625,2368.796875
1456.png,0,0,0,0.0023610147181898355,1272.271240234375,2779.357666015625,1283.1170654296875,2797.205078125
1456.png,0,0,0,0.0023607045877724886,1780.5284423828125,53.53606414794922,1792.7554931640625,68.07511138916016
1456.png,0,0,0,0.0023466083221137524,787.0474243164062,2639.587158203125,795.1279296875,2656.123779296875
1456.png,0,0,0,0.0023403996601700783,967.93505859375,2011.3126220703125,979.7035522460938,2027.12548828125
1456.png,0,0,0,0.0023399910423904657,565.6046142578125,2090.6474609375,573.4586181640625,2103.50634765625
1456.png,0,0,0,0.0023286440409719944,745.0718383789062,353.8465270996094,757.759033203125,364.74700927734375
1456.png,0,0,0,0.0023282209876924753,201.394287109375,1648.662353515625,223.32293701171875,1666.3680419921875
1456.png,0,0,0,0.002320286352187395,2567.362060546875,306.6846618652344,2579.481201171875,322.8690185546875
1456.png,0,0,0,0.002314331941306591,1338.9345703125,90.97216796875,1349.2537841796875,107.64289855957031
1456.png,0,0,0,0.0023110699839890003,386.97882080078125,2007.5174560546875,401.61865234375,2021.984130859375
1456.png,0,0,0,0.002309640171006322,2192.204833984375,127.03822326660156,2200.076171875,141.3618621826172
1456.png,0,0,0,0.002303169574588537,1784.39013671875,206.6178436279297,1793.12548828125,217.048095703125
1456.png,0,0,0,0.0023022680543363094,1163.020751953125,1454.012939453125,1180.190185546875,1470.9095458984375
1456.png,0,0,0,0.0022925983648747206,403.0877380371094,2681.8359375,428.3100280761719,2696.144775390625
1456.png,0,0,0,0.0022650493774563074,560.3826904296875,242.66653442382812,572.9559326171875,254.8412322998047
1456.png,0,0,0,0.002262491500005126,1158.7552490234375,392.4962158203125,1172.589111328125,413.5809020996094
1456.png,0,0,0,0.002253012964501977,543.8579711914062,2794.201171875,582.5733642578125,2813.0
1456.png,0,0,0,0.0022482287604361773,1078.497802734375,2747.63330078125,1090.7711181640625,2761.427490234375
1456.png,0,0,0,0.0022430664394050837,457.9634704589844,50.43549346923828,470.19195556640625,64.00475311279297
1456.png,0,0,0,0.0022333813831210136,2196.305908203125,975.031494140625,2211.96337890625,990.862060546875
1456.png,0,0,0,0.002232462400570512,641.65185546875,30.847579956054688,654.7589721679688,60.26398468017578
1456.png,0,0,0,0.002229583915323019,2485.939697265625,237.54177856445312,2495.13525390625,254.05043029785156
1456.png,0,0,0,0.002229304751381278,312.1805114746094,2749.369384765625,323.6372375488281,2765.836669921875
1456.png,0,0,0,0.002227931749075651,269.2806701660156,1934.7725830078125,277.4085693359375,1951.0931396484375
1456.png,0,0,0,0.002222242532297969,1270.418212890625,1463.70458984375,1276.7310791015625,1477.984619140625
1456.png,0,0,0,0.0022214404307305813,376.3824768066406,1636.208984375,388.133056640625,1651.31689453125
1456.png,0,0,0,0.0022213440388441086,533.3809814453125,1780.04345703125,543.815185546875,1798.3577880859375
1456.png,0,0,0,0.002209336729720235,495.0816345214844,2739.7041015625,520.5093994140625,2759.958740234375
1456.png,0,0,0,0.0022071409039199352,2565.17529296875,2018.3736572265625,2574.095703125,2037.5328369140625
1456.png,0,0,0,0.0022052768617868423,1299.68701171875,318.6407775878906,1313.0908203125,347.9117431640625
1456.png,0,0,0,0.0022003131452947855,969.3335571289062,53.864173889160156,979.8114624023438,65.93577575683594
1456.png,0,0,0,0.002200273098424077,863.341552734375,2492.970703125,869.4274291992188,2509.6787109375
1456.png,0,0,0,0.0021988051012158394,423.53814697265625,2757.682861328125,447.86822509765625,2771.009033203125
1456.png,0,0,0,0.0021945228800177574,380.7419128417969,91.86184692382812,388.4021301269531,107.1329345703125
1456.png,0,0,0,0.0021913843229413033,80.48331451416016,1738.7177734375,111.71903991699219,1746.40966796875
1456.png,0,0,0,0.002186753787100315,2789.285400390625,534.2962646484375,2802.59521484375,552.6201782226562
1456.png,0,0,0,0.0021835484076291323,270.2864990234375,2017.74951171875,278.3752136230469,2031.6632080078125
1456.png,0,0,0,0.0021820268593728542,2451.6376953125,45.40777587890625,2465.181640625,65.5652084350586
1456.png,0,0,0,0.0021819625981152058,1899.0714111328125,1944.9739990234375,1909.7069091796875,1955.884033203125
1456.png,0,0,0,0.0021807856392115355,624.19921875,2536.08251953125,647.2203979492188,2559.83251953125
1456.png,0,0,0,0.0021738652139902115,2366.3681640625,95.3194351196289,2384.1005859375,114.66188049316406
1456.png,0,0,0,0.002171138534322381,531.7120361328125,2388.210693359375,537.460205078125,2401.485107421875
1456.png,0,0,0,0.0021707676351070404,939.853515625,2745.78271484375,943.5855102539062,2760.164794921875
1456.png,0,0,0,0.0021678197663277388,2633.85888671875,1830.1759033203125,2643.359375,1843.343505859375
1456.png,0,0,0,0.0021665566600859165,597.44921875,11.112251281738281,610.0628662109375,31.461021423339844
1456.png,0,0,0,0.0021636649034917355,163.15574645996094,2533.32421875,178.0982208251953,2545.176025390625
1456.png,0,0,0,0.0021560038439929485,1052.0897216796875,2786.23193359375,1068.5887451171875,2799.396728515625
1456.png,0,0,0,0.0021490647923201323,1237.053466796875,2270.0302734375,1251.8980712890625,2280.83447265625
1456.png,0,0,0,0.0021414062939584255,646.0201416015625,2705.457763671875,661.0450439453125,2722.611572265625
1456.png,0,0,0,0.002141031203791499,2346.87109375,94.9516372680664,2362.81591796875,110.74858093261719
1456.png,0,0,0,0.0021386954467743635,2041.0587158203125,51.801719665527344,2051.955322265625,66.32532501220703
1456.png,0,0,0,0.0021365799475461245,153.02215576171875,1573.7235107421875,169.4931640625,1612.49365234375
1456.png,0,0,0,0.0021312797907739878,155.0811309814453,1570.7896728515625,172.58383178710938,1590.7452392578125
1456.png,0,0,0,0.0021127075888216496,234.32095336914062,2772.443603515625,244.65782165527344,2795.8046875
1456.png,0,0,0,0.00210567913018167,2518.187744140625,38.572784423828125,2551.03857421875,47.0731201171875
1456.png,0,0,0,0.0020966639276593924,265.9404602050781,2653.9482421875,278.3163757324219,2684.64599609375
1456.png,0,0,0,0.0020888308063149452,2852.38427734375,19.741092681884766,2873.188232421875,37.76174545288086
1456.png,0,0,0,0.002085851039737463,226.85655212402344,312.21966552734375,240.3069305419922,325.5605773925781
1456.png,0,0,0,0.002084683161228895,2307.761474609375,38.03948211669922,2325.760498046875,61.72195053100586
1456.png,0,0,0,0.0020785329397767782,91.16458129882812,1404.5078125,129.50405883789062,1431.3797607421875
1456.png,0,0,0,0.0020772407297044992,93.35487365722656,1279.2657470703125,129.4824676513672,1297.8192138671875
1456.png,0,0,0,0.002075962955132127,85.4588851928711,2572.16162109375,98.67230987548828,2583.51953125
1456.png,0,0,0,0.0020742143969982862,201.44775390625,1790.3160400390625,214.2853546142578,1806.2093505859375
1456.png,0,0,0,0.0020739370957016945,1635.940185546875,2786.31298828125,1645.248779296875,2802.268798828125
1456.png,0,0,0,0.0020701291505247355,12.287768363952637,2417.478759765625,21.885175704956055,2432.59521484375
1456.png,0,0,0,0.0020683843176811934,904.3569946289062,2795.054443359375,925.5006103515625,2808.6865234375
1456.png,0,0,0,0.002065213629975915,1199.2264404296875,29.884634017944336,1208.646484375,60.147979736328125
1456.png,0,0,0,0.0020643556490540504,601.804443359375,1974.46533203125,610.198974609375,1986.69677734375
1456.png,0,0,0,0.0020610785577446222,163.8616943359375,1538.5167236328125,182.26385498046875,1571.6343994140625
1456.png,0,0,0,0.0020605509635061026,1269.9080810546875,1377.76708984375,1280.7882080078125,1400.439453125
1456.png,0,0,0,0.0020585223101079464,40.920894622802734,942.876220703125,55.51022720336914,954.2506103515625
1456.png,0,0,0,0.0020577397663146257,376.1252136230469,2698.68212890625,408.14013671875,2708.321044921875
1456.png,0,0,0,0.002057135570794344,757.212890625,91.40803527832031,772.201416015625,105.55838012695312
1456.png,0,0,0,0.002052211668342352,162.12661743164062,1749.812744140625,172.8230743408203,1766.0921630859375
1456.png,0,0,0,0.0020506498403847218,165.75648498535156,1288.795654296875,180.88153076171875,1320.7572021484375
1456.png,0,0,0,0.0020467580761760473,1362.684326171875,2794.569580078125,1386.12939453125,2806.71923828125
1456.png,0,0,0,0.002045975299552083,2024.781005859375,2794.935546875,2051.857177734375,2806.018310546875
1456.png,0,0,0,0.002044943394139409,939.026611328125,2067.3056640625,952.39404296875,2094.3251953125
1456.png,0,0,0,0.002040207851678133,609.4057006835938,2536.30078125,628.3922729492188,2558.443359375
1456.png,0,0,0,0.0020383563823997974,489.1591491699219,1940.371826171875,499.1619567871094,1951.936767578125
1456.png,0,0,0,0.0020353165455162525,1410.1688232421875,19.781719207763672,1423.3795166015625,34.63410186767578
1456.png,0,0,0,0.0020298438612371683,712.1649169921875,1127.9617919921875,721.0380859375,1141.3551025390625
1456.png,0,0,0,0.0020296440925449133,2419.2822265625,122.31974029541016,2424.98095703125,140.11843872070312
1456.png,0,0,0,0.0020237434655427933,1125.0096435546875,2756.176025390625,1132.1387939453125,2770.0439453125
1456.png,0,0,0,0.002020898973569274,2864.264892578125,57.011627197265625,2885.400146484375,70.26566314697266
1456.png,0,0,0,0.002020462416112423,2376.858154296875,538.0540771484375,2385.354248046875,550.6522216796875
1456.png,0,0,0,0.002019456820562482,412.2549133300781,2764.376708984375,429.8039855957031,2795.568359375
1456.png,0,0,0,0.0020172276999801397,165.2784423828125,2048.135986328125,178.9767303466797,2063.06982421875
1456.png,0,0,0,0.0020163196604698896,2713.662109375,1977.51611328125,2726.78662109375,1995.640625
1456.png,0,0,0,0.002012282144278288,6.807435035705566,127.92835998535156,19.246320724487305,140.72996520996094
1456.png,0,0,0,0.0020070031750947237,529.8378295898438,2014.33984375,537.047119140625,2027.291015625
1456.png,0,0,0,0.002006164751946926,1384.7332763671875,20.53977394104004,1401.6973876953125,38.692176818847656
1456.png,0,0,0,0.002005729591473937,940.5864868164062,5.931478500366211,956.82275390625,25.143043518066406
1456.png,0,0,0,0.0020038255024701357,2932.89794921875,2194.791748046875,2944.873046875,2214.663330078125
1456.png,0,0,0,0.0020031367894262075,2634.4033203125,2419.5810546875,2643.15673828125,2432.148193359375
1456.png,0,0,0,0.0020021838136017323,386.2607421875,2684.164306640625,405.6683044433594,2705.8681640625
1456.png,0,0,0,0.002000149805098772,977.099609375,2762.816162109375,988.65771484375,2795.363525390625
1456.png,0,0,0,0.0019807685166597366,676.6594848632812,2671.010498046875,685.4069213867188,2687.714111328125
1456.png,0,0,0,0.0019786457996815443,1490.1641845703125,607.5145874023438,1497.2867431640625,621.3749389648438
1456.png,0,0,0,0.0019769910722970963,2236.1796875,725.3283081054688,2261.703125,743.1480102539062
1456.png,0,0,0,0.0019765528850257397,53.18428421020508,712.9866943359375,61.68934631347656,727.8082275390625
1456.png,0,0,0,0.001971573568880558,1193.5482177734375,92.61909484863281,1201.58837890625,110.26188659667969
1456.png,0,0,0,0.0019620629027485847,1999.982666015625,272.54986572265625,2014.5062255859375,289.2244873046875
1456.png,0,0,0,0.0019567059352993965,2494.744873046875,1870.8905029296875,2512.8720703125,1882.9765625
1456.png,0,0,0,0.001950855483300984,934.5096435546875,96.43930053710938,943.3751831054688,113.11334228515625
1456.png,0,0,0,0.0019474659347906709,180.10400390625,1314.6527099609375,203.4520263671875,1353.6710205078125
1456.png,0,0,0,0.001945416908711195,1340.099365234375,2015.5413818359375,1349.3929443359375,2027.1124267578125
1456.png,0,0,0,0.0019343586172908545,1965.487060546875,414.05792236328125,1977.7247314453125,432.5267639160156
1456.png,0,0,0,0.0019294111989438534,534.4730224609375,2798.866943359375,568.127197265625,2813.0
1456.png,0,0,0,0.0019215132342651486,13.267051696777344,2270.46142578125,21.360445022583008,2288.603271484375
1456.png,0,0,0,0.0019200029782950878,460.64312744140625,2009.1492919921875,471.4085388183594,2023.8162841796875
1456.png,0,0,0,0.0019176123896613717,1861.4893798828125,12.426907539367676,1871.226318359375,26.442453384399414
1456.png,0,0,0,0.0019151068991050124,783.7994384765625,1130.8936767578125,795.80322265625,1138.93017578125
1456.png,0,0,0,0.00191413180436939,535.8895874023438,2685.947021484375,553.7403564453125,2722.0263671875
1456.png,0,0,0,0.0019066963577643037,193.2378387451172,2571.916259765625,204.46078491210938,2578.71875
1456.png,0,0,0,0.0019037630409002304,2605.817138671875,1019.3274536132812,2625.655517578125,1032.3680419921875
1456.png,0,0,0,0.0019034894648939371,488.7229919433594,2560.995361328125,499.7023010253906,2576.2470703125
1456.png,0,0,0,0.0018995426362380385,275.0216064453125,2753.0751953125,289.25677490234375,2764.21875
1456.png,0,0,0,0.0018782824045047164,1338.237548828125,2165.939697265625,1349.1905517578125,2176.404052734375
1456.png,0,0,0,0.001870404346846044,417.39776611328125,2236.977294921875,425.3550109863281,2249.828369140625
1456.png,0,0,0,0.0018694725586101413,1860.6318359375,84.66492462158203,1867.7139892578125,98.65593719482422
1456.png,0,0,0,0.0018671589205041528,818.073974609375,2773.04541015625,852.5650024414062,2785.543701171875
1456.png,0,0,0,0.0018667421536520123,2566.7841796875,115.56947326660156,2578.776611328125,135.43338012695312
1457.png,0,0,0,0.04026691988110542,2201.213134765625,535.58740234375,2209.56787109375,555.353515625
1457.png,0,0,0,0.03653760254383087,1241.8115234375,2575.67822265625,1267.355224609375,2595.328369140625
1457.png,0,0,0,0.035231828689575195,2237.377197265625,1346.0162353515625,2245.90576171875,1364.0501708984375
1457.png,0,0,0,0.034826286137104034,1512.8421630859375,1079.265380859375,1529.1319580078125,1091.4671630859375
1457.png,0,0,0,0.029776083305478096,2652.441650390625,655.9649658203125,2667.134521484375,663.2620239257812
1457.png,0,0,0,0.0287175290286541,1171.9091796875,2614.29150390625,1208.8458251953125,2648.560791015625
1457.png,0,0,0,0.028687382116913795,2347.978759765625,733.040771484375,2360.37548828125,744.1493530273438
1457.png,0,0,0,0.027974076569080353,1515.1668701171875,1105.3197021484375,1530.356201171875,1125.2362060546875
1457.png,0,0,0,0.02670510672032833,1436.669921875,261.8826904296875,1453.5010986328125,274.7529296875
1457.png,0,0,0,0.02532646246254444,2129.716064453125,43.14498519897461,2168.21826171875,55.36978530883789
1457.png,0,0,0,0.025078125298023224,2615.776611328125,42.087554931640625,2629.05810546875,53.08930969238281
1457.png,0,0,0,0.024609893560409546,2055.613525390625,81.53551483154297,2098.27587890625,98.63861846923828
1457.png,0,0,0,0.02450691908597946,1509.26318359375,1079.271728515625,1554.197021484375,1106.6204833984375
1457.png,0,0,0,0.024200977757573128,2465.6953125,2151.721923828125,2478.643798828125,2167.96728515625
1457.png,0,0,0,0.02419096790254116,2707.70361328125,1156.041259765625,2743.92724609375,1187.3271484375
1457.png,0,0,0,0.024182550609111786,1165.3643798828125,2632.366455078125,1188.2904052734375,2656.58642578125
1457.png,0,0,0,0.023968616500496864,494.29669189453125,2341.39501953125,518.0655517578125,2353.5078125
1457.png,0,0,0,0.02343318983912468,2339.6083984375,1885.123291015625,2360.158935546875,1898.3638916015625
1457.png,0,0,0,0.02311490848660469,2705.424560546875,1156.012939453125,2735.14404296875,1180.4757080078125
1457.png,0,0,0,0.02252778969705105,2513.399658203125,1937.782958984375,2529.650146484375,1963.3787841796875
1457.png,0,0,0,0.021407702937722206,2276.7255859375,803.7192993164062,2298.177490234375,820.9171752929688
1457.png,0,0,0,0.020722121000289917,354.274658203125,2613.9072265625,367.2678527832031,2647.2294921875
1457.png,0,0,0,0.02039739303290844,1739.9736328125,270.7633361816406,1761.818359375,282.6837158203125
1457.png,0,0,0,0.020388096570968628,2841.599365234375,2224.73193359375,2863.626220703125,2242.1787109375
1457.png,0,0,0,0.02031322382390499,1430.23486328125,1956.368408203125,1439.148681640625,1973.4444580078125
1457.png,0,0,0,0.019843420013785362,274.0314025878906,2614.0322265625,295.7819519042969,2626.508056640625
1457.png,0,0,0,0.019782163202762604,2664.67626953125,964.0626220703125,2705.44873046875,984.188720703125
1457.png,0,0,0,0.019738199189305305,768.2593383789062,1116.99755859375,786.7305297851562,1130.0877685546875
1457.png,0,0,0,0.019474796950817108,2279.07861328125,733.7915649414062,2296.39111328125,749.7420043945312
1457.png,0,0,0,0.019291037693619728,2666.851806640625,961.9942016601562,2683.523681640625,975.6786499023438
1457.png,0,0,0,0.01892295852303505,2389.397705078125,119.90313720703125,2411.007568359375,139.59872436523438
1457.png,0,0,0,0.018831172958016396,2346.892578125,692.1300659179688,2360.431396484375,703.6337890625
1457.png,0,0,0,0.018503986299037933,998.1405639648438,2726.5087890625,1017.3233642578125,2735.78564453125
1457.png,0,0,0,0.01826571486890316,2769.91845703125,2268.11962890625,2792.719970703125,2281.621826171875
1457.png,0,0,0,0.018177594989538193,1620.80322265625,1188.9993896484375,1631.1676025390625,1202.0467529296875
1457.png,0,0,0,0.01793278194963932,1352.95654296875,2650.248291015625,1376.5467529296875,2664.007568359375
1457.png,0,0,0,0.017737170681357384,1899.17626953125,726.3731689453125,1917.34326171875,735.3168334960938
1457.png,0,0,0,0.01743706874549389,479.66729736328125,2340.433837890625,504.9649353027344,2353.945556640625
1457.png,0,0,0,0.01730966381728649,2436.67041015625,1539.6815185546875,2452.790283203125,1559.8846435546875
1457.png,0,0,0,0.017264349386096,2390.98193359375,128.76718139648438,2412.09521484375,158.78164672851562
1457.png,0,0,0,0.01683269441127777,1049.6519775390625,687.0003662109375,1068.6263427734375,700.50537109375
1457.png,0,0,0,0.016820238903164864,888.307373046875,998.1030883789062,901.8460083007812,1026.552734375
1457.png,0,0,0,0.016765395179390907,772.4146728515625,2115.0791015625,789.69091796875,2137.280029296875
1457.png,0,0,0,0.016731707379221916,1246.52001953125,2574.31396484375,1287.0106201171875,2590.43310546875
1457.png,0,0,0,0.016545703634619713,1903.6585693359375,695.5203857421875,1937.9552001953125,708.875732421875
1457.png,0,0,0,0.01645687222480774,2089.75048828125,2110.696044921875,2106.15283203125,2126.8486328125
1457.png,0,0,0,0.016408611088991165,359.5894470214844,2621.28955078125,379.4026184082031,2653.48583984375
1457.png,0,0,0,0.01630723476409912,2810.50830078125,1391.7587890625,2825.112060546875,1424.781494140625
1457.png,0,0,0,0.016247062012553215,2091.328857421875,384.5101318359375,2106.49658203125,404.8134765625
1457.png,0,0,0,0.0162226390093565,1055.299560546875,2767.53857421875,1093.3411865234375,2776.26220703125
1457.png,0,0,0,0.016071069985628128,2625.33837890625,1649.201416015625,2636.411376953125,1676.7978515625
1457.png,0,0,0,0.015838634222745895,2105.40869140625,302.3957824707031,2130.001708984375,320.4433288574219
1457.png,0,0,0,0.01569724641740322,479.73602294921875,1654.81005859375,520.8897705078125,1676.218017578125
1457.png,0,0,0,0.015664413571357727,1080.7152099609375,2728.422119140625,1103.979248046875,2746.460693359375
1457.png,0,0,0,0.015531008131802082,1814.3526611328125,350.9634094238281,1829.0535888671875,388.5537414550781
1457.png,0,0,0,0.015500947833061218,2129.75244140625,42.982173919677734,2167.455078125,50.74236297607422
1457.png,0,0,0,0.015477142296731472,2549.40625,1645.8580322265625,2566.56591796875,1664.28955078125
1457.png,0,0,0,0.015028485096991062,2547.618408203125,1295.908447265625,2555.50244140625,1313.082763671875
1457.png,0,0,0,0.015001777559518814,1053.3919677734375,2724.565185546875,1076.7174072265625,2736.424072265625
1457.png,0,0,0,0.014669043943285942,1057.6343994140625,2767.772216796875,1096.611328125,2783.062255859375
1457.png,0,0,0,0.014554751105606556,478.62750244140625,1654.784912109375,507.2174072265625,1674.3922119140625
1457.png,0,0,0,0.014485344290733337,1259.54833984375,2598.055419921875,1296.6268310546875,2616.391357421875
1457.png,0,0,0,0.014285069890320301,1207.7098388671875,4.771512985229492,1229.0345458984375,14.808538436889648
1457.png,0,0,0,0.014166311360895634,1283.927978515625,2490.729248046875,1300.019287109375,2506.39697265625
1457.png,0,0,0,0.014127520844340324,2388.966064453125,119.8902587890625,2436.830078125,141.76626586914062
1457.png,0,0,0,0.014074592851102352,1319.3447265625,719.6409912109375,1339.58154296875,735.7986450195312
1457.png,0,0,0,0.014015528373420238,2513.14208984375,1923.53369140625,2532.909912109375,1963.238525390625
1457.png,0,0,0,0.013974528759717941,1292.4755859375,2537.347900390625,1324.198974609375,2561.097900390625
1457.png,0,0,0,0.013880464248359203,2495.00927734375,2072.250732421875,2513.578369140625,2088.605224609375
1457.png,0,0,0,0.01346260029822588,2819.95556640625,2229.53466796875,2854.2421875,2243.44384765625
1457.png,0,0,0,0.013303427956998348,2621.55078125,1578.1282958984375,2644.410888671875,1606.2454833984375
1457.png,0,0,0,0.01330284122377634,2233.454833984375,341.7698669433594,2245.25244140625,356.8210144042969
1457.png,0,0,0,0.01328079029917717,1899.5001220703125,695.4603881835938,1931.6571044921875,705.48974609375
1457.png,0,0,0,0.013253959827125072,1456.1815185546875,1156.04296875,1492.7518310546875,1177.239501953125
1457.png,0,0,0,0.013122722506523132,1109.3785400390625,2686.76708984375,1132.320556640625,2710.506591796875
1457.png,0,0,0,0.013069093227386475,1966.054443359375,41.21066665649414,2002.8707275390625,51.168006896972656
1457.png,0,0,0,0.012983200140297413,2358.7001953125,2795.63720703125,2377.042236328125,2809.068603515625
1457.png,0,0,0,0.012924213893711567,998.310546875,1939.029541015625,1018.6834716796875,1962.5859375
1457.png,0,0,0,0.012890144251286983,1508.6885986328125,2761.9248046875,1534.2235107421875,2776.190185546875
1457.png,0,0,0,0.012792728841304779,2659.339111328125,52.831520080566406,2680.029541015625,81.66012573242188
1457.png,0,0,0,0.01277557760477066,2934.807373046875,4.794825553894043,2976.842041015625,24.5643310546875
1457.png,0,0,0,0.012522170320153236,53.141963958740234,1528.837646484375,78.10421752929688,1540.6881103515625
1457.png,0,0,0,0.0124618886038661,2435.761474609375,1539.73974609375,2475.200439453125,1565.7174072265625
1457.png,0,0,0,0.012457141652703285,1808.7423095703125,350.00823974609375,1824.4881591796875,380.8851318359375
1457.png,0,0,0,0.012328770011663437,478.9193115234375,2785.926513671875,496.0911865234375,2807.209716796875
1457.png,0,0,0,0.012317616492509842,2578.118896484375,2151.80517578125,2590.514404296875,2169.3876953125
1457.png,0,0,0,0.012308777309954166,1915.263916015625,195.90399169921875,1938.2042236328125,207.40504455566406
1457.png,0,0,0,0.012288574129343033,312.5601501464844,4.665243625640869,335.53106689453125,16.298513412475586
1457.png,0,0,0,0.012252655811607838,2705.306396484375,1156.733154296875,2720.38623046875,1194.51416015625
1457.png,0,0,0,0.01223400142043829,1809.259521484375,2536.5244140625,1822.8543701171875,2559.772216796875
1457.png,0,0,0,0.012153970077633858,2835.774169921875,1500.884521484375,2858.950439453125,1514.890380859375
1457.png,0,0,0,0.012126480229198933,997.2589111328125,1922.658447265625,1017.4100952148438,1948.8243408203125
1457.png,0,0,0,0.01194833591580391,1927.0338134765625,843.7726440429688,1943.4610595703125,857.52294921875
1457.png,0,0,0,0.011772637255489826,2474.02099609375,2109.19482421875,2490.308349609375,2128.92822265625
1457.png,0,0,0,0.011639343574643135,2774.223876953125,77.71321105957031,2796.621337890625,90.09915161132812
1457.png,0,0,0,0.011612770147621632,1440.2357177734375,1232.796630859375,1482.328369140625,1266.1829833984375
1457.png,0,0,0,0.01142597384750843,2935.67333984375,1920.5626220703125,2961.251708984375,1937.9307861328125
1457.png,0,0,0,0.011384736746549606,1588.728515625,503.671142578125,1631.8052978515625,534.8821411132812
1457.png,0,0,0,0.011322781443595886,2278.7509765625,745.8292846679688,2297.728515625,772.8557739257812
1457.png,0,0,0,0.011307691223919392,1550.7901611328125,1221.3004150390625,1569.0003662109375,1238.428466796875
1457.png,0,0,0,0.011304588057100773,2302.578125,617.9911499023438,2321.708984375,625.7647094726562
1457.png,0,0,0,0.011229423806071281,2561.112548828125,1194.4022216796875,2591.551025390625,1218.723876953125
1457.png,0,0,0,0.011170986108481884,2425.626708984375,810.1342163085938,2446.507080078125,822.0972290039062
1457.png,0,0,0,0.011132007464766502,210.106689453125,1770.0401611328125,253.2122802734375,1789.7891845703125
1457.png,0,0,0,0.0110617745667696,1508.5736083984375,1099.511474609375,1554.1983642578125,1125.9273681640625
1457.png,0,0,0,0.011040251702070236,727.9896240234375,2688.7685546875,748.3883056640625,2698.293212890625
1457.png,0,0,0,0.011018766090273857,664.1834716796875,737.39892578125,680.6220703125,772.3048095703125
1457.png,0,0,0,0.011005112901329994,2168.082763671875,651.05859375,2182.828125,671.824462890625
1457.png,0,0,0,0.010997419245541096,1067.6072998046875,2772.057861328125,1097.8369140625,2806.20361328125
1457.png,0,0,0,0.01098261121660471,2802.666259765625,1386.2750244140625,2822.09130859375,1423.326416015625
1457.png,0,0,0,0.010976635850965977,2165.072265625,723.1423950195312,2170.990478515625,742.8314208984375
1457.png,0,0,0,0.010971956886351109,1092.37890625,533.712890625,1107.8525390625,548.98681640625
1457.png,0,0,0,0.010936652310192585,2467.397216796875,2799.930908203125,2494.95751953125,2810.0
1457.png,0,0,0,0.010902749374508858,1740.310546875,273.1178894042969,1784.83154296875,288.8351135253906
1457.png,0,0,0,0.010759248398244381,2436.0732421875,1540.161376953125,2450.4931640625,1578.218994140625
1457.png,0,0,0,0.010603044182062149,2091.58349609375,388.2900390625,2129.83447265625,422.73974609375
1457.png,0,0,0,0.010590830817818642,785.74267578125,2783.060302734375,802.5004272460938,2806.541748046875
1457.png,0,0,0,0.010590055957436562,3046.405029296875,1874.8026123046875,3063.8740234375,1891.1260986328125
1457.png,0,0,0,0.010523825883865356,1448.8070068359375,733.9166259765625,1479.756591796875,760.8915405273438
1457.png,0,0,0,0.010431935079395771,2550.911865234375,1574.6231689453125,2573.90380859375,1590.461181640625
1457.png,0,0,0,0.010344497859477997,2395.782958984375,726.7504272460938,2412.945556640625,746.4546508789062
1457.png,0,0,0,0.010251210071146488,3041.237548828125,339.1568603515625,3054.214111328125,360.8560485839844
1457.png,0,0,0,0.010242813266813755,2155.29345703125,263.4628601074219,2168.616943359375,285.8590393066406
1457.png,0,0,0,0.010238459333777428,1054.7332763671875,2144.726318359375,1070.5069580078125,2157.638916015625
1457.png,0,0,0,0.01019257865846157,2616.467041015625,1654.325927734375,2631.824951171875,1693.331298828125
1457.png,0,0,0,0.01019199751317501,976.5777587890625,2262.3037109375,998.4412231445312,2275.431396484375
1457.png,0,0,0,0.010125339962542057,246.3777618408203,1569.44580078125,264.4646911621094,1581.93505859375
1457.png,0,0,0,0.010073017328977585,1285.335205078125,2537.48486328125,1320.45947265625,2574.052734375
1457.png,0,0,0,0.009982486255466938,2935.603759765625,4.695537090301514,2983.39111328125,13.634946823120117
1457.png,0,0,0,0.009941833093762398,10.572552680969238,2526.60009765625,25.637252807617188,2543.2587890625
1457.png,0,0,0,0.009937877766788006,1743.6968994140625,349.85003662109375,1768.008544921875,370.5126953125
1457.png,0,0,0,0.009918931871652603,1778.52685546875,2751.15869140625,1791.8184814453125,2783.93798828125
1457.png,0,0,0,0.009904032573103905,1330.05029296875,962.4993286132812,1362.3416748046875,977.0418701171875
1457.png,0,0,0,0.009864069521427155,655.0213012695312,229.25726318359375,671.6220703125,243.16188049316406
1457.png,0,0,0,0.00985204242169857,1452.561279296875,2784.76806640625,1484.875244140625,2807.4150390625
1457.png,0,0,0,0.009803052991628647,2735.779296875,1968.6268310546875,2758.783447265625,2002.877685546875
1457.png,0,0,0,0.009766793809831142,2416.984619140625,1306.0989990234375,2449.646484375,1319.9813232421875
1457.png,0,0,0,0.009744921699166298,2740.043212890625,460.0989074707031,2757.075927734375,477.911376953125
1457.png,0,0,0,0.00973999872803688,2544.51611328125,2208.22119140625,2560.61767578125,2230.989501953125
1457.png,0,0,0,0.009727244265377522,1160.234130859375,2790.28515625,1184.1324462890625,2808.16162109375
1457.png,0,0,0,0.00971738900989294,2280.6552734375,2608.512939453125,2298.19140625,2626.835693359375
1457.png,0,0,0,0.009701230563223362,2279.048095703125,694.392333984375,2296.72216796875,707.453125
1457.png,0,0,0,0.009648015722632408,2267.4052734375,433.9830322265625,2283.89990234375,465.49896240234375
1457.png,0,0,0,0.009626480750739574,2701.546142578125,1831.3438720703125,2720.8291015625,1849.94384765625
1457.png,0,0,0,0.009558646008372307,2338.953857421875,735.8609008789062,2360.4697265625,772.3802490234375
1457.png,0,0,0,0.009539905935525894,1899.4013671875,2229.983642578125,1916.581787109375,2257.65625
1457.png,0,0,0,0.009500074200332165,2535.734375,2785.911865234375,2552.125732421875,2807.0673828125
1457.png,0,0,0,0.009470975957810879,2490.802490234375,2105.5224609375,2513.946044921875,2127.489990234375
1457.png,0,0,0,0.009452639147639275,606.9583129882812,1497.9749755859375,638.0928955078125,1507.3865966796875
1457.png,0,0,0,0.009430180303752422,978.541259765625,1917.9573974609375,1003.93408203125,1941.158935546875
1457.png,0,0,0,0.009427445940673351,2155.514404296875,1461.4058837890625,2171.5498046875,1482.0220947265625
1457.png,0,0,0,0.009373367764055729,205.41368103027344,1778.9873046875,256.7657775878906,1808.7908935546875
1457.png,0,0,0,0.00934516079723835,287.4026794433594,2153.673095703125,326.2023620605469,2172.622314453125
1457.png,0,0,0,0.00932388100773096,1131.650146484375,1462.843994140625,1176.2117919921875,1477.164306640625
1457.png,0,0,0,0.009309287182986736,1242.49951171875,2537.477783203125,1282.0936279296875,2581.828857421875
1457.png,0,0,0,0.009275717660784721,1130.2799072265625,1347.8699951171875,1178.7232666015625,1363.52490234375
1457.png,0,0,0,0.009261867962777615,1112.00732421875,2722.2763671875,1134.4508056640625,2739.955322265625
1457.png,0,0,0,0.009206942282617092,487.91259765625,2115.31591796875,518.4973754882812,2128.846435546875
1457.png,0,0,0,0.009205720387399197,2203.20458984375,262.4198913574219,2222.927978515625,289.19891357421875
1457.png,0,0,0,0.009133927524089813,2507.558837890625,53.994102478027344,2527.104736328125,84.72986602783203
1457.png,0,0,0,0.009112783707678318,2920.397705078125,1231.743408203125,2940.384033203125,1243.9833984375
1457.png,0,0,0,0.009018919430673122,1803.8917236328125,763.039306640625,1822.8154296875,780.4619140625
1457.png,0,0,0,0.009011422283947468,2961.962890625,2652.496826171875,2979.08984375,2683.39892578125
1457.png,0,0,0,0.009004764258861542,1388.71728515625,1528.4842529296875,1401.1717529296875,1550.5579833984375
1457.png,0,0,0,0.008951975964009762,2500.147705078125,594.4564819335938,2523.158935546875,619.1271362304688
1457.png,0,0,0,0.008949298411607742,316.8121337890625,2676.884033203125,335.76702880859375,2694.57373046875
1457.png,0,0,0,0.008921787142753601,543.6844482421875,2224.77978515625,556.4902954101562,2239.874755859375
1457.png,0,0,0,0.008917854167521,1448.158935546875,1174.5390625,1490.5865478515625,1195.1575927734375
1457.png,0,0,0,0.008915654383599758,274.19842529296875,1730.4498291015625,292.2617492675781,1744.955810546875
1457.png,0,0,0,0.008908730931580067,2835.203125,1074.171630859375,2858.989501953125,1089.5675048828125
1457.png,0,0,0,0.008873464539647102,1592.1236572265625,503.6707763671875,1634.3475341796875,519.3580932617188
1457.png,0,0,0,0.008869757875800133,1379.9686279296875,2074.002685546875,1400.9036865234375,2085.863525390625
1457.png,0,0,0,0.008865256793797016,656.1661987304688,2758.730224609375,672.4208984375,2771.09228515625
1457.png,0,0,0,0.008851871825754642,1821.0582275390625,2450.230224609375,1837.5362548828125,2473.882568359375
1457.png,0,0,0,0.008816427551209927,338.65771484375,2716.625732421875,364.7379455566406,2734.927978515625
1457.png,0,0,0,0.008815531618893147,2571.158447265625,1573.6124267578125,2590.39501953125,1591.9490966796875
1457.png,0,0,0,0.008803960867226124,1463.1083984375,737.43701171875,1489.48388671875,772.3382568359375
1457.png,0,0,0,0.008775063790380955,1352.6025390625,2344.947265625,1364.129150390625,2382.616943359375
1457.png,0,0,0,0.008738397620618343,1208.79052734375,234.9467010498047,1236.5335693359375,259.0674133300781
1457.png,0,0,0,0.008711626753211021,2193.712890625,348.2875671386719,2210.01123046875,360.7833251953125
1457.png,0,0,0,0.008697674609720707,1129.671875,234.98773193359375,1174.388671875,250.6468505859375
1457.png,0,0,0,0.008697333745658398,899.5025634765625,1379.864990234375,915.6925659179688,1395.7757568359375
1457.png,0,0,0,0.008619938977062702,2587.113525390625,631.2678833007812,2605.036376953125,657.5696411132812
1457.png,0,0,0,0.008619911037385464,661.5332641601562,733.9053344726562,692.89501953125,760.794921875
1457.png,0,0,0,0.008587303571403027,2848.1533203125,436.436767578125,2869.276611328125,465.5790710449219
1457.png,0,0,0,0.00855310820043087,1129.25634765625,2651.9560546875,1170.517578125,2685.8720703125
1457.png,0,0,0,0.00853872112929821,2741.201904296875,1949.5709228515625,2758.50439453125,1977.7203369140625
1457.png,0,0,0,0.00853070430457592,1968.7535400390625,1664.4664306640625,1982.4637451171875,1694.494384765625
1457.png,0,0,0,0.008528143167495728,2012.0941162109375,567.021728515625,2031.2646484375,585.667724609375
1457.png,0,0,0,0.008525365963578224,703.30224609375,740.9690551757812,725.1353149414062,772.367431640625
1457.png,0,0,0,0.008505349047482014,2645.108154296875,2419.94091796875,2667.142822265625,2431.005615234375
1457.png,0,0,0,0.008486080914735794,2549.202392578125,2061.317138671875,2563.260986328125,2084.7939453125
1457.png,0,0,0,0.008461742661893368,847.7731323242188,1340.8720703125,863.4647216796875,1356.7698974609375
1457.png,0,0,0,0.008434262126684189,2386.29296875,127.71504211425781,2436.891357421875,158.68487548828125
1457.png,0,0,0,0.008419407531619072,2659.254638671875,125.58533477783203,2682.1708984375,158.31893920898438
1457.png,0,0,0,0.008398176170885563,2504.240478515625,1299.0487060546875,2513.881103515625,1316.316162109375
1457.png,0,0,0,0.008394698612391949,2423.2744140625,1492.565673828125,2437.43505859375,1510.7647705078125
1457.png,0,0,0,0.00838798563927412,805.6990356445312,1914.4342041015625,825.06982421875,1935.0972900390625
1457.png,0,0,0,0.008373560383915901,472.0540466308594,1655.2843017578125,495.7012939453125,1693.299560546875
1457.png,0,0,0,0.008308793418109417,1901.6016845703125,717.4911499023438,1937.9615478515625,735.1311645507812
1457.png,0,0,0,0.008241396397352219,1859.298828125,39.674560546875,1901.8265380859375,46.49994659423828
1457.png,0,0,0,0.008232086896896362,1299.7027587890625,2690.266845703125,1324.4776611328125,2701.841064453125
1457.png,0,0,0,0.00819880235940218,2537.765869140625,311.73779296875,2559.34716796875,347.72930908203125
1457.png,0,0,0,0.00813952088356018,1439.02197265625,1232.7896728515625,1502.33544921875,1274.420654296875
1457.png,0,0,0,0.008138303644955158,2278.985595703125,385.55169677734375,2296.6806640625,403.76312255859375
1457.png,0,0,0,0.00813581794500351,998.6755981445312,2460.12353515625,1017.0222778320312,2474.090087890625
1457.png,0,0,0,0.008112593553960323,2616.89501953125,348.08026123046875,2632.693359375,362.3476257324219
1457.png,0,0,0,0.008082096464931965,670.0340576171875,1578.167724609375,704.5253295898438,1596.561279296875
1457.png,0,0,0,0.008077148348093033,2648.328857421875,387.8335266113281,2667.59130859375,401.18682861328125
1457.png,0,0,0,0.00805836170911789,532.8433837890625,2772.31884765625,556.5291137695312,2806.274169921875
1457.png,0,0,0,0.00804878119379282,377.46990966796875,2458.520263671875,403.0461120605469,2495.0986328125
1457.png,0,0,0,0.008044575341045856,2767.12109375,1752.7611083984375,2782.373779296875,1775.00048828125
1457.png,0,0,0,0.008020213805139065,2165.71337890625,1294.4293212890625,2183.888427734375,1313.5546875
1457.png,0,0,0,0.007982208393514156,2700.274169921875,618.6337280273438,2717.7587890625,634.30908203125
1457.png,0,0,0,0.007927696220576763,1201.977783203125,4.779967308044434,1247.2066650390625,21.79569435119629
1457.png,0,0,0,0.00790729932487011,2970.943603515625,2000.2589111328125,3014.812744140625,2016.9608154296875
1457.png,0,0,0,0.0078875832259655,939.6165771484375,2393.795166015625,955.4576416015625,2422.88330078125
1457.png,0,0,0,0.007866893894970417,1783.9017333984375,761.4268188476562,1799.7386474609375,785.6990356445312
1457.png,0,0,0,0.007860912010073662,2651.1669921875,2190.821533203125,2675.77197265625,2210.563720703125
1457.png,0,0,0,0.007853996939957142,667.805419921875,1585.9195556640625,687.4669189453125,1616.6627197265625
1457.png,0,0,0,0.007852615788578987,2511.397705078125,2169.031494140625,2527.031982421875,2193.221435546875
1457.png,0,0,0,0.007832268252968788,436.12713623046875,304.3297119140625,460.7284851074219,316.9925231933594
1457.png,0,0,0,0.007825775071978569,348.3906555175781,1884.6739501953125,364.60272216796875,1896.299072265625
1457.png,0,0,0,0.007816022261977196,1816.6556396484375,1644.87646484375,1830.66796875,1661.780029296875
1457.png,0,0,0,0.0078023886308074,1090.441650390625,2690.865234375,1122.7232666015625,2717.848876953125
1457.png,0,0,0,0.007780713494867086,3041.996337890625,2492.172607421875,3059.276123046875,2515.912353515625
1457.png,0,0,0,0.007757609710097313,1466.511962890625,1155.989501953125,1519.6376953125,1179.60205078125
1457.png,0,0,0,0.007705064956098795,478.29730224609375,1808.4095458984375,521.6445922851562,1824.3079833984375
1457.png,0,0,0,0.007685098797082901,1051.68017578125,425.788818359375,1070.369384765625,435.80694580078125
1457.png,0,0,0,0.007667300757020712,1533.6710205078125,959.8990478515625,1566.9183349609375,994.2384033203125
1457.png,0,0,0,0.007655993569642305,2357.07373046875,2793.2080078125,2398.67919921875,2810.0
1457.png,0,0,0,0.0076538268476724625,2663.854248046875,963.9854736328125,2679.65380859375,1002.5945434570312
1457.png,0,0,0,0.007620070595294237,1545.591552734375,1193.4466552734375,1568.76611328125,1212.8853759765625
1457.png,0,0,0,0.007618141360580921,2367.150390625,311.5608825683594,2398.82666015625,325.1484375
1457.png,0,0,0,0.007602203171700239,2623.29248046875,1578.6649169921875,2642.1181640625,1616.5885009765625
1457.png,0,0,0,0.00759486760944128,1049.418701171875,1959.0699462890625,1074.31787109375,1975.7593994140625
1457.png,0,0,0,0.00758655508980155,2921.09423828125,376.87353515625,2936.60498046875,392.1670837402344
1457.png,0,0,0,0.007553630508482456,301.0475769042969,74.91561889648438,326.1887512207031,116.00576782226562
1457.png,0,0,0,0.007548066787421703,1194.474609375,2153.68359375,1222.964111328125,2169.960205078125
1457.png,0,0,0,0.0075328536331653595,1439.864990234375,1238.107666015625,1488.442138671875,1271.3426513671875
1457.png,0,0,0,0.007485468406230211,2347.3740234375,1414.4150390625,2361.592041015625,1437.703125
1457.png,0,0,0,0.007484055124223232,543.8942260742188,2153.11767578125,568.3814697265625,2177.67724609375
1457.png,0,0,0,0.00747860549017787,2625.154541015625,954.0698852539062,2634.633056640625,971.9495239257812
1457.png,0,0,0,0.007446634583175182,426.1651306152344,2582.357177734375,443.5571594238281,2614.659912109375
1457.png,0,0,0,0.007445239461958408,1964.4241943359375,712.180908203125,1977.0751953125,736.15283203125
1457.png,0,0,0,0.007427303586155176,2807.757080078125,379.75726318359375,2828.729248046875,398.8644714355469
1457.png,0,0,0,0.007406140211969614,871.5330200195312,2208.8583984375,902.7809448242188,2231.0966796875
1457.png,0,0,0,0.007397130131721497,1270.0218505859375,2631.877685546875,1297.7774658203125,2653.89697265625
1457.png,0,0,0,0.007394889369606972,545.4332885742188,2722.373779296875,570.1565551757812,2737.09765625
1457.png,0,0,0,0.007394773885607719,2512.199951171875,1923.5263671875,2552.22802734375,1964.279296875
1457.png,0,0,0,0.007391005288809538,1909.904541015625,770.8016357421875,1938.0399169921875,781.239501953125
1457.png,0,0,0,0.007377353962510824,2412.759033203125,1347.6612548828125,2439.318603515625,1381.0672607421875
1457.png,0,0,0,0.007369672413915396,944.4331665039062,2396.5859375,978.5916748046875,2422.670654296875
1457.png,0,0,0,0.0073526171036064625,1859.860595703125,34.2846794128418,1899.3466796875,44.1662483215332
1457.png,0,0,0,0.007344693411141634,2694.97412109375,765.3006591796875,2705.865478515625,787.0054321289062
1457.png,0,0,0,0.007331094704568386,440.9853210449219,299.3299865722656,479.8239440917969,314.9417724609375
1457.png,0,0,0,0.007307096850126982,633.1384887695312,617.1963500976562,661.4580078125,637.5604858398438
1457.png,0,0,0,0.0072995019145309925,850.6229858398438,2720.7412109375,864.703369140625,2734.572021484375
1457.png,0,0,0,0.00728938402608037,1961.9010009765625,42.61220169067383,2016.37109375,60.16611099243164
1457.png,0,0,0,0.007283555809408426,2473.986572265625,2796.0966796875,2514.30322265625,2810.0
1457.png,0,0,0,0.007267461623996496,489.39654541015625,38.18894958496094,525.8848876953125,49.32271194458008
1457.png,0,0,0,0.007235747296363115,1016.2525024414062,2420.47509765625,1039.4715576171875,2436.31396484375
1457.png,0,0,0,0.007229744456708431,1741.374267578125,351.66064453125,1763.7647705078125,388.605712890625
1457.png,0,0,0,0.007224061526358128,137.66087341308594,2000.1871337890625,176.71485900878906,2014.4503173828125
1457.png,0,0,0,0.007203295361250639,2501.212646484375,1109.927490234375,2513.783203125,1134.741943359375
1457.png,0,0,0,0.00719113927334547,1896.4652099609375,771.4851684570312,1917.189208984375,783.4609375
1457.png,0,0,0,0.0071763452142477036,1169.3890380859375,2767.67333984375,1192.2156982421875,2789.916748046875
1457.png,0,0,0,0.007168049458414316,2940.484375,7.554272174835205,2983.1865234375,43.191837310791016
1457.png,0,0,0,0.007164907641708851,437.3078918457031,2145.594482421875,458.016357421875,2162.3671875
1457.png,0,0,0,0.007138228975236416,939.8975830078125,2384.02587890625,969.7556762695312,2418.845947265625
1457.png,0,0,0,0.00713355652987957,2280.746826171875,653.372802734375,2297.473388671875,666.1464233398438
1457.png,0,0,0,0.007113163359463215,2764.73876953125,2191.4677734375,2790.00732421875,2204.7744140625
1457.png,0,0,0,0.007104977499693632,1778.1068115234375,964.1693725585938,1824.60400390625,990.7219848632812
1457.png,0,0,0,0.007101302035152912,1426.685302734375,1497.2386474609375,1459.1619873046875,1511.781005859375
1457.png,0,0,0,0.007064006291329861,555.7213745117188,652.92529296875,594.8367919921875,666.536376953125
1457.png,0,0,0,0.007061403710395098,2091.0712890625,384.6958312988281,2104.2890625,426.93695068359375
1457.png,0,0,0,0.007036773022264242,2282.103271484375,81.51129913330078,2326.867919921875,100.25297546386719
1457.png,0,0,0,0.0070355539210140705,2475.144775390625,2076.5263671875,2504.97998046875,2113.790771484375
1457.png,0,0,0,0.007008924148976803,2308.08251953125,2535.61279296875,2329.012939453125,2557.359130859375
1457.png,0,0,0,0.006974341813474894,2073.24951171875,1536.6644287109375,2091.461181640625,1554.4150390625
1457.png,0,0,0,0.0069714500568807125,1051.08349609375,1997.7139892578125,1073.3861083984375,2006.71630859375
1457.png,0,0,0,0.006970083341002464,2639.90087890625,119.90792846679688,2673.68994140625,141.13217163085938
1457.png,0,0,0,0.006953682750463486,2586.40283203125,1534.3792724609375,2616.90673828125,1546.8709716796875
1457.png,0,0,0,0.006924485322088003,3038.27392578125,2431.55712890625,3055.62939453125,2461.44970703125
1457.png,0,0,0,0.006911011412739754,2127.056884765625,1921.865478515625,2168.273681640625,1940.484375
1457.png,0,0,0,0.006883871741592884,3040.210205078125,880.0701904296875,3060.176513671875,897.8251342773438
1457.png,0,0,0,0.006883581634610891,369.830810546875,2630.475830078125,403.214111328125,2656.821044921875
1457.png,0,0,0,0.006874395068734884,1385.52294921875,1381.064697265625,1420.240234375,1390.347412109375
1457.png,0,0,0,0.006870776414871216,1582.264892578125,504.7021484375,1632.488037109375,542.0526123046875
1457.png,0,0,0,0.00685194693505764,2548.214599609375,317.2825012207031,2563.90283203125,350.2923583984375
1457.png,0,0,0,0.006831903010606766,727.3192749023438,310.5740051269531,750.716796875,324.813720703125
1457.png,0,0,0,0.006814966909587383,558.31396484375,273.1480407714844,594.8823852539062,287.0946960449219
1457.png,0,0,0,0.006803812459111214,2035.5391845703125,1832.5867919921875,2053.12744140625,1857.9661865234375
1457.png,0,0,0,0.006793193984776735,1066.880615234375,365.15625,1093.9022216796875,396.4558410644531
1457.png,0,0,0,0.006791147403419018,1321.541748046875,963.1259155273438,1339.1873779296875,980.2074584960938
1457.png,0,0,0,0.006788446102291346,2815.415283203125,2029.8326416015625,2843.842041015625,2049.570068359375
1457.png,0,0,0,0.006759802345186472,2176.703857421875,650.4329833984375,2206.56884765625,675.8931274414062
1457.png,0,0,0,0.006751404143869877,2583.34912109375,2391.034423828125,2602.00244140625,2422.567626953125
1457.png,0,0,0,0.006747999228537083,1458.5211181640625,1162.137939453125,1518.4703369140625,1194.55712890625
1457.png,0,0,0,0.006740645971149206,3033.305908203125,2422.349609375,3053.23876953125,2455.479248046875
1457.png,0,0,0,0.006735032889991999,1005.8042602539062,2364.835205078125,1023.4404907226562,2390.171875
1457.png,0,0,0,0.006734251044690609,2319.137939453125,693.5790405273438,2334.051025390625,702.28564453125
1457.png,0,0,0,0.006722132675349712,2820.44140625,1068.5577392578125,2849.33740234375,1085.625244140625
1457.png,0,0,0,0.006721015088260174,1168.0523681640625,830.9365234375,1186.498291015625,851.5283203125
1457.png,0,0,0,0.006719302851706743,1242.3326416015625,2068.71142578125,1268.7265625,2080.82763671875
1457.png,0,0,0,0.006710781715810299,2408.908935546875,1271.16650390625,2455.2861328125,1302.1282958984375
1457.png,0,0,0,0.006703383754938841,1459.8592529296875,204.5662384033203,1478.2135009765625,236.089599609375
1457.png,0,0,0,0.006696703378111124,1899.3665771484375,2233.616943359375,1915.9097900390625,2269.673095703125
1457.png,0,0,0,0.006687432061880827,1027.2659912109375,2422.328857421875,1059.7386474609375,2439.579345703125
1457.png,0,0,0,0.006686259992420673,947.4884033203125,2230.2724609375,983.7876586914062,2243.5263671875
1457.png,0,0,0,0.006686199922114611,935.9813232421875,1424.5753173828125,987.7037353515625,1438.5843505859375
1457.png,0,0,0,0.006685658358037472,1163.942626953125,695.5313720703125,1211.2720947265625,720.5703125
1457.png,0,0,0,0.00666471803560853,2906.116455078125,1002.5398559570312,2935.75244140625,1043.561279296875
1457.png,0,0,0,0.006648301612585783,1436.2745361328125,1261.5655517578125,1486.7860107421875,1277.097412109375
1457.png,0,0,0,0.006644611246883869,1702.016357421875,2060.325927734375,1713.3743896484375,2080.409423828125
1457.png,0,0,0,0.006641625426709652,427.1451110839844,2750.921142578125,442.55621337890625,2771.2392578125
1457.png,0,0,0,0.006641622167080641,2946.3427734375,1922.7567138671875,2974.1591796875,1941.549560546875
1457.png,0,0,0,0.006641534622758627,2547.505615234375,613.8115234375,2558.251953125,627.8893432617188
1457.png,0,0,0,0.00664083007723093,2321.224365234375,733.8157348632812,2350.84814453125,744.8719482421875
1457.png,0,0,0,0.006639291997998953,1309.4248046875,2060.525390625,1337.6173095703125,2078.172607421875
1457.png,0,0,0,0.006615518592298031,678.8920288085938,733.8994750976562,717.2029418945312,753.4675903320312
1457.png,0,0,0,0.0066028074361383915,2356.511474609375,602.1095581054688,2370.93603515625,619.7149047851562
1457.png,0,0,0,0.006581625901162624,508.73193359375,2729.24755859375,528.5479125976562,2755.01904296875
1457.png,0,0,0,0.0065751755610108376,1285.2164306640625,2414.264404296875,1303.666748046875,2431.8837890625
1457.png,0,0,0,0.0065734004601836205,3044.060546875,2784.794921875,3063.02197265625,2807.463134765625
1457.png,0,0,0,0.006568314973264933,1749.291259765625,309.9325866699219,1795.6690673828125,335.2055969238281
1457.png,0,0,0,0.006547882221639156,1001.2757568359375,2307.28857421875,1021.548583984375,2344.977294921875
1457.png,0,0,0,0.006525305565446615,507.3641357421875,2151.22900390625,529.6728515625,2175.1044921875
1457.png,0,0,0,0.006518316920846701,285.7230529785156,2153.58056640625,307.4169921875,2172.8310546875
1457.png,0,0,0,0.006515868473798037,2343.01025390625,1886.246337890625,2368.127685546875,1923.6534423828125
1457.png,0,0,0,0.006506213918328285,2765.12744140625,1491.5174560546875,2782.756103515625,1512.4522705078125
1457.png,0,0,0,0.006491709966212511,1125.7747802734375,234.9305877685547,1175.61328125,245.42942810058594
1457.png,0,0,0,0.0064728884026408195,1352.705810546875,2356.37109375,1370.714111328125,2394.6962890625
1457.png,0,0,0,0.006436300463974476,1129.6029052734375,1384.3885498046875,1180.06640625,1392.05224609375
1530.png,0,0,0,0.06858722120523453,894.7180786132812,2761.296630859375,910.5709838867188,2793.666015625
1530.png,0,0,0,0.0460040308535099,1953.353515625,1458.1754150390625,1962.623291015625,1481.623291015625
1530.png,0,0,0,0.0434265062212944,1070.8482666015625,3075.158447265625,1089.7100830078125,3094.681640625
1530.png,0,0,0,0.04299960285425186,2277.8984375,78.43372344970703,2287.173095703125,97.28089141845703
1530.png,0,0,0,0.026140281930565834,2700.810302734375,1506.8406982421875,2731.255859375,1537.505615234375
1530.png,0,0,0,0.024716811254620552,612.1261596679688,2151.790771484375,627.1762084960938,2165.622802734375
1530.png,0,0,0,0.024668235331773758,2690.74853515625,1505.2518310546875,2716.71630859375,1527.161865234375
1530.png,0,0,0,0.023227186873555183,222.41128540039062,2667.10400390625,240.6513214111328,2689.31787109375
1530.png,0,0,0,0.022333070635795593,864.6209716796875,2704.888916015625,885.1359252929688,2723.462890625
1530.png,0,0,0,0.02033991552889347,56.949737548828125,2680.338134765625,75.50260162353516,2707.6572265625
1530.png,0,0,0,0.02009672299027443,1912.2264404296875,1385.4100341796875,1929.8275146484375,1417.0960693359375
1530.png,0,0,0,0.019654186442494392,56.110023498535156,2681.831298828125,73.8626480102539,2721.175048828125
1530.png,0,0,0,0.019176702946424484,2192.968994140625,1506.6678466796875,2206.570556640625,1535.3980712890625
1530.png,0,0,0,0.01882137916982174,746.059326171875,2888.02783203125,763.115234375,2923.462158203125
1530.png,0,0,0,0.018798373639583588,1921.958984375,1457.521484375,1940.0008544921875,1485.4654541015625
1530.png,0,0,0,0.018585463985800743,302.303955078125,2028.437744140625,320.0900573730469,2042.126953125
1530.png,0,0,0,0.017865806818008423,249.0667266845703,1823.4229736328125,263.3326110839844,1840.7833251953125
1530.png,0,0,0,0.01769060082733631,1589.8458251953125,1217.8704833984375,1598.8155517578125,1232.2181396484375
1530.png,0,0,0,0.017682919278740883,1825.750732421875,1055.99560546875,1841.2091064453125,1071.0701904296875
1530.png,0,0,0,0.01741342432796955,124.5457992553711,1743.552001953125,141.6524200439453,1758.50439453125
1530.png,0,0,0,0.01698284223675728,343.5274658203125,2194.683837890625,369.2530517578125,2230.673828125
1530.png,0,0,0,0.01683769002556801,759.1690673828125,2882.8193359375,789.0948486328125,2895.514404296875
1530.png,0,0,0,0.01674342341721058,2239.806884765625,1312.1851806640625,2248.583251953125,1345.4285888671875
1530.png,0,0,0,0.016401316970586777,2708.71728515625,321.41802978515625,2731.2998046875,340.3878479003906
1530.png,0,0,0,0.01619662344455719,776.9922485351562,2518.569091796875,793.657958984375,2550.224853515625
1530.png,0,0,0,0.015656093135476112,1537.738037109375,848.4439086914062,1558.26318359375,870.0748291015625
1530.png,0,0,0,0.015602384693920612,2922.3154296875,2835.878173828125,2933.574462890625,2850.388671875
1530.png,0,0,0,0.015458864159882069,2185.3251953125,9.966224670410156,2208.668701171875,20.355039596557617
1530.png,0,0,0,0.015114599838852882,3014.360107421875,1580.248779296875,3031.541259765625,1594.2509765625
1530.png,0,0,0,0.015070737339556217,1355.2198486328125,1330.1031494140625,1370.819580078125,1345.972412109375
1530.png,0,0,0,0.01481071300804615,2356.078125,120.557861328125,2372.068359375,144.22769165039062
1530.png,0,0,0,0.014364090748131275,47.27899169921875,2680.4345703125,101.17976379394531,2713.53125
1530.png,0,0,0,0.014060625806450844,1170.1859130859375,1381.11181640625,1193.6666259765625,1396.945556640625
1530.png,0,0,0,0.013924498111009598,822.4998779296875,2752.732421875,838.304443359375,2774.308349609375
1530.png,0,0,0,0.013865278102457523,78.1739273071289,2478.310546875,109.09705352783203,2514.175537109375
1530.png,0,0,0,0.013763819821178913,2123.89794921875,603.1615600585938,2143.405029296875,624.8137817382812
1530.png,0,0,0,0.013624576851725578,418.3899230957031,3000.552978515625,438.5501708984375,3012.99365234375
1530.png,0,0,0,0.013546975329518318,2155.820068359375,1304.789306640625,2178.078369140625,1321.9288330078125
1530.png,0,0,0,0.013351780362427235,1465.6358642578125,1142.5474853515625,1488.2613525390625,1170.1253662109375
1530.png,0,0,0,0.013256199657917023,585.9528198242188,1830.6900634765625,634.9583740234375,1846.6318359375
1530.png,0,0,0,0.013134978711605072,345.0470275878906,2193.995361328125,384.4080810546875,2218.98974609375
1530.png,0,0,0,0.012818854302167892,2042.61572265625,1558.4990234375,2059.65478515625,1588.52490234375
1530.png,0,0,0,0.012747174128890038,874.0958862304688,2759.93017578125,910.4464111328125,2802.097900390625
1530.png,0,0,0,0.012647556141018867,2690.359375,815.3104858398438,2704.6806640625,832.120849609375
1530.png,0,0,0,0.012559791095554829,857.9791870117188,851.7008056640625,870.9527587890625,878.3233032226562
1530.png,0,0,0,0.012500784359872341,544.1948852539062,2750.1826171875,562.8932495117188,2772.531494140625
1530.png,0,0,0,0.012444870546460152,2557.3662109375,1627.0458984375,2582.037841796875,1648.1224365234375
1530.png,0,0,0,0.012356032617390156,1274.193115234375,2392.739501953125,1290.88720703125,2413.176025390625
1530.png,0,0,0,0.012297072447836399,3154.083984375,1142.8731689453125,3176.426025390625,1155.7763671875
1530.png,0,0,0,0.012268553487956524,978.88525390625,1297.23583984375,991.5460205078125,1313.831787109375
1530.png,0,0,0,0.0122283436357975,869.9345092773438,2758.605224609375,893.0941162109375,2790.704345703125
1530.png,0,0,0,0.012150827795267105,829.4703369140625,1739.6236572265625,848.066650390625,1760.5865478515625
1530.png,0,0,0,0.012149465270340443,99.19760131835938,2913.000732421875,118.32292175292969,2929.60888671875
1530.png,0,0,0,0.011951245367527008,409.30316162109375,2789.906005859375,426.3235778808594,2810.71142578125
1530.png,0,0,0,0.011945880949497223,251.87667846679688,2919.425048828125,264.0080261230469,2937.85107421875
1530.png,0,0,0,0.011830845847725868,460.1624755859375,2112.723876953125,480.1808776855469,2129.50439453125
1530.png,0,0,0,0.011817206628620625,85.59234619140625,2480.212646484375,110.66133880615234,2518.79638671875
1530.png,0,0,0,0.011750457808375359,583.0241088867188,1830.9263916015625,630.0844116210938,1865.445068359375
1530.png,0,0,0,0.011696062982082367,498.92803955078125,2667.18701171875,513.08642578125,2693.5029296875
1530.png,0,0,0,0.011641011573374271,1315.68017578125,10.111602783203125,1359.5677490234375,26.578310012817383
1530.png,0,0,0,0.011590230278670788,2221.82275390625,45.93252944946289,2245.755615234375,63.399391174316406
1530.png,0,0,0,0.01158994622528553,746.9310913085938,2541.70703125,764.6541137695312,2565.552734375
1530.png,0,0,0,0.01157867256551981,2204.95263671875,41.425785064697266,2225.716552734375,59.60834884643555
1530.png,0,0,0,0.011440913192927837,1710.52587890625,1451.999755859375,1720.039306640625,1472.5279541015625
1530.png,0,0,0,0.011375932954251766,936.3377685546875,1658.019775390625,950.9583129882812,1680.912109375
1530.png,0,0,0,0.011367886327207088,2673.1787109375,89.72570037841797,2695.331298828125,103.47848510742188
1530.png,0,0,0,0.01114641036838293,1392.0255126953125,1494.52783203125,1403.990966796875,1522.9903564453125
1530.png,0,0,0,0.010999982245266438,2224.871337890625,575.0494995117188,2246.00341796875,598.9347534179688
1530.png,0,0,0,0.010872764512896538,1589.9736328125,487.25823974609375,1599.15234375,504.25311279296875
1530.png,0,0,0,0.010807493701577187,869.8521728515625,2759.294921875,888.5609130859375,2802.447998046875
1530.png,0,0,0,0.010775170288980007,1916.0950927734375,1389.05859375,1938.3851318359375,1426.6446533203125
1530.png,0,0,0,0.010672027245163918,1514.077880859375,839.9375,1534.4415283203125,865.182861328125
1530.png,0,0,0,0.010579443536698818,2228.438232421875,131.17935180664062,2246.0126953125,154.4635467529297
1530.png,0,0,0,0.010562910698354244,747.6693725585938,2882.619873046875,767.488525390625,2902.95849609375
1530.png,0,0,0,0.010521071031689644,1221.35107421875,2393.57080078125,1234.2437744140625,2409.03076171875
1530.png,0,0,0,0.010511157102882862,2188.204345703125,1251.7867431640625,2205.357177734375,1273.8048095703125
1530.png,0,0,0,0.010487942956387997,939.4303588867188,2338.86083984375,951.36474609375,2362.138427734375
1530.png,0,0,0,0.010479276068508625,1094.7462158203125,651.810546875,1112.7391357421875,678.0906982421875
1530.png,0,0,0,0.010456359013915062,851.9440307617188,1501.8890380859375,870.0464477539062,1518.40625
1530.png,0,0,0,0.010376361198723316,2602.950439453125,779.712890625,2620.8427734375,819.3817138671875
1530.png,0,0,0,0.01035293284803629,1305.7325439453125,1272.8748779296875,1322.882568359375,1305.2833251953125
1530.png,0,0,0,0.010274802334606647,177.7100372314453,1859.53564453125,199.01605224609375,1881.666015625
1530.png,0,0,0,0.010199980810284615,126.54622650146484,2145.835693359375,141.7034912109375,2163.7578125
1530.png,0,0,0,0.010050015524029732,236.22174072265625,2486.189697265625,263.07647705078125,2519.07958984375
1530.png,0,0,0,0.009984701871871948,95.5806655883789,1475.26171875,106.61908721923828,1507.4620361328125
1530.png,0,0,0,0.009934818372130394,2068.598388671875,1183.1549072265625,2096.7880859375,1218.924560546875
1530.png,0,0,0,0.00974236335605383,737.4967651367188,2837.472412109375,759.6463012695312,2858.279052734375
1530.png,0,0,0,0.0097029535099864,1624.876953125,2431.1689453125,1638.8118896484375,2447.499755859375
1530.png,0,0,0,0.00966994185000658,2879.0908203125,2356.92626953125,2904.608154296875,2381.361328125
1530.png,0,0,0,0.00966410432010889,2270.5126953125,453.3916015625,2286.997314453125,468.6576232910156
1530.png,0,0,0,0.009647087194025517,788.2376708984375,3083.10302734375,809.2899169921875,3096.893310546875
1530.png,0,0,0,0.00961750652641058,1109.89306640625,2825.946533203125,1129.728515625,2852.71875
1530.png,0,0,0,0.009517998434603214,2036.66943359375,1547.6895751953125,2058.634033203125,1588.6268310546875
1530.png,0,0,0,0.009514073841273785,2717.386962890625,816.817626953125,2731.401611328125,831.7230834960938
1530.png,0,0,0,0.00949687510728836,1880.239990234375,1217.6558837890625,1897.105712890625,1238.5208740234375
1530.png,0,0,0,0.00947489496320486,2284.353759765625,568.4102172851562,2304.04736328125,588.8218994140625
1530.png,0,0,0,0.009340898133814335,1677.314697265625,912.0548706054688,1695.2313232421875,941.265380859375
1530.png,0,0,0,0.009266043081879616,1596.13232421875,1295.48779296875,1613.2518310546875,1312.7314453125
1530.png,0,0,0,0.009262161329388618,1105.7259521484375,488.0931701660156,1117.350341796875,509.80218505859375
1530.png,0,0,0,0.009239841252565384,857.8596801757812,2639.830078125,879.9805297851562,2652.506591796875
1530.png,0,0,0,0.009233299642801285,2873.881103515625,650.6727294921875,2893.095947265625,675.3579711914062
1530.png,0,0,0,0.009218906983733177,858.616943359375,2676.3330078125,885.0870971679688,2698.96728515625
1530.png,0,0,0,0.00920816883444786,2313.4482421875,975.58837890625,2326.723876953125,1003.4977416992188
1530.png,0,0,0,0.009158170782029629,1354.20654296875,1325.7596435546875,1395.9664306640625,1346.3824462890625
1530.png,0,0,0,0.00909782201051712,1513.97802734375,1864.6976318359375,1532.95654296875,1878.6004638671875
1530.png,0,0,0,0.00906340591609478,2690.503173828125,1506.1004638671875,2707.79248046875,1547.700927734375
1530.png,0,0,0,0.009027152322232723,738.1515502929688,2884.67578125,789.0361938476562,2923.44287109375
1530.png,0,0,0,0.009013057686388493,1492.180419921875,819.3366088867188,1525.74462890625,861.4893188476562
1530.png,0,0,0,0.008996929973363876,170.2297821044922,2709.826171875,194.23028564453125,2734.074462890625
1530.png,0,0,0,0.00898868590593338,906.2238159179688,1296.030517578125,926.214599609375,1312.7481689453125
1530.png,0,0,0,0.00896461308002472,1708.915283203125,980.4148559570312,1733.3529052734375,999.0782470703125
1530.png,0,0,0,0.00890806969255209,3094.819580078125,1041.350341796875,3113.41845703125,1064.572021484375
1530.png,0,0,0,0.008878249675035477,909.1658935546875,980.6677856445312,931.2783813476562,1000.9450073242188
1530.png,0,0,0,0.00887280609458685,734.7158813476562,971.6837768554688,748.9365234375,998.1240234375
1530.png,0,0,0,0.008833270519971848,2232.768310546875,1302.5758056640625,2249.371826171875,1335.2840576171875
1530.png,0,0,0,0.008829113095998764,1015.5768432617188,2446.232421875,1048.1058349609375,2480.355224609375
1530.png,0,0,0,0.008677700534462929,1592.9371337890625,887.3045654296875,1612.889404296875,910.0866088867188
1530.png,0,0,0,0.00866768043488264,257.72235107421875,2986.376708984375,271.5129699707031,3015.47998046875
1530.png,0,0,0,0.008654836565256119,1209.1981201171875,1627.2506103515625,1234.1170654296875,1639.8753662109375
1530.png,0,0,0,0.008642065338790417,3192.424560546875,809.7720336914062,3216.95166015625,834.4356689453125
1530.png,0,0,0,0.008546083234250546,119.95014190673828,1910.2371826171875,141.64344787597656,1940.22216796875
1530.png,0,0,0,0.00849679671227932,1756.500244140625,1496.3551025390625,1766.876953125,1511.816650390625
1530.png,0,0,0,0.008447323925793171,1406.983642578125,1709.46533203125,1436.42724609375,1740.839599609375
1530.png,0,0,0,0.008417943492531776,1735.3839111328125,1042.3887939453125,1760.1796875,1063.4051513671875
1530.png,0,0,0,0.008401493541896343,563.802734375,2708.552001953125,587.7776489257812,2742.257568359375
1530.png,0,0,0,0.008378361351788044,1025.4207763671875,2707.345703125,1067.697021484375,2731.48779296875
1530.png,0,0,0,0.008353562094271183,1501.4559326171875,1992.7047119140625,1528.7003173828125,2015.4278564453125
1530.png,0,0,0,0.0083146458491683,309.05389404296875,3125.72021484375,344.0732421875,3162.11328125
1530.png,0,0,0,0.008284445852041245,1795.5179443359375,1344.3292236328125,1815.2972412109375,1359.8447265625
1530.png,0,0,0,0.008249296806752682,1463.0416259765625,1500.779296875,1476.9119873046875,1519.574462890625
1530.png,0,0,0,0.008244284428656101,303.3357238769531,3070.305908203125,327.7169189453125,3094.5107421875
1530.png,0,0,0,0.00815713219344616,338.9801025390625,2201.58935546875,362.644775390625,2241.590087890625
1530.png,0,0,0,0.008105797693133354,2600.86474609375,778.619384765625,2616.48876953125,808.0430908203125
1530.png,0,0,0,0.008102746680378914,2459.153076171875,1675.1629638671875,2490.269775390625,1709.65478515625
1530.png,0,0,0,0.008098014630377293,2482.05078125,168.25242614746094,2504.786865234375,190.29830932617188
1530.png,0,0,0,0.008091306313872337,3028.833984375,1580.0302734375,3054.923095703125,1597.4423828125
1530.png,0,0,0,0.008077376522123814,462.00189208984375,2470.2744140625,481.7792053222656,2492.33447265625
1530.png,0,0,0,0.008074134588241577,1476.7386474609375,1179.5235595703125,1496.24267578125,1202.800537109375
1530.png,0,0,0,0.00805445946753025,2800.53173828125,2226.7529296875,2814.905517578125,2249.578125
1530.png,0,0,0,0.008028249256312847,1792.090087890625,37.96422576904297,1804.517333984375,59.15739822387695
1530.png,0,0,0,0.008026666007936,1031.3658447265625,1466.3646240234375,1064.302490234375,1478.3411865234375
1530.png,0,0,0,0.00802537426352501,1145.509033203125,1557.4884033203125,1156.6378173828125,1588.5045166015625
1530.png,0,0,0,0.008010894060134888,1837.3272705078125,1128.16357421875,1846.8385009765625,1147.2437744140625
1530.png,0,0,0,0.007999250665307045,2225.461181640625,577.5084838867188,2247.068603515625,617.097900390625
1530.png,0,0,0,0.0079971207305789,191.59849548339844,1851.337890625,222.65362548828125,1875.764404296875
1530.png,0,0,0,0.00798687245696783,1621.2208251953125,2659.468505859375,1638.75341796875,2682.84619140625
1530.png,0,0,0,0.007972709834575653,2479.167724609375,2226.753173828125,2491.1171875,2245.635009765625
1530.png,0,0,0,0.007942065596580505,1475.193359375,2714.348876953125,1493.03955078125,2729.177734375
1530.png,0,0,0,0.007913473062217236,2008.3443603515625,1341.8104248046875,2056.523193359375,1349.7855224609375
1530.png,0,0,0,0.0078899459913373,2285.562255859375,1344.8253173828125,2303.697021484375,1365.2535400390625
1530.png,0,0,0,0.007882476784288883,603.0838623046875,2352.6494140625,627.2579345703125,2368.523681640625
1530.png,0,0,0,0.007867255248129368,91.31778717041016,1466.5675048828125,104.43463897705078,1500.8145751953125
1530.png,0,0,0,0.00784408301115036,1152.4140625,1829.5164794921875,1188.0487060546875,1839.0406494140625
1530.png,0,0,0,0.007796440739184618,2650.056884765625,859.7622680664062,2676.9375,892.433349609375
1530.png,0,0,0,0.0077736699022352695,581.2536010742188,1836.3792724609375,634.9214477539062,1871.575927734375
1530.png,0,0,0,0.0077370572835206985,2280.1044921875,1344.9813232421875,2326.6376953125,1364.632568359375
1530.png,0,0,0,0.007694999221712351,1300.56103515625,1258.6427001953125,1320.1292724609375,1295.483154296875
1530.png,0,0,0,0.007669662591069937,310.9435119628906,2025.55517578125,343.9562683105469,2047.0509033203125
1530.png,0,0,0,0.007656123023480177,1203.0018310546875,2434.23046875,1234.1346435546875,2447.639404296875
1530.png,0,0,0,0.0076344069093465805,1059.0323486328125,723.707763671875,1086.615966796875,770.3483276367188
1530.png,0,0,0,0.007592862471938133,326.3075256347656,2592.42626953125,347.2112731933594,2613.990478515625
1530.png,0,0,0,0.007537446916103363,984.1901245117188,2437.530517578125,1007.2535400390625,2473.609375
1530.png,0,0,0,0.007501824758946896,2727.6533203125,2502.623046875,2748.442138671875,2521.472412109375
1530.png,0,0,0,0.007498872000724077,1283.0235595703125,2882.6865234375,1315.076416015625,2908.79541015625
1530.png,0,0,0,0.007441481109708548,1175.64599609375,2919.070068359375,1193.92041015625,2937.90966796875
1530.png,0,0,0,0.0074407197535037994,979.15966796875,978.3399047851562,991.420166015625,1006.7138671875
1530.png,0,0,0,0.007432325277477503,2616.68212890625,1533.39306640625,2650.375244140625,1560.57080078125
1530.png,0,0,0,0.007406483869999647,1254.0574951171875,2741.512939453125,1274.990478515625,2762.6171875
1530.png,0,0,0,0.007367872167378664,2283.585205078125,645.6494140625,2302.11669921875,672.7742309570312
1530.png,0,0,0,0.007358521223068237,1494.1131591796875,1196.6192626953125,1517.5821533203125,1225.016357421875
1530.png,0,0,0,0.007340247742831707,1490.347900390625,1947.6668701171875,1517.4886474609375,1961.936767578125
1530.png,0,0,0,0.007310622371733189,930.1964111328125,1385.7684326171875,953.681396484375,1405.80517578125
1530.png,0,0,0,0.007306467276066542,2608.885986328125,1535.8812255859375,2632.911865234375,1558.7333984375
1530.png,0,0,0,0.007285307161509991,1275.229248046875,2395.563232421875,1315.064453125,2419.507568359375
1530.png,0,0,0,0.00728185847401619,3125.48193359375,1097.5174560546875,3143.553466796875,1112.6385498046875
1530.png,0,0,0,0.007279164623469114,356.67010498046875,2912.5234375,384.6692810058594,2935.717529296875
1530.png,0,0,0,0.007274706847965717,1377.98291015625,2670.326416015625,1395.990234375,2690.071044921875
1530.png,0,0,0,0.007269629277288914,1422.967041015625,2639.337890625,1436.8173828125,2657.9033203125
1530.png,0,0,0,0.007242936175316572,581.9804077148438,2102.306884765625,598.1118774414062,2118.905029296875
1530.png,0,0,0,0.007231356576085091,1152.3583984375,2437.797607421875,1184.3577880859375,2462.772705078125
1530.png,0,0,0,0.007205004338175058,730.688720703125,2780.892578125,753.0598754882812,2803.600830078125
1530.png,0,0,0,0.007203271612524986,2717.942626953125,1579.938232421875,2739.50390625,1600.3985595703125
1530.png,0,0,0,0.0071718282997608185,1719.259521484375,1035.79443359375,1735.7127685546875,1064.6502685546875
1530.png,0,0,0,0.007158107124269009,1027.734619140625,1466.5115966796875,1072.380126953125,1487.1429443359375
1530.png,0,0,0,0.007152811624109745,1476.1436767578125,1944.9095458984375,1498.0863037109375,1961.6888427734375
1530.png,0,0,0,0.007144165225327015,97.16993713378906,2910.444091796875,142.3599395751953,2932.30517578125
1530.png,0,0,0,0.007137181703001261,1434.6236572265625,1052.984130859375,1452.681640625,1074.07763671875
1530.png,0,0,0,0.007095565088093281,382.6790771484375,1932.533935546875,401.64154052734375,1953.94189453125
1530.png,0,0,0,0.007075336761772633,1274.4779052734375,2882.873046875,1301.7825927734375,2919.575439453125
1530.png,0,0,0,0.007062989287078381,537.422119140625,3035.0888671875,547.6310424804688,3066.299560546875
1530.png,0,0,0,0.0070559498853981495,243.2802276611328,2880.83984375,263.0602111816406,2901.41943359375
1530.png,0,0,0,0.0070448401384055614,2627.389892578125,1570.3792724609375,2652.356689453125,1591.6656494140625
1530.png,0,0,0,0.00704234279692173,50.59452819824219,2821.3505859375,76.65070343017578,2845.43017578125
1530.png,0,0,0,0.007024955004453659,1001.9057006835938,2437.76318359375,1040.9046630859375,2478.305908203125
1530.png,0,0,0,0.007021030876785517,1881.350830078125,50.27260971069336,1908.332275390625,67.50617218017578
1530.png,0,0,0,0.0070133693516254425,491.0254211425781,2588.176025390625,506.1318664550781,2623.6640625
1530.png,0,0,0,0.0070000095292925835,1706.4974365234375,1133.241455078125,1724.3585205078125,1152.9454345703125
1530.png,0,0,0,0.006975455209612846,2282.121826171875,2348.048095703125,2293.908935546875,2367.782470703125
1530.png,0,0,0,0.006961883045732975,1520.352294921875,1060.6710205078125,1557.899658203125,1078.1934814453125
1530.png,0,0,0,0.006954740267246962,2075.8662109375,1181.6292724609375,2124.393310546875,1220.243896484375
1530.png,0,0,0,0.006952784489840269,1852.60107421875,1507.007568359375,1881.512451171875,1528.0982666015625
1530.png,0,0,0,0.00692439591512084,1106.0762939453125,2474.41748046875,1119.73583984375,2489.91455078125
1530.png,0,0,0,0.006923812907189131,1254.248779296875,1381.79541015625,1275.1014404296875,1402.45263671875
1530.png,0,0,0,0.006923651788383722,1461.024658203125,819.2845458984375,1478.5596923828125,856.2591552734375
1530.png,0,0,0,0.006898900493979454,545.7994995117188,2719.625244140625,579.2399291992188,2760.627197265625
1530.png,0,0,0,0.006873874459415674,2248.85888671875,521.3917846679688,2286.20947265625,546.4449462890625
1530.png,0,0,0,0.006868958007544279,352.3884582519531,1982.213134765625,384.4886169433594,2008.2880859375
1530.png,0,0,0,0.006833174731582403,307.1097717285156,2478.30029296875,344.07958984375,2520.330810546875
1530.png,0,0,0,0.006780410185456276,1719.3824462890625,1019.388671875,1738.6092529296875,1042.7056884765625
1530.png,0,0,0,0.006773083005100489,2835.17041015625,2388.574951171875,2852.623291015625,2406.012939453125
1530.png,0,0,0,0.006761243101209402,2690.4423828125,320.7376708984375,2709.414794921875,339.9400329589844
1530.png,0,0,0,0.006728388834744692,2063.20263671875,486.9152526855469,2083.890869140625,510.80279541015625
1530.png,0,0,0,0.006699038203805685,3167.684814453125,1150.7843017578125,3182.236083984375,1183.7178955078125
1530.png,0,0,0,0.006698251236230135,2796.2080078125,1223.54052734375,2813.439697265625,1244.1092529296875
1530.png,0,0,0,0.006665775552392006,2717.592529296875,9.940218925476074,2743.658447265625,25.21565055847168
1530.png,0,0,0,0.0066559771075844765,2161.927734375,1306.9794921875,2180.236083984375,1345.467529296875
1530.png,0,0,0,0.0066509973257780075,1796.069580078125,1463.99072265625,1816.18603515625,1478.4306640625
1530.png,0,0,0,0.006638292223215103,981.2680053710938,2439.5009765625,1004.3201904296875,2478.73388671875
1530.png,0,0,0,0.0066335550509393215,1598.2344970703125,1884.3504638671875,1615.8553466796875,1913.4581298828125
1530.png,0,0,0,0.006609272677451372,219.2216796875,2639.58642578125,240.37818908691406,2686.339111328125
1530.png,0,0,0,0.006601381581276655,2701.35546875,1505.5430908203125,2732.10107421875,1547.6986083984375
1530.png,0,0,0,0.006593381054699421,1908.789794921875,1263.9920654296875,1930.2978515625,1281.685791015625
1530.png,0,0,0,0.006578883156180382,2205.173583984375,130.88583374023438,2240.406982421875,154.37191772460938
1530.png,0,0,0,0.006576755549758673,730.731201171875,1931.2059326171875,748.732421875,1959.63134765625
1530.png,0,0,0,0.006565399933606386,1467.343017578125,2235.17724609375,1483.4249267578125,2265.503173828125
1530.png,0,0,0,0.006563994102180004,834.2874755859375,1736.8594970703125,869.9478149414062,1762.9483642578125
1530.png,0,0,0,0.006560472305864096,1881.1766357421875,1225.756591796875,1896.881591796875,1264.483154296875
1530.png,0,0,0,0.006557992659509182,794.7957153320312,3083.1044921875,829.503173828125,3097.550048828125
1530.png,0,0,0,0.006552368868142366,810.8331909179688,2834.469970703125,829.5916137695312,2868.511962890625
1530.png,0,0,0,0.006542710121721029,301.2574768066406,3032.857666015625,320.0182189941406,3066.647216796875
1530.png,0,0,0,0.006535388063639402,3013.041259765625,889.390625,3030.490478515625,915.1902465820312
1530.png,0,0,0,0.0065323845483362675,2728.4013671875,37.271324157714844,2748.399169921875,57.47708511352539
1530.png,0,0,0,0.0065191821195185184,1886.0198974609375,50.492095947265625,1921.9925537109375,74.67634582519531
1530.png,0,0,0,0.00650688586756587,1880.9305419921875,2356.8916015625,1900.522216796875,2372.59912109375
1530.png,0,0,0,0.006501288153231144,2245.30126953125,507.8759460449219,2263.136474609375,536.9762573242188
1530.png,0,0,0,0.0064970082603394985,2468.24951171875,1546.926025390625,2488.786865234375,1576.153564453125
1530.png,0,0,0,0.006495343055576086,3213.36083984375,360.3702087402344,3228.5390625,378.8563537597656
1530.png,0,0,0,0.0064719682559370995,1151.437744140625,1830.7574462890625,1194.351806640625,1844.142333984375
1530.png,0,0,0,0.006452848669141531,624.8911743164062,2882.262939453125,650.675048828125,2900.37646484375
1530.png,0,0,0,0.00643867626786232,825.4154052734375,937.5343017578125,842.8368530273438,954.7112426757812
1530.png,0,0,0,0.006414416246116161,2190.6826171875,1520.029541015625,2211.53564453125,1552.637939453125
1530.png,0,0,0,0.0064042704179883,1049.0118408203125,2708.46435546875,1092.056640625,2733.953369140625
1530.png,0,0,0,0.006403714884072542,2929.697265625,1288.06640625,2946.220458984375,1308.0068359375
1530.png,0,0,0,0.0063745249062776566,940.7627563476562,1432.53515625,962.5152587890625,1467.6490478515625
1530.png,0,0,0,0.00637325644493103,1958.5743408203125,1193.2149658203125,1978.0042724609375,1224.2694091796875
1530.png,0,0,0,0.006364752538502216,424.53912353515625,2171.319580078125,446.27313232421875,2196.657470703125
1530.png,0,0,0,0.006357555277645588,2839.79638671875,611.233154296875,2853.100341796875,630.1454467773438
1530.png,0,0,0,0.006329243071377277,1314.956298828125,1749.064208984375,1358.063720703125,1768.9052734375
1530.png,0,0,0,0.006318883970379829,2510.903076171875,1460.2894287109375,2537.46728515625,1498.56689453125
1530.png,0,0,0,0.006296927575021982,630.5292358398438,2842.419677734375,667.8468017578125,2874.6552734375
1530.png,0,0,0,0.006291404366493225,326.16925048828125,2740.88818359375,360.206787109375,2775.630859375
1530.png,0,0,0,0.006265524309128523,96.9969482421875,2415.10546875,117.62611389160156,2440.232177734375
1530.png,0,0,0,0.00624098489060998,2351.423828125,614.3881225585938,2367.269775390625,633.6298217773438
1530.png,0,0,0,0.006238414905965328,708.0696411132812,971.506591796875,729.41455078125,999.278564453125
1530.png,0,0,0,0.006224790588021278,1068.0989990234375,2712.390380859375,1112.74560546875,2735.128173828125
1530.png,0,0,0,0.006208805367350578,60.45012664794922,1546.3568115234375,79.58695983886719,1560.383056640625
1530.png,0,0,0,0.006188528146594763,1223.8775634765625,2826.224853515625,1243.2998046875,2850.82177734375
1530.png,0,0,0,0.006172779016196728,431.2985534667969,2168.52587890625,465.3680114746094,2196.550537109375
1530.png,0,0,0,0.006159183103591204,1544.848388671875,1354.04150390625,1560.90478515625,1386.245849609375
1530.png,0,0,0,0.0061565362848341465,1177.5870361328125,2830.885498046875,1194.2276611328125,2851.063720703125
1530.png,0,0,0,0.006150496657937765,485.7945251464844,2067.6826171875,506.28753662109375,2085.397216796875
1530.png,0,0,0,0.006149091757833958,2605.427490234375,2426.005615234375,2627.318115234375,2450.23291015625
1530.png,0,0,0,0.006125936284661293,9.003414154052734,1426.271484375,28.83894157409668,1466.04443359375
1530.png,0,0,0,0.006118525750935078,1457.07421875,2183.800048828125,1476.908447265625,2204.745849609375
1530.png,0,0,0,0.006107696797698736,2407.267333984375,1013.045166015625,2427.028564453125,1047.3424072265625
1530.png,0,0,0,0.006105751730501652,2997.41650390625,979.3810424804688,3016.153564453125,1010.1946411132812
1530.png,0,0,0,0.006103102117776871,1031.01220703125,2680.595947265625,1077.9722900390625,2724.508544921875
1530.png,0,0,0,0.006100354716181755,930.302490234375,850.50830078125,950.9591674804688,871.5346069335938
1530.png,0,0,0,0.006063433364033699,1950.7138671875,3039.922607421875,1962.523681640625,3051.836181640625
1530.png,0,0,0,0.006034600082784891,814.5838012695312,1345.09619140625,838.3778076171875,1362.5740966796875
1530.png,0,0,0,0.006000867113471031,2245.257568359375,3003.717041015625,2277.025146484375,3014.381103515625
1530.png,0,0,0,0.005998433101922274,535.2572021484375,1989.825439453125,554.8358764648438,2016.1400146484375
1530.png,0,0,0,0.005998239852488041,1098.747802734375,808.491455078125,1116.410400390625,828.1466674804688
1530.png,0,0,0,0.005983117502182722,3175.53759765625,2914.946533203125,3191.3828125,2930.13525390625
1530.png,0,0,0,0.005976904183626175,604.2653198242188,1344.9283447265625,628.3200073242188,1362.15966796875
1530.png,0,0,0,0.0059748501516878605,2182.2548828125,1221.4910888671875,2205.233642578125,1262.124755859375
1530.png,0,0,0,0.005971665494143963,788.447509765625,852.238037109375,807.8424682617188,878.0426635742188
1530.png,0,0,0,0.005970977712422609,1612.7005615234375,879.09130859375,1638.758056640625,908.8734130859375
1530.png,0,0,0,0.005969509016722441,303.2578125,2958.4111328125,330.4664001464844,2975.73193359375
1530.png,0,0,0,0.005968433804810047,1725.0836181640625,1021.6270751953125,1760.146240234375,1057.9619140625
1530.png,0,0,0,0.005948589649051428,2224.5888671875,131.65512084960938,2246.380859375,172.0157928466797
1530.png,0,0,0,0.0059141069650650024,541.7836303710938,2737.50537109375,586.7135009765625,2769.673583984375
1530.png,0,0,0,0.005910634528845549,452.94482421875,2695.84814453125,474.9251708984375,2729.3505859375
1530.png,0,0,0,0.005904473830014467,2850.8056640625,1570.7576904296875,2868.1357421875,1592.0533447265625
1530.png,0,0,0,0.005896863527595997,1062.7476806640625,732.333251953125,1081.5850830078125,778.96875
1530.png,0,0,0,0.005896670278161764,222.2430419921875,2869.73291015625,240.16880798339844,2895.751220703125
1530.png,0,0,0,0.005894707981497049,2811.8671875,2386.78173828125,2837.262451171875,2412.14111328125
1530.png,0,0,0,0.00588757311925292,2802.421875,2325.08837890625,2826.3291015625,2357.2138671875
1530.png,0,0,0,0.00588280288502574,221.63531494140625,2672.7841796875,263.2498779296875,2704.359619140625
1530.png,0,0,0,0.005875378381460905,2278.82861328125,1354.5855712890625,2301.351806640625,1386.650146484375
1530.png,0,0,0,0.005864178761839867,1299.279296875,1612.2896728515625,1318.3585205078125,1632.226806640625
1530.png,0,0,0,0.005850864574313164,531.0222778320312,2070.52734375,546.5027465820312,2085.79052734375
1530.png,0,0,0,0.005833544302731752,225.81690979003906,2478.061767578125,263.5186767578125,2514.28076171875
1530.png,0,0,0,0.00581772206351161,1598.2305908203125,2147.85205078125,1615.1456298828125,2167.389404296875
1530.png,0,0,0,0.005803115665912628,402.9747619628906,8.980301856994629,424.9058837890625,19.669462203979492
1530.png,0,0,0,0.0057970937341451645,1193.2327880859375,1626.09814453125,1214.3018798828125,1638.0506591796875
1530.png,0,0,0,0.0057835932821035385,2138.980224609375,609.3622436523438,2164.820068359375,630.7785034179688
1530.png,0,0,0,0.005781594663858414,1629.290771484375,180.29286193847656,1653.6846923828125,213.56161499023438
1530.png,0,0,0,0.0057782516814768314,1193.3094482421875,2680.41845703125,1228.43115234375,2703.784912109375
1530.png,0,0,0,0.005776109639555216,324.64324951171875,2094.21484375,344.3706359863281,2127.01806640625
1530.png,0,0,0,0.005742658860981464,2043.279296875,480.8905944824219,2063.738037109375,506.1629943847656
1530.png,0,0,0,0.005733510013669729,2636.136474609375,763.3765869140625,2650.434326171875,785.5347290039062
1530.png,0,0,0,0.0056949881836771965,1598.21875,1871.3699951171875,1623.049072265625,1910.925537109375
1530.png,0,0,0,0.005690958816558123,978.2603759765625,930.3832397460938,993.4856567382812,960.1262817382812
1530.png,0,0,0,0.005689892452210188,2153.26611328125,648.671142578125,2179.0419921875,675.2030029296875
1530.png,0,0,0,0.005675594322383404,343.5142822265625,2210.438232421875,385.00537109375,2250.41796875
1530.png,0,0,0,0.005647213198244572,3072.634765625,813.3629150390625,3095.51708984375,835.8910522460938
1530.png,0,0,0,0.005646894220262766,2527.44677734375,2306.3779296875,2544.565673828125,2328.49365234375
1530.png,0,0,0,0.005638194270431995,667.4960327148438,2350.03076171875,695.2763671875,2367.94189453125
1530.png,0,0,0,0.005629213526844978,106.19453430175781,2428.575927734375,141.70321655273438,2449.20849609375
1530.png,0,0,0,0.005621680989861488,1546.0548095703125,2112.984375,1558.5391845703125,2127.334228515625
1530.png,0,0,0,0.005620588082820177,1471.3428955078125,2238.437255859375,1487.414306640625,2276.086669921875
1530.png,0,0,0,0.005615305621176958,1064.4661865234375,3044.31494140625,1083.5550537109375,3086.85498046875
1530.png,0,0,0,0.005605925340205431,1027.3450927734375,1425.751220703125,1066.0833740234375,1449.1275634765625
1530.png,0,0,0,0.005601811688393354,1152.345458984375,1384.910400390625,1176.1688232421875,1403.9442138671875
1530.png,0,0,0,0.005599554628133774,939.9270629882812,1417.129150390625,964.3054809570312,1452.0831298828125
1530.png,0,0,0,0.005556489806622267,2594.660400390625,2070.2744140625,2610.589599609375,2105.64306640625
1530.png,0,0,0,0.00555159617215395,2985.98828125,9.774089813232422,3014.79833984375,20.717077255249023
1530.png,0,0,0,0.00555148022249341,1023.713623046875,1176.27783203125,1034.9359130859375,1197.733642578125
1530.png,0,0,0,0.0055480278097093105,505.74456787109375,3035.801513671875,529.66162109375,3066.995361328125
1530.png,0,0,0,0.005522315856069326,3161.425048828125,1376.2681884765625,3176.348388671875,1394.5345458984375
1530.png,0,0,0,0.005503784865140915,786.5841064453125,968.827880859375,805.76220703125,999.2957763671875
1530.png,0,0,0,0.005502099171280861,9.927085876464844,2664.60888671875,21.861892700195312,2695.586669921875
1530.png,0,0,0,0.005487970542162657,1380.60693359375,2394.5517578125,1396.019287109375,2411.16259765625
1530.png,0,0,0,0.005482039880007505,1538.8736572265625,1344.8734130859375,1558.2154541015625,1369.4210205078125
1530.png,0,0,0,0.005479960702359676,2806.1630859375,111.33342742919922,2828.458984375,134.95370483398438
1530.png,0,0,0,0.005477325525134802,2223.6337890625,307.3160400390625,2256.88427734375,336.94073486328125
1530.png,0,0,0,0.005473202560096979,1285.743408203125,2840.5927734375,1315.0635986328125,2878.50048828125
1530.png,0,0,0,0.005459968466311693,947.5640869140625,2755.123046875,975.025390625,2784.81787109375
1530.png,0,0,0,0.005453646183013916,1912.2703857421875,1290.69091796875,1936.9052734375,1312.416259765625
1530.png,0,0,0,0.005451991222798824,1071.8614501953125,657.2600708007812,1094.119384765625,697.8685913085938
1530.png,0,0,0,0.005451686214655638,415.1274108886719,3037.9775390625,437.9359436035156,3051.8173828125
1530.png,0,0,0,0.005450921133160591,1090.19140625,1580.4256591796875,1112.9317626953125,1595.230224609375
1530.png,0,0,0,0.0054487185552716255,990.4449462890625,1507.1429443359375,1030.4891357421875,1545.7828369140625
1929.png,0,0,0,0.126359760761261,4695.50390625,1675.2982177734375,4701.34033203125,1719.462646484375
1929.png,0,0,0,0.1045142263174057,4635.5908203125,1675.123779296875,4641.8662109375,1715.27392578125
1929.png,0,0,0,0.07797080278396606,1275.71728515625,3052.13232421875,1301.0491943359375,3071.830322265625
1929.png,0,0,0,0.0692484974861145,4573.779296875,1674.6298828125,4597.06298828125,1717.2177734375
1929.png,0,0,0,0.06892354786396027,4511.85302734375,1682.0333251953125,4533.4677734375,1725.635009765625
1929.png,0,0,0,0.05613310635089874,4753.41259765625,1669.216796875,4772.3056640625,1710.226806640625
1929.png,0,0,0,0.040860045701265335,4136.36181640625,1681.967529296875,4153.74267578125,1739.4510498046875
1929.png,0,0,0,0.039685770869255066,4010.325927734375,1680.988037109375,4020.253662109375,1716.9111328125
1929.png,0,0,0,0.03691945597529411,1277.534423828125,3054.518310546875,1338.1099853515625,3076.912353515625
1929.png,0,0,0,0.03377819061279297,4690.51123046875,1642.8839111328125,4709.73486328125,1750.43017578125
1929.png,0,0,0,0.02878953516483307,2022.67626953125,1098.3416748046875,2051.40380859375,1163.7401123046875
1929.png,0,0,0,0.02793024480342865,4057.345458984375,1684.3385009765625,4086.536376953125,1750.830810546875
1929.png,0,0,0,0.027698760852217674,4109.2470703125,1813.294677734375,4138.8671875,1874.916259765625
1929.png,0,0,0,0.027158696204423904,4071.97119140625,1680.53857421875,4088.3681640625,1740.221435546875
1929.png,0,0,0,0.026372477412223816,4197.45361328125,1780.2017822265625,4220.16796875,1833.6942138671875
1929.png,0,0,0,0.02592429704964161,4614.09814453125,1616.8590087890625,4636.7001953125,1647.283935546875
1929.png,0,0,0,0.025319470092654228,4200.7548828125,1687.0889892578125,4226.3427734375,1745.5255126953125
1929.png,0,0,0,0.025071121752262115,1183.253662109375,2682.1953125,1213.634033203125,2715.7197265625
1929.png,0,0,0,0.02390792779624462,2006.259521484375,1633.085693359375,2037.0848388671875,1688.2249755859375
1929.png,0,0,0,0.023724280297756195,4250.49267578125,1789.306640625,4266.94482421875,1837.006591796875
1929.png,0,0,0,0.023554727435112,216.38685607910156,3119.654541015625,284.1876525878906,3183.0
1929.png,0,0,0,0.0224701426923275,1767.940673828125,2248.18115234375,1836.0557861328125,2273.157470703125
1929.png,0,0,0,0.021853474900126457,1897.05712890625,1640.11474609375,1922.5400390625,1688.3538818359375
1929.png,0,0,0,0.021537357941269875,4438.64111328125,1678.8548583984375,4450.1435546875,1715.871826171875
1929.png,0,0,0,0.02131676860153675,4804.9970703125,1818.9708251953125,4827.43017578125,1875.0946044921875
1929.png,0,0,0,0.020922325551509857,4135.47412109375,1683.6209716796875,4150.6376953125,1750.4869384765625
1929.png,0,0,0,0.019428212195634842,2096.309326171875,1102.4371337890625,2147.19775390625,1157.7655029296875
1929.png,0,0,0,0.018784984946250916,4608.353515625,1785.3409423828125,4636.703125,1813.7359619140625
1929.png,0,0,0,0.018608029931783676,2146.780517578125,1375.2410888671875,2174.558349609375,1397.094482421875
1929.png,0,0,0,0.018575558438897133,1819.27490234375,1250.4864501953125,1841.4735107421875,1270.4603271484375
1929.png,0,0,0,0.017960943281650543,4694.75341796875,1573.392578125,4717.0576171875,1627.7193603515625
1929.png,0,0,0,0.017752837389707565,2248.00048828125,2185.9765625,2271.6943359375,2236.013671875
1929.png,0,0,0,0.01768934167921543,1926.8826904296875,1189.8697509765625,1960.69091796875,1209.2017822265625
1929.png,0,0,0,0.017676759511232376,2896.00244140625,1563.696044921875,2956.642578125,1595.2957763671875
1929.png,0,0,0,0.017308415845036507,2300.31640625,1311.621826171875,2334.206298828125,1334.691650390625
1929.png,0,0,0,0.017270052805542946,3390.5390625,1235.541259765625,3419.810791015625,1265.25830078125
1929.png,0,0,0,0.01706674136221409,4510.27490234375,1681.485595703125,4531.009765625,1750.4310302734375
1929.png,0,0,0,0.01671275682747364,2020.2672119140625,1064.2672119140625,2044.61376953125,1141.591796875
1929.png,0,0,0,0.01670079678297043,900.0904541015625,259.9920959472656,925.7139282226562,319.1001892089844
1929.png,0,0,0,0.016698189079761505,893.0030517578125,256.645263671875,922.1829833984375,305.78985595703125
1929.png,0,0,0,0.016667766496539116,2512.885009765625,2919.629638671875,2522.937255859375,2947.5732421875
1929.png,0,0,0,0.016459472477436066,4574.3115234375,1615.3299560546875,4597.63330078125,1650.6177978515625
1929.png,0,0,0,0.015793653205037117,4885.447265625,1696.73583984375,4910.2314453125,1752.297607421875
1929.png,0,0,0,0.015367180109024048,1773.004638671875,2247.6064453125,1811.5438232421875,2268.228515625
1929.png,0,0,0,0.015344108454883099,4572.458984375,1784.8133544921875,4599.40673828125,1815.7906494140625
1929.png,0,0,0,0.015216870233416557,4603.03759765625,1649.2828369140625,4641.0224609375,1750.489501953125
1929.png,0,0,0,0.015210489742457867,3587.333984375,1314.759521484375,3650.705078125,1352.7822265625
1929.png,0,0,0,0.015024087391793728,4683.92822265625,1812.5859375,4707.62451171875,1874.9407958984375
1929.png,0,0,0,0.014881464652717113,4563.3310546875,1671.591064453125,4589.7353515625,1750.4757080078125
1929.png,0,0,0,0.014703191816806793,3298.18994140625,2993.8359375,3329.807373046875,3010.7998046875
1929.png,0,0,0,0.014682585373520851,2394.884765625,1428.9439697265625,2458.459228515625,1463.594482421875
1929.png,0,0,0,0.01446580234915018,4692.98291015625,1825.4903564453125,4727.43896484375,1877.6005859375
1929.png,0,0,0,0.013990906067192554,1710.8270263671875,1109.64013671875,1740.1129150390625,1140.6790771484375
1929.png,0,0,0,0.01382477767765522,2639.54638671875,1407.0042724609375,2670.97802734375,1441.7744140625
1929.png,0,0,0,0.013475804589688778,4117.52880859375,1812.029052734375,4139.58203125,1863.1600341796875
1929.png,0,0,0,0.013283489271998405,1768.831787109375,2289.001708984375,1797.84814453125,2311.657958984375
1929.png,0,0,0,0.012892073020339012,3497.896240234375,1189.9920654296875,3535.600341796875,1232.1051025390625
1929.png,0,0,0,0.012802427634596825,3503.08837890625,1202.0286865234375,3538.8876953125,1253.18115234375
1929.png,0,0,0,0.012773958966135979,1891.6690673828125,1051.16943359375,1918.5074462890625,1087.59521484375
1929.png,0,0,0,0.01277199387550354,1752.4571533203125,1749.5203857421875,1792.5921630859375,1792.2379150390625
1929.png,0,0,0,0.012753542512655258,4319.6572265625,1673.8946533203125,4335.8203125,1732.841552734375
1929.png,0,0,0,0.012547318823635578,2827.87744140625,1541.73974609375,2855.271484375,1569.22265625
1929.png,0,0,0,0.012459775432944298,2148.12158203125,1376.7818603515625,2209.455322265625,1405.5311279296875
1929.png,0,0,0,0.012429870665073395,4237.59130859375,1686.1868896484375,4263.4482421875,1747.06787109375
1929.png,0,0,0,0.012299709022045135,2508.91748046875,1305.1142578125,2543.512451171875,1339.1622314453125
1929.png,0,0,0,0.01214659120887518,4504.5595703125,1783.5130615234375,4525.61181640625,1816.6109619140625
1929.png,0,0,0,0.012112841010093689,4511.1943359375,1363.333740234375,4547.5458984375,1393.361328125
1929.png,0,0,0,0.01172640547156334,4368.02880859375,1798.8170166015625,4388.05859375,1828.4708251953125
1929.png,0,0,0,0.011541838757693768,2011.665771484375,1333.961181640625,2044.029052734375,1378.8026123046875
1929.png,0,0,0,0.011530556716024876,3530.315673828125,1187.3985595703125,3578.699462890625,1218.3800048828125
1929.png,0,0,0,0.01130115706473589,2386.730712890625,1438.7586669921875,2423.40869140625,1465.9134521484375
1929.png,0,0,0,0.011249599047005177,4008.51904296875,1804.5655517578125,4041.888427734375,1831.9459228515625
1929.png,0,0,0,0.011209280230104923,2271.142333984375,1307.7308349609375,2303.83935546875,1348.374755859375
1929.png,0,0,0,0.01120901107788086,3267.1201171875,1097.2987060546875,3294.5703125,1132.55615234375
1929.png,0,0,0,0.011161292903125286,1205.9832763671875,2608.08837890625,1215.203369140625,2654.8037109375
1929.png,0,0,0,0.010885397903621197,3928.420166015625,1613.6312255859375,3952.512451171875,1640.7073974609375
1929.png,0,0,0,0.010844810865819454,3805.4638671875,1670.1553955078125,3828.021484375,1698.565185546875
1929.png,0,0,0,0.010834294371306896,3306.671142578125,3052.9580078125,3332.085693359375,3078.639892578125
1929.png,0,0,0,0.010817106813192368,2457.366455078125,1361.50927734375,2485.748291015625,1392.0841064453125
1929.png,0,0,0,0.010690812021493912,3400.55810546875,2932.532958984375,3454.363525390625,2958.631103515625
1929.png,0,0,0,0.010589361190795898,3826.12060546875,1806.51123046875,3853.223876953125,1832.4012451171875
1929.png,0,0,0,0.010524253360927105,2480.186767578125,1688.13330078125,2529.223388671875,1711.2576904296875
1929.png,0,0,0,0.010454134084284306,1146.8516845703125,2787.25634765625,1163.8948974609375,2822.768798828125
1929.png,0,0,0,0.010410205461084843,2268.8701171875,1323.0008544921875,2298.804443359375,1377.8616943359375
1929.png,0,0,0,0.010321803390979767,2128.70068359375,1538.0384521484375,2149.88916015625,1566.6888427734375
1929.png,0,0,0,0.010182958096265793,3243.183349609375,1424.1348876953125,3267.904541015625,1452.0133056640625
1929.png,0,0,0,0.010166111402213573,1960.367919921875,950.8085327148438,1989.4700927734375,1014.3536987304688
1929.png,0,0,0,0.010145843960344791,2705.494140625,2792.7021484375,2730.394287109375,2817.72216796875
1929.png,0,0,0,0.010018227621912956,4790.35498046875,2494.0693359375,4823.43017578125,2518.076904296875
1929.png,0,0,0,0.00999695435166359,1885.3016357421875,1965.088623046875,1916.8671875,2001.7371826171875
1929.png,0,0,0,0.009961165487766266,1053.0189208984375,3054.148681640625,1089.321533203125,3074.68798828125
1929.png,0,0,0,0.009884409606456757,2881.396484375,1582.4708251953125,2957.302490234375,1627.75390625
1929.png,0,0,0,0.009838691912591457,341.04052734375,754.5906372070312,374.4451904296875,778.5123291015625
1929.png,0,0,0,0.009778158739209175,1875.502197265625,1874.37109375,1902.3218994140625,1896.076416015625
1929.png,0,0,0,0.009750301949679852,2807.35791015625,1427.776611328125,2832.143310546875,1457.11376953125
1929.png,0,0,0,0.009631996974349022,1441.3204345703125,2057.51611328125,1471.990478515625,2076.96435546875
1929.png,0,0,0,0.00962816271930933,1260.13427734375,2606.03662109375,1278.1226806640625,2657.59130859375
1929.png,0,0,0,0.00960500631481409,1151.390625,2681.900146484375,1192.72900390625,2726.5087890625
1929.png,0,0,1,0.009531250223517418,4482.09619140625,1779.12841796875,4544.7646484375,1793.6346435546875
1929.png,0,0,0,0.009516316466033459,1754.672119140625,2274.88330078125,1836.656494140625,2311.222412109375
1929.png,0,0,0,0.009511652402579784,464.6300354003906,7.775599479675293,536.749755859375,40.6007194519043
1929.png,0,0,0,0.009398980997502804,3663.21875,935.0015869140625,3703.18994140625,956.2349853515625
1929.png,0,0,0,0.009366847574710846,1931.3653564453125,2045.564453125,1962.791259765625,2067.846923828125
1929.png,0,0,0,0.009354034438729286,1692.9423828125,2101.58740234375,1714.2486572265625,2132.349853515625
1929.png,0,0,0,0.009297161363065243,3598.103759765625,739.517578125,3641.159912109375,759.5667724609375
1929.png,0,0,0,0.009291357360780239,2725.61572265625,1275.5059814453125,2770.7861328125,1316.347412109375
1929.png,0,0,0,0.009252509102225304,2579.924072265625,365.4949035644531,2609.00341796875,386.7967529296875
1929.png,0,0,0,0.009145147167146206,1895.8192138671875,1625.9512939453125,1936.7513427734375,1685.8507080078125
1929.png,0,0,0,0.009068906307220459,455.8548278808594,799.1957397460938,477.1882019042969,827.0944213867188
1929.png,0,0,0,0.009055456146597862,2143.9140625,1769.7216796875,2171.616943359375,1814.01904296875
1929.png,0,0,0,0.009047146886587143,4549.9013671875,1375.566650390625,4593.2216796875,1405.4783935546875
1929.png,0,0,0,0.009038134478032589,3263.2041015625,1114.96826171875,3329.858642578125,1151.2574462890625
1929.png,0,0,0,0.009013610891997814,4448.53271484375,1853.2491455078125,4476.82958984375,1885.806640625
1929.png,0,0,0,0.008928877301514149,2084.1953125,1106.1614990234375,2104.0595703125,1166.9583740234375
1929.png,0,0,0,0.008917601779103279,219.55233764648438,3138.90478515625,289.5171813964844,3182.73095703125
1929.png,0,0,0,0.008879702538251877,2054.186279296875,1291.244384765625,2085.047607421875,1323.4105224609375
1929.png,0,0,0,0.00886609498411417,4916.88916015625,1686.832763671875,4948.62158203125,1745.298583984375
1929.png,0,0,0,0.008821959607303143,4004.342529296875,1670.0579833984375,4035.120361328125,1750.5638427734375
1929.png,0,0,0,0.008818942122161388,4885.60302734375,1688.0557861328125,4933.98583984375,1749.9439697265625
1929.png,0,0,0,0.008791403844952583,4372.19091796875,2678.5224609375,4388.63916015625,2704.292724609375
1929.png,0,0,1,0.008758828975260258,3982.796630859375,1778.0360107421875,4047.098388671875,1795.1163330078125
1929.png,0,0,0,0.008750135079026222,3202.73828125,1608.7822265625,3232.1875,1637.5418701171875
1929.png,0,0,0,0.008628292009234428,632.153076171875,3055.937255859375,654.0682373046875,3079.76416015625
1929.png,0,0,0,0.008601849898695946,1708.565185546875,1371.1300048828125,1737.5699462890625,1396.9942626953125
1929.png,0,0,0,0.008555146865546703,3314.1416015625,1497.7406005859375,3336.23193359375,1521.6124267578125
1929.png,0,0,0,0.008517827838659286,1700.50341796875,3119.59765625,1735.333251953125,3149.63671875
1929.png,0,0,0,0.008499094285070896,2441.945556640625,2808.341796875,2471.88623046875,2847.49755859375
1929.png,0,0,0,0.008478016592562199,3805.690673828125,2868.178466796875,3831.81884765625,2888.492919921875
1929.png,0,0,0,0.008455367758870125,649.6630249023438,7.746658802032471,724.8767700195312,32.94117736816406
1929.png,0,0,0,0.008430900983512402,2254.924072265625,2870.012939453125,2277.928955078125,2920.113525390625
1929.png,0,0,0,0.008409318514168262,1764.769775390625,1757.4412841796875,1797.1876220703125,1813.1156005859375
1929.png,0,0,0,0.008370599709451199,3905.38330078125,2806.68212890625,3954.923828125,2831.79052734375
1929.png,0,0,0,0.00836843904107809,1334.5218505859375,2310.286865234375,1400.734375,2327.993408203125
1929.png,0,0,0,0.008225697092711926,1816.2293701171875,2606.7587890625,1836.5050048828125,2644.041015625
1929.png,0,0,0,0.00820975098758936,3267.419189453125,2992.515869140625,3328.023681640625,3008.3544921875
1929.png,0,0,0,0.008190222084522247,4823.283203125,2733.35498046875,4850.9765625,2761.228759765625
1929.png,0,0,0,0.008159613236784935,2252.7822265625,2207.362060546875,2272.31494140625,2261.25341796875
1929.png,0,0,0,0.008157148025929928,2139.142822265625,1921.103271484375,2168.55126953125,1948.98486328125
1929.png,0,0,0,0.008109336718916893,4748.3603515625,1649.4730224609375,4776.73681640625,1750.4864501953125
1929.png,0,0,0,0.00797286070883274,3199.78759765625,1992.40576171875,3225.3818359375,2007.44189453125
1929.png,0,0,0,0.00796810258179903,2166.302001953125,1381.13671875,2210.67431640625,1439.43310546875
1929.png,0,0,0,0.007909008301794529,4230.3095703125,1682.037353515625,4265.6845703125,1756.9949951171875
1929.png,0,0,0,0.007879464887082577,1337.5931396484375,2309.9580078125,1398.6041259765625,2319.427001953125
1929.png,0,0,0,0.007869224064052105,4671.55712890625,1363.9071044921875,4699.09716796875,1390.31689453125
1929.png,0,0,0,0.007839011028409004,2017.16455078125,2247.7109375,2085.623291015625,2277.462646484375
1929.png,0,0,0,0.00780867412686348,1763.4061279296875,1119.20166015625,1788.10986328125,1155.5616455078125
1929.png,0,0,0,0.007766640745103359,1446.504150390625,2368.655029296875,1472.2677001953125,2394.01220703125
1929.png,0,0,0,0.007725040428340435,2754.25341796875,2868.60546875,2769.76806640625,2888.2978515625
1929.png,0,0,0,0.007720210123807192,1290.4805908203125,1936.588623046875,1338.7930908203125,1958.6268310546875
1929.png,0,0,0,0.007665635086596012,2267.99169921875,1217.6761474609375,2296.107421875,1258.027099609375
1929.png,0,0,0,0.007646120619028807,3302.022216796875,1146.9315185546875,3343.361328125,1193.340576171875
1929.png,0,0,0,0.007640789728611708,3387.40185546875,3042.25439453125,3416.429443359375,3070.042724609375
1929.png,0,0,0,0.00762911606580019,3713.20458984375,1563.683837890625,3767.245849609375,1599.7330322265625
1929.png,0,0,0,0.007614303845912218,4387.53076171875,1675.572509765625,4419.02978515625,1725.979736328125
1929.png,0,0,0,0.007595259230583906,4748.65966796875,1427.78662109375,4775.2373046875,1450.8802490234375
1929.png,0,0,0,0.007581555750221014,2884.580322265625,1608.0972900390625,2921.27734375,1628.9891357421875
1929.png,0,0,0,0.007503426633775234,1641.017822265625,2655.41943359375,1659.0225830078125,2735.792724609375
1929.png,0,0,0,0.007493411656469107,1245.7464599609375,3024.8544921875,1307.46923828125,3040.260986328125
1929.png,0,0,0,0.007455768994987011,1952.7098388671875,2591.4462890625,1984.732177734375,2633.224609375
1929.png,0,0,0,0.007452187594026327,1812.355712890625,1673.5482177734375,1836.3590087890625,1701.16845703125
1929.png,0,0,0,0.0074387588538229465,707.7866821289062,256.4668884277344,766.2813110351562,306.1590270996094
1929.png,0,0,0,0.007420434150844812,1634.982421875,2284.118896484375,1657.2384033203125,2311.4599609375
1929.png,0,0,0,0.007388019002974033,1951.281494140625,1625.8896484375,1982.7525634765625,1663.8179931640625
1929.png,0,0,0,0.007384791504591703,4002.23974609375,2554.484130859375,4019.704345703125,2574.093017578125
1929.png,0,0,0,0.007379787974059582,1945.14697265625,3065.744873046875,1973.3763427734375,3119.86083984375
1929.png,0,0,0,0.007378970272839069,2445.876708984375,1720.857666015625,2462.8349609375,1752.16015625
1929.png,0,0,0,0.007371657062321901,2764.1494140625,2305.399169921875,2827.296630859375,2329.069091796875
1929.png,0,0,0,0.007320805918425322,2088.97802734375,1065.745361328125,2147.253662109375,1162.16552734375
1929.png,0,0,0,0.0073155309073626995,1964.40478515625,1999.3682861328125,2024.5150146484375,2037.590576171875
1929.png,0,0,0,0.007303641643375158,1631.9359130859375,2991.963623046875,1677.216552734375,3014.43603515625
1929.png,0,0,0,0.007247099652886391,3877.2421875,1352.075927734375,3897.67431640625,1383.66357421875
1929.png,0,0,0,0.007245408836752176,3628.98876953125,1228.74462890625,3661.705810546875,1256.2159423828125
1929.png,0,0,0,0.00720747048035264,4892.45654296875,1707.063232421875,4948.375,1755.4189453125
1929.png,0,0,0,0.007182160392403603,4861.8994140625,1937.0809326171875,4896.841796875,1981.398193359375
1929.png,0,0,0,0.00714484928175807,2768.849365234375,3109.085205078125,2795.4638671875,3132.762451171875
1929.png,0,0,0,0.007116349413990974,1190.7523193359375,2982.789794921875,1214.170166015625,3008.28466796875
1929.png,0,0,0,0.007111439015716314,3448.187255859375,736.4710693359375,3476.900634765625,768.3564453125
1929.png,0,0,0,0.0070714582689106464,1264.6575927734375,2432.308837890625,1280.7352294921875,2470.28369140625
1929.png,0,0,1,0.007067348342388868,4619.8427734375,1654.2220458984375,4668.2587890625,1669.26025390625
1929.png,0,0,0,0.007053361739963293,3112.656982421875,2683.177734375,3153.074951171875,2726.637451171875
1929.png,0,0,0,0.007051077671349049,2018.8896484375,1123.494873046875,2045.3853759765625,1192.17138671875
1929.png,0,0,0,0.007007822394371033,1542.4852294921875,2306.704833984375,1589.859619140625,2322.33935546875
1929.png,0,0,0,0.0069539365358650684,298.19281005859375,17.58670997619629,365.1670227050781,70.0811996459961
1929.png,0,0,0,0.006945078261196613,2458.073486328125,1314.5811767578125,2522.525634765625,1371.916748046875
1929.png,0,0,0,0.0069399490021169186,3638.821533203125,935.9835205078125,3666.6455078125,959.0211181640625
1929.png,0,0,0,0.00691209826618433,336.7739562988281,1292.6368408203125,362.9475402832031,1321.8458251953125
1929.png,0,0,0,0.006908099632710218,3391.115234375,2931.81396484375,3427.832763671875,2953.529052734375
1929.png,0,0,0,0.0068823788315057755,1212.0465087890625,413.43414306640625,1246.7939453125,452.95068359375
1929.png,0,0,0,0.006866284180432558,2024.7899169921875,1082.7125244140625,2085.35791015625,1190.41162109375
1929.png,0,0,0,0.00679425522685051,3758.5068359375,1728.6749267578125,3778.447998046875,1757.126953125
1929.png,0,0,0,0.0067718676291406155,1996.02587890625,2248.298095703125,2048.366943359375,2280.0478515625
1929.png,0,0,0,0.00677101407200098,4882.228515625,1955.2874755859375,4912.98291015625,2000.6982421875
1929.png,0,0,0,0.0067478204146027565,2147.05224609375,2481.640869140625,2173.55078125,2523.39599609375
1929.png,0,0,0,0.0067368862219154835,520.8551635742188,2620.19287109375,562.4212036132812,2643.672607421875
1929.png,0,0,0,0.006649816408753395,1897.9735107421875,1187.34521484375,1955.2728271484375,1204.0888671875
1929.png,0,0,0,0.006640990264713764,691.4730224609375,256.15216064453125,778.9501953125,308.42205810546875
1929.png,0,0,0,0.006625459063798189,4642.0546875,2808.231201171875,4699.228515625,2823.364990234375
1929.png,0,0,0,0.006617310922592878,3398.823486328125,2991.581787109375,3454.837890625,3015.470703125
1929.png,0,0,0,0.006558831315487623,3134.346923828125,1141.542236328125,3164.525634765625,1190.62890625
1929.png,0,0,0,0.006489790976047516,3486.98583984375,707.1319580078125,3517.308837890625,755.05908203125
1929.png,0,0,0,0.006426001898944378,3578.58935546875,1314.211669921875,3664.391845703125,1331.4453125
1929.png,0,0,0,0.006398614030331373,1955.7528076171875,1846.507568359375,1985.1417236328125,1879.30029296875
1929.png,0,0,0,0.006358594633638859,4377.66015625,546.0947875976562,4391.1025390625,572.6759033203125
1929.png,0,0,0,0.006338128820061684,1960.46484375,1999.07763671875,2025.19287109375,2027.7633056640625
1929.png,0,0,0,0.006332950666546822,2135.156494140625,2155.12353515625,2168.37353515625,2190.214599609375
1929.png,0,0,0,0.0063295853324234486,3702.552734375,1563.6927490234375,3766.23681640625,1620.5494384765625
1929.png,0,0,0,0.006312787998467684,4933.1298828125,3135.594482421875,4968.91748046875,3183.0
1929.png,0,0,0,0.006269610952585936,1211.3228759765625,2345.736083984375,1240.5013427734375,2374.323974609375
1929.png,0,0,0,0.006265534088015556,2374.2041015625,1448.44677734375,2420.89453125,1503.0313720703125
1929.png,0,0,0,0.006260229740291834,1868.3875732421875,1655.2491455078125,1929.6741943359375,1664.889404296875
1929.png,0,0,0,0.006260179914534092,2071.82373046875,1065.760498046875,2096.451416015625,1164.62158203125
1929.png,0,0,0,0.006228605285286903,2293.78564453125,1337.4393310546875,2342.204833984375,1379.9189453125
1929.png,0,0,0,0.0062003228813409805,2679.86572265625,1946.5863037109375,2707.552490234375,2000.8388671875
1929.png,0,0,0,0.0061819590628147125,4483.98486328125,1849.1470947265625,4512.50634765625,1891.64697265625
1929.png,0,0,0,0.006173092406243086,1835.9979248046875,3119.37548828125,1898.0189208984375,3134.44580078125
1929.png,0,0,0,0.006121988873928785,2791.540283203125,2308.912353515625,2852.826171875,2337.28271484375
1929.png,0,0,0,0.0060866051353514194,1151.26904296875,2682.964111328125,1177.003173828125,2746.4619140625
1929.png,0,0,0,0.006058225408196449,4858.11083984375,1779.7952880859375,4900.955078125,1834.3414306640625
1929.png,0,0,0,0.0060417549684643745,3391.67626953125,3118.49560546875,3450.916259765625,3134.535888671875
1929.png,0,0,0,0.006041128188371658,3924.27783203125,2621.115234375,3955.370849609375,2642.141357421875
1929.png,0,0,0,0.006029288750141859,2618.630615234375,1376.48681640625,2658.443115234375,1435.5439453125
1929.png,0,0,0,0.006024881266057491,1528.0284423828125,3119.497802734375,1587.08251953125,3150.77685546875
1929.png,0,0,0,0.006023230496793985,3003.8896484375,3163.798095703125,3024.78125,3183.0
1929.png,0,0,0,0.006005206145346165,4761.16015625,2493.799072265625,4809.17138671875,2522.212646484375
1929.png,0,0,0,0.005998245440423489,2637.996826171875,2857.952392578125,2652.21630859375,2887.961181640625
1929.png,0,0,0,0.005968349054455757,213.94369506835938,1238.7091064453125,241.79225158691406,1262.2215576171875
1929.png,0,0,0,0.005956701934337616,3363.186767578125,2846.25048828125,3392.94287109375,2873.025390625
1929.png,0,0,0,0.005951971746981144,1557.7509765625,1308.787841796875,1593.3009033203125,1335.4202880859375
1929.png,0,0,0,0.005930953659117222,1541.4815673828125,314.6346435546875,1593.35107421875,340.99383544921875
1929.png,0,0,0,0.005874651949852705,3797.4638671875,1435.8333740234375,3827.772216796875,1475.6546630859375
1929.png,0,0,0,0.005871205125004053,3889.4775390625,2805.4052734375,3940.469970703125,2829.60986328125
1929.png,0,0,0,0.005867068190127611,1669.4302978515625,1929.0885009765625,1718.6488037109375,1957.1832275390625
1929.png,0,0,0,0.005837854463607073,2890.714111328125,2736.5078125,2904.53173828125,2752.25146484375
1929.png,0,0,0,0.005835793446749449,334.4150390625,754.6160278320312,404.6191711425781,802.5738525390625
1929.png,0,0,0,0.00582763459533453,3078.177490234375,1339.8682861328125,3108.16455078125,1378.4146728515625
1929.png,0,0,0,0.005822252947837114,653.2711791992188,7.151282787322998,746.0267333984375,19.43518829345703
1929.png,0,0,0,0.005817697383463383,1267.8765869140625,3055.349609375,1299.6619873046875,3119.78564453125
1929.png,0,0,0,0.005803979467600584,1898.0107421875,2801.246826171875,1938.4326171875,2833.008544921875
1929.png,0,0,0,0.00578962592408061,3325.7451171875,1977.1607666015625,3355.2666015625,2006.7657470703125
1929.png,0,0,0,0.005750131793320179,681.7468872070312,257.71441650390625,742.3336181640625,319.322998046875
1929.png,0,0,0,0.005745633039623499,2644.381103515625,1659.581298828125,2701.8720703125,1692.711669921875
1929.png,0,0,0,0.005740688182413578,1967.68994140625,1625.9027099609375,2029.2607421875,1681.5245361328125
1929.png,0,0,0,0.005730317439883947,1725.68115234375,1863.2137451171875,1775.3948974609375,1894.1893310546875
1929.png,0,0,0,0.005730167962610722,4413.41796875,1691.062744140625,4450.19091796875,1756.653564453125
1929.png,0,0,0,0.005716437939554453,4621.93408203125,1364.2230224609375,4638.4267578125,1390.3284912109375
1929.png,0,0,0,0.005715589504688978,466.7320251464844,7.532899856567383,561.4494018554688,20.645845413208008
1929.png,0,0,0,0.005709579214453697,1254.5225830078125,2992.874267578125,1294.2747802734375,3038.755615234375
1929.png,0,0,0,0.005693754181265831,1839.68603515625,3119.526611328125,1898.3309326171875,3142.563232421875
1929.png,0,0,0,0.005678899120539427,1624.329833984375,2621.50439453125,1663.2322998046875,2743.520263671875
1929.png,0,0,0,0.005675677675753832,2836.6728515625,1999.2801513671875,2894.427490234375,2030.4459228515625
1929.png,0,0,0,0.005674378015100956,2138.701416015625,1750.2119140625,2166.680908203125,1800.5296630859375
1929.png,0,0,0,0.005665729753673077,1191.8282470703125,2705.242431640625,1222.3895263671875,2756.981689453125
1929.png,0,0,0,0.005665568169206381,3604.25732421875,1315.2421875,3659.441650390625,1377.0362548828125
1929.png,0,0,0,0.005664526019245386,3162.54638671875,2930.670166015625,3206.216552734375,2964.6552734375
1929.png,0,0,0,0.0056466348469257355,403.1806640625,380.751220703125,481.9594421386719,416.78076171875
1929.png,0,0,0,0.0056311809457838535,1524.5982666015625,3119.108154296875,1556.6368408203125,3139.4794921875
1929.png,0,0,0,0.005622752942144871,4029.93408203125,2618.748046875,4076.5732421875,2643.94140625
1929.png,0,0,0,0.005593791138380766,3015.20263671875,2743.9892578125,3041.767822265625,2760.98974609375
1929.png,0,0,0,0.005576449912041426,1397.98486328125,2928.63232421875,1437.640625,2951.244384765625
1929.png,0,0,0,0.005568502005189657,336.05084228515625,3119.5341796875,383.9268493652344,3141.78271484375
1929.png,0,0,0,0.005559014622122049,4759.79443359375,1812.1025390625,4800.52001953125,1870.1966552734375
1929.png,0,0,1,0.005550532601773739,4238.93115234375,1777.2191162109375,4298.44775390625,1797.9171142578125
1929.png,0,0,0,0.005539483856409788,4600.58349609375,1559.1138916015625,4637.0205078125,1630.9814453125
1929.png,0,0,0,0.005509848706424236,4929.412109375,3117.89892578125,4964.6162109375,3156.065673828125
1929.png,0,0,0,0.005499386694282293,4805.6123046875,988.3973388671875,4825.06884765625,1018.7921752929688
1929.png,0,0,0,0.005493946839123964,2581.585205078125,1985.0115966796875,2609.152099609375,2014.01171875
1929.png,0,0,0,0.0054808491840958595,3759.49755859375,1799.545166015625,3774.779296875,1823.98388671875
1929.png,0,0,0,0.005478421691805124,3702.716552734375,1622.0306396484375,3741.3544921875,1643.4703369140625
1929.png,0,0,0,0.0054761185310781,893.6790771484375,256.3841857910156,973.0946655273438,311.0852355957031
1929.png,0,0,0,0.005449072923511267,1692.0850830078125,2211.571533203125,1712.7261962890625,2249.207763671875
1929.png,0,0,0,0.005403284914791584,1974.1025390625,938.778564453125,2022.736083984375,1005.2686767578125
1929.png,0,0,0,0.005402183625847101,1883.45166015625,1896.1954345703125,1924.584716796875,1940.8253173828125
1929.png,0,0,0,0.0053941551595926285,3495.84033203125,553.3947143554688,3517.261962890625,592.9655151367188
1929.png,0,0,0,0.005382221192121506,1206.5614013671875,2760.557861328125,1238.7879638671875,2810.558837890625
1929.png,0,0,0,0.005372387357056141,1969.5897216796875,2001.1195068359375,2034.320068359375,2061.626708984375
1929.png,0,0,0,0.00532982312142849,3485.161865234375,692.1593017578125,3516.96044921875,730.3257446289062
1929.png,0,0,0,0.005303087178617716,1069.2293701171875,2617.251708984375,1090.8291015625,2679.36962890625
1929.png,0,0,0,0.005301854573190212,2620.197265625,2094.220703125,2645.739501953125,2134.563232421875
1929.png,0,0,0,0.0052976058796048164,528.365478515625,2559.25830078125,595.8150024414062,2604.836669921875
1929.png,0,0,0,0.0052947127260267735,2685.1845703125,2060.08349609375,2707.54541015625,2108.769287109375
1929.png,0,0,0,0.005280737299472094,1583.37841796875,2982.04052734375,1649.7379150390625,3005.1572265625
1929.png,0,0,0,0.005264841485768557,286.76123046875,7.76857328414917,366.3653259277344,47.12497329711914
1929.png,0,0,0,0.005252060480415821,1931.60302734375,3054.70068359375,1964.98193359375,3095.3017578125
1929.png,0,0,0,0.005243025254458189,2308.982421875,1788.1334228515625,2334.265869140625,1819.41455078125
1929.png,0,0,0,0.0052422345615923405,2599.568359375,1312.6033935546875,2646.75537109375,1354.160888671875
1929.png,0,0,0,0.005214932840317488,2016.667724609375,1309.9989013671875,2045.46923828125,1342.0421142578125
1929.png,0,0,0,0.005192179698497057,3406.247314453125,3134.642333984375,3470.0751953125,3182.232177734375
1929.png,0,0,0,0.005173446144908667,2072.265869140625,1956.35107421875,2110.53173828125,2003.139404296875
1929.png,0,0,0,0.005135536193847656,1805.3428955078125,1560.74951171875,1837.35693359375,1615.8037109375
1929.png,0,0,0,0.005134050268679857,3391.313720703125,2984.503662109375,3424.617431640625,3003.191650390625
1929.png,0,0,0,0.005127069540321827,2197.098876953125,2609.45068359375,2214.084716796875,2642.85400390625
1929.png,0,0,0,0.005112826824188232,3798.962646484375,1364.7611083984375,3827.691162109375,1391.4595947265625
1929.png,0,0,0,0.005107241217046976,4074.1240234375,1811.6358642578125,4104.986328125,1850.3851318359375
1929.png,0,0,0,0.005105443764477968,1019.373046875,3119.384521484375,1053.62353515625,3140.7705078125
1929.png,0,0,0,0.005099051166325808,3821.760498046875,1827.3426513671875,3853.8251953125,1876.13427734375
1929.png,0,0,0,0.005087499041110277,1425.9600830078125,2932.662353515625,1466.192138671875,2955.76416015625
1929.png,0,0,0,0.005087192635983229,1572.1009521484375,2637.265380859375,1596.7373046875,2746.751708984375
1929.png,0,0,0,0.00507862726226449,4193.8525390625,562.505615234375,4222.30859375,580.7373657226562
1929.png,0,0,0,0.005074817221611738,4742.03515625,1583.0045166015625,4777.79296875,1630.8839111328125
1929.png,0,0,0,0.005073471460491419,515.4407348632812,2614.840576171875,596.3245239257812,2634.288818359375
1929.png,0,0,0,0.005063943564891815,3929.460693359375,1432.618408203125,3953.21923828125,1456.9747314453125
1929.png,0,0,0,0.0050637489184737206,4697.04052734375,2910.546875,4724.1630859375,2940.11181640625
1929.png,0,0,0,0.00506027415394783,1710.9141845703125,1749.5531005859375,1773.406005859375,1812.2113037109375
1929.png,0,0,0,0.005058699753135443,2805.050537109375,1766.7718505859375,2846.74951171875,1813.6455078125
1929.png,0,0,0,0.005054343491792679,845.2044677734375,5.864220142364502,913.2078857421875,20.959428787231445
1929.png,0,0,0,0.0050303516909480095,2952.388916015625,2788.58642578125,2969.44873046875,2812.85595703125
1929.png,0,0,0,0.005010454915463924,4427.7587890625,629.0892944335938,4452.3115234375,646.1165771484375
1929.png,0,0,0,0.005002554971724749,1939.302001953125,1214.4688720703125,1985.631591796875,1257.05859375
1929.png,0,0,0,0.005001838319003582,1705.9388427734375,3132.765380859375,1736.015380859375,3182.369873046875
1929.png,0,0,0,0.005000172648578882,4505.2861328125,1101.732421875,4533.70947265625,1138.967529296875
1929.png,0,0,0,0.004996719770133495,4448.31640625,2972.381103515625,4474.81787109375,2997.93212890625
1929.png,0,0,0,0.004991345573216677,3453.981689453125,1187.47119140625,3527.7890625,1223.645263671875
1929.png,0,0,0,0.00498837698251009,68.474853515625,426.6404724121094,101.3602523803711,464.3868408203125
1929.png,0,0,0,0.004987628664821386,2455.210693359375,1335.4217529296875,2521.353271484375,1393.1435546875
1929.png,0,0,0,0.004968064371496439,4314.31787109375,594.4910278320312,4329.23681640625,630.9439697265625
1929.png,0,0,0,0.00496460497379303,4695.1513671875,1563.6630859375,4731.27099609375,1625.4005126953125
1929.png,0,0,0,0.004964505787938833,4512.0771484375,815.6790161132812,4555.55859375,835.3176879882812
1929.png,0,0,0,0.004944669548422098,4323.87255859375,1803.01220703125,4351.53466796875,1841.4486083984375
1929.png,0,0,0,0.004943318199366331,2935.585205078125,2669.99169921875,2976.173095703125,2690.255615234375
1929.png,0,0,0,0.00493890605866909,1758.2733154296875,2175.255126953125,1795.86767578125,2201.961669921875
1929.png,0,0,0,0.004932622890919447,1886.6514892578125,2662.205810546875,1918.8670654296875,2715.3046875
1929.png,0,0,0,0.00493260845541954,4127.52197265625,1422.541259765625,4145.67236328125,1450.061767578125
1929.png,0,0,0,0.004930009134113789,1748.3646240234375,2277.6474609375,1805.5067138671875,2289.0224609375
1929.png,0,0,0,0.004928156267851591,2659.25,1683.4027099609375,2737.24951171875,1703.712890625
1929.png,0,0,0,0.004891283810138702,886.4547729492188,263.9452819824219,965.6590576171875,319.6346740722656
1929.png,0,0,0,0.004841327667236328,4511.60498046875,1003.5341186523438,4548.72021484375,1048.1865234375
1929.png,0,0,0,0.004837981425225735,3386.188232421875,1862.7742919921875,3418.85693359375,1887.885009765625
1929.png,0,0,0,0.004812777508050203,4636.36474609375,2803.3974609375,4696.57763671875,2819.61669921875
1929.png,0,0,0,0.004800319205969572,2672.433349609375,1916.5367431640625,2708.514892578125,1989.3485107421875
1929.png,0,0,0,0.004798301495611668,1867.7564697265625,1116.6353759765625,1910.1162109375,1146.9388427734375
1929.png,0,0,0,0.004791770596057177,2955.7861328125,3027.18798828125,2981.780517578125,3061.89501953125
1929.png,0,0,0,0.004772254731506109,3564.27392578125,1869.4825439453125,3581.45166015625,1889.5885009765625
1929.png,0,0,0,0.004772218409925699,204.44540405273438,3029.135009765625,241.23545837402344,3061.620361328125
1929.png,0,0,0,0.004766338504850864,2562.14306640625,1501.3046875,2613.651123046875,1562.0440673828125
20.png,0,0,0,0.034147825092077255,894.8582763671875,130.3204345703125,908.7992553710938,154.87454223632812
20.png,0,0,0,0.029812751337885857,2594.123779296875,1714.5758056640625,2609.771484375,1727.560546875
20.png,0,0,0,0.02973373793065548,3034.934814453125,748.6181030273438,3049.397705078125,761.3567504882812
20.png,0,0,0,0.02880680561065674,1404.811279296875,2056.785400390625,1424.356689453125,2073.802490234375
20.png,0,0,0,0.024276413023471832,2491.527099609375,545.7055053710938,2506.95068359375,557.4735717773438
20.png,0,0,0,0.021985605359077454,2829.40087890625,478.20281982421875,2847.19140625,503.3464660644531
20.png,0,0,0,0.021825533360242844,1373.41748046875,1869.7750244140625,1411.1861572265625,1879.3994140625
20.png,0,0,0,0.02119968831539154,1717.843994140625,2701.17626953125,1736.9725341796875,2724.24658203125
20.png,0,0,0,0.021056201308965683,1600.7708740234375,2765.84814453125,1620.6282958984375,2804.83642578125
20.png,0,0,0,0.02097737044095993,1945.892822265625,2016.775390625,1954.4522705078125,2033.0428466796875
20.png,0,0,0,0.020927825942635536,1125.615966796875,1944.6943359375,1141.653564453125,1964.391845703125
20.png,0,0,0,0.02073836326599121,2491.427978515625,2179.4931640625,2512.982177734375,2187.53857421875
20.png,0,0,0,0.020550714805722237,1139.033935546875,1403.212890625,1154.859375,1420.9371337890625
20.png,0,0,0,0.020190784707665443,1137.1407470703125,1428.6163330078125,1155.926513671875,1451.3875732421875
20.png,0,0,0,0.01986689865589142,753.814453125,637.4183959960938,795.3977661132812,671.9384765625
20.png,0,0,0,0.01982913352549076,1333.315185546875,1598.8978271484375,1348.4041748046875,1613.759033203125
20.png,0,0,0,0.019690444692969322,1161.4881591796875,91.72822570800781,1184.088134765625,112.18901062011719
20.png,0,0,0,0.019450245425105095,1473.371826171875,124.12274932861328,1488.7103271484375,137.13320922851562
20.png,0,0,0,0.019281713292002678,1333.570068359375,2617.156982421875,1349.1651611328125,2643.723876953125
20.png,0,0,0,0.018850909546017647,742.4177856445312,52.54940414428711,754.768798828125,63.996822357177734
20.png,0,0,0,0.018778543919324875,1372.2222900390625,1869.20458984375,1389.46337890625,1878.7100830078125
20.png,0,0,0,0.0186346173286438,2645.740478515625,2713.62646484375,2662.761474609375,2728.208740234375
20.png,0,0,0,0.018614841625094414,1207.7236328125,185.2382049560547,1218.9615478515625,210.29757690429688
20.png,0,0,0,0.018555523827672005,3034.951171875,753.2758178710938,3050.156494140625,787.9393920898438
20.png,0,0,0,0.01849803701043129,1128.3360595703125,1702.611572265625,1143.7698974609375,1731.2420654296875
20.png,0,0,0,0.018380139023065567,1580.6676025390625,2332.959228515625,1615.458984375,2373.600830078125
20.png,0,0,0,0.018147410824894905,1159.26318359375,52.643463134765625,1182.9276123046875,72.69669342041016
20.png,0,0,0,0.017770100384950638,788.6965942382812,594.4119262695312,832.5557250976562,609.8245239257812
20.png,0,0,0,0.01740216836333275,1256.4365234375,1708.0955810546875,1278.5234375,1721.6619873046875
20.png,0,0,0,0.01737937703728676,1275.27294921875,2449.98388671875,1295.2781982421875,2468.736572265625
20.png,0,0,0,0.017138274386525154,2997.153076171875,91.79019165039062,3035.016845703125,106.4551773071289
20.png,0,0,0,0.017099400982260704,1588.8284912109375,2759.473388671875,1615.747314453125,2804.037109375
20.png,0,0,0,0.016951823607087135,1744.3729248046875,69.1963882446289,1759.378173828125,96.71387481689453
20.png,0,0,0,0.01691722869873047,1885.944580078125,13.98551082611084,1913.919677734375,24.269596099853516
20.png,0,0,0,0.016843952238559723,1911.7103271484375,1908.9080810546875,1929.7247314453125,1931.6954345703125
20.png,0,0,0,0.016548272222280502,2825.964599609375,439.419921875,2842.248779296875,455.46490478515625
20.png,0,0,0,0.016344664618372917,1525.123779296875,2260.722900390625,1540.3310546875,2295.62451171875
20.png,0,0,0,0.01623762957751751,2068.06396484375,2565.84765625,2107.86572265625,2572.887451171875
20.png,0,0,0,0.016230158507823944,2457.344482421875,1870.2747802734375,2493.734619140625,1899.852783203125
20.png,0,0,0,0.016142744570970535,2875.34228515625,2794.829345703125,2894.32373046875,2808.563232421875
20.png,0,0,0,0.016108088195323944,1446.986328125,2672.453125,1466.584228515625,2692.022705078125
20.png,0,0,0,0.01608799770474434,697.3649291992188,517.06298828125,715.6092529296875,534.9261474609375
20.png,0,0,0,0.016053419560194016,860.14111328125,431.0628662109375,870.6766357421875,448.1756591796875
20.png,0,0,0,0.01593683660030365,2859.49658203125,2908.014404296875,2880.420654296875,2923.504638671875
20.png,0,0,0,0.015868131071329117,1409.6234130859375,1273.2957763671875,1432.0283203125,1291.6033935546875
20.png,0,0,0,0.015456984750926495,1117.1767578125,2242.90966796875,1154.0501708984375,2260.088134765625
20.png,0,0,0,0.015342012979090214,1094.8211669921875,1285.4376220703125,1113.6854248046875,1302.3369140625
20.png,0,0,0,0.015304096974432468,2062.314208984375,2566.197265625,2107.899169921875,2581.073486328125
20.png,0,0,0,0.015234965831041336,1411.1314697265625,2619.20947265625,1430.181640625,2644.21875
20.png,0,0,0,0.015154053457081318,1232.8929443359375,130.35842895507812,1257.083740234375,159.75241088867188
20.png,0,0,0,0.015078781172633171,1873.06103515625,2708.241943359375,1889.3428955078125,2723.567626953125
20.png,0,0,0,0.01502930372953415,3028.349609375,670.7351684570312,3046.4619140625,681.1585693359375
20.png,0,0,0,0.014731388539075851,1333.75341796875,1827.3621826171875,1362.3768310546875,1838.96875
20.png,0,0,0,0.014607870951294899,1138.2381591796875,2218.149658203125,1179.3018798828125,2241.533203125
20.png,0,0,0,0.01457661110907793,2841.342041015625,1213.015869140625,2865.533203125,1254.9979248046875
20.png,0,0,0,0.014337414875626564,1714.997802734375,1867.3367919921875,1720.8966064453125,1889.723388671875
20.png,0,0,0,0.014250196516513824,1913.160400390625,1924.0533447265625,1929.238037109375,1949.260498046875
20.png,0,0,0,0.014046711847186089,1708.548828125,2566.15673828125,1723.2227783203125,2604.592529296875
20.png,0,0,0,0.013868074864149094,2846.35888671875,1213.0185546875,2880.3857421875,1253.2779541015625
20.png,0,0,0,0.013801418244838715,1018.489013671875,583.4093627929688,1039.12548828125,600.2613525390625
20.png,0,0,0,0.013791907578706741,869.3307495117188,1940.757568359375,887.776611328125,1959.146728515625
20.png,0,0,0,0.0136632788926363,1874.8355712890625,1560.1104736328125,1891.839599609375,1574.283935546875
20.png,0,0,0,0.01357374619692564,3024.969970703125,1069.71337890625,3049.2822265625,1097.494140625
20.png,0,0,0,0.01354258507490158,1281.7969970703125,1364.9600830078125,1311.073486328125,1377.9305419921875
20.png,0,0,0,0.013541578315198421,583.2762451171875,826.1406860351562,599.4421997070312,844.9613647460938
20.png,0,0,0,0.013496244326233864,3025.68896484375,2521.72216796875,3036.341552734375,2549.902587890625
20.png,0,0,0,0.013463789597153664,1719.5018310546875,2009.890380859375,1731.7789306640625,2028.0028076171875
20.png,0,0,0,0.013443399220705032,1177.672607421875,217.8404083251953,1192.8070068359375,246.7302703857422
20.png,0,0,0,0.013333518989384174,1346.6588134765625,1828.1534423828125,1372.75146484375,1841.1480712890625
20.png,0,0,0,0.01331309787929058,2328.9736328125,2638.7763671875,2339.947265625,2650.341552734375
20.png,0,0,0,0.01319766603410244,1208.336669921875,1586.9278564453125,1237.5299072265625,1604.3582763671875
20.png,0,0,0,0.013119499199092388,1629.9598388671875,1251.2713623046875,1650.302001953125,1264.9769287109375
20.png,0,0,0,0.013064118102192879,1135.91455078125,1405.9771728515625,1179.220458984375,1440.2611083984375
20.png,0,0,0,0.012954090721905231,2455.05859375,1870.163818359375,2479.5654296875,1892.33447265625
20.png,0,0,0,0.0129165630787611,356.2168273925781,1164.668212890625,367.42633056640625,1181.164794921875
20.png,0,0,0,0.012909621931612492,1170.5909423828125,101.70955657958984,1193.9613037109375,131.1457977294922
20.png,0,0,0,0.01288615819066763,1415.2242431640625,2566.14892578125,1451.1727294921875,2586.99169921875
20.png,0,0,0,0.01276789978146553,1332.3905029296875,1084.3953857421875,1349.1820068359375,1104.3748779296875
20.png,0,0,0,0.012736262753605843,1371.8385009765625,37.02587890625,1391.569091796875,58.078670501708984
20.png,0,0,0,0.012600570917129517,1783.9005126953125,2681.70947265625,1798.05029296875,2698.088623046875
20.png,0,0,0,0.012578675523400307,3033.5625,707.57470703125,3049.048583984375,720.4747314453125
20.png,0,0,0,0.012358494102954865,786.1067504882812,1008.5791015625,801.1414184570312,1030.76611328125
20.png,0,0,0,0.01225596945732832,1742.4500732421875,2476.8173828125,1759.6312255859375,2493.5625
20.png,0,0,0,0.012226978316903114,2261.287109375,2171.557861328125,2293.89794921875,2183.6591796875
20.png,0,0,0,0.012211104854941368,1206.295166015625,1471.5406494140625,1218.9559326171875,1488.68994140625
20.png,0,0,0,0.012202545069158077,1252.4248046875,1830.945068359375,1279.4169921875,1842.1680908203125
20.png,0,0,0,0.012183981947600842,2837.021240234375,38.24485397338867,2857.47216796875,56.71159744262695
20.png,0,0,0,0.01214304007589817,1017.790771484375,1892.9412841796875,1035.0130615234375,1914.5933837890625
20.png,0,0,0,0.011988330632448196,2996.323486328125,91.63217163085938,3030.586181640625,102.1044921875
20.png,0,0,0,0.011961965821683407,1633.1697998046875,1749.988037109375,1643.8209228515625,1762.907470703125
20.png,0,0,0,0.011866425164043903,1320.84912109375,1867.0799560546875,1335.4024658203125,1878.5301513671875
20.png,0,0,0,0.01185071375221014,1760.4852294921875,2102.199951171875,1798.45751953125,2115.55322265625
20.png,0,0,0,0.011849597096443176,2210.270263671875,1636.3311767578125,2223.44091796875,1654.050048828125
20.png,0,0,0,0.011838056147098541,1714.1734619140625,2570.365234375,1728.541259765625,2605.13232421875
20.png,0,0,0,0.011830617673695087,2174.0947265625,384.70465087890625,2185.2216796875,404.61041259765625
20.png,0,0,0,0.011821762658655643,1950.494873046875,2440.75341796875,1967.8646240234375,2456.155517578125
20.png,0,0,0,0.011773564852774143,2402.379150390625,2214.872802734375,2416.51953125,2241.505126953125
20.png,0,0,0,0.011548451147973537,831.1940307617188,895.6782836914062,848.80029296875,932.0745239257812
20.png,0,0,0,0.01145909633487463,2722.960205078125,33.936851501464844,2745.461181640625,54.31808853149414
20.png,0,0,0,0.011383073404431343,1589.9306640625,1551.047607421875,1604.58251953125,1567.0147705078125
20.png,0,0,0,0.011373261921107769,2263.580322265625,555.765625,2301.64990234375,572.6632690429688
20.png,0,0,0,0.011308788321912289,1409.8143310546875,1251.6656494140625,1449.5885009765625,1287.8438720703125
20.png,0,0,0,0.011279311962425709,2841.55859375,1224.197998046875,2857.455810546875,1260.7025146484375
20.png,0,0,0,0.011239578947424889,1756.551513671875,2056.525146484375,1773.2451171875,2069.307861328125
20.png,0,0,0,0.011236139573156834,2144.155517578125,1356.1949462890625,2161.272705078125,1377.1116943359375
20.png,0,0,0,0.011226486414670944,1210.1121826171875,1560.991943359375,1257.106201171875,1594.4622802734375
20.png,0,0,0,0.01121990941464901,2066.8935546875,13.987173080444336,2089.532470703125,23.80230712890625
20.png,0,0,0,0.011218681931495667,894.6395874023438,129.81748962402344,910.8727416992188,169.15040588378906
20.png,0,0,0,0.011184013448655605,2703.54931640625,2484.871337890625,2725.747802734375,2497.126953125
20.png,0,0,0,0.011179744265973568,1523.9388427734375,2256.76953125,1541.0699462890625,2282.424072265625
20.png,0,0,0,0.011174711398780346,1135.5535888671875,745.0283813476562,1165.45166015625,757.6184692382812
20.png,0,0,0,0.01116445753723383,932.9249267578125,439.60003662109375,956.91259765625,460.234619140625
20.png,0,0,0,0.01116147730499506,1701.413330078125,2061.242919921875,1720.529296875,2074.739990234375
20.png,0,0,0,0.011112016625702381,1874.7081298828125,2559.5087890625,1900.1212158203125,2573.46630859375
20.png,0,0,0,0.011086302809417248,1717.5166015625,1947.566162109375,1725.4227294921875,1972.0382080078125
20.png,0,0,0,0.01101094763725996,2184.03759765625,1166.048828125,2200.561279296875,1181.2333984375
20.png,0,0,0,0.01099475845694542,1255.3896484375,1359.554443359375,1292.2864990234375,1371.514892578125
20.png,0,0,0,0.010953753255307674,1257.254638671875,1711.1058349609375,1295.19970703125,1724.4794921875
20.png,0,0,0,0.010949998162686825,2765.494873046875,91.81718444824219,2806.2392578125,126.29621124267578
20.png,0,0,0,0.010947560891509056,2686.776123046875,2485.6572265625,2711.592529296875,2495.417236328125
20.png,0,0,0,0.01094126421958208,2717.951904296875,1886.857177734375,2739.16162109375,1910.4583740234375
20.png,0,0,0,0.010874944739043713,2963.197021484375,2641.12841796875,2996.427978515625,2656.61083984375
20.png,0,0,0,0.010834391228854656,1411.9495849609375,2629.679443359375,1449.960205078125,2649.516845703125
20.png,0,0,0,0.010763009078800678,2716.27099609375,2442.9765625,2731.094482421875,2460.46142578125
20.png,0,0,0,0.010755685158073902,1208.657958984375,283.99456787109375,1218.3798828125,298.7164001464844
20.png,0,0,0,0.010729006491601467,1477.088134765625,79.38074493408203,1489.4031982421875,101.7369613647461
20.png,0,0,0,0.010717402212321758,2490.78369140625,2179.37939453125,2532.39892578125,2189.02197265625
20.png,0,0,0,0.010599013417959213,1284.6834716796875,1135.4486083984375,1301.982666015625,1167.740478515625
20.png,0,0,0,0.010552083142101765,1264.0892333984375,2526.223388671875,1295.2305908203125,2540.133056640625
20.png,0,0,0,0.010506541468203068,1190.447021484375,1712.8841552734375,1217.88818359375,1726.46826171875
20.png,0,0,0,0.010489660315215588,985.5884399414062,1859.836669921875,1005.4522094726562,1875.615478515625
20.png,0,0,0,0.01045896951109171,1197.7015380859375,1570.305908203125,1258.6741943359375,1600.6961669921875
20.png,0,0,0,0.010454528965055943,2671.32470703125,1328.9420166015625,2718.1201171875,1339.956787109375
20.png,0,0,0,0.010451194830238819,1485.7169189453125,2161.649658203125,1504.3408203125,2182.073974609375
20.png,0,0,0,0.010389603674411774,1501.2901611328125,169.12139892578125,1538.2352294921875,183.9205322265625
20.png,0,0,0,0.010386383160948753,2144.3828125,1896.607421875,2161.805419921875,1911.7967529296875
20.png,0,0,0,0.010364561341702938,2859.04345703125,245.75535583496094,2890.99365234375,265.37640380859375
20.png,0,0,0,0.010351506061851978,676.1087646484375,698.0195922851562,694.4168090820312,716.194091796875
20.png,0,0,0,0.010339158587157726,1548.842041015625,2022.0086669921875,1565.9202880859375,2033.7620849609375
20.png,0,0,0,0.010328337550163269,1465.09814453125,2836.05810546875,1488.6026611328125,2850.2900390625
20.png,0,0,0,0.010280937887728214,1122.275146484375,670.5706787109375,1140.608154296875,685.1980590820312
20.png,0,0,0,0.010106774978339672,2214.861083984375,901.6087036132812,2237.3037109375,914.5222778320312
20.png,0,0,0,0.010044115595519543,1049.867431640625,760.2092895507812,1067.4998779296875,788.4421997070312
20.png,0,0,0,0.010018166154623032,2532.28857421875,1638.3092041015625,2570.263916015625,1679.0294189453125
20.png,0,0,0,0.009982623159885406,698.2219848632812,85.5645523071289,715.4523315429688,101.36652374267578
20.png,0,0,0,0.009958730079233646,1666.453369140625,2596.82666015625,1681.9039306640625,2615.826416015625
20.png,0,0,0,0.009892836213111877,1591.3192138671875,2758.4853515625,1643.2501220703125,2803.04443359375
20.png,0,0,0,0.009853466413915157,1972.9525146484375,669.4635009765625,1991.1375732421875,689.7130126953125
20.png,0,0,0,0.00980446394532919,2455.044677734375,631.9745483398438,2507.974365234375,641.713623046875
20.png,0,0,0,0.009730258025228977,1785.4256591796875,9.45283031463623,1808.5130615234375,24.109790802001953
20.png,0,0,0,0.009672774001955986,1281.7926025390625,1365.3094482421875,1333.8857421875,1377.9708251953125
20.png,0,0,0,0.009573337621986866,1101.67041015625,1868.8245849609375,1124.96435546875,1887.921875
20.png,0,0,0,0.009564475156366825,564.1728515625,10.957975387573242,599.6151733398438,21.148021697998047
20.png,0,0,0,0.009535902179777622,2048.4775390625,2460.568359375,2068.632080078125,2489.378662109375
20.png,0,0,0,0.009532524272799492,1550.957275390625,1203.53857421875,1565.8751220703125,1224.5440673828125
20.png,0,0,0,0.00950283370912075,1303.4537353515625,2151.86376953125,1337.87109375,2181.124267578125
20.png,0,0,0,0.009487031027674675,1524.069091796875,2602.055908203125,1544.7938232421875,2618.818603515625
20.png,0,0,0,0.009477217681705952,1569.867919921875,785.1762084960938,1604.4998779296875,795.70654296875
20.png,0,0,0,0.009469677694141865,1643.134033203125,2595.5322265625,1670.08447265625,2620.558349609375
20.png,0,0,0,0.009418313391506672,632.4270629882812,628.23681640625,650.171630859375,647.0604248046875
20.png,0,0,0,0.009360779076814651,1522.1568603515625,815.74609375,1544.5433349609375,832.788330078125
20.png,0,0,0,0.009346887469291687,1829.6810302734375,2582.056640625,1852.337890625,2606.390380859375
20.png,0,0,0,0.00934128649532795,2600.93359375,901.8749389648438,2627.91796875,913.1455078125
20.png,0,0,0,0.009325982071459293,1642.6658935546875,1903.992919921875,1658.3489990234375,1920.812255859375
20.png,0,0,0,0.00931338220834732,1350.42919921875,2101.43017578125,1375.3919677734375,2116.23974609375
20.png,0,0,0,0.009291690774261951,1119.3856201171875,1676.9471435546875,1141.121826171875,1721.672119140625
20.png,0,0,0,0.009270049631595612,2528.190185546875,2675.730224609375,2547.48388671875,2695.440185546875
20.png,0,0,0,0.009231934323906898,2988.61767578125,1172.15283203125,3009.9853515625,1186.906494140625
20.png,0,0,0,0.009166620671749115,2398.880615234375,1038.4862060546875,2416.576171875,1059.2965087890625
20.png,0,0,0,0.009166373871266842,1097.6246337890625,1723.869873046875,1115.1368408203125,1754.8653564453125
20.png,0,0,0,0.009158785454928875,2757.914306640625,580.5222778320312,2779.751708984375,601.9071044921875
20.png,0,0,0,0.009145206771790981,1524.5113525390625,2828.438232421875,1541.0750732421875,2845.969482421875
20.png,0,0,0,0.009141258895397186,1233.901123046875,2477.7919921875,1256.6126708984375,2496.14697265625
20.png,0,0,0,0.009135611355304718,1428.526123046875,1328.855224609375,1457.243896484375,1342.019287109375
20.png,0,0,0,0.00913042388856411,2715.4228515625,1870.28759765625,2747.771728515625,1901.91064453125
20.png,0,0,0,0.009112142957746983,1901.6986083984375,2758.8662109375,1915.4814453125,2777.772705078125
20.png,0,0,0,0.009036148898303509,1891.8729248046875,2708.160400390625,1914.2193603515625,2723.505859375
20.png,0,0,0,0.009029422886669636,1149.841064453125,14.183609008789062,1179.564453125,35.05921936035156
20.png,0,0,0,0.009013363160192966,2883.193115234375,2791.445556640625,2919.928955078125,2809.350341796875
20.png,0,0,0,0.009007829241454601,2852.646728515625,1232.6204833984375,2880.394287109375,1261.84423828125
20.png,0,0,0,0.00897207111120224,753.4525756835938,80.31121063232422,771.3740234375,107.24553680419922
20.png,0,0,0,0.008956469595432281,2657.25439453125,1096.174560546875,2687.763427734375,1116.4505615234375
20.png,0,0,0,0.008946338668465614,1330.41943359375,1915.75341796875,1347.5753173828125,1947.69677734375
20.png,0,0,0,0.008925932459533215,1380.53369140625,980.5401000976562,1415.38330078125,992.2239379882812
20.png,0,0,0,0.008898917585611343,1291.219970703125,2573.2666015625,1307.2275390625,2605.017333984375
20.png,0,0,0,0.008886062540113926,2652.10595703125,1135.3900146484375,2687.851806640625,1155.131103515625
20.png,0,0,0,0.00885931309312582,2608.808349609375,2870.083251953125,2632.89697265625,2879.697998046875
20.png,0,0,0,0.00884612463414669,1255.8828125,2206.02685546875,1278.6956787109375,2227.562255859375
20.png,0,0,0,0.008831420913338661,1759.039794921875,2100.052734375,1788.6131591796875,2110.4453125
20.png,0,0,0,0.008798961527645588,2043.0870361328125,1908.886474609375,2078.20703125,1925.158935546875
20.png,0,0,0,0.008765305392444134,1864.4541015625,2060.69140625,1881.1939697265625,2078.33203125
20.png,0,0,0,0.008746028877794743,1758.3348388671875,2131.315185546875,1776.171142578125,2142.8505859375
20.png,0,0,0,0.008728898130357265,2197.54833984375,2874.6337890625,2226.05126953125,2885.831298828125
20.png,0,0,0,0.008679796010255814,2375.19189453125,2634.17822265625,2386.675048828125,2649.0849609375
20.png,0,0,0,0.00866780336946249,2492.490234375,2616.6865234375,2508.827392578125,2643.827392578125
20.png,0,0,0,0.008658806793391705,1600.71923828125,2054.35986328125,1610.844482421875,2066.94140625
20.png,0,0,0,0.008658421225845814,2719.4404296875,973.3031616210938,2732.89697265625,987.787109375
20.png,0,0,0,0.008622185327112675,2785.66796875,1753.445068359375,2806.838623046875,1768.0244140625
20.png,0,0,0,0.008571230806410313,1681.65869140625,1790.151123046875,1697.745849609375,1804.5489501953125
20.png,0,0,0,0.008540873415768147,1101.8719482421875,1943.5206298828125,1137.1466064453125,1961.9014892578125
20.png,0,0,0,0.008459242060780525,1387.892578125,13.664702415466309,1411.3814697265625,26.776256561279297
20.png,0,0,0,0.008436343632638454,1598.939697265625,2777.3486328125,1643.2579345703125,2810.633056640625
20.png,0,0,0,0.008431514725089073,468.9568176269531,198.30540466308594,483.8132019042969,217.4733123779297
20.png,0,0,0,0.00840829685330391,1183.827392578125,747.5311279296875,1218.0855712890625,768.2879638671875
20.png,0,0,0,0.008398049511015415,1633.437744140625,1792.5789794921875,1645.8017578125,1815.041015625
20.png,0,0,0,0.008392360992729664,1521.66259765625,1669.1864013671875,1551.30810546875,1682.2919921875
20.png,0,0,0,0.008366436697542667,1407.597900390625,1358.207275390625,1429.15673828125,1371.1812744140625
20.png,0,0,0,0.008349791169166565,1681.00634765625,2055.76708984375,1698.2822265625,2075.015625
20.png,0,0,0,0.008327909745275974,2527.80810546875,853.4068603515625,2544.97119140625,868.5108642578125
20.png,0,0,0,0.008326059207320213,2603.797119140625,902.4971923828125,2648.55126953125,917.7386474609375
20.png,0,0,0,0.008318200707435608,1126.8916015625,2179.194580078125,1154.1392822265625,2196.453857421875
20.png,0,0,0,0.00829384196549654,2725.62109375,1870.207275390625,2766.06884765625,1883.745849609375
20.png,0,0,0,0.008259511552751064,1216.153564453125,1006.8779907226562,1232.1015625,1038.1090087890625
20.png,0,0,0,0.008243114687502384,1332.7928466796875,1600.3685302734375,1347.058837890625,1638.3812255859375
20.png,0,0,0,0.008237534202635288,1492.9384765625,1908.951171875,1527.2978515625,1940.84814453125
20.png,0,0,0,0.008194019086658955,1294.3294677734375,53.006961822509766,1316.3289794921875,81.97212219238281
20.png,0,0,0,0.00817642081528902,816.2860107421875,1476.776611328125,831.2947387695312,1490.41552734375
20.png,0,0,0,0.008168686181306839,2887.25439453125,709.975341796875,2919.09130859375,730.2835693359375
20.png,0,0,0,0.008149785920977592,2436.64892578125,464.5555725097656,2469.60546875,480.03875732421875
20.png,0,0,0,0.008127964101731777,2063.45166015625,14.0506591796875,2107.137939453125,25.363971710205078
20.png,0,0,0,0.00812644511461258,2869.795654296875,2720.69287109375,2897.122802734375,2748.8671875
20.png,0,0,0,0.008123813197016716,3040.24365234375,748.94091796875,3073.72998046875,773.6919555664062
20.png,0,0,0,0.008120578713715076,1952.0836181640625,2537.031982421875,1970.1512451171875,2566.369384765625
20.png,0,0,0,0.00807169359177351,1101.1328125,2216.980712890625,1148.6966552734375,2230.748291015625
20.png,0,0,0,0.00807091873139143,2029.613037109375,2405.957763671875,2045.6123046875,2427.102294921875
20.png,0,0,0,0.008029855787754059,2454.929443359375,1870.6337890625,2469.944091796875,1909.111572265625
20.png,0,0,0,0.008023537695407867,1290.938720703125,62.51634979248047,1309.628173828125,94.05713653564453
20.png,0,0,0,0.008011803962290287,1713.3912353515625,1875.82275390625,1722.2657470703125,1909.1070556640625
20.png,0,0,0,0.00800126139074564,2810.453857421875,168.92091369628906,2851.992919921875,193.6945343017578
20.png,0,0,0,0.007990307174623013,1140.4669189453125,46.17002487182617,1182.8492431640625,62.032779693603516
20.png,0,0,0,0.00796375423669815,2222.73046875,423.37445068359375,2240.242431640625,443.8183288574219
20.png,0,0,0,0.007917951792478561,1039.6016845703125,749.0755615234375,1066.638916015625,784.9036865234375
20.png,0,0,0,0.007908043451607227,1680.4034423828125,1748.3651123046875,1696.8280029296875,1764.6334228515625
20.png,0,0,0,0.007881227880716324,1106.848876953125,1831.0712890625,1140.6865234375,1858.27734375
20.png,0,0,0,0.007853752002120018,2207.47216796875,322.6885070800781,2223.178955078125,340.0662536621094
20.png,0,0,0,0.007852655835449696,2570.031982421875,2178.61083984375,2588.418212890625,2191.375244140625
20.png,0,0,0,0.00784447230398655,1187.3287353515625,787.731689453125,1218.53759765625,828.7759399414062
20.png,0,0,0,0.007832772098481655,2877.624755859375,2676.481689453125,2898.7080078125,2695.69189453125
20.png,0,0,0,0.007821655832231045,3013.03955078125,1058.369140625,3039.530517578125,1087.8170166015625
20.png,0,0,0,0.007818466983735561,1375.789794921875,2682.006103515625,1411.322021484375,2696.26513671875
20.png,0,0,0,0.007811825722455978,1100.65234375,1829.869384765625,1123.425048828125,1851.8480224609375
20.png,0,0,0,0.007788119837641716,665.205810546875,623.4343872070312,681.7721557617188,645.7714233398438
20.png,0,0,0,0.007773714140057564,470.657470703125,395.550048828125,485.6340637207031,414.8399353027344
20.png,0,0,0,0.007770834490656853,2413.6767578125,392.6446533203125,2448.95703125,406.31414794921875
20.png,0,0,0,0.0077662779949605465,2095.59521484375,1636.6287841796875,2107.8779296875,1649.910400390625
20.png,0,0,0,0.007761043030768633,1343.089111328125,2604.8310546875,1372.9112548828125,2635.1328125
20.png,0,0,0,0.0077369073405861855,2333.195556640625,1481.86181640625,2377.84716796875,1494.6202392578125
20.png,0,0,0,0.007712765596807003,2570.0888671875,1560.7493896484375,2589.621826171875,1585.5694580078125
20.png,0,0,0,0.007701628841459751,792.0035400390625,1477.1158447265625,812.993408203125,1492.239013671875
20.png,0,0,0,0.00766921928152442,1287.4884033203125,1142.4996337890625,1305.8763427734375,1174.5439453125
20.png,0,0,0,0.007662469521164894,1819.0810546875,2565.895263671875,1837.58984375,2583.90625
20.png,0,0,0,0.007656387984752655,829.9769897460938,113.80400848388672,850.6709594726562,139.9679718017578
20.png,0,0,0,0.007653389126062393,1505.3770751953125,2887.006591796875,1527.3330078125,2914.463623046875
20.png,0,0,0,0.0076484112069010735,1228.0908203125,997.357177734375,1257.51416015625,1034.7523193359375
20.png,0,0,0,0.007646439131349325,1332.213623046875,1908.798095703125,1354.1849365234375,1926.693603515625
20.png,0,0,0,0.007632109336555004,2241.613525390625,1869.68896484375,2271.2421875,1885.527099609375
20.png,0,0,0,0.007627105340361595,1417.482421875,130.42236328125,1459.9559326171875,144.7832794189453
20.png,0,0,0,0.00762641616165638,1700.6636962890625,1096.214599609375,1722.91015625,1115.0711669921875
20.png,0,0,0,0.007604148704558611,1491.7249755859375,1942.978759765625,1527.498779296875,1957.8924560546875
20.png,0,0,0,0.0076035624369978905,1217.8013916015625,130.21060180664062,1254.1993408203125,158.58729553222656
20.png,0,0,0,0.00758786266669631,1521.9305419921875,2259.7275390625,1567.58837890625,2295.676513671875
20.png,0,0,0,0.007582012098282576,1323.689697265625,2836.842041015625,1378.6561279296875,2870.983154296875
20.png,0,0,0,0.00758145609870553,2322.444091796875,2566.217041015625,2353.272705078125,2595.015869140625
20.png,0,0,0,0.007555603049695492,2746.697509765625,1785.750732421875,2764.492431640625,1802.8968505859375
20.png,0,0,0,0.007542320527136326,3053.56689453125,1558.75732421875,3074.02490234375,1573.3265380859375
20.png,0,0,0,0.007540854625403881,791.1165161132812,1087.172607421875,809.2923583984375,1110.11962890625
20.png,0,0,0,0.007537496741861105,2570.468017578125,1592.9278564453125,2586.015869140625,1617.80224609375
20.png,0,0,0,0.0075304084457457066,1127.485595703125,2225.204833984375,1179.2684326171875,2257.306396484375
20.png,0,0,0,0.007509649731218815,1213.067626953125,320.91339111328125,1228.927978515625,359.7271423339844
20.png,0,0,0,0.007503266911953688,2889.226318359375,2672.42578125,2919.269775390625,2692.792236328125
20.png,0,0,0,0.007451499812304974,999.1835327148438,1866.42919921875,1024.8162841796875,1884.3192138671875
20.png,0,0,0,0.007441546767950058,1590.5408935546875,2329.3046875,1643.1697998046875,2372.328125
20.png,0,0,0,0.00743655813857913,1127.896728515625,628.0609130859375,1143.71923828125,646.254150390625
20.png,0,0,0,0.007385070901364088,1404.574462890625,79.9709701538086,1426.9063720703125,96.40985870361328
20.png,0,0,0,0.007366613484919071,2872.986572265625,2052.350341796875,2895.392578125,2071.55126953125
20.png,0,0,0,0.007356668822467327,2912.37109375,671.2843627929688,2938.22021484375,688.7042236328125
20.png,0,0,0,0.007349742576479912,245.0397491455078,1317.8289794921875,253.62814331054688,1336.848388671875
20.png,0,0,0,0.007346796337515116,1913.1175537109375,1908.94775390625,1952.5140380859375,1928.84326171875
20.png,0,0,0,0.007338042836636305,773.8416748046875,604.5537109375,837.8088989257812,637.1785888671875
20.png,0,0,0,0.007323332596570253,1527.36865234375,2831.044677734375,1565.901123046875,2856.00390625
20.png,0,0,0,0.007305198349058628,1294.1158447265625,199.31710815429688,1310.6092529296875,220.5904541015625
20.png,0,0,0,0.007279195357114077,2486.2890625,538.1514282226562,2532.63720703125,557.0533447265625
20.png,0,0,0,0.007270713336765766,2671.8857421875,1328.932861328125,2726.378662109375,1347.785888671875
20.png,0,0,0,0.007263713050633669,1244.615234375,2366.859375,1269.0689697265625,2391.858154296875
20.png,0,0,0,0.007258608937263489,1110.9766845703125,2218.226318359375,1153.4552001953125,2243.722900390625
20.png,0,0,0,0.007246211636811495,1318.973876953125,221.46592712402344,1334.5430908203125,247.11009216308594
20.png,0,0,0,0.007238679565489292,2376.290771484375,658.0223388671875,2419.585693359375,679.01806640625
20.png,0,0,0,0.007219911087304354,1990.4036865234375,1083.6490478515625,2007.5523681640625,1101.9210205078125
20.png,0,0,0,0.007215636782348156,830.7003784179688,895.8504028320312,846.2161865234375,943.3236083984375
20.png,0,0,0,0.007188031449913979,2922.331787109375,1753.90380859375,2959.546630859375,1772.881103515625
20.png,0,0,0,0.007184986490756273,1372.4195556640625,2681.93603515625,1410.397705078125,2704.76025390625
20.png,0,0,0,0.007164687849581242,2763.354736328125,706.3272705078125,2783.934326171875,717.6217651367188
20.png,0,0,0,0.007156013045459986,1356.6650390625,438.5610656738281,1372.6568603515625,459.8877868652344
20.png,0,0,0,0.007133333943784237,1753.8719482421875,2515.819091796875,1772.402587890625,2536.412841796875
20.png,0,0,0,0.007110617123544216,947.6246948242188,284.7618713378906,985.922607421875,309.045166015625
20.png,0,0,0,0.007102589588612318,1719.0887451171875,1952.679443359375,1735.1431884765625,1986.3946533203125
20.png,0,0,0,0.007096670567989349,2303.813232421875,1483.623779296875,2353.051513671875,1496.775146484375
20.png,0,0,0,0.007092897780239582,2829.9326171875,480.210205078125,2853.568603515625,517.2494506835938
20.png,0,0,0,0.007088909856975079,1410.22607421875,129.90966796875,1444.8203125,143.08984375
20.png,0,0,0,0.0070834681391716,2455.767822265625,633.0717163085938,2500.2783203125,658.342041015625
20.png,0,0,0,0.0070804934948682785,1899.2596435546875,2576.848876953125,1928.439453125,2605.2958984375
20.png,0,0,0,0.007070872467011213,2532.003662109375,1649.9566650390625,2555.278076171875,1680.0439453125
20.png,0,0,0,0.007061805576086044,1541.20703125,2603.51953125,1566.5396728515625,2620.70703125
20.png,0,0,0,0.007033901754766703,1145.845458984375,1425.4903564453125,1179.294677734375,1447.654541015625
20.png,0,0,0,0.007033055182546377,2132.971435546875,1290.130615234375,2153.923828125,1329.3046875
20.png,0,0,0,0.007027786690741777,1797.7625732421875,1213.029052734375,1830.939453125,1252.711669921875
20.png,0,0,0,0.007007069420069456,714.9005126953125,633.0083618164062,745.0087890625,671.9541625976562
20.png,0,0,0,0.006987411994487047,1885.5693359375,43.50804138183594,1915.431640625,60.1334228515625
20.png,0,0,0,0.00697688851505518,1638.2921142578125,1798.140869140625,1650.961669921875,1831.699462890625
20.png,0,0,0,0.006961329374462366,2686.2275390625,853.5465087890625,2703.44970703125,872.738525390625
20.png,0,0,0,0.006938365753740072,1328.757568359375,2836.722900390625,1373.8179931640625,2865.072509765625
20.png,0,0,0,0.0069356090389192104,1741.20947265625,2366.02197265625,1759.195556640625,2380.74755859375
20.png,0,0,0,0.006923324428498745,2063.462890625,31.418289184570312,2085.940673828125,55.0093879699707
20.png,0,0,0,0.006920118350535631,884.8922119140625,90.7455062866211,908.7766723632812,122.58551788330078
20.png,0,0,0,0.006916125304996967,1760.90673828125,2130.40185546875,1801.9307861328125,2144.88427734375
20.png,0,0,0,0.006895842961966991,1748.404052734375,2895.828369140625,1769.354736328125,2917.73046875
20.png,0,0,0,0.006889060605317354,2409.1796875,2604.615234375,2428.373779296875,2624.52587890625
20.png,0,0,0,0.006880498491227627,1520.712890625,2212.669189453125,1540.925537109375,2230.375732421875
20.png,0,0,0,0.0068778241984546185,1292.2144775390625,1901.046142578125,1309.0408935546875,1913.2078857421875
20.png,0,0,0,0.006860541179776192,941.5372314453125,454.4350891113281,962.0645751953125,484.9171447753906
20.png,0,0,0,0.006858290638774633,2018.9854736328125,968.5755615234375,2034.7989501953125,990.1444702148438
20.png,0,0,0,0.00685459841042757,2646.076904296875,1174.2786865234375,2670.881591796875,1191.0682373046875
20.png,0,0,0,0.006839759647846222,1386.178955078125,2717.798583984375,1420.100341796875,2740.88525390625
20.png,0,0,0,0.00683211674913764,1298.808837890625,2024.9407958984375,1334.228759765625,2060.16748046875
20.png,0,0,0,0.006817907560616732,1555.014892578125,2639.353271484375,1576.2117919921875,2659.476318359375
20.png,0,0,0,0.0068117305636405945,2219.754638671875,53.12313461303711,2261.884521484375,75.30343627929688
20.png,0,0,0,0.0068070837296545506,1871.2923583984375,2133.301513671875,1888.9603271484375,2149.714111328125
20.png,0,0,0,0.006806667894124985,2678.84375,1363.4300537109375,2733.37158203125,1381.3819580078125
20.png,0,0,0,0.0068039181642234325,1323.794677734375,1687.3172607421875,1335.922119140625,1716.038330078125
20.png,0,0,0,0.006800890434533358,2961.978759765625,826.1668701171875,3001.283203125,846.466796875
20.png,0,0,0,0.006798745132982731,1681.333740234375,1795.037841796875,1695.390380859375,1831.701904296875
20.png,0,0,0,0.006793029140681028,1317.52978515625,2038.2628173828125,1344.8548583984375,2064.5458984375
20.png,0,0,0,0.00677537964656949,1224.37255859375,981.0513305664062,1257.202880859375,1031.5150146484375
20.png,0,0,0,0.006756915710866451,1101.7987060546875,1708.475341796875,1128.927001953125,1740.146240234375
2139.png,0,0,0,0.04817397519946098,2149.822021484375,1361.3016357421875,2174.4921875,1395.9034423828125
2139.png,0,0,0,0.040521617978811264,2652.464111328125,2536.435302734375,2683.503662109375,2547.44140625
2139.png,0,0,0,0.036468926817178726,2436.662353515625,1278.9000244140625,2448.4580078125,1288.7989501953125
2139.png,0,0,0,0.03375012427568436,1575.9600830078125,1596.0826416015625,1595.243408203125,1611.7027587890625
2139.png,0,0,0,0.03323517367243767,2166.23291015625,2375.61962890625,2174.42822265625,2390.185791015625
2139.png,0,0,0,0.03275144100189209,2135.02001953125,2374.674072265625,2151.813720703125,2390.064208984375
2139.png,0,0,0,0.027774961665272713,1539.2213134765625,2219.264892578125,1547.7340087890625,2239.7841796875
2139.png,0,0,0,0.02738245576620102,1571.648193359375,2496.858642578125,1586.61083984375,2509.895751953125
2139.png,0,0,0,0.026246586814522743,1781.9342041015625,2015.1805419921875,1798.0250244140625,2033.252197265625
2139.png,0,0,0,0.02549254521727562,2950.635498046875,2183.897216796875,2971.2578125,2207.7998046875
2139.png,0,0,0,0.02470073476433754,1622.0458984375,2683.322509765625,1635.7591552734375,2703.3505859375
2139.png,0,0,0,0.024140840396285057,3103.435791015625,2760.0087890625,3114.595947265625,2779.591552734375
2139.png,0,0,0,0.023825732991099358,1378.97900390625,1079.8006591796875,1390.7373046875,1100.6219482421875
2139.png,0,0,0,0.023816075176000595,470.8714904785156,803.0538330078125,489.70281982421875,826.3908081054688
2139.png,0,0,0,0.02366890013217926,2364.462158203125,1433.5042724609375,2374.10107421875,1464.0487060546875
2139.png,0,0,0,0.022615209221839905,2285.646240234375,2510.578857421875,2294.63671875,2536.90966796875
2139.png,0,0,0,0.022304490208625793,1579.8607177734375,1671.806640625,1587.694091796875,1686.9044189453125
2139.png,0,0,0,0.022162267938256264,2122.680908203125,2607.81494140625,2135.078369140625,2627.147705078125
2139.png,0,0,0,0.021028392016887665,359.7701110839844,1232.8785400390625,372.26409912109375,1264.173828125
2139.png,0,0,0,0.020928803831338882,1664.3572998046875,2534.559814453125,1680.7940673828125,2552.486083984375
2139.png,0,0,0,0.020277630537748337,2161.1826171875,1437.9932861328125,2175.390869140625,1452.1617431640625
2139.png,0,0,0,0.02004218101501465,1965.5318603515625,2457.45361328125,1979.0509033203125,2468.5654296875
2139.png,0,0,0,0.02002137526869774,2204.125,2365.726806640625,2213.459228515625,2383.98779296875
2139.png,0,0,0,0.0193847194314003,2200.489013671875,1080.751708984375,2213.404296875,1094.5035400390625
2139.png,0,0,0,0.018678337335586548,2644.25390625,998.4207763671875,2661.98583984375,1016.867431640625
2139.png,0,0,0,0.01850210689008236,1636.599609375,1537.435546875,1664.938720703125,1565.9769287109375
2139.png,0,0,0,0.018463578075170517,2839.473388671875,2137.367431640625,2855.10009765625,2151.360595703125
2139.png,0,0,0,0.017701558768749237,2558.294921875,1190.10107421875,2613.01171875,1214.69580078125
2139.png,0,0,0,0.01769462786614895,2949.670166015625,2189.6279296875,2972.79052734375,2223.367431640625
2139.png,0,0,0,0.017389321699738503,2562.263671875,2685.932373046875,2575.554931640625,2705.1396484375
2139.png,0,0,0,0.01735752820968628,2055.4384765625,1782.899169921875,2071.706298828125,1802.347900390625
2139.png,0,0,0,0.01716926507651806,1882.81884765625,1451.42138671875,1903.9560546875,1479.228515625
2139.png,0,0,0,0.017041834071278572,2716.375244140625,2180.156982421875,2726.258056640625,2192.973876953125
2139.png,0,0,0,0.016900448128581047,2643.67041015625,2536.509521484375,2663.242431640625,2558.48974609375
2139.png,0,0,0,0.01669565960764885,2774.611572265625,2967.505615234375,2812.998779296875,2988.506103515625
2139.png,0,0,0,0.016601622104644775,2505.55224609375,871.7793579101562,2526.9658203125,895.2527465820312
2139.png,0,0,0,0.016559092327952385,2248.9013671875,768.923583984375,2266.15283203125,783.3177490234375
2139.png,0,0,0,0.016400016844272614,2430.932373046875,456.677490234375,2449.4892578125,486.9993896484375
2139.png,0,0,0,0.016394058242440224,2947.053466796875,1468.711181640625,2958.008544921875,1487.8634033203125
2139.png,0,0,0,0.016367757692933083,1691.8726806640625,2758.543701171875,1704.1470947265625,2781.3466796875
2139.png,0,0,0,0.016295313835144043,1851.1578369140625,967.2617797851562,1868.2198486328125,979.6812133789062
2139.png,0,0,0,0.01615999825298786,1463.2216796875,1978.5863037109375,1481.0626220703125,2006.6031494140625
2139.png,0,0,0,0.016074063256382942,1848.638427734375,1474.32275390625,1870.4747314453125,1486.658203125
2139.png,0,0,0,0.015817301347851753,1537.7391357421875,1859.1417236328125,1547.4510498046875,1890.07177734375
2139.png,0,0,0,0.015467705205082893,2082.887451171875,1472.2869873046875,2096.169189453125,1487.751708984375
2139.png,0,0,0,0.014793467707931995,2866.459228515625,2413.68212890625,2879.4072265625,2426.732421875
2139.png,0,0,0,0.01467001624405384,2324.56689453125,2561.04296875,2333.510009765625,2576.84423828125
2139.png,0,0,0,0.014654301106929779,1389.78564453125,1282.2025146484375,1404.5411376953125,1302.7547607421875
2139.png,0,0,0,0.014594795182347298,371.2851257324219,2158.447998046875,389.8394775390625,2193.200927734375
2139.png,0,0,0,0.014579393900930882,2524.63720703125,1897.498779296875,2538.498291015625,1915.9637451171875
2139.png,0,0,0,0.014545275829732418,2517.046630859375,1068.0889892578125,2527.537841796875,1091.126220703125
2139.png,0,0,0,0.014534233137965202,2213.2978515625,714.2664794921875,2247.082275390625,735.2189331054688
2139.png,0,0,0,0.014479580335319042,2518.548095703125,1705.128662109375,2538.619384765625,1722.2569580078125
2139.png,0,0,0,0.01442800648510456,2631.138916015625,2222.05078125,2644.478515625,2234.359375
2139.png,0,0,0,0.014284108765423298,2330.47607421875,1704.9388427734375,2347.31396484375,1721.0267333984375
2139.png,0,0,0,0.01400250755250454,2246.39013671875,1346.0120849609375,2260.050048828125,1369.77734375
2139.png,0,0,0,0.013976184651255608,1494.638916015625,2144.416259765625,1508.5205078125,2169.141845703125
2139.png,0,0,0,0.013945207931101322,2429.954833984375,1548.1728515625,2449.0517578125,1568.5792236328125
2139.png,0,0,0,0.013780316337943077,1870.9215087890625,1439.655517578125,1903.868408203125,1466.9072265625
2139.png,0,0,0,0.013592182658612728,2213.361083984375,695.3402709960938,2258.5029296875,732.5133666992188
2139.png,0,0,0,0.01339120976626873,2047.0028076171875,1411.7801513671875,2058.41796875,1439.817626953125
2139.png,0,0,0,0.013252677395939827,2125.87353515625,2536.136962890625,2143.580322265625,2553.81884765625
2139.png,0,0,0,0.013196193613111973,1852.9151611328125,1359.9591064453125,1872.5689697265625,1391.53857421875
2139.png,0,0,0,0.013167078606784344,1664.8636474609375,1282.8529052734375,1684.0411376953125,1315.825439453125
2139.png,0,0,0,0.013024897314608097,2557.34033203125,1186.5531005859375,2592.383544921875,1209.244140625
2139.png,0,0,0,0.012978306040167809,2598.681640625,255.82412719726562,2618.928955078125,273.91693115234375
2139.png,0,0,0,0.012943011708557606,2642.526123046875,2546.389404296875,2658.3828125,2576.229736328125
2139.png,0,0,0,0.012857531197369099,2240.964111328125,2927.886474609375,2252.7412109375,2945.728515625
2139.png,0,0,0,0.012835719622671604,2087.858154296875,1831.4189453125,2109.25732421875,1844.311767578125
2139.png,0,0,0,0.012716875411570072,2174.201171875,1948.8997802734375,2209.5029296875,1964.855224609375
2139.png,0,0,0,0.0126925865188241,2036.0616455078125,1548.0948486328125,2056.7783203125,1564.97265625
2139.png,0,0,0,0.012593774124979973,2089.56494140625,2538.017578125,2101.131103515625,2575.763916015625
2139.png,0,0,0,0.01241501234471798,2591.828857421875,2966.5498046875,2605.5439453125,2981.474609375
2139.png,0,0,0,0.012356438674032688,2366.542724609375,2967.50341796875,2409.899169921875,2992.0
2139.png,0,0,0,0.012223206460475922,2084.48486328125,2536.537353515625,2102.102783203125,2571.52197265625
2139.png,0,0,0,0.01217042189091444,1422.8740234375,1751.9754638671875,1430.4749755859375,1776.1884765625
2139.png,0,0,0,0.012156430631875992,1418.4190673828125,1672.3199462890625,1430.3731689453125,1694.393310546875
2139.png,0,0,0,0.012109252624213696,2232.65966796875,2639.185546875,2252.64892578125,2664.493408203125
2139.png,0,0,0,0.012010229751467705,2135.02783203125,1361.3094482421875,2173.325927734375,1399.4573974609375
2139.png,0,0,0,0.011977896094322205,2002.7342529296875,841.7454223632812,2017.5419921875,861.9022827148438
2139.png,0,0,0,0.011942516081035137,3100.96875,1870.0494384765625,3119.837646484375,1899.9698486328125
2139.png,0,0,0,0.011813843622803688,2050.300048828125,1608.76123046875,2070.01318359375,1636.536865234375
2139.png,0,0,0,0.011763681657612324,234.2022247314453,1509.182861328125,254.69955444335938,1543.9403076171875
2139.png,0,0,0,0.011726228520274162,1574.89404296875,2320.88720703125,1586.599365234375,2345.185791015625
2139.png,0,0,0,0.011670961044728756,2281.435546875,1398.48583984375,2304.07763671875,1410.8660888671875
2139.png,0,0,0,0.011666099540889263,1565.0025634765625,2889.061767578125,1586.791015625,2918.072265625
2139.png,0,0,0,0.01154453307390213,1885.5087890625,2183.400634765625,1900.0194091796875,2196.634765625
2139.png,0,0,0,0.011437574401497841,1507.96484375,1627.03515625,1525.484130859375,1647.56103515625
2139.png,0,0,0,0.011425181291997433,1860.666748046875,1517.691650390625,1887.1273193359375,1537.96875
2139.png,0,0,0,0.01131641585379839,2905.39501953125,2956.4462890625,2918.951171875,2977.990966796875
2139.png,0,0,0,0.011251609772443771,2365.3115234375,2967.861083984375,2381.5263671875,2992.0
2139.png,0,0,0,0.011182042770087719,2949.951416015625,2844.99951171875,2957.917724609375,2858.77197265625
2139.png,0,0,0,0.01112552173435688,2507.33203125,1820.0013427734375,2526.797607421875,1838.777099609375
2139.png,0,0,0,0.011118180118501186,2093.64453125,1853.7353515625,2109.42529296875,1872.599853515625
2139.png,0,0,0,0.011104965582489967,2794.190185546875,1145.87744140625,2815.517822265625,1173.6407470703125
2139.png,0,0,0,0.010932067409157753,2870.544921875,1260.2037353515625,2885.09326171875,1290.4346923828125
2139.png,0,0,0,0.010925279930233955,1591.1826171875,1586.6590576171875,1626.0838623046875,1604.789794921875
2139.png,0,0,0,0.010886568576097488,1605.1815185546875,1633.4613037109375,1631.0849609375,1653.1744384765625
2139.png,0,0,0,0.010804679244756699,2071.149169921875,2301.525634765625,2096.113037109375,2339.482666015625
2139.png,0,0,0,0.010777345858514309,2210.547119140625,2530.583251953125,2224.706298828125,2545.1806640625
2139.png,0,0,0,0.01076231338083744,2988.879150390625,2607.334228515625,3000.753173828125,2626.978515625
2139.png,0,0,0,0.010643815621733665,2127.779541015625,1629.635986328125,2139.467529296875,1642.736572265625
2139.png,0,0,0,0.010634970851242542,2516.6865234375,1642.4534912109375,2540.0087890625,1674.8253173828125
2139.png,0,0,0,0.01060353871434927,2238.62646484375,2418.21728515625,2253.461669921875,2428.538818359375
2139.png,0,0,0,0.010602193884551525,2211.709716796875,1349.3326416015625,2230.754638671875,1375.6204833984375
2139.png,0,0,0,0.010573766194283962,2848.762939453125,1889.5013427734375,2879.3671875,1916.8125
2139.png,0,0,0,0.010531365871429443,436.87457275390625,1973.876708984375,457.24273681640625,2013.630859375
2139.png,0,0,0,0.01049172505736351,2838.9853515625,2135.76025390625,2879.369140625,2153.67919921875
2139.png,0,0,0,0.010436661541461945,2547.62548828125,2849.43115234375,2566.0185546875,2859.437744140625
2139.png,0,0,0,0.010388911701738834,2351.27587890625,1710.475341796875,2370.137451171875,1721.725830078125
2139.png,0,0,0,0.010335339233279228,1800.300048828125,2016.6585693359375,1821.6527099609375,2034.901123046875
2139.png,0,0,0,0.010267017409205437,330.9071044921875,1392.0159912109375,346.5202941894531,1439.9288330078125
2139.png,0,0,0,0.010264174081385136,2068.913818359375,1674.7255859375,2107.91064453125,1690.45263671875
2139.png,0,0,0,0.0102414945140481,2860.503662109375,2479.61669921875,2879.411376953125,2500.5341796875
2139.png,0,0,0,0.010199778713285923,1448.5672607421875,1204.489990234375,1469.2125244140625,1234.875244140625
2139.png,0,0,0,0.010170224122703075,1272.9208984375,2836.041259765625,1291.3863525390625,2873.50439453125
2139.png,0,0,0,0.010072222910821438,2132.681640625,1371.374267578125,2154.212158203125,1402.0203857421875
2139.png,0,0,0,0.010053744539618492,2404.552734375,946.2348022460938,2423.651123046875,970.4821166992188
2139.png,0,0,0,0.009995421394705772,2949.162109375,2882.10546875,2957.85107421875,2897.92724609375
2139.png,0,0,0,0.009969601407647133,2155.8037109375,2569.866455078125,2178.9755859375,2587.89013671875
2139.png,0,0,0,0.009888138622045517,1625.394287109375,1537.0391845703125,1640.005615234375,1568.9097900390625
2139.png,0,0,0,0.009845476597547531,2083.74169921875,2366.44384765625,2095.940673828125,2382.785400390625
2139.png,0,0,0,0.009828492067754269,2486.526611328125,1654.016357421875,2522.837646484375,1675.715087890625
2139.png,0,0,0,0.009813055396080017,2325.883544921875,1193.35205078125,2336.891845703125,1212.1014404296875
2139.png,0,0,0,0.00978230033069849,2879.218994140625,1586.513916015625,2896.491943359375,1605.0009765625
2139.png,0,0,0,0.009703517891466618,1996.1051025390625,2727.97412109375,2017.5198974609375,2751.94873046875
2139.png,0,0,0,0.00969619769603014,1924.1121826171875,1514.897705078125,1939.2872314453125,1526.1697998046875
2139.png,0,0,0,0.00968489982187748,2795.8095703125,1354.0206298828125,2815.69580078125,1374.3768310546875
2139.png,0,0,0,0.009679660201072693,2168.1455078125,2309.120361328125,2179.09765625,2340.804443359375
2139.png,0,0,0,0.009628886356949806,2751.894287109375,1955.437255859375,2766.147216796875,1988.255126953125
2139.png,0,0,0,0.009611095301806927,2252.362548828125,765.5548095703125,2291.8369140625,784.3145751953125
2139.png,0,0,0,0.00961102731525898,2279.278076171875,2168.224853515625,2291.86376953125,2187.48193359375
2139.png,0,0,0,0.009598394855856895,2321.2314453125,2378.72998046875,2332.118408203125,2389.05322265625
2139.png,0,0,0,0.009592697955667973,2444.825439453125,1732.7589111328125,2461.3447265625,1756.0235595703125
2139.png,0,0,0,0.00958298146724701,1885.153076171875,1517.8668212890625,1904.4990234375,1533.02490234375
2139.png,0,0,0,0.009547163732349873,1855.0865478515625,1978.9134521484375,1863.9698486328125,1995.6986083984375
2139.png,0,0,0,0.009532568976283073,2158.492431640625,2439.5595703125,2175.282958984375,2459.96240234375
2139.png,0,0,0,0.00943090207874775,902.1842041015625,1508.6722412109375,920.6846923828125,1543.0357666015625
2139.png,0,0,0,0.00941979419440031,2602.3125,889.7781982421875,2619.36181640625,914.2225341796875
2139.png,0,0,0,0.00939744058996439,2079.32958984375,2311.08447265625,2095.98779296875,2341.271484375
2139.png,0,0,0,0.009301818907260895,1621.6146240234375,1661.1070556640625,1643.0677490234375,1680.521728515625
2139.png,0,0,0,0.00929220486432314,2369.775390625,2967.491943359375,2398.15380859375,2988.78662109375
2139.png,0,0,0,0.00927002727985382,2648.279541015625,1002.7145385742188,2683.491455078125,1022.364501953125
2139.png,0,0,0,0.009266428649425507,1524.9500732421875,1628.0679931640625,1547.424072265625,1642.8447265625
2139.png,0,0,0,0.009237571619451046,2082.365234375,1204.5870361328125,2098.65625,1238.917724609375
2139.png,0,0,0,0.009180920198559761,2361.009521484375,1432.697509765625,2379.7392578125,1478.866943359375
2139.png,0,0,0,0.00912192091345787,470.50341796875,2524.330078125,489.7520446777344,2556.603759765625
2139.png,0,0,0,0.009100452065467834,1975.32177734375,1439.5357666015625,2002.9930419921875,1451.6043701171875
2139.png,0,0,0,0.009070736356079578,366.2370300292969,2144.28125,389.447265625,2191.5439453125
2139.png,0,0,0,0.009066948667168617,2259.852294921875,1322.115234375,2293.154052734375,1359.464111328125
2139.png,0,0,0,0.008995628915727139,1590.248779296875,2928.1142578125,1625.8121337890625,2959.440673828125
2139.png,0,0,0,0.008949631825089455,1292.548095703125,2605.64306640625,1312.3651123046875,2627.270751953125
2139.png,0,0,0,0.008939609862864017,2447.715087890625,2097.129638671875,2465.596435546875,2114.54443359375
2139.png,0,0,0,0.008902505971491337,2095.793701171875,2605.324951171875,2111.639892578125,2630.82421875
2139.png,0,0,0,0.008896798826754093,1375.5322265625,766.38525390625,1390.8165283203125,806.746826171875
2139.png,0,0,0,0.008884911425411701,2594.846435546875,1038.3331298828125,2607.563232421875,1059.0711669921875
2139.png,0,0,0,0.008812503889203072,323.1950988769531,1530.5897216796875,339.918701171875,1563.53125
2139.png,0,0,0,0.008803117088973522,2132.90283203125,1785.4151611328125,2152.581298828125,1799.472412109375
2139.png,0,0,0,0.008795451372861862,2212.390625,1460.5054931640625,2229.77001953125,1481.3028564453125
2139.png,0,0,0,0.00878493208438158,2604.132080078125,896.412353515625,2621.43603515625,933.049560546875
2139.png,0,0,0,0.008757632225751877,2187.6181640625,1753.069580078125,2221.480224609375,1774.94287109375
2139.png,0,0,0,0.008736233226954937,2751.494873046875,1848.95703125,2762.1435546875,1872.4007568359375
2139.png,0,0,0,0.008729157969355583,2229.483642578125,711.6005859375,2261.258544921875,735.0311279296875
2139.png,0,0,0,0.008649458177387714,2359.996337890625,2058.5107421875,2370.59375,2072.7802734375
2139.png,0,0,0,0.008628325536847115,1661.906494140625,2535.020751953125,1678.42236328125,2575.80908203125
2139.png,0,0,0,0.008621043525636196,1350.753173828125,54.464481353759766,1369.0704345703125,74.6983642578125
2139.png,0,0,0,0.008554504252970219,2839.640380859375,1468.5738525390625,2855.949951171875,1486.1483154296875
2139.png,0,0,0,0.008553573861718178,2748.306396484375,2560.048583984375,2762.37890625,2578.918701171875
2139.png,0,0,0,0.008516576141119003,2782.280029296875,2968.4267578125,2812.9482421875,2992.0
2139.png,0,0,0,0.008482791483402252,2487.179931640625,1307.726806640625,2502.72119140625,1330.674072265625
2139.png,0,0,0,0.008465035818517208,1860.074951171875,1439.5147705078125,1897.8978271484375,1473.88818359375
2139.png,0,0,0,0.008462070487439632,2448.360595703125,519.3641357421875,2469.8544921875,550.069580078125
2139.png,0,0,0,0.008441814221441746,1312.3433837890625,693.9036865234375,1337.0638427734375,712.7959594726562
2139.png,0,0,0,0.008429605513811111,2131.851806640625,1516.6396484375,2147.681396484375,1529.86328125
2139.png,0,0,0,0.008425011299550533,2370.055419921875,1361.318115234375,2411.08349609375,1393.8154296875
2139.png,0,0,0,0.008419034071266651,2169.3876953125,2762.0771484375,2182.178466796875,2782.102294921875
2139.png,0,0,0,0.008418930694460869,1586.4195556640625,2922.41455078125,1602.87109375,2949.273193359375
2139.png,0,0,0,0.008397644385695457,2509.5927734375,655.9606323242188,2529.412109375,685.5986328125
2139.png,0,0,0,0.008397156372666359,2818.58251953125,173.94281005859375,2840.405517578125,191.0000457763672
2139.png,0,0,0,0.00836071465164423,2565.2421875,1935.9111328125,2580.624267578125,1953.3406982421875
2139.png,0,0,0,0.008330403827130795,2242.91943359375,1592.4384765625,2255.153076171875,1608.56884765625
2139.png,0,0,0,0.00824564229696989,2314.31689453125,1392.9632568359375,2334.681884765625,1408.31103515625
2139.png,0,0,0,0.008235038258135319,2085.84228515625,1211.299072265625,2103.098876953125,1243.922607421875
2139.png,0,0,0,0.008207526989281178,1704.086669921875,1791.966552734375,1730.798828125,1811.6634521484375
2139.png,0,0,0,0.008204794488847256,1996.3387451171875,2827.636474609375,2020.552978515625,2850.44775390625
2139.png,0,0,0,0.008142831735312939,1342.2889404296875,415.8966979980469,1365.60400390625,434.4857177734375
2139.png,0,0,0,0.008139954879879951,542.31201171875,992.2221069335938,568.0701904296875,1018.9189453125
2139.png,0,0,0,0.008126887492835522,2749.756103515625,2370.927001953125,2773.69287109375,2393.349609375
2139.png,0,0,0,0.008106334134936333,2465.210205078125,2643.3740234375,2487.6279296875,2662.328369140625
2139.png,0,0,0,0.008076070807874203,2407.628662109375,1696.0052490234375,2422.20703125,1715.7392578125
2139.png,0,0,0,0.008069796487689018,1713.26513671875,1792.2353515625,1743.91845703125,1824.380859375
2139.png,0,0,0,0.008031952194869518,1691.094482421875,1708.5537109375,1704.4605712890625,1721.8641357421875
2139.png,0,0,0,0.008027580566704273,2563.90966796875,2099.80322265625,2577.178955078125,2116.61474609375
2139.png,0,0,0,0.008000041358172894,2040.9132080078125,1708.5428466796875,2058.64208984375,1727.88037109375
2139.png,0,0,0,0.007995804771780968,2480.733642578125,810.3331909179688,2504.596435546875,845.0996704101562
2139.png,0,0,0,0.007944782264530659,1619.8291015625,1518.0306396484375,1636.2086181640625,1571.5458984375
2139.png,0,0,0,0.007932798936963081,332.4554138183594,1385.8194580078125,350.6650695800781,1434.148681640625
2139.png,0,0,0,0.007863846607506275,2281.874267578125,1698.7603759765625,2297.23681640625,1718.139892578125
2139.png,0,0,0,0.007858003489673138,1547.332763671875,1596.02587890625,1586.6177978515625,1626.939208984375
2139.png,0,0,0,0.007839381694793701,2874.2001953125,2183.59326171875,2890.7451171875,2197.778076171875
2139.png,0,0,0,0.007832619361579418,395.88311767578125,683.3275756835938,412.50018310546875,720.150390625
2139.png,0,0,0,0.007825071923434734,1795.0546875,1478.783935546875,1840.9569091796875,1497.7227783203125
2139.png,0,0,0,0.007794342469424009,2747.41943359375,2166.61181640625,2762.241455078125,2187.453857421875
2139.png,0,0,0,0.007778669707477093,2996.706298828125,1899.0899658203125,3016.13232421875,1921.091796875
2139.png,0,0,0,0.0077469367533922195,2251.5947265625,1322.1263427734375,2288.732421875,1371.33154296875
2139.png,0,0,0,0.007701318245381117,2714.516357421875,1612.0013427734375,2731.095947265625,1638.886962890625
2139.png,0,0,0,0.007684032432734966,2745.39990234375,1948.78564453125,2762.30029296875,1969.3968505859375
2139.png,0,0,0,0.007679373025894165,2628.97021484375,1475.971435546875,2644.5576171875,1491.5843505859375
2139.png,0,0,0,0.0076658460311591625,2483.527099609375,2162.28466796875,2497.59033203125,2184.704345703125
2139.png,0,0,0,0.007631285581737757,2761.75537109375,2967.48583984375,2813.17236328125,2982.599609375
2139.png,0,0,0,0.007610081695020199,2524.09814453125,2144.8173828125,2542.5390625,2158.005126953125
2139.png,0,0,0,0.007598502095788717,2286.223876953125,1732.416259765625,2300.8896484375,1754.9310302734375
2139.png,0,0,0,0.007591295056045055,672.0091552734375,958.3630981445312,689.6572265625,999.9893798828125
2139.png,0,0,0,0.007525877095758915,2798.953369140625,1087.065185546875,2821.28173828125,1123.8870849609375
2139.png,0,0,0,0.0075155808590352535,1733.971923828125,1855.48583984375,1744.2564697265625,1876.173828125
2139.png,0,0,0,0.0075135319493710995,2167.4140625,1636.7607421875,2217.55029296875,1674.73779296875
2139.png,0,0,0,0.007501295767724514,2508.865966796875,1635.555419921875,2545.080810546875,1673.105712890625
2139.png,0,0,0,0.007497022394090891,1457.53076171875,759.9714965820312,1484.82275390625,789.5675048828125
2139.png,0,0,0,0.007496238686144352,2099.283935546875,1831.389404296875,2135.136962890625,1858.465087890625
2139.png,0,0,0,0.007470720447599888,2578.8037109375,1124.6988525390625,2605.5810546875,1152.2149658203125
2139.png,0,0,0,0.007467945571988821,478.76324462890625,2016.0360107421875,493.1373596191406,2059.6650390625
2139.png,0,0,0,0.007431389763951302,2552.01123046875,1702.8544921875,2582.39794921875,1719.0057373046875
2139.png,0,0,0,0.0074210879392921925,2795.6767578125,1865.0516357421875,2809.30810546875,1887.1497802734375
2139.png,0,0,0,0.007407864555716515,2177.41357421875,1948.948486328125,2213.515380859375,1973.94384765625
2139.png,0,0,0,0.0074037848971784115,1972.279296875,1485.1224365234375,1987.6304931640625,1518.1739501953125
2139.png,0,0,0,0.007350222207605839,2015.1094970703125,1643.8509521484375,2033.232421875,1675.0164794921875
2139.png,0,0,0,0.007324054837226868,1964.152587890625,890.2286376953125,1980.8958740234375,903.6194458007812
2139.png,0,0,0,0.0073140691965818405,1704.76611328125,1516.942138671875,1743.354736328125,1527.4884033203125
2139.png,0,0,0,0.007299480494111776,2799.026123046875,1114.3111572265625,2817.1962890625,1142.108154296875
2139.png,0,0,0,0.007283803541213274,2619.77099609375,1159.9029541015625,2652.99462890625,1182.965576171875
2139.png,0,0,0,0.007281424943357706,2904.52490234375,1780.9423828125,2919.2890625,1807.874267578125
2139.png,0,0,0,0.00727878138422966,2173.54833984375,1952.011474609375,2189.71240234375,1988.28173828125
2139.png,0,0,0,0.007275684736669064,1774.2840576171875,2651.96630859375,1792.003173828125,2674.83544921875
2139.png,0,0,0,0.007264889311045408,1629.3717041015625,1518.0069580078125,1664.9560546875,1566.388427734375
2139.png,0,0,0,0.007238384336233139,2423.994384765625,866.7159423828125,2462.68212890625,893.8367309570312
2139.png,0,0,0,0.007236860226839781,2008.2740478515625,2371.28662109375,2029.55322265625,2386.53369140625
2139.png,0,0,0,0.007207764312624931,2015.612060546875,1550.3525390625,2039.791259765625,1568.4522705078125
2139.png,0,0,0,0.007205134257674217,1499.0330810546875,2036.017578125,1510.74658203125,2067.381591796875
2139.png,0,0,0,0.007193624507635832,2757.72900390625,2971.54150390625,2787.861083984375,2992.0
2139.png,0,0,0,0.007190021686255932,2131.6494140625,2297.58642578125,2149.884765625,2311.701171875
2139.png,0,0,0,0.007180677726864815,2844.2666015625,1869.7496337890625,2879.3720703125,1914.005859375
2139.png,0,0,0,0.007178108207881451,1586.23095703125,2928.55126953125,1602.554931640625,2967.988525390625
2139.png,0,0,0,0.007082737050950527,2231.055419921875,2575.1865234375,2253.544677734375,2592.338623046875
2139.png,0,0,0,0.0070537687279284,2206.694091796875,2801.380615234375,2220.381103515625,2815.93310546875
2139.png,0,0,0,0.0070252204313874245,2560.290283203125,2909.945556640625,2577.776123046875,2929.59765625
2139.png,0,0,0,0.007024622522294521,759.3451538085938,922.81591796875,778.3124389648438,965.3721313476562
2139.png,0,0,0,0.007011928595602512,2089.969970703125,1928.052734375,2104.021240234375,1951.28955078125
2139.png,0,0,0,0.006975811906158924,2397.302978515625,2627.827880859375,2410.009033203125,2655.96337890625
2139.png,0,0,0,0.0069655426777899265,2055.07177734375,2368.287353515625,2070.9609375,2383.7646484375
2139.png,0,0,0,0.006962829269468784,2709.3876953125,213.09024047851562,2727.325927734375,231.31875610351562
2139.png,0,0,0,0.006931344512850046,2394.225830078125,1233.2392578125,2411.069580078125,1250.051025390625
2139.png,0,0,0,0.006928830873221159,1977.8997802734375,1322.1461181640625,2000.1942138671875,1364.5513916015625
2139.png,0,0,0,0.006925311405211687,2059.443603515625,1677.3192138671875,2103.119384765625,1713.94921875
2139.png,0,0,0,0.0069210100919008255,2463.878173828125,2093.302490234375,2488.283203125,2115.227783203125
2139.png,0,0,0,0.0069161346182227135,1746.307373046875,1557.1844482421875,1784.2528076171875,1571.6383056640625
2139.png,0,0,0,0.006915817502886057,2280.14111328125,2497.3876953125,2302.916015625,2539.216796875
2139.png,0,0,0,0.006913132034242153,510.05401611328125,687.6793212890625,529.0809936523438,724.07470703125
2139.png,0,0,0,0.006908060051500797,2360.147216796875,1753.0765380859375,2380.100341796875,1774.97119140625
2139.png,0,0,0,0.006893906742334366,2465.51953125,531.5694580078125,2487.66357421875,558.583251953125
2139.png,0,0,0,0.00688129710033536,2396.299072265625,2022.7984619140625,2409.381591796875,2039.28662109375
2139.png,0,0,0,0.006852952763438225,2562.688232421875,1165.2017822265625,2599.841064453125,1202.169189453125
2139.png,0,0,0,0.006847415119409561,1849.3125,1376.379638671875,1876.1676025390625,1406.113525390625
2139.png,0,0,0,0.006846805568784475,2840.16357421875,1874.90380859375,2857.9541015625,1915.2294921875
2139.png,0,0,0,0.006841548252850771,3005.847412109375,1903.4263916015625,3036.07861328125,1922.8997802734375
2139.png,0,0,0,0.006826236378401518,1987.8719482421875,2809.965087890625,2018.4852294921875,2831.7314453125
2139.png,0,0,0,0.006809175480157137,2878.1162109375,2197.4033203125,2894.421875,2224.1455078125
2139.png,0,0,0,0.006802339572459459,2329.963623046875,1426.498779296875,2348.647216796875,1456.597900390625
2139.png,0,0,0,0.006798835471272469,2326.874755859375,1944.5509033203125,2334.970947265625,1957.2156982421875
2139.png,0,0,0,0.006794821470975876,2396.825927734375,1862.0509033203125,2410.85009765625,1882.7406005859375
2139.png,0,0,0,0.006792324595153332,1614.7857666015625,2288.744384765625,1627.0601806640625,2312.281005859375
2139.png,0,0,0,0.006757725030183792,2264.5380859375,1336.1939697265625,2293.57177734375,1365.2904052734375
2139.png,0,0,0,0.006753559224307537,2581.74462890625,799.1158447265625,2605.20556640625,822.0626220703125
2139.png,0,0,0,0.006699301768094301,2561.578857421875,998.4149780273438,2579.84228515625,1021.1751098632812
2139.png,0,0,0,0.006692641414701939,2780.89111328125,2968.385009765625,2840.303466796875,2992.0
2139.png,0,0,0,0.006687546148896217,1365.458740234375,2807.239013671875,1390.7926025390625,2847.599365234375
2139.png,0,0,0,0.006668820511549711,2937.626220703125,133.6998291015625,2957.856689453125,151.61546325683594
2139.png,0,0,0,0.006633649114519358,2477.394287109375,561.5410766601562,2502.347900390625,590.9464111328125
2139.png,0,0,0,0.006631459109485149,2218.395263671875,1632.8597412109375,2252.981201171875,1646.4671630859375
2139.png,0,0,0,0.006620876025408506,1899.7139892578125,2742.800537109375,1915.912109375,2774.907470703125
2139.png,0,0,0,0.006617705803364515,2523.3974609375,682.0025634765625,2542.5654296875,706.9371948242188
2139.png,0,0,0,0.006612829864025116,2565.787841796875,1125.912109375,2591.692626953125,1159.0103759765625
2139.png,0,0,0,0.006595995742827654,2526.44970703125,2847.670166015625,2543.4189453125,2862.46728515625
2139.png,0,0,0,0.006585998460650444,1351.527587890625,1079.028076171875,1371.116943359375,1105.3399658203125
2139.png,0,0,0,0.006585490424185991,2408.91015625,1514.8397216796875,2431.06396484375,1531.999755859375
2139.png,0,0,0,0.006569606252014637,2526.564697265625,2013.2369384765625,2541.9990234375,2031.41015625
2139.png,0,0,0,0.00655091367661953,2839.816162109375,2413.64111328125,2857.53271484375,2428.7099609375
2139.png,0,0,0,0.006544387433677912,2840.08203125,1867.677001953125,2856.2490234375,1908.5009765625
2139.png,0,0,0,0.006540758069604635,2562.177490234375,1035.430419921875,2580.33740234375,1054.995361328125
2139.png,0,0,0,0.006532248575240374,1703.927490234375,1511.792724609375,1741.0933837890625,1527.2921142578125
2139.png,0,0,0,0.006528014317154884,2130.039306640625,2699.347412109375,2145.886474609375,2733.318115234375
2139.png,0,0,0,0.006514594424515963,2056.530517578125,2428.410888671875,2073.355224609375,2460.3984375
2139.png,0,0,0,0.006497728638350964,2893.39306640625,1258.0859375,2918.82568359375,1285.386962890625
2139.png,0,0,0,0.006480687763541937,2787.140869140625,2967.4267578125,2843.583984375,2986.10205078125
2139.png,0,0,0,0.0064783850684762,2202.222900390625,1868.2852783203125,2214.72119140625,1890.1893310546875
2139.png,0,0,0,0.0064536891877651215,526.4967041015625,2829.307861328125,546.5889892578125,2864.302734375
2139.png,0,0,0,0.006425600033253431,2975.170654296875,2324.2060546875,2997.01953125,2350.09716796875
2139.png,0,0,0,0.006406091619282961,1582.72412109375,1737.1866455078125,1589.9720458984375,1759.394775390625
2139.png,0,0,0,0.006400912068784237,2369.8515625,694.2536010742188,2391.548583984375,723.493896484375
2139.png,0,0,0,0.006378376856446266,2200.6279296875,1757.954833984375,2223.2783203125,1792.30224609375
2139.png,0,0,0,0.006377336569130421,2710.918701171875,1595.4376220703125,2728.788330078125,1628.3558349609375
2139.png,0,0,0,0.006374805234372616,466.1127624511719,2356.321533203125,489.90985107421875,2389.156005859375
2139.png,0,0,0,0.006368321366608143,1272.93408203125,2703.853515625,1289.918212890625,2745.9462890625
2139.png,0,0,0,0.006367044989019632,2407.65283203125,882.451416015625,2439.7890625,896.578369140625
2139.png,0,0,0,0.006364662665873766,2273.31103515625,1475.33984375,2291.9912109375,1492.9254150390625
2139.png,0,0,0,0.0063555496744811535,324.4413146972656,1925.0369873046875,349.0243835449219,1968.7257080078125
2139.png,0,0,0,0.006353173870593309,2327.76708984375,1657.3658447265625,2344.930419921875,1677.6217041015625
2139.png,0,0,0,0.006348052527755499,2778.05859375,1317.7303466796875,2801.163330078125,1335.939453125
2139.png,0,0,0,0.006327711045742035,2130.02978515625,2059.449462890625,2147.71875,2077.47802734375
2139.png,0,0,0,0.006311639677733183,2604.9443359375,1770.119873046875,2622.08154296875,1794.833740234375
2139.png,0,0,0,0.006295266095548868,2369.04931640625,1191.4906005859375,2388.664306640625,1212.533935546875
2139.png,0,0,0,0.0062871756963431835,2480.135986328125,1186.530029296875,2494.516845703125,1208.9990234375
2139.png,0,0,0,0.006286106072366238,2101.55224609375,1663.8468017578125,2136.35693359375,1679.8782958984375
2139.png,0,0,0,0.006283181719481945,2369.7822265625,2109.59228515625,2383.30126953125,2144.96337890625
2139.png,0,0,0,0.006262387614697218,2175.763427734375,1635.55322265625,2223.84375,1660.4901123046875
2139.png,0,0,0,0.006256813649088144,548.1607666015625,2313.629150390625,571.7935180664062,2358.84619140625
2139.png,0,0,0,0.006256327498704195,1975.395263671875,2801.137939453125,1998.0911865234375,2820.503662109375
2139.png,0,0,0,0.006239532493054867,3099.71826171875,1872.496337890625,3122.2587890625,1910.0
2139.png,0,0,0,0.006237152963876724,2131.84375,2326.888671875,2143.743408203125,2344.228515625
2139.png,0,0,0,0.006233328953385353,2914.3662109375,2183.415283203125,2920.239990234375,2200.12841796875
2139.png,0,0,0,0.0061983391642570496,332.7689514160156,1234.2593994140625,351.6288146972656,1275.5821533203125
2139.png,0,0,0,0.006167592015117407,1928.925048828125,2142.80517578125,1939.759521484375,2158.9482421875
2139.png,0,0,0,0.0061632064171135426,2232.70068359375,598.43896484375,2253.93212890625,624.61083984375
2139.png,0,0,0,0.00615094555541873,2047.3916015625,1868.8798828125,2063.091796875,1881.601806640625
2139.png,0,0,0,0.006148535758256912,2369.70556640625,1229.624755859375,2394.224609375,1249.9161376953125
2139.png,0,0,0,0.006146303378045559,1532.784912109375,1704.9007568359375,1547.450439453125,1725.853515625
2139.png,0,0,0,0.006141097750514746,2115.929443359375,1851.7716064453125,2135.300048828125,1873.9271240234375
2139.png,0,0,0,0.006122679449617863,2795.4208984375,2481.3681640625,2814.498046875,2502.546875
2139.png,0,0,0,0.006120297592133284,1544.2144775390625,1548.5531005859375,1553.07861328125,1570.470458984375
2139.png,0,0,0,0.0061156125739216805,2134.58349609375,2381.677490234375,2149.383544921875,2419.974853515625
2139.png,0,0,0,0.0061127059161663055,2127.793212890625,2666.3466796875,2144.5478515625,2694.951416015625
2139.png,0,0,0,0.00611186632886529,2041.57275390625,1596.35400390625,2061.62646484375,1636.515869140625
2139.png,0,0,0,0.006102890707552433,1583.7476806640625,1597.172119140625,1599.386962890625,1635.572998046875
2139.png,0,0,0,0.0061006671749055386,2682.983642578125,1083.973388671875,2699.68798828125,1114.5755615234375
2139.png,0,0,0,0.006097461096942425,1342.6771240234375,2819.059814453125,1358.031005859375,2862.2548828125
2292.png,0,0,0,0.025030268356204033,2446.517333984375,2498.65576171875,2456.738525390625,2528.028076171875
2292.png,0,0,0,0.02486744336783886,2671.0390625,2691.3720703125,2720.046142578125,2715.22216796875
2292.png,0,0,0,0.023949269205331802,1775.1766357421875,2691.380859375,1824.3084716796875,2726.0
2292.png,0,0,0,0.023623939603567123,3109.32373046875,1743.04345703125,3124.038818359375,1778.5478515625
2292.png,0,0,0,0.023580754175782204,2171.1884765625,2690.542236328125,2227.8779296875,2710.353759765625
2292.png,0,0,0,0.022642776370048523,1668.2855224609375,2691.336669921875,1730.595947265625,2709.889892578125
2292.png,0,0,0,0.022561529651284218,1682.6605224609375,2691.157470703125,1706.70654296875,2702.223388671875
2292.png,0,0,0,0.021572617813944817,2172.22607421875,2555.998291015625,2186.916259765625,2586.92333984375
2292.png,0,0,0,0.021215206012129784,3299.53564453125,2227.164306640625,3319.943359375,2260.19091796875
2292.png,0,0,0,0.019794899970293045,453.9411926269531,932.6485595703125,471.9932556152344,947.2367553710938
2292.png,0,0,0,0.019000520929694176,1558.8382568359375,2331.177490234375,1595.7442626953125,2345.701904296875
2292.png,0,0,0,0.018788114190101624,1978.24658203125,2689.033447265625,2008.2998046875,2705.732666015625
2292.png,0,0,0,0.018643852323293686,2941.71826171875,2536.254638671875,2961.955810546875,2558.04443359375
2292.png,0,0,0,0.018609823659062386,2943.332763671875,2511.266357421875,2975.66259765625,2522.482421875
2292.png,0,0,0,0.017583545297384262,2483.8271484375,2504.000244140625,2498.40478515625,2544.041748046875
2292.png,0,0,0,0.017522118985652924,2343.30126953125,2588.5068359375,2360.0517578125,2609.91455078125
2292.png,0,0,0,0.01743330992758274,2853.762939453125,2321.10009765625,2873.34765625,2342.94873046875
2292.png,0,0,0,0.017372572794556618,1943.12353515625,2420.3828125,1958.47900390625,2473.439453125
2292.png,0,0,0,0.017339130863547325,3377.71484375,2325.1689453125,3393.7529296875,2346.4345703125
2292.png,0,0,0,0.017223969101905823,1058.0863037109375,353.9218444824219,1101.322021484375,377.73876953125
2292.png,0,0,0,0.01660618558526039,1171.26611328125,2691.372314453125,1212.5198974609375,2709.083251953125
2292.png,0,0,0,0.016505366191267967,2314.03125,2474.66259765625,2332.902099609375,2525.05029296875
2292.png,0,0,0,0.01639294996857643,2131.701416015625,2691.326171875,2184.863525390625,2726.0
2292.png,0,0,0,0.015964258462190628,2796.4228515625,2556.393310546875,2822.327880859375,2579.8134765625
2292.png,0,0,0,0.01588481292128563,2000.216552734375,2439.151123046875,2019.6068115234375,2486.827392578125
2292.png,0,0,0,0.015598312951624393,1977.1898193359375,2365.2900390625,2000.75634765625,2381.994384765625
2292.png,0,0,0,0.015235859900712967,2469.560302734375,2691.2568359375,2495.359619140625,2706.777587890625
2292.png,0,0,0,0.015178175643086433,2083.282470703125,2447.275634765625,2092.5126953125,2501.549560546875
2292.png,0,0,0,0.01510275062173605,3158.6435546875,2320.476806640625,3170.466064453125,2338.947021484375
2292.png,0,0,0,0.014828897081315517,1005.2447509765625,2687.55712890625,1061.8717041015625,2692.425537109375
2292.png,0,0,0,0.014729941263794899,2036.3521728515625,2421.659912109375,2050.730224609375,2505.796630859375
2292.png,0,0,0,0.014649083837866783,678.4429931640625,77.15129089355469,697.0736694335938,107.23619842529297
2292.png,0,0,0,0.014315309002995491,1235.0565185546875,1743.852294921875,1281.1168212890625,1764.6356201171875
2292.png,0,0,0,0.01423722691833973,3299.7216796875,2141.82470703125,3319.860595703125,2164.986328125
2292.png,0,0,0,0.014228818006813526,1996.7581787109375,2551.093017578125,2033.286865234375,2562.5078125
2292.png,0,0,0,0.014204592444002628,2481.444580078125,2601.258056640625,2495.36865234375,2637.650390625
2292.png,0,0,0,0.013685151003301144,2303.6015625,2466.37744140625,2320.828125,2529.63232421875
2292.png,0,0,0,0.01357852853834629,2534.453857421875,2606.30029296875,2549.50732421875,2646.777587890625
2292.png,0,0,0,0.013547630980610847,1235.9454345703125,2691.29443359375,1287.1490478515625,2710.943115234375
2292.png,0,0,0,0.01318396721035242,912.7017211914062,2691.15234375,974.6907348632812,2708.521728515625
2292.png,0,0,0,0.013012794777750969,644.4439697265625,2691.337646484375,705.3109130859375,2712.07470703125
2292.png,0,0,0,0.013008161447942257,1055.3131103515625,2241.880859375,1104.424072265625,2275.98193359375
2292.png,0,0,0,0.012586927972733974,3255.900390625,972.8792724609375,3276.449462890625,1007.5429077148438
2292.png,0,0,0,0.01230800710618496,2269.0390625,2576.0556640625,2290.35986328125,2610.587646484375
2292.png,0,0,0,0.012266461737453938,1203.385986328125,2645.0478515625,1239.0164794921875,2658.677734375
2292.png,0,0,0,0.012172904796898365,2860.281494140625,2509.1142578125,2901.1201171875,2522.012451171875
2292.png,0,0,0,0.012052795849740505,1594.520263671875,1377.9288330078125,1614.9404296875,1395.99365234375
2292.png,0,0,0,0.012041940353810787,2134.5634765625,2691.38037109375,2184.554443359375,2721.751220703125
2292.png,0,0,0,0.011983710341155529,1008.9773559570312,2646.427978515625,1059.43017578125,2686.95263671875
2292.png,0,0,0,0.01178029552102089,2221.57666015625,2457.701171875,2235.43505859375,2510.19775390625
2292.png,0,0,0,0.011769670993089676,1998.4674072265625,2420.965576171875,2014.11376953125,2496.0703125
2292.png,0,0,0,0.011706235818564892,1414.888671875,2691.35498046875,1460.2412109375,2703.600830078125
2292.png,0,0,0,0.011559369042515755,2135.11962890625,2691.337158203125,2190.0302734375,2702.840087890625
2292.png,0,0,0,0.011497380211949348,1775.524169921875,2691.238525390625,1854.9161376953125,2701.556640625
2292.png,0,0,0,0.011371306143701077,2030.1534423828125,2554.255615234375,2058.874755859375,2565.880615234375
2292.png,0,0,0,0.01127556897699833,2171.984130859375,2554.621337890625,2192.8759765625,2601.572998046875
2292.png,0,0,0,0.011225841008126736,2752.65185546875,1888.2158203125,2769.279052734375,1927.310546875
2292.png,0,0,0,0.011199126951396465,2674.408203125,2691.141357421875,2722.580810546875,2703.575439453125
2292.png,0,0,0,0.011057441122829914,965.955810546875,2601.38623046875,1006.4780883789062,2614.918701171875
2292.png,0,0,0,0.01102467067539692,1954.2674560546875,2429.961669921875,1972.3033447265625,2479.57470703125
2292.png,0,0,0,0.010966473259031773,2210.853271484375,2433.14697265625,2237.487548828125,2519.730712890625
2292.png,0,0,0,0.010940737091004848,1180.8677978515625,1764.14501953125,1201.439697265625,1793.4840087890625
2292.png,0,0,0,0.01091853715479374,3291.248779296875,836.2288208007812,3305.545166015625,859.25439453125
2292.png,0,0,0,0.01086213905364275,2134.85205078125,2451.62451171875,2151.914794921875,2507.6357421875
2292.png,0,0,0,0.010835643857717514,2261.181396484375,2462.9423828125,2272.54736328125,2516.860107421875
2292.png,0,0,0,0.010739544406533241,1666.19482421875,1740.673583984375,1686.34130859375,1759.99462890625
2292.png,0,0,0,0.010709988884627819,1666.3114013671875,2690.915771484375,1699.365478515625,2726.0
2292.png,0,0,0,0.010642098262906075,2860.6474609375,2322.662353515625,2899.34912109375,2346.84619140625
2292.png,0,0,0,0.01059963833540678,3393.55419921875,2184.376953125,3410.134765625,2205.773681640625
2292.png,0,0,0,0.010584846138954163,1234.8441162109375,1735.4373779296875,1260.596923828125,1751.9390869140625
2292.png,0,0,0,0.010560060851275921,1213.018310546875,577.1150512695312,1236.52734375,599.2467651367188
2292.png,0,0,0,0.010498790070414543,2307.50732421875,2106.213623046875,2330.0595703125,2129.229248046875
2292.png,0,0,0,0.010477863252162933,3303.71533203125,2369.259521484375,3324.916015625,2394.9404296875
2292.png,0,0,0,0.010470735840499401,1424.2178955078125,2646.254638671875,1475.4920654296875,2662.552001953125
2292.png,0,0,0,0.010392045602202415,904.5234375,2692.44873046875,972.8781127929688,2726.0
2292.png,0,0,0,0.010293541476130486,2129.226806640625,2424.946533203125,2145.84716796875,2511.61669921875
2292.png,0,0,0,0.010235666297376156,649.772216796875,2646.398193359375,703.8460083007812,2673.9853515625
2292.png,0,0,0,0.010230605490505695,3110.029052734375,1834.0023193359375,3124.057861328125,1872.5928955078125
2292.png,0,0,0,0.01013700757175684,1499.450439453125,2681.276611328125,1527.6878662109375,2698.864501953125
2292.png,0,0,0,0.010118373669683933,2175.6298828125,2456.728759765625,2184.95654296875,2507.53466796875
2292.png,0,0,0,0.01009357813745737,1621.2183837890625,2695.97705078125,1655.09765625,2726.0
2292.png,0,0,0,0.010043305344879627,1056.3204345703125,353.4823303222656,1100.5809326171875,369.3643493652344
2292.png,0,0,0,0.010037504136562347,126.39035034179688,258.9931945800781,157.7001190185547,279.1707458496094
2292.png,0,0,0,0.00992459524422884,2446.45751953125,2421.6689453125,2478.233642578125,2459.427490234375
2292.png,0,0,0,0.009918365627527237,1406.50732421875,2691.36279296875,1462.655029296875,2714.4228515625
2292.png,0,0,0,0.009836695156991482,3119.28466796875,1915.6446533203125,3142.042236328125,1941.0443115234375
2292.png,0,0,0,0.009832956828176975,3150.69775390625,1966.87890625,3169.2412109375,1982.98681640625
2292.png,0,0,0,0.009706267155706882,1550.6690673828125,2330.28955078125,1579.6400146484375,2346.168212890625
2292.png,0,0,0,0.00969331432133913,2269.30419921875,2453.13818359375,2289.704345703125,2524.8671875
2292.png,0,0,0,0.009665582329034805,2208.724609375,2553.38916015625,2225.95947265625,2595.489990234375
2292.png,0,0,0,0.009638848714530468,2799.213623046875,2559.500244140625,2825.029541015625,2601.5654296875
2292.png,0,0,0,0.009532317519187927,2058.52490234375,2421.661865234375,2093.759521484375,2510.522216796875
2292.png,0,0,0,0.009331539273262024,875.675048828125,259.7305908203125,905.5081787109375,277.3904724121094
2292.png,0,0,0,0.009301980957388878,2310.663330078125,2592.68017578125,2329.594970703125,2616.607177734375
2292.png,0,0,0,0.009284020401537418,2583.229736328125,2676.80078125,2605.286865234375,2699.8251953125
2292.png,0,0,0,0.00926416926085949,2045.1866455078125,2447.516357421875,2061.3974609375,2498.333984375
2292.png,0,0,0,0.009238343685865402,1679.2593994140625,2376.308837890625,1698.79736328125,2392.68505859375
2292.png,0,0,0,0.009237781167030334,1542.1568603515625,1334.8177490234375,1555.742919921875,1355.898193359375
2292.png,0,0,0,0.009222570806741714,1053.930908203125,2243.607421875,1109.84375,2286.839111328125
2292.png,0,0,0,0.00921483151614666,2298.130615234375,2691.281494140625,2327.402099609375,2709.475830078125
2292.png,0,0,0,0.008981989696621895,2989.05322265625,2351.691162109375,3009.36767578125,2379.322509765625
2292.png,0,0,0,0.008922112174332142,997.833984375,2691.016357421875,1059.6641845703125,2726.0
2292.png,0,0,0,0.008836518973112106,3402.905029296875,2151.963623046875,3438.69287109375,2189.832275390625
2292.png,0,0,0,0.008622021414339542,2020.9952392578125,2639.521484375,2054.951171875,2652.320556640625
2292.png,0,0,0,0.008573532104492188,646.1793823242188,2702.735107421875,698.2025146484375,2726.0
2292.png,0,0,0,0.008567167446017265,60.11843490600586,622.92919921875,112.69934844970703,644.1862182617188
2292.png,0,0,0,0.008531675674021244,2319.09375,2466.013427734375,2360.040283203125,2528.965576171875
2292.png,0,0,0,0.008526337333023548,198.03109741210938,668.6158447265625,251.14010620117188,706.8788452148438
2292.png,0,0,0,0.008424358442425728,1857.414306640625,2639.880615234375,1891.7275390625,2659.0283203125
2292.png,0,0,0,0.008407092653214931,2403.87744140625,2640.225341796875,2452.170654296875,2656.52685546875
2292.png,0,0,0,0.008291641250252724,1406.1517333984375,2384.9384765625,1428.838134765625,2421.7607421875
2292.png,0,0,0,0.008253084495663643,2089.771484375,441.0972595214844,2129.4580078125,455.47772216796875
2292.png,0,0,0,0.008242296986281872,511.53466796875,2511.57958984375,562.1720581054688,2537.68896484375
2292.png,0,0,0,0.00819020252674818,1593.3985595703125,1792.1710205078125,1623.23779296875,1810.78173828125
2292.png,0,0,0,0.008154015988111496,2934.91357421875,2511.567138671875,2989.3505859375,2541.688720703125
2292.png,0,0,0,0.00814873818308115,2088.7919921875,442.70428466796875,2137.280517578125,463.3393249511719
2292.png,0,0,1,0.00809873454272747,2159.6826171875,2664.1259765625,2205.154052734375,2680.34716796875
2292.png,0,0,0,0.008089955896139145,3258.603515625,667.8143920898438,3300.83740234375,680.9155883789062
2292.png,0,0,0,0.00804264284670353,1505.476806640625,623.6690673828125,1551.2032470703125,650.87841796875
2292.png,0,0,0,0.007975226268172264,3327.278076171875,2142.620361328125,3348.841552734375,2164.711181640625
2292.png,0,0,0,0.007971714250743389,272.6141052246094,529.387939453125,292.4134826660156,555.3192138671875
2292.png,0,0,0,0.007956490851938725,2932.69873046875,2532.519775390625,2989.37744140625,2557.05859375
2292.png,0,0,0,0.007947075180709362,2104.476806640625,2376.505126953125,2148.044677734375,2421.022216796875
2292.png,0,0,0,0.007945786230266094,1698.635009765625,1664.27490234375,1736.6689453125,1702.6246337890625
2292.png,0,0,0,0.00788866262882948,2163.41796875,2428.543701171875,2188.91552734375,2514.59716796875
2292.png,0,0,0,0.007758245337754488,314.7145080566406,1152.987060546875,337.56585693359375,1176.2945556640625
2292.png,0,0,0,0.007757978048175573,2475.6591796875,2500.994873046875,2511.445556640625,2561.929443359375
2292.png,0,0,0,0.007744785863906145,3148.895751953125,2096.487548828125,3169.06494140625,2115.952880859375
2292.png,0,0,0,0.007735431659966707,1406.0084228515625,2697.986328125,1440.098388671875,2726.0
2292.png,0,0,0,0.0077131520956754684,3250.38818359375,976.5122680664062,3273.65625,1028.3536376953125
2292.png,0,0,0,0.007680887822061777,871.0888061523438,263.3222961425781,921.585205078125,285.082275390625
2292.png,0,0,1,0.0076803541742265224,1169.8387451171875,2662.6396484375,1215.98974609375,2681.593994140625
2292.png,0,0,0,0.007672711741179228,1612.4698486328125,2691.281494140625,1658.1873779296875,2712.57373046875
2292.png,0,0,0,0.0076370518654584885,1397.425048828125,2692.294921875,1461.3214111328125,2726.0
2292.png,0,0,0,0.007621538359671831,1767.0499267578125,1721.057861328125,1800.0045166015625,1747.9222412109375
2292.png,0,0,0,0.007588508538901806,2447.702880859375,2421.668212890625,2494.8369140625,2458.16064453125
2292.png,0,0,0,0.007586924824863672,3198.706787109375,2151.436767578125,3218.816650390625,2189.798095703125
2292.png,0,0,1,0.007549424190074205,1799.795654296875,2662.23583984375,1846.920654296875,2681.05419921875
2292.png,0,0,0,0.007505244109779596,3556.164794921875,2593.203125,3574.635498046875,2642.15966796875
2292.png,0,0,1,0.007483672350645065,1621.0831298828125,2664.78076171875,1665.3541259765625,2681.641357421875
2292.png,0,0,0,0.007481154520064592,1653.1634521484375,1822.42236328125,1687.362548828125,1840.2396240234375
2292.png,0,0,0,0.007429610472172499,2296.529296875,2694.86083984375,2327.945068359375,2726.0
2292.png,0,0,0,0.00742789451032877,55.92339324951172,619.518310546875,91.95741271972656,636.765869140625
2292.png,0,0,0,0.0073954216204583645,2449.584716796875,2691.3291015625,2487.464599609375,2707.3623046875
2292.png,0,0,0,0.007357048336416483,1186.8897705078125,2646.332763671875,1231.338134765625,2676.8662109375
2292.png,0,0,0,0.007313263136893511,1496.921875,1574.600341796875,1552.7822265625,1612.8770751953125
2292.png,0,0,0,0.0073057543486356735,2472.40234375,2606.029052734375,2496.20849609375,2646.850830078125
2292.png,0,0,0,0.00729519035667181,985.1965942382812,1207.486328125,1011.5584716796875,1224.5977783203125
2292.png,0,0,0,0.007264462299644947,2174.224365234375,2645.10888671875,2226.9990234375,2669.227294921875
2292.png,0,0,0,0.007251320406794548,2175.746337890625,398.9139404296875,2226.10595703125,428.51458740234375
2292.png,0,0,0,0.007246740628033876,1470.576171875,2646.0478515625,1512.15234375,2664.62646484375
2292.png,0,0,0,0.007210402749478817,3420.948486328125,2227.94677734375,3438.92529296875,2246.31982421875
2292.png,0,0,0,0.007180433254688978,920.9617919921875,2687.12060546875,991.7825927734375,2701.6240234375
2292.png,0,0,0,0.007118896581232548,1787.6448974609375,2646.378173828125,1837.6759033203125,2681.36083984375
2292.png,0,0,0,0.006984349340200424,1324.2247314453125,2331.252197265625,1347.7940673828125,2349.11767578125
2292.png,0,0,0,0.006963182240724564,1056.2972412109375,2241.85009765625,1125.323486328125,2254.648193359375
2292.png,0,0,1,0.006893468555063009,1011.3204956054688,2682.29736328125,1090.2813720703125,2692.7509765625
2292.png,0,0,0,0.0068652150221168995,1170.0062255859375,2693.81005859375,1210.0823974609375,2726.0
2292.png,0,0,0,0.006841117050498724,3463.02880859375,2466.3623046875,3501.6767578125,2497.356201171875
2292.png,0,0,0,0.006807438563555479,2179.759033203125,398.6727600097656,2228.2666015625,412.6148681640625
2292.png,0,0,0,0.006802977528423071,3258.511474609375,1195.102783203125,3278.65185546875,1228.7281494140625
2292.png,0,0,0,0.006701085716485977,597.1422729492188,202.87913513183594,628.3375854492188,230.31031799316406
2292.png,0,0,1,0.00667005917057395,900.6502685546875,2664.253662109375,945.5868530273438,2678.01806640625
2292.png,0,0,0,0.006654202006757259,676.0536499023438,2570.00439453125,741.8319702148438,2602.293701171875
2292.png,0,0,0,0.006603020243346691,2662.443115234375,2690.318603515625,2721.966796875,2726.0
2292.png,0,0,0,0.006592553574591875,3205.045654296875,1310.328125,3225.431396484375,1343.13525390625
2292.png,0,0,0,0.006568504497408867,2528.21728515625,2690.769775390625,2544.6435546875,2710.797607421875
2292.png,0,0,0,0.006567290984094143,2317.49853515625,2487.600341796875,2359.9052734375,2535.23779296875
2292.png,0,0,0,0.006550835445523262,3380.22216796875,2239.83349609375,3397.105712890625,2264.560302734375
2292.png,0,0,0,0.006540296599268913,2249.63525390625,2556.26513671875,2273.84521484375,2613.804443359375
2292.png,0,0,0,0.006456059403717518,2270.239501953125,2016.609130859375,2325.221923828125,2043.72998046875
2292.png,0,0,0,0.006432663183659315,2264.381591796875,2375.022705078125,2293.985107421875,2410.56103515625
2292.png,0,0,0,0.006428538355976343,3114.8740234375,2101.828857421875,3140.83203125,2124.032958984375
2292.png,0,0,0,0.006400156766176224,3256.4970703125,668.5728149414062,3304.91845703125,691.3554077148438
2292.png,0,0,1,0.006386426277458668,1980.4290771484375,2664.51513671875,2025.1060791015625,2679.831298828125
2292.png,0,0,0,0.0063570644706487656,3078.970458984375,862.4953002929688,3098.516845703125,902.2932739257812
2292.png,0,0,0,0.00634854007512331,1853.910400390625,2643.26806640625,1910.857177734375,2659.406494140625
2292.png,0,0,0,0.006335666868835688,1684.9630126953125,2592.947265625,1702.5963134765625,2612.398193359375
2292.png,0,0,0,0.006253888830542564,3051.156494140625,1939.9161376953125,3079.36279296875,1974.121826171875
2292.png,0,0,0,0.006231395062059164,1963.638671875,2646.35302734375,2006.32177734375,2670.464599609375
2292.png,0,0,0,0.00621374137699604,3185.97705078125,2039.55859375,3223.833740234375,2065.05126953125
2292.png,0,0,0,0.006199241615831852,651.5773315429688,2691.244873046875,730.4164428710938,2700.349853515625
2292.png,0,0,0,0.006176782306283712,516.6333618164062,2511.549072265625,563.6666870117188,2524.777587890625
2292.png,0,0,0,0.006169910077005625,1594.3419189453125,1384.4947509765625,1640.8035888671875,1406.419677734375
2292.png,0,0,0,0.0061597926542162895,1010.69189453125,2643.384521484375,1072.6016845703125,2658.740234375
2292.png,0,0,0,0.006147282663732767,1487.6025390625,1600.2738037109375,1536.1561279296875,1621.67333984375
2292.png,0,0,0,0.0061369785107672215,1255.444091796875,2637.53857421875,1296.804931640625,2653.02099609375
2292.png,0,0,0,0.006124069448560476,2924.36181640625,1342.849365234375,2961.798828125,1374.5421142578125
2292.png,0,0,0,0.006092767231166363,743.1688842773438,2646.372314453125,794.7527465820312,2669.612060546875
2292.png,0,0,0,0.0060911960899829865,769.5027465820312,2690.4130859375,802.7222290039062,2726.0
2292.png,0,0,0,0.0060905092395842075,629.3486938476562,2691.82568359375,703.4201049804688,2726.0
2292.png,0,0,0,0.006073044613003731,3229.796630859375,1959.4130859375,3259.37890625,1998.7891845703125
2292.png,0,0,0,0.006065057124942541,2532.855712890625,2691.333984375,2553.43359375,2726.0
2292.png,0,0,0,0.006052812561392784,2988.9453125,2331.76904296875,3025.952880859375,2378.685302734375
2292.png,0,0,0,0.006051011383533478,2134.348388671875,2646.02978515625,2193.169921875,2687.437744140625
2292.png,0,0,0,0.0060233622789382935,1332.8065185546875,2330.49755859375,1371.003662109375,2347.451416015625
2292.png,0,0,0,0.0060204737819731236,2253.355224609375,2631.519775390625,2304.2138671875,2663.53271484375
2292.png,0,0,0,0.005985460244119167,1029.646728515625,2599.529296875,1070.0196533203125,2617.478759765625
2292.png,0,0,0,0.005981407128274441,3387.15966796875,2099.5888671875,3413.51953125,2115.3984375
2292.png,0,0,0,0.00597160030156374,3393.2998046875,2151.930908203125,3422.794921875,2186.052734375
2292.png,0,0,0,0.005969384219497442,3106.430908203125,2420.21240234375,3124.17724609375,2437.703857421875
2292.png,0,0,0,0.005967997945845127,1414.2642822265625,2646.226806640625,1471.4312744140625,2674.474365234375
2292.png,0,0,0,0.005914454348385334,2009.658203125,2427.0859375,2048.80712890625,2511.586181640625
2292.png,0,0,0,0.00588221987709403,2037.3031005859375,2554.518310546875,2090.27734375,2566.48681640625
2292.png,0,0,0,0.005880708806216717,3558.886962890625,1788.4012451171875,3581.894775390625,1813.8475341796875
2292.png,0,0,0,0.005877888295799494,1904.21826171875,2355.9541015625,1931.858642578125,2378.048583984375
2292.png,0,0,0,0.005858460906893015,2768.236572265625,1881.067138671875,2810.490234375,1900.241943359375
2292.png,0,0,0,0.0058535304851830006,2269.50439453125,2013.58837890625,2325.793701171875,2030.3883056640625
2292.png,0,0,0,0.005845506209880114,2449.6259765625,2601.429931640625,2493.02587890625,2641.093994140625
2292.png,0,0,0,0.0058443062007427216,3205.20751953125,2311.26318359375,3229.6083984375,2334.300537109375
2292.png,0,0,0,0.005826505366712809,1505.7149658203125,623.6104736328125,1552.620361328125,641.8342895507812
2292.png,0,0,0,0.005824047140777111,3033.545166015625,1422.1490478515625,3052.94384765625,1445.5260009765625
2292.png,0,0,0,0.005812553688883781,1211.7523193359375,2601.180908203125,1260.4510498046875,2624.747802734375
2292.png,0,0,0,0.0057993726804852486,985.3336181640625,232.43411254882812,1012.1577758789062,265.4723815917969
2292.png,0,0,0,0.005790707189589739,2525.90966796875,2599.638671875,2555.384765625,2640.424072265625
2292.png,0,0,0,0.00577055336907506,2314.5234375,2691.03515625,2363.85546875,2709.689697265625
2292.png,0,0,0,0.005738628562539816,871.9413452148438,38.708919525146484,899.931884765625,77.41790008544922
2292.png,0,0,0,0.005738179665058851,3288.420166015625,1287.4365234375,3305.163818359375,1310.548095703125
2292.png,0,0,0,0.005703638307750225,1265.1187744140625,2462.213623046875,1281.4771728515625,2482.606201171875
2292.png,0,0,0,0.0056870365515351295,3192.6171875,2156.594482421875,3215.7587890625,2197.430908203125
2292.png,0,0,0,0.005671725608408451,2437.874755859375,2692.1943359375,2469.612548828125,2726.0
2292.png,0,0,0,0.005668391939252615,2425.5537109375,2640.366943359375,2461.177734375,2659.533935546875
2292.png,0,0,0,0.005665737669914961,2457.30712890625,2429.39892578125,2495.085205078125,2471.6943359375
2292.png,0,0,0,0.005619114730507135,2114.7705078125,2421.431884765625,2150.05078125,2510.546630859375
2292.png,0,0,0,0.005615920294076204,64.022705078125,667.8353881835938,99.95609283447266,682.4803466796875
2292.png,0,0,0,0.005579930730164051,498.1217956542969,893.2648315429688,527.1797485351562,926.9385986328125
2292.png,0,0,0,0.005556616000831127,2441.892578125,2478.47607421875,2467.449951171875,2556.68798828125
2292.png,0,0,0,0.0055511933751404285,2934.757080078125,1359.79833984375,2961.48193359375,1390.0072021484375
2292.png,0,0,0,0.005537278018891811,1231.0684814453125,2691.30859375,1283.916259765625,2705.00146484375
2292.png,0,0,0,0.00552765280008316,921.8539428710938,2646.2734375,982.4371337890625,2673.184814453125
2292.png,0,0,0,0.0055211628787219524,509.1643371582031,899.0053100585938,535.937744140625,938.49365234375
2292.png,0,0,0,0.005500320345163345,2590.337646484375,2686.0458984375,2636.77001953125,2713.966064453125
2292.png,0,0,0,0.0054743969812989235,916.8797607421875,2700.759765625,975.4281005859375,2726.0
2292.png,0,0,0,0.005452394485473633,1620.3358154296875,1971.175048828125,1655.825439453125,1992.052734375
2292.png,0,0,0,0.005436778534203768,2624.77978515625,2048.623291015625,2648.156494140625,2071.718505859375
2292.png,0,0,0,0.005436742678284645,2794.631591796875,1473.20068359375,2815.533203125,1492.767578125
2292.png,0,0,0,0.005434004589915276,1146.1419677734375,2689.834228515625,1220.315185546875,2705.95947265625
2292.png,0,0,0,0.005423269234597683,3118.150146484375,1137.265869140625,3142.195068359375,1176.93505859375
2292.png,0,0,0,0.00540291890501976,520.5421142578125,2460.165771484375,562.0177001953125,2489.212890625
2292.png,0,0,0,0.005399642512202263,3099.30712890625,1836.9632568359375,3124.355712890625,1882.7469482421875
2292.png,0,0,0,0.005399396177381277,2195.3505859375,2375.654052734375,2226.0166015625,2403.75927734375
2292.png,0,0,0,0.005386286415159702,2306.9501953125,2107.80029296875,2330.9150390625,2152.14990234375
2292.png,0,0,1,0.005375639535486698,996.2427368164062,2665.919189453125,1035.7379150390625,2677.8623046875
2292.png,0,0,0,0.00535187404602766,3402.895263671875,2184.73193359375,3438.6943359375,2215.54296875
2292.png,0,0,0,0.00534435547888279,3327.445556640625,936.528076171875,3349.115234375,965.726806640625
2292.png,0,0,0,0.005330766551196575,2404.804443359375,2488.83349609375,2441.33740234375,2532.475830078125
2292.png,0,0,0,0.005330103915184736,1924.5899658203125,1751.5595703125,1965.995361328125,1792.4111328125
2292.png,0,0,0,0.005323659162968397,3342.675048828125,2577.503173828125,3355.923095703125,2602.96240234375
2292.png,0,0,0,0.0053115952759981155,2439.658935546875,2444.29931640625,2464.062744140625,2505.363525390625
2292.png,0,0,0,0.005304040387272835,780.2019653320312,2600.44189453125,832.2807006835938,2617.666015625
2292.png,0,0,0,0.005301879718899727,3099.479736328125,2050.868408203125,3124.181884765625,2070.247314453125
2292.png,0,0,0,0.005264301784336567,2015.676513671875,2600.66552734375,2057.651611328125,2616.204833984375
2292.png,0,0,0,0.005260971840471029,761.5447998046875,2688.016357421875,806.9337158203125,2698.694091796875
2292.png,0,0,0,0.005256581585854292,3156.243408203125,2010.240966796875,3173.66552734375,2041.6783447265625
2292.png,0,0,0,0.005227407906204462,2292.89697265625,2644.599609375,2331.792724609375,2669.9169921875
2292.png,0,0,0,0.005225399509072304,3560.7451171875,2363.57958984375,3587.47119140625,2394.223388671875
2292.png,0,0,0,0.005199520383030176,2793.635009765625,2508.76806640625,2824.8515625,2530.118408203125
2292.png,0,0,0,0.0051985387690365314,2936.9052734375,1358.1563720703125,2989.227783203125,1389.440185546875
2292.png,0,0,0,0.005170575343072414,2134.967529296875,2555.453369140625,2181.677001953125,2576.0244140625
2292.png,0,0,0,0.005156302824616432,1828.4638671875,1719.2308349609375,1876.709228515625,1747.873291015625
2292.png,0,0,1,0.005155581049621105,1261.2686767578125,2663.17919921875,1307.24267578125,2680.350830078125
2292.png,0,0,1,0.005154529586434364,2256.810302734375,2576.1787109375,2293.419921875,2585.097900390625
2292.png,0,0,0,0.005144140683114529,493.4783630371094,2516.26953125,562.2168579101562,2556.629150390625
2292.png,0,0,0,0.005114699713885784,3286.762939453125,2222.067138671875,3315.63720703125,2286.85986328125
2292.png,0,0,0,0.0050965771079063416,664.6753540039062,2600.36181640625,719.9201049804688,2616.880615234375
2292.png,0,0,0,0.005093507468700409,3032.630126953125,1936.3319091796875,3057.223876953125,1981.974609375
2292.png,0,0,0,0.0050881654024124146,2755.2451171875,1882.1231689453125,2781.9130859375,1916.674560546875
2292.png,0,0,0,0.005083243362605572,514.4937133789062,2457.742919921875,534.5458374023438,2479.221923828125
2292.png,0,0,0,0.005071226507425308,1010.37841796875,2691.715087890625,1072.4852294921875,2726.0
2292.png,0,0,0,0.005069958511739969,8.52919864654541,278.2702331542969,33.32722854614258,309.8521423339844
2292.png,0,0,0,0.005031069740653038,1910.19287109375,1747.4268798828125,1958.9029541015625,1785.5433349609375
2292.png,0,0,0,0.005029313266277313,696.1070556640625,2556.5283203125,743.6799926757812,2598.49462890625
2292.png,0,0,0,0.0050201998092234135,1678.6300048828125,2645.99169921875,1730.7174072265625,2683.500244140625
2292.png,0,0,0,0.005006353836506605,1566.839111328125,1504.5667724609375,1598.1695556640625,1538.73193359375
2292.png,0,0,0,0.004990431480109692,1502.7633056640625,1567.56787109375,1555.61181640625,1610.0767822265625
2292.png,0,0,0,0.004959999583661556,3377.426513671875,1776.338134765625,3395.125,1822.990478515625
2292.png,0,0,0,0.004948415793478489,3346.13720703125,2234.09619140625,3360.556396484375,2262.83251953125
2292.png,0,0,0,0.0049443296156823635,3354.435546875,2511.287841796875,3394.687255859375,2524.646240234375
2292.png,0,0,0,0.004939677193760872,3115.476806640625,1342.6341552734375,3151.468505859375,1362.653564453125
2292.png,0,0,0,0.0049392529763281345,1263.7679443359375,2618.217529296875,1326.0560302734375,2648.06298828125
2292.png,0,0,0,0.004926519934087992,3060.05029296875,2330.752197265625,3096.011962890625,2366.055908203125
2292.png,0,0,0,0.004915596917271614,1993.420166015625,2433.495361328125,2017.9466552734375,2511.58837890625
2292.png,0,0,0,0.004913500510156155,2731.741943359375,1725.6246337890625,2764.638427734375,1750.7335205078125
2292.png,0,0,0,0.004910629242658615,872.1583251953125,36.49677658081055,922.7294921875,74.0280532836914
2292.png,0,0,0,0.004890438634902239,860.0859375,38.649742126464844,893.9222412109375,85.27217864990234
2292.png,0,0,0,0.004876336082816124,1775.41259765625,2692.066650390625,1843.3670654296875,2726.0
2292.png,0,0,0,0.00486541073769331,1660.6112060546875,2691.616455078125,1730.909423828125,2726.0
2292.png,0,0,0,0.004860271699726582,501.6719970703125,2546.45263671875,536.2055053710938,2559.281982421875
2292.png,0,0,0,0.0048593794927001,3213.7919921875,1946.0484619140625,3232.79638671875,1983.2431640625
2292.png,0,0,0,0.00485917879268527,187.1063690185547,694.1898193359375,244.9080047607422,714.4158325195312
2292.png,0,0,0,0.004845763556659222,316.5981140136719,842.9542236328125,338.4472351074219,862.7071533203125
2292.png,0,0,0,0.004844913259148598,1662.002197265625,2645.82177734375,1700.505615234375,2690.671142578125
2292.png,0,0,0,0.004843492526561022,14.447264671325684,664.8809204101562,39.85050582885742,679.86181640625
2292.png,0,0,0,0.004824998322874308,3233.0615234375,1978.605224609375,3266.3447265625,2017.955322265625
2292.png,0,0,0,0.0047916932962834835,1596.3759765625,1616.4073486328125,1648.532470703125,1657.5770263671875
2292.png,0,0,0,0.004790479317307472,2590.132080078125,305.4639892578125,2632.51806640625,328.3936462402344
2292.png,0,0,0,0.0047551365569233894,1400.6451416015625,2376.601318359375,1429.7896728515625,2415.596435546875
2292.png,0,0,0,0.004721088334918022,3242.69140625,2550.66552734375,3277.026611328125,2565.008056640625
2292.png,0,0,0,0.004687020555138588,3259.621337890625,952.3871459960938,3304.228271484375,996.6015625
2292.png,0,0,0,0.004686308559030294,426.79119873046875,931.4412231445312,458.2020568847656,952.5931396484375
2292.png,0,0,0,0.004671749658882618,1773.028076171875,1702.4576416015625,1818.6680908203125,1739.9774169921875
2292.png,0,0,1,0.004646911285817623,2431.630615234375,2658.376708984375,2475.296630859375,2677.8125
2292.png,0,0,0,0.004563745576888323,2096.586181640625,398.8412780761719,2145.452880859375,437.96923828125
2292.png,0,0,0,0.004528042394667864,651.718505859375,2644.6044921875,733.9930419921875,2661.692626953125
2292.png,0,0,0,0.0045245494693517685,1589.3504638671875,1792.29345703125,1641.0340576171875,1817.4132080078125
2292.png,0,0,0,0.004522058647125959,3078.87158203125,847.7571411132812,3095.432373046875,889.8342895507812
2292.png,0,0,0,0.004521889146417379,2019.4310302734375,2693.500732421875,2052.212158203125,2726.0
2292.png,0,0,0,0.004517870489507914,201.61788940429688,667.7976684570312,262.9506530761719,689.7908325195312
2292.png,0,0,0,0.004509991966187954,1523.7701416015625,2086.46533203125,1550.861083984375,2112.24560546875
2292.png,0,0,0,0.004500964190810919,456.9140930175781,2594.7333984375,474.3260803222656,2610.635498046875
2292.png,0,0,0,0.0044977436773478985,2303.5986328125,2103.2626953125,2359.972900390625,2133.36669921875
2292.png,0,0,0,0.004495996981859207,1023.4969482421875,2556.032958984375,1065.17431640625,2574.16162109375
2292.png,0,0,0,0.004494281951338053,920.42578125,2645.96240234375,990.5437622070312,2693.562255859375
2292.png,0,0,0,0.004472800530493259,2263.911376953125,2376.541748046875,2292.998291015625,2451.908203125
2292.png,0,0,0,0.004413202404975891,2176.04248046875,5.414582252502441,2199.685791015625,39.689334869384766
2292.png,0,0,0,0.004406704101711512,1593.4085693359375,1612.5517578125,1653.69775390625,1647.9337158203125
2292.png,0,0,0,0.004406369291245937,140.92735290527344,666.3829956054688,182.06875610351562,685.93310546875
2292.png,0,0,0,0.004380605649203062,1307.4554443359375,1653.9901123046875,1341.146728515625,1674.700927734375
2292.png,0,0,0,0.0043761245906353,1453.72509765625,1020.7964477539062,1471.3096923828125,1045.04443359375
2292.png,0,0,0,0.004361746367067099,61.45895767211914,848.338134765625,95.90983581542969,867.3624877929688
2292.png,0,0,0,0.0043604192323982716,1910.085205078125,2424.516845703125,1938.299072265625,2485.910888671875
2292.png,0,0,0,0.004354279022663832,3390.42724609375,965.4507446289062,3409.93798828125,990.41064453125
2292.png,0,0,0,0.004342629108577967,1178.4908447265625,2690.8916015625,1239.0003662109375,2726.0
2292.png,0,0,0,0.004336327314376831,2548.444091796875,2591.65625,2584.686767578125,2630.102294921875
2292.png,0,0,0,0.004313950426876545,992.1382446289062,1854.5716552734375,1059.37841796875,1885.64892578125
2292.png,0,0,0,0.004302577581256628,3319.93408203125,2364.628173828125,3350.837890625,2394.96826171875
2292.png,0,0,0,0.004300498869270086,2568.455810546875,2646.111083984375,2594.3798828125,2685.39501953125
2292.png,0,0,0,0.0042976695112884045,1595.705078125,2689.580078125,1657.787109375,2699.605712890625
2292.png,0,0,0,0.004286400508135557,2212.54638671875,2553.851318359375,2234.329345703125,2609.93115234375
2292.png,0,0,0,0.004283641930669546,641.24267578125,2307.53369140625,704.6328125,2332.9091796875
2292.png,0,0,0,0.004271195735782385,1685.167236328125,1425.0523681640625,1732.8936767578125,1445.589111328125
2292.png,0,0,0,0.004268005024641752,1855.583251953125,2600.806640625,1895.922119140625,2626.654296875
2292.png,0,0,0,0.004257820546627045,1955.310302734375,2684.26123046875,2018.192626953125,2697.345458984375
2292.png,0,0,0,0.004251020960509777,1310.27099609375,1248.7183837890625,1326.7342529296875,1263.33349609375
2293.png,0,0,0,0.03675229474902153,3510.775390625,1106.427001953125,3529.5595703125,1129.4622802734375
2293.png,0,0,0,0.03531721606850624,1763.4495849609375,482.2589111328125,1776.15087890625,495.9415283203125
2293.png,0,0,0,0.032298311591148376,1236.233642578125,293.84271240234375,1254.3197021484375,324.844482421875
2293.png,0,0,0,0.0278816856443882,2783.936279296875,983.1398315429688,2810.18896484375,1003.6798095703125
2293.png,0,0,0,0.027745477855205536,567.89306640625,1747.6826171875,607.0520629882812,1763.6976318359375
2293.png,0,0,0,0.02463960461318493,1542.05908203125,748.27001953125,1551.53515625,770.2274169921875
2293.png,0,0,0,0.024605967104434967,2986.46044921875,76.6860580444336,3005.090087890625,93.17279052734375
2293.png,0,0,0,0.02451816201210022,1541.021240234375,2682.416259765625,1555.260009765625,2713.588134765625
2293.png,0,0,0,0.023469051346182823,2168.884033203125,758.696044921875,2183.2236328125,793.8978271484375
2293.png,0,0,0,0.02248985320329666,2176.211669921875,764.0694580078125,2196.395751953125,803.8003540039062
2293.png,0,0,0,0.022434799000620842,942.4177856445312,1103.4215087890625,966.7022094726562,1127.6988525390625
2293.png,0,0,0,0.022113949060440063,2268.622314453125,256.86151123046875,2291.689453125,271.1202087402344
2293.png,0,0,0,0.021241145208477974,561.85595703125,1747.737548828125,593.4474487304688,1765.4786376953125
2293.png,0,0,0,0.021041657775640488,1580.225830078125,2416.49853515625,1596.188720703125,2441.13525390625
2293.png,0,0,0,0.02062574215233326,1254.839111328125,1073.148681640625,1281.87744140625,1081.58984375
2293.png,0,0,0,0.02000499702990055,1216.4320068359375,1100.3956298828125,1240.255859375,1119.67041015625
2293.png,0,0,0,0.01951964572072029,1594.9599609375,1163.3941650390625,1641.762451171875,1180.3712158203125
2293.png,0,0,0,0.018875055015087128,3204.75830078125,522.253173828125,3215.19482421875,542.6251831054688
2293.png,0,0,0,0.018813880160450935,956.6021728515625,2187.46875,967.0052490234375,2208.9052734375
2293.png,0,0,0,0.018516747280955315,1862.9342041015625,835.6550903320312,1883.9122314453125,855.2853393554688
2293.png,0,0,0,0.017863573506474495,679.2491455078125,2297.7392578125,696.961669921875,2337.479248046875
2293.png,0,0,0,0.017087887972593307,918.6597290039062,1512.1092529296875,939.6062622070312,1532.648193359375
2293.png,0,0,0,0.01681658811867237,1775.9095458984375,2639.344482421875,1792.8544921875,2666.501953125
2293.png,0,0,0,0.016590991988778114,238.1361541748047,2195.76123046875,249.945068359375,2219.415283203125
2293.png,0,0,0,0.016180243343114853,3344.798095703125,15.596118927001953,3368.030029296875,42.32054138183594
2293.png,0,0,0,0.016155123710632324,1662.5281982421875,937.4221801757812,1686.1668701171875,950.9457397460938
2293.png,0,0,0,0.015992045402526855,738.1920776367188,1239.1746826171875,758.472900390625,1263.554931640625
2293.png,0,0,0,0.01593400165438652,412.5450134277344,392.7730407714844,427.62774658203125,411.21966552734375
2293.png,0,0,0,0.015846164897084236,1101.5482177734375,1064.356201171875,1121.8182373046875,1084.751708984375
2293.png,0,0,0,0.01571960747241974,1528.75244140625,2442.064697265625,1551.2176513671875,2479.368408203125
2293.png,0,0,0,0.015665913000702858,1669.6510009765625,1073.436279296875,1688.452880859375,1113.1837158203125
2293.png,0,0,0,0.01562487706542015,1876.4248046875,836.5791015625,1910.9288330078125,856.540771484375
2293.png,0,0,0,0.01556303072720766,1253.928955078125,1195.5823974609375,1281.99560546875,1214.648681640625
2293.png,0,0,0,0.015368176624178886,2577.197021484375,437.86639404296875,2586.021240234375,477.6521301269531
2293.png,0,0,0,0.015289142727851868,2614.77099609375,1025.9493408203125,2630.501953125,1041.7098388671875
2293.png,0,0,0,0.015243188478052616,1392.7933349609375,67.16452026367188,1416.49755859375,88.19918823242188
2293.png,0,0,0,0.014956960454583168,1681.7646484375,1136.9361572265625,1704.89697265625,1164.76025390625
2293.png,0,0,0,0.01475612260401249,965.1885375976562,2285.463623046875,985.2354125976562,2300.132568359375
2293.png,0,0,0,0.014681289903819561,1101.5235595703125,77.74765014648438,1118.2984619140625,113.2374496459961
2293.png,0,0,0,0.014631046913564205,1596.159912109375,1163.245849609375,1660.027099609375,1175.45556640625
2293.png,0,0,0,0.014557473361492157,1598.2012939453125,1207.5799560546875,1655.5306396484375,1223.6800537109375
2293.png,0,0,0,0.014541802927851677,469.50286865234375,1783.478271484375,509.3309631347656,1802.172119140625
2293.png,0,0,0,0.014506837353110313,1496.1451416015625,754.29052734375,1506.75390625,772.75244140625
2293.png,0,0,0,0.01447125431150198,1949.57373046875,801.69140625,1963.6773681640625,817.4419555664062
2293.png,0,0,0,0.014447648078203201,1114.6199951171875,79.03727722167969,1146.548828125,113.38188934326172
2293.png,0,0,0,0.01441330648958683,1505.266845703125,2683.6328125,1519.6160888671875,2718.4765625
2293.png,0,0,0,0.01439510378986597,2105.939208984375,1585.7666015625,2135.83056640625,1614.64892578125
2293.png,0,0,0,0.014102238230407238,2395.08349609375,387.50054931640625,2406.419189453125,407.9400634765625
2293.png,0,0,0,0.014081423170864582,2850.48193359375,1566.43896484375,2863.520263671875,1596.20361328125
2293.png,0,0,0,0.013930089771747589,1772.7962646484375,1992.6981201171875,1793.0526123046875,2018.5360107421875
2293.png,0,0,0,0.01381851825863123,1646.36279296875,982.7557983398438,1686.15576171875,1002.2649536132812
2293.png,0,0,0,0.013797720894217491,1984.033447265625,707.9715576171875,2000.875244140625,724.9813842773438
2293.png,0,0,0,0.013644989579916,1237.1142578125,297.8070068359375,1281.4364013671875,337.11077880859375
2293.png,0,0,0,0.013479158282279968,2809.89794921875,36.24140548706055,2831.217041015625,51.47358322143555
2293.png,0,0,0,0.013255232945084572,1910.0751953125,35.05809020996094,1925.70458984375,79.31548309326172
2293.png,0,0,0,0.013072408735752106,645.0914916992188,1913.30908203125,654.3548583984375,1943.7646484375
2293.png,0,0,0,0.013049094937741756,928.6696166992188,803.0079956054688,969.005615234375,815.5162963867188
2293.png,0,0,0,0.013035566546022892,1760.2095947265625,798.591064453125,1776.1234130859375,815.4924926757812
2293.png,0,0,0,0.01296368520706892,1505.6568603515625,838.33837890625,1524.7640380859375,858.2540893554688
2293.png,0,0,0,0.012954176403582096,1594.712646484375,2615.18701171875,1612.8668212890625,2651.2216796875
2293.png,0,0,0,0.012870191596448421,2041.30517578125,711.36962890625,2063.098388671875,733.7548217773438
2293.png,0,0,0,0.012674117460846901,425.61065673828125,1009.7390747070312,445.7462158203125,1042.11962890625
2293.png,0,0,0,0.012590928934514523,1186.5970458984375,1109.337646484375,1212.8306884765625,1128.8304443359375
2293.png,0,0,0,0.01253863051533699,1537.07958984375,1124.654296875,1556.05078125,1163.5196533203125
2293.png,0,0,0,0.012508622370660305,1818.129150390625,1924.5341796875,1835.7550048828125,1937.5859375
2293.png,0,0,0,0.012451224960386753,1678.1456298828125,1733.499755859375,1688.861083984375,1769.8890380859375
2293.png,0,0,0,0.012426348403096199,757.6302490234375,1298.15283203125,789.8565063476562,1310.1693115234375
2293.png,0,0,0,0.012395203113555908,1713.8963623046875,1162.6019287109375,1731.48974609375,1175.7940673828125
2293.png,0,0,0,0.012232732959091663,683.3837280273438,1692.879638671875,697.5947265625,1712.921142578125
2293.png,0,0,0,0.012218326330184937,483.79168701171875,1747.9090576171875,535.351806640625,1791.197509765625
2293.png,0,0,0,0.012157811783254147,364.33062744140625,2009.4219970703125,382.5081481933594,2033.4578857421875
2293.png,0,0,0,0.012022288516163826,1313.4833984375,2504.638671875,1326.4591064453125,2523.383544921875
2293.png,0,0,0,0.011973783373832703,1505.9820556640625,2456.140869140625,1523.0772705078125,2497.928955078125
2293.png,0,0,0,0.011928788386285305,329.1584167480469,1110.1416015625,337.512939453125,1138.7978515625
2293.png,0,0,0,0.011830126866698265,558.5721435546875,1747.880859375,580.2280883789062,1792.9383544921875
2293.png,0,0,0,0.011786969378590584,2090.45263671875,802.6317138671875,2122.695068359375,817.4258422851562
2293.png,0,0,0,0.011753896251320839,173.88914489746094,2242.42333984375,202.77536010742188,2268.502685546875
2293.png,0,0,0,0.011598930694162846,1668.6109619140625,1095.9400634765625,1694.9859619140625,1131.998291015625
2293.png,0,0,0,0.011553209275007248,1236.271728515625,1073.4140625,1277.5108642578125,1089.3682861328125
2293.png,0,0,0,0.011493825353682041,594.71337890625,1651.7601318359375,607.750244140625,1671.7841796875
2293.png,0,0,0,0.011404487304389477,1100.283203125,84.04740905761719,1117.376220703125,130.47850036621094
2293.png,0,0,0,0.011359058320522308,1454.45654296875,37.0582275390625,1476.332763671875,59.67502212524414
2293.png,0,0,0,0.011283737607300282,795.9661254882812,1388.0748291015625,831.8357543945312,1414.6396484375
2293.png,0,0,0,0.01114477589726448,2449.48828125,1430.5125732421875,2468.46240234375,1458.31201171875
2293.png,0,0,0,0.01114477589726448,138.84576416015625,1881.4154052734375,157.3763427734375,1897.403076171875
2293.png,0,0,0,0.011127951554954052,479.4703063964844,1766.45458984375,519.5951538085938,1801.390869140625
2293.png,0,0,0,0.011120365932583809,1166.06201171875,1028.3671875,1191.8409423828125,1074.0001220703125
2293.png,0,0,0,0.01086137630045414,477.2452087402344,1837.819580078125,517.2361450195312,1872.2138671875
2293.png,0,0,0,0.010843552649021149,671.6821899414062,2287.464599609375,697.2484130859375,2342.22705078125
2293.png,0,0,0,0.01078131701797247,3484.591796875,1105.31494140625,3506.591552734375,1133.4407958984375
2293.png,0,0,0,0.010751272551715374,3466.74609375,1567.2530517578125,3484.607177734375,1593.0919189453125
2293.png,0,0,0,0.010718747042119503,1985.87060546875,757.8170166015625,2001.2393798828125,774.4406127929688
2293.png,0,0,0,0.010664347559213638,1865.3404541015625,929.2571411132812,1884.0777587890625,955.5296630859375
2293.png,0,0,0,0.010660745203495026,1858.8538818359375,1869.02294921875,1872.9451904296875,1886.1466064453125
2293.png,0,0,0,0.010603319853544235,3335.57470703125,1612.776611328125,3351.027099609375,1631.142822265625
2293.png,0,0,0,0.010496116243302822,831.1753540039062,116.98900604248047,850.7750854492188,142.45681762695312
2293.png,0,0,0,0.010483738034963608,3169.81591796875,621.384765625,3188.453857421875,668.542236328125
2293.png,0,0,0,0.010436652228236198,2097.680908203125,801.3409423828125,2135.746337890625,816.2138061523438
2293.png,0,0,0,0.010402491316199303,2525.785888671875,1458.091064453125,2540.48486328125,1485.0732421875
2293.png,0,0,0,0.010361318476498127,1204.279052734375,893.6130981445312,1236.7054443359375,918.10693359375
2293.png,0,0,0,0.01022417563945055,650.6683959960938,1257.456298828125,669.6422729492188,1298.6546630859375
2293.png,0,0,0,0.010201252065598965,1989.9619140625,779.6002197265625,2006.125732421875,807.8118896484375
2293.png,0,0,0,0.010163448750972748,2933.902587890625,1020.169921875,2945.55224609375,1055.6402587890625
2293.png,0,0,0,0.010076330974698067,1354.3280029296875,1.6078343391418457,1372.18505859375,39.81716537475586
2293.png,0,0,0,0.010051258839666843,994.0323486328125,1331.504150390625,1012.223388671875,1354.9466552734375
2293.png,0,0,0,0.010020493529736996,457.547607421875,749.2471923828125,472.1249694824219,774.7310791015625
2293.png,0,0,0,0.01001234631985426,823.8284301757812,1474.37841796875,849.7992553710938,1493.06982421875
2293.png,0,0,0,0.009979749098420143,1844.945556640625,744.560546875,1866.0501708984375,764.6600952148438
2293.png,0,0,0,0.009957371279597282,1010.9314575195312,2090.952880859375,1030.7318115234375,2124.9423828125
2293.png,0,0,0,0.009951511397957802,3389.22705078125,1468.088134765625,3403.93505859375,1492.423828125
2293.png,0,0,0,0.009944978170096874,1224.531982421875,1160.2841796875,1241.685546875,1171.4781494140625
2293.png,0,0,0,0.009915724396705627,1680.6170654296875,2665.30078125,1702.5693359375,2718.584716796875
2293.png,0,0,0,0.009895255789160728,2765.185302734375,979.4325561523438,2796.874267578125,1000.518798828125
2293.png,0,0,0,0.00981540884822607,2801.220703125,1158.5718994140625,2810.760498046875,1192.05810546875
2293.png,0,0,0,0.009699046611785889,2745.36181640625,922.903076171875,2765.244873046875,949.5548095703125
2293.png,0,0,0,0.009696376509964466,1773.067138671875,982.6214599609375,1791.2821044921875,995.1975708007812
2293.png,0,0,0,0.0096570560708642,1047.775146484375,299.2728576660156,1067.970703125,331.5474548339844
2293.png,0,0,0,0.009543871507048607,2278.126708984375,325.511962890625,2318.038330078125,356.96893310546875
2293.png,0,0,0,0.009531007148325443,2251.25146484375,796.876220703125,2270.656982421875,809.70166015625
2293.png,0,0,0,0.009516222402453423,1051.439453125,1889.4686279296875,1059.7694091796875,1928.209716796875
2293.png,0,0,0,0.009485394693911076,2267.68115234375,1243.80029296875,2280.024169921875,1273.7877197265625
2293.png,0,0,0,0.009447670541703701,1215.1656494140625,264.150634765625,1245.3721923828125,345.011474609375
2293.png,0,0,0,0.009438348934054375,2079.16552734375,658.6911010742188,2091.23828125,681.3042602539062
2293.png,0,0,0,0.00941133126616478,1309.1170654296875,1153.7076416015625,1326.5450439453125,1175.555908203125
2293.png,0,0,0,0.009348860941827297,87.69508361816406,1453.9110107421875,112.53400421142578,1486.23291015625
2293.png,0,0,0,0.009296744130551815,1056.09765625,2317.820068359375,1079.095947265625,2340.27880859375
2293.png,0,0,0,0.009286416694521904,921.528564453125,1099.443359375,938.7116088867188,1128.2117919921875
2293.png,0,0,0,0.009273102506995201,2852.60986328125,1569.8812255859375,2870.322998046875,1613.061279296875
2293.png,0,0,0,0.009205181151628494,1755.6610107421875,844.0858154296875,1776.0716552734375,858.714599609375
2293.png,0,0,0,0.009201562963426113,2350.540771484375,1910.641357421875,2360.672607421875,1937.1783447265625
2293.png,0,0,0,0.009194961749017239,1640.53173828125,979.6500854492188,1668.836669921875,994.1595458984375
2293.png,0,0,0,0.00917854718863964,2288.479248046875,309.09210205078125,2326.629638671875,339.920654296875
2293.png,0,0,0,0.009146887809038162,3528.642578125,1197.7337646484375,3546.166259765625,1220.978271484375
2293.png,0,0,0,0.009028500877320766,2207.91943359375,1387.9122314453125,2227.47265625,1437.559326171875
2293.png,0,0,0,0.008917850442230701,646.3699340820312,1730.612060546875,663.1521606445312,1755.123046875
2293.png,0,0,0,0.0088683245703578,3364.646240234375,1379.4796142578125,3394.7080078125,1399.181884765625
2293.png,0,0,0,0.008843492716550827,3116.963623046875,170.5920867919922,3133.507568359375,185.37332153320312
2293.png,0,0,0,0.008836297318339348,2626.366943359375,931.5343017578125,2638.25732421875,953.110107421875
2293.png,0,0,0,0.00881598237901926,427.0933532714844,1352.4638671875,446.92816162109375,1395.92626953125
2293.png,0,0,0,0.008785181678831577,786.3676147460938,1387.6611328125,812.5213012695312,1410.3050537109375
2293.png,0,0,0,0.008774218149483204,1774.798583984375,1879.284912109375,1807.725341796875,1889.107421875
2293.png,0,0,0,0.00874902680516243,199.95272827148438,1829.16748046875,219.29725646972656,1853.5169677734375
2293.png,0,0,0,0.008630593307316303,2984.939697265625,73.40555572509766,3034.9736328125,96.02185821533203
2293.png,0,0,0,0.008611716330051422,1632.4991455078125,2640.935791015625,1641.359375,2680.557373046875
2293.png,0,0,0,0.008578977547585964,785.6524047851562,1398.8341064453125,807.2116088867188,1434.4151611328125
2293.png,0,0,0,0.008553201332688332,1718.739013671875,1653.4864501953125,1731.1995849609375,1684.939453125
2293.png,0,0,0,0.008550682105123997,1774.2120361328125,1591.9034423828125,1793.8687744140625,1625.7646484375
2293.png,0,0,0,0.00850042887032032,1888.02783203125,1834.101318359375,1911.0030517578125,1848.518798828125
2293.png,0,0,0,0.008497154340147972,1114.0191650390625,1057.0882568359375,1146.5614013671875,1085.412109375
2293.png,0,0,0,0.008492869324982166,2130.664306640625,688.8344116210938,2147.917724609375,715.7823486328125
2293.png,0,0,0,0.008478477597236633,3502.127197265625,79.03491973876953,3533.67822265625,95.86493682861328
2293.png,0,0,0,0.008468742482364178,1716.75341796875,496.14141845703125,1731.858642578125,534.1583251953125
2293.png,0,0,0,0.008448031730949879,1218.5504150390625,21.833425521850586,1239.1124267578125,51.25775909423828
2293.png,0,0,0,0.008403182029724121,1807.718994140625,2300.131591796875,1821.2662353515625,2333.181640625
2293.png,0,0,0,0.008383060805499554,2698.338623046875,1162.1788330078125,2720.43994140625,1180.7000732421875
2293.png,0,0,0,0.008352717384696007,465.5393981933594,1010.5355224609375,476.018310546875,1043.001220703125
2293.png,0,0,0,0.00828795600682497,2940.08837890625,124.39208221435547,2957.461181640625,139.8653564453125
2293.png,0,0,0,0.008285922929644585,1774.7598876953125,204.94296264648438,1821.1761474609375,220.00454711914062
2293.png,0,0,0,0.008282885886728764,2585.263671875,666.55078125,2605.3388671875,700.8441162109375
2293.png,0,0,0,0.00827733427286148,2450.39404296875,1459.4158935546875,2471.263671875,1488.89990234375
2293.png,0,0,0,0.00826389528810978,471.8465881347656,1747.8795166015625,528.1536254882812,1798.9796142578125
2293.png,0,0,0,0.008201876655220985,2125.086669921875,599.6179809570312,2150.623046875,628.8251342773438
2293.png,0,0,0,0.008188602514564991,2419.394287109375,979.4501342773438,2450.50439453125,996.2664794921875
2293.png,0,0,0,0.008184061385691166,1863.755615234375,1739.203369140625,1882.1553955078125,1762.002685546875
2293.png,0,0,0,0.008181449957191944,1123.5423583984375,354.002685546875,1148.2711181640625,401.7239685058594
2293.png,0,0,0,0.00817155372351408,1389.0579833984375,1020.88525390625,1416.5294189453125,1032.572509765625
2293.png,0,0,0,0.008162608370184898,605.6321411132812,1329.837890625,626.2620849609375,1368.502197265625
2293.png,0,0,0,0.008160176686942577,1256.8343505859375,982.398193359375,1281.45361328125,1001.9498901367188
2293.png,0,0,0,0.008151764050126076,2039.8702392578125,719.2374267578125,2063.18505859375,758.90380859375
2293.png,0,0,0,0.008138630539178848,1458.319580078125,766.860107421875,1477.1885986328125,804.3785400390625
2293.png,0,0,0,0.008133317343890667,2235.768310546875,363.66998291015625,2272.18212890625,399.4262390136719
2293.png,0,0,0,0.008105805143713951,2754.07470703125,1867.327392578125,2765.643310546875,1891.1441650390625
2293.png,0,0,0,0.008077594451606274,290.9222412109375,1869.104248046875,312.992431640625,1893.872802734375
2293.png,0,0,0,0.00806930847465992,1684.73583984375,64.25765228271484,1703.4234619140625,87.51819610595703
2293.png,0,0,0,0.008069285191595554,1092.5841064453125,936.9404907226562,1111.994140625,959.46875
2293.png,0,0,0,0.008025461807847023,735.813720703125,159.737548828125,758.93798828125,181.1116485595703
2293.png,0,0,0,0.007992983795702457,2492.08544921875,435.8764343261719,2512.606201171875,456.8551940917969
2293.png,0,0,0,0.007978477515280247,3325.450927734375,0.0,3364.058349609375,38.69277572631836
2293.png,0,0,0,0.007976111955940723,775.8876342773438,2240.611083984375,795.9093017578125,2253.80224609375
2293.png,0,0,0,0.007972698658704758,995.4619750976562,1249.536376953125,1012.3959350585938,1270.287109375
2293.png,0,0,0,0.007961738854646683,1794.4871826171875,128.99850463867188,1838.63427734375,148.3858184814453
2293.png,0,0,0,0.007956979796290398,2756.748046875,893.53466796875,2766.459228515625,948.0696411132812
2293.png,0,0,0,0.007953898049890995,3345.12158203125,1387.5157470703125,3365.67919921875,1408.4539794921875
2293.png,0,0,0,0.007951132021844387,1317.8929443359375,1060.0377197265625,1326.8822021484375,1078.5733642578125
2293.png,0,0,0,0.007912158966064453,2697.57470703125,1207.564697265625,2720.6865234375,1233.2388916015625
2293.png,0,0,0,0.007904467172920704,2450.259521484375,353.9969482421875,2487.007568359375,374.9439697265625
2293.png,0,0,0,0.007895528338849545,188.43063354492188,1513.34228515625,202.4292755126953,1534.6502685546875
2293.png,0,0,0,0.0078837675973773,2764.87646484375,1578.90478515625,2782.5439453125,1613.36767578125
2293.png,0,0,0,0.007872183807194233,3162.98193359375,1065.79345703125,3176.54833984375,1092.63330078125
2293.png,0,0,0,0.007849803194403648,953.4568481445312,399.00189208984375,1011.7233276367188,423.759033203125
2293.png,0,0,0,0.0077962856739759445,2654.154296875,843.6783447265625,2675.882080078125,859.092529296875
2293.png,0,0,0,0.007785495836287737,2225.596923828125,354.0663146972656,2276.195068359375,402.5324401855469
2293.png,0,0,0,0.007780102081596851,278.1854248046875,2239.16748046875,295.3817138671875,2264.291015625
2293.png,0,0,0,0.007758677937090397,1864.8099365234375,1002.655029296875,1884.0003662109375,1029.2777099609375
2293.png,0,0,0,0.007737638894468546,2842.499755859375,2227.92626953125,2856.09326171875,2252.1962890625
2293.png,0,0,0,0.007697813678532839,2881.829345703125,893.5225219726562,2903.30078125,908.4432373046875
2293.png,0,0,0,0.007695049978792667,2630.171142578125,794.7584838867188,2648.589599609375,818.8394775390625
2293.png,0,0,0,0.007651567924767733,876.6388549804688,1074.5916748046875,898.1261596679688,1124.0191650390625
2293.png,0,0,0,0.007651379331946373,2262.42822265625,259.5687561035156,2315.642333984375,286.49462890625
2293.png,0,0,0,0.007646811194717884,406.1644287109375,164.6600799560547,432.7174987792969,200.4235382080078
2293.png,0,0,0,0.007626556791365147,2756.830322265625,64.50138854980469,2781.01904296875,90.22660827636719
2293.png,0,0,0,0.007594752591103315,3014.82275390625,20.233417510986328,3035.134521484375,52.97682571411133
2293.png,0,0,0,0.007576352450996637,2888.963623046875,1969.1505126953125,2900.843505859375,1999.9112548828125
2293.png,0,0,0,0.007545305881649256,2495.210205078125,1376.643310546875,2516.044921875,1397.9747314453125
2293.png,0,0,0,0.007510609459131956,3272.5146484375,39.07929229736328,3305.337646484375,61.95582962036133
2293.png,0,0,0,0.007483385968953371,2585.15087890625,667.6908569335938,2603.13427734375,713.8779907226562
2293.png,0,0,0,0.007470176555216312,725.9185791015625,1516.5302734375,742.25537109375,1534.9410400390625
2293.png,0,0,0,0.007450508419424295,2090.3134765625,1587.0452880859375,2113.645751953125,1616.305908203125
2293.png,0,0,0,0.007445475552231073,428.8137512207031,668.8128662109375,477.9630126953125,698.2781372070312
2293.png,0,0,0,0.007388487458229065,685.3324584960938,1792.244384765625,715.74267578125,1805.321044921875
2293.png,0,0,0,0.007376940920948982,1244.70849609375,208.64651489257812,1281.5777587890625,233.195556640625
2293.png,0,0,0,0.007371528539806604,2234.002197265625,354.0195007324219,2278.8857421875,392.6849670410156
2293.png,0,0,0,0.007355993147939444,921.401123046875,1342.784912109375,944.9118041992188,1390.06982421875
2293.png,0,0,0,0.007321679964661598,2920.30126953125,658.2701416015625,2945.1357421875,682.3314208984375
2293.png,0,0,0,0.007286738604307175,1315.6834716796875,2010.49755859375,1326.562255859375,2044.3319091796875
2293.png,0,0,0,0.0072593712247908115,1649.099365234375,1201.421630859375,1686.4176025390625,1224.291015625
2293.png,0,0,0,0.007219573017209768,684.9642333984375,1789.60791015625,742.2346801757812,1803.188720703125
2293.png,0,0,0,0.007216685451567173,2490.93798828125,703.8050537109375,2507.2216796875,725.614990234375
2293.png,0,0,0,0.007211804855614901,2178.05029296875,129.1751251220703,2221.526611328125,142.8561553955078
2293.png,0,0,0,0.007194901816546917,1673.3809814453125,2635.05712890625,1688.7696533203125,2708.017578125
2293.png,0,0,0,0.00718983169645071,1503.370361328125,1016.198974609375,1524.5206298828125,1039.4078369140625
2293.png,0,0,0,0.00715531874448061,2225.400634765625,704.1153564453125,2242.795654296875,726.349609375
2293.png,0,0,0,0.007151467725634575,3169.847900390625,634.6632690429688,3192.603515625,685.645751953125
2293.png,0,0,0,0.007127857301384211,470.83807373046875,1853.0552978515625,496.9783020019531,1884.0946044921875
2293.png,0,0,0,0.007121422328054905,517.0162353515625,1023.3322143554688,535.9545288085938,1046.840576171875
2293.png,0,0,0,0.007083595264703035,426.5910339355469,668.7919921875,477.4431457519531,687.7645263671875
2293.png,0,0,0,0.006981958635151386,181.9755096435547,2246.820068359375,206.99290466308594,2287.671142578125
2293.png,0,0,0,0.006955707911401987,1579.2406005859375,2594.611572265625,1596.48095703125,2644.911865234375
2293.png,0,0,0,0.006954707205295563,3164.615478515625,84.02132415771484,3193.1025390625,102.0708999633789
2293.png,0,0,0,0.006926242262125015,1093.602294921875,1249.4083251953125,1118.25048828125,1272.8421630859375
2293.png,0,0,0,0.006916796788573265,2473.620849609375,353.7369079589844,2501.40625,370.3057556152344
2293.png,0,0,0,0.006900493986904621,2622.5478515625,52.69429016113281,2646.32177734375,84.81431579589844
2293.png,0,0,0,0.006880984175950289,1325.7340087890625,841.3926391601562,1351.3145751953125,863.578857421875
2293.png,0,0,0,0.006879016757011414,727.6427001953125,613.74609375,751.8411865234375,631.4515991210938
2293.png,0,0,0,0.006872520782053471,2717.021484375,1545.4874267578125,2732.336181640625,1569.3194580078125
2293.png,0,0,0,0.00687142089009285,441.42413330078125,1343.23828125,476.4974060058594,1399.9102783203125
2293.png,0,0,0,0.006858822889626026,2630.2021484375,1560.8521728515625,2660.8056640625,1578.459228515625
2293.png,0,0,0,0.006843952462077141,1819.102294921875,755.5747680664062,1841.070068359375,776.90478515625
2293.png,0,0,0,0.006830835714936256,2289.502197265625,442.1258850097656,2315.58740234375,456.3025817871094
2293.png,0,0,0,0.006795890629291534,2533.89599609375,1611.88330078125,2566.109130859375,1623.423095703125
2293.png,0,0,0,0.006790118757635355,1769.1207275390625,870.1376953125,1780.5863037109375,894.7578125
2293.png,0,0,0,0.006779691204428673,2085.475341796875,526.07666015625,2109.71826171875,542.5750122070312
2293.png,0,0,0,0.0067733461037278175,1641.0701904296875,1734.48876953125,1660.591796875,1777.837646484375
2293.png,0,0,0,0.006738417781889439,1929.5953369140625,35.39362335205078,1956.516845703125,79.35055541992188
2293.png,0,0,0,0.006724473088979721,157.35536193847656,1011.1514892578125,177.57093811035156,1044.673095703125
2293.png,0,0,0,0.00671412656083703,639.9822387695312,1612.0172119140625,656.2333984375,1624.9364013671875
2293.png,0,0,0,0.00669292313978076,19.656391143798828,34.061119079589844,67.54827880859375,54.5883903503418
2293.png,0,0,0,0.006691490765661001,2476.142822265625,62.612464904785156,2495.676025390625,104.70096588134766
2293.png,0,0,0,0.006674553733319044,1364.078857421875,1067.510986328125,1385.466552734375,1088.3836669921875
2293.png,0,0,0,0.006656289100646973,1351.1168212890625,845.2107543945312,1372.1895751953125,863.3478393554688
2293.png,0,0,0,0.006648751441389322,2218.912841796875,390.50677490234375,2259.477783203125,409.76397705078125
2293.png,0,0,0,0.006645949557423592,532.55712890625,1566.7254638671875,565.2244873046875,1600.55126953125
2293.png,0,0,0,0.006642742082476616,2222.15576171875,869.9478149414062,2238.97021484375,894.6190185546875
2293.png,0,0,0,0.006600374821573496,2499.760009765625,848.0607299804688,2549.7412109375,867.171630859375
2293.png,0,0,0,0.006599092856049538,1499.5579833984375,2671.33203125,1514.67626953125,2726.0
2293.png,0,0,0,0.006597001571208239,2336.741455078125,79.49739837646484,2366.0322265625,98.77986907958984
2293.png,0,0,0,0.006580522283911705,436.6596984863281,672.935302734375,473.2157287597656,713.9168701171875
2293.png,0,0,0,0.00657955976203084,1323.451416015625,937.8004760742188,1351.3060302734375,958.957275390625
2293.png,0,0,0,0.006571685429662466,1723.675537109375,881.4868774414062,1734.9312744140625,903.3702392578125
2293.png,0,0,0,0.006570059806108475,2762.186767578125,388.88995361328125,2784.30810546875,408.8009948730469
2293.png,0,0,0,0.006526551209390163,21.365089416503906,31.813026428222656,46.064369201660156,53.02907180786133
2293.png,0,0,0,0.006525002419948578,1526.0816650390625,932.5055541992188,1566.3812255859375,946.8340454101562
2293.png,0,0,0,0.0065201581455767155,2937.831787109375,874.1217651367188,2957.68408203125,895.2431640625
2293.png,0,0,0,0.006500249728560448,663.5530395507812,1412.7288818359375,697.1538696289062,1435.1429443359375
2293.png,0,0,0,0.0064940075390040874,308.7821044921875,1657.1744384765625,339.5126037597656,1678.5452880859375
2293.png,0,0,0,0.006488026585429907,22.316051483154297,2546.609619140625,41.943763732910156,2582.1357421875
2293.png,0,0,0,0.006470563821494579,1096.129638671875,1961.795166015625,1112.4715576171875,1996.36083984375
2293.png,0,0,0,0.006467318627983332,1666.02001953125,654.4240112304688,1686.1181640625,680.150390625
2293.png,0,0,0,0.00645886454731226,563.1611328125,1749.9378662109375,607.1348266601562,1792.9429931640625
2293.png,0,0,0,0.00645305635407567,449.40594482421875,1073.40087890625,473.8193359375,1124.011474609375
2293.png,0,0,0,0.006449981592595577,907.6270751953125,1428.1392822265625,923.9569702148438,1451.6236572265625
2293.png,0,0,0,0.006435766816139221,3337.807373046875,11.973201751708984,3394.697265625,41.29490280151367
2293.png,0,0,0,0.006432264111936092,1595.4761962890625,841.4071655273438,1626.8609619140625,865.3267822265625
2293.png,0,0,0,0.006405993830412626,1627.007568359375,2141.447509765625,1641.23095703125,2164.616943359375
2293.png,0,0,0,0.006397310644388199,1191.5,893.5723266601562,1235.072509765625,912.3746948242188
2293.png,0,0,0,0.006383733823895454,760.9089965820312,893.4348754882812,794.732421875,917.7891235351562
2293.png,0,0,0,0.006380574312061071,958.9581909179688,399.0227355957031,993.3040771484375,417.70794677734375
2293.png,0,0,0,0.006379416212439537,3259.705810546875,39.1922607421875,3303.687255859375,75.18431091308594
2293.png,0,0,0,0.006376739125698805,2974.140625,169.1622772216797,2999.945068359375,182.99346923828125
2293.png,0,0,0,0.00637335330247879,1954.8634033203125,704.15478515625,1976.427978515625,721.8167114257812
2293.png,0,0,0,0.006365684326738119,1446.635009765625,971.5859985351562,1462.955322265625,989.3525390625
2293.png,0,0,0,0.0063638752326369286,1905.7529296875,1640.39501953125,1919.188232421875,1703.0726318359375
2293.png,0,0,0,0.006348178721964359,2286.336181640625,1360.9111328125,2315.57373046875,1397.2171630859375
2293.png,0,0,0,0.006343518383800983,1368.0728759765625,1149.4285888671875,1388.79443359375,1175.689697265625
2293.png,0,0,0,0.006311547011137009,1687.5633544921875,61.855587005615234,1731.0693359375,88.2893295288086
2293.png,0,0,0,0.006304086651653051,525.7820434570312,1027.2529296875,562.0335083007812,1056.3817138671875
2293.png,0,0,0,0.006298354361206293,230.8798370361328,1765.26904296875,248.1358642578125,1794.267333984375
2293.png,0,0,0,0.006282676011323929,2143.125244140625,893.3424072265625,2180.71484375,905.2427368164062
2293.png,0,0,0,0.006266721524298191,1456.1065673828125,1208.2611083984375,1506.7525634765625,1225.309326171875
2293.png,0,0,0,0.006259017623960972,321.67919921875,1792.677734375,348.6454772949219,1820.702392578125
2293.png,0,0,0,0.006256766617298126,876.6480102539062,1065.7611083984375,899.2283935546875,1102.4384765625
2293.png,0,0,0,0.006250377744436264,425.7024841308594,752.5155639648438,439.78912353515625,787.9420166015625
2293.png,0,0,0,0.0062284814193844795,3207.19287109375,1363.005126953125,3233.400146484375,1396.29296875
2293.png,0,0,0,0.006215369328856468,1507.848876953125,844.214599609375,1551.3033447265625,866.4015502929688
2293.png,0,0,0,0.00621039979159832,44.06306076049805,2549.181884765625,67.44770812988281,2583.564208984375
2293.png,0,0,0,0.00620663445442915,3439.359619140625,1194.0955810546875,3457.9111328125,1232.0220947265625
2293.png,0,0,0,0.006197616923600435,1022.0835571289062,2092.90771484375,1056.6666259765625,2124.947021484375
2293.png,0,0,0,0.006193336099386215,1222.9521484375,842.6074829101562,1242.513916015625,864.4105224609375
2293.png,0,0,0,0.006191276479512453,872.2847900390625,16.065805435180664,897.2304077148438,41.51955032348633
2293.png,0,0,0,0.00618820870295167,3304.615478515625,1484.54296875,3325.9228515625,1528.0819091796875
2293.png,0,0,0,0.00618533231317997,2135.655517578125,758.4647216796875,2183.2294921875,802.6279296875
2293.png,0,0,0,0.006177914794534445,1425.1400146484375,1208.364990234375,1486.2314453125,1234.766845703125
2293.png,0,0,0,0.006172352470457554,164.20034790039062,575.0391235351562,203.2638702392578,589.7099609375
2293.png,0,0,0,0.006129177287220955,332.4233703613281,1807.1146240234375,349.4516296386719,1838.8231201171875
2293.png,0,0,0,0.006102242507040501,3461.7109375,1509.7379150390625,3484.618896484375,1541.0250244140625
2293.png,0,0,0,0.006097232457250357,626.9224853515625,1330.74755859375,652.2080688476562,1363.2841796875
2293.png,0,0,0,0.006090824026614428,1793.735595703125,2566.8310546875,1821.383056640625,2603.522216796875
2293.png,0,0,0,0.006084710359573364,2400.453369140625,2319.73291015625,2408.377685546875,2342.853515625
2293.png,0,0,0,0.0060529159381985664,1624.87548828125,2666.43896484375,1642.0355224609375,2715.90869140625
2293.png,0,0,0,0.006048348266631365,963.9602661132812,2286.995849609375,1011.6756591796875,2307.421142578125
2293.png,0,0,0,0.006045249756425619,1995.9322509765625,10.094727516174316,2045.890380859375,41.57310485839844
2293.png,0,0,0,0.006032575387507677,1550.7220458984375,1600.8857421875,1567.7724609375,1635.4566650390625
2293.png,0,0,0,0.0060140821151435375,3340.528076171875,0.0,3394.976318359375,36.11505889892578
2293.png,0,0,0,0.006005349103361368,2422.76025390625,668.3671264648438,2450.460693359375,713.5360107421875
2293.png,0,0,0,0.005995562300086021,925.012451171875,129.20193481445312,968.771240234375,158.0387420654297
2293.png,0,0,0,0.005993355065584183,1531.026123046875,1118.3187255859375,1555.774169921875,1151.7562255859375
2293.png,0,0,0,0.005991247482597828,3127.98876953125,677.3095703125,3169.8818359375,717.2998046875
2293.png,0,0,0,0.00598587142303586,2899.83984375,622.9530639648438,2924.6083984375,646.8909912109375
2293.png,0,0,0,0.005983908660709858,2891.69482421875,899.4237670898438,2914.083984375,938.6632080078125
2293.png,0,0,0,0.005983451846987009,1413.60791015625,1242.16455078125,1466.4642333984375,1257.36279296875
2293.png,0,0,0,0.0059745050966739655,1726.71142578125,1859.7098388671875,1744.238525390625,1884.4180908203125
2293.png,0,0,0,0.005970462691038847,1235.3970947265625,210.15631103515625,1262.5848388671875,230.77041625976562
2293.png,0,0,0,0.005962277762591839,1436.741455078125,1212.1009521484375,1506.396484375,1253.40380859375
2293.png,0,0,0,0.005952409002929926,2232.495361328125,707.130126953125,2270.609375,727.386962890625
2293.png,0,0,0,0.005936458241194487,693.4727783203125,1602.4876708984375,713.83251953125,1626.6480712890625
2293.png,0,0,0,0.00593432504683733,1396.080322265625,138.4952850341797,1466.95166015625,174.42465209960938
2293.png,0,0,0,0.005910541862249374,917.3704223632812,2193.977783203125,931.404052734375,2220.33642578125
2293.png,0,0,0,0.005908752325922251,2537.20263671875,938.5723266601562,2581.712158203125,985.445556640625
2293.png,0,0,0,0.005908370949327946,330.81219482421875,2009.5491943359375,350.97735595703125,2034.07568359375
2293.png,0,0,0,0.005896787624806166,1770.0894775390625,1972.7109375,1799.5401611328125,2015.770263671875
2293.png,0,0,0,0.005880887620151043,1189.39013671875,1201.069580078125,1212.76318359375,1222.88720703125
2293.png,0,0,0,0.005870233755558729,1586.050537109375,1229.3665771484375,1616.540771484375,1254.038818359375
2293.png,0,0,0,0.005855198483914137,2567.7451171875,443.187255859375,2585.514892578125,489.00030517578125
2293.png,0,0,0,0.005847986321896315,2538.20751953125,1291.8536376953125,2556.086669921875,1311.1541748046875
2308.png,0,0,0,0.07183825969696045,5427.11279296875,187.36346435546875,5449.24072265625,260.83575439453125
2308.png,0,0,0,0.05364002287387848,5516.841796875,75.75456237792969,5548.912109375,165.6701202392578
2308.png,0,0,0,0.043642930686473846,5431.6416015625,510.2432861328125,5448.3515625,560.6720581054688
2308.png,0,0,0,0.04018738865852356,6798.24755859375,2395.260498046875,6839.74951171875,2437.073974609375
2308.png,0,0,0,0.036899201571941376,6688.18994140625,3230.350830078125,6733.99560546875,3280.400634765625
2308.png,0,0,0,0.033102426677942276,6168.33154296875,506.4024353027344,6207.033203125,573.9553833007812
2308.png,0,0,0,0.030553055927157402,2081.207763671875,4657.494140625,2118.215087890625,4691.66845703125
2308.png,0,0,0,0.029428264126181602,2733.68212890625,5394.71826171875,2775.298095703125,5458.0
2308.png,0,0,0,0.028991341590881348,4996.7802734375,147.47158813476562,5034.05712890625,189.97837829589844
2308.png,0,0,0,0.022678406909108162,5500.89306640625,74.28720092773438,5565.99853515625,169.28318786621094
2308.png,0,0,0,0.022202573716640472,5956.59765625,1583.4268798828125,5988.732421875,1637.1646728515625
2308.png,0,0,0,0.02197239361703396,1927.4449462890625,4651.51513671875,1971.615966796875,4680.5478515625
2308.png,0,0,0,0.020518604665994644,6168.29931640625,5293.56494140625,6237.0146484375,5336.26123046875
2308.png,0,0,0,0.01971905492246151,5238.60888671875,3319.777099609375,5268.77783203125,3349.320556640625
2308.png,0,0,0,0.019492704421281815,1435.62060546875,3676.8662109375,1486.018798828125,3699.660400390625
2308.png,0,0,0,0.018380476161837578,3416.763916015625,4580.43115234375,3466.9814453125,4606.0556640625
2308.png,0,0,0,0.016925962641835213,6521.4208984375,2830.8837890625,6565.77685546875,2875.9931640625
2308.png,0,0,0,0.016747208312153816,5895.43359375,245.2046661376953,5968.91552734375,294.9053039550781
2308.png,0,0,0,0.016459064558148384,3646.551513671875,4197.052734375,3689.16162109375,4240.48779296875
2308.png,0,0,0,0.01644473522901535,6277.08544921875,2959.7529296875,6348.607421875,2994.762451171875
2308.png,0,0,0,0.01561682764440775,6057.1064453125,4303.1650390625,6078.95654296875,4342.11279296875
2308.png,0,0,0,0.015503465197980404,1845.8822021484375,4549.7041015625,1885.77294921875,4587.41162109375
2308.png,0,0,0,0.01544109359383583,5322.2265625,239.12730407714844,5361.95751953125,304.256591796875
2308.png,0,0,0,0.015184206888079643,6176.18994140625,505.1174621582031,6258.55078125,592.69189453125
2308.png,0,0,0,0.015056057833135128,4455.6171875,162.5791015625,4490.3359375,206.440185546875
2308.png,0,0,0,0.014954830519855022,6213.5078125,1957.09375,6258.77490234375,2027.8609619140625
2308.png,0,0,0,0.01472696103155613,2566.056396484375,3026.923583984375,2605.563720703125,3067.449951171875
2308.png,0,0,0,0.014629603363573551,5538.005859375,2146.172119140625,5580.22216796875,2171.190185546875
2308.png,0,0,0,0.014175611548125744,6868.85009765625,3646.284912109375,6895.7880859375,3705.01953125
2308.png,0,0,0,0.014085648581385612,6708.62841796875,3658.057373046875,6748.66845703125,3700.5224609375
2308.png,0,0,0,0.013911925256252289,2266.9853515625,4669.52978515625,2302.34814453125,4707.54248046875
2308.png,0,0,0,0.013610396534204483,5986.033203125,4863.046875,6023.98193359375,4941.70361328125
2308.png,0,0,0,0.013580112718045712,1892.4542236328125,4573.84228515625,1936.5211181640625,4602.615234375
2308.png,0,0,0,0.013516212813556194,5973.05419921875,2589.255615234375,5989.908203125,2644.85791015625
2308.png,0,0,0,0.013275010511279106,492.15106201171875,4751.43408203125,530.4861450195312,4782.57861328125
2308.png,0,0,0,0.013215438462793827,6045.25244140625,2768.4384765625,6078.41650390625,2805.03369140625
2308.png,0,0,0,0.013160785660147667,5423.595703125,152.42535400390625,5456.9169921875,261.2834167480469
2308.png,0,0,0,0.013049322180449963,3522.35302734375,3947.932373046875,3557.93017578125,3972.393798828125
2308.png,0,0,0,0.012946606613695621,3904.5263671875,5395.44921875,3948.86279296875,5458.0
2308.png,0,0,0,0.01292289886623621,6691.970703125,3235.20361328125,6744.00634765625,3320.6650390625
2308.png,0,0,0,0.012833084911108017,6347.2392578125,2855.770751953125,6384.576171875,2893.1298828125
2308.png,0,0,0,0.012778730131685734,6146.322265625,4649.330078125,6168.88671875,4687.6513671875
2308.png,0,0,0,0.012679597362875938,2535.037109375,4488.8046875,2566.892578125,4514.96240234375
2308.png,0,0,0,0.012669440358877182,854.666748046875,4760.58740234375,946.44287109375,4779.32958984375
2308.png,0,0,0,0.012451623566448689,5664.80078125,555.8703002929688,5718.31884765625,622.685546875
2308.png,0,0,0,0.01235444936901331,6957.1787109375,3859.727294921875,7083.8173828125,3909.3896484375
2308.png,0,0,0,0.012353913858532906,2834.568359375,5350.916015625,2930.59326171875,5433.4208984375
2308.png,0,0,0,0.012324335053563118,599.4522094726562,4851.39453125,680.0947265625,4886.75830078125
2308.png,0,0,0,0.01231253519654274,1165.3533935546875,5301.38525390625,1229.8411865234375,5345.39501953125
2308.png,0,0,0,0.01225625816732645,151.67347717285156,4666.57373046875,256.3690185546875,4696.025390625
2308.png,0,0,0,0.012140248902142048,6395.61962890625,2852.883056640625,6438.642578125,2884.888916015625
2308.png,0,0,0,0.01211228221654892,6760.29296875,3745.15966796875,6798.9599609375,3789.347900390625
2308.png,0,0,0,0.012109224684536457,6608.9716796875,2619.330322265625,6653.3701171875,2691.706787109375
2308.png,0,0,0,0.01208854652941227,5875.0,2222.59521484375,5899.1806640625,2268.369873046875
2308.png,0,0,0,0.012083172798156738,6928.44384765625,3208.50537109375,6979.3955078125,3250.911376953125
2308.png,0,0,0,0.011997184716165066,5987.03759765625,4851.29052734375,6025.03857421875,4897.87939453125
2308.png,0,0,0,0.011955656111240387,2154.365234375,4761.30712890625,2214.757568359375,4809.1748046875
2308.png,0,0,0,0.011910424567759037,6179.3955078125,5301.16162109375,6260.5419921875,5338.30615234375
2308.png,0,0,0,0.011842385865747929,6162.84521484375,4790.166015625,6181.3232421875,4852.06982421875
2308.png,0,0,0,0.011835400946438313,5011.21923828125,150.2326202392578,5087.939453125,200.842041015625
2308.png,0,0,0,0.011707102879881859,3605.798583984375,4040.7763671875,3647.48193359375,4097.8994140625
2308.png,0,0,0,0.011655746027827263,2100.326416015625,3572.089599609375,2131.152587890625,3610.061767578125
2308.png,0,0,0,0.01161961816251278,6663.41162109375,2575.866455078125,6709.04150390625,2621.15771484375
2308.png,0,0,0,0.011517814360558987,1930.123046875,4696.89501953125,1984.386474609375,4762.03759765625
2308.png,0,0,0,0.011463894508779049,5996.78466796875,1949.679931640625,6078.40185546875,2018.3380126953125
2308.png,0,0,0,0.011455051600933075,5514.89404296875,4387.298828125,5538.17626953125,4421.56005859375
2308.png,0,0,0,0.011401982046663761,2734.73388671875,5391.3515625,2786.706298828125,5458.0
2308.png,0,0,0,0.011288615874946117,2553.66796875,4620.58642578125,2600.283935546875,4674.10986328125
2308.png,0,0,0,0.011268177069723606,1008.4359130859375,3495.3193359375,1037.3765869140625,3527.485107421875
2308.png,0,0,0,0.011221194639801979,5988.22509765625,1950.6644287109375,6025.17333984375,2026.1473388671875
2308.png,0,0,0,0.011149510741233826,6527.17431640625,1103.0792236328125,6569.4345703125,1169.326171875
2308.png,0,0,0,0.010986813344061375,6387.97705078125,2147.747314453125,6439.4765625,2192.017333984375
2308.png,0,0,0,0.01062096282839775,6231.81494140625,1985.1937255859375,6300.37890625,2086.413330078125
2308.png,0,0,0,0.010586993768811226,5716.69580078125,4578.24267578125,5809.29345703125,4606.98779296875
2308.png,0,0,0,0.010571316815912724,6787.8251953125,2402.862060546875,6888.84033203125,2452.253662109375
2308.png,0,0,0,0.01055880542844534,5563.93505859375,2148.440185546875,5628.13818359375,2192.686767578125
2308.png,0,0,0,0.010444095358252525,578.0032348632812,4279.9267578125,615.5344848632812,4325.54736328125
2308.png,0,0,0,0.010303320363163948,5891.203125,258.8719482421875,6028.12890625,321.17584228515625
2308.png,0,0,0,0.010297088883817196,2012.5882568359375,3680.65087890625,2056.269775390625,3715.568359375
2308.png,0,0,0,0.01028821337968111,6499.00244140625,3021.89990234375,6531.89892578125,3060.501220703125
2308.png,0,0,0,0.0102152144536376,3682.111572265625,4216.77587890625,3737.302490234375,4262.02099609375
2308.png,0,0,0,0.01019517332315445,6876.51513671875,2764.557373046875,6926.6513671875,2817.5576171875
2308.png,0,0,0,0.010134060867130756,6566.25732421875,3319.86279296875,6618.7939453125,3343.227294921875
2308.png,0,0,0,0.010085786692798138,5775.40478515625,232.79592895507812,5814.72998046875,312.629150390625
2308.png,0,0,0,0.010074458085000515,1845.684326171875,3751.4765625,1883.5780029296875,3791.76806640625
2308.png,0,0,0,0.010035248473286629,5599.6064453125,2055.500732421875,5628.34033203125,2093.3984375
2308.png,0,0,0,0.009909084998071194,758.1732177734375,4803.77880859375,808.4749145507812,4855.48828125
2308.png,0,0,0,0.009767111390829086,1385.8707275390625,2660.050048828125,1419.0595703125,2699.28466796875
2308.png,0,0,0,0.00976282823830843,6609.1806640625,2593.190673828125,6651.44921875,2674.842529296875
2308.png,0,0,0,0.009737534448504448,5447.50048828125,77.71198272705078,5532.75146484375,179.75155639648438
2308.png,0,0,0,0.009667161852121353,306.8447570800781,4839.94189453125,353.7254333496094,4865.17919921875
2308.png,0,0,0,0.009568306617438793,493.13311767578125,4756.2080078125,585.4522094726562,4790.18115234375
2308.png,0,0,0,0.009558203630149364,2072.541259765625,4837.2646484375,2117.876953125,4867.6806640625
2308.png,0,0,0,0.00944728683680296,6607.44921875,3975.761962890625,6653.86474609375,4041.61767578125
2308.png,0,0,0,0.009445122443139553,3624.572998046875,4400.8505859375,3674.62646484375,4452.310546875
2308.png,0,0,0,0.00941438041627407,7050.9814453125,2472.68603515625,7107.603515625,2522.297607421875
2308.png,0,0,0,0.009407171048223972,5624.99609375,3116.191650390625,5663.12548828125,3157.94091796875
2308.png,0,0,0,0.009353450499475002,1500.897705078125,4581.18603515625,1576.20556640625,4666.52734375
2308.png,0,0,0,0.009335759095847607,5704.77392578125,4851.2431640625,5734.087890625,4941.494140625
2308.png,0,0,0,0.00929083488881588,6136.03125,3317.5595703125,6168.47265625,3354.53955078125
2308.png,0,0,0,0.009226763620972633,1089.31103515625,2507.412841796875,1125.7420654296875,2538.26806640625
2308.png,0,0,0,0.009219547733664513,4366.3671875,3817.163330078125,4401.306640625,3862.21435546875
2308.png,0,0,0,0.009176253341138363,5285.8896484375,2598.2958984375,5358.26513671875,2622.681640625
2308.png,0,0,0,0.009090348146855831,1926.8153076171875,4696.357421875,2028.088623046875,4761.60009765625
2308.png,0,0,0,0.009076233021914959,6166.26318359375,474.7207946777344,6192.92919921875,619.1217041015625
2308.png,0,0,0,0.009070676751434803,4366.69482421875,3770.636962890625,4432.51123046875,3801.96826171875
2308.png,0,0,0,0.008986006490886211,6969.9365234375,3770.810791015625,7073.0771484375,3830.175537109375
2308.png,0,0,0,0.008967011235654354,6347.3642578125,75.32280731201172,6391.23779296875,165.65122985839844
2308.png,0,0,0,0.008929865434765816,6150.81591796875,4489.47265625,6269.2373046875,4522.54296875
2308.png,0,0,0,0.008907598443329334,2813.198486328125,4118.82421875,2838.619873046875,4174.47509765625
2308.png,0,0,0,0.008862721733748913,2836.091064453125,5374.26513671875,2908.173583984375,5423.80126953125
2308.png,0,0,0,0.008811051025986671,4896.94482421875,2768.48974609375,4938.09814453125,2798.996337890625
2308.png,0,0,0,0.008796445094048977,5177.720703125,77.04380798339844,5256.03662109375,169.6577911376953
2308.png,0,0,0,0.008778590708971024,6483.30419921875,207.0879364013672,6534.97802734375,275.6234130859375
2308.png,0,0,0,0.008771712891757488,6976.5546875,3857.010009765625,7093.71435546875,3881.973876953125
2308.png,0,0,0,0.008735423907637596,3006.060791015625,3846.8935546875,3037.701171875,3887.297607421875
2308.png,0,0,0,0.008721877820789814,2265.990478515625,5383.53271484375,2297.29248046875,5416.0
2308.png,0,0,0,0.008711478672921658,1931.8673095703125,4670.38525390625,2038.4249267578125,4734.140625
2308.png,0,0,0,0.008698591962456703,6581.2265625,3131.1630859375,6623.06689453125,3160.964111328125
2308.png,0,0,0,0.008686141110956669,5247.34814453125,152.2244873046875,5299.455078125,216.9781494140625
2308.png,0,0,0,0.008644741959869862,3775.51025390625,4397.57470703125,3836.24609375,4426.29248046875
2308.png,0,0,0,0.008620415814220905,5185.88916015625,78.66502380371094,5269.0341796875,179.53526306152344
2308.png,0,0,0,0.008593278005719185,6978.24462890625,3770.278076171875,7097.00537109375,3818.53076171875
2308.png,0,0,0,0.008569152094423771,6648.888671875,2492.07080078125,6708.7587890625,2581.907958984375
2308.png,0,0,0,0.008535012602806091,7145.302734375,632.514404296875,7195.18505859375,711.7835693359375
2308.png,0,0,0,0.008524765260517597,1838.85693359375,4487.7392578125,1879.0528564453125,4518.162109375
2308.png,0,0,0,0.0085203368216753,1552.5201416015625,4720.5419921875,1609.60107421875,4774.38720703125
2308.png,0,0,0,0.008516616187989712,6077.72802734375,3201.8828125,6115.3388671875,3242.822021484375
2308.png,0,0,0,0.008510477840900421,3827.0234375,4574.71240234375,3913.33740234375,4607.42041015625
2308.png,0,0,0,0.00850051362067461,2440.783935546875,3131.1787109375,2487.578369140625,3167.335693359375
2308.png,0,0,0,0.008499529212713242,6167.140625,4197.25927734375,6205.29541015625,4233.25927734375
2308.png,0,0,0,0.008471793495118618,5803.49853515625,1963.666748046875,5842.01025390625,2056.668212890625
2308.png,0,0,0,0.00842867698520422,3067.73779296875,4847.2744140625,3106.791015625,4876.80419921875
2308.png,0,0,0,0.008359840139746666,5904.12451171875,3500.490478515625,5988.9833984375,3543.675537109375
2308.png,0,0,0,0.008253155276179314,6412.865234375,5391.7021484375,6474.25390625,5422.208984375
2308.png,0,0,0,0.008237063884735107,6135.93701171875,4917.205078125,6168.525390625,4970.88525390625
2308.png,0,0,0,0.008213793858885765,6766.1650390625,2329.944580078125,6844.14794921875,2441.193359375
2308.png,0,0,0,0.008210597559809685,828.18994140625,2766.21044921875,855.6322021484375,2804.4580078125
2308.png,0,0,0,0.008202793076634407,5804.02587890625,3185.348876953125,5845.96923828125,3231.980712890625
2308.png,0,0,0,0.008179986849427223,5884.49072265625,261.1155700683594,6017.21484375,349.1053466796875
2308.png,0,0,0,0.008151154965162277,5961.09716796875,4121.17626953125,5988.591796875,4148.5107421875
2308.png,0,0,0,0.008149554952979088,4475.2919921875,128.82443237304688,4547.7119140625,184.685302734375
2308.png,0,0,0,0.008147435262799263,3357.299072265625,3394.93701171875,3382.01611328125,3435.0498046875
2308.png,0,0,0,0.008126619271934032,7113.92822265625,2217.251708984375,7163.94677734375,2287.922119140625
2308.png,0,0,0,0.008113637566566467,4722.919921875,4561.91650390625,4760.30859375,4605.412109375
2308.png,0,0,0,0.008054581470787525,6615.9052734375,327.27227783203125,6673.25,409.7215270996094
2308.png,0,0,0,0.008040622808039188,2383.091552734375,4758.8369140625,2419.35986328125,4795.87744140625
2308.png,0,0,0,0.008031121455132961,6411.79638671875,215.10678100585938,6469.39404296875,288.1992492675781
2308.png,0,0,0,0.008027459494769573,1007.421875,4941.291015625,1063.2799072265625,4980.69482421875
2308.png,0,0,0,0.008020449429750443,1661.2796630859375,3263.7822265625,1695.279296875,3321.58740234375
2308.png,0,0,0,0.007953310385346413,1011.23828125,4960.1376953125,1074.0040283203125,5032.23046875
2308.png,0,0,0,0.007952057756483555,2819.429931640625,4581.16650390625,2869.873291015625,4631.77783203125
2308.png,0,0,0,0.007949771359562874,1175.9849853515625,5382.36865234375,1251.0123291015625,5421.96630859375
2308.png,0,0,0,0.007909038104116917,4446.81982421875,164.97897338867188,4486.68408203125,259.1717834472656
2308.png,0,0,0,0.00784098170697689,6348.265625,1876.408447265625,6402.64794921875,1964.802734375
2308.png,0,0,0,0.007808714173734188,3281.4208984375,4846.544921875,3324.99365234375,4880.962890625
2308.png,0,0,0,0.0077945776283741,5283.49658203125,2508.105712890625,5358.00048828125,2543.821533203125
2308.png,0,0,0,0.007788687013089657,4694.13134765625,4941.19482421875,4728.12548828125,4972.34912109375
2308.png,0,0,0,0.007782892324030399,6202.87548828125,3680.35693359375,6258.7197265625,3721.176025390625
2308.png,0,0,0,0.007773680612444878,6202.974609375,2864.344482421875,6258.59619140625,2892.33740234375
2308.png,0,0,0,0.007751765660941601,3877.56396484375,3944.459716796875,3917.205322265625,3970.873046875
2308.png,0,0,0,0.0077337846159935,6648.9833984375,3038.730712890625,6708.974609375,3077.7490234375
2308.png,0,0,0,0.007730799727141857,3712.594970703125,4283.17822265625,3769.58251953125,4324.91064453125
2308.png,0,0,0,0.0077300723642110825,852.1881103515625,4761.13818359375,956.1494140625,4793.16455078125
2308.png,0,0,0,0.007727573625743389,4691.935546875,3103.893798828125,4727.7626953125,3143.29345703125
2308.png,0,0,0,0.007719358894973993,4092.417236328125,5106.5927734375,4130.62744140625,5143.49169921875
2308.png,0,0,0,0.007704999763518572,6151.70703125,4490.62060546875,6217.521484375,4515.265625
2308.png,0,0,0,0.007667975500226021,6329.24609375,4152.06787109375,6356.87255859375,4221.53369140625
2308.png,0,0,0,0.007651896681636572,4268.45068359375,5121.26806640625,4310.396484375,5182.0
2308.png,0,0,0,0.00763922743499279,6356.369140625,2172.637451171875,6438.8271484375,2252.232177734375
2308.png,0,0,0,0.007472742814570665,5967.513671875,2608.528564453125,5996.64794921875,2690.43994140625
2308.png,0,0,0,0.007455631624907255,6523.03125,2597.51123046875,6576.43798828125,2681.111083984375
2308.png,0,0,0,0.007424329873174429,6258.341796875,2234.058349609375,6349.80712890625,2287.31103515625
2308.png,0,0,0,0.007415540050715208,6959.4765625,701.6536254882812,7033.109375,776.5787353515625
2308.png,0,0,0,0.007410740479826927,4445.22119140625,795.8309326171875,4464.28271484375,845.4176635742188
2308.png,0,0,0,0.007403564639389515,5424.94775390625,4782.5283203125,5451.26318359375,4851.7294921875
2308.png,0,0,0,0.007387438789010048,3376.66064453125,4577.345703125,3426.516357421875,4623.546875
2308.png,0,0,0,0.007372099906206131,1787.63427734375,4940.8095703125,1846.9761962890625,4971.78076171875
2308.png,0,0,0,0.007359691429883242,5267.84326171875,217.70193481445312,5337.01123046875,304.6516418457031
2308.png,0,0,0,0.007344049401581287,5755.81787109375,240.25660705566406,5814.4755859375,349.35443115234375
2308.png,0,0,0,0.007334066554903984,4312.0498046875,348.6225891113281,4367.63037109375,390.0999450683594
2308.png,0,0,0,0.0072694746777415276,6770.54248046875,2760.752685546875,6805.685546875,2814.24609375
2308.png,0,0,0,0.007268834393471479,6168.3662109375,2850.755615234375,6218.953125,2892.6416015625
2308.png,0,0,0,0.0072652362287044525,5177.84716796875,3320.420166015625,5265.17626953125,3358.822021484375
2308.png,0,0,0,0.007245491724461317,5624.41748046875,232.5694580078125,5676.59619140625,333.9500732421875
2308.png,0,0,0,0.007201365660876036,5884.29541015625,4830.443359375,5899.77587890625,4870.310546875
2308.png,0,0,0,0.007189143914729357,4633.11767578125,3094.33056640625,4669.76025390625,3144.87353515625
2308.png,0,0,0,0.007186383940279484,5988.13427734375,2769.520263671875,6037.27734375,2814.266357421875
2308.png,0,0,0,0.00717011047527194,6340.19287109375,3128.970458984375,6374.27783203125,3163.116943359375
2308.png,0,0,0,0.0071607171557843685,6498.9375,3140.45068359375,6554.8916015625,3192.374755859375
2308.png,0,0,0,0.007157351355999708,5942.74658203125,2418.146484375,5988.35400390625,2481.326171875
2308.png,0,0,0,0.007157104089856148,3735.450927734375,5375.9140625,3795.583740234375,5414.279296875
2308.png,0,0,0,0.007153005339205265,584.8131713867188,4849.60009765625,679.96533203125,4869.35595703125
2308.png,0,0,0,0.007126279175281525,6074.90283203125,2557.069091796875,6113.43408203125,2621.350830078125
2308.png,0,0,0,0.0070675089955329895,5177.6572265625,104.39427185058594,5240.27294921875,180.5011444091797
2308.png,0,0,0,0.007053019944578409,5979.33203125,4999.71728515625,6007.4150390625,5063.50634765625
2308.png,0,0,0,0.00702597014605999,6517.24267578125,2120.7919921875,6569.71484375,2178.394287109375
2308.png,0,0,0,0.007024555932730436,50.721656799316406,3050.054931640625,142.7205352783203,3075.839111328125
2308.png,0,0,0,0.007005287799984217,2373.185302734375,3557.1083984375,2397.82568359375,3607.58837890625
2308.png,0,0,0,0.006990476977080107,3639.63916015625,4713.2822265625,3682.878662109375,4767.8408203125
2308.png,0,0,0,0.006969138979911804,6282.2060546875,5031.15869140625,6361.09423828125,5062.6025390625
2308.png,0,0,0,0.006955563556402922,4725.91259765625,77.48706817626953,4769.904296875,150.82591247558594
2308.png,0,0,0,0.006928279995918274,872.1470947265625,4580.81787109375,946.505615234375,4623.35595703125
2308.png,0,0,0,0.006916914600878954,4704.99609375,2951.202392578125,4728.37548828125,2990.9443359375
2308.png,0,0,0,0.006910530384629965,6596.48681640625,3950.725341796875,6651.08349609375,4018.7685546875
2308.png,0,0,0,0.006905090529471636,3512.19677734375,4669.2607421875,3557.0595703125,4704.7373046875
2308.png,0,0,0,0.006876661442220211,1741.16650390625,5001.06103515625,1785.6329345703125,5052.6337890625
2308.png,0,0,0,0.0068373894318938255,1871.971435546875,3758.140869140625,1936.08935546875,3794.528564453125
2308.png,0,0,0,0.006820720620453358,7128.75439453125,595.0025024414062,7196.20654296875,701.7097778320312
2308.png,0,0,0,0.006819050759077072,4582.52001953125,2827.14404296875,4637.765625,2871.73828125
2308.png,0,0,0,0.0068008326925337315,2280.333740234375,4703.05029296875,2319.397216796875,4763.10791015625
2308.png,0,0,0,0.006780875846743584,1429.5042724609375,4851.1748046875,1489.1915283203125,4922.03369140625
2308.png,0,0,0,0.006764389108866453,1215.041748046875,2466.433837890625,1251.431396484375,2513.134521484375
2308.png,0,0,0,0.006748549174517393,4726.072265625,81.14149475097656,4764.34814453125,169.63494873046875
2308.png,0,0,0,0.006736931391060352,6026.62841796875,2229.33642578125,6113.37353515625,2280.4462890625
2308.png,0,0,0,0.006730377208441496,1829.35791015625,4387.857421875,1857.703369140625,4424.48974609375
2308.png,0,0,0,0.0067191277630627155,5716.67724609375,2311.21484375,5755.0966796875,2362.424560546875
2308.png,0,0,0,0.006716057192534208,5805.76171875,1995.0738525390625,5847.98876953125,2085.5517578125
2308.png,0,0,0,0.006703342776745558,1035.4569091796875,2502.9912109375,1107.6060791015625,2548.24560546875
2308.png,0,0,0,0.0067025707103312016,5267.537109375,2503.43359375,5325.40380859375,2533.2265625
2308.png,0,0,0,0.006698447745293379,4270.1416015625,5133.650390625,4299.94775390625,5211.87548828125
2308.png,0,0,0,0.006694705691188574,3632.406982421875,60.038429260253906,3656.19580078125,105.46525573730469
2308.png,0,0,0,0.006694660987704992,3375.722900390625,4465.24755859375,3418.4326171875,4510.0546875
2308.png,0,0,0,0.006694052834063768,2184.250244140625,4771.62646484375,2239.88232421875,4851.60205078125
2308.png,0,0,0,0.006691852118819952,1824.378173828125,4102.509765625,1850.253662109375,4148.4775390625
2308.png,0,0,0,0.006677562836557627,5349.37158203125,2406.14208984375,5363.90576171875,2473.74560546875
2308.png,0,0,0,0.00667389202862978,4906.1279296875,239.2386016845703,4948.47314453125,317.2165222167969
2308.png,0,0,0,0.006666160654276609,1735.679443359375,5088.876953125,1760.6168212890625,5129.90625
2308.png,0,0,0,0.006651205010712147,4458.01513671875,1156.19189453125,4547.90283203125,1203.9786376953125
2308.png,0,0,0,0.006634347140789032,6773.919921875,2797.467529296875,6818.3212890625,2871.1552734375
2308.png,0,0,0,0.0066133844666182995,4004.8271484375,4301.2861328125,4047.226318359375,4339.86767578125
2308.png,0,0,0,0.006612019147723913,2447.886474609375,2936.6611328125,2476.703125,2980.472900390625
2308.png,0,0,0,0.006604311987757683,4535.60302734375,4844.9130859375,4565.6201171875,4877.16552734375
2308.png,0,0,0,0.006597995758056641,5690.2666015625,885.8287963867188,5748.54296875,961.618896484375
2308.png,0,0,0,0.006586185656487942,5499.73974609375,262.9453430175781,5564.81787109375,373.0083312988281
2308.png,0,0,0,0.0065549458377063274,4900.18310546875,4987.8564453125,4944.77880859375,5033.3681640625
2308.png,0,0,0,0.006552810315042734,6341.439453125,4805.16650390625,6382.9248046875,4855.09814453125
2308.png,0,0,0,0.006551807280629873,919.9176635742188,5029.2021484375,965.731689453125,5058.1748046875
2308.png,0,0,0,0.0065490673296153545,4327.9580078125,3574.097900390625,4369.52197265625,3604.885009765625
2308.png,0,0,0,0.0065328339114785194,6165.837890625,4021.338623046875,6208.7138671875,4055.569091796875
2308.png,0,0,0,0.006529544945806265,3172.494140625,4761.16845703125,3216.3251953125,4836.37744140625
2308.png,0,0,0,0.0065223113633692265,5896.4833984375,247.802001953125,5995.9169921875,348.9986877441406
2308.png,0,0,0,0.006509855855256319,6617.48828125,2488.04638671875,6658.9599609375,2572.682861328125
2308.png,0,0,0,0.006494989152997732,6165.03125,2636.967041015625,6204.56298828125,2698.53564453125
2308.png,0,0,0,0.006488143932074308,6959.419921875,3860.860107421875,7091.1328125,3951.06201171875
2308.png,0,0,0,0.006472290493547916,1621.6663818359375,5030.18115234375,1666.039794921875,5082.962890625
2308.png,0,0,0,0.006461098324507475,4180.4453125,3465.301025390625,4222.7099609375,3508.477783203125
2308.png,0,0,0,0.006458785850554705,1731.749755859375,4941.38720703125,1796.4608154296875,5019.634765625
2308.png,0,0,0,0.006457378156483173,6420.70556640625,4040.6240234375,6470.490234375,4090.3564453125
2308.png,0,0,0,0.0064210714772343636,6501.177734375,3152.49169921875,6552.47119140625,3230.56201171875
2308.png,0,0,0,0.006417449098080397,5957.564453125,5211.59423828125,6053.92138671875,5262.49365234375
2308.png,0,0,0,0.00640356307849288,3452.296875,3298.96728515625,3493.90869140625,3349.515869140625
2308.png,0,0,0,0.006388995796442032,2632.467041015625,4400.54736328125,2671.09521484375,4447.99609375
2308.png,0,0,0,0.0063737244345247746,4496.14697265625,41.01398849487305,4560.7568359375,85.92593383789062
2308.png,0,0,0,0.006353083997964859,6159.2724609375,4393.75830078125,6223.11962890625,4425.32275390625
2308.png,0,0,0,0.006335114594548941,1691.756591796875,2510.11181640625,1771.9422607421875,2588.05029296875
2308.png,0,0,0,0.0063217319548130035,6433.83056640625,3587.473876953125,6479.56201171875,3617.006591796875
2308.png,0,0,0,0.006287372671067715,3373.802734375,3306.627197265625,3406.449462890625,3362.266845703125
2308.png,0,0,0,0.006282852031290531,5622.474609375,250.585205078125,5676.0166015625,354.4828186035156
2308.png,0,0,0,0.006282586604356766,6670.80908203125,506.152099609375,6742.85888671875,606.0354614257812
2308.png,0,0,0,0.006271254271268845,323.3207702636719,4848.31103515625,405.5041198730469,4879.4228515625
2308.png,0,0,0,0.0062569621950387955,6422.98779296875,4070.554931640625,6464.369140625,4132.322265625
2308.png,0,0,0,0.0062499986961483955,5508.99658203125,933.91650390625,5569.57177734375,1034.2032470703125
2308.png,0,0,0,0.00623949384316802,6330.630859375,4007.984375,6350.26611328125,4051.592041015625
2308.png,0,0,0,0.006193347740918398,6835.95703125,252.59414672851562,6895.40283203125,350.72412109375
2308.png,0,0,0,0.0061870114877820015,4002.6640625,4578.404296875,4075.899658203125,4601.69287109375
2308.png,0,0,0,0.006186472252011299,3721.3388671875,3927.078857421875,3765.87109375,3969.80029296875
2308.png,0,0,0,0.006171430926769972,2587.15576171875,5385.99169921875,2656.809326171875,5429.46533203125
2308.png,0,0,0,0.006164798513054848,2015.139892578125,3697.775390625,2062.4931640625,3772.0830078125
2308.png,0,0,0,0.006141712423413992,4276.85107421875,348.40191650390625,4340.77392578125,384.4490051269531
2308.png,0,0,0,0.006136765703558922,6325.25634765625,5402.76611328125,6376.87255859375,5458.0
2308.png,0,0,0,0.006133466027677059,6519.54248046875,1069.224609375,6580.79248046875,1171.459716796875
2308.png,0,0,0,0.006111035123467445,3706.4453125,4127.63818359375,3738.12158203125,4190.0517578125
2308.png,0,0,0,0.006110094022005796,728.0299682617188,2353.80712890625,767.4168701171875,2420.642333984375
2308.png,0,0,0,0.006103225983679295,6566.45166015625,3584.8623046875,6625.1318359375,3614.673828125
2308.png,0,0,0,0.006099284626543522,5896.2607421875,3537.739013671875,5942.92919921875,3592.03759765625
2308.png,0,0,0,0.006099094171077013,1959.991455078125,5300.26904296875,2026.24560546875,5322.65771484375
2308.png,0,0,0,0.006093491800129414,2913.56298828125,4363.54345703125,2952.422607421875,4414.86279296875
2308.png,0,0,0,0.006071795709431171,5030.4228515625,775.089599609375,5087.93212890625,814.7186889648438
2308.png,0,0,0,0.006065586116164923,1713.9259033203125,2517.5517578125,1775.0286865234375,2600.3134765625
2308.png,0,0,0,0.006059152539819479,1395.53857421875,3676.050537109375,1481.898681640625,3708.485107421875
2308.png,0,0,0,0.006031632423400879,5717.46826171875,4108.48828125,5755.474609375,4140.95263671875
2308.png,0,0,0,0.006029114127159119,5504.51416015625,4649.8134765625,5540.98974609375,4686.5283203125
2308.png,0,0,0,0.006026323419064283,4706.96484375,1157.0335693359375,4768.29150390625,1185.5101318359375
2308.png,0,0,0,0.006012864876538515,5640.57568359375,3100.4501953125,5718.20947265625,3151.364990234375
2308.png,0,0,0,0.005991991609334946,1288.892822265625,2149.451416015625,1333.0982666015625,2186.78125
2308.png,0,0,0,0.005984027869999409,6166.6923828125,436.8414001464844,6209.15234375,554.8233642578125
2308.png,0,0,0,0.005975969601422548,2393.74609375,4775.67919921875,2476.938720703125,4852.04638671875
2308.png,0,0,0,0.005972092971205711,6053.37646484375,2509.08447265625,6086.3603515625,2603.310791015625
2308.png,0,0,0,0.005971139296889305,313.4836730957031,2858.196533203125,361.9576416015625,2879.935546875
2308.png,0,0,0,0.005962747149169445,1988.4852294921875,5167.00439453125,2026.678466796875,5215.78759765625
2308.png,0,0,0,0.005960401613265276,6617.7119140625,2417.37548828125,6679.0498046875,2501.326904296875
2308.png,0,0,0,0.005951751954853535,5767.11767578125,4204.189453125,5808.44384765625,4244.1103515625
2308.png,0,0,0,0.00593169592320919,4450.53076171875,1155.0972900390625,4495.81201171875,1193.450927734375
2308.png,0,0,0,0.005907020997256041,3334.980224609375,888.0421142578125,3376.917724609375,916.7058715820312
2308.png,0,0,0,0.005900475662201643,4177.466796875,756.1737670898438,4193.322265625,805.8692016601562
2308.png,0,0,0,0.005900084041059017,5986.74658203125,1879.623046875,6041.06005859375,1994.4637451171875
2308.png,0,0,0,0.005894051399081945,6331.263671875,178.99075317382812,6392.74853515625,274.6839294433594
2308.png,0,0,0,0.005889432039111853,6180.23779296875,438.64337158203125,6258.61376953125,546.100341796875
2308.png,0,0,0,0.005867128726094961,6347.2109375,2149.4638671875,6423.513671875,2236.712890625
2308.png,0,0,0,0.005857569631189108,1999.916748046875,3481.729248046875,2029.2781982421875,3514.9921875
2308.png,0,0,0,0.005851458292454481,5935.30615234375,4756.259765625,5989.23193359375,4783.53076171875
2308.png,0,0,0,0.005840611644089222,3185.950927734375,2577.957763671875,3203.853515625,2610.756591796875
2308.png,0,0,0,0.005840065889060497,2745.52978515625,4279.984375,2783.736328125,4327.4951171875
2308.png,0,0,0,0.0058349245227873325,3904.77490234375,5391.259765625,3951.888427734375,5447.41845703125
2308.png,0,0,0,0.005824801046401262,5687.251953125,1381.993408203125,5718.98193359375,1450.052734375
2308.png,0,0,0,0.00580625468865037,5893.2724609375,2030.7576904296875,5933.39208984375,2134.156005859375
2308.png,0,0,0,0.005801352206617594,6290.8408203125,2226.4345703125,6376.48046875,2284.4833984375
2308.png,0,0,0,0.005800312384963036,5701.69189453125,4851.11328125,5742.4423828125,4905.36962890625
2308.png,0,0,0,0.005799289792776108,1484.9964599609375,3500.098876953125,1587.8094482421875,3540.70361328125
2308.png,0,0,0,0.00579309556633234,5969.95263671875,5211.41162109375,6102.63134765625,5268.3623046875
2308.png,0,0,0,0.00579032814130187,6258.37646484375,2958.663818359375,6326.4990234375,2997.876708984375
2308.png,0,0,0,0.005789192393422127,3460.7431640625,3126.718994140625,3497.20654296875,3164.2705078125
2308.png,0,0,0,0.00578820426017046,1214.06982421875,3426.341796875,1267.9454345703125,3501.3857421875
2308.png,0,0,0,0.005776487290859222,5866.68896484375,1492.3968505859375,5930.0166015625,1550.2362060546875
2308.png,0,0,0,0.005739365704357624,5920.6572265625,1951.89453125,5994.630859375,2087.10546875
2308.png,0,0,0,0.005699461791664362,4003.78271484375,4579.93603515625,4098.18701171875,4612.99169921875
2308.png,0,0,0,0.005691233556717634,4611.93115234375,3310.257568359375,4638.57958984375,3345.0849609375
2308.png,0,0,0,0.005676677916198969,5872.59130859375,4671.0107421875,5913.49853515625,4748.556640625
2308.png,0,0,0,0.005674049723893404,1731.0106201171875,4480.95263671875,1763.076904296875,4513.3759765625
2308.png,0,0,0,0.00567200779914856,5962.6337890625,2054.494384765625,6004.91748046875,2150.60107421875
2308.png,0,0,0,0.005659283138811588,5816.42578125,2780.187255859375,5912.8154296875,2823.110107421875
2308.png,0,0,0,0.0056568714790046215,6245.48095703125,3197.3017578125,6273.4375,3250.8720703125
2308.png,0,0,0,0.005654956679791212,2973.488525390625,4671.08154296875,3017.5654296875,4709.814453125
2308.png,0,0,0,0.005648077931255102,5061.62109375,237.95567321777344,5122.48779296875,315.5841369628906
2308.png,0,0,0,0.005633154418319464,3633.424072265625,4657.15625,3682.91748046875,4696.9609375
2308.png,0,0,0,0.005619279574602842,1206.6046142578125,3308.728271484375,1272.95947265625,3333.568359375
2308.png,0,0,0,0.005612763576209545,6750.27734375,397.01220703125,6806.75634765625,496.8571472167969
2308.png,0,0,0,0.005603236146271229,3085.554443359375,4036.483154296875,3108.818359375,4073.14697265625
2308.png,0,0,0,0.005595095921307802,31.01067543029785,1576.2515869140625,48.1099739074707,1632.001708984375
2308.png,0,0,0,0.005594056099653244,6168.3564453125,3679.58984375,6229.4814453125,3719.7177734375
2308.png,0,0,0,0.005592051427811384,5977.36083984375,4577.44677734375,6030.91064453125,4608.59521484375
2308.png,0,0,0,0.005591011606156826,5877.36572265625,1967.13525390625,5909.64599609375,2075.8798828125
2308.png,0,0,1,0.005589917302131653,6131.50048828125,478.3875427246094,6216.205078125,505.8187255859375
2384.png,0,0,0,0.070524200797081,42.77125930786133,1134.55810546875,50.40995788574219,1145.24560546875
2384.png,0,0,0,0.04580267146229744,350.764892578125,382.3007507324219,357.8124694824219,394.008544921875
2384.png,0,0,0,0.040327996015548706,189.41189575195312,20.796445846557617,196.8036346435547,29.32671546936035
2384.png,0,0,0,0.034883052110672,93.34619140625,1149.9649658203125,101.12694549560547,1159.561279296875
2384.png,0,0,0,0.03362905979156494,361.920166015625,381.9853820800781,367.9324951171875,390.4303894042969
2384.png,0,0,0,0.025659164413809776,42.694278717041016,127.57044982910156,49.56205749511719,145.13865661621094
2384.png,0,0,0,0.024457333609461784,53.570030212402344,1222.5242919921875,59.89959716796875,1240.31103515625
2384.png,0,0,0,0.022875670343637466,1221.2025146484375,655.8477172851562,1226.840576171875,663.222900390625
2384.png,0,0,0,0.02252158336341381,1183.98095703125,160.3845977783203,1189.3336181640625,168.60955810546875
2384.png,0,0,0,0.02169577032327652,145.450439453125,1100.1134033203125,153.60336303710938,1111.607666015625
2384.png,0,0,0,0.021355649456381798,1017.84326171875,1271.050048828125,1025.4268798828125,1277.94091796875
2384.png,0,0,0,0.019437553361058235,76.21443176269531,1268.5489501953125,82.61534118652344,1282.219970703125
2384.png,0,0,0,0.01934099569916725,247.19520568847656,42.318016052246094,254.3440399169922,49.729591369628906
2384.png,0,0,0,0.019151147454977036,299.46783447265625,707.3992919921875,308.4533386230469,721.8915405273438
2384.png,0,0,0,0.01720445416867733,94.11216735839844,1235.8414306640625,101.8364028930664,1246.0333251953125
2384.png,0,0,0,0.01669834367930889,207.28346252441406,1114.194091796875,213.917236328125,1124.8323974609375
2384.png,0,0,0,0.016217587515711784,43.57496643066406,1133.474365234375,59.89842224121094,1148.3970947265625
2384.png,0,0,0,0.01578972488641739,50.29621505737305,1230.676025390625,59.90127182006836,1245.6390380859375
2384.png,0,0,0,0.015596753917634487,76.95366668701172,1090.4700927734375,84.6224136352539,1104.53271484375
2384.png,0,0,0,0.015429736115038395,795.4426879882812,73.85012817382812,802.8912963867188,81.50595092773438
2384.png,0,0,0,0.015135398134589195,128.06236267089844,1201.756103515625,134.4981231689453,1210.1553955078125
2384.png,0,0,0,0.014949142001569271,135.31362915039062,1169.29345703125,145.4576416015625,1175.031494140625
2384.png,0,0,0,0.0140455961227417,143.416259765625,1030.5516357421875,149.73648071289062,1041.665283203125
2384.png,0,0,0,0.013798153959214687,1219.7569580078125,82.92675018310547,1223.723876953125,95.90860748291016
2384.png,0,0,0,0.013777225278317928,326.66741943359375,588.7239379882812,334.0816955566406,594.1752319335938
2384.png,0,0,0,0.013685731217265129,753.3436279296875,299.44293212890625,761.7413330078125,314.4020080566406
2384.png,0,0,0,0.013416125439107418,179.67147827148438,20.063901901245117,190.1923370361328,29.736299514770508
2384.png,0,0,0,0.013289215974509716,1133.659912109375,21.011960983276367,1139.215576171875,31.98959732055664
2384.png,0,0,0,0.013114327564835548,1085.942138671875,706.4816284179688,1093.4564208984375,717.1654663085938
2384.png,0,0,0,0.01310832891613245,384.09527587890625,809.6212768554688,388.4231262207031,827.0985717773438
2384.png,0,0,0,0.013051724061369896,174.94081115722656,115.8421630859375,179.83934020996094,129.1748046875
2384.png,0,0,0,0.013024933636188507,360.33538818359375,744.1655883789062,371.579833984375,749.2740478515625
2384.png,0,0,0,0.012856259942054749,123.07439422607422,535.7525024414062,128.3648223876953,545.5370483398438
2384.png,0,0,0,0.01261773519217968,46.656524658203125,126.5502700805664,59.924678802490234,145.51780700683594
2384.png,0,0,0,0.012387675233185291,1111.184814453125,50.94618225097656,1120.8712158203125,63.72503662109375
2384.png,0,0,0,0.012347282841801643,435.5911560058594,549.9699096679688,442.34564208984375,557.5479125976562
2384.png,0,0,0,0.012283493764698505,743.9149780273438,7.008945465087891,752.4171752929688,12.384430885314941
2384.png,0,0,0,0.012149208225309849,299.422119140625,703.9823608398438,304.8829650878906,727.28173828125
2384.png,0,0,0,0.011863015592098236,346.8445129394531,377.53204345703125,354.73681640625,402.1451110839844
2384.png,0,0,0,0.011847268790006638,22.183032989501953,283.724609375,28.423999786376953,299.66156005859375
2384.png,0,0,0,0.011723687872290611,42.206214904785156,1125.66650390625,46.864768981933594,1155.09423828125
2384.png,0,0,0,0.011697990819811821,772.6741333007812,569.987548828125,778.6696166992188,580.4246215820312
2384.png,0,0,0,0.011638784781098366,775.7208251953125,128.00582885742188,784.6480102539062,138.9341583251953
2384.png,0,0,0,0.011565892957150936,384.8830261230469,842.4989624023438,392.635498046875,852.0068969726562
2384.png,0,0,0,0.011432676576077938,60.76404571533203,1111.9383544921875,79.58566284179688,1127.562255859375
2384.png,0,0,0,0.011325567960739136,25.63833236694336,1219.736572265625,33.88721466064453,1234.9739990234375
2384.png,0,0,0,0.011298956349492073,119.46768951416016,1038.1607666015625,128.36802673339844,1053.3826904296875
2384.png,0,0,0,0.011202750727534294,755.1673583984375,299.9786682128906,762.2501220703125,316.5899658203125
2384.png,0,0,0,0.01113856676965952,37.5615119934082,193.52984619140625,43.17494201660156,204.48165893554688
2384.png,0,0,0,0.011132653802633286,193.12570190429688,6.725279808044434,197.1691131591797,24.4552001953125
2384.png,0,0,0,0.011054293252527714,42.429466247558594,1225.00341796875,49.34376907348633,1244.1263427734375
2384.png,0,0,0,0.010987594723701477,929.0664672851562,725.4000244140625,934.1117553710938,734.3304443359375
2384.png,0,0,0,0.010931212455034256,1325.567626953125,825.9447631835938,1333.51123046875,839.0515747070312
2384.png,0,0,0,0.010886691510677338,1115.8568115234375,765.9291381835938,1121.127685546875,779.4601440429688
2384.png,0,0,0,0.010711943730711937,881.1883544921875,915.3929443359375,893.9903564453125,922.9555053710938
2384.png,0,0,0,0.010710049420595169,882.5748901367188,915.4783935546875,898.5708618164062,922.3984375
2384.png,0,0,0,0.010635022073984146,408.69781494140625,606.1137084960938,419.4220275878906,611.0360107421875
2384.png,0,0,0,0.010244322940707207,1321.32958984375,1323.9781494140625,1326.4661865234375,1330.2987060546875
2384.png,0,0,0,0.010222665965557098,601.3610229492188,120.73149108886719,608.234619140625,134.60595703125
2384.png,0,0,0,0.010220919735729694,110.90437316894531,1092.6712646484375,118.47135925292969,1104.2369384765625
2384.png,0,0,0,0.010067017748951912,636.993408203125,23.12343978881836,643.3237915039062,33.44269561767578
2384.png,0,0,0,0.010052496567368507,210.15928649902344,467.7591552734375,216.45309448242188,475.4694519042969
2384.png,0,0,0,0.009968551807105541,411.5941162109375,860.9910278320312,419.2606201171875,874.71630859375
2384.png,0,0,0,0.009963217191398144,1000.54736328125,789.373779296875,1008.7498168945312,799.151611328125
2384.png,0,0,0,0.009834498167037964,92.40155029296875,1137.966796875,99.6788558959961,1156.5726318359375
2384.png,0,0,0,0.009825220331549644,208.14234924316406,657.8102416992188,221.11126708984375,662.4718017578125
2384.png,0,0,0,0.00981607660651207,316.0432434082031,461.9757995605469,323.7811584472656,471.2017517089844
2384.png,0,0,0,0.00970505177974701,128.32386779785156,1169.9342041015625,136.44944763183594,1177.619384765625
2384.png,0,0,0,0.009700470604002476,93.93949127197266,1255.988037109375,100.40292358398438,1269.71826171875
2384.png,0,0,0,0.009659121744334698,1303.2603759765625,92.73751068115234,1309.128662109375,98.22616577148438
2384.png,0,0,0,0.00949324294924736,760.3685302734375,162.2227020263672,767.9192504882812,173.70762634277344
2384.png,0,0,0,0.00946512259542942,193.84646606445312,56.13743209838867,199.51829528808594,69.07357788085938
2384.png,0,0,0,0.009452960453927517,470.11065673828125,637.785400390625,477.85052490234375,647.4346923828125
2384.png,0,0,0,0.009420902468264103,245.2906951904297,42.70882797241211,253.75421142578125,59.95119094848633
2384.png,0,0,0,0.00941021554172039,375.59796142578125,809.7496337890625,385.72052001953125,830.0103759765625
2384.png,0,0,0,0.009402359835803509,279.4035339355469,28.225400924682617,287.2316589355469,42.88349151611328
2384.png,0,0,0,0.009169223718345165,98.73575592041016,1137.8626708984375,111.2981948852539,1152.863525390625
2384.png,0,0,0,0.009112289175391197,320.6352233886719,703.252685546875,333.86376953125,725.4443969726562
2384.png,0,0,0,0.009107807651162148,400.4310607910156,450.66070556640625,411.19500732421875,456.5700378417969
2384.png,0,0,0,0.009086428210139275,1137.849365234375,619.1952514648438,1146.18994140625,628.2643432617188
2384.png,0,0,0,0.009037909097969532,504.3155212402344,37.78141403198242,511.4544982910156,47.17502975463867
2384.png,0,0,0,0.008981025777757168,371.0288391113281,605.3916625976562,388.2532958984375,612.781005859375
2384.png,0,0,0,0.00894411001354456,94.04532623291016,1321.1800537109375,102.01226806640625,1328.2593994140625
2384.png,0,0,0,0.00894408579915762,1118.1171875,696.3253173828125,1122.297119140625,710.2659301757812
2384.png,0,0,0,0.008911076001822948,91.28748321533203,1223.5411376953125,97.77889251708984,1245.121337890625
2384.png,0,0,0,0.008896449580788612,617.4868774414062,55.834510803222656,625.6759033203125,67.21530151367188
2384.png,0,0,0,0.008867074735462666,347.6064453125,534.8148193359375,354.6152038574219,543.2446899414062
2384.png,0,0,0,0.008844515308737755,466.28399658203125,540.935546875,475.4801330566406,556.2055053710938
2384.png,0,0,0,0.008841477334499359,415.4708251953125,809.1817016601562,421.072021484375,819.3461303710938
2384.png,0,0,0,0.008779000490903854,1168.3292236328125,222.98165893554688,1172.6622314453125,234.56387329101562
2384.png,0,0,0,0.00876557920128107,398.06756591796875,807.2840576171875,402.4289245605469,820.084228515625
2384.png,0,0,0,0.00872856006026268,127.96096801757812,996.3170166015625,135.1893768310547,1016.2435302734375
2384.png,0,0,0,0.008717348799109459,101.72306060791016,1237.1595458984375,111.24116516113281,1248.3724365234375
2384.png,0,0,0,0.008667757734656334,1352.85107421875,1084.55078125,1360.73046875,1093.591064453125
2384.png,0,0,0,0.00866319052875042,426.7230529785156,8.430061340332031,436.43878173828125,24.918561935424805
2384.png,0,0,0,0.00864618830382824,600.263671875,94.11719512939453,610.008544921875,111.8761215209961
2384.png,0,0,0,0.00863384548574686,1147.7388916015625,902.8382568359375,1155.12890625,915.64599609375
2384.png,0,0,0,0.00858202762901783,282.2914733886719,4.576294898986816,289.9155578613281,16.835552215576172
2384.png,0,0,0,0.008575300686061382,53.88094711303711,1289.7532958984375,59.913787841796875,1305.1348876953125
2384.png,0,0,0,0.008512317202985287,109.56289672851562,1086.475341796875,117.7318115234375,1098.7764892578125
2384.png,0,0,0,0.008507641032338142,176.70089721679688,1096.41650390625,184.8994140625,1120.9068603515625
2384.png,0,0,0,0.00841445755213499,1024.2249755859375,1271.3665771484375,1035.312744140625,1279.946533203125
2384.png,0,0,0,0.008401262573897839,55.04686737060547,200.89088439941406,66.36396789550781,214.0004119873047
2384.png,0,0,0,0.008337622508406639,756.1270141601562,987.9239501953125,761.834228515625,1001.3421630859375
2384.png,0,0,0,0.008336235769093037,1256.591064453125,1065.9744873046875,1264.5341796875,1081.4913330078125
2384.png,0,0,0,0.008293209597468376,603.7721557617188,98.71076202392578,613.065673828125,112.12468719482422
2384.png,0,0,0,0.008211933076381683,467.0532531738281,721.9200439453125,475.8502502441406,731.2981567382812
2384.png,0,0,0,0.008174487389624119,93.90676879882812,1307.801025390625,101.88468170166016,1313.3447265625
2384.png,0,0,0,0.008143809624016285,464.52337646484375,539.03173828125,473.0656433105469,555.2415161132812
2384.png,0,0,0,0.008126253262162209,1183.79638671875,621.2489013671875,1190.30126953125,632.4866943359375
2384.png,0,0,0,0.008081473410129547,483.78643798828125,590.0921020507812,493.3462219238281,596.7354125976562
2384.png,0,0,0,0.008057310245931149,38.727813720703125,1222.4503173828125,42.93307876586914,1240.3155517578125
2384.png,0,0,0,0.008038284257054329,485.97052001953125,56.898475646972656,493.0804443359375,66.40892791748047
2384.png,0,0,0,0.008015678264200687,40.475379943847656,1095.7294921875,49.508819580078125,1108.622314453125
2384.png,0,0,0,0.007968524470925331,315.1861267089844,839.6015625,320.332275390625,848.1923217773438
2384.png,0,0,0,0.007943673990666866,521.4904174804688,121.74299621582031,529.1138305664062,133.87698364257812
2384.png,0,0,0,0.007933150976896286,299.19378662109375,578.4544677734375,307.006103515625,590.5687255859375
2384.png,0,0,0,0.007922605611383915,312.6312255859375,795.06982421875,318.1929931640625,815.2598266601562
2384.png,0,0,0,0.007921237498521805,1050.8544921875,621.5230712890625,1057.7476806640625,628.588623046875
2384.png,0,0,0,0.0077931503765285015,209.2683563232422,5.292747974395752,214.94068908691406,24.452152252197266
2384.png,0,0,0,0.007770526688545942,75.031494140625,1223.2430419921875,83.38279724121094,1242.3248291015625
2384.png,0,0,0,0.007763510569930077,312.1511535644531,707.3865966796875,318.4331970214844,726.0830078125
2384.png,0,0,0,0.007716704159975052,369.23443603515625,590.2979125976562,385.5955810546875,596.24560546875
2384.png,0,0,0,0.007714794483035803,294.33465576171875,693.01611328125,304.45196533203125,717.2272338867188
2384.png,0,0,0,0.007707902230322361,432.6136169433594,74.19949340820312,441.8189392089844,91.36558532714844
2384.png,0,0,0,0.007679478265345097,501.5583801269531,615.5029296875,510.2598571777344,630.4591674804688
2384.png,0,0,0,0.007663981523364782,797.9132080078125,73.54302978515625,812.8621215820312,81.85806274414062
2384.png,0,0,0,0.0076314234174788,402.1227722167969,860.9082641601562,408.7528381347656,873.7838745117188
2384.png,0,0,0,0.0075939614325761795,618.9528198242188,533.1021728515625,629.822265625,543.8013916015625
2384.png,0,0,0,0.007525592111051083,208.54530334472656,281.9128723144531,215.32870483398438,288.738037109375
2384.png,0,0,0,0.007452233694493771,758.6263427734375,158.09060668945312,778.6526489257812,168.957763671875
2384.png,0,0,0,0.007413266226649284,761.5003662109375,568.6700439453125,770.2342529296875,582.0067749023438
2384.png,0,0,0,0.007405551616102457,1354.314208984375,1052.1326904296875,1361.929931640625,1061.8597412109375
2384.png,0,0,0,0.007402920164167881,1146.66064453125,879.0687866210938,1155.101318359375,887.667236328125
2384.png,0,0,0,0.007386515382677317,102.43098449707031,1291.74072265625,111.27649688720703,1297.6016845703125
2384.png,0,0,0,0.007362371310591698,732.4324951171875,554.0797119140625,744.5242919921875,563.7096557617188
2384.png,0,0,0,0.007348170038312674,742.1691284179688,8.096346855163574,761.52880859375,14.622023582458496
2384.png,0,0,0,0.0073161195032298565,1325.258544921875,830.7210083007812,1332.4267578125,848.0382080078125
2384.png,0,0,0,0.00731161143630743,75.85747528076172,1229.957275390625,82.69417572021484,1245.5028076171875
2384.png,0,0,0,0.007271398324519396,942.8552856445312,670.764404296875,949.7612915039062,680.4750366210938
2384.png,0,0,0,0.0072621009312570095,342.2197570800781,795.7147827148438,351.8117370605469,814.8892822265625
2384.png,0,0,0,0.007252505049109459,726.284423828125,76.84647369384766,744.5474853515625,89.47881317138672
2384.png,0,0,0,0.007234770338982344,127.36592102050781,999.9380493164062,133.34532165527344,1018.2101440429688
2384.png,0,0,0,0.007230956107378006,27.81268310546875,1044.33837890625,45.44538116455078,1052.8470458984375
2384.png,0,0,0,0.007223484106361866,1337.1805419921875,176.3486785888672,1343.3857421875,184.4329071044922
2384.png,0,0,0,0.0071760499849915504,41.961891174316406,311.99859619140625,49.58784866333008,320.7745666503906
2384.png,0,0,0,0.007158900145441294,776.7643432617188,978.1521606445312,784.1305541992188,988.433349609375
2384.png,0,0,0,0.00715653458610177,3.7235050201416016,211.2406768798828,9.101533889770508,218.96897888183594
2384.png,0,0,0,0.007139749359339476,1309.057861328125,637.7472534179688,1316.568115234375,646.7589111328125
2384.png,0,0,0,0.007135910913348198,33.58795928955078,281.69451904296875,42.791316986083984,290.5653381347656
2384.png,0,0,0,0.007123654242604971,464.1756896972656,417.151123046875,470.6947021484375,425.42913818359375
2384.png,0,0,0,0.00711459806188941,179.61012268066406,1095.951416015625,187.3078155517578,1116.3675537109375
2384.png,0,0,0,0.007042019162327051,162.08311462402344,142.43374633789062,169.4145050048828,155.67726135253906
2384.png,0,0,0,0.007031983695924282,22.584287643432617,1254.42724609375,28.2734432220459,1270.703125
2384.png,0,0,0,0.007019126787781715,798.3045654296875,1291.86669921875,812.890625,1298.7181396484375
2384.png,0,0,0,0.007011536043137312,318.9284973144531,697.90673828125,333.8539123535156,727.3820190429688
2384.png,0,0,0,0.0070027634501457214,982.4251708984375,689.6263427734375,990.7001953125,697.697265625
2384.png,0,0,0,0.006982352118939161,153.82972717285156,1100.0020751953125,162.58230590820312,1112.500732421875
2384.png,0,0,0,0.0069746957160532475,58.70903778076172,451.2983703613281,65.96276092529297,460.26495361328125
2384.png,0,0,0,0.006945344619452953,5.459115028381348,1325.28515625,9.719578742980957,1334.0
2384.png,0,0,0,0.006944637279957533,727.2732543945312,555.2211303710938,743.3211669921875,566.8837280273438
2384.png,0,0,0,0.006877573672682047,1019.86865234375,675.2854614257812,1035.30810546875,687.6017456054688
2384.png,0,0,0,0.006874024402350187,1034.668212890625,639.0513916015625,1042.509033203125,647.8084716796875
2384.png,0,0,0,0.006855708546936512,508.6419982910156,29.683542251586914,521.973388671875,43.3283805847168
2384.png,0,0,0,0.006844435818493366,378.6190490722656,406.41217041015625,385.4353332519531,419.2982482910156
2384.png,0,0,0,0.0068426658399403095,273.39471435546875,23.864025115966797,282.7019348144531,35.26548385620117
2384.png,0,0,0,0.006826614961028099,739.1500854492188,1286.7291259765625,744.6847534179688,1300.671142578125
2384.png,0,0,0,0.006810204591602087,724.28857421875,76.98812103271484,746.3767700195312,92.94441986083984
2384.png,0,0,0,0.006802700459957123,75.84103393554688,1017.7013549804688,83.61886596679688,1025.5081787109375
2384.png,0,0,0,0.006793736945837736,397.064697265625,844.3674926757812,402.2673645019531,852.343017578125
2384.png,0,0,0,0.006788327358663082,1068.1087646484375,1305.568359375,1074.895751953125,1314.0347900390625
2384.png,0,0,0,0.00678264582529664,873.724853515625,890.4353637695312,885.15966796875,901.37744140625
2384.png,0,0,0,0.006775312591344118,342.61993408203125,128.33384704589844,352.3245544433594,142.24990844726562
2384.png,0,0,0,0.006754506845027208,640.4996948242188,33.688072204589844,650.198974609375,45.02528762817383
2384.png,0,0,0,0.006726874969899654,434.39404296875,295.5446472167969,443.4958801269531,301.95281982421875
2384.png,0,0,0,0.006703066173940897,316.45440673828125,519.3602294921875,323.5299987792969,527.3928833007812
2384.png,0,0,0,0.006684611085802317,34.633914947509766,1120.84228515625,48.53791046142578,1151.6683349609375
2384.png,0,0,0,0.006681479979306459,726.4028930664062,684.880126953125,734.5010375976562,696.183837890625
2384.png,0,0,0,0.006632427219301462,20.09882926940918,308.7290954589844,25.723188400268555,319.2782897949219
2384.png,0,0,0,0.006621148437261581,641.6808471679688,396.19512939453125,650.4736938476562,404.30975341796875
2384.png,0,0,0,0.006555011495947838,264.0726318359375,470.0895690917969,271.5802917480469,475.3511962890625
2384.png,0,0,0,0.006549759302288294,127.61823272705078,1323.3970947265625,135.19436645507812,1328.2266845703125
2384.png,0,0,0,0.006514486391097307,709.9912719726562,104.4602279663086,717.6339111328125,116.00668334960938
2384.png,0,0,0,0.006470450200140476,1318.4444580078125,637.5504760742188,1326.22265625,646.1556396484375
2384.png,0,0,0,0.006460112985223532,992.792724609375,721.4448852539062,1001.1100463867188,731.4993896484375
2384.png,0,0,0,0.006440305151045322,143.54566955566406,1098.19384765625,150.45606994628906,1120.874755859375
2384.png,0,0,0,0.006437916308641434,657.8811645507812,84.47969055175781,664.9318237304688,99.24629211425781
2384.png,0,0,0,0.0064138201996684074,345.8581848144531,130.17794799804688,352.8515319824219,145.47726440429688
2384.png,0,0,0,0.006401518359780312,775.8229370117188,128.6553497314453,784.1260375976562,145.49844360351562
2384.png,0,0,0,0.0063744159415364265,634.4193725585938,297.2162780761719,641.9943237304688,304.34344482421875
2384.png,0,0,0,0.006317776162177324,24.65508460998535,282.2607116699219,32.55770492553711,297.992431640625
2384.png,0,0,0,0.006296451203525066,400.0695495605469,775.362548828125,406.6836242675781,792.6251831054688
2384.png,0,0,0,0.006271709222346544,418.97222900390625,470.4380187988281,427.2860412597656,477.2015686035156
2384.png,0,0,0,0.0062636430375278,641.6353149414062,396.3854675292969,658.8799438476562,406.1141357421875
2384.png,0,0,0,0.006232718005776405,829.7968139648438,87.21897888183594,837.699462890625,98.52796173095703
2384.png,0,0,0,0.006227035075426102,709.5252075195312,188.41937255859375,717.0069580078125,198.21902465820312
2384.png,0,0,0,0.006222884636372328,135.65957641601562,73.84390258789062,145.70431518554688,88.28070068359375
2384.png,0,0,0,0.0062207854352891445,6.851050853729248,1255.5157470703125,10.390868186950684,1270.2886962890625
2384.png,0,0,0,0.00621057627722621,1086.0487060546875,666.3952026367188,1094.138916015625,676.7241821289062
2384.png,0,0,0,0.0061739664524793625,719.8860473632812,823.6373291015625,727.6651611328125,835.7745361328125
2384.png,0,0,0,0.00616626488044858,1307.72607421875,887.7184448242188,1315.281494140625,898.6257934570312
2384.png,0,0,0,0.006155809853225946,125.3431167602539,1247.65380859375,134.51126098632812,1258.794677734375
2384.png,0,0,0,0.006147433537989855,74.13278198242188,621.0449829101562,79.29351043701172,630.2733764648438
2384.png,0,0,0,0.006106168497353792,246.09376525878906,828.783935546875,253.27194213867188,836.422119140625
2384.png,0,0,0,0.0060943495482206345,981.0220336914062,1282.81494140625,988.3504638671875,1293.244384765625
2384.png,0,0,0,0.006051754113286734,304.2770690917969,693.0557250976562,317.9234924316406,725.57666015625
2384.png,0,0,0,0.006045444868505001,56.64704895019531,1120.7869873046875,69.4251708984375,1142.874755859375
2384.png,0,0,0,0.006045358721166849,846.3648681640625,911.035888671875,854.9832763671875,920.146728515625
2384.png,0,0,0,0.00601500878110528,326.14825439453125,418.7984619140625,334.93115234375,423.9700012207031
2384.png,0,0,0,0.006008520722389221,1065.4691162109375,1255.505126953125,1073.3663330078125,1263.2806396484375
2384.png,0,0,0,0.006002215668559074,216.378662109375,673.7972412109375,231.39404296875,679.7545776367188
2384.png,0,0,0,0.005993218626827002,152.25347900390625,23.181835174560547,162.60008239746094,33.8671989440918
2384.png,0,0,0,0.005949774757027626,1090.0469970703125,174.55517578125,1103.760498046875,182.83692932128906
2384.png,0,0,0,0.0059343730099499226,316.5509338378906,755.2987060546875,324.0099182128906,771.4315185546875
2384.png,0,0,0,0.005912495777010918,1238.426513671875,685.807373046875,1241.8314208984375,697.1690673828125
2384.png,0,0,0,0.005894448608160019,53.252281188964844,948.1429443359375,60.01287078857422,954.8843994140625
2384.png,0,0,0,0.005892356391996145,235.07635498046875,521.7999267578125,248.15737915039062,529.4761352539062
2384.png,0,0,0,0.005876590497791767,110.68014526367188,202.62762451171875,117.50878143310547,215.48355102539062
2384.png,0,0,0,0.005858549848198891,1169.1937255859375,825.8250732421875,1175.365478515625,836.8975830078125
2384.png,0,0,0,0.005826289765536785,241.9018096923828,436.359130859375,253.7227020263672,447.6832275390625
2384.png,0,0,0,0.005808358546346426,139.66485595703125,1086.626953125,147.47470092773438,1106.563720703125
2384.png,0,0,0,0.005806158762425184,189.6439666748047,1086.643310546875,199.6673583984375,1112.4512939453125
2384.png,0,0,0,0.005793249700218439,452.95489501953125,383.2783508300781,460.1227722167969,390.2454528808594
2384.png,0,0,0,0.005783746484667063,470.1199951171875,466.63739013671875,477.9071350097656,475.9435119628906
2384.png,0,0,0,0.005782277323305607,55.34389114379883,1324.740478515625,60.5500373840332,1332.468505859375
2384.png,0,0,0,0.0057788873091340065,97.51203155517578,1257.2872314453125,111.24186706542969,1266.2330322265625
2384.png,0,0,0,0.005778586026281118,23.539907455444336,567.9692993164062,29.997575759887695,582.3390502929688
2384.png,0,0,0,0.005747801158577204,657.6110229492188,73.63917541503906,663.3811645507812,85.92939758300781
2384.png,0,0,0,0.00574155617505312,298.0202331542969,90.55233001708984,304.89410400390625,98.4275131225586
2384.png,0,0,0,0.005735756363719702,757.311279296875,164.78025817871094,767.800048828125,179.95481872558594
2384.png,0,0,0,0.005712747573852539,1098.9244384765625,809.8973388671875,1107.2591552734375,821.335693359375
2384.png,0,0,0,0.005711320322006941,495.2919616699219,57.587425231933594,506.8901062011719,68.9505386352539
2384.png,0,0,0,0.0056931390427052975,53.17753219604492,1299.298828125,59.942806243896484,1310.9892578125
2384.png,0,0,0,0.005683084949851036,1082.381591796875,8.407099723815918,1091.501220703125,20.673460006713867
2384.png,0,0,0,0.005676522850990295,436.1519775390625,601.782958984375,445.9078674316406,608.752197265625
2384.png,0,0,0,0.005674097687005997,1017.7787475585938,622.9722290039062,1026.43115234375,632.3233032226562
2384.png,0,0,0,0.00565528916195035,486.3754577636719,515.8001098632812,494.95709228515625,527.5039672851562
2384.png,0,0,0,0.005641531199216843,1137.759521484375,621.3524780273438,1155.1195068359375,631.1907958984375
2384.png,0,0,0,0.005627036094665527,1049.5855712890625,203.66668701171875,1055.90283203125,214.2556610107422
2384.png,0,0,0,0.005619538016617298,902.4357299804688,881.1109008789062,915.7090454101562,898.2012329101562
2384.png,0,0,0,0.0056137749925255775,178.55191040039062,1086.63427734375,190.47103881835938,1117.337646484375
2384.png,0,0,0,0.0056086694821715355,318.4464416503906,693.0468139648438,334.9188232421875,723.440185546875
2384.png,0,0,0,0.005603482946753502,85.12183380126953,1069.251953125,94.15791320800781,1083.0723876953125
2384.png,0,0,0,0.0055992682464420795,70.03408813476562,264.81988525390625,82.75614929199219,271.4796447753906
2384.png,0,0,0,0.005595817696303129,341.5250549316406,820.8751220703125,350.8945617675781,831.6448364257812
2384.png,0,0,0,0.0055786739103496075,1065.60302734375,890.7593994140625,1076.648193359375,905.4567260742188
2384.png,0,0,0,0.005572431720793247,660.4424438476562,366.43292236328125,676.12744140625,381.3105163574219
2384.png,0,0,0,0.005570445209741592,93.96846008300781,1270.7686767578125,100.76011657714844,1279.28466796875
2384.png,0,0,0,0.005562993697822094,126.63462829589844,1189.1983642578125,133.52760314941406,1209.4619140625
2384.png,0,0,0,0.0055603086948394775,17.017553329467773,154.52149963378906,26.72679328918457,177.16104125976562
2384.png,0,0,0,0.005539231933653355,436.922119140625,795.7177124023438,456.3494873046875,802.9949951171875
2384.png,0,0,0,0.00553636671975255,230.69650268554688,436.06622314453125,246.12696838378906,443.59185791015625
2384.png,0,0,0,0.005516136065125465,688.9891357421875,788.0106811523438,699.3682250976562,804.8635864257812
2384.png,0,0,0,0.005499748978763819,401.45172119140625,138.72581481933594,410.54193115234375,145.92276000976562
2384.png,0,0,0,0.005478645674884319,453.2769775390625,539.0238647460938,463.74420166015625,555.0
2384.png,0,0,0,0.005443517118692398,1060.70458984375,679.3333740234375,1069.8697509765625,693.2242431640625
2384.png,0,0,0,0.005421756766736507,1356.888916015625,1134.7166748046875,1365.201171875,1142.7193603515625
2384.png,0,0,0,0.005419739056378603,135.7254180908203,995.5422973632812,145.4998321533203,1014.2146606445312
2384.png,0,0,0,0.005419103428721428,416.0772705078125,755.6820068359375,423.5741882324219,769.1344604492188
2384.png,0,0,0,0.005413291044533253,362.12255859375,331.9601135253906,368.0142517089844,339.9232482910156
2384.png,0,0,0,0.0054082488641142845,419.06787109375,265.0644836425781,439.2734069824219,273.220703125
2384.png,0,0,0,0.005405566189438105,247.7072296142578,439.1016540527344,256.378662109375,453.5650939941406
2384.png,0,0,0,0.005389107391238213,647.8057250976562,8.335349082946777,660.783447265625,20.013193130493164
2384.png,0,0,0,0.0053764525800943375,264.9783935546875,710.1495361328125,284.8761291503906,716.599609375
2384.png,0,0,0,0.005353706888854504,103.48540496826172,1305.7750244140625,111.47421264648438,1311.9866943359375
2384.png,0,0,0,0.005348567850887775,8.18927001953125,1230.48388671875,15.245125770568848,1242.2586669921875
2384.png,0,0,0,0.0053415787406265736,6.360140323638916,356.0169982910156,14.820613861083984,368.1901550292969
2384.png,0,0,0,0.005339313764125109,1342.213623046875,876.2103881835938,1348.9300537109375,884.1856079101562
2384.png,0,0,0,0.005335519090294838,1002.4407348632812,787.8196411132812,1018.220703125,798.1710815429688
2384.png,0,0,0,0.005331145599484444,1354.085205078125,640.2738647460938,1360.6058349609375,647.3109130859375
2384.png,0,0,0,0.00532965874299407,104.50215148925781,1323.8385009765625,111.58799743652344,1330.4039306640625
2384.png,0,0,0,0.005317498929798603,318.4358215332031,463.8536682128906,333.70379638671875,472.6502685546875
2384.png,0,0,0,0.005303964484483004,100.7080078125,1273.6988525390625,111.2457504272461,1282.6331787109375
2384.png,0,0,0,0.005254559684544802,436.0076599121094,77.0483627319336,443.31512451171875,94.45330810546875
2384.png,0,0,0,0.005240225698798895,464.7264404296875,605.8295288085938,474.0736083984375,611.6565551757812
2384.png,0,0,0,0.005218029022216797,644.8541870117188,39.19013595581055,663.973388671875,48.53787612915039
2384.png,0,0,0,0.005212425719946623,259.5782470703125,263.1152648925781,270.5340881347656,269.2299499511719
2384.png,0,0,0,0.005205966532230377,161.2726593017578,754.2566528320312,169.28565979003906,765.8817749023438
2384.png,0,0,0,0.005202129948884249,333.18963623046875,373.9308776855469,339.9290466308594,390.0173645019531
2384.png,0,0,0,0.005191202275454998,584.298583984375,564.9664306640625,594.9993896484375,575.3496704101562
2384.png,0,0,0,0.005179054103791714,843.6696166992188,1014.50244140625,853.6381225585938,1021.031005859375
2384.png,0,0,0,0.0051757339388132095,110.50624084472656,563.4498291015625,118.13435363769531,574.420654296875
2384.png,0,0,0,0.005161574110388756,333.50537109375,815.9998168945312,340.83111572265625,830.5442504882812
2384.png,0,0,0,0.005158722400665283,1324.9422607421875,245.10235595703125,1331.3348388671875,252.0423583984375
2384.png,0,0,0,0.005147379823029041,268.1781311035156,710.0950927734375,284.7283020019531,718.0802612304688
2384.png,0,0,0,0.005134583450853825,145.42605590820312,327.3230285644531,152.67626953125,343.08209228515625
2384.png,0,0,0,0.005127237644046545,93.60049438476562,1000.9163208007812,105.28067016601562,1012.215576171875
2384.png,0,0,0,0.005121893715113401,109.7602310180664,196.74510192871094,118.63507843017578,214.13174438476562
2384.png,0,0,0,0.0051216925494372845,124.3977279663086,1324.7340087890625,145.49551391601562,1330.6905517578125
2384.png,0,0,0,0.005121361929923296,871.4481811523438,931.9093627929688,886.751953125,939.2399291992188
2384.png,0,0,0,0.005115811247378588,493.76165771484375,607.4859008789062,505.1333312988281,628.3062133789062
2384.png,0,0,0,0.005099067930132151,641.6026000976562,384.9426574707031,657.2007446289062,402.9700927734375
2384.png,0,0,0,0.005097638815641403,1323.2840576171875,961.826171875,1329.720458984375,971.4201049804688
2384.png,0,0,0,0.005082112271338701,1273.02490234375,653.0148315429688,1279.537109375,661.3588256835938
2384.png,0,0,0,0.005047142971307039,418.8216552734375,413.6192932128906,425.737060546875,424.32275390625
2384.png,0,0,0,0.005035358481109142,1303.82373046875,1018.1766967773438,1312.548095703125,1033.5863037109375
2384.png,0,0,0,0.0050262813456356525,94.07034301757812,1281.031982421875,107.21685028076172,1292.8465576171875
2384.png,0,0,0,0.005011287517845631,1081.20068359375,606.35302734375,1090.50048828125,616.4903564453125
2384.png,0,0,0,0.004997279029339552,1017.977783203125,675.757080078125,1029.0069580078125,689.212646484375
2384.png,0,0,0,0.0049934061244130135,83.86187744140625,1086.1298828125,94.12821197509766,1098.8262939453125
2384.png,0,0,0,0.004982345271855593,380.0771179199219,316.1734313964844,386.3074645996094,325.9211730957031
2384.png,0,0,0,0.004979889839887619,105.93595886230469,943.671875,112.12679290771484,953.841552734375
2384.png,0,0,0,0.004970605950802565,1251.60009765625,1066.3272705078125,1262.2933349609375,1086.7532958984375
2384.png,0,0,0,0.004938601516187191,744.2117309570312,188.2486572265625,751.867919921875,198.02536010742188
2384.png,0,0,0,0.004926272202283144,246.21151733398438,41.9207878112793,265.28369140625,51.890785217285156
2384.png,0,0,0,0.0049247462302446365,316.51934814453125,504.6929016113281,325.9478454589844,521.13232421875
2384.png,0,0,0,0.004885892383754253,1114.2384033203125,571.0845947265625,1120.9041748046875,581.4874877929688
2384.png,0,0,0,0.004885567817837,869.3848876953125,936.0860595703125,882.4249877929688,949.86328125
2384.png,0,0,0,0.004882719833403826,205.9166259765625,598.2767333984375,214.03326416015625,610.870361328125
2384.png,0,0,0,0.004876979161053896,531.5701293945312,133.16696166992188,542.9469604492188,145.9983367919922
2384.png,0,0,0,0.00487510534003377,326.0349426269531,503.40936279296875,333.697509765625,514.9620361328125
2384.png,0,0,0,0.004874873906373978,1305.9796142578125,912.8998413085938,1311.2303466796875,925.0595092773438
2384.png,0,0,0,0.0048638638108968735,308.6089172363281,314.94378662109375,316.601806640625,327.48516845703125
2384.png,0,0,0,0.004863312467932701,119.81044006347656,1086.509521484375,129.74659729003906,1098.8519287109375
2384.png,0,0,0,0.004862396512180567,102.30013275146484,999.9397583007812,111.28216552734375,1013.1401977539062
2384.png,0,0,0,0.004853975027799606,589.9165649414062,174.393798828125,598.3388671875,189.59164428710938
2384.png,0,0,0,0.0048453244380652905,36.15114212036133,1128.8243408203125,51.6928825378418,1132.775634765625
2384.png,0,0,0,0.004842881113290787,330.6999206542969,365.1895751953125,336.65374755859375,382.16571044921875
2384.png,0,0,0,0.0048378827050328255,37.81936264038086,216.83746337890625,43.981021881103516,231.05360412597656
2384.png,0,0,0,0.004833642393350601,854.3724365234375,912.5543823242188,864.3320922851562,919.7062377929688
2384.png,0,0,0,0.004818991292268038,78.27435302734375,1095.67236328125,94.12052154541016,1106.2015380859375
2384.png,0,0,0,0.004813037812709808,367.9110412597656,808.7135009765625,377.2018737792969,826.23779296875
2384.png,0,0,0,0.0048091821372509,52.77833557128906,200.46484375,77.02630615234375,214.1591033935547
2384.png,0,0,0,0.00480011198669672,1088.7608642578125,94.0932388305664,1103.791748046875,108.55296325683594
2384.png,0,0,0,0.004795911256223917,200.42503356933594,641.7046508789062,220.0308380126953,653.2425537109375
2384.png,0,0,0,0.004795155022293329,207.79269409179688,10.774646759033203,214.6577606201172,27.467817306518555
2384.png,0,0,0,0.004792084917426109,17.43284034729004,141.4876708984375,25.99209976196289,160.4920196533203
2384.png,0,0,0,0.004780042450875044,500.34039306640625,5.362857818603516,507.47015380859375,18.816408157348633
2384.png,0,0,0,0.004775170236825943,1137.793701171875,298.62640380859375,1144.486328125,306.0888977050781
2384.png,0,0,0,0.004760982934385538,965.6775512695312,1302.9200439453125,973.7376708984375,1311.693603515625
2384.png,0,0,0,0.004758699331432581,1318.2884521484375,863.5576782226562,1326.6363525390625,874.96923828125
2384.png,0,0,0,0.004740506876260042,265.2066345214844,25.269983291625977,281.4800109863281,37.92919921875
2384.png,0,0,0,0.004732782486826181,314.55230712890625,521.8584594726562,322.93804931640625,539.1373291015625
2384.png,0,0,0,0.004705124069005251,1049.6630859375,1221.022216796875,1059.71923828125,1235.0185546875
2391.png,0,0,0,0.09206247329711914,1699.958984375,2923.650146484375,1723.91943359375,2947.2958984375
2391.png,0,0,0,0.06050439551472664,1051.967041015625,802.49462890625,1105.6376953125,852.1036376953125
2391.png,0,0,0,0.0555512011051178,5667.302734375,1771.7054443359375,5702.0322265625,1792.4173583984375
2391.png,0,0,0,0.041886601597070694,1693.9554443359375,2751.346435546875,1724.23974609375,2837.49560546875
2391.png,0,0,0,0.038988251239061356,6138.14697265625,1592.1619873046875,6178.25830078125,1619.7464599609375
2391.png,0,0,0,0.03180905058979988,1515.865966796875,2917.413818359375,1547.230712890625,2944.552001953125
2391.png,0,0,0,0.030892137438058853,6304.638671875,1334.546875,6323.177734375,1394.9920654296875
2391.png,0,0,0,0.030001141130924225,910.6278686523438,3369.184326171875,930.9985961914062,3438.2685546875
2391.png,0,0,0,0.029446015134453773,4952.974609375,3281.40283203125,4994.60888671875,3300.115966796875
2391.png,0,0,0,0.028246577829122543,6051.61767578125,3599.768798828125,6091.2236328125,3640.701904296875
2391.png,0,0,0,0.025271939113736153,1635.18017578125,2914.60205078125,1680.837646484375,2945.703857421875
2391.png,0,0,0,0.02404717169702053,1512.8575439453125,5138.03955078125,1547.589111328125,5164.6484375
2391.png,0,0,0,0.021126948297023773,6465.53271484375,2397.7734375,6497.59033203125,2433.6181640625
2391.png,0,0,0,0.020819280296564102,564.5892944335938,531.1261596679688,599.2144775390625,560.4891967773438
2391.png,0,0,0,0.020727617666125298,4532.123046875,4062.510986328125,4552.6376953125,4099.6875
2391.png,0,0,0,0.020712794736027718,1078.6328125,363.79827880859375,1121.1458740234375,426.2975769042969
2391.png,0,0,0,0.020501459017395973,1828.0762939453125,4872.50634765625,1900.6141357421875,4896.4990234375
2391.png,0,0,0,0.020441774278879166,288.36541748046875,5557.0869140625,323.23114013671875,5601.81982421875
2391.png,0,0,0,0.020393839105963707,1605.98291015625,2485.40771484375,1635.59375,2514.177978515625
2391.png,0,0,0,0.020148858428001404,5865.595703125,3264.266845703125,5881.64453125,3299.774658203125
2391.png,0,0,0,0.019992521032691002,5849.5087890625,3013.126708984375,5878.83056640625,3038.67041015625
2391.png,0,0,0,0.019875692203640938,5138.11474609375,441.2138977050781,5171.41552734375,487.0206604003906
2391.png,0,0,0,0.019854098558425903,1016.5911865234375,804.0195922851562,1080.26220703125,848.349609375
2391.png,0,0,0,0.019766515120863914,797.6170043945312,354.6710205078125,840.0464477539062,389.97467041015625
2391.png,0,0,0,0.01960390992462635,5461.6171875,1248.5496826171875,5525.0283203125,1289.08984375
2391.png,0,0,0,0.019404426217079163,3117.47412109375,4695.662109375,3139.780517578125,4730.98486328125
2391.png,0,0,0,0.01932879164814949,5855.5888671875,2397.582275390625,5879.57080078125,2427.56787109375
2391.png,0,0,0,0.018873048946261406,805.8592529296875,3263.226806640625,845.3526611328125,3291.83984375
2391.png,0,0,0,0.018833516165614128,5330.03955078125,5123.62158203125,5348.509765625,5154.8359375
2391.png,0,0,0,0.018690139055252075,5945.60009765625,4417.6640625,5967.310546875,4450.98779296875
2391.png,0,0,0,0.018626743927598,4889.20166015625,3093.09521484375,4910.78515625,3123.331787109375
2391.png,0,0,0,0.018450388684868813,5943.369140625,2292.55810546875,5967.8486328125,2326.042236328125
2391.png,0,0,0,0.0182968657463789,1713.1246337890625,3056.439208984375,1753.39208984375,3105.8662109375
2391.png,0,0,0,0.0182703398168087,3545.198974609375,5834.630859375,3580.547119140625,5861.95068359375
2391.png,0,0,0,0.018195271492004395,6200.8857421875,3980.7734375,6235.43896484375,4008.700439453125
2391.png,0,0,0,0.01795894280076027,2767.519287109375,5824.98828125,2796.2998046875,5867.0234375
2391.png,0,0,0,0.01793881133198738,220.5740966796875,3633.80029296875,304.84283447265625,3650.607421875
2391.png,0,0,0,0.017840223386883736,5849.42138671875,5746.771484375,5878.65283203125,5779.6787109375
2391.png,0,0,0,0.017828069627285004,5952.32275390625,3365.768310546875,5991.66455078125,3391.846923828125
2391.png,0,0,0,0.017809418961405754,1451.865478515625,1504.78662109375,1490.7562255859375,1531.42822265625
2391.png,0,0,0,0.01774698495864868,1279.0462646484375,3570.31787109375,1315.1495361328125,3636.2333984375
2391.png,0,0,0,0.0175943560898304,659.5324096679688,1064.43017578125,695.9219360351562,1093.778076171875
2391.png,0,0,0,0.017145495861768723,1723.2989501953125,3187.45068359375,1758.4971923828125,3226.072265625
2391.png,0,0,0,0.017131421715021133,1612.7779541015625,1512.5013427734375,1637.79833984375,1536.1824951171875
2391.png,0,0,0,0.01700790412724018,3207.12890625,1947.849853515625,3226.81982421875,1973.0570068359375
2391.png,0,0,0,0.016987714916467667,891.3982543945312,4833.8896484375,928.97998046875,4879.6123046875
2391.png,0,0,0,0.016713431105017662,715.5406494140625,2305.017333984375,752.0048217773438,2327.244140625
2391.png,0,0,0,0.016701554879546165,1440.1416015625,1330.73876953125,1469.479736328125,1354.9407958984375
2391.png,0,0,0,0.016508927568793297,696.0997314453125,2662.720947265625,751.4195556640625,2700.0869140625
2391.png,0,0,0,0.01627284847199917,1634.074462890625,4340.63671875,1670.3956298828125,4372.0908203125
2391.png,0,0,0,0.0162202101200819,6978.30322265625,3016.101806640625,7040.42578125,3042.73388671875
2391.png,0,0,0,0.016191551461815834,212.4058380126953,3635.38671875,309.6103820800781,3673.05126953125
2391.png,0,0,0,0.015897726640105247,3128.142578125,4847.3037109375,3146.50537109375,4884.5693359375
2391.png,0,0,0,0.015861548483371735,4267.966796875,3981.4580078125,4287.62890625,4012.818603515625
2391.png,0,0,0,0.01581968367099762,1392.9437255859375,3442.714111328125,1458.675537109375,3470.80029296875
2391.png,0,0,0,0.01573287881910801,5987.36328125,8.401385307312012,6055.44677734375,28.797595977783203
2391.png,0,0,0,0.015668325126171112,706.8604125976562,5579.32275390625,751.8289794921875,5611.0146484375
2391.png,0,0,0,0.015393819659948349,200.8395233154297,3537.38671875,250.95941162109375,3580.39697265625
2391.png,0,0,0,0.015329002402722836,3652.78369140625,4421.60986328125,3669.97998046875,4452.02978515625
2391.png,0,0,0,0.015308057889342308,6053.54931640625,4944.79541015625,6093.70556640625,4975.23486328125
2391.png,0,0,0,0.015165145508944988,1007.4500732421875,4321.013671875,1039.998291015625,4354.13720703125
2391.png,0,0,0,0.015018599107861519,741.5509643554688,3037.591796875,773.1527709960938,3106.01953125
2391.png,0,0,0,0.014976651407778263,6222.54345703125,2013.3768310546875,6269.82421875,2053.89599609375
2391.png,0,0,0,0.014901204034686089,202.26950073242188,3705.5283203125,316.82354736328125,3729.117431640625
2391.png,0,0,0,0.014669720083475113,2694.904541015625,5450.4951171875,2734.504150390625,5512.0126953125
2391.png,0,0,0,0.014548419043421745,2342.45703125,5211.31005859375,2378.5361328125,5270.341796875
2391.png,0,0,0,0.014433770440518856,5699.5068359375,1866.47998046875,5756.36767578125,1895.572265625
2391.png,0,0,0,0.014288285747170448,662.243896484375,4694.0712890625,716.072998046875,4715.33837890625
2391.png,0,0,0,0.014240575022995472,5963.7802734375,3156.94677734375,6000.59375,3197.118896484375
2391.png,0,0,0,0.014193893410265446,1251.3070068359375,2474.807373046875,1282.074462890625,2503.767822265625
2391.png,0,0,0,0.013967178761959076,2749.88525390625,2482.93798828125,2784.70947265625,2507.009033203125
2391.png,0,0,0,0.013894647359848022,5402.111328125,799.2691040039062,5436.9287109375,826.4678955078125
2391.png,0,0,0,0.013769134879112244,740.9495849609375,3479.7802734375,782.9613647460938,3547.531494140625
2391.png,0,0,0,0.013643873855471611,5700.09375,1867.4466552734375,5803.07763671875,1929.5382080078125
2391.png,0,0,0,0.013575233519077301,5964.55712890625,877.2958984375,6004.22216796875,921.108154296875
2391.png,0,0,0,0.013562953099608421,2253.70263671875,430.5696105957031,2292.965087890625,476.64691162109375
2391.png,0,0,0,0.013487759977579117,6303.126953125,744.4356079101562,6336.84619140625,807.6095581054688
2391.png,0,0,0,0.013469498604536057,660.1355590820312,4695.44482421875,752.166015625,4732.416015625
2391.png,0,0,0,0.013395344838500023,5811.72412109375,4872.4912109375,5878.65673828125,4895.578125
2391.png,0,0,0,0.013385132886469364,3224.025146484375,4802.89306640625,3252.9638671875,4873.17626953125
2391.png,0,0,0,0.013167327269911766,306.3161926269531,2540.9833984375,341.482421875,2578.746337890625
2391.png,0,0,0,0.013103068806231022,6160.10400390625,4165.7578125,6233.8662109375,4200.56103515625
2391.png,0,0,0,0.012845420278608799,28.71414566040039,2911.42138671875,52.747127532958984,2953.13134765625
2391.png,0,0,0,0.012826562859117985,5853.8427734375,3795.198974609375,5878.68359375,3829.197998046875
2391.png,0,0,0,0.012794156558811665,154.85890197753906,1601.9696044921875,221.0157928466797,1633.4730224609375
2391.png,0,0,0,0.012765430845320225,5580.4794921875,626.397216796875,5613.712890625,652.1444091796875
2391.png,0,0,0,0.012734788469970226,1717.1234130859375,1051.3568115234375,1761.2010498046875,1080.87939453125
2391.png,0,0,0,0.012724295258522034,5878.28564453125,1614.6680908203125,5913.150390625,1691.173095703125
2391.png,0,0,0,0.012613791041076183,214.81639099121094,3810.379150390625,310.76849365234375,3839.9033203125
2391.png,0,0,0,0.01253295224159956,5878.05859375,1601.7529296875,5919.88427734375,1649.3406982421875
2391.png,0,0,0,0.012521568685770035,5683.05615234375,1497.5152587890625,5725.7236328125,1567.4552001953125
2391.png,0,0,0,0.012405299581587315,1103.742431640625,3357.436767578125,1141.6939697265625,3423.26806640625
2391.png,0,0,0,0.01240365207195282,5870.20654296875,1319.5528564453125,5910.57470703125,1357.1427001953125
2391.png,0,0,0,0.01234336569905281,5786.125,2214.364501953125,5825.64453125,2245.0205078125
2391.png,0,0,0,0.012328044511377811,1456.9669189453125,2924.562255859375,1502.5576171875,2953.445068359375
2391.png,0,0,0,0.012206102721393108,5950.6416015625,5120.4091796875,5973.43505859375,5161.97216796875
2391.png,0,0,0,0.012170938774943352,1538.53173828125,5755.86572265625,1579.1195068359375,5796.1513671875
2391.png,0,0,0,0.012149366550147533,5152.3388671875,4870.56494140625,5180.96923828125,4902.42529296875
2391.png,0,0,0,0.0120545057579875,5844.5166015625,623.0057373046875,5879.05322265625,657.9406127929688
2391.png,0,0,0,0.012043511494994164,3222.787109375,4782.2412109375,3244.5693359375,4822.6142578125
2391.png,0,0,0,0.012020345777273178,5902.05322265625,1601.9359130859375,5967.07958984375,1670.6058349609375
2391.png,0,0,0,0.01200217567384243,5850.8916015625,5391.84033203125,5878.796875,5429.873046875
2391.png,0,0,0,0.011941295117139816,1364.979248046875,3447.891357421875,1405.780517578125,3476.497802734375
2391.png,0,0,0,0.011881436221301556,1191.5697021484375,453.9686279296875,1225.70556640625,541.49169921875
2391.png,0,0,0,0.011633827351033688,1274.021240234375,3547.04931640625,1334.9390869140625,3635.464111328125
2391.png,0,0,0,0.011517336592078209,1368.003662109375,1368.2723388671875,1411.9339599609375,1426.589599609375
2391.png,0,0,0,0.011485777795314789,1969.9302978515625,3087.9658203125,1994.233642578125,3120.24169921875
2391.png,0,0,0,0.011478342115879059,3027.09716796875,697.0013427734375,3050.583740234375,736.8549194335938
2391.png,0,0,0,0.011430223472416401,4812.6611328125,3339.59814453125,4846.17529296875,3388.95751953125
2391.png,0,0,0,0.011350315995514393,6135.12841796875,580.7581176757812,6177.287109375,631.5964965820312
2391.png,0,0,0,0.011348557658493519,1634.163330078125,870.3446655273438,1675.2484130859375,921.54248046875
2391.png,0,0,0,0.01134192943572998,189.81390380859375,2382.744140625,235.95481872558594,2429.039306640625
2391.png,0,0,0,0.011244731023907661,6888.33837890625,3103.169677734375,6946.724609375,3138.394287109375
2391.png,0,0,0,0.01112343929708004,743.8358764648438,342.8365173339844,781.1171264648438,386.4169616699219
2391.png,0,0,0,0.011053860187530518,6585.38916015625,3723.7041015625,6619.40673828125,3775.3369140625
2391.png,0,0,0,0.011018454097211361,5816.330078125,1935.60107421875,5880.1396484375,2004.5576171875
2391.png,0,0,0,0.011006883345544338,6632.37548828125,4783.8662109375,6674.7060546875,4809.4453125
2391.png,0,0,0,0.010982233099639416,5573.955078125,10.555562973022461,5622.57763671875,49.5770149230957
2391.png,0,0,0,0.010928376577794552,1853.83349609375,5044.2509765625,1900.8856201171875,5072.60302734375
2391.png,0,0,0,0.010927541181445122,911.3399047851562,3373.4599609375,946.121337890625,3459.04833984375
2391.png,0,0,0,0.01090943068265915,6095.92578125,1071.7618408203125,6146.05810546875,1109.9356689453125
2391.png,0,0,0,0.010895753279328346,1290.912841796875,806.634765625,1384.8619384765625,874.1669311523438
2391.png,0,0,0,0.010884160175919533,3671.18310546875,5668.5400390625,3758.093994140625,5718.25439453125
2391.png,0,0,0,0.010813714005053043,1229.211181640625,156.0627899169922,1281.865966796875,212.94918823242188
2391.png,0,0,0,0.010785706341266632,5436.5908203125,1247.9017333984375,5508.1630859375,1271.1864013671875
2391.png,0,0,0,0.010785544291138649,1192.8792724609375,450.9246520996094,1230.103271484375,511.38031005859375
2391.png,0,0,0,0.01077275164425373,5429.85546875,1779.011474609375,5537.07568359375,1842.918212890625
2391.png,0,0,0,0.010757668875157833,1954.094482421875,2483.26220703125,1989.406005859375,2517.875244140625
2391.png,0,0,0,0.010709882713854313,1899.3656005859375,2386.52294921875,1934.5167236328125,2416.39306640625
2391.png,0,0,0,0.010593215003609657,5940.7548828125,80.6656494140625,5999.19384765625,131.4676971435547
2391.png,0,0,0,0.010588716715574265,5645.3740234375,3015.095458984375,5709.11767578125,3045.572021484375
2391.png,0,0,0,0.010540379211306572,6483.9462890625,5668.5361328125,6540.48876953125,5694.10693359375
2391.png,0,0,0,0.010518083348870277,1242.1551513671875,442.51318359375,1283.2135009765625,480.0790710449219
2391.png,0,0,0,0.010479642078280449,6343.185546875,5756.494140625,6419.98828125,5798.0908203125
2391.png,0,0,0,0.010476562194526196,5511.27197265625,97.27442932128906,5532.88916015625,150.10594177246094
2391.png,0,0,0,0.010468102991580963,545.9505615234375,3811.29443359375,603.4839477539062,3871.3759765625
2391.png,0,0,0,0.010461871512234211,6120.9111328125,889.4058837890625,6145.3740234375,934.3828735351562
2391.png,0,0,0,0.01045823935419321,732.0677490234375,2512.81103515625,754.8300170898438,2576.484619140625
2391.png,0,0,0,0.01044923160225153,1702.07666015625,2396.940673828125,1726.656982421875,2428.5205078125
2391.png,0,0,0,0.01039651408791542,3312.71044921875,1981.3572998046875,3350.50048828125,2044.834716796875
2391.png,0,0,0,0.01038111001253128,3755.67333984375,4311.56982421875,3793.408203125,4348.47119140625
2391.png,0,0,0,0.010375556536018848,799.70263671875,1422.1943359375,839.978759765625,1455.2144775390625
2391.png,0,0,0,0.010283980518579483,2779.149658203125,718.0542602539062,2812.60498046875,744.3047485351562
2391.png,0,0,0,0.010259950533509254,6673.783203125,5756.48779296875,6725.23779296875,5784.10205078125
2391.png,0,0,0,0.010219275020062923,5852.80224609375,5579.47021484375,5879.265625,5624.98681640625
2391.png,0,0,0,0.01018538512289524,186.6658172607422,57.408267974853516,256.9745178222656,123.06928253173828
2391.png,0,0,0,0.01017887331545353,733.4546508789062,3012.199462890625,756.2783203125,3069.352783203125
2391.png,0,0,0,0.010140343569219112,5890.22998046875,1867.4375,5977.42431640625,1951.2945556640625
2391.png,0,0,0,0.010133787989616394,3310.509033203125,4779.9716796875,3344.987548828125,4798.98681640625
2391.png,0,0,0,0.010132970288395882,5958.28515625,5836.25634765625,5972.048828125,5864.18603515625
2391.png,0,0,0,0.010112176649272442,6057.60595703125,4938.33984375,6143.86279296875,4977.8125
2391.png,0,0,0,0.010106182657182217,6132.2626953125,1578.72998046875,6232.23193359375,1625.184326171875
2391.png,0,0,0,0.010046439245343208,6143.50341796875,1324.72021484375,6181.1748046875,1381.8546142578125
2391.png,0,0,0,0.010036352090537548,5918.43017578125,1509.8590087890625,5967.02392578125,1540.759765625
2391.png,0,0,0,0.009976310655474663,736.0421752929688,2433.70166015625,783.7202758789062,2488.672119140625
2391.png,0,0,0,0.009939162991940975,1169.184326171875,5465.42919921875,1218.4813232421875,5515.6962890625
2391.png,0,0,0,0.009926020167768002,1213.8695068359375,1415.0650634765625,1281.813232421875,1442.2064208984375
2391.png,0,0,0,0.00991247221827507,1333.9332275390625,980.73388671875,1372.8499755859375,1007.6756591796875
2391.png,0,0,0,0.009873486123979092,3845.22314453125,5667.82861328125,3947.614990234375,5682.1875
2391.png,0,0,0,0.009872469119727612,1005.9136962890625,2466.497314453125,1031.4033203125,2506.59130859375
2391.png,0,0,0,0.00984348263591528,6280.39794921875,5048.77490234375,6337.56103515625,5091.14599609375
2391.png,0,0,0,0.009830760769546032,131.33323669433594,1676.1016845703125,161.8406219482422,1701.658203125
2391.png,0,0,0,0.009813874959945679,2149.04833984375,3270.8486328125,2186.364013671875,3309.51953125
2391.png,0,0,0,0.009793314151465893,6001.6513671875,3012.5771484375,6055.4501953125,3042.748779296875
2391.png,0,0,0,0.009779779240489006,4048.6279296875,5668.318359375,4115.00341796875,5699.12109375
2391.png,0,0,0,0.009772347286343575,745.3904418945312,3448.732421875,786.3176879882812,3500.039794921875
2391.png,0,0,0,0.00976323802024126,4438.4697265625,3435.52392578125,4464.3427734375,3474.149658203125
2391.png,0,0,0,0.009751439094543457,5872.8369140625,1866.711181640625,5934.6494140625,1903.384765625
2391.png,0,0,0,0.00970472302287817,2110.81103515625,4870.0888671875,2165.91162109375,4897.31591796875
2391.png,0,0,0,0.009633170440793037,1878.0704345703125,1310.3404541015625,1902.8115234375,1349.452392578125
2391.png,0,0,0,0.009610215201973915,480.23907470703125,601.1680908203125,523.3619995117188,650.9775390625
2391.png,0,0,0,0.009590732865035534,2381.383056640625,5206.72802734375,2431.009765625,5263.83251953125
2391.png,0,0,0,0.009584221057593822,6671.83642578125,5757.03125,6763.771484375,5804.72998046875
2391.png,0,0,0,0.009573066607117653,5789.72119140625,3128.871826171875,5822.6865234375,3193.791259765625
2391.png,0,0,0,0.009541383944451809,1722.49267578125,3204.85693359375,1758.5791015625,3282.556884765625
2391.png,0,0,0,0.009526750072836876,3064.691650390625,894.6102905273438,3138.6923828125,921.6771850585938
2391.png,0,0,0,0.00950899813324213,4906.162109375,3280.642822265625,4967.16552734375,3309.7353515625
2391.png,0,0,0,0.009503488428890705,43.95539093017578,3635.306640625,97.79401397705078,3712.18115234375
2391.png,0,0,0,0.009447884745895863,5739.48681640625,1458.810302734375,5826.86865234375,1523.6973876953125
2391.png,0,0,0,0.009445074945688248,2498.883056640625,876.5455932617188,2519.72705078125,918.1871337890625
2391.png,0,0,0,0.009422299452126026,1329.3487548828125,84.93018341064453,1371.3594970703125,125.14585876464844
2391.png,0,0,0,0.009400712326169014,5256.17041015625,5226.62060546875,5288.322265625,5293.091796875
2391.png,0,0,0,0.009379856288433075,5910.06689453125,1627.086181640625,5967.3955078125,1692.2305908203125
2391.png,0,0,0,0.009373411536216736,4110.52685546875,2655.76611328125,4145.30859375,2681.43603515625
2391.png,0,0,0,0.00935165211558342,6219.04443359375,5159.451171875,6265.54150390625,5228.34814453125
2391.png,0,0,0,0.009345178492367268,364.65106201171875,4207.8642578125,398.09967041015625,4260.92626953125
2391.png,0,0,0,0.009307215921580791,4813.10546875,3205.27001953125,4855.7080078125,3282.002197265625
2391.png,0,0,0,0.009306301362812519,3469.474853515625,717.604248046875,3582.5126953125,732.9025268554688
2391.png,0,0,0,0.00930065382272005,480.5956726074219,4408.59375,520.7710571289062,4451.3994140625
2391.png,0,0,0,0.009294114075601101,1099.5673828125,3368.851318359375,1135.857666015625,3459.05615234375
2391.png,0,0,0,0.009290975518524647,5234.72265625,5886.49169921875,5265.9853515625,5932.0
2391.png,0,0,0,0.009269817732274532,5256.1630859375,793.6168212890625,5308.49609375,830.6370849609375
2391.png,0,0,0,0.009251590818166733,748.8182373046875,3367.85400390625,786.1207885742188,3401.20849609375
2391.png,0,0,0,0.009250576607882977,5253.26220703125,5241.61181640625,5284.4482421875,5315.45751953125
2391.png,0,0,0,0.009230309166014194,1192.7252197265625,616.4212036132812,1254.6953125,698.7920532226562
2391.png,0,0,0,0.009226929396390915,7012.48486328125,2634.17724609375,7046.111328125,2673.855712890625
2391.png,0,0,0,0.009201106615364552,914.5966186523438,4598.40185546875,930.9635009765625,4641.81005859375
2391.png,0,0,0,0.009190940298140049,877.4178466796875,4783.40576171875,928.3594970703125,4824.60302734375
2391.png,0,0,0,0.009155509993433952,1013.4728393554688,5224.94921875,1105.8489990234375,5248.63427734375
2391.png,0,0,0,0.009131476283073425,5845.9775390625,3080.31103515625,5879.17724609375,3120.17626953125
2391.png,0,0,0,0.00912498589605093,5680.24365234375,1534.9832763671875,5709.751953125,1603.6356201171875
2391.png,0,0,0,0.009114682674407959,1270.09375,3574.813232421875,1370.301513671875,3637.004638671875
2391.png,0,0,0,0.009095744229853153,5044.91943359375,95.27371215820312,5099.658203125,147.20989990234375
2391.png,0,0,0,0.009062917903065681,433.03216552734375,4606.03662109375,487.77777099609375,4635.025390625
2391.png,0,0,0,0.00905266311019659,5937.96484375,1875.345703125,6005.35888671875,1956.059814453125
2391.png,0,0,0,0.009008280001580715,6585.40478515625,3737.876953125,6620.8818359375,3812.832763671875
2391.png,0,0,0,0.009007420390844345,4274.63916015625,5705.62158203125,4315.34423828125,5758.02783203125
2391.png,0,0,0,0.009000897407531738,6135.767578125,2983.703125,6175.626953125,3032.3232421875
2391.png,0,0,0,0.008989905007183552,1633.475830078125,4354.49267578125,1669.7073974609375,4431.26513671875
2391.png,0,0,0,0.008955394849181175,5515.853515625,99.12443542480469,5543.48291015625,187.864990234375
2391.png,0,0,0,0.008955183438956738,6044.21533203125,5841.06494140625,6091.5205078125,5876.564453125
2391.png,0,0,0,0.00894351489841938,3314.97607421875,4949.99560546875,3350.5029296875,4987.18798828125
2391.png,0,0,0,0.008933739736676216,58.7968635559082,3635.281494140625,132.66615295410156,3698.333251953125
2391.png,0,0,0,0.008925898931920528,3842.74609375,5668.58154296875,3936.71826171875,5699.3896484375
2391.png,0,0,0,0.008918853476643562,1164.9259033203125,2802.027587890625,1222.0430908203125,2855.15576171875
2391.png,0,0,0,0.008916391991078854,6127.4638671875,5658.787109375,6150.91796875,5710.470703125
2391.png,0,0,0,0.00888721365481615,2733.10693359375,5451.048828125,2784.75,5505.0830078125
2391.png,0,0,0,0.00888062920421362,3827.57275390625,1771.8084716796875,3846.10693359375,1844.74560546875
2391.png,0,0,0,0.00885062851011753,1527.7840576171875,2257.532470703125,1578.8582763671875,2311.107177734375
2391.png,0,0,0,0.008823356591165066,1635.366455078125,2751.321533203125,1717.373779296875,2837.978759765625
2391.png,0,0,0,0.008805871941149235,1034.1514892578125,718.229248046875,1105.7933349609375,820.0269775390625
2391.png,0,0,0,0.008777744136750698,5774.171875,4061.394775390625,5792.505859375,4109.791015625
2391.png,0,0,0,0.008766421116888523,1950.2841796875,1049.134765625,1989.0118408203125,1091.8936767578125
2391.png,0,0,0,0.00875260028988123,653.523193359375,1066.7939453125,751.4695434570312,1103.954833984375
2391.png,0,0,0,0.008738136850297451,1759.271484375,3186.77099609375,1812.5635986328125,3224.44921875
2391.png,0,0,0,0.00870669074356556,168.48104858398438,451.9607849121094,221.80714416503906,482.2671813964844
2391.png,0,0,0,0.008704876527190208,1009.3516845703125,4598.05029296875,1048.7406005859375,4638.3203125
2391.png,0,0,0,0.008701642975211143,5788.01513671875,3099.74462890625,5821.8798828125,3132.985595703125
2391.png,0,0,0,0.008689936250448227,1283.694580078125,3547.04052734375,1370.5008544921875,3629.58984375
2391.png,0,0,0,0.008668499998748302,4550.62939453125,1138.6959228515625,4588.9794921875,1174.4178466796875
2391.png,0,0,0,0.008634605444967747,6520.83056640625,5664.75732421875,6587.15380859375,5686.83837890625
2391.png,0,0,0,0.008630535565316677,1088.3548583984375,371.3695983886719,1122.8568115234375,453.2235107421875
2391.png,0,0,0,0.008623012341558933,6046.9482421875,4872.267578125,6081.32275390625,4902.681640625
2391.png,0,0,0,0.00861005112528801,1054.45654296875,2927.431396484375,1105.069091796875,2963.59326171875
2391.png,0,0,0,0.008608932606875896,1538.7218017578125,4867.92822265625,1582.12939453125,4896.845703125
2391.png,0,0,0,0.008584718219935894,2872.9697265625,4516.3818359375,2912.343505859375,4555.6884765625
2391.png,0,0,0,0.008576560765504837,1193.0350341796875,1419.639404296875,1250.296875,1449.8333740234375
2391.png,0,0,0,0.008552619256079197,1420.8145751953125,3193.357666015625,1459.1180419921875,3265.469970703125
2391.png,0,0,0,0.008456410840153694,5695.41455078125,186.61566162109375,5733.94921875,233.37059020996094
2391.png,0,0,0,0.00843864120543003,5664.3095703125,2199.213623046875,5701.9189453125,2233.941162109375
2391.png,0,0,0,0.008438106626272202,4552.5517578125,5383.322265625,4595.31884765625,5438.533203125
2391.png,0,0,0,0.008404127322137356,2076.167236328125,2922.99609375,2115.07080078125,2950.23193359375
2391.png,0,0,0,0.00839181337505579,3221.716796875,3443.16796875,3252.761962890625,3484.183349609375
2391.png,0,0,0,0.008379078470170498,5962.55908203125,5476.41064453125,5995.43505859375,5513.18798828125
2391.png,0,0,0,0.00831958930939436,5961.88671875,9.620217323303223,6015.26708984375,31.414907455444336
2391.png,0,0,0,0.008311344310641289,6138.896484375,3360.709716796875,6179.90625,3400.52587890625
2391.png,0,0,0,0.008310090750455856,5584.888671875,2652.72802734375,5613.47705078125,2679.600341796875
2391.png,0,0,0,0.008300417102873325,872.2406616210938,4695.55615234375,928.2128295898438,4740.3408203125
2391.png,0,0,0,0.008291006088256836,5781.32861328125,1882.7449951171875,5840.1015625,1956.10498046875
2391.png,0,0,0,0.008289394900202751,3576.631591796875,516.3312377929688,3618.666748046875,557.0341186523438
2391.png,0,0,0,0.008287889882922173,2095.098388671875,2926.840576171875,2165.919677734375,2950.711669921875
2391.png,0,0,0,0.008278997614979744,6193.88916015625,5138.17041015625,6248.5888671875,5197.05859375
2391.png,0,0,0,0.008275013417005539,1007.8746337890625,5226.5166015625,1113.32177734375,5275.01123046875
2391.png,0,0,0,0.008260265924036503,5499.39111328125,1506.790283203125,5529.1025390625,1540.1109619140625
2391.png,0,0,0,0.00824143085628748,1016.0618286132812,717.8109741210938,1100.5458984375,813.5184936523438
2391.png,0,0,0,0.008221068419516087,1363.158203125,3078.6748046875,1400.7841796875,3108.939453125
2391.png,0,0,0,0.008212419226765633,5698.06298828125,3281.726318359375,5735.4716796875,3317.963134765625
2391.png,0,0,0,0.008208819665014744,5610.51025390625,1158.423583984375,5689.78076171875,1187.423828125
2391.png,0,0,0,0.00819779746234417,5957.9736328125,503.5624084472656,6004.2724609375,547.3983764648438
2391.png,0,0,0,0.008182498626410961,1775.9317626953125,670.468505859375,1812.30419921875,732.2537841796875
2391.png,0,0,0,0.00817873701453209,6032.9521484375,1122.8353271484375,6058.8544921875,1168.7108154296875
2391.png,0,0,0,0.008173687383532524,2077.3271484375,4342.42529296875,2189.197021484375,4365.02099609375
2391.png,0,0,0,0.008170262910425663,1621.798095703125,4045.941650390625,1640.1246337890625,4086.271728515625
2391.png,0,0,0,0.00816561933606863,1635.281982421875,680.5570678710938,1677.25634765625,735.0103759765625
2391.png,0,0,0,0.008145023137331009,1146.1591796875,5403.201171875,1202.3310546875,5456.85693359375
2391.png,0,0,0,0.008143436163663864,1812.12158203125,4871.271484375,1884.25146484375,4897.30615234375
2391.png,0,0,0,0.0081134382635355,5700.9111328125,1425.3917236328125,5797.05126953125,1541.41162109375
2391.png,0,0,0,0.008104770444333553,5954.0322265625,3783.67724609375,5973.18896484375,3830.91552734375
2391.png,0,0,0,0.008100677281618118,6303.90185546875,1338.79541015625,6335.322265625,1425.9110107421875
2391.png,0,0,0,0.008092880249023438,1535.634765625,5755.19677734375,1635.890625,5801.9755859375
2391.png,0,0,0,0.008079788647592068,5697.1142578125,2625.14501953125,5718.8525390625,2668.32177734375
2391.png,0,0,0,0.008059882558882236,1006.9514770507812,4565.4921875,1105.0614013671875,4617.43994140625
2391.png,0,0,0,0.008000235073268414,6035.37890625,871.99853515625,6056.91064453125,919.7777709960938
2391.png,0,0,0,0.007986407727003098,3462.097900390625,701.6907958984375,3583.1474609375,721.57861328125
2391.png,0,0,0,0.007982365787029266,5154.50146484375,5031.7861328125,5172.21484375,5067.21533203125
2391.png,0,0,0,0.007977277971804142,1876.9560546875,4148.28515625,1911.04931640625,4187.650390625
2391.png,0,0,0,0.00796753354370594,2761.114990234375,4420.37353515625,2784.977294921875,4447.7890625
2391.png,0,0,0,0.007935313507914543,826.6458740234375,3189.89306640625,867.2564697265625,3209.35595703125
2391.png,0,0,0,0.007909604348242283,1391.005615234375,327.9726867675781,1460.078857421875,370.2254333496094
2391.png,0,0,0,0.00789584219455719,6649.79345703125,2037.5096435546875,6680.45068359375,2076.210205078125
2391.png,0,0,0,0.007894662208855152,1015.39599609375,798.705810546875,1049.183349609375,895.0759887695312
2391.png,0,0,0,0.007872671820223331,180.6237335205078,3812.185302734375,236.4168243408203,3862.4013671875
2391.png,0,0,0,0.007865557447075844,820.724365234375,2981.217041015625,852.234130859375,3021.80810546875
2391.png,0,0,0,0.007831179536879063,2590.771484375,2321.667724609375,2609.531005859375,2398.437255859375
2391.png,0,0,0,0.007827963680028915,3727.7099609375,980.3779296875,3757.337890625,1004.0089111328125
2391.png,0,0,0,0.007801328785717487,5082.51904296875,3972.47314453125,5118.93212890625,4000.730712890625
2391.png,0,0,0,0.007792335934937,5324.56689453125,5393.34375,5375.18359375,5421.75244140625
2391.png,0,0,0,0.007765685208141804,6315.8076171875,5471.056640625,6355.33642578125,5502.470703125
2391.png,0,0,0,0.007731473073363304,6128.443359375,904.6715698242188,6159.16259765625,983.8040771484375
2391.png,0,0,0,0.007722015026956797,3729.582763671875,3544.771728515625,3772.332763671875,3575.021728515625
2391.png,0,0,0,0.007715503219515085,584.148681640625,4342.63720703125,677.6646728515625,4375.8046875
2391.png,0,0,0,0.007712601218372583,3403.33251953125,3521.32568359375,3441.797119140625,3552.640380859375
2391.png,0,0,0,0.0077048069797456264,1332.4775390625,537.157958984375,1370.657470703125,577.9190063476562
2391.png,0,0,0,0.007674813736230135,1541.5067138671875,2220.378662109375,1581.763671875,2253.229248046875
2391.png,0,0,0,0.007665697019547224,3549.355712890625,1676.435546875,3580.2314453125,1708.806640625
2391.png,0,0,0,0.007650531828403473,2404.27294921875,358.4453430175781,2432.519287109375,451.7542419433594
2391.png,0,0,0,0.007626643404364586,1627.44873046875,4142.82470703125,1652.31494140625,4181.56591796875
2391.png,0,0,0,0.007623771671205759,4688.009765625,3006.42626953125,4729.41357421875,3044.965087890625
2391.png,0,0,0,0.0076204207725822926,1102.1395263671875,3615.094482421875,1154.2596435546875,3646.28857421875
2391.png,0,0,0,0.007599875796586275,4614.474609375,1335.7088623046875,4644.79052734375,1364.61572265625
2391.png,0,0,0,0.0075989980250597,5784.81005859375,4872.5634765625,5819.392578125,4903.66162109375
2391.png,0,0,0,0.007591126952320337,2076.91943359375,4342.646484375,2178.572265625,4409.888671875
2391.png,0,0,0,0.007585438899695873,1526.7978515625,5757.9755859375,1572.8511962890625,5845.47705078125
2391.png,0,0,0,0.007554659619927406,2052.158447265625,2129.104736328125,2100.971435546875,2158.641845703125
2391.png,0,0,0,0.007538959383964539,148.4236297607422,1675.2623291015625,221.0479278564453,1716.4617919921875
2391.png,0,0,0,0.007524438202381134,632.48779296875,1764.6942138671875,664.185546875,1798.61376953125
2391.png,0,0,0,0.007522571831941605,220.39524841308594,4758.7548828125,257.1149597167969,4803.37255859375
2391.png,0,0,0,0.0075031062588095665,6572.265625,3545.37548828125,6618.5048828125,3582.611083984375
2391.png,0,0,0,0.0075010578148067,211.5673065185547,3545.926513671875,310.234130859375,3618.216064453125
2391.png,0,0,0,0.007476843427866697,3578.423828125,1380.661376953125,3612.417724609375,1441.0693359375
2391.png,0,0,0,0.007448979187756777,4058.659423828125,5757.02783203125,4121.564453125,5818.91552734375
2391.png,0,0,0,0.00744476355612278,5590.07861328125,74.95626068115234,5650.5634765625,134.1914825439453
2391.png,0,0,0,0.007400687783956528,2115.719482421875,5129.3984375,2165.92724609375,5162.87353515625
2391.png,0,0,0,0.007379103451967239,5790.11669921875,5746.4033203125,5834.0361328125,5781.62548828125
2391.png,0,0,0,0.0073623149655759335,16.080612182617188,210.7095947265625,51.94395065307617,282.217529296875
2391.png,0,0,0,0.007359555922448635,4974.390625,338.70709228515625,4996.1474609375,379.9564208984375
2391.png,0,0,0,0.007329610176384449,661.4702758789062,5023.904296875,696.408935546875,5067.26513671875
2391.png,0,0,0,0.0073235416784882545,6637.5849609375,4473.6826171875,6676.974609375,4525.82470703125
2391.png,0,0,0,0.007292445749044418,1632.052734375,174.36317443847656,1668.157470703125,233.8951873779297
2391.png,0,0,0,0.0072899190708994865,6302.443359375,1687.6781005859375,6350.13037109375,1719.896728515625
2391.png,0,0,0,0.007286407053470612,6938.36328125,3016.58837890625,7035.853515625,3064.07763671875
2391.png,0,0,0,0.00726833613589406,1554.526123046875,2219.23388671875,1635.4097900390625,2238.8740234375
2391.png,0,0,0,0.007263056002557278,1354.384765625,362.650390625,1425.601806640625,388.5993957519531
2391.png,0,0,0,0.007261089980602264,2654.269287109375,5899.75927734375,2696.79833984375,5932.0
2391.png,0,0,0,0.007260663900524378,5700.32958984375,2364.365234375,5740.49658203125,2404.021728515625
2391.png,0,0,0,0.007257698569446802,2747.8212890625,5400.67529296875,2784.911376953125,5478.49072265625
2391.png,0,0,0,0.00725631695240736,1016.4102172851562,362.64312744140625,1111.4359130859375,425.81524658203125
2391.png,0,0,0,0.007249930407851934,4890.38232421875,3173.136962890625,4921.6845703125,3207.487548828125
2391.png,0,0,0,0.007236924953758717,5684.3037109375,186.55685424804688,5727.79833984375,276.2609558105469
2391.png,0,0,0,0.007228368893265724,6293.634765625,5634.37451171875,6341.94091796875,5673.1884765625
2391.png,0,0,0,0.0072205341421067715,4454.884765625,5731.8671875,4496.66357421875,5761.2255859375
2391.png,0,0,0,0.007216689642518759,2522.94482421875,4873.037109375,2608.959228515625,4949.16796875
2391.png,0,0,0,0.007205673027783632,5169.22607421875,5293.4990234375,5189.22607421875,5343.5654296875
2391.png,0,0,0,0.007171464618295431,5082.935546875,802.3064575195312,5131.6552734375,875.8367919921875
2460.png,0,0,0,0.07582569122314453,60.995914459228516,368.03143310546875,69.91712951660156,376.37640380859375
2460.png,0,0,0,0.04774900898337364,997.7676391601562,283.794189453125,1008.7527465820312,295.5822448730469
2460.png,0,0,0,0.04253069683909416,813.6337890625,527.6712036132812,829.2974853515625,541.7594604492188
2460.png,0,0,0,0.04089219868183136,182.40097045898438,489.2882995605469,191.32852172851562,501.513916015625
2460.png,0,0,0,0.03647395595908165,1036.662109375,309.4996643066406,1049.12890625,319.73382568359375
2460.png,0,0,0,0.031085150316357613,988.7599487304688,283.83782958984375,999.4835205078125,297.24261474609375
2460.png,0,0,0,0.029690394178032875,637.7078247070312,8.92884349822998,649.2595825195312,14.691818237304688
2460.png,0,0,0,0.029482094570994377,843.9750366210938,62.14460754394531,856.2649536132812,79.04296112060547
2460.png,0,0,0,0.028277717530727386,1458.6541748046875,167.1324005126953,1468.4581298828125,179.06471252441406
2460.png,0,0,0,0.02664417028427124,1035.1497802734375,649.1577758789062,1050.252685546875,664.7059326171875
2460.png,0,0,0,0.025702236220240593,649.0448608398438,349.5396423339844,669.1780395507812,364.466796875
2460.png,0,0,0,0.025561388581991196,526.7257080078125,429.3511962890625,549.6563720703125,449.1946716308594
2460.png,0,0,0,0.02342407964169979,649.1594848632812,349.5267333984375,665.8042602539062,361.24530029296875
2460.png,0,0,0,0.023367663845419884,488.9048156738281,133.2534942626953,497.52777099609375,150.32504272460938
2460.png,0,0,0,0.02322835475206375,877.0834350585938,186.36949157714844,888.9935913085938,195.0553741455078
2460.png,0,0,0,0.0221460722386837,1066.6392822265625,125.35775756835938,1077.3616943359375,135.96200561523438
2460.png,0,0,0,0.021627770736813545,959.8529052734375,625.2463989257812,969.130859375,637.1917114257812
2460.png,0,0,0,0.021411098539829254,140.15524291992188,447.5004577636719,150.3249053955078,456.2271728515625
2460.png,0,0,0,0.020522544160485268,1078.044189453125,683.0958862304688,1089.0294189453125,695.007568359375
2460.png,0,0,0,0.020517034456133842,66.7939682006836,392.91094970703125,76.04756164550781,409.5715637207031
2460.png,0,0,0,0.019932471215724945,488.89892578125,129.80331420898438,497.44427490234375,147.24522399902344
2460.png,0,0,0,0.019912416115403175,539.1300659179688,509.1829833984375,549.7538452148438,521.2044067382812
2460.png,0,0,0,0.019840043038129807,728.951904296875,266.3597106933594,740.913818359375,275.6672668457031
2460.png,0,0,0,0.019788488745689392,528.9177856445312,425.80230712890625,540.1013793945312,440.2154235839844
2460.png,0,0,0,0.019625889137387276,1027.3992919921875,191.5792694091797,1037.8133544921875,209.78257751464844
2460.png,0,0,0,0.01939355954527855,808.9800415039062,527.70703125,823.9788208007812,539.2948608398438
2460.png,0,0,0,0.019285770133137703,1427.32373046875,363.9532470703125,1437.55419921875,376.1972351074219
2460.png,0,0,0,0.01921515353024006,609.0664672851562,289.1342468261719,621.2603759765625,303.7155456542969
2460.png,0,0,0,0.018942903727293015,369.409912109375,264.6678771972656,378.5833740234375,282.42449951171875
2460.png,0,0,0,0.018901556730270386,125.4560775756836,219.66297912597656,137.35031127929688,231.76202392578125
2460.png,0,0,0,0.018817894160747528,576.0679931640625,349.2283630371094,591.806640625,361.796875
2460.png,0,0,0,0.01881033182144165,571.5162353515625,465.0235900878906,589.4450073242188,481.65185546875
2460.png,0,0,0,0.017317574471235275,286.9181213378906,349.4837951660156,309.65045166015625,358.50860595703125
2460.png,0,0,0,0.01722705364227295,1107.4739990234375,704.90283203125,1117.727294921875,719.0201416015625
2460.png,0,0,0,0.01702740788459778,300.9424133300781,185.02545166015625,309.9315490722656,195.758544921875
2460.png,0,0,0,0.0165893342345953,846.1183471679688,541.999755859375,858.03759765625,564.31884765625
2460.png,0,0,0,0.016161203384399414,168.78839111328125,165.00611877441406,178.0538330078125,174.96827697753906
2460.png,0,0,0,0.016112441197037697,1241.303955078125,569.0086059570312,1254.7127685546875,583.0322265625
2460.png,0,0,0,0.01603204384446144,422.9341125488281,529.98876953125,436.32525634765625,549.3325805664062
2460.png,0,0,0,0.015979472547769547,768.4647827148438,256.7358093261719,778.3812866210938,270.5476989746094
2460.png,0,0,0,0.015604444779455662,373.79974365234375,264.5853576660156,394.28009033203125,286.5348205566406
2460.png,0,0,0,0.015486546792089939,362.75408935546875,114.47782135009766,377.39349365234375,131.36195373535156
2460.png,0,0,0,0.015073569491505623,534.460205078125,430.61553955078125,552.5846557617188,449.54754638671875
2460.png,0,0,0,0.014922652393579483,506.2900390625,249.61782836914062,530.2294921875,267.3516540527344
2460.png,0,0,0,0.014918852597475052,675.3650512695312,408.0328063964844,690.1201782226562,417.1441650390625
2460.png,0,0,0,0.014887903816998005,399.84930419921875,608.58935546875,410.0099182128906,622.0222778320312
2460.png,0,0,0,0.014529316686093807,751.119140625,429.4349670410156,769.762451171875,445.31231689453125
2460.png,0,0,0,0.014476615004241467,1132.0654296875,64.66700744628906,1148.6656494140625,76.59896850585938
2460.png,0,0,0,0.014409122057259083,309.5878601074219,480.09918212890625,319.28106689453125,495.9227294921875
2460.png,0,0,0,0.014392255805432796,360.6698913574219,448.902587890625,370.5429382324219,460.1801452636719
2460.png,0,0,0,0.014316553249955177,1276.8541259765625,205.1358642578125,1289.2169189453125,216.6618194580078
2460.png,0,0,0,0.014188183471560478,463.0665283203125,578.2601928710938,472.0133056640625,591.1598510742188
2460.png,0,0,0,0.014118755236268044,1304.9520263671875,82.67447662353516,1316.2772216796875,93.9356918334961
2460.png,0,0,0,0.01407614815980196,368.9829406738281,261.8667907714844,376.0017395019531,289.65826416015625
2460.png,0,0,0,0.014001401141285896,452.4281921386719,29.789539337158203,470.45526123046875,39.706871032714844
2460.png,0,0,0,0.013911153189837933,289.4029235839844,164.89608764648438,298.32989501953125,175.6446533203125
2460.png,0,0,0,0.013845940120518208,119.1261978149414,322.37200927734375,138.76841735839844,340.6994934082031
2460.png,0,0,0,0.013781857676804066,959.9932250976562,164.19638061523438,969.4700317382812,178.17930603027344
2460.png,0,0,0,0.013675634749233723,483.13336181640625,249.42410278320312,497.48773193359375,262.62109375
2460.png,0,0,0,0.013651440851390362,87.16461944580078,384.3559265136719,96.09837341308594,395.5214538574219
2460.png,0,0,0,0.013528833165764809,43.732574462890625,755.8499145507812,56.141151428222656,769.5772094726562
2460.png,0,0,0,0.013364369049668312,828.5045776367188,443.7761535644531,844.1063842773438,458.7962646484375
2460.png,0,0,0,0.013222473673522472,280.3020324707031,465.8487854003906,290.0744323730469,483.9555358886719
2460.png,0,0,0,0.013119629584252834,1395.3226318359375,343.347900390625,1408.25537109375,354.10699462890625
2460.png,0,0,0,0.013085950165987015,423.3313293457031,529.274169921875,438.82159423828125,544.6233520507812
2460.png,0,0,0,0.013002878054976463,803.3588256835938,215.60568237304688,815.1262817382812,230.2073211669922
2460.png,0,0,0,0.012738235294818878,1043.0736083984375,156.63246154785156,1056.2109375,170.37777709960938
2460.png,0,0,0,0.012734565883874893,1025.5098876953125,189.753173828125,1035.66748046875,206.10096740722656
2460.png,0,0,0,0.012707964517176151,528.8788452148438,421.5879821777344,546.7640380859375,449.4780578613281
2460.png,0,0,0,0.012663609348237514,1068.58056640625,684.308837890625,1079.864013671875,695.4825439453125
2460.png,0,0,0,0.01258204597979784,1464.0169677734375,265.4834289550781,1476.867431640625,280.1534118652344
2460.png,0,0,0,0.012388230301439762,309.5729064941406,468.9745178222656,322.1925964355469,489.28594970703125
2460.png,0,0,0,0.012370886281132698,1028.686279296875,306.39093017578125,1049.11328125,317.7997131347656
2460.png,0,0,0,0.012337110936641693,1388.1793212890625,343.1390686035156,1400.22900390625,354.66412353515625
2460.png,0,0,0,0.012248155660927296,700.7648315429688,603.1077880859375,710.681884765625,617.3970336914062
2460.png,0,0,0,0.012085511349141598,365.2215576171875,460.899169921875,378.7861022949219,478.20806884765625
2460.png,0,0,0,0.012079006060957909,1329.859619140625,208.9040069580078,1348.6514892578125,222.57411193847656
2460.png,0,0,0,0.012050910852849483,911.6129760742188,188.73793029785156,929.489501953125,197.0909423828125
2460.png,0,0,0,0.011955221183598042,207.50132751464844,526.5405883789062,222.823486328125,536.5829467773438
2460.png,0,0,0,0.011935614049434662,808.752685546875,343.4550476074219,819.6973876953125,358.5296936035156
2460.png,0,0,0,0.011871777474880219,828.3970336914062,447.96710205078125,855.14990234375,467.4971008300781
2460.png,0,0,0,0.011841369792819023,169.78305053710938,487.777587890625,191.19468688964844,497.6296081542969
2460.png,0,0,0,0.011761331930756569,1087.669189453125,6.924015522003174,1098.747802734375,15.312520980834961
2460.png,0,0,0,0.011667023412883282,1482.756103515625,341.2522277832031,1496.263916015625,355.1964111328125
2460.png,0,0,0,0.011606816202402115,346.0933837890625,85.88300323486328,358.5286865234375,97.00003051757812
2460.png,0,0,0,0.011490614153444767,566.2589111328125,458.8169860839844,577.68896484375,475.71759033203125
2460.png,0,0,0,0.01139820460230112,287.6036071777344,349.5375061035156,302.02587890625,360.8410339355469
2460.png,0,0,0,0.01139646302908659,607.0869750976562,289.5780029296875,629.3251342773438,309.0912170410156
2460.png,0,0,0,0.011147787794470787,648.35400390625,349.4983825683594,657.7899780273438,369.6925964355469
2460.png,0,0,0,0.011019347235560417,1186.430419921875,63.66353225708008,1197.4674072265625,78.3499984741211
2460.png,0,0,0,0.010969133116304874,1547.643310546875,293.1593933105469,1556.9400634765625,310.04669189453125
2460.png,0,0,0,0.010933401994407177,1433.2203369140625,297.0579528808594,1448.4898681640625,312.2344970703125
2460.png,0,0,0,0.010921369306743145,335.7587890625,200.27719116210938,349.9032897949219,212.67218017578125
2460.png,0,0,0,0.010919134132564068,1546.9600830078125,289.5216979980469,1559.938232421875,308.60797119140625
2460.png,0,0,0,0.01076516229659319,162.18199157714844,326.83184814453125,178.6953582763672,337.1690368652344
2460.png,0,0,0,0.01067266147583723,557.0366821289062,463.76824951171875,576.4603271484375,490.6480712890625
2460.png,0,0,0,0.010631133802235126,1207.8695068359375,129.7906951904297,1227.4627685546875,145.79945373535156
2460.png,0,0,0,0.010621031746268272,500.1649475097656,249.35081481933594,521.662109375,262.7920227050781
2460.png,0,0,0,0.010614585131406784,1077.0301513671875,746.8424072265625,1090.3594970703125,769.0516967773438
2460.png,0,0,0,0.01048143208026886,128.2130126953125,1025.51220703125,140.44581604003906,1035.9434814453125
2460.png,0,0,0,0.010460983030498028,268.845947265625,476.77490234375,280.0521545410156,499.1659851074219
2460.png,0,0,0,0.010418795049190521,908.8506469726562,427.0843811035156,934.6031494140625,440.2781677246094
2460.png,0,0,0,0.010375512763857841,730.9728393554688,267.0504455566406,749.09619140625,276.0567321777344
2460.png,0,0,0,0.010343994945287704,841.05224609375,536.5223999023438,856.6240234375,569.314208984375
2460.png,0,0,0,0.010252060368657112,329.5273742675781,186.5019989013672,339.7529296875,198.30874633789062
2460.png,0,0,0,0.010227249935269356,1207.2314453125,134.97067260742188,1217.3975830078125,150.39817810058594
2460.png,0,0,0,0.01008553896099329,97.89395141601562,313.571533203125,120.97484588623047,335.3609924316406
2460.png,0,0,0,0.01008418295532465,445.62353515625,349.4080810546875,464.4263000488281,359.9654846191406
2460.png,0,0,0,0.010052178986370564,1015.3037109375,526.9442138671875,1028.8182373046875,540.5636596679688
2460.png,0,0,0,0.01004362665116787,469.3681335449219,245.11880493164062,493.13482666015625,257.0911560058594
2460.png,0,0,0,0.010032174177467823,27.76253318786621,376.0884094238281,38.73369216918945,390.5835266113281
2460.png,0,0,0,0.010004734620451927,122.310302734375,467.92047119140625,134.18185424804688,479.7173767089844
2460.png,0,0,0,0.009941115975379944,503.4986572265625,966.427490234375,517.76806640625,976.07666015625
2460.png,0,0,0,0.009901023469865322,909.0052490234375,429.3416442871094,933.2750854492188,445.88262939453125
2460.png,0,0,0,0.009848015382885933,341.9147644042969,462.41021728515625,350.1805419921875,476.54290771484375
2460.png,0,0,0,0.009788621217012405,1448.1422119140625,166.48814392089844,1463.3326416015625,179.26702880859375
2460.png,0,0,0,0.009655951522290707,1057.119384765625,732.9209594726562,1079.1051025390625,752.4244995117188
2460.png,0,0,0,0.009596328251063824,1270.7379150390625,67.64413452148438,1288.5050048828125,81.01571655273438
2460.png,0,0,0,0.00957578420639038,189.4457244873047,586.6148071289062,204.01817321777344,595.4385986328125
2460.png,0,0,0,0.009516311809420586,876.9288940429688,594.3521118164062,890.1514892578125,610.7286987304688
2460.png,0,0,0,0.009499656967818737,329.489501953125,189.26983642578125,349.5702819824219,205.74598693847656
2460.png,0,0,0,0.009445524774491787,766.5932006835938,1068.6556396484375,790.8246459960938,1086.602294921875
2460.png,0,0,0,0.009409784339368343,171.4664764404297,987.0316162109375,189.943115234375,996.8173217773438
2460.png,0,0,0,0.009339256212115288,1496.645751953125,458.3954162597656,1516.33056640625,475.8488464355469
2460.png,0,0,0,0.009315643459558487,1061.4371337890625,728.8912353515625,1076.0548095703125,745.2681274414062
2460.png,0,0,0,0.009267764165997505,19.76361083984375,289.61358642578125,34.93246078491211,309.8114929199219
2460.png,0,0,0,0.00918506644666195,749.0473022460938,429.2811279296875,769.1324462890625,440.4845886230469
2460.png,0,0,0,0.009147446602582932,23.92377471923828,295.889404296875,37.947227478027344,310.6264343261719
2460.png,0,0,0,0.009132180362939835,1105.4520263671875,700.2112426757812,1128.964599609375,719.39404296875
2460.png,0,0,0,0.009119240567088127,447.83148193359375,169.10804748535156,462.3509521484375,179.5741424560547
2460.png,0,0,0,0.009077390655875206,1039.9656982421875,149.58860778808594,1055.2825927734375,167.89817810058594
2460.png,0,0,0,0.009056163020431995,328.7342224121094,1168.499755859375,351.58038330078125,1179.9747314453125
2460.png,0,0,0,0.009018808603286743,109.34378051757812,243.18994140625,123.08771514892578,253.63368225097656
2460.png,0,0,0,0.00898985005915165,1028.692626953125,648.8196411132812,1050.4373779296875,659.1171264648438
2460.png,0,0,0,0.008951053954660892,724.004638671875,588.646728515625,749.2184448242188,606.14013671875
2460.png,0,0,0,0.008936374448239803,820.830322265625,1064.346923828125,852.4307861328125,1072.672119140625
2460.png,0,0,0,0.008918899111449718,1267.919677734375,69.41413116455078,1283.9017333984375,83.68795776367188
2460.png,0,0,0,0.008888166397809982,241.5906219482422,95.65308380126953,250.08737182617188,110.21806335449219
2460.png,0,0,0,0.008803960867226124,807.7572631835938,343.9630432128906,828.9967041015625,362.0503234863281
2460.png,0,0,0,0.008646233007311821,821.7572631835938,1065.336669921875,847.260009765625,1074.489990234375
2460.png,0,0,0,0.008625486865639687,92.84562683105469,308.9549865722656,118.43090057373047,335.739013671875
2460.png,0,0,0,0.008619348518550396,1282.0478515625,130.56622314453125,1296.12255859375,149.9115753173828
2460.png,0,0,0,0.008586674928665161,565.449462890625,318.74664306640625,577.5877685546875,331.13555908203125
2460.png,0,0,0,0.008581651374697685,1128.5269775390625,64.94901275634766,1145.603759765625,77.03324127197266
2460.png,0,0,0,0.008523286320269108,428.2820129394531,194.283935546875,441.58026123046875,213.28648376464844
2460.png,0,0,0,0.0085183996707201,19.412126541137695,489.1520690917969,31.73479461669922,499.412353515625
2460.png,0,0,0,0.00851675309240818,188.73362731933594,587.3787841796875,209.778076171875,597.476806640625
2460.png,0,0,0,0.008508470840752125,529.2798461914062,154.2681884765625,541.199951171875,175.1126251220703
2460.png,0,0,0,0.008504468947649002,835.73291015625,49.92512893676758,852.2128295898438,86.84447479248047
2460.png,0,0,0,0.008482050150632858,58.25984191894531,371.21539306640625,71.18929290771484,393.7962341308594
2460.png,0,0,0,0.008456164039671421,768.2542114257812,1071.02783203125,788.8278198242188,1088.685302734375
2460.png,0,0,0,0.008453681133687496,1355.31884765625,328.2351379394531,1372.46044921875,340.8440246582031
2460.png,0,0,0,0.008447372354567051,1286.862060546875,126.32479858398438,1310.1522216796875,141.80552673339844
2460.png,0,0,0,0.008346052840352058,1028.4322509765625,311.8185729980469,1044.422119140625,330.3177795410156
2460.png,0,0,0,0.008341708220541477,180.5005340576172,487.76995849609375,195.7833709716797,509.37713623046875
2460.png,0,0,0,0.008339614607393742,367.9093017578125,219.0863494873047,379.7028503417969,232.4160614013672
2460.png,0,0,0,0.008320163935422897,1287.63525390625,129.33251953125,1307.4688720703125,144.4824676513672
2460.png,0,0,0,0.008254311047494411,1200.3118896484375,189.68557739257812,1216.51318359375,206.4115447998047
2460.png,0,0,0,0.008230000734329224,425.6743469238281,1068.1204833984375,449.6901550292969,1077.6236572265625
2460.png,0,0,0,0.008188661187887192,428.3380432128906,1067.7554931640625,447.66748046875,1074.997314453125
2460.png,0,0,0,0.008179310709238052,1209.0145263671875,129.64027404785156,1233.168212890625,142.76747131347656
2460.png,0,0,0,0.008163766004145145,1200.9420166015625,192.71592712402344,1216.5819091796875,210.32191467285156
2460.png,0,0,0,0.008159145712852478,1510.5299072265625,304.6385192871094,1528.1339111328125,316.0086669921875
2460.png,0,0,0,0.008100933395326138,373.85150146484375,249.6713104248047,392.96484375,280.9177551269531
2460.png,0,0,0,0.008096946403384209,338.27606201171875,8.629851341247559,350.3655700683594,22.612085342407227
2460.png,0,0,0,0.008039056323468685,1103.0430908203125,701.7110595703125,1114.6507568359375,729.0906982421875
2460.png,0,0,0,0.008030038326978683,1257.273193359375,95.09539031982422,1277.4307861328125,111.8705062866211
2460.png,0,0,0,0.007995865307748318,368.2984924316406,262.3702392578125,390.2984619140625,289.6935119628906
2460.png,0,0,0,0.007955320179462433,509.51641845703125,246.823974609375,532.3966064453125,269.66534423828125
2460.png,0,0,0,0.007951753214001656,608.8480834960938,290.7155456542969,622.0364990234375,312.20880126953125
2460.png,0,0,0,0.007951016537845135,127.78671264648438,270.396484375,137.38796997070312,290.39837646484375
2460.png,0,0,0,0.00795064028352499,21.639362335205078,369.4698791503906,39.001895904541016,391.15142822265625
2460.png,0,0,0,0.007942959666252136,998.5718383789062,69.89275360107422,1019.9967651367188,87.33123016357422
2460.png,0,0,0,0.007931886240839958,1304.2320556640625,96.11930847167969,1330.09912109375,114.94690704345703
2460.png,0,0,0,0.007925495505332947,478.4786682128906,246.8704376220703,495.78167724609375,269.6677551269531
2460.png,0,0,0,0.007909842766821384,559.9563598632812,366.68035888671875,578.6322021484375,376.700927734375
2460.png,0,0,0,0.007829801179468632,268.9462890625,467.75152587890625,282.64251708984375,492.4464111328125
2460.png,0,0,0,0.00773765379562974,447.5128173828125,349.324462890625,469.59820556640625,360.12591552734375
2460.png,0,0,0,0.007721364498138428,970.618408203125,1070.1920166015625,993.8367309570312,1088.6661376953125
2460.png,0,0,0,0.007689550518989563,1237.3570556640625,568.1146850585938,1255.5277099609375,589.3967895507812
2460.png,0,0,0,0.0076703159138560295,900.9284057617188,1066.7880859375,916.9423217773438,1082.5367431640625
2460.png,0,0,0,0.007661308627575636,1477.6590576171875,373.1076354980469,1490.9913330078125,390.0356140136719
2460.png,0,0,0,0.0076082670129835606,873.5714721679688,589.1722412109375,890.199951171875,608.3543090820312
2460.png,0,0,0,0.007593476679176092,549.2568969726562,110.02034759521484,564.4146118164062,131.0423126220703
2460.png,0,0,0,0.007588885724544525,46.003787994384766,481.4788818359375,58.95384979248047,492.662109375
2460.png,0,0,0,0.007584358099848032,843.3736572265625,544.7615356445312,868.9952392578125,566.91845703125
2460.png,0,0,0,0.007578693330287933,367.23712158203125,248.8228759765625,387.75274658203125,284.2776184082031
2460.png,0,0,0,0.007517124060541391,1023.787353515625,280.8529968261719,1038.433349609375,295.3915710449219
2460.png,0,0,0,0.00750045757740736,1303.8109130859375,88.99336242675781,1328.98046875,103.4007797241211
2460.png,0,0,0,0.007471131160855293,1326.2412109375,207.7040557861328,1337.599609375,229.7970733642578
2460.png,0,0,0,0.007458955980837345,1290.266845703125,189.5807647705078,1313.9427490234375,209.17149353027344
2460.png,0,0,0,0.007330023217946291,915.8599243164062,43.15508270263672,940.8765258789062,54.85470962524414
2460.png,0,0,0,0.007300645112991333,1092.33935546875,266.084716796875,1108.8677978515625,277.3919677734375
2460.png,0,0,0,0.007295576855540276,987.8309326171875,269.6234130859375,1001.66748046875,297.4105224609375
2460.png,0,0,0,0.00727094104513526,342.2795104980469,476.5760498046875,351.6252746582031,495.0567932128906
2460.png,0,0,0,0.007260062266141176,1031.017333984375,309.01934814453125,1050.9228515625,329.87396240234375
2460.png,0,0,0,0.0072335172444581985,117.78228759765625,209.71983337402344,132.9171142578125,229.85499572753906
2460.png,0,0,0,0.00723131513223052,549.9033203125,112.92982482910156,571.378662109375,131.65782165527344
2460.png,0,0,0,0.007201018277555704,1084.3089599609375,4.919159889221191,1108.6422119140625,16.35161781311035
2460.png,0,0,0,0.0071943700313568115,368.9229736328125,473.042236328125,379.2375183105469,490.8344421386719
2460.png,0,0,0,0.007188735529780388,488.3951721191406,129.5184783935547,509.5445556640625,145.04957580566406
2460.png,0,0,0,0.007156497798860073,954.2816162109375,1167.415771484375,977.5020751953125,1178.349609375
2460.png,0,0,0,0.007154762279242277,501.125,81.37259674072266,518.6691284179688,93.68927764892578
2460.png,0,0,0,0.007154241669923067,420.0666198730469,529.1416015625,449.6028747558594,544.7728271484375
2460.png,0,0,0,0.007148136850446463,727.9635620117188,587.6795654296875,747.4320068359375,607.702392578125
2460.png,0,0,0,0.007141172885894775,446.4170837402344,169.31134033203125,469.55865478515625,181.42774963378906
2460.png,0,0,0,0.00713700195774436,831.3737182617188,440.5188903808594,854.9447021484375,469.4385986328125
2460.png,0,0,0,0.007116323336958885,608.2191772460938,294.58209228515625,629.9064331054688,312.73760986328125
2460.png,0,0,0,0.007073249667882919,722.6094360351562,590.0221557617188,750.619873046875,610.055419921875
2460.png,0,0,0,0.007058058399707079,1507.80322265625,305.8248291015625,1524.59423828125,317.36395263671875
2460.png,0,0,0,0.0070409090258181095,647.8858032226562,348.9540710449219,669.2744750976562,369.61285400390625
2460.png,0,0,0,0.007008582353591919,1037.239501953125,648.9987182617188,1052.9525146484375,669.1937255859375
2460.png,0,0,0,0.007000509649515152,761.948486328125,249.67173767089844,776.220458984375,272.5
2460.png,0,0,0,0.006989242043346167,566.1708374023438,349.5906982421875,590.0927734375,369.73089599609375
2460.png,0,0,0,0.006970073562115431,884.8793334960938,214.66925048828125,899.015380859375,230.4479217529297
2460.png,0,0,0,0.006958485580980778,784.6556396484375,1188.4864501953125,810.262939453125,1201.6627197265625
2460.png,0,0,0,0.006927666254341602,349.33575439453125,449.2680358886719,371.1379089355469,470.5951843261719
2460.png,0,0,0,0.0069008274003863335,987.7638549804688,206.644775390625,1004.7880249023438,217.16452026367188
2460.png,0,0,0,0.006873477715998888,49.930870056152344,369.1075134277344,68.23323822021484,381.8390808105469
2460.png,0,0,0,0.0068713463842868805,289.5422058105469,176.52102661132812,304.9223937988281,195.3689727783203
2460.png,0,0,0,0.0068595088087022305,129.73779296875,449.1978759765625,149.7987518310547,467.2787170410156
2460.png,0,0,0,0.0068566566333174706,404.67828369140625,164.24583435058594,420.2051696777344,178.066162109375
2460.png,0,0,0,0.006850623060017824,1040.01220703125,188.57980346679688,1057.5360107421875,198.3075408935547
2460.png,0,0,0,0.006818999070674181,359.7710266113281,208.3084716796875,375.5767517089844,222.04928588867188
2460.png,0,0,0,0.006811208091676235,206.84820556640625,529.010498046875,230.7564239501953,542.8973388671875
2460.png,0,0,0,0.006778454873710871,355.9909362792969,109.81114196777344,373.89361572265625,132.61817932128906
2460.png,0,0,0,0.00676816375926137,104.03414916992188,389.5169372558594,119.96302032470703,409.544189453125
2460.png,0,0,0,0.006739187985658646,329.12939453125,188.86778259277344,338.8272705078125,210.08103942871094
2460.png,0,0,0,0.0067005455493927,826.5144653320312,201.7915496826172,839.8682861328125,214.65460205078125
2460.png,0,0,0,0.006696859374642372,124.86640167236328,268.3975524902344,138.35000610351562,284.6338195800781
2460.png,0,0,0,0.006692429073154926,67.36149597167969,394.8792724609375,89.98828125,410.619384765625
2460.png,0,0,0,0.0066759162582457066,399.6162109375,409.3603210449219,417.27142333984375,427.1883544921875
2460.png,0,0,0,0.0066750748082995415,529.9812622070312,167.34735107421875,550.1044311523438,192.7048797607422
2460.png,0,0,0,0.006652034353464842,1042.359130859375,747.1058959960938,1060.5592041015625,763.381591796875
2460.png,0,0,0,0.006645691115409136,910.5900268554688,428.42803955078125,935.6602783203125,449.7232666015625
2460.png,0,0,0,0.00660646241158247,449.41802978515625,29.224069595336914,472.43609619140625,37.779178619384766
2460.png,0,0,0,0.006593821104615927,1481.3782958984375,329.5325622558594,1498.1002197265625,352.0542907714844
2460.png,0,0,0,0.006593158934265375,427.44537353515625,826.5066528320312,454.3538513183594,837.4618530273438
2460.png,0,0,0,0.006579977925866842,428.74615478515625,201.24484252929688,450.6614990234375,218.36875915527344
2460.png,0,0,0,0.006573167629539967,311.8005676269531,469.126220703125,329.7430419921875,486.0500793457031
2460.png,0,0,0,0.0065651265904307365,249.20004272460938,1168.452880859375,273.7236022949219,1181.999267578125
2460.png,0,0,0,0.006560612004250288,808.6171875,522.5562744140625,821.1675415039062,549.3239135742188
2460.png,0,0,0,0.00655003497377038,972.88720703125,1021.0225830078125,998.6505737304688,1034.479248046875
2460.png,0,0,0,0.006529538426548243,234.1416778564453,1067.6585693359375,255.5843048095703,1081.76220703125
2460.png,0,0,0,0.006521402392536402,529.3272705078125,509.1960144042969,550.2955322265625,527.1707153320312
2460.png,0,0,0,0.006520670838654041,1501.1041259765625,458.7837829589844,1528.11376953125,476.3180847167969
2460.png,0,0,0,0.006511657033115625,428.8468322753906,826.9676513671875,449.52001953125,834.6475219726562
2460.png,0,0,0,0.0064906952902674675,1016.8538208007812,269.50909423828125,1045.1259765625,296.2382507324219
2460.png,0,0,0,0.006467889063060284,1248.0091552734375,89.73741149902344,1273.271728515625,111.27093505859375
2460.png,0,0,0,0.006377573125064373,394.8985595703125,127.26806640625,416.5850524902344,137.88336181640625
2460.png,0,0,0,0.0063193487003445625,182.054443359375,191.92376708984375,196.39952087402344,210.07452392578125
2460.png,0,0,0,0.006237897556275129,1038.4608154296875,745.61572265625,1055.4468994140625,769.064208984375
2460.png,0,0,0,0.006232546642422676,1268.3994140625,206.6079559326172,1288.7103271484375,218.39259338378906
2460.png,0,0,0,0.00621730787679553,844.0536499023438,234.92578125,861.426025390625,250.72349548339844
2460.png,0,0,0,0.006200031377375126,1001.103271484375,69.82698059082031,1028.858154296875,87.27593994140625
2460.png,0,0,0,0.006186736281961203,614.8739624023438,16.513019561767578,631.9652709960938,33.931724548339844
2460.png,0,0,0,0.006175634451210499,665.1934814453125,921.1907348632812,678.3634643554688,931.8233642578125
2460.png,0,0,0,0.006174607668071985,277.5987243652344,350.5920715332031,296.3138427734375,369.6584777832031
2460.png,0,0,0,0.006168948020786047,377.6150207519531,490.7383728027344,395.1336669921875,509.6094665527344
2460.png,0,0,0,0.006144209299236536,838.87109375,2.936636209487915,849.81591796875,18.39793586730957
2460.png,0,0,0,0.006126769352704287,1228.4368896484375,568.3016357421875,1255.511474609375,586.4216918945312
2460.png,0,0,0,0.006106955464929342,995.9978637695312,269.63861083984375,1010.728271484375,304.65643310546875
2460.png,0,0,0,0.006017971783876419,268.0362854003906,477.11395263671875,282.8501892089844,509.38714599609375
2460.png,0,0,0,0.00600300682708621,487.5063171386719,328.5340576171875,502.3020935058594,339.8202819824219
2460.png,0,0,0,0.005997506435960531,29.607025146484375,342.08453369140625,43.24555587768555,354.05975341796875
2460.png,0,0,0,0.00599499698728323,244.9876708984375,29.89286994934082,262.52337646484375,48.68317794799805
2460.png,0,0,0,0.00599303375929594,288.76055908203125,1168.3914794921875,315.43243408203125,1180.4766845703125
2460.png,0,0,0,0.005987888667732477,343.7506103515625,264.35272216796875,354.857177734375,282.65447998046875
2460.png,0,0,0,0.005973168183118105,828.9492797851562,63.05733108520508,852.821533203125,78.74945831298828
2460.png,0,0,0,0.005972191691398621,1422.5572509765625,366.2894592285156,1448.75244140625,384.069580078125
2460.png,0,0,0,0.005952933337539434,387.73834228515625,435.2117919921875,398.52294921875,455.32708740234375
2460.png,0,0,0,0.005940663628280163,366.49169921875,543.547119140625,383.2214660644531,557.0519409179688
2460.png,0,0,0,0.005933588836342096,1012.3050537109375,129.75576782226562,1037.0762939453125,149.1643829345703
2460.png,0,0,0,0.005928949918597937,1487.8072509765625,22.441890716552734,1499.8402099609375,43.0334587097168
2460.png,0,0,0,0.0059134033508598804,1304.3349609375,106.35193634033203,1319.4119873046875,121.96011352539062
2460.png,0,0,0,0.005906573496758938,247.8450927734375,948.653564453125,269.7955627441406,959.4905395507812
2460.png,0,0,0,0.005868634209036827,447.1040344238281,357.1365966796875,463.5581970214844,372.6583251953125
2460.png,0,0,0,0.005840999074280262,266.7898254394531,76.01529693603516,280.7853698730469,92.73141479492188
2460.png,0,0,0,0.005809598136693239,711.3533325195312,595.473388671875,739.1612548828125,615.0883178710938
2460.png,0,0,0,0.005809190217405558,752.38232421875,1028.341796875,776.82470703125,1039.2525634765625
2460.png,0,0,0,0.00579458475112915,1147.489013671875,105.04366302490234,1161.6824951171875,118.75910186767578
2460.png,0,0,0,0.005787161644548178,101.96722412109375,389.0436706542969,121.89897918701172,401.97698974609375
2460.png,0,0,0,0.005730248987674713,312.22540283203125,485.11444091796875,330.4284973144531,499.85247802734375
2460.png,0,0,0,0.005701437126845121,569.1433715820312,464.19952392578125,592.5462036132812,489.4482421875
2460.png,0,0,0,0.005690178368240595,538.11669921875,508.1568908691406,552.9228515625,529.3474731445312
2460.png,0,0,0,0.005661752074956894,39.7037239074707,469.2953186035156,58.90369415283203,487.15899658203125
2460.png,0,0,0,0.005658837500959635,397.6921691894531,607.1965942382812,411.3598327636719,629.2256469726562
2460.png,0,0,0,0.005629736464470625,591.0292358398438,423.4501647949219,609.7890625,440.2825927734375
2460.png,0,0,0,0.005619695410132408,529.1141967773438,161.47035217285156,549.2794189453125,190.67453002929688
2460.png,0,0,0,0.005617851857095957,948.7921142578125,626.2042236328125,968.5293579101562,639.025146484375
2460.png,0,0,0,0.0056092808954417706,788.6258544921875,1188.36083984375,810.2470703125,1195.746337890625
2460.png,0,0,0,0.005604477133601904,1461.4490966796875,262.235107421875,1489.9296875,283.0184326171875
2460.png,0,0,0,0.005599976982921362,1115.7054443359375,265.6338195800781,1138.307373046875,281.1228942871094
2460.png,0,0,0,0.0055994377471506596,893.9498291015625,507.77362060546875,916.791259765625,523.9114379882812
2460.png,0,0,0,0.005574176087975502,381.8871765136719,428.2423400878906,393.38201904296875,449.5244445800781
2460.png,0,0,0,0.005563162267208099,349.0881042480469,91.61433410644531,366.7281494140625,114.71427154541016
2460.png,0,0,0,0.005541270133107901,916.1503295898438,425.7279357910156,948.8577880859375,443.57684326171875
2460.png,0,0,0,0.005492302589118481,553.3626098632812,309.5569152832031,572.7425537109375,329.7648620605469
2460.png,0,0,0,0.005491449031978846,868.7721557617188,184.18605041503906,887.4083251953125,195.32752990722656
2460.png,0,0,0,0.00548727810382843,899.3037109375,1068.9229736328125,917.9984130859375,1089.8260498046875
2460.png,0,0,0,0.005458220839500427,415.6688537597656,185.26400756835938,433.1194763183594,207.2799072265625
2460.png,0,0,0,0.005451797042042017,309.14849853515625,4.736647605895996,323.7783508300781,19.75130844116211
2460.png,0,0,0,0.005421942099928856,74.57642364501953,757.1326904296875,90.70686340332031,770.5269165039062
2460.png,0,0,0,0.005397538188844919,1081.0382080078125,120.3670654296875,1108.7041015625,134.59361267089844
2460.png,0,0,0,0.005364316049963236,880.361328125,209.60850524902344,898.091552734375,228.91798400878906
2460.png,0,0,0,0.005344528239220381,473.2882080078125,229.12216186523438,495.1021728515625,251.21981811523438
2460.png,0,0,0,0.005330126732587814,1487.3905029296875,449.31158447265625,1512.7469482421875,473.27801513671875
2460.png,0,0,0,0.005327647551894188,845.9948120117188,231.16343688964844,869.568359375,249.78492736816406
2460.png,0,0,0,0.005321419797837734,966.77197265625,1068.635986328125,996.675537109375,1086.08544921875
2460.png,0,0,0,0.005314778536558151,1045.9210205078125,739.83154296875,1073.8646240234375,769.0557861328125
2460.png,0,0,0,0.005306856241077185,528.92138671875,149.69985961914062,546.040771484375,171.07028198242188
2460.png,0,0,0,0.005298103671520948,342.8023986816406,14.03889274597168,360.9130554199219,33.79702377319336
2460.png,0,0,0,0.0052908360958099365,1092.0306396484375,1177.7838134765625,1113.0855712890625,1195.4517822265625
2460.png,0,0,0,0.005275665316730738,451.3913269042969,367.76055908203125,477.28192138671875,386.9290771484375
2460.png,0,0,0,0.0052693551406264305,1146.995361328125,104.71424102783203,1168.6654052734375,120.87744140625
2460.png,0,0,0,0.005263003520667553,991.9632568359375,203.9198760986328,1008.9384765625,214.93930053710938
2460.png,0,0,0,0.005219105631113052,1285.5821533203125,189.6945037841797,1308.0394287109375,212.73892211914062
2460.png,0,0,0,0.005214324686676264,1493.08740234375,45.38176727294922,1508.4569091796875,65.07188415527344
2460.png,0,0,0,0.00519675062969327,1427.6175537109375,300.4103088378906,1443.15869140625,315.47216796875
2460.png,0,0,0,0.005192931275814772,1239.68310546875,564.4465942382812,1268.4434814453125,580.2425537109375
2460.png,0,0,0,0.005190954077988863,446.4851989746094,172.9470977783203,469.70245361328125,192.03396606445312
2460.png,0,0,0,0.0051839896477758884,392.60137939453125,465.2749938964844,410.15753173828125,477.8428955078125
2460.png,0,0,0,0.005148088093847036,200.98019409179688,681.3485717773438,229.81800842285156,695.1351928710938
2460.png,0,0,0,0.00514756515622139,628.5638427734375,385.158447265625,647.715576171875,401.5758972167969
2460.png,0,0,0,0.005140015855431557,1178.658935546875,62.6619987487793,1198.5518798828125,90.61361694335938
2460.png,0,0,0,0.005139611195772886,981.1144409179688,273.9446105957031,995.2211303710938,309.65118408203125
2460.png,0,0,0,0.005090879276394844,249.48924255371094,948.5029907226562,268.738525390625,957.2752685546875
2460.png,0,0,0,0.005079788155853748,813.4521484375,524.6195068359375,832.2957763671875,549.3458251953125
2460.png,0,0,0,0.00507092522457242,629.1358642578125,9.576626777648926,649.0186767578125,18.995121002197266
2460.png,0,0,0,0.0050582485273480415,751.9786376953125,428.187255859375,770.3372802734375,449.44573974609375
2460.png,0,0,0,0.0050466107204556465,793.0810546875,340.60009765625,816.8900756835938,370.0616760253906
2460.png,0,0,0,0.0050164638087153435,266.6495361328125,68.92417907714844,284.91949462890625,86.27635955810547
2460.png,0,0,0,0.005011282861232758,1069.4560546875,744.0167236328125,1095.291015625,762.4869384765625
2460.png,0,0,1,0.004953557625412941,561.5259399414062,458.4125671386719,579.868896484375,463.43695068359375
2470.png,0,0,0,0.06253758817911148,1645.9619140625,1817.6055908203125,1659.679443359375,1841.78369140625
2470.png,0,0,0,0.037336159497499466,2567.646484375,2929.369140625,2582.94091796875,2947.50927734375
2470.png,0,0,0,0.03550054877996445,2047.6097412109375,2012.4322509765625,2061.39013671875,2031.8232421875
2470.png,0,0,0,0.03390998765826225,764.4353637695312,2336.996826171875,786.8130493164062,2366.117919921875
2470.png,0,0,0,0.03107263147830963,2891.314208984375,2846.739990234375,2911.04296875,2865.852294921875
2470.png,0,0,0,0.030217938125133514,2034.9769287109375,2935.63134765625,2057.46337890625,2953.546630859375
2470.png,0,0,0,0.026868270710110664,1969.9801025390625,2291.63818359375,1991.0450439453125,2317.94287109375
2470.png,0,0,0,0.023686349391937256,158.25538635253906,2056.462158203125,182.6211395263672,2084.237548828125
2470.png,0,0,0,0.023020196706056595,1008.7665405273438,246.13156127929688,1032.7386474609375,274.28765869140625
2470.png,0,0,0,0.02211548574268818,480.9213562011719,2929.99365234375,499.61859130859375,2948.12890625
2470.png,0,0,0,0.02192230150103569,771.9562377929688,2337.29638671875,791.1926879882812,2377.030029296875
2470.png,0,0,0,0.020800020545721054,2002.7705078125,2650.7958984375,2017.8524169921875,2666.495849609375
2470.png,0,0,0,0.020578980445861816,3016.2060546875,2216.150634765625,3053.4873046875,2228.116455078125
2470.png,0,0,0,0.02010774053633213,1018.6051025390625,1497.95166015625,1039.9334716796875,1517.2493896484375
2470.png,0,0,0,0.019692037254571915,712.8770141601562,2336.921142578125,739.1304931640625,2356.076416015625
2470.png,0,0,0,0.01963290013372898,896.5443115234375,1567.68798828125,916.5501098632812,1585.0242919921875
2470.png,0,0,0,0.01958424411714077,2209.089599609375,2439.95703125,2222.325439453125,2464.103515625
2470.png,0,0,0,0.01955815590918064,1381.656005859375,1896.329345703125,1418.237060546875,1909.608642578125
2470.png,0,0,0,0.018809089437127113,2559.2646484375,3094.326171875,2578.864013671875,3115.91162109375
2470.png,0,0,0,0.018402719870209694,1799.2232666015625,1617.68115234375,1818.1373291015625,1633.8408203125
2470.png,0,0,0,0.017848044633865356,2405.703125,2481.791015625,2432.005126953125,2506.792236328125
2470.png,0,0,0,0.01713879592716694,698.6524047851562,2337.03125,723.6235961914062,2363.33251953125
2470.png,0,0,0,0.016780737787485123,1044.785888671875,2029.012451171875,1063.672607421875,2058.251953125
2470.png,0,0,0,0.01663421094417572,2358.796142578125,2536.73583984375,2381.011962890625,2562.5390625
2470.png,0,0,0,0.016397632658481598,2113.558349609375,1777.6033935546875,2137.96142578125,1791.9268798828125
2470.png,0,0,0,0.015996284782886505,1686.5172119140625,2926.541259765625,1709.9991455078125,2946.767333984375
2470.png,0,0,0,0.015989426523447037,2333.208984375,2847.245361328125,2353.419921875,2873.0673828125
2470.png,0,0,0,0.01541226077824831,2649.27001953125,2974.36767578125,2671.656005859375,3002.010009765625
2470.png,0,0,0,0.015405097976326942,1377.9283447265625,1895.525146484375,1402.7130126953125,1908.8404541015625
2470.png,0,0,0,0.015186560340225697,739.0012817382812,2177.175048828125,779.1792602539062,2208.447509765625
2470.png,0,0,0,0.015166668221354485,2647.103515625,2972.651611328125,2668.359375,3016.246337890625
2470.png,0,0,0,0.014654301106929779,1138.5291748046875,2042.0479736328125,1156.55615234375,2066.45263671875
2470.png,0,0,0,0.014499565586447716,1640.6370849609375,2249.76318359375,1658.2547607421875,2269.7666015625
2470.png,0,0,0,0.014481029473245144,721.7123413085938,817.6563110351562,739.5213012695312,828.785888671875
2470.png,0,0,0,0.014430271461606026,447.1273193359375,1930.4931640625,470.42413330078125,1948.9776611328125
2470.png,0,0,0,0.014346926473081112,2536.431884765625,2367.201904296875,2558.576171875,2382.937744140625
2470.png,0,0,0,0.014322219416499138,444.583740234375,2176.184326171875,466.09869384765625,2200.25732421875
2470.png,0,0,0,0.014297234825789928,738.384033203125,2180.69677734375,754.0505981445312,2217.3193359375
2470.png,0,0,0,0.01414761133491993,2017.4735107421875,2933.64990234375,2054.808349609375,2951.015869140625
2470.png,0,0,0,0.013958203606307507,1494.0660400390625,1966.73974609375,1514.6634521484375,1989.6651611328125
2470.png,0,0,0,0.013589051552116871,2091.682373046875,2908.565673828125,2116.546875,2938.208740234375
2470.png,0,0,0,0.013325730338692665,317.5349426269531,2973.30029296875,339.7645263671875,2989.156982421875
2470.png,0,0,0,0.013287722133100033,2924.0791015625,2158.804443359375,2945.57080078125,2179.726806640625
2470.png,0,0,0,0.012469008564949036,1169.259521484375,1377.9635009765625,1190.8194580078125,1402.959716796875
2470.png,0,0,0,0.012166719883680344,877.7432250976562,215.4901580810547,905.687255859375,237.36044311523438
2470.png,0,0,0,0.012133799493312836,2605.373291015625,2761.07421875,2633.08642578125,2788.46533203125
2470.png,0,0,0,0.01204746775329113,2436.470703125,3015.916015625,2469.989990234375,3039.819091796875
2470.png,0,0,0,0.012007905170321465,906.5130615234375,2454.828369140625,938.86181640625,2470.7734375
2470.png,0,0,0,0.0116717629134655,145.98721313476562,2136.423095703125,180.05384826660156,2152.948486328125
2470.png,0,0,0,0.011463915929198265,2537.984130859375,2816.4423828125,2576.87646484375,2854.72216796875
2470.png,0,0,0,0.011434788815677166,3017.3935546875,2217.213134765625,3058.857177734375,2242.899658203125
2470.png,0,0,0,0.011431630700826645,1092.9595947265625,2328.02197265625,1114.1431884765625,2347.689697265625
2470.png,0,0,0,0.011094152927398682,2512.68603515625,3089.181640625,2536.9560546875,3107.58984375
2470.png,0,0,0,0.010827131569385529,956.1399536132812,379.2001647949219,983.53515625,401.9449768066406
2470.png,0,0,0,0.010694710537791252,3040.33984375,2349.01513671875,3060.598876953125,2378.13232421875
2470.png,0,0,0,0.01062423549592495,938.7872314453125,2536.75048828125,979.1931762695312,2564.35009765625
2470.png,0,0,0,0.010574663989245892,1145.2548828125,2047.223388671875,1178.534912109375,2068.834228515625
2470.png,0,0,0,0.010327333584427834,962.3341064453125,257.3371887207031,979.1934814453125,276.1606750488281
2470.png,0,0,0,0.01029206532984972,1094.31005859375,2133.4775390625,1120.029296875,2152.052490234375
2470.png,0,0,0,0.010185664519667625,162.89016723632812,2180.32080078125,195.21466064453125,2217.3955078125
2470.png,0,0,0,0.01015349943190813,2496.822265625,3082.93408203125,2527.11328125,3106.388671875
2470.png,0,0,0,0.010143990628421307,1645.8260498046875,1817.27734375,1670.3955078125,1857.7088623046875
2470.png,0,0,0,0.009897185489535332,1016.1077270507812,1498.109130859375,1058.7430419921875,1532.1873779296875
2470.png,0,0,0,0.009447635151445866,2440.801513671875,2028.3388671875,2460.288818359375,2057.988525390625
2470.png,0,0,0,0.009233889169991016,1016.460693359375,2388.176025390625,1035.9842529296875,2417.574462890625
2470.png,0,0,0,0.00917672086507082,1096.010986328125,2132.949462890625,1138.642822265625,2147.96533203125
2470.png,0,0,0,0.009160303510725498,2336.484130859375,1980.5380859375,2353.611572265625,2017.5892333984375
2470.png,0,0,0,0.009012226015329361,2323.247802734375,2853.415771484375,2377.496337890625,2892.733642578125
2470.png,0,0,0,0.008956139907240868,2534.54052734375,2369.32470703125,2576.798583984375,2388.191162109375
2470.png,0,0,0,0.008909029886126518,1959.556396484375,2282.736083984375,2017.53857421875,2320.32080078125
2470.png,0,0,0,0.008875548839569092,983.0184936523438,2518.137451171875,1033.56298828125,2547.865966796875
2470.png,0,0,0,0.00886970292776823,2336.981689453125,1977.326904296875,2366.8125,2009.645751953125
2470.png,0,0,0,0.008832109160721302,2436.9130859375,3171.307861328125,2457.2255859375,3188.521240234375
2470.png,0,0,0,0.008582977578043938,292.55682373046875,2053.3134765625,316.4755554199219,2074.848388671875
2470.png,0,0,0,0.00857461430132389,817.1873779296875,2055.71337890625,844.379150390625,2075.786376953125
2470.png,0,0,0,0.008517756126821041,923.4686279296875,2582.955078125,941.4312133789062,2616.84814453125
2470.png,0,0,0,0.008465403690934181,1956.291259765625,2282.072998046875,1984.7816162109375,2337.07861328125
2470.png,0,0,0,0.008410952985286713,770.7808837890625,168.4253387451172,796.7401733398438,195.0239715576172
2470.png,0,0,0,0.00832489412277937,2282.702392578125,2319.955078125,2302.091552734375,2344.8232421875
2470.png,0,0,0,0.008178528398275375,1726.2294921875,1828.1063232421875,1742.545654296875,1858.0419921875
2470.png,0,0,0,0.008170773275196552,524.2942504882812,2768.452880859375,551.602783203125,2793.323974609375
2470.png,0,0,0,0.008057252503931522,945.8019409179688,2537.8720703125,990.9566040039062,2576.866455078125
2470.png,0,0,0,0.00803824607282877,2435.1171875,3015.685546875,2468.235595703125,3056.248779296875
2470.png,0,0,0,0.007968802936375141,2924.128662109375,2524.700927734375,2949.44677734375,2552.05078125
2470.png,0,0,0,0.007942929863929749,2359.4912109375,2538.38232421875,2389.125,2576.904052734375
2470.png,0,0,0,0.007873588241636753,1018.4124755859375,1499.5364990234375,1034.643310546875,1538.1478271484375
2470.png,0,0,0,0.007784674875438213,101.97665405273438,1973.40380859375,140.02554321289062,1997.174072265625
2470.png,0,0,0,0.0077690924517810345,745.0,2176.977783203125,790.2095336914062,2204.51806640625
2470.png,0,0,0,0.007719636429101229,139.81515502929688,2054.239990234375,178.06309509277344,2076.745849609375
2470.png,0,0,0,0.007711952086538076,1007.6697387695312,2179.58251953125,1031.9691162109375,2217.68701171875
2470.png,0,0,0,0.0076489825733006,612.635986328125,2044.1976318359375,637.6094360351562,2069.445556640625
2470.png,0,0,0,0.00761270010843873,2202.06640625,2576.55859375,2227.68798828125,2605.77734375
2470.png,0,0,0,0.007602253463119268,1110.86279296875,2204.9931640625,1140.7744140625,2225.449462890625
2470.png,0,0,0,0.0075862817466259,2556.80712890625,2973.103271484375,2587.3359375,2999.507080078125
2470.png,0,0,0,0.007561362348496914,1017.3997802734375,772.9249267578125,1035.4014892578125,791.4872436523438
2470.png,0,0,0,0.00754591217264533,1168.04638671875,1381.1297607421875,1193.201904296875,1418.309814453125
2470.png,0,0,0,0.0074948412366211414,658.7041625976562,1737.79296875,686.516357421875,1775.3095703125
2470.png,0,0,0,0.007487452123314142,1617.9417724609375,1817.1346435546875,1661.26708984375,1848.222412109375
2470.png,0,0,0,0.007393280044198036,2337.08837890625,1977.2794189453125,2377.337646484375,2012.604736328125
2470.png,0,0,0,0.0073132142424583435,2453.311767578125,3000.96337890625,2496.99072265625,3026.953857421875
2470.png,0,0,0,0.007310732267796993,2653.129638671875,2337.047119140625,2696.95068359375,2374.951904296875
2470.png,0,0,0,0.007295155432075262,953.0925903320312,1537.0919189453125,978.9330444335938,1552.852783203125
2470.png,0,0,0,0.007293754257261753,1213.0841064453125,2235.856201171875,1233.9295654296875,2258.326904296875
2470.png,0,0,0,0.007248490117490292,931.2130126953125,774.970947265625,953.1461791992188,794.2171630859375
2470.png,0,0,0,0.007218595594167709,1084.74951171875,308.43536376953125,1114.7598876953125,340.4561767578125
2470.png,0,0,0,0.0071550882421433926,769.4427490234375,756.442626953125,795.5639038085938,781.9170532226562
2470.png,0,0,0,0.006963812280446291,1016.2999877929688,2376.90087890625,1051.8310546875,2416.024169921875
2470.png,0,0,0,0.006955494172871113,2798.225830078125,2123.449462890625,2821.6748046875,2147.509521484375
2470.png,0,0,0,0.00690593384206295,794.4793701171875,68.01433563232422,821.3212280273438,100.74494171142578
2470.png,0,0,0,0.006877703592181206,2789.3115234375,2209.6923828125,2817.03564453125,2229.75537109375
2470.png,0,0,0,0.006859475746750832,886.1304931640625,316.36187744140625,918.5682373046875,344.99713134765625
2470.png,0,0,0,0.006798246409744024,938.8078002929688,255.81927490234375,977.0966796875,279.71087646484375
2470.png,0,0,0,0.006773028522729874,2209.306396484375,2580.880615234375,2231.77490234375,2616.876220703125
2470.png,0,0,0,0.006760109681636095,1398.3245849609375,2998.9453125,1433.19091796875,3030.436767578125
2470.png,0,0,0,0.0067106205970048904,3051.80712890625,2235.08740234375,3096.321044921875,2266.594482421875
2470.png,0,0,0,0.006683256011456251,2003.2125244140625,2828.236572265625,2032.760498046875,2857.88818359375
2470.png,0,0,0,0.006574126426130533,305.1474914550781,2053.45947265625,343.40374755859375,2085.11474609375
2470.png,0,0,0,0.00649056863039732,987.8116455078125,2066.964111328125,1019.3933715820312,2097.940673828125
2470.png,0,0,0,0.006464626174420118,998.232421875,328.7005615234375,1024.5869140625,353.0467529296875
2470.png,0,0,0,0.006455013062804937,594.11279296875,133.3403778076172,622.322998046875,161.91432189941406
2470.png,0,0,0,0.00641757994890213,2416.9111328125,3014.405517578125,2467.6708984375,3039.77783203125
2470.png,0,0,0,0.006345610599964857,2080.083984375,2896.29541015625,2109.880126953125,2942.34375
2470.png,0,0,0,0.006305191665887833,565.1437377929688,1817.5548095703125,594.233642578125,1845.0755615234375
2470.png,0,0,0,0.006254193838685751,686.579345703125,2345.951171875,714.50830078125,2380.219482421875
2470.png,0,0,0,0.006223171018064022,149.63690185546875,2053.921630859375,184.3258819580078,2097.58349609375
2470.png,0,0,0,0.006220682058483362,2639.376220703125,2363.178955078125,2680.527099609375,2389.68994140625
2470.png,0,0,0,0.0062142652459442616,139.737548828125,2133.61669921875,181.90171813964844,2150.227783203125
2470.png,0,0,0,0.006169936619699001,99.7492446899414,1969.1029052734375,130.99655151367188,1993.905029296875
2470.png,0,0,0,0.006097481586039066,401.2816162109375,1965.5179443359375,422.20953369140625,1988.5537109375
2470.png,0,0,0,0.006078086327761412,2030.595947265625,2929.591552734375,2060.3505859375,2976.27880859375
2470.png,0,0,0,0.006072774063795805,753.4312744140625,2655.71240234375,781.9170532226562,2679.595703125
2470.png,0,0,0,0.006065223831683397,2640.38134765625,2973.51123046875,2697.23828125,3009.29345703125
2470.png,0,0,0,0.006032693199813366,742.03271484375,139.6422882080078,779.9473266601562,180.1084442138672
2470.png,0,0,0,0.0060299173928797245,566.9869384765625,1825.8948974609375,590.4872436523438,1858.16650390625
2470.png,0,0,0,0.005999479442834854,2252.164306640625,2924.626953125,2276.600830078125,2959.799072265625
2470.png,0,0,0,0.005965175572782755,1001.39794921875,2175.9677734375,1031.1827392578125,2213.4873046875
2470.png,0,0,0,0.005964934825897217,2402.39697265625,2433.302490234375,2432.36083984375,2464.579833984375
2470.png,0,0,0,0.005943699739873409,2536.60009765625,2817.668701171875,2562.704833984375,2857.2431640625
2470.png,0,0,0,0.005909415893256664,1014.768310546875,654.716552734375,1036.3243408203125,681.7313842773438
2470.png,0,0,0,0.005866951309144497,2118.935546875,2847.763916015625,2156.88134765625,2868.6630859375
2470.png,0,0,0,0.005832639988511801,1149.4444580078125,2175.587158203125,1183.5997314453125,2204.050537109375
2470.png,0,0,0,0.005825513508170843,2252.244873046875,2931.001708984375,2297.20947265625,2967.333984375
2470.png,0,0,0,0.0056692142970860004,1824.4814453125,1612.918212890625,1871.0052490234375,1634.8505859375
2470.png,0,0,0,0.005666312295943499,978.1636962890625,214.0368194580078,1009.5651245117188,255.79132080078125
2470.png,0,0,0,0.0055544194765388966,2623.343994140625,2194.846923828125,2657.74560546875,2224.48095703125
2470.png,0,0,0,0.005519425496459007,82.82295227050781,2227.38525390625,115.9698486328125,2257.826904296875
2470.png,0,0,0,0.005499441176652908,617.9431762695312,1811.303955078125,643.8524169921875,1830.59375
2470.png,0,0,0,0.005445154383778572,1734.9649658203125,1515.2532958984375,1756.748291015625,1544.0697021484375
2470.png,0,0,0,0.005427365191280842,1174.920166015625,2316.890625,1203.2000732421875,2341.67041015625
2470.png,0,0,0,0.00537076173350215,2329.7958984375,2839.457275390625,2363.872802734375,2896.7451171875
2470.png,0,0,0,0.005370588507503271,843.0374755859375,652.9197387695312,867.4944458007812,674.3576049804688
2470.png,0,0,0,0.005369849968701601,73.32978057861328,2217.176513671875,114.07402038574219,2252.13525390625
2470.png,0,0,0,0.005310733802616596,1126.3258056640625,1409.15087890625,1139.5277099609375,1430.7528076171875
2470.png,0,0,0,0.005304128397256136,1777.7723388671875,1616.464111328125,1818.495849609375,1637.369384765625
2470.png,0,0,0,0.005258042830973864,898.8193359375,2453.798828125,936.3216552734375,2473.250244140625
2470.png,0,0,0,0.00520853977650404,1217.548095703125,2054.525146484375,1243.5693359375,2080.7392578125
2470.png,0,0,0,0.005203479900956154,886.8499755859375,293.69903564453125,919.1127319335938,336.28582763671875
2470.png,0,0,0,0.005183129105716944,1089.0384521484375,2147.740966796875,1121.90234375,2184.7119140625
2470.png,0,0,0,0.005168395582586527,995.9876708984375,441.4692077636719,1027.8450927734375,467.496337890625
2470.png,0,0,0,0.005165743175894022,477.8194274902344,2808.703369140625,503.8319396972656,2833.608642578125
2470.png,0,0,0,0.005146020092070103,698.0830688476562,2599.194580078125,721.2977294921875,2626.05419921875
2470.png,0,0,0,0.005123622249811888,858.8530883789062,216.8449249267578,903.37060546875,244.1563262939453
2470.png,0,0,0,0.005078205373138189,157.6161346435547,2048.613037109375,220.16632080078125,2086.268310546875
2470.png,0,0,0,0.0050718397833406925,1136.8873291015625,2017.439697265625,1154.8311767578125,2061.95361328125
2470.png,0,0,0,0.005067190155386925,657.845947265625,1748.3563232421875,675.8728637695312,1778.6351318359375
2470.png,0,0,0,0.005052180960774422,1074.0029296875,299.58135986328125,1111.675537109375,339.8887023925781
2470.png,0,0,0,0.005032310727983713,938.6207885742188,1537.8397216796875,976.2010498046875,1561.0072021484375
2470.png,0,0,0,0.005002436228096485,1180.2978515625,2296.963134765625,1220.97021484375,2327.76806640625
2470.png,0,0,0,0.005001434590667486,2776.192138671875,2056.59326171875,2810.737548828125,2079.053466796875
2470.png,0,0,0,0.004889872390776873,980.7901611328125,215.5904998779297,1019.1192626953125,256.8714599609375
2470.png,0,0,0,0.004864618647843599,950.1500854492188,254.02561950683594,979.3807983398438,299.6344299316406
2470.png,0,0,0,0.004850166849792004,1014.1964111328125,738.5799560546875,1031.474853515625,769.0546875
2470.png,0,0,0,0.004811713472008705,1011.3033447265625,766.8722534179688,1058.7105712890625,794.8486938476562
2470.png,0,0,0,0.004784056916832924,2635.026611328125,2176.3115234375,2669.804443359375,2211.594482421875
2470.png,0,0,0,0.004737603012472391,3050.71435546875,2225.911376953125,3076.50244140625,2258.272705078125
2470.png,0,0,0,0.0047229621559381485,959.3572387695312,1550.4307861328125,984.4314575195312,1584.85302734375
2470.png,0,0,0,0.004711933434009552,771.8460693359375,169.47154235839844,819.1995239257812,194.87295532226562
2470.png,0,0,0,0.004701229277998209,2532.4775390625,2974.86474609375,2565.88037109375,2996.67041015625
2470.png,0,0,0,0.004698735196143389,459.4035339355469,2931.853759765625,499.59423828125,2954.0634765625
2470.png,0,0,0,0.004698236007243395,1207.3050537109375,201.7109375,1235.0205078125,229.5237274169922
2470.png,0,0,0,0.0046578967012465,2779.844482421875,2056.675048828125,2816.791748046875,2076.8427734375
2470.png,0,0,0,0.00464045163244009,1172.70263671875,1365.7169189453125,1219.341064453125,1388.3375244140625
2470.png,0,0,0,0.004633023869246244,498.7463684082031,2267.368896484375,521.3732299804688,2299.107666015625
2470.png,0,0,0,0.00461729709059,848.2035522460938,1510.75439453125,863.38720703125,1539.0191650390625
2470.png,0,0,0,0.00458934111520648,2581.29296875,2869.7333984375,2618.136474609375,2904.872314453125
2470.png,0,0,0,0.004571029916405678,675.299560546875,658.9764404296875,706.1642456054688,698.9559936523438
2470.png,0,0,0,0.004567286465317011,2368.4052734375,3161.925537109375,2395.9013671875,3190.357421875
2470.png,0,0,0,0.004544566851109266,1713.573486328125,3037.284423828125,1739.00244140625,3068.69287109375
2470.png,0,0,0,0.0045375763438642025,448.79150390625,387.5013122558594,473.8885803222656,420.0484924316406
2470.png,0,0,0,0.004537531174719334,2110.56298828125,2163.79541015625,2138.03662109375,2185.353515625
2470.png,0,0,0,0.004499678034335375,2202.796142578125,2415.533935546875,2232.910400390625,2461.537109375
2470.png,0,0,0,0.004489663057029247,1117.6441650390625,2523.106201171875,1155.2664794921875,2561.193603515625
2470.png,0,0,0,0.0044722845777869225,2249.785888671875,3169.90673828125,2278.56103515625,3191.831787109375
2470.png,0,0,0,0.004452666267752647,1937.5384521484375,2292.906005859375,1988.0615234375,2324.739013671875
2470.png,0,0,0,0.004450208507478237,2886.21240234375,2108.367431640625,2910.73046875,2138.358642578125
2470.png,0,0,0,0.004443613812327385,927.423583984375,2555.744384765625,960.4669189453125,2594.965087890625
2470.png,0,0,0,0.0044054617173969746,617.3551635742188,1810.312744140625,659.309814453125,1834.65966796875
2470.png,0,0,0,0.004403441678732634,2536.0947265625,2934.010986328125,2586.71875,2963.293212890625
2470.png,0,0,0,0.0044034249149262905,259.59478759765625,2056.24072265625,305.2392883300781,2076.43310546875
2470.png,0,0,0,0.0043978262692689896,646.4721069335938,215.94679260253906,681.87060546875,244.1420135498047
2470.png,0,0,0,0.004357825964689255,563.9296264648438,2307.39990234375,590.85009765625,2337.6416015625
2470.png,0,0,0,0.004341149237006903,2251.6171875,2466.886962890625,2276.89697265625,2502.750244140625
2470.png,0,0,0,0.0043113683350384235,2481.356201171875,2976.14208984375,2523.641357421875,3015.966552734375
2470.png,0,0,0,0.004302861634641886,1719.885009765625,1817.103515625,1749.4564208984375,1852.8857421875
2470.png,0,0,0,0.00428942171856761,2337.0380859375,2535.795654296875,2383.1962890625,2565.374267578125
2470.png,0,0,0,0.004267537035048008,684.9711303710938,769.2373046875,708.551513671875,794.9071044921875
2470.png,0,0,0,0.004249527584761381,2518.88037109375,2980.2724609375,2540.94873046875,3016.896484375
2470.png,0,0,0,0.004244560841470957,619.0904541015625,698.8892822265625,660.1096801757812,731.25048828125
2470.png,0,0,0,0.004243174567818642,2592.97119140625,2736.509033203125,2631.9873046875,2784.421875
2470.png,0,0,0,0.004239172674715519,1489.24365234375,1969.3577880859375,1538.549560546875,2001.2532958984375
2470.png,0,0,0,0.004215878434479237,1708.4927978515625,3016.121337890625,1738.457763671875,3053.189208984375
2470.png,0,0,0,0.004214771091938019,687.2051391601562,668.676513671875,716.1116333007812,701.3001708984375
2470.png,0,0,0,0.004211174324154854,1987.9736328125,2815.789794921875,2024.4246826171875,2851.591552734375
2470.png,0,0,0,0.004197258036583662,2647.546875,2344.474609375,2698.240234375,2380.790283203125
2470.png,0,0,0,0.004187696613371372,2625.740478515625,2936.13916015625,2664.311767578125,2989.08544921875
2470.png,0,0,0,0.004174038302153349,299.4895324707031,2974.5986328125,336.978515625,2998.376220703125
2470.png,0,0,0,0.004163305275142193,635.3778076171875,698.4219360351562,662.2124633789062,721.6103515625
2470.png,0,0,0,0.004155140835791826,2563.47509765625,2416.536865234375,2596.416015625,2444.138427734375
2470.png,0,0,0,0.00415235199034214,2616.17333984375,2256.373046875,2641.193359375,2297.2412109375
2470.png,0,0,0,0.004145668353885412,310.82012939453125,2046.1387939453125,345.1571350097656,2097.389892578125
2470.png,0,0,0,0.004095200914889574,1853.115966796875,2401.49951171875,1879.263671875,2426.82421875
2470.png,0,0,0,0.00408161198720336,2895.591796875,2456.773681640625,2932.10009765625,2492.006591796875
2470.png,0,0,0,0.0040499018505215645,2173.94873046875,2161.4580078125,2197.96728515625,2184.0615234375
2470.png,0,0,0,0.00404458399862051,2977.73828125,2433.78564453125,3017.650634765625,2461.122314453125
2470.png,0,0,0,0.004031909164041281,2542.91357421875,3092.333984375,2578.230712890625,3136.159912109375
2470.png,0,0,0,0.004019873216748238,698.8707885742188,2336.768798828125,739.1173706054688,2377.087890625
2470.png,0,0,0,0.004000530578196049,1257.0389404296875,402.8315124511719,1275.4339599609375,423.3593444824219
2470.png,0,0,0,0.0039794002659618855,875.7731323242188,1169.078857421875,899.3741455078125,1191.355712890625
2470.png,0,0,0,0.003964662551879883,2616.596923828125,2256.55517578125,2650.646240234375,2289.03662109375
2470.png,0,0,0,0.003953908570110798,27.117469787597656,2165.395751953125,60.47605514526367,2187.5888671875
2470.png,0,0,0,0.003916340880095959,2618.06298828125,2256.879638671875,2657.143310546875,2294.193115234375
2470.png,0,0,0,0.0038992688059806824,697.5062255859375,2601.59326171875,739.111572265625,2626.57666015625
2470.png,0,0,0,0.0038659079000353813,2301.359619140625,2178.9609375,2345.38525390625,2218.134033203125
2470.png,0,0,0,0.0038463606033474207,1196.83056640625,2217.140869140625,1229.41064453125,2256.26318359375
2470.png,0,0,0,0.0038413614965975285,1022.7196044921875,2644.14892578125,1059.7899169921875,2682.913818359375
2470.png,0,0,0,0.0038333686534315348,1174.0882568359375,2301.24169921875,1221.2027587890625,2337.57177734375
2470.png,0,0,0,0.0038218884728848934,416.9840393066406,1936.632568359375,458.7416076660156,1969.1767578125
2470.png,0,0,0,0.0038095104973763227,1977.4256591796875,2653.2626953125,2016.69775390625,2673.828857421875
2470.png,0,0,0,0.003804496256634593,1029.7169189453125,2017.4095458984375,1061.463623046875,2059.989990234375
2470.png,0,0,0,0.003780021797865629,658.96728515625,1737.780517578125,699.3577270507812,1773.154296875
2470.png,0,0,0,0.0037778192199766636,139.3054656982422,2054.69482421875,179.75242614746094,2099.94970703125
2470.png,0,0,0,0.003774608252570033,1208.6439208984375,2055.18505859375,1233.163330078125,2097.556884765625
2470.png,0,0,0,0.0037636400666087866,1320.4078369140625,415.97039794921875,1340.3194580078125,435.80810546875
2470.png,0,0,0,0.003743767971172929,2220.78759765625,2451.625244140625,2269.127197265625,2484.247314453125
2470.png,0,0,0,0.003714893711730838,1125.467529296875,2347.094970703125,1154.6341552734375,2379.67822265625
2470.png,0,0,0,0.0036886832676827908,1302.4927978515625,2935.34912109375,1338.7197265625,2961.401123046875
2470.png,0,0,0,0.0036871624179184437,812.6124267578125,2056.70263671875,860.2180786132812,2087.900634765625
2470.png,0,0,0,0.0036829854361712933,3015.839599609375,2213.592529296875,3062.939453125,2257.306640625
2470.png,0,0,0,0.003668419551104307,1035.9345703125,2376.158935546875,1074.3321533203125,2404.543212890625
2470.png,0,0,0,0.003664399264380336,2017.45458984375,2012.7857666015625,2062.3251953125,2035.728515625
2470.png,0,0,0,0.00366035383194685,1976.2713623046875,2796.703125,2007.6920166015625,2829.717041015625
2470.png,0,0,0,0.0036559677682816982,3065.52734375,2216.704833984375,3111.06982421875,2244.8466796875
2470.png,0,0,0,0.00362975406460464,2901.000732421875,2136.735107421875,2940.423828125,2171.8984375
2470.png,0,0,0,0.003588995663449168,2740.84765625,3092.79150390625,2777.82763671875,3125.428955078125
2470.png,0,0,0,0.0035870657302439213,898.12646484375,2570.788818359375,941.4718627929688,2604.462646484375
2470.png,0,0,0,0.003581942757591605,2097.35791015625,1777.2506103515625,2140.7490234375,1799.8648681640625
2470.png,0,0,0,0.0035721855238080025,2213.389892578125,2415.515625,2258.552978515625,2455.440185546875
2470.png,0,0,0,0.0035556096117943525,1013.9083251953125,738.7409057617188,1058.7259521484375,773.2533569335938
2470.png,0,0,0,0.0035506628919392824,2640.07421875,2158.046142578125,2696.770751953125,2194.561767578125
2470.png,0,0,0,0.003549951361492276,938.6648559570312,374.9056091308594,985.6112670898438,400.659912109375
2470.png,0,0,0,0.003533479291945696,3016.095703125,2336.685302734375,3054.7109375,2374.327392578125
2470.png,0,0,0,0.003501466242596507,783.2113037109375,59.53683090209961,822.4014282226562,101.47537994384766
2470.png,0,0,0,0.0034957907628268003,3025.123779296875,2337.057861328125,3058.40625,2378.703857421875
2470.png,0,0,0,0.0034893848933279514,1065.765625,2575.696044921875,1099.1334228515625,2590.41162109375
2470.png,0,0,0,0.0034878281876444817,2424.893798828125,3121.89453125,2457.00390625,3161.32080078125
2470.png,0,0,0,0.0034773927181959152,2013.4600830078125,2926.428466796875,2045.78515625,2976.358642578125
2470.png,0,0,0,0.003460564184933901,962.5208129882812,1494.1138916015625,983.3656616210938,1518.25
2470.png,0,0,0,0.00343533419072628,2393.001220703125,2416.90869140625,2429.393798828125,2459.0
2470.png,0,0,0,0.003422082867473364,763.1182861328125,2154.0048828125,819.064453125,2189.46826171875
2470.png,0,0,0,0.0033957441337406635,558.8638916015625,174.96994018554688,596.852294921875,207.15191650390625
2470.png,0,0,0,0.0033945483155548573,2616.546630859375,2199.3232421875,2652.306396484375,2226.469482421875
2470.png,0,0,0,0.003393554827198386,1954.3994140625,3174.191650390625,1983.9747314453125,3189.510009765625
2470.png,0,0,0,0.0033909077756106853,1794.1412353515625,1614.8648681640625,1824.7286376953125,1657.95947265625
2470.png,0,0,0,0.0033883112482726574,977.85302734375,2072.729736328125,1012.6437377929688,2100.336669921875
2470.png,0,0,0,0.0033743055537343025,2553.783447265625,2972.076171875,2585.017333984375,3016.270263671875
2470.png,0,0,0,0.0033687122631818056,139.13221740722656,2168.95556640625,189.8461151123047,2199.398193359375
2470.png,0,0,0,0.0033616258297115564,2033.2005615234375,2004.9896240234375,2066.406005859375,2057.53369140625
2470.png,0,0,0,0.003336155554279685,222.28146362304688,2129.530517578125,260.1054992675781,2157.72216796875
2470.png,0,0,0,0.0033359082881361246,1693.308349609375,1879.94970703125,1720.9671630859375,1905.662109375
2470.png,0,0,0,0.0033318379428237677,766.4368286132812,738.9418334960938,802.8856811523438,779.5172729492188
2470.png,0,0,0,0.003314914181828499,419.2041931152344,2112.8935546875,462.7961730957031,2145.555908203125
2470.png,0,0,0,0.003294947324320674,534.8026733398438,1892.1170654296875,564.1132202148438,1918.59521484375
2470.png,0,0,0,0.0032943757250905037,735.9833374023438,2173.62841796875,780.0233764648438,2217.259521484375
2470.png,0,0,0,0.0032908516004681587,2413.5263671875,3020.596923828125,2459.902587890625,3061.916748046875
2470.png,0,0,0,0.003286279970780015,2296.84716796875,2173.11376953125,2337.089111328125,2206.205322265625
2470.png,0,0,0,0.0032571181654930115,2044.5501708984375,2368.43798828125,2080.083740234375,2392.880126953125
2470.png,0,0,0,0.003254305338487029,3099.673583984375,2966.490478515625,3137.6728515625,2992.593017578125
2470.png,0,0,0,0.003250882728025317,578.640869140625,138.68356323242188,616.8140869140625,181.0499725341797
2470.png,0,0,0,0.003225751454010606,657.2929077148438,1747.4215087890625,700.9595947265625,1779.3502197265625
2470.png,0,0,0,0.0032204140443354845,1617.943359375,2253.46875,1657.5811767578125,2276.125244140625
2470.png,0,0,0,0.0032061433885246515,813.9375,117.77721405029297,861.451904296875,152.33226013183594
2470.png,0,0,0,0.003204918233677745,964.199462890625,379.87103271484375,994.7108764648438,420.3344421386719
2470.png,0,0,0,0.003201802959665656,1693.0318603515625,1810.20703125,1715.3250732421875,1841.18896484375
2470.png,0,0,0,0.003196825971826911,2875.1044921875,2816.40185546875,2909.393798828125,2864.661865234375
2470.png,0,0,0,0.0031869958620518446,1149.1263427734375,51.72572326660156,1179.3759765625,79.04491424560547
2470.png,0,0,0,0.0031847914215177298,2856.2216796875,2845.773193359375,2909.983154296875,2867.166015625
2470.png,0,0,0,0.003184532281011343,978.6935424804688,2057.1396484375,1019.63720703125,2093.653564453125
2470.png,0,0,0,0.003182190004736185,855.214599609375,2395.392333984375,888.7308349609375,2425.83935546875
2470.png,0,0,0,0.003181653330102563,694.9694213867188,1960.6741943359375,715.9158325195312,1983.0333251953125
2470.png,0,0,0,0.003171732882037759,2772.857666015625,1882.770263671875,2793.314453125,1905.984619140625
2470.png,0,0,0,0.0031699994578957558,1098.5120849609375,2182.5205078125,1138.8367919921875,2218.09375
2470.png,0,0,0,0.003158876206725836,3041.5869140625,2260.07763671875,3072.862548828125,2298.548828125
2470.png,0,0,0,0.003155399113893509,1095.1790771484375,2333.1796875,1139.49951171875,2357.754150390625
2470.png,0,0,0,0.003148308489471674,1636.331298828125,1877.6151123046875,1662.12353515625,1915.040771484375
2470.png,0,0,0,0.0031382706947624683,2397.734619140625,2466.05078125,2457.549072265625,2498.835693359375
2470.png,0,0,0,0.00312144891358912,698.8727416992188,814.4871215820312,739.6932373046875,834.1602783203125
2470.png,0,0,0,0.003111866768449545,1135.9229736328125,1376.8936767578125,1163.80712890625,1410.740478515625
2470.png,0,0,0,0.003106640186160803,272.9526062011719,2983.57666015625,305.5665283203125,3019.744873046875
2470.png,0,0,0,0.003091122955083847,423.8984069824219,2120.326171875,460.8199768066406,2154.005126953125
2470.png,0,0,0,0.003090517595410347,2081.667236328125,2914.28466796875,2118.354736328125,2923.9248046875
2470.png,0,0,0,0.0030817207880318165,881.0092163085938,1553.9483642578125,920.6068725585938,1565.1934814453125
2470.png,0,0,0,0.0030754313338547945,690.8646240234375,871.8331909179688,714.6708984375,900.7513427734375
2470.png,0,0,0,0.0030669025145471096,1008.69482421875,243.72169494628906,1030.2791748046875,299.96966552734375
2470.png,0,0,0,0.0030661560595035553,3053.0576171875,3164.856201171875,3078.061767578125,3188.23583984375
2470.png,0,0,0,0.003064109943807125,437.0733337402344,2172.611083984375,471.51739501953125,2217.356201171875
2470.png,0,0,0,0.003052104962989688,419.3814392089844,2170.250244140625,469.6473388671875,2196.67724609375
2470.png,0,0,0,0.0030079055577516556,2481.98046875,3072.81494140625,2519.278076171875,3084.28857421875
2470.png,0,0,0,0.0029845579992979765,498.6044921875,2257.01708984375,535.5739135742188,2299.061767578125
2470.png,0,0,0,0.002982878591865301,689.3718872070312,854.38671875,714.3973388671875,876.0869750976562
2470.png,0,0,0,0.002975267358124256,1958.7608642578125,2256.998046875,1997.8385009765625,2321.990234375
2470.png,0,0,0,0.002968687331303954,1604.792724609375,1817.4622802734375,1628.9537353515625,1859.4720458984375
2470.png,0,0,0,0.002968183485791087,611.152099609375,707.783203125,637.0408325195312,741.0278930664062
2470.png,0,0,0,0.0029623019509017467,2221.618408203125,3012.42919921875,2268.496826171875,3026.178955078125
2470.png,0,0,0,0.0029462494421750307,2673.474365234375,2769.959716796875,2700.0166015625,2794.417724609375
2470.png,0,0,0,0.0029438117053359747,986.542724609375,2496.51513671875,1029.0767822265625,2541.154541015625
2470.png,0,0,0,0.0029198089614510536,816.2020263671875,2059.597900390625,849.8643798828125,2099.3974609375
2470.png,0,0,0,0.0029155947268009186,2885.748046875,2844.083740234375,2938.52880859375,2873.4462890625
2470.png,0,0,0,0.0028902622871100903,2525.114013671875,3083.424072265625,2560.640869140625,3136.4521484375
2470.png,0,0,0,0.0028655275236815214,2079.49951171875,2916.656494140625,2137.469482421875,2944.6572265625
2470.png,0,0,0,0.0028654630295932293,2395.667724609375,2452.647216796875,2458.3681640625,2488.764892578125
2470.png,0,0,0,0.002854187972843647,2266.041259765625,2022.6292724609375,2304.440185546875,2058.053955078125
2470.png,0,0,0,0.0028328218031674623,874.6112670898438,210.8436737060547,916.6527709960938,260.5948791503906
2470.png,0,0,0,0.0028268799651414156,1122.3914794921875,2035.7054443359375,1159.025634765625,2042.5833740234375
2470.png,0,0,0,0.0028178654611110687,142.5381317138672,2208.694580078125,184.01637268066406,2258.22998046875
2472.png,0,0,0,0.05469239130616188,1650.6038818359375,2888.00732421875,1664.660400390625,2910.192626953125
2472.png,0,0,0,0.04987388104200363,1678.25146484375,1776.8939208984375,1697.91162109375,1789.1517333984375
2472.png,0,0,0,0.04570244997739792,930.7017822265625,2091.112060546875,940.9736938476562,2107.707763671875
2472.png,0,0,0,0.03403502330183983,1537.7457275390625,2688.229248046875,1555.0135498046875,2707.87255859375
2472.png,0,0,0,0.026180783286690712,898.4264526367188,1928.8172607421875,914.8926391601562,1944.435791015625
2472.png,0,0,0,0.02608456090092659,963.3408203125,2644.984375,979.0778198242188,2666.46630859375
2472.png,0,0,0,0.02587667852640152,2686.757080078125,3062.2763671875,2710.8974609375,3096.3330078125
2472.png,0,0,0,0.025482075288891792,2296.613525390625,2726.169921875,2314.36962890625,2754.208740234375
2472.png,0,0,0,0.025331532582640648,1271.875244140625,2247.539794921875,1298.3817138671875,2266.953369140625
2472.png,0,0,0,0.02528061904013157,1486.0081787109375,1002.1049194335938,1512.12060546875,1053.0726318359375
2472.png,0,0,0,0.022360971197485924,1937.3759765625,1093.0699462890625,1956.8402099609375,1107.6754150390625
2472.png,0,0,0,0.022125976160168648,1537.7735595703125,2010.437744140625,1553.745361328125,2037.1578369140625
2472.png,0,0,0,0.021635955199599266,848.0569458007812,607.9227905273438,861.0006713867188,629.888427734375
2472.png,0,0,0,0.021169008687138557,815.2733764648438,1210.06494140625,834.7977294921875,1232.1732177734375
2472.png,0,0,0,0.020401500165462494,1006.9378662109375,1387.6278076171875,1021.4192504882812,1418.3970947265625
2472.png,0,0,0,0.019987644627690315,1583.0533447265625,2903.99365234375,1617.9825439453125,2938.99267578125
2472.png,0,0,0,0.019924014806747437,548.2843017578125,973.9508056640625,579.289306640625,994.0830688476562
2472.png,0,0,0,0.019345013424754143,1258.4185791015625,2248.838134765625,1279.102783203125,2268.20361328125
2472.png,0,0,0,0.019262010231614113,1310.6748046875,654.952392578125,1338.39892578125,671.1607666015625
2472.png,0,0,0,0.018796958029270172,2374.711669921875,2845.94677734375,2397.412109375,2864.65869140625
2472.png,0,0,0,0.018613360822200775,1438.0087890625,2361.09912109375,1458.205078125,2386.44482421875
2472.png,0,0,0,0.01820303313434124,1978.28369140625,1258.37548828125,2017.5174560546875,1276.903076171875
2472.png,0,0,0,0.017805757001042366,1601.7559814453125,529.0697631835938,1619.312744140625,549.47509765625
2472.png,0,0,0,0.017805390059947968,1567.132568359375,2945.096435546875,1591.43017578125,2977.053466796875
2472.png,0,0,0,0.017757371068000793,1017.677734375,2961.801025390625,1036.4967041015625,2985.487060546875
2472.png,0,0,0,0.01750493049621582,2855.870361328125,2736.431396484375,2885.51953125,2753.2939453125
2472.png,0,0,0,0.017164485529065132,276.9664306640625,1406.212158203125,299.8028259277344,1430.1287841796875
2472.png,0,0,0,0.01709313504397869,1536.6336669921875,1696.845458984375,1553.858154296875,1716.366943359375
2472.png,0,0,0,0.017000053077936172,817.931396484375,2547.24462890625,836.3531494140625,2577.6748046875
2472.png,0,0,0,0.016841432079672813,1374.9632568359375,2376.32666015625,1392.8360595703125,2406.7451171875
2472.png,0,0,0,0.016298852860927582,2995.956787109375,2728.81689453125,3017.064453125,2746.96923828125
2472.png,0,0,0,0.01627027615904808,338.1633605957031,2093.304443359375,354.9889831542969,2108.50341796875
2472.png,0,0,0,0.016133416444063187,1364.9552001953125,604.859375,1381.319580078125,629.0746459960938
2472.png,0,0,0,0.01589103788137436,2445.091796875,1256.836181640625,2457.91552734375,1274.6802978515625
2472.png,0,0,0,0.01571815460920334,1737.2138671875,2128.038330078125,1757.065185546875,2147.107666015625
2472.png,0,0,0,0.015283940359950066,1577.060302734375,956.8098754882812,1600.460693359375,989.2491455078125
2472.png,0,0,0,0.015047164633870125,1643.6695556640625,1937.56005859375,1673.20654296875,1963.724853515625
2472.png,0,0,0,0.014986037276685238,2935.783447265625,3048.337158203125,2987.519287109375,3064.145751953125
2472.png,0,0,0,0.01485019363462925,1481.9005126953125,997.4860229492188,1506.8912353515625,1058.7054443359375
2472.png,0,0,0,0.014837893657386303,2704.386962890625,2257.04296875,2738.052001953125,2276.719970703125
2472.png,0,0,0,0.01456447970122099,1766.8935546875,1853.32470703125,1786.433349609375,1869.4793701171875
2472.png,0,0,0,0.014498168602585793,1458.143798828125,866.6171264648438,1479.6220703125,911.3529663085938
2472.png,0,0,0,0.014363664202392101,2610.670654296875,2287.60302734375,2632.21337890625,2310.670166015625
2472.png,0,0,0,0.01428595557808876,1462.779296875,887.1337280273438,1498.21337890625,925.2572631835938
2472.png,0,0,0,0.014137666672468185,1218.1832275390625,809.4248657226562,1245.8375244140625,827.5772094726562
2472.png,0,0,0,0.014012438245117664,2491.5556640625,2536.8173828125,2536.927978515625,2560.153076171875
2472.png,0,0,0,0.013733449392020702,858.8617553710938,1178.180419921875,885.2731323242188,1212.830078125
2472.png,0,0,0,0.01369674876332283,1717.655517578125,918.9612426757812,1738.045654296875,942.3938598632812
2472.png,0,0,0,0.013653142377734184,845.8842163085938,2386.684814453125,875.3380126953125,2417.82763671875
2472.png,0,0,0,0.013477877713739872,41.663028717041016,3095.98486328125,61.666015625,3120.76953125
2472.png,0,0,0,0.013338545337319374,2496.09228515625,2536.8095703125,2532.9853515625,2554.394287109375
2472.png,0,0,0,0.013126866891980171,1571.907470703125,2926.551025390625,1592.10009765625,2964.978271484375
2472.png,0,0,0,0.01307483296841383,998.9987182617188,699.0481567382812,1020.127685546875,729.8123779296875
2472.png,0,0,0,0.013028765097260475,1457.6629638671875,855.0771484375,1475.1600341796875,899.8681640625
2472.png,0,0,0,0.013022548519074917,1417.0458984375,2366.09228515625,1434.99951171875,2392.728271484375
2472.png,0,0,0,0.0129757234826684,660.8771362304688,3040.1572265625,699.146484375,3064.580322265625
2472.png,0,0,0,0.012883476912975311,1934.3128662109375,1096.2967529296875,1977.611328125,1117.7872314453125
2472.png,0,0,0,0.012808063998818398,2096.279296875,2844.01953125,2140.439697265625,2859.2763671875
2472.png,0,0,0,0.012759932316839695,2516.3544921875,3013.044189453125,2537.467041015625,3026.752685546875
2472.png,0,0,0,0.012756556272506714,1777.2977294921875,1895.0992431640625,1801.6776123046875,1907.304443359375
2472.png,0,0,0,0.012627975083887577,1771.944580078125,1646.374267578125,1793.7742919921875,1665.9908447265625
2472.png,0,0,0,0.012607675045728683,2474.6767578125,3045.355712890625,2497.78955078125,3066.3701171875
2472.png,0,0,0,0.012584973126649857,1734.54052734375,2126.87353515625,1777.7908935546875,2151.072265625
2472.png,0,0,0,0.012509423308074474,219.5948944091797,2696.28466796875,250.73687744140625,2732.073486328125
2472.png,0,0,0,0.01242870558053255,1657.89453125,652.4652709960938,1684.595703125,668.9000854492188
2472.png,0,0,0,0.012381231412291527,1730.2164306640625,632.7586669921875,1751.581298828125,661.2620849609375
2472.png,0,0,0,0.012235620059072971,1477.1273193359375,978.7465209960938,1508.2659912109375,1040.8115234375
2472.png,0,0,0,0.012130205519497395,719.5387573242188,2608.705810546875,739.6531982421875,2626.78271484375
2472.png,0,0,0,0.012129736132919788,1823.754638671875,579.2330322265625,1857.9561767578125,603.9432983398438
2472.png,0,0,0,0.012107382528483868,67.72988891601562,1574.32421875,106.94184875488281,1598.5352783203125
2472.png,0,0,0,0.012105756439268589,621.1766967773438,2876.416015625,660.9962158203125,2907.137939453125
2472.png,0,0,0,0.012104558758437634,161.80943298339844,1414.1361083984375,180.23143005371094,1434.3497314453125
2472.png,0,0,0,0.012072104960680008,1497.256103515625,486.58392333984375,1516.4337158203125,505.22332763671875
2472.png,0,0,0,0.011969992890954018,1756.25732421875,2797.453369140625,1777.957763671875,2820.539794921875
2472.png,0,0,0,0.011921501718461514,1298.316650390625,653.8809814453125,1333.7203369140625,671.2369995117188
2472.png,0,0,0,0.011916638351976871,257.96533203125,1679.5703125,279.4454040527344,1702.303955078125
2472.png,0,0,0,0.01184162124991417,489.4342956542969,3009.83349609375,505.4553527832031,3031.407470703125
2472.png,0,0,0,0.011715231463313103,1258.3883056640625,854.1325073242188,1282.7867431640625,890.1655883789062
2472.png,0,0,0,0.01169988326728344,1760.1580810546875,378.2466125488281,1781.6292724609375,399.1289978027344
2472.png,0,0,0,0.011650726199150085,1643.7054443359375,949.224609375,1659.202392578125,980.6123046875
2472.png,0,0,0,0.011545642279088497,2575.619873046875,2989.185546875,2594.912841796875,3018.02392578125
2472.png,0,0,0,0.011484598740935326,559.4143676757812,2933.36279296875,579.3385009765625,2955.928466796875
2472.png,0,0,0,0.011383464559912682,2216.6728515625,2933.44189453125,2240.087890625,2950.890869140625
2472.png,0,0,0,0.011338107287883759,475.2703552246094,1616.79638671875,510.7421569824219,1635.850341796875
2472.png,0,0,0,0.011243198066949844,1494.75244140625,1001.4492797851562,1538.079345703125,1046.3543701171875
2472.png,0,0,0,0.01118521112948656,1263.30322265625,853.6566162109375,1298.41552734375,895.8770751953125
2472.png,0,0,0,0.01116950623691082,859.3450317382812,1178.1246337890625,898.9588623046875,1214.994140625
2472.png,0,0,0,0.01116766408085823,458.74462890625,1496.6680908203125,486.006591796875,1525.83447265625
2472.png,0,0,0,0.010965976864099503,1091.972900390625,1046.019775390625,1107.7386474609375,1073.9453125
2472.png,0,0,0,0.010865896008908749,1161.0263671875,996.7584838867188,1192.9429931640625,1025.853515625
2472.png,0,0,0,0.010834014043211937,1719.511474609375,1936.8931884765625,1743.5682373046875,1950.7760009765625
2472.png,0,0,0,0.010822153650224209,525.3631591796875,3079.703369140625,542.836181640625,3099.612548828125
2472.png,0,0,0,0.010806992650032043,1362.4127197265625,2376.297119140625,1387.2584228515625,2416.9921875
2472.png,0,0,0,0.010805735364556313,1648.3475341796875,578.3582153320312,1672.3511962890625,603.9868774414062
2472.png,0,0,0,0.010796589776873589,1858.0775146484375,1777.371826171875,1897.638916015625,1792.428955078125
2472.png,0,0,0,0.010766868479549885,1574.380859375,937.0134887695312,1596.6766357421875,970.4835205078125
2472.png,0,0,0,0.01072660181671381,1592.0068359375,938.5198974609375,1618.009765625,977.5206298828125
2472.png,0,0,0,0.010708928108215332,1108.2435302734375,855.147705078125,1139.5428466796875,870.20361328125
2472.png,0,0,0,0.010550040751695633,500.4915771484375,1577.9140625,540.0471801757812,1612.912353515625
2472.png,0,0,0,0.010545069351792336,490.9641418457031,1585.765869140625,539.3704833984375,1618.9873046875
2472.png,0,0,0,0.010528354905545712,627.0316162109375,2954.625,659.885009765625,2978.927978515625
2472.png,0,0,0,0.010526989586651325,1443.261474609375,1617.1602783203125,1466.7110595703125,1640.35693359375
2472.png,0,0,0,0.010462108999490738,647.02880859375,1068.705322265625,665.9805908203125,1099.3734130859375
2472.png,0,0,0,0.010377677157521248,1098.563720703125,2656.643310546875,1134.65625,2694.884033203125
2472.png,0,0,0,0.010335578583180904,210.21426391601562,1428.2825927734375,233.219482421875,1458.952880859375
2472.png,0,0,0,0.010326588526368141,1657.8509521484375,3126.37158203125,1675.4722900390625,3148.710693359375
2472.png,0,0,0,0.010304789058864117,1977.4296875,1258.297119140625,2010.936279296875,1273.907958984375
2472.png,0,0,0,0.01023791916668415,2369.649169921875,2851.659912109375,2417.103271484375,2872.513916015625
2472.png,0,0,0,0.010159649886190891,1761.9312744140625,1811.1090087890625,1778.3712158203125,1828.1583251953125
2472.png,0,0,0,0.009978486225008965,2854.1787109375,2739.21826171875,2871.984130859375,2776.60498046875
2472.png,0,0,0,0.009931845590472221,1657.5146484375,2217.65380859375,1671.9259033203125,2257.224609375
2472.png,0,0,0,0.009908906184136868,2094.859619140625,2805.714599609375,2133.84521484375,2826.919677734375
2472.png,0,0,0,0.009831392206251621,1657.8470458984375,2216.7119140625,1683.2259521484375,2249.363525390625
2472.png,0,0,0,0.009827095083892345,1576.3834228515625,2896.365966796875,1597.739990234375,2947.547607421875
2472.png,0,0,0,0.009779438376426697,1414.4505615234375,2562.138916015625,1435.237548828125,2582.48681640625
2472.png,0,0,0,0.009772324934601784,2245.8505859375,2873.4599609375,2272.2412109375,2898.817626953125
2472.png,0,0,0,0.009768453426659107,2291.687744140625,2709.708740234375,2307.43115234375,2776.534912109375
2472.png,0,0,0,0.009743845090270042,2734.586669921875,3010.099365234375,2755.668701171875,3048.058349609375
2472.png,0,0,0,0.009553603827953339,1775.947509765625,1897.540283203125,1820.458984375,1918.59423828125
2472.png,0,0,0,0.009538238868117332,1608.8480224609375,440.7644958496094,1631.291748046875,464.9700622558594
2472.png,0,0,0,0.009448478929698467,607.8051147460938,3160.99267578125,636.3776245117188,3189.017822265625
2472.png,0,0,0,0.009438232518732548,1659.9407958984375,2216.72216796875,1698.0194091796875,2254.0712890625
2472.png,0,0,0,0.009427940472960472,868.3777465820312,771.8980102539062,899.5173950195312,794.2237548828125
2472.png,0,0,0,0.009389937855303288,658.912109375,3041.198486328125,679.7496948242188,3065.877685546875
2472.png,0,0,0,0.009379231370985508,3020.62255859375,3016.207275390625,3071.52685546875,3040.400634765625
2472.png,0,0,0,0.009356522001326084,3111.9384765625,2851.671142578125,3141.37548828125,2869.671142578125
2472.png,0,0,0,0.009327092207968235,2881.816162109375,2441.433837890625,2915.22900390625,2467.47998046875
2472.png,0,0,0,0.009326048195362091,1018.4561767578125,777.2679443359375,1039.0657958984375,804.9996337890625
2472.png,0,0,0,0.009301080368459225,1629.0499267578125,3015.42822265625,1657.9964599609375,3052.3291015625
2472.png,0,0,0,0.009285876527428627,1016.2244873046875,778.6768798828125,1058.7584228515625,814.1156005859375
2472.png,0,0,0,0.009166780859231949,1298.028076171875,1006.2403564453125,1321.6971435546875,1036.783203125
2472.png,0,0,0,0.009143647737801075,270.99725341796875,2654.832275390625,299.79132080078125,2677.13232421875
2472.png,0,0,0,0.0091321412473917,1721.0419921875,888.7246704101562,1737.98095703125,914.147705078125
2472.png,0,0,0,0.009127240628004074,2892.4775390625,2729.876953125,2936.406982421875,2749.473876953125
2472.png,0,0,0,0.009124417789280415,1684.1383056640625,2832.405029296875,1713.86669921875,2867.377197265625
2472.png,0,0,0,0.009102710522711277,1417.29833984375,703.3253784179688,1437.473876953125,741.08056640625
2472.png,0,0,0,0.009067493490874767,1533.1383056640625,2011.48486328125,1578.08203125,2051.545166015625
2472.png,0,0,0,0.008941367268562317,619.447021484375,2856.361328125,659.894775390625,2900.05615234375
2472.png,0,0,0,0.008941308595240116,2803.37158203125,2683.6591796875,2826.90966796875,2707.357421875
2472.png,0,0,0,0.008857952430844307,617.3851928710938,1455.2225341796875,638.205078125,1487.89404296875
2472.png,0,0,0,0.008835249580442905,1505.5833740234375,1808.8505859375,1538.6373291015625,1839.2154541015625
2472.png,0,0,0,0.008821255527436733,2816.181884765625,2456.708740234375,2853.638671875,2474.36181640625
2472.png,0,0,0,0.008816544897854328,1336.5340576171875,813.2047729492188,1391.056884765625,833.065185546875
2472.png,0,0,0,0.008744598366320133,812.0057373046875,2536.76220703125,836.15673828125,2578.071044921875
2472.png,0,0,0,0.008738677017390728,1006.0916137695312,711.3975830078125,1034.344482421875,740.4666748046875
2472.png,0,0,0,0.00873068068176508,1643.31689453125,1941.0679931640625,1672.03759765625,1977.66650390625
2472.png,0,0,0,0.008696458302438259,888.1268310546875,1848.0306396484375,910.7412109375,1870.1842041015625
2472.png,0,0,0,0.008625449612736702,286.4480285644531,2819.784423828125,312.7712097167969,2856.548828125
2472.png,0,0,0,0.008599461987614632,59.652503967285156,1575.1173095703125,98.09126281738281,1594.259033203125
2472.png,0,0,0,0.008559617213904858,1806.840576171875,528.7947387695312,1828.4071044921875,547.7261352539062
2472.png,0,0,0,0.00855394545942545,1461.9647216796875,857.287109375,1498.2818603515625,912.7904663085938
2472.png,0,0,0,0.008523378521203995,280.4653625488281,1084.2764892578125,300.5552673339844,1107.9083251953125
2472.png,0,0,0,0.00851862970739603,616.0579833984375,2166.4990234375,640.1665649414062,2190.8251953125
2472.png,0,0,0,0.00849536620080471,453.7308349609375,1497.6973876953125,499.5110168457031,1535.08251953125
2472.png,0,0,0,0.008451715111732483,2088.078857421875,2832.920166015625,2146.204833984375,2857.726318359375
2472.png,0,0,0,0.008425476960837841,2484.548828125,2541.175537109375,2514.63134765625,2576.8330078125
2472.png,0,0,0,0.008421370759606361,1657.9183349609375,1776.8094482421875,1696.8387451171875,1795.0074462890625
2472.png,0,0,0,0.00839681550860405,2323.284423828125,2674.12646484375,2352.4287109375,2708.310302734375
2472.png,0,0,0,0.008383778855204582,219.39645385742188,2699.67578125,245.20065307617188,2739.029541015625
2472.png,0,0,0,0.008383385837078094,2080.326171875,2775.897216796875,2112.791015625,2800.093017578125
2472.png,0,0,0,0.008279887028038502,259.61187744140625,1657.8802490234375,301.7256164550781,1696.7481689453125
2472.png,0,0,0,0.008252980187535286,408.00811767578125,1289.6575927734375,434.3210144042969,1316.5989990234375
2472.png,0,0,0,0.008247272111475468,539.317138671875,973.5850830078125,569.530517578125,995.9006958007812
2472.png,0,0,0,0.008229140192270279,839.1969604492188,2377.006103515625,870.1294555664062,2416.424560546875
2472.png,0,0,0,0.008218519389629364,459.3963623046875,1615.8292236328125,509.8864440917969,1636.4248046875
2472.png,0,0,0,0.00818457268178463,1839.0670166015625,2101.526123046875,1873.0924072265625,2139.254150390625
2472.png,0,0,0,0.008177407085895538,1701.7138671875,1056.5740966796875,1740.4246826171875,1074.263916015625
2472.png,0,0,0,0.008141029626131058,2175.566650390625,3163.688232421875,2194.87353515625,3186.927490234375
2472.png,0,0,0,0.008133944123983383,1123.9769287109375,1183.08203125,1151.1473388671875,1218.6820068359375
2472.png,0,0,0,0.008128063753247261,2819.426025390625,2614.3251953125,2856.609130859375,2629.33935546875
2472.png,0,0,0,0.008126099593937397,680.074462890625,2765.4521484375,704.418212890625,2793.59814453125
2472.png,0,0,0,0.008099309168756008,1006.7394409179688,3123.28955078125,1032.779541015625,3148.2412109375
2472.png,0,0,0,0.00809413194656372,1825.874267578125,2742.31005859375,1869.1898193359375,2776.63720703125
2472.png,0,0,0,0.008058334700763226,1657.457763671875,1937.4619140625,1708.708984375,1951.2520751953125
2472.png,0,0,0,0.008053792640566826,2286.518310546875,2726.5771484375,2337.201171875,2772.128173828125
2472.png,0,0,0,0.008040922693908215,1508.7254638671875,698.4867553710938,1543.896240234375,723.4725952148438
2472.png,0,0,0,0.008025704883038998,1561.99267578125,893.107421875,1593.2152099609375,911.7736206054688
2472.png,0,0,0,0.007953773252665997,1002.3546142578125,2885.7041015625,1025.419921875,2919.396240234375
2472.png,0,0,0,0.007936112582683563,1668.0240478515625,2177.091064453125,1697.939697265625,2214.254638671875
2472.png,0,0,0,0.007935947738587856,1958.5733642578125,2469.322509765625,1978.0750732421875,2497.59521484375
2472.png,0,0,0,0.007851189002394676,1841.854736328125,2091.578857421875,1870.9307861328125,2128.67578125
2472.png,0,0,0,0.007842839695513248,1018.0777587890625,778.84912109375,1035.2197265625,819.21044921875
2472.png,0,0,0,0.007806886453181505,2996.689453125,2491.47314453125,3021.6826171875,2514.417236328125
2472.png,0,0,0,0.0077584427781403065,1412.0751953125,698.5465087890625,1436.52880859375,736.0036010742188
2472.png,0,0,0,0.00769928889349103,324.0992126464844,1371.40234375,356.3918762207031,1397.27392578125
2472.png,0,0,0,0.007675394881516695,1492.0751953125,654.2525024414062,1522.550048828125,675.0594482421875
2472.png,0,0,0,0.007662578020244837,1709.73095703125,1951.817138671875,1744.8697509765625,1979.6436767578125
2472.png,0,0,0,0.007647408172488213,1775.6097412109375,423.97113037109375,1794.67041015625,459.78448486328125
2472.png,0,0,0,0.007608367595821619,898.4867553710938,92.02143096923828,926.7386474609375,115.70417785644531
2472.png,0,0,0,0.007594921626150608,1600.36328125,2895.8271484375,1619.5604248046875,2931.681884765625
2472.png,0,0,0,0.007590555585920811,1617.5010986328125,294.5710144042969,1642.88623046875,311.4385681152344
2472.png,0,0,0,0.007575556170195341,2487.494873046875,3101.422119140625,2513.1767578125,3137.712158203125
2472.png,0,0,0,0.007524801418185234,742.4061889648438,2656.463623046875,780.46826171875,2680.780517578125
2472.png,0,0,0,0.007518166676163673,1805.1490478515625,1808.415283203125,1819.501220703125,1829.4884033203125
2472.png,0,0,0,0.00749609712511301,541.3443603515625,1517.003662109375,585.489013671875,1548.4407958984375
2472.png,0,0,0,0.007443717680871487,1530.7916259765625,1998.849609375,1548.806884765625,2057.446044921875
2472.png,0,0,0,0.0074112387374043465,1669.37890625,656.856689453125,1697.883544921875,671.7208862304688
2472.png,0,0,0,0.0073763481341302395,900.3055419921875,93.25730895996094,940.1676635742188,121.90290832519531
2472.png,0,0,0,0.007375946268439293,1148.207763671875,978.67333984375,1185.6641845703125,1015.00634765625
2472.png,0,0,0,0.0073702652007341385,1174.86669921875,2405.865234375,1197.1920166015625,2427.97802734375
2472.png,0,0,0,0.007354252506047487,280.82354736328125,2695.18896484375,304.9416809082031,2722.92578125
2472.png,0,0,0,0.007345871534198523,1937.2376708984375,930.4198608398438,1963.028076171875,951.810302734375
2472.png,0,0,0,0.007331125903874636,542.8502807617188,1040.4554443359375,579.3411865234375,1065.2230224609375
2472.png,0,0,0,0.007294471841305494,2296.142578125,1278.0582275390625,2313.413818359375,1300.138916015625
2472.png,0,0,0,0.007281397469341755,2671.130859375,3054.39453125,2698.9462890625,3092.1669921875
2472.png,0,0,0,0.00726921996101737,492.03997802734375,1218.2105712890625,539.8501586914062,1248.0872802734375
2472.png,0,0,0,0.007257399149239063,283.1439514160156,2816.25048828125,306.55291748046875,2850.593505859375
2472.png,0,0,0,0.007245378568768501,1680.494384765625,692.0341186523438,1704.89990234375,716.5350341796875
2472.png,0,0,0,0.007226223591715097,1817.637451171875,339.4411926269531,1854.7744140625,375.11700439453125
2472.png,0,0,0,0.0072218021377921104,591.1339721679688,3093.97998046875,619.988037109375,3112.732177734375
2472.png,0,0,0,0.00719003239646554,2727.739013671875,3017.286376953125,2755.5595703125,3057.671630859375
2472.png,0,0,0,0.00717471819370985,259.5416564941406,1409.235595703125,284.27862548828125,1432.20947265625
2472.png,0,0,0,0.007148658856749535,1633.2568359375,3030.60986328125,1658.3009033203125,3062.52783203125
2472.png,0,0,0,0.007110671140253544,2938.847900390625,3054.478759765625,2992.186767578125,3074.361328125
2472.png,0,0,0,0.007085199002176523,1596.3602294921875,3038.979736328125,1633.461669921875,3066.677001953125
2472.png,0,0,0,0.007069848012179136,1681.0443115234375,2816.1884765625,1713.1707763671875,2853.466064453125
2472.png,0,0,0,0.007062260527163744,3039.49853515625,3015.674560546875,3096.167236328125,3036.634765625
2472.png,0,0,0,0.007015737239271402,2696.599853515625,2254.388671875,2743.488037109375,2275.45849609375
2472.png,0,0,0,0.006962236016988754,491.195556640625,1218.3504638671875,527.39208984375,1251.4605712890625
2472.png,0,0,0,0.006948551628738642,2063.095703125,2734.196533203125,2097.803466796875,2753.284423828125
2472.png,0,0,0,0.006943871267139912,426.5279541015625,2816.325927734375,459.5124816894531,2838.1572265625
2472.png,0,0,0,0.006940967869013548,890.482666015625,1929.00732421875,938.8416137695312,1955.356689453125
2472.png,0,0,0,0.006874929182231426,2856.74169921875,2736.5068359375,2908.218994140625,2756.000244140625
2472.png,0,0,0,0.006869243923574686,738.6796264648438,2968.595458984375,770.8911743164062,3003.8515625
2472.png,0,0,0,0.0068559227511286736,1737.787353515625,1792.3260498046875,1774.068603515625,1823.716796875
2472.png,0,0,0,0.006830916274338961,1098.4141845703125,2662.662353515625,1121.597900390625,2698.53662109375
2472.png,0,0,0,0.006814857013523579,1072.2403564453125,1086.9891357421875,1098.77197265625,1120.826416015625
2472.png,0,0,0,0.006809988524764776,1768.7774658203125,416.3425598144531,1794.2452392578125,443.74395751953125
2472.png,0,0,0,0.0068009160459041595,780.474609375,3105.768798828125,819.072265625,3137.14599609375
2472.png,0,0,0,0.00677834264934063,2981.03369140625,2896.275390625,3016.9111328125,2917.04833984375
2472.png,0,0,0,0.0067381663247942924,108.38500213623047,2975.228271484375,140.2053985595703,2993.383056640625
2472.png,0,0,0,0.006726657971739769,1054.8062744140625,1089.2523193359375,1080.8857421875,1114.294189453125
2472.png,0,0,0,0.006690483074635267,1416.4385986328125,2336.823486328125,1438.2186279296875,2384.140869140625
2472.png,0,0,0,0.0066782813519239426,1926.57958984375,1256.9677734375,1955.585693359375,1275.43701171875
2472.png,0,0,0,0.006625249516218901,610.7862548828125,3130.264404296875,635.3040771484375,3149.812744140625
2472.png,0,0,0,0.00662222458049655,2656.551513671875,3039.16455078125,2684.60302734375,3074.4560546875
2472.png,0,0,0,0.006541176233440638,3086.81201171875,2861.001220703125,3112.5068359375,2896.5048828125
2472.png,0,0,0,0.006530584301799536,1258.0413818359375,844.3170776367188,1275.13671875,898.901611328125
2472.png,0,0,0,0.006526097189635038,1537.2103271484375,2686.44677734375,1578.2801513671875,2721.03173828125
2472.png,0,0,0,0.0064974818378686905,1097.100341796875,2662.837158203125,1138.7279052734375,2697.5439453125
2472.png,0,0,0,0.006488635670393705,1674.966064453125,3157.19482421875,1699.10888671875,3182.429931640625
2472.png,0,0,0,0.006473544053733349,2214.83544921875,2616.198486328125,2259.5,2649.779296875
2472.png,0,0,0,0.0064442818984389305,298.69317626953125,450.87213134765625,323.111572265625,471.58953857421875
2472.png,0,0,0,0.006435754708945751,41.890037536621094,3097.877685546875,70.7186050415039,3136.2939453125
2472.png,0,0,0,0.006388641893863678,2274.00830078125,2696.4443359375,2304.804931640625,2749.335205078125
2472.png,0,0,0,0.006366788409650326,1603.2930908203125,3016.054443359375,1637.2008056640625,3054.479736328125
2472.png,0,0,0,0.006364146247506142,882.2373657226562,2872.898681640625,914.8308715820312,2904.294189453125
2472.png,0,0,0,0.006348167080432177,1119.73193359375,1177.1993408203125,1149.5560302734375,1210.0054931640625
2472.png,0,0,0,0.006341240834444761,1338.07763671875,2376.6298828125,1384.1610107421875,2413.6943359375
2472.png,0,0,0,0.006324353627860546,2409.86083984375,3085.249267578125,2439.539794921875,3117.705078125
2472.png,0,0,0,0.006319937761873007,1575.4852294921875,361.4781494140625,1595.9112548828125,388.7151794433594
2472.png,0,0,0,0.0063092359341681,322.5853576660156,2735.819580078125,343.20574951171875,2763.716796875
2472.png,0,0,0,0.0063020531088113785,2816.10205078125,2615.37060546875,2849.630615234375,2633.936279296875
2472.png,0,0,0,0.0062567247077822685,181.76522827148438,2091.925048828125,219.76870727539062,2112.231689453125
2472.png,0,0,0,0.006247511133551598,485.8264465332031,1228.910400390625,518.50634765625,1261.0504150390625
2472.png,0,0,0,0.006244489457458258,967.0178833007812,2374.57177734375,993.7913208007812,2401.74609375
2472.png,0,0,0,0.006232679821550846,255.43165588378906,1666.3956298828125,302.1935729980469,1699.19873046875
2472.png,0,0,0,0.006228726357221603,1655.0218505859375,580.3449096679688,1672.6395263671875,619.4734497070312
2472.png,0,0,0,0.006227758247405291,2739.786376953125,2386.716796875,2778.16357421875,2417.7919921875
2472.png,0,0,0,0.0062095471657812595,2566.737060546875,2976.23974609375,2594.63427734375,3020.29833984375
2472.png,0,0,0,0.006207481492310762,1528.9642333984375,1977.42626953125,1550.7293701171875,2030.223388671875
2472.png,0,0,0,0.006180096417665482,1872.078369140625,1891.6318359375,1909.779052734375,1905.93896484375
2472.png,0,0,0,0.006166425533592701,1655.3121337890625,1777.550048828125,1679.5811767578125,1818.8990478515625
2472.png,0,0,0,0.006132866721600294,1057.8450927734375,2363.726806640625,1085.842529296875,2393.73828125
2472.png,0,0,0,0.006122270133346319,2066.92919921875,2607.85302734375,2097.5224609375,2631.0576171875
2472.png,0,0,0,0.0061142160557210445,2057.367431640625,2723.3037109375,2097.4765625,2745.879150390625
2472.png,0,0,0,0.006112900096923113,371.0182800292969,2836.501220703125,399.5746154785156,2860.748291015625
2472.png,0,0,0,0.006083882413804531,3016.15625,3015.84716796875,3078.912109375,3045.603515625
2472.png,0,0,0,0.006074843928217888,1457.983642578125,975.6522216796875,1505.533935546875,1035.6156005859375
2472.png,0,0,0,0.006060183979570866,1127.6400146484375,1053.614990234375,1149.21728515625,1076.2293701171875
2472.png,0,0,0,0.006054809782654047,1522.9888916015625,1069.747314453125,1556.7686767578125,1099.0758056640625
2472.png,0,0,0,0.006048800423741341,2316.162109375,2655.946044921875,2342.43798828125,2694.258056640625
2472.png,0,0,0,0.006045877002179623,2478.767333984375,2537.39404296875,2537.32568359375,2576.788818359375
2472.png,0,0,0,0.006045863032341003,1934.7021484375,933.3179931640625,1977.770263671875,957.7780151367188
2472.png,0,0,0,0.006006439216434956,513.4202880859375,2886.417724609375,539.5466918945312,2908.591552734375
2472.png,0,0,0,0.006004511844366789,1587.8746337890625,962.3170166015625,1618.36376953125,992.56787109375
2472.png,0,0,0,0.005999905988574028,1528.3089599609375,1697.391357421875,1578.31103515625,1726.7012939453125
2472.png,0,0,0,0.005981350317597389,549.2105712890625,1497.6417236328125,587.1287841796875,1533.5230712890625
2472.png,0,0,0,0.005979076959192753,2560.029541015625,3163.852294921875,2579.616943359375,3186.7666015625
2472.png,0,0,0,0.005975150503218174,559.1513671875,2969.201904296875,583.4879760742188,2993.77197265625
2472.png,0,0,0,0.005951325874775648,852.4659423828125,2530.65869140625,876.6522827148438,2552.382080078125
2472.png,0,0,0,0.0059439875185489655,1536.8890380859375,2816.366455078125,1579.292724609375,2853.20166015625
2472.png,0,0,0,0.005940100643783808,356.978271484375,2255.522216796875,389.29803466796875,2273.84033203125
2472.png,0,0,0,0.005924654193222523,323.98858642578125,1047.0675048828125,353.9314270019531,1073.01220703125
2472.png,0,0,0,0.005893976427614689,1468.480712890625,1843.2047119140625,1499.128662109375,1870.3175048828125
2472.png,0,0,0,0.005886309314519167,1655.8648681640625,3096.025146484375,1683.695068359375,3139.33642578125
2472.png,0,0,0,0.005885360296815634,414.5864562988281,2946.360595703125,434.8407897949219,2977.82470703125
2472.png,0,0,0,0.005847446154803038,1657.6673583984375,453.9245300292969,1684.135986328125,477.9421691894531
2472.png,0,0,0,0.005847102031111717,854.713623046875,1185.3812255859375,877.6478271484375,1223.9876708984375
2472.png,0,0,0,0.005790540017187595,3092.95458984375,2856.162841796875,3127.77197265625,2877.006103515625
2472.png,0,0,0,0.005774053744971752,1457.5169677734375,343.0591125488281,1476.9683837890625,379.7164306640625
2472.png,0,0,0,0.005757338833063841,694.7206420898438,2681.59765625,717.9913940429688,2717.4873046875
2472.png,0,0,0,0.005739360582083464,1566.97412109375,333.9814147949219,1592.7115478515625,363.9538269042969
2472.png,0,0,0,0.005737907253205776,576.2892456054688,3069.57666015625,598.593505859375,3096.657470703125
2472.png,0,0,0,0.005719859153032303,1353.8935546875,539.1358032226562,1379.7803955078125,580.4362182617188
2472.png,0,0,0,0.005704435985535383,1534.63720703125,1697.1048583984375,1552.8121337890625,1738.1221923828125
2472.png,0,0,0,0.005692100152373314,1563.542724609375,2494.70947265625,1590.234130859375,2528.022216796875
2472.png,0,0,0,0.005661602132022381,389.1117858886719,1696.802490234375,423.7841796875,1731.527099609375
2472.png,0,0,0,0.005655103828758001,1888.85888671875,1872.97314453125,1937.73876953125,1899.4061279296875
2472.png,0,0,0,0.005611071363091469,1739.1661376953125,983.41552734375,1779.2447509765625,1019.8213500976562
2472.png,0,0,0,0.005608384497463703,1683.5966796875,3095.679443359375,1705.1663818359375,3115.610595703125
2472.png,0,0,0,0.005582071840763092,470.3347473144531,1701.7259521484375,507.79791259765625,1738.339111328125
2472.png,0,0,0,0.005577587056905031,2485.417724609375,3148.55517578125,2514.386474609375,3184.335693359375
2472.png,0,0,0,0.005530691239982843,1537.9735107421875,2815.035888671875,1578.4815673828125,2839.330322265625
2472.png,0,0,0,0.005505218170583248,498.1285400390625,1578.016845703125,539.1538696289062,1624.2095947265625
2472.png,0,0,0,0.0055013480596244335,2974.211669921875,2416.89404296875,3002.325927734375,2446.00048828125
2472.png,0,0,0,0.005495961289852858,1719.395751953125,619.1474609375,1746.3743896484375,658.8068237304688
2472.png,0,0,0,0.005493125878274441,1601.1436767578125,2273.35693359375,1626.891845703125,2308.40771484375
2472.png,0,0,0,0.00549235800281167,1833.6776123046875,1645.952392578125,1858.1099853515625,1664.28759765625
2472.png,0,0,0,0.005487840157002211,1297.967529296875,1009.986083984375,1340.6759033203125,1049.933349609375
2472.png,0,0,0,0.005486008711159229,1820.6346435546875,344.70574951171875,1859.304443359375,379.8551025390625
2472.png,0,0,0,0.005483482964336872,1446.4815673828125,191.2271728515625,1474.4696044921875,221.07057189941406
2472.png,0,0,0,0.005476131569594145,1387.7020263671875,290.7859802246094,1418.3070068359375,316.4306335449219
2472.png,0,0,0,0.0054674772545695305,1754.716064453125,976.8792114257812,1789.8829345703125,1004.1488647460938
2472.png,0,0,0,0.005460880231112242,459.1806335449219,2954.4931640625,479.9664001464844,2979.01953125
2472.png,0,0,0,0.005427478346973658,109.60893249511719,2414.18603515625,140.2331085205078,2433.2080078125
2472.png,0,0,0,0.005425306502729654,1255.85498046875,2418.640380859375,1275.1756591796875,2457.01171875
2472.png,0,0,0,0.005394886247813702,1577.608642578125,3040.59375,1620.4310302734375,3064.0390625
2472.png,0,0,0,0.0053938403725624084,1480.466796875,1921.603759765625,1499.984619140625,1942.734619140625
2472.png,0,0,0,0.005363898351788521,1320.9002685546875,692.8262939453125,1346.9571533203125,717.033935546875
2472.png,0,0,0,0.005358533933758736,1695.7322998046875,1043.8642578125,1731.7120361328125,1064.97705078125
2472.png,0,0,0,0.005350787658244371,1284.8594970703125,924.1157836914062,1316.4410400390625,956.4581298828125
2472.png,0,0,0,0.005336205009371042,2496.441650390625,3015.7568359375,2537.251708984375,3045.56201171875
2472.png,0,0,0,0.005333829205483198,279.2864685058594,2750.77197265625,307.3725891113281,2778.21337890625
2472.png,0,0,0,0.005332744214683771,1967.094970703125,884.8855590820312,1987.9112548828125,911.2078857421875
2472.png,0,0,0,0.005281603895127773,1528.93505859375,2656.614501953125,1556.11962890625,2711.11279296875
2472.png,0,0,0,0.005276934243738651,1292.7081298828125,804.3259887695312,1316.8660888671875,830.3173217773438
2472.png,0,0,0,0.005276636220514774,898.8287353515625,2094.279052734375,939.7202758789062,2114.714599609375
2472.png,0,0,0,0.005270037800073624,218.05381774902344,2864.827392578125,259.85040283203125,2897.250732421875
2472.png,0,0,0,0.005243060179054737,161.13011169433594,597.4413452148438,183.69033813476562,626.7482299804688
2472.png,0,0,0,0.005236518103629351,849.733154296875,2525.639892578125,898.969970703125,2556.982421875
2472.png,0,0,0,0.005220046266913414,2233.90576171875,2856.208251953125,2271.891845703125,2894.7685546875
2472.png,0,0,0,0.005217897705733776,268.9544677734375,2496.5927734375,303.05035400390625,2529.40380859375
2472.png,0,0,0,0.005206719506531954,1577.40625,2135.613525390625,1618.7802734375,2159.6591796875
2543.png,0,0,0,0.1966436803340912,2276.748779296875,1269.4462890625,2311.70556640625,1283.3670654296875
2543.png,0,0,0,0.08664681017398834,1474.025634765625,1831.485107421875,1489.7640380859375,1852.2705078125
2543.png,0,0,0,0.05913931503891945,964.23583984375,1587.982421875,980.934814453125,1603.328125
2543.png,0,0,0,0.05102287977933884,2107.76416015625,1378.63037109375,2134.518798828125,1409.3978271484375
2543.png,0,0,0,0.04236409813165665,474.130615234375,31.75521469116211,497.656005859375,51.60970687866211
2543.png,0,0,0,0.04058536887168884,489.40802001953125,2246.135009765625,506.45538330078125,2260.713623046875
2543.png,0,0,0,0.036629192531108856,2456.74658203125,539.0797729492188,2473.807861328125,552.1189575195312
2543.png,0,0,0,0.03424664959311485,1582.813720703125,2209.0126953125,1598.012451171875,2226.375
2543.png,0,0,0,0.03371235728263855,2555.924560546875,1232.9075927734375,2567.208984375,1252.994873046875
2543.png,0,0,0,0.033415913581848145,416.08563232421875,869.0462646484375,449.5537109375,880.8670043945312
2543.png,0,0,0,0.03302974998950958,1841.165771484375,686.98193359375,1874.63037109375,701.6466674804688
2543.png,0,0,0,0.032622773200273514,2523.869873046875,103.37649536132812,2546.64111328125,115.99239349365234
2543.png,0,0,0,0.03196725249290466,186.05970764160156,1232.20556640625,200.36465454101562,1241.526611328125
2543.png,0,0,0,0.030909955501556396,2315.270751953125,1232.7939453125,2349.94580078125,1246.0718994140625
2543.png,0,0,0,0.029801055788993835,2272.38232421875,1270.171142578125,2311.6572265625,1305.8587646484375
2543.png,0,0,0,0.029708711430430412,467.4935607910156,846.9080200195312,491.6008605957031,869.86767578125
2543.png,0,0,0,0.028925448656082153,1873.6480712890625,905.3966674804688,1889.5697021484375,921.598388671875
2543.png,0,0,0,0.028838155791163445,888.3554077148438,1191.2877197265625,905.71826171875,1204.993896484375
2543.png,0,0,0,0.028360329568386078,2128.72216796875,200.0440216064453,2146.888916015625,220.64337158203125
2543.png,0,0,0,0.02715435065329075,730.7611694335938,941.0208740234375,746.35791015625,952.1862182617188
2543.png,0,0,0,0.02694365195930004,2231.680908203125,113.84761047363281,2253.772216796875,141.84349060058594
2543.png,0,0,0,0.026783013716340065,2051.595703125,761.5816650390625,2065.76513671875,796.260986328125
2543.png,0,0,0,0.02598407492041588,889.5900268554688,1924.6356201171875,903.9212646484375,1947.162353515625
2543.png,0,0,0,0.025938941165804863,818.9397583007812,1669.82421875,853.0966796875,1683.8118896484375
2543.png,0,0,0,0.025139253586530685,1813.04931640625,939.3172607421875,1838.2037353515625,949.6844482421875
2543.png,0,0,0,0.02486407943069935,919.533447265625,80.01312255859375,941.7243041992188,104.98487091064453
2543.png,0,0,0,0.02485899068415165,2456.99072265625,538.7284545898438,2493.412841796875,554.8170166015625
2543.png,0,0,0,0.024396108463406563,2305.12109375,245.23484802246094,2321.927490234375,261.30401611328125
2543.png,0,0,0,0.024252064526081085,270.1862487792969,1188.73291015625,286.8441162109375,1207.7674560546875
2543.png,0,0,0,0.02397826686501503,739.1829833984375,827.4542236328125,760.6163940429688,844.668212890625
2543.png,0,0,0,0.023947786539793015,2415.112060546875,81.17320251464844,2433.88623046875,106.98342895507812
2543.png,0,0,0,0.023748235777020454,2136.7255859375,208.9521484375,2166.188232421875,224.99537658691406
2543.png,0,0,0,0.023532221093773842,780.3561401367188,1403.112548828125,797.1701049804688,1418.260009765625
2543.png,0,0,0,0.02340305596590042,394.340087890625,1097.2855224609375,430.1078796386719,1124.3526611328125
2543.png,0,0,0,0.023383809253573418,1182.2130126953125,1295.0377197265625,1196.299560546875,1307.1280517578125
2543.png,0,0,0,0.023340322077274323,856.5841674804688,1669.7392578125,891.9833374023438,1678.7581787109375
2543.png,0,0,0,0.02330649644136429,274.28497314453125,550.0989379882812,309.4200134277344,579.38671875
2543.png,0,0,0,0.02326088771224022,2430.999267578125,315.7596435546875,2457.03955078125,334.711669921875
2543.png,0,0,0,0.023027759045362473,1619.4654541015625,1887.6082763671875,1645.8450927734375,1897.168212890625
2543.png,0,0,0,0.022723643109202385,2881.01708984375,1086.4791259765625,2893.935546875,1097.1002197265625
2543.png,0,0,0,0.022618085145950317,2818.264892578125,678.426025390625,2837.509033203125,693.5825805664062
2543.png,0,0,0,0.02186235412955284,731.4752807617188,1042.4498291015625,746.2247314453125,1057.2125244140625
2543.png,0,0,0,0.021715108305215836,676.5081787109375,136.6427764892578,709.8033447265625,151.48582458496094
2543.png,0,0,0,0.021673696115612984,925.4095458984375,1655.7821044921875,943.672607421875,1672.724609375
2543.png,0,0,0,0.02160053513944149,2415.599609375,68.18807983398438,2457.020751953125,102.08709716796875
2543.png,0,0,0,0.021294623613357544,2332.4599609375,278.3503112792969,2350.214599609375,298.9245910644531
2543.png,0,0,0,0.02128734067082405,900.2335205078125,1606.1116943359375,931.9888305664062,1634.4925537109375
2543.png,0,0,0,0.021067937836050987,659.0907592773438,1071.7574462890625,673.4202880859375,1089.194580078125
2543.png,0,0,0,0.02093406952917576,1025.938232421875,1576.7138671875,1038.3736572265625,1598.134765625
2543.png,0,0,0,0.020617978647351265,2116.61328125,1379.106201171875,2139.406494140625,1415.05322265625
2543.png,0,0,0,0.02058955654501915,1764.4925537109375,1990.478759765625,1778.896728515625,2002.8184814453125
2543.png,0,0,0,0.020386964082717896,1436.582275390625,27.542207717895508,1461.28515625,41.059810638427734
2543.png,0,0,0,0.02029510773718357,2509.77880859375,104.21585845947266,2566.256103515625,129.76171875
2543.png,0,0,0,0.020093239843845367,2270.505615234375,30.989734649658203,2289.292724609375,56.421024322509766
2543.png,0,0,0,0.019696980714797974,2267.866943359375,1283.1195068359375,2290.30029296875,1306.244384765625
2543.png,0,0,0,0.019612830132246017,1521.064697265625,1856.91943359375,1548.419677734375,1888.31591796875
2543.png,0,0,0,0.019591642543673515,1667.217529296875,1151.5516357421875,1692.615478515625,1166.4990234375
2543.png,0,0,0,0.019473403692245483,890.4268798828125,1927.6087646484375,905.8048095703125,1961.1572265625
2543.png,0,0,0,0.01945265382528305,1762.361328125,620.862548828125,1778.3963623046875,650.7072143554688
2543.png,0,0,0,0.019120441749691963,2201.09716796875,93.52984619140625,2228.89208984375,118.3214111328125
2543.png,0,0,0,0.01893070712685585,222.06800842285156,1118.634765625,238.8263702392578,1133.8846435546875
2543.png,0,0,0,0.01886003091931343,33.86543655395508,1342.24267578125,58.49901580810547,1377.10693359375
2543.png,0,0,0,0.018653826788067818,859.2281494140625,1026.0947265625,891.8104248046875,1051.690673828125
2543.png,0,0,0,0.018463829532265663,963.9910278320312,968.7841796875,982.0985717773438,992.39892578125
2543.png,0,0,0,0.018442677333950996,1178.9957275390625,1122.643798828125,1196.1593017578125,1138.9761962890625
2543.png,0,0,0,0.018220357596874237,921.9462890625,1441.091064453125,941.8936157226562,1456.039306640625
2543.png,0,0,0,0.018133582547307014,1838.1710205078125,686.7498168945312,1863.9244384765625,695.2237548828125
2543.png,0,0,0,0.018116727471351624,407.85888671875,874.9061279296875,433.327392578125,905.5247192382812
2543.png,0,0,0,0.018082601949572563,1930.0806884765625,907.101318359375,1947.7252197265625,941.8585205078125
2543.png,0,0,0,0.017788678407669067,2124.711669921875,608.1612548828125,2136.214599609375,622.8161010742188
2543.png,0,0,0,0.017709676176309586,672.954345703125,139.15911865234375,689.9594116210938,152.913330078125
2543.png,0,0,0,0.017453176900744438,2404.443115234375,1960.96875,2457.97021484375,1982.0418701171875
2543.png,0,0,0,0.017211461439728737,823.5093383789062,1669.8494873046875,868.7269287109375,1691.749755859375
2543.png,0,0,0,0.017128171399235725,1327.4014892578125,1185.688720703125,1343.253662109375,1204.321044921875
2543.png,0,0,0,0.017109213396906853,668.92333984375,204.0467071533203,688.5565795898438,223.86700439453125
2543.png,0,0,0,0.017082778736948967,1473.3038330078125,1815.44921875,1495.771728515625,1854.09228515625
2543.png,0,0,0,0.017057808116078377,522.2702026367188,832.373046875,546.0925903320312,842.27587890625
2543.png,0,0,0,0.017035381868481636,2143.83154296875,250.22918701171875,2172.8427734375,278.21881103515625
2543.png,0,0,0,0.017019428312778473,2415.184814453125,1958.889404296875,2456.06591796875,1969.1707763671875
2543.png,0,0,0,0.016979338601231575,2420.359619140625,317.92987060546875,2439.97265625,336.0816955566406
2543.png,0,0,0,0.016702651977539062,2516.994384765625,432.2188415527344,2542.619140625,449.2731628417969
2543.png,0,0,0,0.016213364899158478,2084.1533203125,733.4362182617188,2105.148681640625,760.9397583007812
2543.png,0,0,0,0.01618668995797634,1837.027587890625,1014.6263427734375,1849.6905517578125,1047.3956298828125
2543.png,0,0,0,0.01586025394499302,885.484375,1184.5645751953125,928.23583984375,1202.2493896484375
2543.png,0,0,0,0.015802817419171333,272.7071533203125,1160.243408203125,304.13128662109375,1196.70166015625
2543.png,0,0,0,0.01572992466390133,1103.0953369140625,1397.136474609375,1124.6939697265625,1417.8231201171875
2543.png,0,0,0,0.015654416754841805,1528.5416259765625,750.9157104492188,1547.4600830078125,768.659423828125
2543.png,0,0,0,0.015502221882343292,709.2474975585938,1589.8125,726.1842041015625,1607.9459228515625
2543.png,0,0,0,0.015430775471031666,1472.85693359375,1815.449462890625,1510.690185546875,1854.1573486328125
2543.png,0,0,0,0.015320936217904091,2345.43505859375,1334.7252197265625,2362.094970703125,1346.4879150390625
2543.png,0,0,0,0.015297897160053253,708.5225830078125,1104.590087890625,722.2369995117188,1124.4407958984375
2543.png,0,0,0,0.015154858119785786,2264.698974609375,1341.3699951171875,2281.9658203125,1352.557861328125
2543.png,0,0,0,0.015090350061655045,962.956787109375,1080.345703125,983.194580078125,1097.1163330078125
2543.png,0,0,0,0.015063866972923279,1473.94287109375,1008.7771606445312,1489.4091796875,1027.037109375
2543.png,0,0,0,0.014934439212083817,2410.97412109375,68.24128723144531,2435.16650390625,104.53697967529297
2543.png,0,0,0,0.014734059572219849,412.7810363769531,648.9226684570312,432.0164489746094,673.0186157226562
2543.png,0,0,0,0.014722109772264957,1572.104248046875,2283.658935546875,1586.4835205078125,2298.262939453125
2543.png,0,0,0,0.014557404443621635,2310.952392578125,1233.046142578125,2349.2080078125,1269.39501953125
2543.png,0,0,0,0.014419980347156525,10.512619972229004,582.1517944335938,31.527536392211914,614.3103637695312
2543.png,0,0,0,0.014341114088892937,2817.58935546875,661.92724609375,2857.456298828125,688.674072265625
2543.png,0,0,0,0.014327478595077991,411.6571350097656,869.0350341796875,456.3187255859375,882.655029296875
2543.png,0,0,0,0.014279692433774471,1469.658935546875,1831.5264892578125,1510.691162109375,1853.302734375
2543.png,0,0,0,0.01426663063466549,1036.3125,2344.578125,1051.445556640625,2372.182373046875
2543.png,0,0,0,0.014217205345630646,2081.142333984375,723.3424072265625,2094.726318359375,756.085693359375
2543.png,0,0,0,0.014096366241574287,1007.06201171875,1447.789794921875,1037.407958984375,1462.6995849609375
2543.png,0,0,0,0.013997720554471016,2297.576904296875,541.4043579101562,2321.46923828125,565.3173828125
2543.png,0,0,0,0.013939237222075462,913.45361328125,1014.572998046875,935.1627807617188,1042.9591064453125
2543.png,0,0,0,0.013888462446630001,2233.7587890625,94.45368957519531,2275.01611328125,123.37387084960938
2543.png,0,0,0,0.013871029019355774,1641.99658203125,613.9596557617188,1665.6280517578125,631.7750244140625
2543.png,0,0,0,0.013815431855618954,2152.901123046875,254.087646484375,2180.064208984375,286.79266357421875
2543.png,0,0,0,0.013731421902775764,1692.5943603515625,577.7603149414062,1727.681396484375,603.1630249023438
2543.png,0,0,0,0.01367940567433834,1801.6234130859375,941.3147583007812,1829.08837890625,952.8301391601562
2543.png,0,0,0,0.013622821308672428,156.5111846923828,1261.23193359375,170.089111328125,1278.5029296875
2543.png,0,0,0,0.01354729849845171,2162.84814453125,1420.999755859375,2179.325439453125,1451.48779296875
2543.png,0,0,0,0.013509525917470455,1562.330810546875,1994.9715576171875,1584.3392333984375,2009.05419921875
2543.png,0,0,0,0.013477674685418606,966.6187133789062,1588.08447265625,1001.0155639648438,1603.791748046875
2543.png,0,0,0,0.013463840819895267,443.5266418457031,42.73213195800781,455.7500305175781,68.71964263916016
2543.png,0,0,0,0.01345814298838377,2528.404052734375,815.4365844726562,2546.0537109375,833.9970703125
2543.png,0,0,0,0.013356254436075687,924.096923828125,1112.66552734375,943.912353515625,1135.218994140625
2543.png,0,0,0,0.013346141204237938,1995.1607666015625,321.7781066894531,2020.2576904296875,339.5242004394531
2543.png,0,0,0,0.013322495855391026,1837.423828125,1014.6236572265625,1874.6419677734375,1051.6358642578125
2543.png,0,0,0,0.013294432312250137,2038.1219482421875,242.97998046875,2069.5009765625,262.4381408691406
2543.png,0,0,0,0.013245082460343838,2747.807373046875,1850.5284423828125,2764.0234375,1861.0469970703125
2543.png,0,0,0,0.013218057341873646,2189.182861328125,164.08143615722656,2204.13525390625,181.77488708496094
2543.png,0,0,0,0.013197176158428192,1799.62255859375,713.1017456054688,1815.19091796875,731.90185546875
2543.png,0,0,0,0.013159602880477905,2269.901123046875,1157.6142578125,2289.035888671875,1171.0516357421875
2543.png,0,0,0,0.013142158277332783,382.10498046875,1082.9244384765625,415.5166015625,1103.005859375
2543.png,0,0,0,0.013127200305461884,1905.5308837890625,1995.219482421875,1922.760498046875,2007.539794921875
2543.png,0,0,0,0.013085593469440937,1512.0604248046875,915.7825317382812,1547.0277099609375,943.5587768554688
2543.png,0,0,0,0.012991880066692829,921.60205078125,1016.5140991210938,941.5709228515625,1051.06884765625
2543.png,0,0,0,0.01297924667596817,925.8770141601562,1479.3397216796875,944.3666381835938,1502.3896484375
2543.png,0,0,0,0.012951786629855633,2345.949462890625,385.5959777832031,2366.234375,404.6295471191406
2543.png,0,0,0,0.012928660027682781,2638.923583984375,644.8939208984375,2658.8896484375,662.922607421875
2543.png,0,0,0,0.012903225608170033,1963.3961181640625,868.7235107421875,1984.010009765625,892.3848266601562
2543.png,0,0,0,0.012761596590280533,2201.455810546875,1957.473876953125,2229.441162109375,1968.3426513671875
2543.png,0,0,0,0.0127464784309268,1428.1246337890625,31.789295196533203,1475.0809326171875,60.527278900146484
2543.png,0,0,0,0.012689563445746899,1576.0889892578125,2206.67529296875,1619.8157958984375,2234.0986328125
2543.png,0,0,0,0.01264757476747036,2232.14794921875,778.5789184570312,2254.2685546875,800.1617431640625
2543.png,0,0,0,0.012592649087309837,1543.211181640625,2031.0032958984375,1557.3563232421875,2045.7025146484375
2543.png,0,0,0,0.012557679787278175,891.403564453125,1597.0333251953125,924.082763671875,1629.0751953125
2543.png,0,0,0,0.012481180019676685,1580.4677734375,1174.0897216796875,1597.407470703125,1197.260498046875
2543.png,0,0,0,0.012479206547141075,446.66815185546875,1059.6966552734375,472.3030090332031,1088.802734375
2543.png,0,0,0,0.012458655051887035,1405.16943359375,234.84828186035156,1437.8753662109375,258.49749755859375
2543.png,0,0,0,0.012384898029267788,947.768310546875,165.06150817871094,964.6738891601562,188.54501342773438
2543.png,0,0,0,0.012365334667265415,2412.49169921875,427.1759033203125,2457.063232421875,447.6689758300781
2543.png,0,0,0,0.012360076420009136,260.23895263671875,1167.1922607421875,309.4173278808594,1197.9259033203125
2543.png,0,0,0,0.012346695177257061,990.2671508789062,1229.883544921875,1015.848876953125,1251.7099609375
2543.png,0,0,0,0.012338366359472275,969.4766235351562,386.8076171875,1001.3057861328125,399.8410949707031
2543.png,0,0,0,0.01232089288532734,2226.50244140625,94.80770111083984,2252.982177734375,130.2227020263672
2543.png,0,0,0,0.012303120456635952,1731.393798828125,541.4000244140625,1765.5626220703125,574.7359008789062
2543.png,0,0,0,0.012292776256799698,1180.7384033203125,1128.3416748046875,1196.6312255859375,1160.8704833984375
2543.png,0,0,0,0.012262447737157345,2820.92724609375,1960.1524658203125,2840.874267578125,1971.3287353515625
2543.png,0,0,0,0.012210192158818245,1801.16943359375,1071.9578857421875,1820.51416015625,1096.601806640625
2543.png,0,0,0,0.012197855859994888,272.9171142578125,684.5302124023438,309.4391784667969,705.9136352539062
2543.png,0,0,0,0.012192030437290668,43.72132110595703,1349.1005859375,67.94181060791016,1379.442138671875
2543.png,0,0,0,0.012092014774680138,1483.8349609375,293.44219970703125,1512.92724609375,324.78759765625
2543.png,0,0,0,0.012089036405086517,2635.724853515625,2031.2913818359375,2675.49853515625,2045.2080078125
2543.png,0,0,0,0.012053614482283592,1198.2476806640625,1232.4510498046875,1225.2406005859375,1264.75732421875
2543.png,0,0,0,0.01204194501042366,951.2750854492188,577.6156616210938,976.204833984375,591.681396484375
2543.png,0,0,0,0.012037193402647972,2812.769287109375,1883.8538818359375,2821.26953125,1896.3076171875
2543.png,0,0,0,0.01203275378793478,2410.4599609375,79.17981719970703,2457.0341796875,106.89181518554688
2543.png,0,0,0,0.011956173926591873,2384.868896484375,432.2485046386719,2424.770263671875,468.037109375
2543.png,0,0,0,0.011938859708607197,2274.6328125,596.4475708007812,2291.86572265625,615.0916137695312
2543.png,0,0,0,0.011871688067913055,1033.6136474609375,2348.405517578125,1073.804931640625,2379.404541015625
2543.png,0,0,0,0.011865083128213882,1884.328857421875,905.422119140625,1911.4005126953125,931.7420654296875
2543.png,0,0,0,0.011849166825413704,787.8056640625,1378.6402587890625,828.37060546875,1401.9239501953125
2543.png,0,0,0,0.011832612566649914,1363.3448486328125,2391.3427734375,1389.65185546875,2406.636962890625
2543.png,0,0,0,0.011822420172393322,2325.5068359375,1814.5582275390625,2347.9052734375,1824.95068359375
2543.png,0,0,0,0.011801564134657383,2003.0821533203125,1508.1771240234375,2020.5628662109375,1530.3668212890625
2543.png,0,0,0,0.011782177723944187,265.2494812011719,685.9254150390625,284.9087829589844,706.1373291015625
2543.png,0,0,0,0.011755957268178463,1142.2833251953125,1192.2208251953125,1158.1353759765625,1210.01904296875
2543.png,0,0,0,0.01171762216836214,1003.7714233398438,1220.7047119140625,1038.3101806640625,1241.1033935546875
2543.png,0,0,0,0.01166120171546936,853.479248046875,403.74273681640625,870.7926635742188,432.6038818359375
2543.png,0,0,0,0.011660536751151085,2304.447998046875,2409.50048828125,2325.3271484375,2428.0
2543.png,0,0,0,0.011656069196760654,1754.6771240234375,564.144775390625,1780.51416015625,586.1419067382812
2543.png,0,0,0,0.011594995856285095,1066.8157958984375,388.6859436035156,1090.8001708984375,407.0751953125
2543.png,0,0,0,0.011566879227757454,2273.707275390625,2348.57958984375,2288.385498046875,2379.31591796875
2543.png,0,0,0,0.011508816853165627,2597.003662109375,1881.6533203125,2614.012939453125,1894.2950439453125
2543.png,0,0,0,0.011437677778303623,2479.625732421875,381.79754638671875,2512.15380859375,407.22674560546875
2543.png,0,0,0,0.011408461257815361,856.08642578125,1520.4571533203125,891.825439453125,1539.8184814453125
2543.png,0,0,0,0.011281279847025871,1559.82666015625,2033.1214599609375,1585.0938720703125,2049.84375
2543.png,0,0,0,0.011251800693571568,2834.265869140625,1960.30419921875,2857.403564453125,1970.6522216796875
2543.png,0,0,0,0.01116181444376707,1623.9473876953125,1013.5633544921875,1656.3575439453125,1038.9951171875
2543.png,0,0,0,0.011091710068285465,2357.147216796875,1321.5220947265625,2384.211181640625,1343.7833251953125
2543.png,0,0,0,0.011050857603549957,167.1827850341797,832.523193359375,201.218017578125,853.7178955078125
2543.png,0,0,0,0.011018812656402588,829.662353515625,1047.661865234375,868.1605834960938,1066.4638671875
2543.png,0,0,0,0.011000245809555054,2229.80517578125,1227.7493896484375,2257.637451171875,1245.0540771484375
2543.png,0,0,0,0.010991171002388,1721.87353515625,2359.408447265625,1740.3934326171875,2374.33251953125
2543.png,0,0,0,0.01098659448325634,272.8575744628906,558.6510009765625,296.0585021972656,581.6102905273438
2543.png,0,0,0,0.010952792130410671,780.0888671875,1387.47607421875,820.468994140625,1415.602294921875
2543.png,0,0,0,0.010937848128378391,1603.876708984375,1952.9869384765625,1620.5887451171875,1969.634521484375
2543.png,0,0,0,0.010935326106846333,432.78363037109375,1050.9693603515625,465.7278747558594,1085.5528564453125
2543.png,0,0,0,0.010931541211903095,781.9541015625,1378.601318359375,820.9132080078125,1406.653076171875
2543.png,0,0,0,0.010916775092482567,1997.947265625,249.91290283203125,2029.58984375,281.27001953125
2543.png,0,0,0,0.010880962945520878,1872.5352783203125,907.29638671875,1889.380126953125,941.8857421875
2543.png,0,0,0,0.010866587981581688,890.4681396484375,972.3704833984375,911.9302368164062,990.1351928710938
2543.png,0,0,0,0.010814127512276173,830.5713500976562,1632.3255615234375,857.87109375,1647.1981201171875
2543.png,0,0,0,0.010736473836004734,1697.9410400390625,577.5996704101562,1729.168701171875,596.0912475585938
2543.png,0,0,0,0.010698546655476093,2092.9736328125,1378.1904296875,2132.25634765625,1402.2945556640625
2543.png,0,0,0,0.010656778700649738,673.0789794921875,1954.818359375,688.6435546875,1975.552001953125
2543.png,0,0,0,0.010614350438117981,852.9738159179688,1523.142822265625,875.6021728515625,1545.8355712890625
2543.png,0,0,0,0.010603204369544983,1165.0855712890625,1348.1251220703125,1183.1922607421875,1378.8228759765625
2543.png,0,0,0,0.010570100508630276,2711.729736328125,905.20703125,2740.46337890625,916.7894897460938
2543.png,0,0,0,0.01054554246366024,413.7366943359375,585.0170288085938,455.0399475097656,614.8652954101562
2543.png,0,0,0,0.010528077371418476,2186.892333984375,606.9277954101562,2202.26806640625,622.3873291015625
2543.png,0,0,0,0.01050777081400156,2342.69580078125,1076.49658203125,2354.0986328125,1092.12548828125
2543.png,0,0,0,0.010498319752514362,1580.716796875,1160.1806640625,1599.69775390625,1189.6395263671875
2543.png,0,0,0,0.01042240485548973,1168.75244140625,420.4310302734375,1207.6806640625,442.59521484375
2543.png,0,0,0,0.010418780148029327,108.12956237792969,1072.3258056640625,127.54051971435547,1091.9615478515625
2543.png,0,0,0,0.010413384065032005,1672.5142822265625,1279.491455078125,1702.0118408203125,1306.058837890625
2543.png,0,0,0,0.010291418060660362,2383.488037109375,2397.848876953125,2423.181640625,2428.0
2543.png,0,0,0,0.010258091613650322,1740.2779541015625,831.9033813476562,1765.928955078125,845.1444702148438
2543.png,0,0,0,0.010225334204733372,56.91990280151367,541.3933715820312,95.8432846069336,566.8016357421875
2543.png,0,0,0,0.010194811038672924,2780.92724609375,2175.154296875,2800.657958984375,2189.597900390625
2543.png,0,0,0,0.010190500877797604,2384.182861328125,2397.360107421875,2434.618408203125,2408.761962890625
2543.png,0,0,0,0.010184938088059425,2273.222412109375,584.82958984375,2311.4619140625,614.6471557617188
2543.png,0,0,0,0.010176317766308784,1656.12353515625,1150.60791015625,1677.204833984375,1166.6473388671875
2543.png,0,0,0,0.01016667764633894,957.68505859375,1074.9981689453125,1001.2932739257812,1103.7479248046875
2543.png,0,0,0,0.0101650794968009,2811.980712890625,2361.078125,2834.311767578125,2372.732666015625
2543.png,0,0,0,0.010162200778722763,2575.92041015625,904.6552124023438,2602.655029296875,919.8912353515625
2543.png,0,0,0,0.01013343408703804,815.3207397460938,1669.7149658203125,860.3533325195312,1706.2518310546875
2543.png,0,0,0,0.01012142188847065,1422.348388671875,1778.850830078125,1446.77490234375,1795.2381591796875
2543.png,0,0,0,0.010106144472956657,818.247314453125,1378.0496826171875,856.9853515625,1393.520263671875
2543.png,0,0,0,0.010096713900566101,936.5652465820312,1661.11669921875,964.7852783203125,1675.128173828125
2543.png,0,0,0,0.010086219757795334,1000.9572143554688,1448.86767578125,1027.6094970703125,1466.4522705078125
2543.png,0,0,0,0.009982298128306866,233.2361602783203,718.6821899414062,253.4781951904297,737.71337890625
2543.png,0,0,0,0.009894358925521374,89.9399642944336,670.7760620117188,116.4951171875,693.8348999023438
2543.png,0,0,0,0.009893111884593964,985.0040893554688,1240.162109375,1004.55517578125,1270.031494140625
2543.png,0,0,0,0.009881437756121159,597.1116333007812,1064.94482421875,616.5017700195312,1091.318603515625
2543.png,0,0,0,0.009879548102617264,2504.456787109375,1003.4743041992188,2529.826171875,1022.6376953125
2543.png,0,0,0,0.009860442019999027,272.714599609375,1378.37451171875,299.11669921875,1391.300537109375
2543.png,0,0,0,0.009838065132498741,1546.22216796875,1996.9383544921875,1575.602783203125,2022.9315185546875
2543.png,0,0,0,0.009819724597036839,1072.318359375,1182.1802978515625,1103.0302734375,1200.427490234375
2543.png,0,0,0,0.009788413532078266,434.01202392578125,540.1925048828125,459.33404541015625,556.2096557617188
2543.png,0,0,0,0.00977321993559599,2856.797607421875,1372.9796142578125,2871.814453125,1392.7470703125
2543.png,0,0,0,0.00972453597933054,328.2216796875,493.1064453125,356.17205810546875,512.8660888671875
2543.png,0,0,0,0.00971770565956831,210.31146240234375,2359.488525390625,236.6380157470703,2386.334228515625
2543.png,0,0,0,0.009714790619909763,417.0936279296875,590.3298950195312,433.2773742675781,615.1068725585938
2543.png,0,0,0,0.009692884050309658,1656.1817626953125,1269.333984375,1697.1328125,1302.350341796875
2543.png,0,0,0,0.00965096428990364,999.6668701171875,1514.845947265625,1016.6435546875,1538.5601806640625
2543.png,0,0,0,0.00964631699025631,8.801607131958008,577.6814575195312,27.96645164489746,607.0973510742188
2543.png,0,0,0,0.009616261348128319,688.1693115234375,1283.4569091796875,722.6029052734375,1309.65771484375
2543.png,0,0,0,0.009608454070985317,1691.3436279296875,1341.497314453125,1706.4046630859375,1357.483154296875
2543.png,0,0,0,0.009524770081043243,475.7727966308594,2246.07958984375,527.81689453125,2270.32421875
2543.png,0,0,0,0.009522794745862484,2515.864013671875,98.2126693725586,2547.282958984375,141.0607147216797
2543.png,0,0,0,0.009509294293820858,1722.557861328125,1087.358154296875,1741.7117919921875,1107.36181640625
2543.png,0,0,0,0.009496857412159443,2061.762939453125,239.31480407714844,2093.031982421875,260.978759765625
2543.png,0,0,0,0.009489360265433788,818.9046630859375,1044.263671875,854.957763671875,1061.7789306640625
2543.png,0,0,0,0.009484723210334778,1707.572509765625,582.9501953125,1729.2197265625,614.4666137695312
2543.png,0,0,0,0.00946841761469841,1835.8883056640625,647.1028442382812,1854.3428955078125,659.6725463867188
2543.png,0,0,0,0.00942433811724186,1863.21337890625,868.4249877929688,1888.5894775390625,894.38671875
2543.png,0,0,0,0.0093909977003932,1000.2503662109375,541.4422607421875,1038.400634765625,575.6427612304688
2543.png,0,0,0,0.009381708689033985,2664.319580078125,914.322021484375,2684.08349609375,942.038330078125
2543.png,0,0,0,0.00936563964933157,2554.287841796875,1233.697021484375,2578.6396484375,1269.5201416015625
2543.png,0,0,0,0.009364149533212185,2116.915283203125,174.20985412597656,2142.09814453125,200.39599609375
2543.png,0,0,0,0.009317307732999325,1959.9500732421875,1995.505126953125,1985.1417236328125,2011.3890380859375
2543.png,0,0,0,0.009261923842132092,2704.969482421875,786.1578369140625,2722.634033203125,803.9879150390625
2543.png,0,0,0,0.009253213182091713,130.60316467285156,845.5463256835938,163.81515502929688,871.9979248046875
2543.png,0,0,0,0.009250249713659286,270.2384033203125,645.6416015625,309.42266845703125,666.0537109375
2543.png,0,0,0,0.009231368079781532,2699.159912109375,1247.2030029296875,2717.9541015625,1272.6083984375
2543.png,0,0,0,0.00919103529304266,381.87188720703125,1085.7913818359375,419.3028869628906,1109.6297607421875
2543.png,0,0,0,0.009186139330267906,780.4880981445312,1109.8665771484375,797.876220703125,1129.169677734375
2543.png,0,0,0,0.009103161282837391,999.7925415039062,939.7215576171875,1032.62255859375,962.4110107421875
2543.png,0,0,0,0.009053847752511501,2727.116455078125,649.6508178710938,2754.83740234375,680.6060180664062
2543.png,0,0,0,0.009026790037751198,2228.736083984375,118.66051483154297,2275.1025390625,143.7216796875
2543.png,0,0,0,0.008992742747068405,1796.1363525390625,1063.972412109375,1838.29736328125,1091.1439208984375
2543.png,0,0,0,0.008958535268902779,1616.1705322265625,1888.14111328125,1656.3134765625,1910.000244140625
2543.png,0,0,0,0.008941727690398693,1511.1490478515625,1851.8323974609375,1547.2669677734375,1885.26123046875
2543.png,0,0,0,0.008932688273489475,939.8584594726562,1481.6749267578125,964.6596069335938,1501.5433349609375
2543.png,0,0,0,0.008866705931723118,957.502197265625,1696.1134033203125,980.6866455078125,1708.8172607421875
2543.png,0,0,0,0.008845435455441475,1797.36181640625,2242.0595703125,1815.0703125,2256.882080078125
2543.png,0,0,0,0.008838235400617123,1178.669677734375,401.16851806640625,1223.75927734375,433.7780456542969
2543.png,0,0,0,0.008832761086523533,1655.508056640625,1809.4666748046875,1678.53515625,1832.2066650390625
2543.png,0,0,0,0.008829180151224136,2145.980224609375,1556.9515380859375,2165.853515625,1570.9080810546875
2543.png,0,0,0,0.008770138025283813,2493.3095703125,1005.3775634765625,2510.08203125,1021.40966796875
2543.png,0,0,0,0.008738379925489426,1205.6201171875,1980.617431640625,1221.7464599609375,2006.5126953125
2543.png,0,0,0,0.008685152046382427,2307.44775390625,541.02880859375,2347.8525390625,566.6542358398438
2543.png,0,0,0,0.008682024665176868,1651.552001953125,1983.218505859375,1672.44189453125,2002.18115234375
2543.png,0,0,0,0.008653650060296059,2178.624267578125,137.51144409179688,2202.430419921875,154.83763122558594
2543.png,0,0,0,0.00864615198224783,2219.005126953125,1299.4447021484375,2238.806884765625,1313.937744140625
2543.png,0,0,0,0.008597015403211117,635.45166015625,1484.1632080078125,653.1156616210938,1497.1016845703125
2543.png,0,0,0,0.008585692383348942,1983.5926513671875,250.06610107421875,2019.6627197265625,285.65447998046875
2543.png,0,0,0,0.008563247509300709,2516.7509765625,431.0393371582031,2566.223388671875,446.1195373535156
2543.png,0,0,0,0.008545882068574429,1716.860595703125,1092.2401123046875,1743.1707763671875,1124.5126953125
2543.png,0,0,0,0.008539322763681412,2417.505859375,1366.004150390625,2435.661865234375,1383.306884765625
2543.png,0,0,0,0.008531115017831326,2079.572509765625,573.2523803710938,2097.7001953125,590.4559936523438
2543.png,0,0,0,0.008522125892341137,2303.96630859375,720.7723999023438,2331.43994140625,736.3342895507812
2543.png,0,0,0,0.00851420871913433,1806.9554443359375,1666.817138671875,1838.36083984375,1687.900634765625
2543.png,0,0,0,0.0084999343380332,163.51736450195312,832.616943359375,200.92173767089844,865.7713012695312
2543.png,0,0,0,0.008496430702507496,2123.1796875,1987.148193359375,2140.544921875,2005.8341064453125
2543.png,0,0,0,0.008446788415312767,265.5396728515625,646.3073120117188,285.1562194824219,662.4070434570312
2543.png,0,0,0,0.00842229463160038,1508.758056640625,2032.3890380859375,1533.04150390625,2047.892822265625
2543.png,0,0,0,0.008421164005994797,816.3338012695312,1630.063720703125,846.0179443359375,1643.3509521484375
2543.png,0,0,0,0.008405085653066635,360.54766845703125,395.2335205078125,386.79388427734375,419.7283935546875
2543.png,0,0,0,0.008397398516535759,1011.2936401367188,947.9157104492188,1042.2752685546875,978.5922241210938
2543.png,0,0,0,0.008367556147277355,2106.184326171875,141.00718688964844,2138.786865234375,175.30874633789062
2543.png,0,0,0,0.008360750041902065,218.65414428710938,1519.961669921875,236.6364288330078,1532.46533203125
2543.png,0,0,0,0.008359978906810284,1693.2073974609375,1341.926513671875,1729.1986083984375,1361.9375
2543.png,0,0,0,0.00832323357462883,916.0989379882812,719.2681274414062,941.6884155273438,737.4940795898438
2543.png,0,0,0,0.008322938345372677,163.67527770996094,1309.7779541015625,180.56802368164062,1342.68603515625
2543.png,0,0,0,0.008319640532135963,1071.6634521484375,1178.0615234375,1113.82763671875,1199.272216796875
2543.png,0,0,0,0.008316938765347004,1848.8310546875,649.8031616210938,1875.1102294921875,670.7188720703125
2543.png,0,0,0,0.00828513503074646,385.7418518066406,432.2001647949219,418.6478576660156,465.3497009277344
2543.png,0,0,0,0.008260097354650497,1837.963134765625,1024.095947265625,1853.2589111328125,1056.5166015625
2543.png,0,0,0,0.008235684596002102,417.68389892578125,577.8430786132812,444.8513488769531,610.7406005859375
2543.png,0,0,0,0.00821699108928442,615.9375,202.61521911621094,637.1273803710938,223.0633544921875
2543.png,0,0,0,0.008216656744480133,1453.9119873046875,1832.828857421875,1492.7569580078125,1839.80224609375
2543.png,0,0,0,0.00819716602563858,257.2099304199219,58.55643081665039,273.0644836425781,78.1246566772461
2543.png,0,0,0,0.008192712441086769,1616.15771484375,1055.6290283203125,1656.58544921875,1087.75732421875
2543.png,0,0,0,0.008178111165761948,2597.027587890625,2056.475830078125,2617.172607421875,2083.552978515625
2543.png,0,0,0,0.008157934062182903,998.3676147460938,1151.427734375,1020.9318237304688,1169.8421630859375
2543.png,0,0,0,0.008132655173540115,2242.388916015625,758.078369140625,2275.45458984375,777.178466796875
2543.png,0,0,0,0.008096057921648026,238.38568115234375,1053.7886962890625,283.1645812988281,1087.6851806640625
2543.png,0,0,0,0.00808368343859911,56.89807891845703,542.026123046875,94.43756103515625,577.8712768554688
2543.png,0,0,0,0.008031964302062988,1983.579345703125,319.1914367675781,2008.017822265625,338.1347351074219
2543.png,0,0,0,0.008013168349862099,117.13542938232422,977.4360961914062,147.675537109375,986.991943359375
2543.png,0,0,0,0.008001623675227165,2781.04541015625,867.8251953125,2827.831787109375,903.54150390625
2543.png,0,0,0,0.007980297319591045,829.7137451171875,1050.484130859375,859.162109375,1087.4901123046875
2543.png,0,0,0,0.007975010201334953,1016.7001953125,2325.039306640625,1049.7552490234375,2374.220703125
2543.png,0,0,0,0.007974452339112759,1383.7684326171875,2404.296875,1413.8341064453125,2428.0
2543.png,0,0,0,0.007972072809934616,1481.938720703125,286.6141052246094,1513.4752197265625,321.6540222167969
2543.png,0,0,0,0.007968369871377945,1012.5430297851562,1815.0185546875,1037.4439697265625,1827.970947265625
2543.png,0,0,0,0.00794707890599966,89.88265228271484,670.4215698242188,127.41960144042969,693.0520629882812
2543.png,0,0,0,0.007944158278405666,1069.7244873046875,383.8079528808594,1110.52978515625,403.341796875
2543.png,0,0,0,0.007872817106544971,1781.6195068359375,765.7750244140625,1813.2161865234375,796.8649291992188
2543.png,0,0,0,0.00785389356315136,1613.444091796875,646.8499755859375,1635.479248046875,663.582275390625
2543.png,0,0,0,0.007851073518395424,2088.036376953125,820.044921875,2109.105224609375,836.9926147460938
2543.png,0,0,0,0.007843337021768093,2347.71728515625,387.9339904785156,2384.2412109375,406.96746826171875
2543.png,0,0,0,0.007836553268134594,342.6081848144531,707.88330078125,361.2651672363281,728.585693359375
2543.png,0,0,0,0.007836389355361462,1106.10693359375,1378.4248046875,1126.873291015625,1413.2388916015625
2543.png,0,0,0,0.007831056602299213,1209.7379150390625,124.96441650390625,1228.405029296875,148.12855529785156
2543.png,0,0,0,0.0078095560893416405,740.1234741210938,1468.0594482421875,757.7941284179688,1490.4739990234375
2543.png,0,0,0,0.0077902525663375854,2515.837890625,101.06536102294922,2566.456787109375,141.0553741455078
2543.png,0,0,0,0.007786343339830637,905.073486328125,431.07989501953125,930.5477905273438,453.0621643066406
31.png,0,0,0,0.06326049566268921,759.0680541992188,323.87469482421875,792.83935546875,343.74676513671875
31.png,0,0,0,0.057578399777412415,249.5365447998047,363.6055908203125,295.12591552734375,401.2637023925781
31.png,0,0,0,0.053606051951646805,708.115966796875,744.5466918945312,724.1859130859375,756.4762573242188
31.png,0,0,0,0.051279742270708084,1242.747802734375,861.3446044921875,1257.0311279296875,873.110107421875
31.png,0,0,0,0.04876532405614853,754.142578125,323.8738708496094,780.5110473632812,341.7969055175781
31.png,0,0,0,0.04707622900605202,289.6810607910156,1986.9151611328125,328.7393798828125,2003.169189453125
31.png,0,0,0,0.04660031571984291,1369.917724609375,826.2805786132812,1384.47216796875,840.5930786132812
31.png,0,0,0,0.04481315240263939,652.3651733398438,320.8440856933594,676.824462890625,330.27972412109375
31.png,0,0,0,0.043973907828330994,12.269801139831543,2643.4912109375,19.50855827331543,2659.153564453125
31.png,0,0,0,0.04185077175498009,47.93547821044922,2721.276611328125,58.10592269897461,2746.177734375
31.png,0,0,0,0.041656557470560074,2187.512451171875,2296.3037109375,2223.991943359375,2323.103515625
31.png,0,0,0,0.039649587124586105,2801.061767578125,700.8344116210938,2819.890625,717.8530883789062
31.png,0,0,0,0.039620961993932724,1428.3175048828125,2500.06884765625,1450.4298095703125,2529.783203125
31.png,0,0,0,0.038287073373794556,192.1216278076172,1715.9310302734375,212.7528839111328,1724.0408935546875
31.png,0,0,0,0.03813076391816139,1180.203369140625,710.6502075195312,1218.3966064453125,742.04345703125
31.png,0,0,0,0.03802173212170601,1520.7264404296875,1205.0325927734375,1529.6932373046875,1219.5855712890625
31.png,0,0,0,0.037961676716804504,1566.1094970703125,1066.4443359375,1580.709716796875,1097.569580078125
31.png,0,0,0,0.037415761500597,715.3514404296875,818.236572265625,730.27001953125,832.4354248046875
31.png,0,0,0,0.035789817571640015,405.0011901855469,158.6396026611328,421.3356628417969,177.62046813964844
31.png,0,0,0,0.03514811024069786,754.0775146484375,400.39654541015625,773.4681396484375,411.9338073730469
31.png,0,0,0,0.03510082885622978,1171.583984375,1321.7603759765625,1179.6883544921875,1336.1201171875
31.png,0,0,0,0.03421855717897415,2841.720703125,420.250244140625,2858.3330078125,441.1182556152344
31.png,0,0,0,0.03417587652802467,2375.002197265625,2403.5263671875,2393.445068359375,2420.946533203125
31.png,0,0,0,0.03381158784031868,159.81935119628906,2175.1533203125,174.07875061035156,2197.83056640625
31.png,0,0,0,0.03220069780945778,1806.6568603515625,1793.4320068359375,1837.0853271484375,1803.5810546875
31.png,0,0,0,0.03137949854135513,2866.02490234375,505.86456298828125,2883.2294921875,523.7215576171875
31.png,0,0,0,0.03134412690997124,1702.373291015625,1084.2532958984375,1721.5338134765625,1106.6068115234375
31.png,0,0,0,0.03006133995950222,1759.8360595703125,1560.9814453125,1798.4659423828125,1589.5828857421875
31.png,0,0,0,0.029955357313156128,1696.9893798828125,2488.103271484375,1721.05029296875,2501.221923828125
31.png,0,0,0,0.029856471344828606,2486.804443359375,2053.39697265625,2504.537841796875,2071.3623046875
31.png,0,0,0,0.029793983325362206,792.3207397460938,123.91954803466797,812.0253295898438,139.19322204589844
31.png,0,0,0,0.029551073908805847,1719.626953125,238.4923553466797,1737.8389892578125,254.30978393554688
31.png,0,0,0,0.02940475381910801,1547.7093505859375,1174.72314453125,1566.437255859375,1203.689453125
31.png,0,0,0,0.029223265126347542,1049.6328125,594.5626220703125,1076.36376953125,620.1799926757812
31.png,0,0,0,0.02875266596674919,2463.84619140625,553.1593017578125,2494.5625,564.3201904296875
31.png,0,0,0,0.028417503461241722,2977.1015625,2528.3330078125,3003.693603515625,2548.899658203125
31.png,0,0,0,0.02806197479367256,128.56939697265625,2217.799072265625,144.84835815429688,2238.524658203125
31.png,0,0,0,0.027640311047434807,1063.511474609375,1782.4205322265625,1080.729736328125,1801.56005859375
31.png,0,0,0,0.02734587900340557,1356.3363037109375,1467.9293212890625,1372.9840087890625,1488.2381591796875
31.png,0,0,0,0.02727283351123333,1010.9860229492188,1522.817138671875,1027.611572265625,1553.0780029296875
31.png,0,0,0,0.027037622407078743,548.88330078125,902.9393310546875,573.2481689453125,915.92138671875
31.png,0,0,0,0.027021508663892746,636.415771484375,911.6124877929688,652.9515991210938,942.7647705078125
31.png,0,0,0,0.02664278633892536,1836.522216796875,1707.52099609375,1858.7384033203125,1729.8623046875
31.png,0,0,0,0.02656370960175991,2947.983642578125,511.1480407714844,2958.985595703125,524.656494140625
31.png,0,0,0,0.026106350123882294,2057.59521484375,1213.273681640625,2072.013916015625,1238.8587646484375
31.png,0,0,0,0.02605302445590496,1604.8350830078125,2101.904296875,1628.116455078125,2111.94970703125
31.png,0,0,0,0.02604096382856369,251.32568359375,362.53851318359375,298.409423828125,392.56524658203125
31.png,0,0,0,0.025677554309368134,1650.603515625,2141.5986328125,1682.582275390625,2168.274169921875
31.png,0,0,0,0.02565525658428669,2958.33154296875,2409.921630859375,2976.443359375,2422.477294921875
31.png,0,0,0,0.02506190538406372,2257.804931640625,2055.528564453125,2278.03369140625,2074.8017578125
31.png,0,0,0,0.025013716891407967,2555.062744140625,2061.683837890625,2571.906982421875,2080.058349609375
31.png,0,0,0,0.024853143841028214,1413.7796630859375,2321.4013671875,1450.3160400390625,2341.8486328125
31.png,0,0,0,0.02479766495525837,1051.1820068359375,2178.34619140625,1063.8636474609375,2188.718994140625
31.png,0,0,0,0.02468854933977127,1795.18505859375,2058.462890625,1813.31103515625,2075.317626953125
31.png,0,0,0,0.024584908038377762,1017.521484375,1524.755126953125,1031.9327392578125,1561.5084228515625
31.png,0,0,0,0.024492664262652397,1204.1678466796875,1401.1436767578125,1218.29248046875,1412.21728515625
31.png,0,0,0,0.024274244904518127,1434.2113037109375,49.67948913574219,1450.3531494140625,62.17464828491211
31.png,0,0,0,0.024059047922492027,230.96116638183594,1978.276123046875,251.40870666503906,1991.2723388671875
31.png,0,0,0,0.023766307160258293,81.74124145507812,2240.79541015625,96.74542236328125,2264.815673828125
31.png,0,0,0,0.023153724148869514,1604.66943359375,954.1243896484375,1622.0406494140625,982.1421508789062
31.png,0,0,0,0.023132000118494034,1720.958740234375,787.2596435546875,1764.748046875,798.03173828125
31.png,0,0,0,0.02291429601609707,1411.37158203125,2327.017333984375,1429.4580078125,2341.96142578125
31.png,0,0,0,0.02281506173312664,739.1542358398438,707.9964599609375,754.6679077148438,719.3196411132812
31.png,0,0,0,0.022788550704717636,665.4953002929688,861.8923950195312,678.7859497070312,874.7632446289062
31.png,0,0,0,0.02275754325091839,1720.0084228515625,787.9913330078125,1764.4814453125,817.8530883789062
31.png,0,0,0,0.022577622905373573,1641.411865234375,824.381591796875,1657.726806640625,839.24853515625
31.png,0,0,0,0.022415556013584137,123.38350677490234,1677.479248046875,143.9738006591797,1711.729736328125
31.png,0,0,0,0.022337809205055237,3061.58740234375,2798.08447265625,3075.80615234375,2809.568603515625
31.png,0,0,0,0.02227178029716015,2598.052001953125,826.2977905273438,2620.566650390625,840.1304931640625
31.png,0,0,0,0.022128265351057053,753.822509765625,324.7852478027344,767.6550903320312,362.6280212402344
31.png,0,0,0,0.021804094314575195,2329.179443359375,2769.246337890625,2345.227783203125,2799.366943359375
31.png,0,0,0,0.02159804478287697,1897.5653076171875,859.6856079101562,1914.50390625,873.334228515625
31.png,0,0,0,0.021355049684643745,1141.2266845703125,633.30224609375,1179.635009765625,669.4508666992188
31.png,0,0,0,0.021319285035133362,132.1057586669922,1683.180419921875,151.64942932128906,1716.561279296875
31.png,0,0,0,0.021298490464687347,986.0731811523438,864.8097534179688,1011.508544921875,883.473876953125
31.png,0,0,0,0.021143607795238495,899.2660522460938,2285.77099609375,909.0648803710938,2301.86865234375
31.png,0,0,0,0.021133743226528168,2068.73046875,2560.115478515625,2085.926025390625,2576.697021484375
31.png,0,0,0,0.021067121997475624,1758.063232421875,1560.46826171875,1775.00146484375,1579.8353271484375
31.png,0,0,0,0.020945154130458832,402.5523376464844,148.7966766357422,444.7969055175781,173.86009216308594
31.png,0,0,0,0.020736290141940117,1030.00537109375,904.0045166015625,1063.788330078125,928.1533813476562
31.png,0,0,0,0.0207209512591362,1911.920654296875,1130.59130859375,1930.3433837890625,1145.9749755859375
31.png,0,0,0,0.02070474997162819,2847.56201171875,1213.4017333984375,2881.35009765625,1233.37109375
31.png,0,0,0,0.020526982843875885,721.42529296875,904.0181274414062,754.3517456054688,922.9891967773438
31.png,0,0,0,0.020373273640871048,953.6677856445312,2310.370361328125,987.1575927734375,2337.699951171875
31.png,0,0,0,0.020218491554260254,1140.7896728515625,640.1306762695312,1161.5450439453125,672.5529174804688
31.png,0,0,0,0.02006927691400051,1369.5677490234375,2327.282470703125,1386.3095703125,2340.642333984375
31.png,0,0,0,0.020005736500024796,559.7796020507812,291.6105651855469,574.71337890625,323.9709777832031
31.png,0,0,0,0.01978667452931404,685.0277099609375,2179.23193359375,716.0687866210938,2197.4677734375
31.png,0,0,0,0.01971295289695263,1164.5010986328125,2616.0478515625,1195.2091064453125,2646.010498046875
31.png,0,0,0,0.01948453299701214,2492.870849609375,2331.610595703125,2509.22705078125,2349.032470703125
31.png,0,0,0,0.019398240372538567,973.3478393554688,2057.73828125,986.318115234375,2071.003173828125
31.png,0,0,0,0.019256165251135826,2515.212890625,2022.1783447265625,2533.363037109375,2034.3746337890625
31.png,0,0,0,0.019193634390830994,1395.8448486328125,1243.3048095703125,1411.92431640625,1264.12060546875
31.png,0,0,0,0.01917923241853714,2944.37158203125,315.0412292480469,2962.4697265625,335.83917236328125
31.png,0,0,0,0.019140735268592834,1603.1715087890625,942.681396484375,1617.885986328125,975.814453125
31.png,0,0,0,0.019091041758656502,52.67796325683594,2287.546142578125,61.536598205566406,2307.55322265625
31.png,0,0,0,0.01908864825963974,2451.66015625,573.4935302734375,2470.566162109375,597.1691284179688
31.png,0,0,0,0.018946059048175812,1723.5511474609375,790.90673828125,1765.1165771484375,826.7263793945312
31.png,0,0,0,0.018827948719263077,2140.17431640625,1746.037353515625,2161.3642578125,1766.3255615234375
31.png,0,0,0,0.018718576058745384,1553.6534423828125,2664.442626953125,1566.8441162109375,2685.12548828125
31.png,0,0,0,0.018718022853136063,2592.413818359375,1259.5126953125,2611.354736328125,1290.9337158203125
31.png,0,0,0,0.018713198602199554,758.5382690429688,401.2160949707031,792.9282836914062,413.7086181640625
31.png,0,0,0,0.018663998693227768,1428.464599609375,90.15958404541016,1450.3343505859375,101.61725616455078
31.png,0,0,0,0.018481258302927017,324.0079345703125,429.6895446777344,345.13134765625,449.8932189941406
31.png,0,0,0,0.018250569701194763,1455.97802734375,1406.7373046875,1489.133544921875,1435.564697265625
31.png,0,0,0,0.018114184960722923,2378.073974609375,2760.38916015625,2417.236328125,2786.551025390625
31.png,0,0,0,0.018084805458784103,1017.3630981445312,1943.64794921875,1029.24072265625,1958.901123046875
31.png,0,0,0,0.017989417538046837,908.7857666015625,1329.42626953125,935.4512329101562,1343.3829345703125
31.png,0,0,0,0.017932739108800888,1482.7633056640625,2666.554443359375,1504.253662109375,2686.21533203125
31.png,0,0,0,0.017879735678434372,2200.501953125,2301.862548828125,2226.3955078125,2335.204345703125
31.png,0,0,0,0.017725752666592598,947.1717529296875,2325.54443359375,968.0388793945312,2341.830322265625
31.png,0,0,0,0.017560331150889397,1676.886962890625,2392.361083984375,1696.096923828125,2413.889892578125
31.png,0,0,0,0.017558628693223,934.1051635742188,2196.1318359375,953.2042236328125,2220.546142578125
31.png,0,0,0,0.01752433553338051,1564.6558837890625,2561.13525390625,1582.4183349609375,2578.776611328125
31.png,0,0,0,0.01750962994992733,2851.513427734375,1814.8929443359375,2881.295166015625,1834.658203125
31.png,0,0,0,0.017355013638734818,1407.5272216796875,2524.27783203125,1427.87939453125,2541.446044921875
31.png,0,0,0,0.017208872362971306,1811.1751708984375,2368.40576171875,1837.134033203125,2381.84423828125
31.png,0,0,0,0.017186693847179413,1018.959716796875,2212.7607421875,1036.458984375,2228.05224609375
31.png,0,0,0,0.017095090821385384,1601.000732421875,889.2442016601562,1619.8756103515625,905.3530883789062
31.png,0,0,0,0.01702542044222355,2914.742431640625,2455.79541015625,2935.36865234375,2489.7724609375
31.png,0,0,0,0.01696251519024372,795.6884155273438,123.08502197265625,831.5372924804688,139.0677032470703
31.png,0,0,0,0.01695939153432846,2561.037353515625,2174.336669921875,2587.318359375,2190.523193359375
31.png,0,0,0,0.01690906286239624,2610.50048828125,1621.79296875,2648.533935546875,1647.48974609375
31.png,0,0,0,0.016855712980031967,1333.4429931640625,229.41549682617188,1349.3299560546875,248.1287841796875
31.png,0,0,0,0.016829442232847214,1911.926513671875,1433.6748046875,1930.31396484375,1450.255859375
31.png,0,0,0,0.016814546659588814,962.282958984375,2176.458251953125,986.2543334960938,2189.025146484375
31.png,0,0,0,0.01680203154683113,714.1045532226562,814.6788940429688,754.1660766601562,835.6859130859375
31.png,0,0,0,0.01675795204937458,2492.760009765625,1365.2926025390625,2514.07080078125,1382.7718505859375
31.png,0,0,0,0.01669119857251644,1048.554931640625,596.147216796875,1077.5963134765625,633.5746459960938
31.png,0,0,0,0.016684258356690407,1589.4910888671875,2410.3193359375,1606.0643310546875,2424.224609375
31.png,0,0,0,0.01665147952735424,1125.7220458984375,1160.4940185546875,1141.3614501953125,1177.95263671875
31.png,0,0,0,0.016600992530584335,508.3682861328125,1859.2095947265625,523.1915283203125,1878.4166259765625
31.png,0,0,0,0.01657877303659916,740.23486328125,171.43460083007812,769.15673828125,207.93185424804688
31.png,0,0,0,0.016517529264092445,290.05328369140625,1986.7589111328125,325.283447265625,1999.1484375
31.png,0,0,0,0.016501743346452713,2641.69677734375,1645.6304931640625,2664.5537109375,1678.447265625
31.png,0,0,0,0.016358494758605957,1167.901611328125,1249.4796142578125,1179.64306640625,1266.5
31.png,0,0,0,0.01631055399775505,277.9193420410156,169.12539672851562,306.7991027832031,192.81080627441406
31.png,0,0,0,0.016289565712213516,1759.6324462890625,1673.807861328125,1793.1839599609375,1685.747802734375
31.png,0,0,0,0.016212185844779015,2706.32568359375,2792.501220703125,2726.59814453125,2807.2568359375
31.png,0,0,0,0.016187842935323715,1376.3338623046875,158.60646057128906,1411.7213134765625,178.51904296875
31.png,0,0,0,0.01613995060324669,340.7115783691406,207.17369079589844,367.4271240234375,220.5635528564453
31.png,0,0,0,0.016124481335282326,3026.353759765625,1572.8031005859375,3046.31103515625,1602.138916015625
31.png,0,0,0,0.016087869182229042,1367.7376708984375,826.5941772460938,1411.65576171875,855.052001953125
31.png,0,0,0,0.01598491705954075,2797.736083984375,2236.489013671875,2821.260009765625,2261.333251953125
31.png,0,0,0,0.015969466418027878,2378.3935546875,2756.1337890625,2407.427734375,2769.587646484375
31.png,0,0,0,0.015946516767144203,1329.7396240234375,2257.619140625,1349.9495849609375,2278.92236328125
31.png,0,0,0,0.015943748876452446,1131.689697265625,1870.88134765625,1151.8719482421875,1892.8291015625
31.png,0,0,0,0.01591428369283676,727.0324096679688,169.19667053222656,756.6928100585938,202.38136291503906
31.png,0,0,0,0.01590445078909397,675.4786987304688,2179.298095703125,699.48193359375,2195.907958984375
31.png,0,0,0,0.015863172709941864,2036.8011474609375,2798.928955078125,2070.006591796875,2815.654541015625
31.png,0,0,0,0.01573830656707287,3022.80908203125,243.78411865234375,3044.30419921875,258.3486633300781
31.png,0,0,0,0.0156876053661108,2763.724609375,2664.763916015625,2780.274169921875,2683.8369140625
31.png,0,0,0,0.01563914865255356,2275.370361328125,2844.063232421875,2301.80126953125,2876.98095703125
31.png,0,0,0,0.015583692118525505,1600.279052734375,783.3374633789062,1618.0863037109375,797.3338012695312
31.png,0,0,0,0.01557073462754488,725.0035400390625,787.9097900390625,754.4464721679688,812.2942504882812
31.png,0,0,0,0.01554014626890421,2924.11865234375,400.7154235839844,2959.10302734375,415.8709411621094
31.png,0,0,0,0.015491759404540062,2025.251953125,2196.625,2046.00341796875,2219.652587890625
31.png,0,0,0,0.015483332797884941,2288.886474609375,942.1331787109375,2304.286376953125,961.8038330078125
31.png,0,0,0,0.015467960387468338,2811.32421875,2643.93798828125,2842.616455078125,2654.482666015625
31.png,0,0,0,0.015445609577000141,632.999755859375,903.9638061523438,645.8890380859375,926.6887817382812
31.png,0,0,0,0.015413910150527954,1786.3428955078125,863.821533203125,1809.3948974609375,881.50390625
31.png,0,0,0,0.015402060933411121,1372.9151611328125,11.15376091003418,1405.091796875,21.026844024658203
31.png,0,0,0,0.015280473046004772,1349.6904296875,1676.990234375,1373.2420654296875,1690.1988525390625
31.png,0,0,0,0.01525920070707798,2879.5029296875,2745.046142578125,2896.835205078125,2761.775390625
31.png,0,0,0,0.01525483001023531,1947.3153076171875,1517.7169189453125,1963.2584228515625,1533.158935546875
31.png,0,0,0,0.015208841301500797,2587.571533203125,1252.0672607421875,2610.7578125,1283.5438232421875
31.png,0,0,0,0.015197575092315674,2779.829833984375,130.0490264892578,2811.86767578125,164.14109802246094
31.png,0,0,0,0.01515117846429348,2594.362060546875,1444.926025390625,2625.24853515625,1472.2528076171875
31.png,0,0,0,0.015120371244847775,1972.1458740234375,2373.628173828125,1997.4215087890625,2402.00830078125
31.png,0,0,0,0.015059368684887886,1445.2987060546875,1163.3377685546875,1464.91650390625,1180.700927734375
31.png,0,0,0,0.015037190169095993,2870.577880859375,1092.743896484375,2893.29345703125,1107.1171875
31.png,0,0,0,0.015024102292954922,2185.12841796875,2295.911376953125,2223.26904296875,2313.505126953125
31.png,0,0,0,0.014938936568796635,1101.821044921875,1282.729248046875,1119.55322265625,1300.044921875
31.png,0,0,0,0.014925322495400906,1980.334228515625,2378.99658203125,2004.603515625,2412.50146484375
31.png,0,0,0,0.014895416796207428,2206.689697265625,2825.389892578125,2224.226806640625,2843.821044921875
31.png,0,0,0,0.01489028986543417,2962.005126953125,351.85089111328125,2998.857666015625,371.6827697753906
31.png,0,0,0,0.014876718632876873,423.95355224609375,362.14215087890625,448.3008728027344,376.14056396484375
31.png,0,0,0,0.014857681468129158,1037.981689453125,35.91368865966797,1065.3853759765625,60.0984001159668
31.png,0,0,0,0.014825699850916862,1579.40185546875,2440.047119140625,1605.501708984375,2457.16162109375
31.png,0,0,0,0.014790019951760769,2431.652587890625,2257.202392578125,2456.0068359375,2279.8740234375
31.png,0,0,0,0.014707772992551327,1332.197509765625,2260.646484375,1348.62158203125,2296.350830078125
31.png,0,0,0,0.014676461927592754,1374.9835205078125,13.800691604614258,1411.6417236328125,22.382801055908203
31.png,0,0,0,0.01467007864266634,2791.21533203125,87.82870483398438,2817.17529296875,104.44041442871094
31.png,0,0,0,0.014664909802377224,2668.1015625,2216.875244140625,2688.090087890625,2227.2255859375
31.png,0,0,0,0.014594335108995438,2221.534423828125,2696.223388671875,2239.826416015625,2723.363037109375
31.png,0,0,0,0.014507893472909927,2269.40087890625,2084.602783203125,2303.184326171875,2104.793212890625
31.png,0,0,0,0.014497371390461922,1914.00390625,2476.05810546875,1934.5294189453125,2491.803955078125
31.png,0,0,0,0.014479308389127254,1134.572509765625,1878.037841796875,1153.79931640625,1909.721435546875
31.png,0,0,0,0.014406520873308182,1406.9473876953125,115.68106842041016,1422.0775146484375,137.36122131347656
31.png,0,0,0,0.014354938641190529,1182.1080322265625,1793.5408935546875,1218.5748291015625,1813.4498291015625
31.png,0,0,0,0.014351659454405308,2030.4093017578125,2797.495849609375,2066.834716796875,2811.146728515625
31.png,0,0,0,0.014344215393066406,2870.20556640625,477.6524963378906,2890.027099609375,490.6162414550781
31.png,0,0,0,0.014337752014398575,699.5486450195312,362.0389099121094,717.57666015625,380.0599060058594
31.png,0,0,0,0.014275155030190945,2767.4140625,1561.445556640625,2804.132080078125,1587.4969482421875
31.png,0,0,0,0.014274337328970432,1603.69140625,1329.404296875,1627.23779296875,1347.416015625
31.png,0,0,0,0.01423867978155613,18.165687561035156,2863.37744140625,36.989044189453125,2884.492431640625
31.png,0,0,0,0.014237280935049057,1768.122802734375,1670.6822509765625,1808.3353271484375,1690.5738525390625
31.png,0,0,0,0.014218982309103012,1638.96826171875,1126.81005859375,1658.973876953125,1150.906494140625
31.png,0,0,0,0.01420600339770317,1429.5758056640625,2489.02392578125,1458.4150390625,2527.89013671875
31.png,0,0,0,0.014191726222634315,2006.7744140625,1664.9700927734375,2030.490966796875,1684.623291015625
31.png,0,0,0,0.014041825197637081,891.782958984375,129.6090850830078,910.890625,147.66160583496094
31.png,0,0,0,0.014000426977872849,1368.7796630859375,1153.115478515625,1388.0050048828125,1175.5181884765625
31.png,0,0,0,0.013993391767144203,2639.1748046875,2760.139404296875,2660.219482421875,2792.71728515625
31.png,0,0,0,0.013989504426717758,1598.8736572265625,1329.436279296875,1643.7314453125,1352.948974609375
31.png,0,0,0,0.013896314427256584,2730.423828125,2179.546142578125,2777.6865234375,2207.71337890625
31.png,0,0,0,0.013862168416380882,1676.2923583984375,896.4893188476562,1694.8538818359375,909.2447509765625
31.png,0,0,0,0.013802665285766125,1646.54638671875,824.0071411132812,1682.69091796875,850.4005737304688
31.png,0,0,0,0.013770578429102898,1604.530029296875,2102.7783203125,1643.696044921875,2120.7021484375
31.png,0,0,0,0.013716860674321651,1371.003173828125,167.30780029296875,1388.427490234375,183.23019409179688
31.png,0,0,0,0.013657227158546448,2307.713623046875,2032.2054443359375,2342.43994140625,2064.622802734375
31.png,0,0,0,0.013646459206938744,1505.668212890625,2056.658203125,1527.9552001953125,2075.10791015625
31.png,0,0,0,0.013555859215557575,2066.903564453125,1559.7603759765625,2107.80224609375,1571.9862060546875
31.png,0,0,0,0.013555388897657394,1094.1796875,100.44587707519531,1115.7889404296875,130.64515686035156
31.png,0,0,0,0.01350751705467701,862.522216796875,470.0224304199219,886.1961669921875,487.738525390625
31.png,0,0,0,0.013490253128111362,1361.8272705078125,1338.8634033203125,1383.4122314453125,1368.830322265625
31.png,0,0,0,0.013407910242676735,1720.892578125,1986.8670654296875,1761.062744140625,2014.0107421875
31.png,0,0,0,0.013337322510778904,2060.078369140625,2706.8681640625,2086.8916015625,2730.576171875
31.png,0,0,0,0.013224855996668339,1903.7919921875,1096.4854736328125,1926.2657470703125,1112.6754150390625
31.png,0,0,0,0.013219145126640797,2956.531005859375,2412.010986328125,2997.323974609375,2427.325439453125
31.png,0,0,0,0.013212665915489197,722.5701293945312,858.8920288085938,754.2919921875,876.3270874023438
31.png,0,0,0,0.013088771142065525,2631.35986328125,1638.6978759765625,2662.380859375,1669.544189453125
31.png,0,0,0,0.013076314702630043,2980.73095703125,2748.25244140625,3013.69921875,2771.4453125
31.png,0,0,0,0.013060424476861954,1525.7650146484375,474.8623962402344,1542.9290771484375,499.6672058105469
31.png,0,0,0,0.01302037388086319,1676.0633544921875,2486.555419921875,1695.41796875,2503.271484375
31.png,0,0,0,0.012986951507627964,2986.607666015625,475.9154968261719,3010.366455078125,488.1216735839844
31.png,0,0,0,0.012932433746755123,1785.23388671875,881.4230346679688,1811.704833984375,906.0499267578125
31.png,0,0,0,0.012927941977977753,2494.458740234375,2643.927490234375,2525.260009765625,2654.029296875
31.png,0,0,0,0.012927432544529438,1140.76611328125,643.3067626953125,1179.680419921875,672.4180297851562
31.png,0,0,0,0.012821986339986324,2529.91650390625,2098.952392578125,2547.07421875,2113.65966796875
31.png,0,0,0,0.012802211567759514,2337.716552734375,1924.6456298828125,2360.065673828125,1958.2935791015625
31.png,0,0,0,0.012761591002345085,2429.365478515625,2450.985107421875,2461.267578125,2480.09326171875
31.png,0,0,0,0.01274830847978592,2830.0712890625,541.1743774414062,2851.13427734375,562.6692504882812
31.png,0,0,0,0.01272849552333355,2649.795654296875,1909.56982421875,2691.440185546875,1943.36376953125
31.png,0,0,0,0.01272368524223566,1045.19580078125,593.558837890625,1102.5078125,620.7535400390625
31.png,0,0,0,0.012722372077405453,2715.796875,1213.0091552734375,2738.6162109375,1225.6494140625
31.png,0,0,0,0.012720330618321896,1378.7847900390625,516.8548583984375,1411.7188720703125,533.6215209960938
31.png,0,0,0,0.012653286568820477,1666.5228271484375,2373.6142578125,1695.072021484375,2396.904052734375
31.png,0,0,0,0.012649896554648876,1343.446044921875,1290.4462890625,1374.6494140625,1307.351806640625
31.png,0,0,0,0.012620456516742706,3006.06787109375,302.4896545410156,3036.066162109375,326.8074951171875
31.png,0,0,0,0.012614918872714043,2157.43994140625,2683.0185546875,2185.68896484375,2722.1796875
31.png,0,0,0,0.01257285475730896,1851.9317626953125,1713.837890625,1889.55517578125,1755.0050048828125
31.png,0,0,0,0.01257130317389965,2635.04638671875,1638.656005859375,2687.93310546875,1673.9034423828125
31.png,0,0,0,0.012524540536105633,2884.26171875,2063.908935546875,2920.079345703125,2083.8837890625
31.png,0,0,0,0.012491511180996895,1962.68994140625,1097.13330078125,1991.7935791015625,1115.524658203125
31.png,0,0,0,0.012442478910088539,1338.6173095703125,2043.12890625,1373.200927734375,2074.8720703125
31.png,0,0,0,0.012440089136362076,1836.8031005859375,2639.431884765625,1864.3602294921875,2656.666015625
31.png,0,0,0,0.012416725978255272,1410.8304443359375,1736.1060791015625,1427.702392578125,1756.17236328125
31.png,0,0,0,0.01238540094345808,2304.205322265625,2334.76513671875,2340.05419921875,2368.21435546875
31.png,0,0,0,0.012289215810596943,2840.42236328125,14.141820907592773,2860.7099609375,25.87059783935547
31.png,0,0,0,0.012273118831217289,2511.4677734375,2132.3251953125,2548.168212890625,2158.9853515625
31.png,0,0,0,0.012240842916071415,2338.504150390625,1909.5693359375,2375.052734375,1957.768798828125
31.png,0,0,0,0.012215541675686836,898.5599365234375,2019.9681396484375,914.3544311523438,2034.89208984375
31.png,0,0,0,0.012212364934384823,1559.82177734375,439.8603210449219,1579.267333984375,465.79095458984375
31.png,0,0,0,0.012186753563582897,1122.725341796875,6.888619899749756,1141.0057373046875,22.854944229125977
31.png,0,0,0,0.012074272148311138,1758.4566650390625,1560.2127685546875,1782.6202392578125,1600.2586669921875
31.png,0,0,0,0.012071576900780201,3003.24365234375,1290.18115234375,3035.9912109375,1301.2054443359375
31.png,0,0,0,0.012066448107361794,780.2178955078125,2111.419921875,793.7413940429688,2141.78125
31.png,0,0,0,0.01203175075352192,281.4287414550781,1989.6014404296875,302.88751220703125,2025.76416015625
31.png,0,0,0,0.012024049647152424,1677.3870849609375,2605.640625,1703.6356201171875,2635.613525390625
31.png,0,0,0,0.012009619735181332,1102.028076171875,1364.1981201171875,1136.8875732421875,1378.0833740234375
31.png,0,0,0,0.012009365484118462,1674.1259765625,274.7094421386719,1688.3870849609375,295.0772399902344
31.png,0,0,0,0.011985269375145435,2917.643798828125,35.795352935791016,2937.8623046875,61.36000061035156
31.png,0,0,0,0.011923479847609997,92.28842163085938,2283.51513671875,108.55305480957031,2310.552001953125
31.png,0,0,0,0.011913253925740719,444.3266296386719,1618.15283203125,462.3224792480469,1642.0765380859375
31.png,0,0,0,0.01190167386084795,2693.598876953125,2605.458984375,2734.298095703125,2618.782958984375
31.png,0,0,0,0.011863104067742825,2685.62451171875,53.097469329833984,2704.4970703125,77.09417724609375
31.png,0,0,0,0.011861578561365604,348.3587646484375,903.955810546875,377.2235412597656,923.1425170898438
31.png,0,0,0,0.011834136210381985,2271.39599609375,2837.7529296875,2301.72607421875,2872.040283203125
31.png,0,0,0,0.011825378984212875,2070.482666015625,2235.611083984375,2108.197998046875,2264.111572265625
31.png,0,0,0,0.011824865825474262,1825.18408203125,1367.80029296875,1843.2086181640625,1381.072998046875
31.png,0,0,0,0.011807193979620934,2911.59912109375,438.52294921875,2933.7255859375,454.413330078125
31.png,0,0,0,0.01180124282836914,2149.697021484375,1870.891845703125,2192.574951171875,1909.57275390625
31.png,0,0,0,0.011760156601667404,2407.593994140625,2294.87646484375,2429.793701171875,2314.382080078125
31.png,0,0,0,0.011716351844370365,2415.73974609375,502.70361328125,2436.60302734375,522.80322265625
31.png,0,0,0,0.011710738763213158,826.7872924804688,183.51785278320312,846.0828857421875,208.34756469726562
31.png,0,0,0,0.011697093024849892,715.470947265625,903.8652954101562,746.5491943359375,914.8344116210938
31.png,0,0,0,0.011681916192173958,1167.4072265625,1259.3076171875,1179.6968994140625,1290.9508056640625
31.png,0,0,0,0.011677788570523262,824.9969482421875,326.7666015625,846.2916259765625,362.86846923828125
31.png,0,0,0,0.011640534736216068,1844.785400390625,2641.349609375,1876.8101806640625,2659.24267578125
31.png,0,0,0,0.0116374297067523,2658.879638671875,2253.090087890625,2688.387451171875,2273.014892578125
31.png,0,0,0,0.011582252569496632,825.1408081054688,2173.427490234375,846.6910400390625,2191.067626953125
31.png,0,0,0,0.011560758575797081,2807.303955078125,2218.713623046875,2843.044677734375,2235.419189453125
31.png,0,0,0,0.011542889289557934,864.3421630859375,243.68728637695312,883.9749755859375,258.8852233886719
31.png,0,0,0,0.011540430597960949,2199.212646484375,2102.34619140625,2223.9501953125,2115.494384765625
31.png,0,0,0,0.011529698967933655,3007.849853515625,285.0223388671875,3037.08984375,322.9957275390625
31.png,0,0,0,0.011517270468175411,3017.788818359375,437.196044921875,3039.388427734375,449.5830993652344
31.png,0,0,0,0.011477834545075893,2846.63720703125,10.775771141052246,2881.3134765625,23.901473999023438
31.png,0,0,0,0.011467460542917252,1054.3240966796875,1396.219482421875,1071.134033203125,1415.8385009765625
31.png,0,0,0,0.011460237205028534,1564.570068359375,1058.7127685546875,1605.236083984375,1096.3253173828125
31.png,0,0,0,0.01145236287266016,1120.349609375,1368.1036376953125,1149.2349853515625,1388.194091796875
31.png,0,0,0,0.011419055052101612,2530.8974609375,2432.33544921875,2548.0732421875,2456.031005859375
31.png,0,0,0,0.011404024437069893,1641.6395263671875,829.4230346679688,1659.4483642578125,865.4241333007812
31.png,0,0,0,0.011401810683310032,2908.207763671875,2450.9404296875,2930.29248046875,2487.75830078125
31.png,0,0,0,0.011400489136576653,417.9941711425781,942.3885498046875,444.955322265625,958.07373046875
31.png,0,0,0,0.011384661309421062,907.7157592773438,1329.44970703125,947.626220703125,1358.6026611328125
31.png,0,0,0,0.011334247887134552,918.53759765625,815.5706176757812,948.161865234375,844.4564819335938
31.png,0,0,0,0.011329274624586105,714.1038208007812,850.8814086914062,729.6705322265625,869.062255859375
31.png,0,0,0,0.011314510367810726,1463.967041015625,1018.857666015625,1489.032958984375,1030.94677734375
31.png,0,0,0,0.011281764134764671,1560.903564453125,1285.8968505859375,1580.4210205078125,1304.1732177734375
31.png,0,0,0,0.011274969205260277,899.1216430664062,1654.98974609375,911.4815673828125,1677.98486328125
31.png,0,0,0,0.01126837357878685,1184.470458984375,711.792724609375,1221.45263671875,749.3876342773438
31.png,0,0,0,0.011261225678026676,2981.24658203125,2527.04443359375,3040.841796875,2567.08203125
31.png,0,0,0,0.01126028597354889,1708.7060546875,2406.2294921875,1737.7984619140625,2424.322265625
31.png,0,0,0,0.011254998855292797,1851.5489501953125,2284.784423828125,1875.980712890625,2305.258544921875
31.png,0,0,0,0.011172503232955933,1328.6517333984375,1296.3271484375,1348.242919921875,1329.5767822265625
31.png,0,0,0,0.011155989952385426,545.565673828125,928.2588500976562,576.0022583007812,948.5308227539062
31.png,0,0,0,0.01114834938198328,560.079345703125,285.20501708984375,581.9908447265625,315.5064697265625
31.png,0,0,0,0.01112061832100153,1145.69580078125,787.9629516601562,1182.891357421875,825.2706298828125
31.png,0,0,0,0.011117713525891304,1798.3414306640625,1792.7554931640625,1834.6329345703125,1802.980712890625
31.png,0,0,0,0.011117356829345226,528.5398559570312,2042.8065185546875,561.1559448242188,2069.10107421875
31.png,0,0,0,0.011068694293498993,870.1213989257812,123.3770523071289,898.5245361328125,142.16944885253906
31.png,0,0,0,0.011056867428123951,1595.2037353515625,1475.8377685546875,1615.92333984375,1496.303955078125
31.png,0,0,0,0.011055021546781063,1297.640380859375,284.67169189453125,1335.10205078125,309.0412292480469
31.png,0,0,0,0.011036254465579987,276.8457946777344,718.7310180664062,302.28265380859375,750.4571533203125
31.png,0,0,0,0.010983714833855629,2638.55419921875,2771.709716796875,2663.431396484375,2800.98095703125
31.png,0,0,0,0.010969654656946659,1718.780517578125,1986.9254150390625,1763.1904296875,2025.073974609375
31.png,0,0,0,0.010957865975797176,1369.47705078125,1132.521484375,1388.0213623046875,1148.2818603515625
31.png,0,0,0,0.010954729281365871,2182.63330078125,2463.536865234375,2202.082763671875,2490.55322265625
31.png,0,0,0,0.010881121270358562,1987.2225341796875,2907.052734375,2010.9559326171875,2926.2568359375
31.png,0,0,0,0.010877411812543869,1991.2332763671875,1552.260009765625,2012.4359130859375,1568.625
31.png,0,0,0,0.010860074311494827,2725.296630859375,2177.612548828125,2779.37451171875,2200.548583984375
31.png,0,0,0,0.010811756365001202,568.7066650390625,1426.8641357421875,599.7596435546875,1457.2205810546875
31.png,0,0,0,0.010780345648527145,789.7134399414062,749.2570190429688,824.6402587890625,784.365234375
31.png,0,0,0,0.010771837085485458,606.0153198242188,2102.875,642.0074462890625,2122.677978515625
31.png,0,0,0,0.010755274444818497,1134.462890625,1674.20068359375,1148.769775390625,1690.053955078125
31.png,0,0,0,0.01073948759585619,1842.049072265625,1715.1058349609375,1886.35302734375,1745.425537109375
31.png,0,0,0,0.010731101967394352,1875.6341552734375,1632.66748046875,1899.0601806640625,1652.781005859375
31.png,0,0,0,0.010675400495529175,2790.4375,139.79835510253906,2819.539306640625,170.49725341796875
31.png,0,0,0,0.01067289337515831,1364.3963623046875,588.8093872070312,1380.6905517578125,606.4952392578125
31.png,0,0,0,0.010657900013029575,1832.942138671875,2470.42626953125,1849.4603271484375,2491.51171875
31.png,0,0,0,0.010653088800609112,1855.857177734375,1020.0260620117188,1890.9246826171875,1038.7568359375
31.png,0,0,0,0.010648778639733791,321.18804931640625,707.97509765625,347.4903259277344,721.9931030273438
31.png,0,0,0,0.010646632872521877,1098.4857177734375,1590.3585205078125,1121.9786376953125,1617.9951171875
31.png,0,0,0,0.010624456219375134,837.8652954101562,168.5210723876953,870.4697265625,192.4642791748047
